ARM GAS  C:\Users\subdia\AppData\Local\Temp\cccoGacS.s 			page 1


   1              		.cpu cortex-m3
   2              		.arch armv7-m
   3              		.fpu softvfp
   4              		.eabi_attribute 20, 1
   5              		.eabi_attribute 21, 1
   6              		.eabi_attribute 23, 3
   7              		.eabi_attribute 24, 1
   8              		.eabi_attribute 25, 1
   9              		.eabi_attribute 26, 1
  10              		.eabi_attribute 30, 1
  11              		.eabi_attribute 34, 1
  12              		.eabi_attribute 18, 4
  13              		.file	"cmsis_os.c"
  14              		.text
  15              	.Ltext0:
  16              		.cfi_sections	.debug_frame
  17              		.file 1 "Middlewares/Third_Party/FreeRTOS/Source/CMSIS_RTOS/cmsis_os.c"
  18              		.section	.text.makeFreeRtosPriority,"ax",%progbits
  19              		.align	1
  20              		.syntax unified
  21              		.thumb
  22              		.thumb_func
  24              	makeFreeRtosPriority:
  25              	.LVL0:
  26              	.LFB49:
   1:Middlewares/Third_Party/FreeRTOS/Source/CMSIS_RTOS/cmsis_os.c **** /* ----------------------------------------------------------------------
   2:Middlewares/Third_Party/FreeRTOS/Source/CMSIS_RTOS/cmsis_os.c ****  * $Date:        5. February 2013
   3:Middlewares/Third_Party/FreeRTOS/Source/CMSIS_RTOS/cmsis_os.c ****  * $Revision:    V1.02
   4:Middlewares/Third_Party/FreeRTOS/Source/CMSIS_RTOS/cmsis_os.c ****  *
   5:Middlewares/Third_Party/FreeRTOS/Source/CMSIS_RTOS/cmsis_os.c ****  * Project:      CMSIS-RTOS API
   6:Middlewares/Third_Party/FreeRTOS/Source/CMSIS_RTOS/cmsis_os.c ****  * Title:        cmsis_os.c
   7:Middlewares/Third_Party/FreeRTOS/Source/CMSIS_RTOS/cmsis_os.c ****  *
   8:Middlewares/Third_Party/FreeRTOS/Source/CMSIS_RTOS/cmsis_os.c ****  * Version 0.02
   9:Middlewares/Third_Party/FreeRTOS/Source/CMSIS_RTOS/cmsis_os.c ****  *    Initial Proposal Phase
  10:Middlewares/Third_Party/FreeRTOS/Source/CMSIS_RTOS/cmsis_os.c ****  * Version 0.03
  11:Middlewares/Third_Party/FreeRTOS/Source/CMSIS_RTOS/cmsis_os.c ****  *    osKernelStart added, optional feature: main started as thread
  12:Middlewares/Third_Party/FreeRTOS/Source/CMSIS_RTOS/cmsis_os.c ****  *    osSemaphores have standard behavior
  13:Middlewares/Third_Party/FreeRTOS/Source/CMSIS_RTOS/cmsis_os.c ****  *    osTimerCreate does not start the timer, added osTimerStart
  14:Middlewares/Third_Party/FreeRTOS/Source/CMSIS_RTOS/cmsis_os.c ****  *    osThreadPass is renamed to osThreadYield
  15:Middlewares/Third_Party/FreeRTOS/Source/CMSIS_RTOS/cmsis_os.c ****  * Version 1.01
  16:Middlewares/Third_Party/FreeRTOS/Source/CMSIS_RTOS/cmsis_os.c ****  *    Support for C++ interface
  17:Middlewares/Third_Party/FreeRTOS/Source/CMSIS_RTOS/cmsis_os.c ****  *     - const attribute removed from the osXxxxDef_t typedef's
  18:Middlewares/Third_Party/FreeRTOS/Source/CMSIS_RTOS/cmsis_os.c ****  *     - const attribute added to the osXxxxDef macros
  19:Middlewares/Third_Party/FreeRTOS/Source/CMSIS_RTOS/cmsis_os.c ****  *    Added: osTimerDelete, osMutexDelete, osSemaphoreDelete
  20:Middlewares/Third_Party/FreeRTOS/Source/CMSIS_RTOS/cmsis_os.c ****  *    Added: osKernelInitialize
  21:Middlewares/Third_Party/FreeRTOS/Source/CMSIS_RTOS/cmsis_os.c ****  * Version 1.02
  22:Middlewares/Third_Party/FreeRTOS/Source/CMSIS_RTOS/cmsis_os.c ****  *    Control functions for short timeouts in microsecond resolution:
  23:Middlewares/Third_Party/FreeRTOS/Source/CMSIS_RTOS/cmsis_os.c ****  *    Added: osKernelSysTick, osKernelSysTickFrequency, osKernelSysTickMicroSec
  24:Middlewares/Third_Party/FreeRTOS/Source/CMSIS_RTOS/cmsis_os.c ****  *    Removed: osSignalGet 
  25:Middlewares/Third_Party/FreeRTOS/Source/CMSIS_RTOS/cmsis_os.c ****  *    
  26:Middlewares/Third_Party/FreeRTOS/Source/CMSIS_RTOS/cmsis_os.c ****  *  
  27:Middlewares/Third_Party/FreeRTOS/Source/CMSIS_RTOS/cmsis_os.c ****  *----------------------------------------------------------------------------
  28:Middlewares/Third_Party/FreeRTOS/Source/CMSIS_RTOS/cmsis_os.c ****  *
  29:Middlewares/Third_Party/FreeRTOS/Source/CMSIS_RTOS/cmsis_os.c ****  * Portions Copyright © 2016 STMicroelectronics International N.V. All rights reserved.
  30:Middlewares/Third_Party/FreeRTOS/Source/CMSIS_RTOS/cmsis_os.c ****  * Portions Copyright (c) 2013 ARM LIMITED
  31:Middlewares/Third_Party/FreeRTOS/Source/CMSIS_RTOS/cmsis_os.c ****  * All rights reserved.
  32:Middlewares/Third_Party/FreeRTOS/Source/CMSIS_RTOS/cmsis_os.c ****  * Redistribution and use in source and binary forms, with or without
ARM GAS  C:\Users\subdia\AppData\Local\Temp\cccoGacS.s 			page 2


  33:Middlewares/Third_Party/FreeRTOS/Source/CMSIS_RTOS/cmsis_os.c ****  * modification, are permitted provided that the following conditions are met:
  34:Middlewares/Third_Party/FreeRTOS/Source/CMSIS_RTOS/cmsis_os.c ****  *  - Redistributions of source code must retain the above copyright
  35:Middlewares/Third_Party/FreeRTOS/Source/CMSIS_RTOS/cmsis_os.c ****  *    notice, this list of conditions and the following disclaimer.
  36:Middlewares/Third_Party/FreeRTOS/Source/CMSIS_RTOS/cmsis_os.c ****  *  - Redistributions in binary form must reproduce the above copyright
  37:Middlewares/Third_Party/FreeRTOS/Source/CMSIS_RTOS/cmsis_os.c ****  *    notice, this list of conditions and the following disclaimer in the
  38:Middlewares/Third_Party/FreeRTOS/Source/CMSIS_RTOS/cmsis_os.c ****  *    documentation and/or other materials provided with the distribution.
  39:Middlewares/Third_Party/FreeRTOS/Source/CMSIS_RTOS/cmsis_os.c ****  *  - Neither the name of ARM  nor the names of its contributors may be used
  40:Middlewares/Third_Party/FreeRTOS/Source/CMSIS_RTOS/cmsis_os.c ****  *    to endorse or promote products derived from this software without
  41:Middlewares/Third_Party/FreeRTOS/Source/CMSIS_RTOS/cmsis_os.c ****  *    specific prior written permission.
  42:Middlewares/Third_Party/FreeRTOS/Source/CMSIS_RTOS/cmsis_os.c ****  *
  43:Middlewares/Third_Party/FreeRTOS/Source/CMSIS_RTOS/cmsis_os.c ****  * THIS SOFTWARE IS PROVIDED BY THE COPYRIGHT HOLDERS AND CONTRIBUTORS "AS IS"
  44:Middlewares/Third_Party/FreeRTOS/Source/CMSIS_RTOS/cmsis_os.c ****  * AND ANY EXPRESS OR IMPLIED WARRANTIES, INCLUDING, BUT NOT LIMITED TO, THE
  45:Middlewares/Third_Party/FreeRTOS/Source/CMSIS_RTOS/cmsis_os.c ****  * IMPLIED WARRANTIES OF MERCHANTABILITY AND FITNESS FOR A PARTICULAR PURPOSE
  46:Middlewares/Third_Party/FreeRTOS/Source/CMSIS_RTOS/cmsis_os.c ****  * ARE DISCLAIMED. IN NO EVENT SHALL COPYRIGHT HOLDERS AND CONTRIBUTORS BE
  47:Middlewares/Third_Party/FreeRTOS/Source/CMSIS_RTOS/cmsis_os.c ****  * LIABLE FOR ANY DIRECT, INDIRECT, INCIDENTAL, SPECIAL, EXEMPLARY, OR
  48:Middlewares/Third_Party/FreeRTOS/Source/CMSIS_RTOS/cmsis_os.c ****  * CONSEQUENTIAL DAMAGES (INCLUDING, BUT NOT LIMITED TO, PROCUREMENT OF
  49:Middlewares/Third_Party/FreeRTOS/Source/CMSIS_RTOS/cmsis_os.c ****  * SUBSTITUTE GOODS OR SERVICES; LOSS OF USE, DATA, OR PROFITS; OR BUSINESS
  50:Middlewares/Third_Party/FreeRTOS/Source/CMSIS_RTOS/cmsis_os.c ****  * INTERRUPTION) HOWEVER CAUSED AND ON ANY THEORY OF LIABILITY, WHETHER IN
  51:Middlewares/Third_Party/FreeRTOS/Source/CMSIS_RTOS/cmsis_os.c ****  * CONTRACT, STRICT LIABILITY, OR TORT (INCLUDING NEGLIGENCE OR OTHERWISE)
  52:Middlewares/Third_Party/FreeRTOS/Source/CMSIS_RTOS/cmsis_os.c ****  * ARISING IN ANY WAY OUT OF THE USE OF THIS SOFTWARE, EVEN IF ADVISED OF THE
  53:Middlewares/Third_Party/FreeRTOS/Source/CMSIS_RTOS/cmsis_os.c ****  * POSSIBILITY OF SUCH DAMAGE.
  54:Middlewares/Third_Party/FreeRTOS/Source/CMSIS_RTOS/cmsis_os.c ****  *---------------------------------------------------------------------------*/
  55:Middlewares/Third_Party/FreeRTOS/Source/CMSIS_RTOS/cmsis_os.c **** 
  56:Middlewares/Third_Party/FreeRTOS/Source/CMSIS_RTOS/cmsis_os.c **** #include <string.h>
  57:Middlewares/Third_Party/FreeRTOS/Source/CMSIS_RTOS/cmsis_os.c **** #include "cmsis_os.h"
  58:Middlewares/Third_Party/FreeRTOS/Source/CMSIS_RTOS/cmsis_os.c **** 
  59:Middlewares/Third_Party/FreeRTOS/Source/CMSIS_RTOS/cmsis_os.c **** /*
  60:Middlewares/Third_Party/FreeRTOS/Source/CMSIS_RTOS/cmsis_os.c ****  * ARM Compiler 4/5
  61:Middlewares/Third_Party/FreeRTOS/Source/CMSIS_RTOS/cmsis_os.c ****  */
  62:Middlewares/Third_Party/FreeRTOS/Source/CMSIS_RTOS/cmsis_os.c **** #if   defined ( __CC_ARM )
  63:Middlewares/Third_Party/FreeRTOS/Source/CMSIS_RTOS/cmsis_os.c **** 
  64:Middlewares/Third_Party/FreeRTOS/Source/CMSIS_RTOS/cmsis_os.c ****   #define __ASM            __asm                                      
  65:Middlewares/Third_Party/FreeRTOS/Source/CMSIS_RTOS/cmsis_os.c ****   #define __INLINE         __inline                                     
  66:Middlewares/Third_Party/FreeRTOS/Source/CMSIS_RTOS/cmsis_os.c ****   #define __STATIC_INLINE  static __inline
  67:Middlewares/Third_Party/FreeRTOS/Source/CMSIS_RTOS/cmsis_os.c **** 
  68:Middlewares/Third_Party/FreeRTOS/Source/CMSIS_RTOS/cmsis_os.c ****   #include "cmsis_armcc.h"
  69:Middlewares/Third_Party/FreeRTOS/Source/CMSIS_RTOS/cmsis_os.c **** 
  70:Middlewares/Third_Party/FreeRTOS/Source/CMSIS_RTOS/cmsis_os.c **** /*
  71:Middlewares/Third_Party/FreeRTOS/Source/CMSIS_RTOS/cmsis_os.c ****  * GNU Compiler
  72:Middlewares/Third_Party/FreeRTOS/Source/CMSIS_RTOS/cmsis_os.c ****  */
  73:Middlewares/Third_Party/FreeRTOS/Source/CMSIS_RTOS/cmsis_os.c **** #elif defined ( __GNUC__ )
  74:Middlewares/Third_Party/FreeRTOS/Source/CMSIS_RTOS/cmsis_os.c **** 
  75:Middlewares/Third_Party/FreeRTOS/Source/CMSIS_RTOS/cmsis_os.c ****   #define __ASM            __asm                                      /*!< asm keyword for GNU Comp
  76:Middlewares/Third_Party/FreeRTOS/Source/CMSIS_RTOS/cmsis_os.c ****   #define __INLINE         inline                                     /*!< inline keyword for GNU C
  77:Middlewares/Third_Party/FreeRTOS/Source/CMSIS_RTOS/cmsis_os.c ****   #define __STATIC_INLINE  static inline
  78:Middlewares/Third_Party/FreeRTOS/Source/CMSIS_RTOS/cmsis_os.c **** 
  79:Middlewares/Third_Party/FreeRTOS/Source/CMSIS_RTOS/cmsis_os.c ****   #include "cmsis_gcc.h"
  80:Middlewares/Third_Party/FreeRTOS/Source/CMSIS_RTOS/cmsis_os.c **** 
  81:Middlewares/Third_Party/FreeRTOS/Source/CMSIS_RTOS/cmsis_os.c **** 
  82:Middlewares/Third_Party/FreeRTOS/Source/CMSIS_RTOS/cmsis_os.c **** /*
  83:Middlewares/Third_Party/FreeRTOS/Source/CMSIS_RTOS/cmsis_os.c ****  * IAR Compiler
  84:Middlewares/Third_Party/FreeRTOS/Source/CMSIS_RTOS/cmsis_os.c ****  */
  85:Middlewares/Third_Party/FreeRTOS/Source/CMSIS_RTOS/cmsis_os.c **** #elif defined ( __ICCARM__ )
  86:Middlewares/Third_Party/FreeRTOS/Source/CMSIS_RTOS/cmsis_os.c **** 
  87:Middlewares/Third_Party/FreeRTOS/Source/CMSIS_RTOS/cmsis_os.c ****   #ifndef   __ASM
  88:Middlewares/Third_Party/FreeRTOS/Source/CMSIS_RTOS/cmsis_os.c ****     #define __ASM                     __asm
  89:Middlewares/Third_Party/FreeRTOS/Source/CMSIS_RTOS/cmsis_os.c ****   #endif
ARM GAS  C:\Users\subdia\AppData\Local\Temp\cccoGacS.s 			page 3


  90:Middlewares/Third_Party/FreeRTOS/Source/CMSIS_RTOS/cmsis_os.c ****   #ifndef   __INLINE
  91:Middlewares/Third_Party/FreeRTOS/Source/CMSIS_RTOS/cmsis_os.c ****     #define __INLINE                  inline
  92:Middlewares/Third_Party/FreeRTOS/Source/CMSIS_RTOS/cmsis_os.c ****   #endif
  93:Middlewares/Third_Party/FreeRTOS/Source/CMSIS_RTOS/cmsis_os.c ****   #ifndef   __STATIC_INLINE
  94:Middlewares/Third_Party/FreeRTOS/Source/CMSIS_RTOS/cmsis_os.c ****     #define __STATIC_INLINE           static inline
  95:Middlewares/Third_Party/FreeRTOS/Source/CMSIS_RTOS/cmsis_os.c ****   #endif
  96:Middlewares/Third_Party/FreeRTOS/Source/CMSIS_RTOS/cmsis_os.c **** 
  97:Middlewares/Third_Party/FreeRTOS/Source/CMSIS_RTOS/cmsis_os.c ****   #include <cmsis_iar.h>
  98:Middlewares/Third_Party/FreeRTOS/Source/CMSIS_RTOS/cmsis_os.c **** #endif
  99:Middlewares/Third_Party/FreeRTOS/Source/CMSIS_RTOS/cmsis_os.c **** 
 100:Middlewares/Third_Party/FreeRTOS/Source/CMSIS_RTOS/cmsis_os.c **** extern void xPortSysTickHandler(void);
 101:Middlewares/Third_Party/FreeRTOS/Source/CMSIS_RTOS/cmsis_os.c **** 
 102:Middlewares/Third_Party/FreeRTOS/Source/CMSIS_RTOS/cmsis_os.c **** /* Convert from CMSIS type osPriority to FreeRTOS priority number */
 103:Middlewares/Third_Party/FreeRTOS/Source/CMSIS_RTOS/cmsis_os.c **** static unsigned portBASE_TYPE makeFreeRtosPriority (osPriority priority)
 104:Middlewares/Third_Party/FreeRTOS/Source/CMSIS_RTOS/cmsis_os.c **** {
  27              		.loc 1 104 1 view -0
  28              		.cfi_startproc
  29              		@ args = 0, pretend = 0, frame = 0
  30              		@ frame_needed = 0, uses_anonymous_args = 0
  31              		@ link register save eliminated.
 105:Middlewares/Third_Party/FreeRTOS/Source/CMSIS_RTOS/cmsis_os.c ****   unsigned portBASE_TYPE fpriority = tskIDLE_PRIORITY;
  32              		.loc 1 105 3 view .LVU1
 106:Middlewares/Third_Party/FreeRTOS/Source/CMSIS_RTOS/cmsis_os.c ****   
 107:Middlewares/Third_Party/FreeRTOS/Source/CMSIS_RTOS/cmsis_os.c ****   if (priority != osPriorityError) {
  33              		.loc 1 107 3 view .LVU2
  34              		.loc 1 107 6 is_stmt 0 view .LVU3
  35 0000 8428     		cmp	r0, #132
  36 0002 01D0     		beq	.L3
 108:Middlewares/Third_Party/FreeRTOS/Source/CMSIS_RTOS/cmsis_os.c ****     fpriority += (priority - osPriorityIdle);
  37              		.loc 1 108 5 is_stmt 1 view .LVU4
  38              		.loc 1 108 15 is_stmt 0 view .LVU5
  39 0004 0330     		adds	r0, r0, #3
  40              	.LVL1:
  41              		.loc 1 108 15 view .LVU6
  42 0006 7047     		bx	lr
  43              	.LVL2:
  44              	.L3:
 105:Middlewares/Third_Party/FreeRTOS/Source/CMSIS_RTOS/cmsis_os.c ****   unsigned portBASE_TYPE fpriority = tskIDLE_PRIORITY;
  45              		.loc 1 105 26 view .LVU7
  46 0008 0020     		movs	r0, #0
  47              	.LVL3:
 109:Middlewares/Third_Party/FreeRTOS/Source/CMSIS_RTOS/cmsis_os.c ****   }
 110:Middlewares/Third_Party/FreeRTOS/Source/CMSIS_RTOS/cmsis_os.c ****   
 111:Middlewares/Third_Party/FreeRTOS/Source/CMSIS_RTOS/cmsis_os.c ****   return fpriority;
  48              		.loc 1 111 3 is_stmt 1 view .LVU8
 112:Middlewares/Third_Party/FreeRTOS/Source/CMSIS_RTOS/cmsis_os.c **** }
  49              		.loc 1 112 1 is_stmt 0 view .LVU9
  50 000a 7047     		bx	lr
  51              		.cfi_endproc
  52              	.LFE49:
  54              		.section	.text.makeCmsisPriority,"ax",%progbits
  55              		.align	1
  56              		.syntax unified
  57              		.thumb
  58              		.thumb_func
  60              	makeCmsisPriority:
  61              	.LVL4:
ARM GAS  C:\Users\subdia\AppData\Local\Temp\cccoGacS.s 			page 4


  62              	.LFB50:
 113:Middlewares/Third_Party/FreeRTOS/Source/CMSIS_RTOS/cmsis_os.c **** 
 114:Middlewares/Third_Party/FreeRTOS/Source/CMSIS_RTOS/cmsis_os.c **** #if (INCLUDE_uxTaskPriorityGet == 1)
 115:Middlewares/Third_Party/FreeRTOS/Source/CMSIS_RTOS/cmsis_os.c **** /* Convert from FreeRTOS priority number to CMSIS type osPriority */
 116:Middlewares/Third_Party/FreeRTOS/Source/CMSIS_RTOS/cmsis_os.c **** static osPriority makeCmsisPriority (unsigned portBASE_TYPE fpriority)
 117:Middlewares/Third_Party/FreeRTOS/Source/CMSIS_RTOS/cmsis_os.c **** {
  63              		.loc 1 117 1 is_stmt 1 view -0
  64              		.cfi_startproc
  65              		@ args = 0, pretend = 0, frame = 0
  66              		@ frame_needed = 0, uses_anonymous_args = 0
  67              		@ link register save eliminated.
 118:Middlewares/Third_Party/FreeRTOS/Source/CMSIS_RTOS/cmsis_os.c ****   osPriority priority = osPriorityError;
  68              		.loc 1 118 3 view .LVU11
 119:Middlewares/Third_Party/FreeRTOS/Source/CMSIS_RTOS/cmsis_os.c ****   
 120:Middlewares/Third_Party/FreeRTOS/Source/CMSIS_RTOS/cmsis_os.c ****   if ((fpriority - tskIDLE_PRIORITY) <= (osPriorityRealtime - osPriorityIdle)) {
  69              		.loc 1 120 3 view .LVU12
  70              		.loc 1 120 6 is_stmt 0 view .LVU13
  71 0000 0628     		cmp	r0, #6
  72 0002 02D8     		bhi	.L6
 121:Middlewares/Third_Party/FreeRTOS/Source/CMSIS_RTOS/cmsis_os.c ****     priority = (osPriority)((int)osPriorityIdle + (int)(fpriority - tskIDLE_PRIORITY));
  73              		.loc 1 121 5 is_stmt 1 view .LVU14
  74              		.loc 1 121 49 is_stmt 0 view .LVU15
  75 0004 0338     		subs	r0, r0, #3
  76              	.LVL5:
  77              		.loc 1 121 14 view .LVU16
  78 0006 00B2     		sxth	r0, r0
  79              	.LVL6:
  80              		.loc 1 121 14 view .LVU17
  81 0008 7047     		bx	lr
  82              	.LVL7:
  83              	.L6:
 118:Middlewares/Third_Party/FreeRTOS/Source/CMSIS_RTOS/cmsis_os.c ****   osPriority priority = osPriorityError;
  84              		.loc 1 118 14 view .LVU18
  85 000a 8420     		movs	r0, #132
  86              	.LVL8:
 122:Middlewares/Third_Party/FreeRTOS/Source/CMSIS_RTOS/cmsis_os.c ****   }
 123:Middlewares/Third_Party/FreeRTOS/Source/CMSIS_RTOS/cmsis_os.c ****   
 124:Middlewares/Third_Party/FreeRTOS/Source/CMSIS_RTOS/cmsis_os.c ****   return priority;
  87              		.loc 1 124 3 is_stmt 1 view .LVU19
 125:Middlewares/Third_Party/FreeRTOS/Source/CMSIS_RTOS/cmsis_os.c **** }
  88              		.loc 1 125 1 is_stmt 0 view .LVU20
  89 000c 7047     		bx	lr
  90              		.cfi_endproc
  91              	.LFE50:
  93              		.section	.text.inHandlerMode,"ax",%progbits
  94              		.align	1
  95              		.syntax unified
  96              		.thumb
  97              		.thumb_func
  99              	inHandlerMode:
 100              	.LFB51:
 126:Middlewares/Third_Party/FreeRTOS/Source/CMSIS_RTOS/cmsis_os.c **** #endif
 127:Middlewares/Third_Party/FreeRTOS/Source/CMSIS_RTOS/cmsis_os.c **** 
 128:Middlewares/Third_Party/FreeRTOS/Source/CMSIS_RTOS/cmsis_os.c **** 
 129:Middlewares/Third_Party/FreeRTOS/Source/CMSIS_RTOS/cmsis_os.c **** /* Determine whether we are in thread mode or handler mode. */
 130:Middlewares/Third_Party/FreeRTOS/Source/CMSIS_RTOS/cmsis_os.c **** static int inHandlerMode (void)
 131:Middlewares/Third_Party/FreeRTOS/Source/CMSIS_RTOS/cmsis_os.c **** {
ARM GAS  C:\Users\subdia\AppData\Local\Temp\cccoGacS.s 			page 5


 101              		.loc 1 131 1 is_stmt 1 view -0
 102              		.cfi_startproc
 103              		@ args = 0, pretend = 0, frame = 0
 104              		@ frame_needed = 0, uses_anonymous_args = 0
 105              		@ link register save eliminated.
 132:Middlewares/Third_Party/FreeRTOS/Source/CMSIS_RTOS/cmsis_os.c ****   return __get_IPSR() != 0;
 106              		.loc 1 132 3 view .LVU22
 107              	.LBB8:
 108              	.LBI8:
 109              		.file 2 "Drivers/CMSIS/Include/cmsis_gcc.h"
   1:Drivers/CMSIS/Include/cmsis_gcc.h **** /**************************************************************************//**
   2:Drivers/CMSIS/Include/cmsis_gcc.h ****  * @file     cmsis_gcc.h
   3:Drivers/CMSIS/Include/cmsis_gcc.h ****  * @brief    CMSIS compiler GCC header file
   4:Drivers/CMSIS/Include/cmsis_gcc.h ****  * @version  V5.0.4
   5:Drivers/CMSIS/Include/cmsis_gcc.h ****  * @date     09. April 2018
   6:Drivers/CMSIS/Include/cmsis_gcc.h ****  ******************************************************************************/
   7:Drivers/CMSIS/Include/cmsis_gcc.h **** /*
   8:Drivers/CMSIS/Include/cmsis_gcc.h ****  * Copyright (c) 2009-2018 Arm Limited. All rights reserved.
   9:Drivers/CMSIS/Include/cmsis_gcc.h ****  *
  10:Drivers/CMSIS/Include/cmsis_gcc.h ****  * SPDX-License-Identifier: Apache-2.0
  11:Drivers/CMSIS/Include/cmsis_gcc.h ****  *
  12:Drivers/CMSIS/Include/cmsis_gcc.h ****  * Licensed under the Apache License, Version 2.0 (the License); you may
  13:Drivers/CMSIS/Include/cmsis_gcc.h ****  * not use this file except in compliance with the License.
  14:Drivers/CMSIS/Include/cmsis_gcc.h ****  * You may obtain a copy of the License at
  15:Drivers/CMSIS/Include/cmsis_gcc.h ****  *
  16:Drivers/CMSIS/Include/cmsis_gcc.h ****  * www.apache.org/licenses/LICENSE-2.0
  17:Drivers/CMSIS/Include/cmsis_gcc.h ****  *
  18:Drivers/CMSIS/Include/cmsis_gcc.h ****  * Unless required by applicable law or agreed to in writing, software
  19:Drivers/CMSIS/Include/cmsis_gcc.h ****  * distributed under the License is distributed on an AS IS BASIS, WITHOUT
  20:Drivers/CMSIS/Include/cmsis_gcc.h ****  * WARRANTIES OR CONDITIONS OF ANY KIND, either express or implied.
  21:Drivers/CMSIS/Include/cmsis_gcc.h ****  * See the License for the specific language governing permissions and
  22:Drivers/CMSIS/Include/cmsis_gcc.h ****  * limitations under the License.
  23:Drivers/CMSIS/Include/cmsis_gcc.h ****  */
  24:Drivers/CMSIS/Include/cmsis_gcc.h **** 
  25:Drivers/CMSIS/Include/cmsis_gcc.h **** #ifndef __CMSIS_GCC_H
  26:Drivers/CMSIS/Include/cmsis_gcc.h **** #define __CMSIS_GCC_H
  27:Drivers/CMSIS/Include/cmsis_gcc.h **** 
  28:Drivers/CMSIS/Include/cmsis_gcc.h **** /* ignore some GCC warnings */
  29:Drivers/CMSIS/Include/cmsis_gcc.h **** #pragma GCC diagnostic push
  30:Drivers/CMSIS/Include/cmsis_gcc.h **** #pragma GCC diagnostic ignored "-Wsign-conversion"
  31:Drivers/CMSIS/Include/cmsis_gcc.h **** #pragma GCC diagnostic ignored "-Wconversion"
  32:Drivers/CMSIS/Include/cmsis_gcc.h **** #pragma GCC diagnostic ignored "-Wunused-parameter"
  33:Drivers/CMSIS/Include/cmsis_gcc.h **** 
  34:Drivers/CMSIS/Include/cmsis_gcc.h **** /* Fallback for __has_builtin */
  35:Drivers/CMSIS/Include/cmsis_gcc.h **** #ifndef __has_builtin
  36:Drivers/CMSIS/Include/cmsis_gcc.h ****   #define __has_builtin(x) (0)
  37:Drivers/CMSIS/Include/cmsis_gcc.h **** #endif
  38:Drivers/CMSIS/Include/cmsis_gcc.h **** 
  39:Drivers/CMSIS/Include/cmsis_gcc.h **** /* CMSIS compiler specific defines */
  40:Drivers/CMSIS/Include/cmsis_gcc.h **** #ifndef   __ASM
  41:Drivers/CMSIS/Include/cmsis_gcc.h ****   #define __ASM                                  __asm
  42:Drivers/CMSIS/Include/cmsis_gcc.h **** #endif
  43:Drivers/CMSIS/Include/cmsis_gcc.h **** #ifndef   __INLINE
  44:Drivers/CMSIS/Include/cmsis_gcc.h ****   #define __INLINE                               inline
  45:Drivers/CMSIS/Include/cmsis_gcc.h **** #endif
  46:Drivers/CMSIS/Include/cmsis_gcc.h **** #ifndef   __STATIC_INLINE
  47:Drivers/CMSIS/Include/cmsis_gcc.h ****   #define __STATIC_INLINE                        static inline
ARM GAS  C:\Users\subdia\AppData\Local\Temp\cccoGacS.s 			page 6


  48:Drivers/CMSIS/Include/cmsis_gcc.h **** #endif
  49:Drivers/CMSIS/Include/cmsis_gcc.h **** #ifndef   __STATIC_FORCEINLINE                 
  50:Drivers/CMSIS/Include/cmsis_gcc.h ****   #define __STATIC_FORCEINLINE                   __attribute__((always_inline)) static inline
  51:Drivers/CMSIS/Include/cmsis_gcc.h **** #endif                                           
  52:Drivers/CMSIS/Include/cmsis_gcc.h **** #ifndef   __NO_RETURN
  53:Drivers/CMSIS/Include/cmsis_gcc.h ****   #define __NO_RETURN                            __attribute__((__noreturn__))
  54:Drivers/CMSIS/Include/cmsis_gcc.h **** #endif
  55:Drivers/CMSIS/Include/cmsis_gcc.h **** #ifndef   __USED
  56:Drivers/CMSIS/Include/cmsis_gcc.h ****   #define __USED                                 __attribute__((used))
  57:Drivers/CMSIS/Include/cmsis_gcc.h **** #endif
  58:Drivers/CMSIS/Include/cmsis_gcc.h **** #ifndef   __WEAK
  59:Drivers/CMSIS/Include/cmsis_gcc.h ****   #define __WEAK                                 __attribute__((weak))
  60:Drivers/CMSIS/Include/cmsis_gcc.h **** #endif
  61:Drivers/CMSIS/Include/cmsis_gcc.h **** #ifndef   __PACKED
  62:Drivers/CMSIS/Include/cmsis_gcc.h ****   #define __PACKED                               __attribute__((packed, aligned(1)))
  63:Drivers/CMSIS/Include/cmsis_gcc.h **** #endif
  64:Drivers/CMSIS/Include/cmsis_gcc.h **** #ifndef   __PACKED_STRUCT
  65:Drivers/CMSIS/Include/cmsis_gcc.h ****   #define __PACKED_STRUCT                        struct __attribute__((packed, aligned(1)))
  66:Drivers/CMSIS/Include/cmsis_gcc.h **** #endif
  67:Drivers/CMSIS/Include/cmsis_gcc.h **** #ifndef   __PACKED_UNION
  68:Drivers/CMSIS/Include/cmsis_gcc.h ****   #define __PACKED_UNION                         union __attribute__((packed, aligned(1)))
  69:Drivers/CMSIS/Include/cmsis_gcc.h **** #endif
  70:Drivers/CMSIS/Include/cmsis_gcc.h **** #ifndef   __UNALIGNED_UINT32        /* deprecated */
  71:Drivers/CMSIS/Include/cmsis_gcc.h ****   #pragma GCC diagnostic push
  72:Drivers/CMSIS/Include/cmsis_gcc.h ****   #pragma GCC diagnostic ignored "-Wpacked"
  73:Drivers/CMSIS/Include/cmsis_gcc.h ****   #pragma GCC diagnostic ignored "-Wattributes"
  74:Drivers/CMSIS/Include/cmsis_gcc.h ****   struct __attribute__((packed)) T_UINT32 { uint32_t v; };
  75:Drivers/CMSIS/Include/cmsis_gcc.h ****   #pragma GCC diagnostic pop
  76:Drivers/CMSIS/Include/cmsis_gcc.h ****   #define __UNALIGNED_UINT32(x)                  (((struct T_UINT32 *)(x))->v)
  77:Drivers/CMSIS/Include/cmsis_gcc.h **** #endif
  78:Drivers/CMSIS/Include/cmsis_gcc.h **** #ifndef   __UNALIGNED_UINT16_WRITE
  79:Drivers/CMSIS/Include/cmsis_gcc.h ****   #pragma GCC diagnostic push
  80:Drivers/CMSIS/Include/cmsis_gcc.h ****   #pragma GCC diagnostic ignored "-Wpacked"
  81:Drivers/CMSIS/Include/cmsis_gcc.h ****   #pragma GCC diagnostic ignored "-Wattributes"
  82:Drivers/CMSIS/Include/cmsis_gcc.h ****   __PACKED_STRUCT T_UINT16_WRITE { uint16_t v; };
  83:Drivers/CMSIS/Include/cmsis_gcc.h ****   #pragma GCC diagnostic pop
  84:Drivers/CMSIS/Include/cmsis_gcc.h ****   #define __UNALIGNED_UINT16_WRITE(addr, val)    (void)((((struct T_UINT16_WRITE *)(void *)(addr))-
  85:Drivers/CMSIS/Include/cmsis_gcc.h **** #endif
  86:Drivers/CMSIS/Include/cmsis_gcc.h **** #ifndef   __UNALIGNED_UINT16_READ
  87:Drivers/CMSIS/Include/cmsis_gcc.h ****   #pragma GCC diagnostic push
  88:Drivers/CMSIS/Include/cmsis_gcc.h ****   #pragma GCC diagnostic ignored "-Wpacked"
  89:Drivers/CMSIS/Include/cmsis_gcc.h ****   #pragma GCC diagnostic ignored "-Wattributes"
  90:Drivers/CMSIS/Include/cmsis_gcc.h ****   __PACKED_STRUCT T_UINT16_READ { uint16_t v; };
  91:Drivers/CMSIS/Include/cmsis_gcc.h ****   #pragma GCC diagnostic pop
  92:Drivers/CMSIS/Include/cmsis_gcc.h ****   #define __UNALIGNED_UINT16_READ(addr)          (((const struct T_UINT16_READ *)(const void *)(add
  93:Drivers/CMSIS/Include/cmsis_gcc.h **** #endif
  94:Drivers/CMSIS/Include/cmsis_gcc.h **** #ifndef   __UNALIGNED_UINT32_WRITE
  95:Drivers/CMSIS/Include/cmsis_gcc.h ****   #pragma GCC diagnostic push
  96:Drivers/CMSIS/Include/cmsis_gcc.h ****   #pragma GCC diagnostic ignored "-Wpacked"
  97:Drivers/CMSIS/Include/cmsis_gcc.h ****   #pragma GCC diagnostic ignored "-Wattributes"
  98:Drivers/CMSIS/Include/cmsis_gcc.h ****   __PACKED_STRUCT T_UINT32_WRITE { uint32_t v; };
  99:Drivers/CMSIS/Include/cmsis_gcc.h ****   #pragma GCC diagnostic pop
 100:Drivers/CMSIS/Include/cmsis_gcc.h ****   #define __UNALIGNED_UINT32_WRITE(addr, val)    (void)((((struct T_UINT32_WRITE *)(void *)(addr))-
 101:Drivers/CMSIS/Include/cmsis_gcc.h **** #endif
 102:Drivers/CMSIS/Include/cmsis_gcc.h **** #ifndef   __UNALIGNED_UINT32_READ
 103:Drivers/CMSIS/Include/cmsis_gcc.h ****   #pragma GCC diagnostic push
 104:Drivers/CMSIS/Include/cmsis_gcc.h ****   #pragma GCC diagnostic ignored "-Wpacked"
ARM GAS  C:\Users\subdia\AppData\Local\Temp\cccoGacS.s 			page 7


 105:Drivers/CMSIS/Include/cmsis_gcc.h ****   #pragma GCC diagnostic ignored "-Wattributes"
 106:Drivers/CMSIS/Include/cmsis_gcc.h ****   __PACKED_STRUCT T_UINT32_READ { uint32_t v; };
 107:Drivers/CMSIS/Include/cmsis_gcc.h ****   #pragma GCC diagnostic pop
 108:Drivers/CMSIS/Include/cmsis_gcc.h ****   #define __UNALIGNED_UINT32_READ(addr)          (((const struct T_UINT32_READ *)(const void *)(add
 109:Drivers/CMSIS/Include/cmsis_gcc.h **** #endif
 110:Drivers/CMSIS/Include/cmsis_gcc.h **** #ifndef   __ALIGNED
 111:Drivers/CMSIS/Include/cmsis_gcc.h ****   #define __ALIGNED(x)                           __attribute__((aligned(x)))
 112:Drivers/CMSIS/Include/cmsis_gcc.h **** #endif
 113:Drivers/CMSIS/Include/cmsis_gcc.h **** #ifndef   __RESTRICT
 114:Drivers/CMSIS/Include/cmsis_gcc.h ****   #define __RESTRICT                             __restrict
 115:Drivers/CMSIS/Include/cmsis_gcc.h **** #endif
 116:Drivers/CMSIS/Include/cmsis_gcc.h **** 
 117:Drivers/CMSIS/Include/cmsis_gcc.h **** 
 118:Drivers/CMSIS/Include/cmsis_gcc.h **** /* ###########################  Core Function Access  ########################### */
 119:Drivers/CMSIS/Include/cmsis_gcc.h **** /** \ingroup  CMSIS_Core_FunctionInterface
 120:Drivers/CMSIS/Include/cmsis_gcc.h ****     \defgroup CMSIS_Core_RegAccFunctions CMSIS Core Register Access Functions
 121:Drivers/CMSIS/Include/cmsis_gcc.h ****   @{
 122:Drivers/CMSIS/Include/cmsis_gcc.h ****  */
 123:Drivers/CMSIS/Include/cmsis_gcc.h **** 
 124:Drivers/CMSIS/Include/cmsis_gcc.h **** /**
 125:Drivers/CMSIS/Include/cmsis_gcc.h ****   \brief   Enable IRQ Interrupts
 126:Drivers/CMSIS/Include/cmsis_gcc.h ****   \details Enables IRQ interrupts by clearing the I-bit in the CPSR.
 127:Drivers/CMSIS/Include/cmsis_gcc.h ****            Can only be executed in Privileged modes.
 128:Drivers/CMSIS/Include/cmsis_gcc.h ****  */
 129:Drivers/CMSIS/Include/cmsis_gcc.h **** __STATIC_FORCEINLINE void __enable_irq(void)
 130:Drivers/CMSIS/Include/cmsis_gcc.h **** {
 131:Drivers/CMSIS/Include/cmsis_gcc.h ****   __ASM volatile ("cpsie i" : : : "memory");
 132:Drivers/CMSIS/Include/cmsis_gcc.h **** }
 133:Drivers/CMSIS/Include/cmsis_gcc.h **** 
 134:Drivers/CMSIS/Include/cmsis_gcc.h **** 
 135:Drivers/CMSIS/Include/cmsis_gcc.h **** /**
 136:Drivers/CMSIS/Include/cmsis_gcc.h ****   \brief   Disable IRQ Interrupts
 137:Drivers/CMSIS/Include/cmsis_gcc.h ****   \details Disables IRQ interrupts by setting the I-bit in the CPSR.
 138:Drivers/CMSIS/Include/cmsis_gcc.h ****            Can only be executed in Privileged modes.
 139:Drivers/CMSIS/Include/cmsis_gcc.h ****  */
 140:Drivers/CMSIS/Include/cmsis_gcc.h **** __STATIC_FORCEINLINE void __disable_irq(void)
 141:Drivers/CMSIS/Include/cmsis_gcc.h **** {
 142:Drivers/CMSIS/Include/cmsis_gcc.h ****   __ASM volatile ("cpsid i" : : : "memory");
 143:Drivers/CMSIS/Include/cmsis_gcc.h **** }
 144:Drivers/CMSIS/Include/cmsis_gcc.h **** 
 145:Drivers/CMSIS/Include/cmsis_gcc.h **** 
 146:Drivers/CMSIS/Include/cmsis_gcc.h **** /**
 147:Drivers/CMSIS/Include/cmsis_gcc.h ****   \brief   Get Control Register
 148:Drivers/CMSIS/Include/cmsis_gcc.h ****   \details Returns the content of the Control Register.
 149:Drivers/CMSIS/Include/cmsis_gcc.h ****   \return               Control Register value
 150:Drivers/CMSIS/Include/cmsis_gcc.h ****  */
 151:Drivers/CMSIS/Include/cmsis_gcc.h **** __STATIC_FORCEINLINE uint32_t __get_CONTROL(void)
 152:Drivers/CMSIS/Include/cmsis_gcc.h **** {
 153:Drivers/CMSIS/Include/cmsis_gcc.h ****   uint32_t result;
 154:Drivers/CMSIS/Include/cmsis_gcc.h **** 
 155:Drivers/CMSIS/Include/cmsis_gcc.h ****   __ASM volatile ("MRS %0, control" : "=r" (result) );
 156:Drivers/CMSIS/Include/cmsis_gcc.h ****   return(result);
 157:Drivers/CMSIS/Include/cmsis_gcc.h **** }
 158:Drivers/CMSIS/Include/cmsis_gcc.h **** 
 159:Drivers/CMSIS/Include/cmsis_gcc.h **** 
 160:Drivers/CMSIS/Include/cmsis_gcc.h **** #if (defined (__ARM_FEATURE_CMSE ) && (__ARM_FEATURE_CMSE == 3))
 161:Drivers/CMSIS/Include/cmsis_gcc.h **** /**
ARM GAS  C:\Users\subdia\AppData\Local\Temp\cccoGacS.s 			page 8


 162:Drivers/CMSIS/Include/cmsis_gcc.h ****   \brief   Get Control Register (non-secure)
 163:Drivers/CMSIS/Include/cmsis_gcc.h ****   \details Returns the content of the non-secure Control Register when in secure mode.
 164:Drivers/CMSIS/Include/cmsis_gcc.h ****   \return               non-secure Control Register value
 165:Drivers/CMSIS/Include/cmsis_gcc.h ****  */
 166:Drivers/CMSIS/Include/cmsis_gcc.h **** __STATIC_FORCEINLINE uint32_t __TZ_get_CONTROL_NS(void)
 167:Drivers/CMSIS/Include/cmsis_gcc.h **** {
 168:Drivers/CMSIS/Include/cmsis_gcc.h ****   uint32_t result;
 169:Drivers/CMSIS/Include/cmsis_gcc.h **** 
 170:Drivers/CMSIS/Include/cmsis_gcc.h ****   __ASM volatile ("MRS %0, control_ns" : "=r" (result) );
 171:Drivers/CMSIS/Include/cmsis_gcc.h ****   return(result);
 172:Drivers/CMSIS/Include/cmsis_gcc.h **** }
 173:Drivers/CMSIS/Include/cmsis_gcc.h **** #endif
 174:Drivers/CMSIS/Include/cmsis_gcc.h **** 
 175:Drivers/CMSIS/Include/cmsis_gcc.h **** 
 176:Drivers/CMSIS/Include/cmsis_gcc.h **** /**
 177:Drivers/CMSIS/Include/cmsis_gcc.h ****   \brief   Set Control Register
 178:Drivers/CMSIS/Include/cmsis_gcc.h ****   \details Writes the given value to the Control Register.
 179:Drivers/CMSIS/Include/cmsis_gcc.h ****   \param [in]    control  Control Register value to set
 180:Drivers/CMSIS/Include/cmsis_gcc.h ****  */
 181:Drivers/CMSIS/Include/cmsis_gcc.h **** __STATIC_FORCEINLINE void __set_CONTROL(uint32_t control)
 182:Drivers/CMSIS/Include/cmsis_gcc.h **** {
 183:Drivers/CMSIS/Include/cmsis_gcc.h ****   __ASM volatile ("MSR control, %0" : : "r" (control) : "memory");
 184:Drivers/CMSIS/Include/cmsis_gcc.h **** }
 185:Drivers/CMSIS/Include/cmsis_gcc.h **** 
 186:Drivers/CMSIS/Include/cmsis_gcc.h **** 
 187:Drivers/CMSIS/Include/cmsis_gcc.h **** #if (defined (__ARM_FEATURE_CMSE ) && (__ARM_FEATURE_CMSE == 3))
 188:Drivers/CMSIS/Include/cmsis_gcc.h **** /**
 189:Drivers/CMSIS/Include/cmsis_gcc.h ****   \brief   Set Control Register (non-secure)
 190:Drivers/CMSIS/Include/cmsis_gcc.h ****   \details Writes the given value to the non-secure Control Register when in secure state.
 191:Drivers/CMSIS/Include/cmsis_gcc.h ****   \param [in]    control  Control Register value to set
 192:Drivers/CMSIS/Include/cmsis_gcc.h ****  */
 193:Drivers/CMSIS/Include/cmsis_gcc.h **** __STATIC_FORCEINLINE void __TZ_set_CONTROL_NS(uint32_t control)
 194:Drivers/CMSIS/Include/cmsis_gcc.h **** {
 195:Drivers/CMSIS/Include/cmsis_gcc.h ****   __ASM volatile ("MSR control_ns, %0" : : "r" (control) : "memory");
 196:Drivers/CMSIS/Include/cmsis_gcc.h **** }
 197:Drivers/CMSIS/Include/cmsis_gcc.h **** #endif
 198:Drivers/CMSIS/Include/cmsis_gcc.h **** 
 199:Drivers/CMSIS/Include/cmsis_gcc.h **** 
 200:Drivers/CMSIS/Include/cmsis_gcc.h **** /**
 201:Drivers/CMSIS/Include/cmsis_gcc.h ****   \brief   Get IPSR Register
 202:Drivers/CMSIS/Include/cmsis_gcc.h ****   \details Returns the content of the IPSR Register.
 203:Drivers/CMSIS/Include/cmsis_gcc.h ****   \return               IPSR Register value
 204:Drivers/CMSIS/Include/cmsis_gcc.h ****  */
 205:Drivers/CMSIS/Include/cmsis_gcc.h **** __STATIC_FORCEINLINE uint32_t __get_IPSR(void)
 110              		.loc 2 205 31 view .LVU23
 111              	.LBB9:
 206:Drivers/CMSIS/Include/cmsis_gcc.h **** {
 207:Drivers/CMSIS/Include/cmsis_gcc.h ****   uint32_t result;
 112              		.loc 2 207 3 view .LVU24
 208:Drivers/CMSIS/Include/cmsis_gcc.h **** 
 209:Drivers/CMSIS/Include/cmsis_gcc.h ****   __ASM volatile ("MRS %0, ipsr" : "=r" (result) );
 113              		.loc 2 209 3 view .LVU25
 114              		.syntax unified
 115              	@ 209 "Drivers/CMSIS/Include/cmsis_gcc.h" 1
 116 0000 EFF30580 		MRS r0, ipsr
 117              	@ 0 "" 2
 210:Drivers/CMSIS/Include/cmsis_gcc.h ****   return(result);
ARM GAS  C:\Users\subdia\AppData\Local\Temp\cccoGacS.s 			page 9


 118              		.loc 2 210 3 view .LVU26
 119              		.thumb
 120              		.syntax unified
 121              	.LBE9:
 122              	.LBE8:
 133:Middlewares/Third_Party/FreeRTOS/Source/CMSIS_RTOS/cmsis_os.c **** }
 123              		.loc 1 133 1 is_stmt 0 view .LVU27
 124 0004 0038     		subs	r0, r0, #0
 125 0006 18BF     		it	ne
 126 0008 0120     		movne	r0, #1
 127 000a 7047     		bx	lr
 128              		.cfi_endproc
 129              	.LFE51:
 131              		.section	.text.osKernelStart,"ax",%progbits
 132              		.align	1
 133              		.global	osKernelStart
 134              		.syntax unified
 135              		.thumb
 136              		.thumb_func
 138              	osKernelStart:
 139              	.LFB52:
 134:Middlewares/Third_Party/FreeRTOS/Source/CMSIS_RTOS/cmsis_os.c **** 
 135:Middlewares/Third_Party/FreeRTOS/Source/CMSIS_RTOS/cmsis_os.c **** /*********************** Kernel Control Functions *****************************/
 136:Middlewares/Third_Party/FreeRTOS/Source/CMSIS_RTOS/cmsis_os.c **** /**
 137:Middlewares/Third_Party/FreeRTOS/Source/CMSIS_RTOS/cmsis_os.c **** * @brief  Initialize the RTOS Kernel for creating objects.
 138:Middlewares/Third_Party/FreeRTOS/Source/CMSIS_RTOS/cmsis_os.c **** * @retval status code that indicates the execution status of the function.
 139:Middlewares/Third_Party/FreeRTOS/Source/CMSIS_RTOS/cmsis_os.c **** * @note   MUST REMAIN UNCHANGED: \b osKernelInitialize shall be consistent in every CMSIS-RTOS.
 140:Middlewares/Third_Party/FreeRTOS/Source/CMSIS_RTOS/cmsis_os.c **** */
 141:Middlewares/Third_Party/FreeRTOS/Source/CMSIS_RTOS/cmsis_os.c **** osStatus osKernelInitialize (void);
 142:Middlewares/Third_Party/FreeRTOS/Source/CMSIS_RTOS/cmsis_os.c **** 
 143:Middlewares/Third_Party/FreeRTOS/Source/CMSIS_RTOS/cmsis_os.c **** /**
 144:Middlewares/Third_Party/FreeRTOS/Source/CMSIS_RTOS/cmsis_os.c **** * @brief  Start the RTOS Kernel with executing the specified thread.
 145:Middlewares/Third_Party/FreeRTOS/Source/CMSIS_RTOS/cmsis_os.c **** * @param  thread_def    thread definition referenced with \ref osThread.
 146:Middlewares/Third_Party/FreeRTOS/Source/CMSIS_RTOS/cmsis_os.c **** * @param  argument      pointer that is passed to the thread function as start argument.
 147:Middlewares/Third_Party/FreeRTOS/Source/CMSIS_RTOS/cmsis_os.c **** * @retval status code that indicates the execution status of the function
 148:Middlewares/Third_Party/FreeRTOS/Source/CMSIS_RTOS/cmsis_os.c **** * @note   MUST REMAIN UNCHANGED: \b osKernelStart shall be consistent in every CMSIS-RTOS.
 149:Middlewares/Third_Party/FreeRTOS/Source/CMSIS_RTOS/cmsis_os.c **** */
 150:Middlewares/Third_Party/FreeRTOS/Source/CMSIS_RTOS/cmsis_os.c **** osStatus osKernelStart (void)
 151:Middlewares/Third_Party/FreeRTOS/Source/CMSIS_RTOS/cmsis_os.c **** {
 140              		.loc 1 151 1 is_stmt 1 view -0
 141              		.cfi_startproc
 142              		@ args = 0, pretend = 0, frame = 0
 143              		@ frame_needed = 0, uses_anonymous_args = 0
 144 0000 08B5     		push	{r3, lr}
 145              	.LCFI0:
 146              		.cfi_def_cfa_offset 8
 147              		.cfi_offset 3, -8
 148              		.cfi_offset 14, -4
 152:Middlewares/Third_Party/FreeRTOS/Source/CMSIS_RTOS/cmsis_os.c ****   vTaskStartScheduler();
 149              		.loc 1 152 3 view .LVU29
 150 0002 FFF7FEFF 		bl	vTaskStartScheduler
 151              	.LVL9:
 153:Middlewares/Third_Party/FreeRTOS/Source/CMSIS_RTOS/cmsis_os.c ****   
 154:Middlewares/Third_Party/FreeRTOS/Source/CMSIS_RTOS/cmsis_os.c ****   return osOK;
 152              		.loc 1 154 3 view .LVU30
 155:Middlewares/Third_Party/FreeRTOS/Source/CMSIS_RTOS/cmsis_os.c **** }
 153              		.loc 1 155 1 is_stmt 0 view .LVU31
ARM GAS  C:\Users\subdia\AppData\Local\Temp\cccoGacS.s 			page 10


 154 0006 0020     		movs	r0, #0
 155 0008 08BD     		pop	{r3, pc}
 156              		.cfi_endproc
 157              	.LFE52:
 159              		.section	.text.osKernelRunning,"ax",%progbits
 160              		.align	1
 161              		.global	osKernelRunning
 162              		.syntax unified
 163              		.thumb
 164              		.thumb_func
 166              	osKernelRunning:
 167              	.LFB53:
 156:Middlewares/Third_Party/FreeRTOS/Source/CMSIS_RTOS/cmsis_os.c **** 
 157:Middlewares/Third_Party/FreeRTOS/Source/CMSIS_RTOS/cmsis_os.c **** /**
 158:Middlewares/Third_Party/FreeRTOS/Source/CMSIS_RTOS/cmsis_os.c **** * @brief  Check if the RTOS kernel is already started
 159:Middlewares/Third_Party/FreeRTOS/Source/CMSIS_RTOS/cmsis_os.c **** * @param  None
 160:Middlewares/Third_Party/FreeRTOS/Source/CMSIS_RTOS/cmsis_os.c **** * @retval (0) RTOS is not started
 161:Middlewares/Third_Party/FreeRTOS/Source/CMSIS_RTOS/cmsis_os.c **** *         (1) RTOS is started
 162:Middlewares/Third_Party/FreeRTOS/Source/CMSIS_RTOS/cmsis_os.c **** *         (-1) if this feature is disabled in FreeRTOSConfig.h 
 163:Middlewares/Third_Party/FreeRTOS/Source/CMSIS_RTOS/cmsis_os.c **** * @note  MUST REMAIN UNCHANGED: \b osKernelRunning shall be consistent in every CMSIS-RTOS.
 164:Middlewares/Third_Party/FreeRTOS/Source/CMSIS_RTOS/cmsis_os.c **** */
 165:Middlewares/Third_Party/FreeRTOS/Source/CMSIS_RTOS/cmsis_os.c **** int32_t osKernelRunning(void)
 166:Middlewares/Third_Party/FreeRTOS/Source/CMSIS_RTOS/cmsis_os.c **** {
 168              		.loc 1 166 1 is_stmt 1 view -0
 169              		.cfi_startproc
 170              		@ args = 0, pretend = 0, frame = 0
 171              		@ frame_needed = 0, uses_anonymous_args = 0
 172 0000 08B5     		push	{r3, lr}
 173              	.LCFI1:
 174              		.cfi_def_cfa_offset 8
 175              		.cfi_offset 3, -8
 176              		.cfi_offset 14, -4
 167:Middlewares/Third_Party/FreeRTOS/Source/CMSIS_RTOS/cmsis_os.c **** #if ( ( INCLUDE_xTaskGetSchedulerState == 1 ) || ( configUSE_TIMERS == 1 ) )
 168:Middlewares/Third_Party/FreeRTOS/Source/CMSIS_RTOS/cmsis_os.c ****   if (xTaskGetSchedulerState() == taskSCHEDULER_NOT_STARTED)
 177              		.loc 1 168 3 view .LVU33
 178              		.loc 1 168 7 is_stmt 0 view .LVU34
 179 0002 FFF7FEFF 		bl	xTaskGetSchedulerState
 180              	.LVL10:
 181              		.loc 1 168 6 discriminator 1 view .LVU35
 182 0006 0128     		cmp	r0, #1
 183 0008 01D0     		beq	.L14
 169:Middlewares/Third_Party/FreeRTOS/Source/CMSIS_RTOS/cmsis_os.c ****     return 0;
 170:Middlewares/Third_Party/FreeRTOS/Source/CMSIS_RTOS/cmsis_os.c ****   else
 171:Middlewares/Third_Party/FreeRTOS/Source/CMSIS_RTOS/cmsis_os.c ****     return 1;
 184              		.loc 1 171 12 view .LVU36
 185 000a 0120     		movs	r0, #1
 186              	.L10:
 172:Middlewares/Third_Party/FreeRTOS/Source/CMSIS_RTOS/cmsis_os.c **** #else
 173:Middlewares/Third_Party/FreeRTOS/Source/CMSIS_RTOS/cmsis_os.c **** 	return (-1);
 174:Middlewares/Third_Party/FreeRTOS/Source/CMSIS_RTOS/cmsis_os.c **** #endif	
 175:Middlewares/Third_Party/FreeRTOS/Source/CMSIS_RTOS/cmsis_os.c **** }
 187              		.loc 1 175 1 view .LVU37
 188 000c 08BD     		pop	{r3, pc}
 189              	.L14:
 169:Middlewares/Third_Party/FreeRTOS/Source/CMSIS_RTOS/cmsis_os.c ****     return 0;
 190              		.loc 1 169 12 view .LVU38
 191 000e 0020     		movs	r0, #0
ARM GAS  C:\Users\subdia\AppData\Local\Temp\cccoGacS.s 			page 11


 192 0010 FCE7     		b	.L10
 193              		.cfi_endproc
 194              	.LFE53:
 196              		.section	.text.osKernelSysTick,"ax",%progbits
 197              		.align	1
 198              		.global	osKernelSysTick
 199              		.syntax unified
 200              		.thumb
 201              		.thumb_func
 203              	osKernelSysTick:
 204              	.LFB54:
 176:Middlewares/Third_Party/FreeRTOS/Source/CMSIS_RTOS/cmsis_os.c **** 
 177:Middlewares/Third_Party/FreeRTOS/Source/CMSIS_RTOS/cmsis_os.c **** #if (defined (osFeature_SysTick)  &&  (osFeature_SysTick != 0))     // System Timer available
 178:Middlewares/Third_Party/FreeRTOS/Source/CMSIS_RTOS/cmsis_os.c **** /**
 179:Middlewares/Third_Party/FreeRTOS/Source/CMSIS_RTOS/cmsis_os.c **** * @brief  Get the value of the Kernel SysTick timer
 180:Middlewares/Third_Party/FreeRTOS/Source/CMSIS_RTOS/cmsis_os.c **** * @param  None
 181:Middlewares/Third_Party/FreeRTOS/Source/CMSIS_RTOS/cmsis_os.c **** * @retval None
 182:Middlewares/Third_Party/FreeRTOS/Source/CMSIS_RTOS/cmsis_os.c **** * @note   MUST REMAIN UNCHANGED: \b osKernelSysTick shall be consistent in every CMSIS-RTOS.
 183:Middlewares/Third_Party/FreeRTOS/Source/CMSIS_RTOS/cmsis_os.c **** */
 184:Middlewares/Third_Party/FreeRTOS/Source/CMSIS_RTOS/cmsis_os.c **** uint32_t osKernelSysTick(void)
 185:Middlewares/Third_Party/FreeRTOS/Source/CMSIS_RTOS/cmsis_os.c **** {
 205              		.loc 1 185 1 is_stmt 1 view -0
 206              		.cfi_startproc
 207              		@ args = 0, pretend = 0, frame = 0
 208              		@ frame_needed = 0, uses_anonymous_args = 0
 209 0000 08B5     		push	{r3, lr}
 210              	.LCFI2:
 211              		.cfi_def_cfa_offset 8
 212              		.cfi_offset 3, -8
 213              		.cfi_offset 14, -4
 186:Middlewares/Third_Party/FreeRTOS/Source/CMSIS_RTOS/cmsis_os.c ****   if (inHandlerMode()) {
 214              		.loc 1 186 3 view .LVU40
 215              		.loc 1 186 7 is_stmt 0 view .LVU41
 216 0002 FFF7FEFF 		bl	inHandlerMode
 217              	.LVL11:
 218              		.loc 1 186 6 discriminator 1 view .LVU42
 219 0006 10B1     		cbz	r0, .L16
 187:Middlewares/Third_Party/FreeRTOS/Source/CMSIS_RTOS/cmsis_os.c ****     return xTaskGetTickCountFromISR();
 220              		.loc 1 187 5 is_stmt 1 view .LVU43
 221              		.loc 1 187 12 is_stmt 0 view .LVU44
 222 0008 FFF7FEFF 		bl	xTaskGetTickCountFromISR
 223              	.LVL12:
 224              	.L15:
 188:Middlewares/Third_Party/FreeRTOS/Source/CMSIS_RTOS/cmsis_os.c ****   }
 189:Middlewares/Third_Party/FreeRTOS/Source/CMSIS_RTOS/cmsis_os.c ****   else {
 190:Middlewares/Third_Party/FreeRTOS/Source/CMSIS_RTOS/cmsis_os.c ****     return xTaskGetTickCount();
 191:Middlewares/Third_Party/FreeRTOS/Source/CMSIS_RTOS/cmsis_os.c ****   }
 192:Middlewares/Third_Party/FreeRTOS/Source/CMSIS_RTOS/cmsis_os.c **** }
 225              		.loc 1 192 1 view .LVU45
 226 000c 08BD     		pop	{r3, pc}
 227              	.L16:
 190:Middlewares/Third_Party/FreeRTOS/Source/CMSIS_RTOS/cmsis_os.c ****   }
 228              		.loc 1 190 5 is_stmt 1 view .LVU46
 190:Middlewares/Third_Party/FreeRTOS/Source/CMSIS_RTOS/cmsis_os.c ****   }
 229              		.loc 1 190 12 is_stmt 0 view .LVU47
 230 000e FFF7FEFF 		bl	xTaskGetTickCount
 231              	.LVL13:
ARM GAS  C:\Users\subdia\AppData\Local\Temp\cccoGacS.s 			page 12


 232 0012 FBE7     		b	.L15
 233              		.cfi_endproc
 234              	.LFE54:
 236              		.section	.text.osThreadCreate,"ax",%progbits
 237              		.align	1
 238              		.global	osThreadCreate
 239              		.syntax unified
 240              		.thumb
 241              		.thumb_func
 243              	osThreadCreate:
 244              	.LVL14:
 245              	.LFB55:
 193:Middlewares/Third_Party/FreeRTOS/Source/CMSIS_RTOS/cmsis_os.c **** #endif    // System Timer available
 194:Middlewares/Third_Party/FreeRTOS/Source/CMSIS_RTOS/cmsis_os.c **** /*********************** Thread Management *****************************/
 195:Middlewares/Third_Party/FreeRTOS/Source/CMSIS_RTOS/cmsis_os.c **** /**
 196:Middlewares/Third_Party/FreeRTOS/Source/CMSIS_RTOS/cmsis_os.c **** * @brief  Create a thread and add it to Active Threads and set it to state READY.
 197:Middlewares/Third_Party/FreeRTOS/Source/CMSIS_RTOS/cmsis_os.c **** * @param  thread_def    thread definition referenced with \ref osThread.
 198:Middlewares/Third_Party/FreeRTOS/Source/CMSIS_RTOS/cmsis_os.c **** * @param  argument      pointer that is passed to the thread function as start argument.
 199:Middlewares/Third_Party/FreeRTOS/Source/CMSIS_RTOS/cmsis_os.c **** * @retval thread ID for reference by other functions or NULL in case of error.
 200:Middlewares/Third_Party/FreeRTOS/Source/CMSIS_RTOS/cmsis_os.c **** * @note   MUST REMAIN UNCHANGED: \b osThreadCreate shall be consistent in every CMSIS-RTOS.
 201:Middlewares/Third_Party/FreeRTOS/Source/CMSIS_RTOS/cmsis_os.c **** */
 202:Middlewares/Third_Party/FreeRTOS/Source/CMSIS_RTOS/cmsis_os.c **** osThreadId osThreadCreate (const osThreadDef_t *thread_def, void *argument)
 203:Middlewares/Third_Party/FreeRTOS/Source/CMSIS_RTOS/cmsis_os.c **** {
 246              		.loc 1 203 1 is_stmt 1 view -0
 247              		.cfi_startproc
 248              		@ args = 0, pretend = 0, frame = 8
 249              		@ frame_needed = 0, uses_anonymous_args = 0
 250              		.loc 1 203 1 is_stmt 0 view .LVU49
 251 0000 2DE9F043 		push	{r4, r5, r6, r7, r8, r9, lr}
 252              	.LCFI3:
 253              		.cfi_def_cfa_offset 28
 254              		.cfi_offset 4, -28
 255              		.cfi_offset 5, -24
 256              		.cfi_offset 6, -20
 257              		.cfi_offset 7, -16
 258              		.cfi_offset 8, -12
 259              		.cfi_offset 9, -8
 260              		.cfi_offset 14, -4
 261 0004 87B0     		sub	sp, sp, #28
 262              	.LCFI4:
 263              		.cfi_def_cfa_offset 56
 264 0006 0F46     		mov	r7, r1
 204:Middlewares/Third_Party/FreeRTOS/Source/CMSIS_RTOS/cmsis_os.c ****   TaskHandle_t handle;
 265              		.loc 1 204 3 is_stmt 1 view .LVU50
 205:Middlewares/Third_Party/FreeRTOS/Source/CMSIS_RTOS/cmsis_os.c ****   
 206:Middlewares/Third_Party/FreeRTOS/Source/CMSIS_RTOS/cmsis_os.c **** #if( configSUPPORT_STATIC_ALLOCATION == 1 ) &&  ( configSUPPORT_DYNAMIC_ALLOCATION == 1 )
 207:Middlewares/Third_Party/FreeRTOS/Source/CMSIS_RTOS/cmsis_os.c ****   if((thread_def->buffer != NULL) && (thread_def->controlblock != NULL)) {
 266              		.loc 1 207 3 view .LVU51
 267              		.loc 1 207 17 is_stmt 0 view .LVU52
 268 0008 4469     		ldr	r4, [r0, #20]
 269              		.loc 1 207 5 view .LVU53
 270 000a CCB1     		cbz	r4, .L20
 271 000c 0E46     		mov	r6, r1
 272              		.loc 1 207 49 discriminator 1 view .LVU54
 273 000e 8569     		ldr	r5, [r0, #24]
 274              		.loc 1 207 35 discriminator 1 view .LVU55
 275 0010 B5B1     		cbz	r5, .L20
ARM GAS  C:\Users\subdia\AppData\Local\Temp\cccoGacS.s 			page 13


 208:Middlewares/Third_Party/FreeRTOS/Source/CMSIS_RTOS/cmsis_os.c ****     handle = xTaskCreateStatic((TaskFunction_t)thread_def->pthread,(const portCHAR *)thread_def->na
 276              		.loc 1 208 5 is_stmt 1 view .LVU56
 277              		.loc 1 208 58 is_stmt 0 view .LVU57
 278 0012 4768     		ldr	r7, [r0, #4]
 279              		.loc 1 208 96 view .LVU58
 280 0014 D0F80080 		ldr	r8, [r0]
 281              		.loc 1 208 14 view .LVU59
 282 0018 D0F81090 		ldr	r9, [r0, #16]
 209:Middlewares/Third_Party/FreeRTOS/Source/CMSIS_RTOS/cmsis_os.c ****               thread_def->stacksize, argument, makeFreeRtosPriority(thread_def->tpriority),
 283              		.loc 1 209 48 view .LVU60
 284 001c B0F90800 		ldrsh	r0, [r0, #8]
 285              	.LVL15:
 286              		.loc 1 209 48 view .LVU61
 287 0020 FFF7FEFF 		bl	makeFreeRtosPriority
 288              	.LVL16:
 208:Middlewares/Third_Party/FreeRTOS/Source/CMSIS_RTOS/cmsis_os.c ****     handle = xTaskCreateStatic((TaskFunction_t)thread_def->pthread,(const portCHAR *)thread_def->na
 289              		.loc 1 208 14 view .LVU62
 290 0024 0295     		str	r5, [sp, #8]
 291 0026 0194     		str	r4, [sp, #4]
 292 0028 0090     		str	r0, [sp]
 293 002a 3346     		mov	r3, r6
 294 002c 4A46     		mov	r2, r9
 295 002e 4146     		mov	r1, r8
 296 0030 3846     		mov	r0, r7
 297 0032 FFF7FEFF 		bl	xTaskCreateStatic
 298              	.LVL17:
 208:Middlewares/Third_Party/FreeRTOS/Source/CMSIS_RTOS/cmsis_os.c ****     handle = xTaskCreateStatic((TaskFunction_t)thread_def->pthread,(const portCHAR *)thread_def->na
 299              		.loc 1 208 12 discriminator 1 view .LVU63
 300 0036 0590     		str	r0, [sp, #20]
 301              	.LVL18:
 302              	.L21:
 210:Middlewares/Third_Party/FreeRTOS/Source/CMSIS_RTOS/cmsis_os.c ****               thread_def->buffer, thread_def->controlblock);
 211:Middlewares/Third_Party/FreeRTOS/Source/CMSIS_RTOS/cmsis_os.c ****   }
 212:Middlewares/Third_Party/FreeRTOS/Source/CMSIS_RTOS/cmsis_os.c ****   else {
 213:Middlewares/Third_Party/FreeRTOS/Source/CMSIS_RTOS/cmsis_os.c ****     if (xTaskCreate((TaskFunction_t)thread_def->pthread,(const portCHAR *)thread_def->name,
 214:Middlewares/Third_Party/FreeRTOS/Source/CMSIS_RTOS/cmsis_os.c ****               thread_def->stacksize, argument, makeFreeRtosPriority(thread_def->tpriority),
 215:Middlewares/Third_Party/FreeRTOS/Source/CMSIS_RTOS/cmsis_os.c ****               &handle) != pdPASS)  {
 216:Middlewares/Third_Party/FreeRTOS/Source/CMSIS_RTOS/cmsis_os.c ****       return NULL;
 217:Middlewares/Third_Party/FreeRTOS/Source/CMSIS_RTOS/cmsis_os.c ****     } 
 218:Middlewares/Third_Party/FreeRTOS/Source/CMSIS_RTOS/cmsis_os.c ****   }
 219:Middlewares/Third_Party/FreeRTOS/Source/CMSIS_RTOS/cmsis_os.c **** #elif( configSUPPORT_STATIC_ALLOCATION == 1 )
 220:Middlewares/Third_Party/FreeRTOS/Source/CMSIS_RTOS/cmsis_os.c **** 
 221:Middlewares/Third_Party/FreeRTOS/Source/CMSIS_RTOS/cmsis_os.c ****     handle = xTaskCreateStatic((TaskFunction_t)thread_def->pthread,(const portCHAR *)thread_def->na
 222:Middlewares/Third_Party/FreeRTOS/Source/CMSIS_RTOS/cmsis_os.c ****               thread_def->stacksize, argument, makeFreeRtosPriority(thread_def->tpriority),
 223:Middlewares/Third_Party/FreeRTOS/Source/CMSIS_RTOS/cmsis_os.c ****               thread_def->buffer, thread_def->controlblock);
 224:Middlewares/Third_Party/FreeRTOS/Source/CMSIS_RTOS/cmsis_os.c **** #else
 225:Middlewares/Third_Party/FreeRTOS/Source/CMSIS_RTOS/cmsis_os.c ****   if (xTaskCreate((TaskFunction_t)thread_def->pthread,(const portCHAR *)thread_def->name,
 226:Middlewares/Third_Party/FreeRTOS/Source/CMSIS_RTOS/cmsis_os.c ****                    thread_def->stacksize, argument, makeFreeRtosPriority(thread_def->tpriority),
 227:Middlewares/Third_Party/FreeRTOS/Source/CMSIS_RTOS/cmsis_os.c ****                    &handle) != pdPASS)  {
 228:Middlewares/Third_Party/FreeRTOS/Source/CMSIS_RTOS/cmsis_os.c ****     return NULL;
 229:Middlewares/Third_Party/FreeRTOS/Source/CMSIS_RTOS/cmsis_os.c ****   }     
 230:Middlewares/Third_Party/FreeRTOS/Source/CMSIS_RTOS/cmsis_os.c **** #endif
 231:Middlewares/Third_Party/FreeRTOS/Source/CMSIS_RTOS/cmsis_os.c ****   
 232:Middlewares/Third_Party/FreeRTOS/Source/CMSIS_RTOS/cmsis_os.c ****   return handle;
 303              		.loc 1 232 3 is_stmt 1 view .LVU64
 304              		.loc 1 232 10 is_stmt 0 view .LVU65
 305 0038 0598     		ldr	r0, [sp, #20]
ARM GAS  C:\Users\subdia\AppData\Local\Temp\cccoGacS.s 			page 14


 306              	.L19:
 233:Middlewares/Third_Party/FreeRTOS/Source/CMSIS_RTOS/cmsis_os.c **** }
 307              		.loc 1 233 1 view .LVU66
 308 003a 07B0     		add	sp, sp, #28
 309              	.LCFI5:
 310              		.cfi_remember_state
 311              		.cfi_def_cfa_offset 28
 312              		@ sp needed
 313 003c BDE8F083 		pop	{r4, r5, r6, r7, r8, r9, pc}
 314              	.LVL19:
 315              	.L20:
 316              	.LCFI6:
 317              		.cfi_restore_state
 213:Middlewares/Third_Party/FreeRTOS/Source/CMSIS_RTOS/cmsis_os.c ****               thread_def->stacksize, argument, makeFreeRtosPriority(thread_def->tpriority),
 318              		.loc 1 213 5 is_stmt 1 view .LVU67
 213:Middlewares/Third_Party/FreeRTOS/Source/CMSIS_RTOS/cmsis_os.c ****               thread_def->stacksize, argument, makeFreeRtosPriority(thread_def->tpriority),
 319              		.loc 1 213 47 is_stmt 0 view .LVU68
 320 0040 4468     		ldr	r4, [r0, #4]
 213:Middlewares/Third_Party/FreeRTOS/Source/CMSIS_RTOS/cmsis_os.c ****               thread_def->stacksize, argument, makeFreeRtosPriority(thread_def->tpriority),
 321              		.loc 1 213 85 view .LVU69
 322 0042 0568     		ldr	r5, [r0]
 214:Middlewares/Third_Party/FreeRTOS/Source/CMSIS_RTOS/cmsis_os.c ****               &handle) != pdPASS)  {
 323              		.loc 1 214 25 view .LVU70
 324 0044 0669     		ldr	r6, [r0, #16]
 214:Middlewares/Third_Party/FreeRTOS/Source/CMSIS_RTOS/cmsis_os.c ****               &handle) != pdPASS)  {
 325              		.loc 1 214 48 view .LVU71
 326 0046 B0F90800 		ldrsh	r0, [r0, #8]
 327              	.LVL20:
 214:Middlewares/Third_Party/FreeRTOS/Source/CMSIS_RTOS/cmsis_os.c ****               &handle) != pdPASS)  {
 328              		.loc 1 214 48 view .LVU72
 329 004a FFF7FEFF 		bl	makeFreeRtosPriority
 330              	.LVL21:
 213:Middlewares/Third_Party/FreeRTOS/Source/CMSIS_RTOS/cmsis_os.c ****               thread_def->stacksize, argument, makeFreeRtosPriority(thread_def->tpriority),
 331              		.loc 1 213 9 view .LVU73
 332 004e 05AB     		add	r3, sp, #20
 333 0050 0193     		str	r3, [sp, #4]
 334 0052 0090     		str	r0, [sp]
 335 0054 3B46     		mov	r3, r7
 336 0056 B2B2     		uxth	r2, r6
 337 0058 2946     		mov	r1, r5
 338 005a 2046     		mov	r0, r4
 339 005c FFF7FEFF 		bl	xTaskCreate
 340              	.LVL22:
 213:Middlewares/Third_Party/FreeRTOS/Source/CMSIS_RTOS/cmsis_os.c ****               thread_def->stacksize, argument, makeFreeRtosPriority(thread_def->tpriority),
 341              		.loc 1 213 8 discriminator 1 view .LVU74
 342 0060 0128     		cmp	r0, #1
 343 0062 E9D0     		beq	.L21
 216:Middlewares/Third_Party/FreeRTOS/Source/CMSIS_RTOS/cmsis_os.c ****     } 
 344              		.loc 1 216 14 view .LVU75
 345 0064 0020     		movs	r0, #0
 346 0066 E8E7     		b	.L19
 347              		.cfi_endproc
 348              	.LFE55:
 350              		.section	.text.osThreadGetId,"ax",%progbits
 351              		.align	1
 352              		.global	osThreadGetId
 353              		.syntax unified
ARM GAS  C:\Users\subdia\AppData\Local\Temp\cccoGacS.s 			page 15


 354              		.thumb
 355              		.thumb_func
 357              	osThreadGetId:
 358              	.LFB56:
 234:Middlewares/Third_Party/FreeRTOS/Source/CMSIS_RTOS/cmsis_os.c **** 
 235:Middlewares/Third_Party/FreeRTOS/Source/CMSIS_RTOS/cmsis_os.c **** /**
 236:Middlewares/Third_Party/FreeRTOS/Source/CMSIS_RTOS/cmsis_os.c **** * @brief  Return the thread ID of the current running thread.
 237:Middlewares/Third_Party/FreeRTOS/Source/CMSIS_RTOS/cmsis_os.c **** * @retval thread ID for reference by other functions or NULL in case of error.
 238:Middlewares/Third_Party/FreeRTOS/Source/CMSIS_RTOS/cmsis_os.c **** * @note   MUST REMAIN UNCHANGED: \b osThreadGetId shall be consistent in every CMSIS-RTOS.
 239:Middlewares/Third_Party/FreeRTOS/Source/CMSIS_RTOS/cmsis_os.c **** */
 240:Middlewares/Third_Party/FreeRTOS/Source/CMSIS_RTOS/cmsis_os.c **** osThreadId osThreadGetId (void)
 241:Middlewares/Third_Party/FreeRTOS/Source/CMSIS_RTOS/cmsis_os.c **** {
 359              		.loc 1 241 1 is_stmt 1 view -0
 360              		.cfi_startproc
 361              		@ args = 0, pretend = 0, frame = 0
 362              		@ frame_needed = 0, uses_anonymous_args = 0
 363 0000 08B5     		push	{r3, lr}
 364              	.LCFI7:
 365              		.cfi_def_cfa_offset 8
 366              		.cfi_offset 3, -8
 367              		.cfi_offset 14, -4
 242:Middlewares/Third_Party/FreeRTOS/Source/CMSIS_RTOS/cmsis_os.c **** #if ( ( INCLUDE_xTaskGetCurrentTaskHandle == 1 ) || ( configUSE_MUTEXES == 1 ) )
 243:Middlewares/Third_Party/FreeRTOS/Source/CMSIS_RTOS/cmsis_os.c ****   return xTaskGetCurrentTaskHandle();
 368              		.loc 1 243 3 view .LVU77
 369              		.loc 1 243 10 is_stmt 0 view .LVU78
 370 0002 FFF7FEFF 		bl	xTaskGetCurrentTaskHandle
 371              	.LVL23:
 244:Middlewares/Third_Party/FreeRTOS/Source/CMSIS_RTOS/cmsis_os.c **** #else
 245:Middlewares/Third_Party/FreeRTOS/Source/CMSIS_RTOS/cmsis_os.c **** 	return NULL;
 246:Middlewares/Third_Party/FreeRTOS/Source/CMSIS_RTOS/cmsis_os.c **** #endif
 247:Middlewares/Third_Party/FreeRTOS/Source/CMSIS_RTOS/cmsis_os.c **** }
 372              		.loc 1 247 1 view .LVU79
 373 0006 08BD     		pop	{r3, pc}
 374              		.cfi_endproc
 375              	.LFE56:
 377              		.section	.text.osThreadTerminate,"ax",%progbits
 378              		.align	1
 379              		.global	osThreadTerminate
 380              		.syntax unified
 381              		.thumb
 382              		.thumb_func
 384              	osThreadTerminate:
 385              	.LVL24:
 386              	.LFB57:
 248:Middlewares/Third_Party/FreeRTOS/Source/CMSIS_RTOS/cmsis_os.c **** 
 249:Middlewares/Third_Party/FreeRTOS/Source/CMSIS_RTOS/cmsis_os.c **** /**
 250:Middlewares/Third_Party/FreeRTOS/Source/CMSIS_RTOS/cmsis_os.c **** * @brief  Terminate execution of a thread and remove it from Active Threads.
 251:Middlewares/Third_Party/FreeRTOS/Source/CMSIS_RTOS/cmsis_os.c **** * @param   thread_id   thread ID obtained by \ref osThreadCreate or \ref osThreadGetId.
 252:Middlewares/Third_Party/FreeRTOS/Source/CMSIS_RTOS/cmsis_os.c **** * @retval  status code that indicates the execution status of the function.
 253:Middlewares/Third_Party/FreeRTOS/Source/CMSIS_RTOS/cmsis_os.c **** * @note   MUST REMAIN UNCHANGED: \b osThreadTerminate shall be consistent in every CMSIS-RTOS.
 254:Middlewares/Third_Party/FreeRTOS/Source/CMSIS_RTOS/cmsis_os.c **** */
 255:Middlewares/Third_Party/FreeRTOS/Source/CMSIS_RTOS/cmsis_os.c **** osStatus osThreadTerminate (osThreadId thread_id)
 256:Middlewares/Third_Party/FreeRTOS/Source/CMSIS_RTOS/cmsis_os.c **** {
 387              		.loc 1 256 1 is_stmt 1 view -0
 388              		.cfi_startproc
 389              		@ args = 0, pretend = 0, frame = 0
 390              		@ frame_needed = 0, uses_anonymous_args = 0
ARM GAS  C:\Users\subdia\AppData\Local\Temp\cccoGacS.s 			page 16


 391              		.loc 1 256 1 is_stmt 0 view .LVU81
 392 0000 08B5     		push	{r3, lr}
 393              	.LCFI8:
 394              		.cfi_def_cfa_offset 8
 395              		.cfi_offset 3, -8
 396              		.cfi_offset 14, -4
 257:Middlewares/Third_Party/FreeRTOS/Source/CMSIS_RTOS/cmsis_os.c **** #if (INCLUDE_vTaskDelete == 1)
 258:Middlewares/Third_Party/FreeRTOS/Source/CMSIS_RTOS/cmsis_os.c ****   vTaskDelete(thread_id);
 397              		.loc 1 258 3 is_stmt 1 view .LVU82
 398 0002 FFF7FEFF 		bl	vTaskDelete
 399              	.LVL25:
 259:Middlewares/Third_Party/FreeRTOS/Source/CMSIS_RTOS/cmsis_os.c ****   return osOK;
 400              		.loc 1 259 3 view .LVU83
 260:Middlewares/Third_Party/FreeRTOS/Source/CMSIS_RTOS/cmsis_os.c **** #else
 261:Middlewares/Third_Party/FreeRTOS/Source/CMSIS_RTOS/cmsis_os.c ****   return osErrorOS;
 262:Middlewares/Third_Party/FreeRTOS/Source/CMSIS_RTOS/cmsis_os.c **** #endif
 263:Middlewares/Third_Party/FreeRTOS/Source/CMSIS_RTOS/cmsis_os.c **** }
 401              		.loc 1 263 1 is_stmt 0 view .LVU84
 402 0006 0020     		movs	r0, #0
 403 0008 08BD     		pop	{r3, pc}
 404              		.cfi_endproc
 405              	.LFE57:
 407              		.section	.text.osThreadYield,"ax",%progbits
 408              		.align	1
 409              		.global	osThreadYield
 410              		.syntax unified
 411              		.thumb
 412              		.thumb_func
 414              	osThreadYield:
 415              	.LFB58:
 264:Middlewares/Third_Party/FreeRTOS/Source/CMSIS_RTOS/cmsis_os.c **** 
 265:Middlewares/Third_Party/FreeRTOS/Source/CMSIS_RTOS/cmsis_os.c **** /**
 266:Middlewares/Third_Party/FreeRTOS/Source/CMSIS_RTOS/cmsis_os.c **** * @brief  Pass control to next thread that is in state \b READY.
 267:Middlewares/Third_Party/FreeRTOS/Source/CMSIS_RTOS/cmsis_os.c **** * @retval status code that indicates the execution status of the function.
 268:Middlewares/Third_Party/FreeRTOS/Source/CMSIS_RTOS/cmsis_os.c **** * @note   MUST REMAIN UNCHANGED: \b osThreadYield shall be consistent in every CMSIS-RTOS.
 269:Middlewares/Third_Party/FreeRTOS/Source/CMSIS_RTOS/cmsis_os.c **** */
 270:Middlewares/Third_Party/FreeRTOS/Source/CMSIS_RTOS/cmsis_os.c **** osStatus osThreadYield (void)
 271:Middlewares/Third_Party/FreeRTOS/Source/CMSIS_RTOS/cmsis_os.c **** {
 416              		.loc 1 271 1 is_stmt 1 view -0
 417              		.cfi_startproc
 418              		@ args = 0, pretend = 0, frame = 0
 419              		@ frame_needed = 0, uses_anonymous_args = 0
 420              		@ link register save eliminated.
 272:Middlewares/Third_Party/FreeRTOS/Source/CMSIS_RTOS/cmsis_os.c ****   taskYIELD();
 421              		.loc 1 272 3 view .LVU86
 422 0000 4FF0E023 		mov	r3, #-536813568
 423 0004 4FF08052 		mov	r2, #268435456
 424 0008 C3F8042D 		str	r2, [r3, #3332]
 425              		.loc 1 272 3 view .LVU87
 426              		.syntax unified
 427              	@ 272 "Middlewares/Third_Party/FreeRTOS/Source/CMSIS_RTOS/cmsis_os.c" 1
 428 000c BFF34F8F 		dsb
 429              	@ 0 "" 2
 430              		.loc 1 272 3 view .LVU88
 431              	@ 272 "Middlewares/Third_Party/FreeRTOS/Source/CMSIS_RTOS/cmsis_os.c" 1
 432 0010 BFF36F8F 		isb
 433              	@ 0 "" 2
ARM GAS  C:\Users\subdia\AppData\Local\Temp\cccoGacS.s 			page 17


 434              		.loc 1 272 14 view .LVU89
 273:Middlewares/Third_Party/FreeRTOS/Source/CMSIS_RTOS/cmsis_os.c ****   
 274:Middlewares/Third_Party/FreeRTOS/Source/CMSIS_RTOS/cmsis_os.c ****   return osOK;
 435              		.loc 1 274 3 view .LVU90
 275:Middlewares/Third_Party/FreeRTOS/Source/CMSIS_RTOS/cmsis_os.c **** }
 436              		.loc 1 275 1 is_stmt 0 view .LVU91
 437              		.thumb
 438              		.syntax unified
 439 0014 0020     		movs	r0, #0
 440 0016 7047     		bx	lr
 441              		.cfi_endproc
 442              	.LFE58:
 444              		.section	.text.osThreadSetPriority,"ax",%progbits
 445              		.align	1
 446              		.global	osThreadSetPriority
 447              		.syntax unified
 448              		.thumb
 449              		.thumb_func
 451              	osThreadSetPriority:
 452              	.LVL26:
 453              	.LFB59:
 276:Middlewares/Third_Party/FreeRTOS/Source/CMSIS_RTOS/cmsis_os.c **** 
 277:Middlewares/Third_Party/FreeRTOS/Source/CMSIS_RTOS/cmsis_os.c **** /**
 278:Middlewares/Third_Party/FreeRTOS/Source/CMSIS_RTOS/cmsis_os.c **** * @brief   Change priority of an active thread.
 279:Middlewares/Third_Party/FreeRTOS/Source/CMSIS_RTOS/cmsis_os.c **** * @param   thread_id     thread ID obtained by \ref osThreadCreate or \ref osThreadGetId.
 280:Middlewares/Third_Party/FreeRTOS/Source/CMSIS_RTOS/cmsis_os.c **** * @param   priority      new priority value for the thread function.
 281:Middlewares/Third_Party/FreeRTOS/Source/CMSIS_RTOS/cmsis_os.c **** * @retval  status code that indicates the execution status of the function.
 282:Middlewares/Third_Party/FreeRTOS/Source/CMSIS_RTOS/cmsis_os.c **** * @note   MUST REMAIN UNCHANGED: \b osThreadSetPriority shall be consistent in every CMSIS-RTOS.
 283:Middlewares/Third_Party/FreeRTOS/Source/CMSIS_RTOS/cmsis_os.c **** */
 284:Middlewares/Third_Party/FreeRTOS/Source/CMSIS_RTOS/cmsis_os.c **** osStatus osThreadSetPriority (osThreadId thread_id, osPriority priority)
 285:Middlewares/Third_Party/FreeRTOS/Source/CMSIS_RTOS/cmsis_os.c **** {
 454              		.loc 1 285 1 is_stmt 1 view -0
 455              		.cfi_startproc
 456              		@ args = 0, pretend = 0, frame = 0
 457              		@ frame_needed = 0, uses_anonymous_args = 0
 458              		.loc 1 285 1 is_stmt 0 view .LVU93
 459 0000 10B5     		push	{r4, lr}
 460              	.LCFI9:
 461              		.cfi_def_cfa_offset 8
 462              		.cfi_offset 4, -8
 463              		.cfi_offset 14, -4
 464 0002 0446     		mov	r4, r0
 286:Middlewares/Third_Party/FreeRTOS/Source/CMSIS_RTOS/cmsis_os.c **** #if (INCLUDE_vTaskPrioritySet == 1)
 287:Middlewares/Third_Party/FreeRTOS/Source/CMSIS_RTOS/cmsis_os.c ****   vTaskPrioritySet(thread_id, makeFreeRtosPriority(priority));
 465              		.loc 1 287 3 is_stmt 1 view .LVU94
 466              		.loc 1 287 31 is_stmt 0 view .LVU95
 467 0004 0846     		mov	r0, r1
 468              	.LVL27:
 469              		.loc 1 287 31 view .LVU96
 470 0006 FFF7FEFF 		bl	makeFreeRtosPriority
 471              	.LVL28:
 472              		.loc 1 287 31 view .LVU97
 473 000a 0146     		mov	r1, r0
 474              		.loc 1 287 3 discriminator 1 view .LVU98
 475 000c 2046     		mov	r0, r4
 476 000e FFF7FEFF 		bl	vTaskPrioritySet
 477              	.LVL29:
ARM GAS  C:\Users\subdia\AppData\Local\Temp\cccoGacS.s 			page 18


 288:Middlewares/Third_Party/FreeRTOS/Source/CMSIS_RTOS/cmsis_os.c ****   return osOK;
 478              		.loc 1 288 3 is_stmt 1 view .LVU99
 289:Middlewares/Third_Party/FreeRTOS/Source/CMSIS_RTOS/cmsis_os.c **** #else
 290:Middlewares/Third_Party/FreeRTOS/Source/CMSIS_RTOS/cmsis_os.c ****   return osErrorOS;
 291:Middlewares/Third_Party/FreeRTOS/Source/CMSIS_RTOS/cmsis_os.c **** #endif
 292:Middlewares/Third_Party/FreeRTOS/Source/CMSIS_RTOS/cmsis_os.c **** }
 479              		.loc 1 292 1 is_stmt 0 view .LVU100
 480 0012 0020     		movs	r0, #0
 481 0014 10BD     		pop	{r4, pc}
 482              		.loc 1 292 1 view .LVU101
 483              		.cfi_endproc
 484              	.LFE59:
 486              		.section	.text.osThreadGetPriority,"ax",%progbits
 487              		.align	1
 488              		.global	osThreadGetPriority
 489              		.syntax unified
 490              		.thumb
 491              		.thumb_func
 493              	osThreadGetPriority:
 494              	.LVL30:
 495              	.LFB60:
 293:Middlewares/Third_Party/FreeRTOS/Source/CMSIS_RTOS/cmsis_os.c **** 
 294:Middlewares/Third_Party/FreeRTOS/Source/CMSIS_RTOS/cmsis_os.c **** /**
 295:Middlewares/Third_Party/FreeRTOS/Source/CMSIS_RTOS/cmsis_os.c **** * @brief   Get current priority of an active thread.
 296:Middlewares/Third_Party/FreeRTOS/Source/CMSIS_RTOS/cmsis_os.c **** * @param   thread_id     thread ID obtained by \ref osThreadCreate or \ref osThreadGetId.
 297:Middlewares/Third_Party/FreeRTOS/Source/CMSIS_RTOS/cmsis_os.c **** * @retval  current priority value of the thread function.
 298:Middlewares/Third_Party/FreeRTOS/Source/CMSIS_RTOS/cmsis_os.c **** * @note   MUST REMAIN UNCHANGED: \b osThreadGetPriority shall be consistent in every CMSIS-RTOS.
 299:Middlewares/Third_Party/FreeRTOS/Source/CMSIS_RTOS/cmsis_os.c **** */
 300:Middlewares/Third_Party/FreeRTOS/Source/CMSIS_RTOS/cmsis_os.c **** osPriority osThreadGetPriority (osThreadId thread_id)
 301:Middlewares/Third_Party/FreeRTOS/Source/CMSIS_RTOS/cmsis_os.c **** {
 496              		.loc 1 301 1 is_stmt 1 view -0
 497              		.cfi_startproc
 498              		@ args = 0, pretend = 0, frame = 0
 499              		@ frame_needed = 0, uses_anonymous_args = 0
 500              		.loc 1 301 1 is_stmt 0 view .LVU103
 501 0000 10B5     		push	{r4, lr}
 502              	.LCFI10:
 503              		.cfi_def_cfa_offset 8
 504              		.cfi_offset 4, -8
 505              		.cfi_offset 14, -4
 506 0002 0446     		mov	r4, r0
 302:Middlewares/Third_Party/FreeRTOS/Source/CMSIS_RTOS/cmsis_os.c **** #if (INCLUDE_uxTaskPriorityGet == 1)
 303:Middlewares/Third_Party/FreeRTOS/Source/CMSIS_RTOS/cmsis_os.c ****   if (inHandlerMode())
 507              		.loc 1 303 3 is_stmt 1 view .LVU104
 508              		.loc 1 303 7 is_stmt 0 view .LVU105
 509 0004 FFF7FEFF 		bl	inHandlerMode
 510              	.LVL31:
 511              		.loc 1 303 6 discriminator 1 view .LVU106
 512 0008 28B1     		cbz	r0, .L33
 304:Middlewares/Third_Party/FreeRTOS/Source/CMSIS_RTOS/cmsis_os.c ****   {
 305:Middlewares/Third_Party/FreeRTOS/Source/CMSIS_RTOS/cmsis_os.c ****     return makeCmsisPriority(uxTaskPriorityGetFromISR(thread_id));  
 513              		.loc 1 305 5 is_stmt 1 view .LVU107
 514              		.loc 1 305 30 is_stmt 0 view .LVU108
 515 000a 2046     		mov	r0, r4
 516 000c FFF7FEFF 		bl	uxTaskPriorityGetFromISR
 517              	.LVL32:
 518              		.loc 1 305 12 discriminator 1 view .LVU109
ARM GAS  C:\Users\subdia\AppData\Local\Temp\cccoGacS.s 			page 19


 519 0010 FFF7FEFF 		bl	makeCmsisPriority
 520              	.LVL33:
 521              	.L34:
 306:Middlewares/Third_Party/FreeRTOS/Source/CMSIS_RTOS/cmsis_os.c ****   }
 307:Middlewares/Third_Party/FreeRTOS/Source/CMSIS_RTOS/cmsis_os.c ****   else
 308:Middlewares/Third_Party/FreeRTOS/Source/CMSIS_RTOS/cmsis_os.c ****   {  
 309:Middlewares/Third_Party/FreeRTOS/Source/CMSIS_RTOS/cmsis_os.c ****     return makeCmsisPriority(uxTaskPriorityGet(thread_id));
 310:Middlewares/Third_Party/FreeRTOS/Source/CMSIS_RTOS/cmsis_os.c ****   }
 311:Middlewares/Third_Party/FreeRTOS/Source/CMSIS_RTOS/cmsis_os.c **** #else
 312:Middlewares/Third_Party/FreeRTOS/Source/CMSIS_RTOS/cmsis_os.c ****   return osPriorityError;
 313:Middlewares/Third_Party/FreeRTOS/Source/CMSIS_RTOS/cmsis_os.c **** #endif
 314:Middlewares/Third_Party/FreeRTOS/Source/CMSIS_RTOS/cmsis_os.c **** }
 522              		.loc 1 314 1 view .LVU110
 523 0014 10BD     		pop	{r4, pc}
 524              	.LVL34:
 525              	.L33:
 309:Middlewares/Third_Party/FreeRTOS/Source/CMSIS_RTOS/cmsis_os.c ****   }
 526              		.loc 1 309 5 is_stmt 1 view .LVU111
 309:Middlewares/Third_Party/FreeRTOS/Source/CMSIS_RTOS/cmsis_os.c ****   }
 527              		.loc 1 309 30 is_stmt 0 view .LVU112
 528 0016 2046     		mov	r0, r4
 529 0018 FFF7FEFF 		bl	uxTaskPriorityGet
 530              	.LVL35:
 309:Middlewares/Third_Party/FreeRTOS/Source/CMSIS_RTOS/cmsis_os.c ****   }
 531              		.loc 1 309 12 discriminator 1 view .LVU113
 532 001c FFF7FEFF 		bl	makeCmsisPriority
 533              	.LVL36:
 309:Middlewares/Third_Party/FreeRTOS/Source/CMSIS_RTOS/cmsis_os.c ****   }
 534              		.loc 1 309 12 view .LVU114
 535 0020 F8E7     		b	.L34
 536              		.cfi_endproc
 537              	.LFE60:
 539              		.section	.text.osDelay,"ax",%progbits
 540              		.align	1
 541              		.global	osDelay
 542              		.syntax unified
 543              		.thumb
 544              		.thumb_func
 546              	osDelay:
 547              	.LVL37:
 548              	.LFB61:
 315:Middlewares/Third_Party/FreeRTOS/Source/CMSIS_RTOS/cmsis_os.c **** 
 316:Middlewares/Third_Party/FreeRTOS/Source/CMSIS_RTOS/cmsis_os.c **** /*********************** Generic Wait Functions *******************************/
 317:Middlewares/Third_Party/FreeRTOS/Source/CMSIS_RTOS/cmsis_os.c **** /**
 318:Middlewares/Third_Party/FreeRTOS/Source/CMSIS_RTOS/cmsis_os.c **** * @brief   Wait for Timeout (Time Delay)
 319:Middlewares/Third_Party/FreeRTOS/Source/CMSIS_RTOS/cmsis_os.c **** * @param   millisec      time delay value
 320:Middlewares/Third_Party/FreeRTOS/Source/CMSIS_RTOS/cmsis_os.c **** * @retval  status code that indicates the execution status of the function.
 321:Middlewares/Third_Party/FreeRTOS/Source/CMSIS_RTOS/cmsis_os.c **** */
 322:Middlewares/Third_Party/FreeRTOS/Source/CMSIS_RTOS/cmsis_os.c **** osStatus osDelay (uint32_t millisec)
 323:Middlewares/Third_Party/FreeRTOS/Source/CMSIS_RTOS/cmsis_os.c **** {
 549              		.loc 1 323 1 is_stmt 1 view -0
 550              		.cfi_startproc
 551              		@ args = 0, pretend = 0, frame = 0
 552              		@ frame_needed = 0, uses_anonymous_args = 0
 553              		.loc 1 323 1 is_stmt 0 view .LVU116
 554 0000 08B5     		push	{r3, lr}
 555              	.LCFI11:
ARM GAS  C:\Users\subdia\AppData\Local\Temp\cccoGacS.s 			page 20


 556              		.cfi_def_cfa_offset 8
 557              		.cfi_offset 3, -8
 558              		.cfi_offset 14, -4
 324:Middlewares/Third_Party/FreeRTOS/Source/CMSIS_RTOS/cmsis_os.c **** #if INCLUDE_vTaskDelay
 325:Middlewares/Third_Party/FreeRTOS/Source/CMSIS_RTOS/cmsis_os.c ****   TickType_t ticks = millisec / portTICK_PERIOD_MS;
 559              		.loc 1 325 3 is_stmt 1 view .LVU117
 560              	.LVL38:
 326:Middlewares/Third_Party/FreeRTOS/Source/CMSIS_RTOS/cmsis_os.c ****   
 327:Middlewares/Third_Party/FreeRTOS/Source/CMSIS_RTOS/cmsis_os.c ****   vTaskDelay(ticks ? ticks : 1);          /* Minimum delay = 1 tick */
 561              		.loc 1 327 3 view .LVU118
 562 0002 00B9     		cbnz	r0, .L37
 563              		.loc 1 327 3 is_stmt 0 discriminator 2 view .LVU119
 564 0004 0120     		movs	r0, #1
 565              	.LVL39:
 566              	.L37:
 567              		.loc 1 327 3 discriminator 4 view .LVU120
 568 0006 FFF7FEFF 		bl	vTaskDelay
 569              	.LVL40:
 328:Middlewares/Third_Party/FreeRTOS/Source/CMSIS_RTOS/cmsis_os.c ****   
 329:Middlewares/Third_Party/FreeRTOS/Source/CMSIS_RTOS/cmsis_os.c ****   return osOK;
 570              		.loc 1 329 3 is_stmt 1 view .LVU121
 330:Middlewares/Third_Party/FreeRTOS/Source/CMSIS_RTOS/cmsis_os.c **** #else
 331:Middlewares/Third_Party/FreeRTOS/Source/CMSIS_RTOS/cmsis_os.c ****   (void) millisec;
 332:Middlewares/Third_Party/FreeRTOS/Source/CMSIS_RTOS/cmsis_os.c ****   
 333:Middlewares/Third_Party/FreeRTOS/Source/CMSIS_RTOS/cmsis_os.c ****   return osErrorResource;
 334:Middlewares/Third_Party/FreeRTOS/Source/CMSIS_RTOS/cmsis_os.c **** #endif
 335:Middlewares/Third_Party/FreeRTOS/Source/CMSIS_RTOS/cmsis_os.c **** }
 571              		.loc 1 335 1 is_stmt 0 view .LVU122
 572 000a 0020     		movs	r0, #0
 573 000c 08BD     		pop	{r3, pc}
 574              		.cfi_endproc
 575              	.LFE61:
 577              		.section	.text.osTimerCreate,"ax",%progbits
 578              		.align	1
 579              		.global	osTimerCreate
 580              		.syntax unified
 581              		.thumb
 582              		.thumb_func
 584              	osTimerCreate:
 585              	.LVL41:
 586              	.LFB62:
 336:Middlewares/Third_Party/FreeRTOS/Source/CMSIS_RTOS/cmsis_os.c **** 
 337:Middlewares/Third_Party/FreeRTOS/Source/CMSIS_RTOS/cmsis_os.c **** #if (defined (osFeature_Wait)  &&  (osFeature_Wait != 0)) /* Generic Wait available */
 338:Middlewares/Third_Party/FreeRTOS/Source/CMSIS_RTOS/cmsis_os.c **** /**
 339:Middlewares/Third_Party/FreeRTOS/Source/CMSIS_RTOS/cmsis_os.c **** * @brief  Wait for Signal, Message, Mail, or Timeout
 340:Middlewares/Third_Party/FreeRTOS/Source/CMSIS_RTOS/cmsis_os.c **** * @param   millisec  timeout value or 0 in case of no time-out
 341:Middlewares/Third_Party/FreeRTOS/Source/CMSIS_RTOS/cmsis_os.c **** * @retval  event that contains signal, message, or mail information or error code.
 342:Middlewares/Third_Party/FreeRTOS/Source/CMSIS_RTOS/cmsis_os.c **** * @note   MUST REMAIN UNCHANGED: \b osWait shall be consistent in every CMSIS-RTOS.
 343:Middlewares/Third_Party/FreeRTOS/Source/CMSIS_RTOS/cmsis_os.c **** */
 344:Middlewares/Third_Party/FreeRTOS/Source/CMSIS_RTOS/cmsis_os.c **** osEvent osWait (uint32_t millisec);
 345:Middlewares/Third_Party/FreeRTOS/Source/CMSIS_RTOS/cmsis_os.c **** 
 346:Middlewares/Third_Party/FreeRTOS/Source/CMSIS_RTOS/cmsis_os.c **** #endif  /* Generic Wait available */
 347:Middlewares/Third_Party/FreeRTOS/Source/CMSIS_RTOS/cmsis_os.c **** 
 348:Middlewares/Third_Party/FreeRTOS/Source/CMSIS_RTOS/cmsis_os.c **** /***********************  Timer Management Functions ***************************/
 349:Middlewares/Third_Party/FreeRTOS/Source/CMSIS_RTOS/cmsis_os.c **** /**
 350:Middlewares/Third_Party/FreeRTOS/Source/CMSIS_RTOS/cmsis_os.c **** * @brief  Create a timer.
 351:Middlewares/Third_Party/FreeRTOS/Source/CMSIS_RTOS/cmsis_os.c **** * @param  timer_def     timer object referenced with \ref osTimer.
ARM GAS  C:\Users\subdia\AppData\Local\Temp\cccoGacS.s 			page 21


 352:Middlewares/Third_Party/FreeRTOS/Source/CMSIS_RTOS/cmsis_os.c **** * @param  type          osTimerOnce for one-shot or osTimerPeriodic for periodic behavior.
 353:Middlewares/Third_Party/FreeRTOS/Source/CMSIS_RTOS/cmsis_os.c **** * @param  argument      argument to the timer call back function.
 354:Middlewares/Third_Party/FreeRTOS/Source/CMSIS_RTOS/cmsis_os.c **** * @retval  timer ID for reference by other functions or NULL in case of error.
 355:Middlewares/Third_Party/FreeRTOS/Source/CMSIS_RTOS/cmsis_os.c **** * @note   MUST REMAIN UNCHANGED: \b osTimerCreate shall be consistent in every CMSIS-RTOS.
 356:Middlewares/Third_Party/FreeRTOS/Source/CMSIS_RTOS/cmsis_os.c **** */
 357:Middlewares/Third_Party/FreeRTOS/Source/CMSIS_RTOS/cmsis_os.c **** osTimerId osTimerCreate (const osTimerDef_t *timer_def, os_timer_type type, void *argument)
 358:Middlewares/Third_Party/FreeRTOS/Source/CMSIS_RTOS/cmsis_os.c **** {
 587              		.loc 1 358 1 is_stmt 1 view -0
 588              		.cfi_startproc
 589              		@ args = 0, pretend = 0, frame = 0
 590              		@ frame_needed = 0, uses_anonymous_args = 0
 591              		@ link register save eliminated.
 359:Middlewares/Third_Party/FreeRTOS/Source/CMSIS_RTOS/cmsis_os.c **** #if (configUSE_TIMERS == 1)
 360:Middlewares/Third_Party/FreeRTOS/Source/CMSIS_RTOS/cmsis_os.c **** 
 361:Middlewares/Third_Party/FreeRTOS/Source/CMSIS_RTOS/cmsis_os.c **** #if( ( configSUPPORT_STATIC_ALLOCATION == 1 ) && ( configSUPPORT_DYNAMIC_ALLOCATION == 1 ) ) 
 362:Middlewares/Third_Party/FreeRTOS/Source/CMSIS_RTOS/cmsis_os.c ****   if(timer_def->controlblock != NULL) {
 363:Middlewares/Third_Party/FreeRTOS/Source/CMSIS_RTOS/cmsis_os.c ****     return xTimerCreateStatic((const char *)"",
 364:Middlewares/Third_Party/FreeRTOS/Source/CMSIS_RTOS/cmsis_os.c ****                       1, // period should be filled when starting the Timer using osTimerStart
 365:Middlewares/Third_Party/FreeRTOS/Source/CMSIS_RTOS/cmsis_os.c ****                       (type == osTimerPeriodic) ? pdTRUE : pdFALSE,
 366:Middlewares/Third_Party/FreeRTOS/Source/CMSIS_RTOS/cmsis_os.c ****                       (void *) argument,
 367:Middlewares/Third_Party/FreeRTOS/Source/CMSIS_RTOS/cmsis_os.c ****                       (TimerCallbackFunction_t)timer_def->ptimer,
 368:Middlewares/Third_Party/FreeRTOS/Source/CMSIS_RTOS/cmsis_os.c ****                       (StaticTimer_t *)timer_def->controlblock);
 369:Middlewares/Third_Party/FreeRTOS/Source/CMSIS_RTOS/cmsis_os.c ****   }
 370:Middlewares/Third_Party/FreeRTOS/Source/CMSIS_RTOS/cmsis_os.c ****   else {
 371:Middlewares/Third_Party/FreeRTOS/Source/CMSIS_RTOS/cmsis_os.c ****     return xTimerCreate((const char *)"",
 372:Middlewares/Third_Party/FreeRTOS/Source/CMSIS_RTOS/cmsis_os.c ****                       1, // period should be filled when starting the Timer using osTimerStart
 373:Middlewares/Third_Party/FreeRTOS/Source/CMSIS_RTOS/cmsis_os.c ****                       (type == osTimerPeriodic) ? pdTRUE : pdFALSE,
 374:Middlewares/Third_Party/FreeRTOS/Source/CMSIS_RTOS/cmsis_os.c ****                       (void *) argument,
 375:Middlewares/Third_Party/FreeRTOS/Source/CMSIS_RTOS/cmsis_os.c ****                       (TimerCallbackFunction_t)timer_def->ptimer);
 376:Middlewares/Third_Party/FreeRTOS/Source/CMSIS_RTOS/cmsis_os.c ****  }
 377:Middlewares/Third_Party/FreeRTOS/Source/CMSIS_RTOS/cmsis_os.c **** #elif( configSUPPORT_STATIC_ALLOCATION == 1 )
 378:Middlewares/Third_Party/FreeRTOS/Source/CMSIS_RTOS/cmsis_os.c ****   return xTimerCreateStatic((const char *)"",
 379:Middlewares/Third_Party/FreeRTOS/Source/CMSIS_RTOS/cmsis_os.c ****                       1, // period should be filled when starting the Timer using osTimerStart
 380:Middlewares/Third_Party/FreeRTOS/Source/CMSIS_RTOS/cmsis_os.c ****                       (type == osTimerPeriodic) ? pdTRUE : pdFALSE,
 381:Middlewares/Third_Party/FreeRTOS/Source/CMSIS_RTOS/cmsis_os.c ****                       (void *) argument,
 382:Middlewares/Third_Party/FreeRTOS/Source/CMSIS_RTOS/cmsis_os.c ****                       (TimerCallbackFunction_t)timer_def->ptimer,
 383:Middlewares/Third_Party/FreeRTOS/Source/CMSIS_RTOS/cmsis_os.c ****                       (StaticTimer_t *)timer_def->controlblock);  
 384:Middlewares/Third_Party/FreeRTOS/Source/CMSIS_RTOS/cmsis_os.c **** #else
 385:Middlewares/Third_Party/FreeRTOS/Source/CMSIS_RTOS/cmsis_os.c ****   return xTimerCreate((const char *)"",
 386:Middlewares/Third_Party/FreeRTOS/Source/CMSIS_RTOS/cmsis_os.c ****                       1, // period should be filled when starting the Timer using osTimerStart
 387:Middlewares/Third_Party/FreeRTOS/Source/CMSIS_RTOS/cmsis_os.c ****                       (type == osTimerPeriodic) ? pdTRUE : pdFALSE,
 388:Middlewares/Third_Party/FreeRTOS/Source/CMSIS_RTOS/cmsis_os.c ****                       (void *) argument,
 389:Middlewares/Third_Party/FreeRTOS/Source/CMSIS_RTOS/cmsis_os.c ****                       (TimerCallbackFunction_t)timer_def->ptimer);
 390:Middlewares/Third_Party/FreeRTOS/Source/CMSIS_RTOS/cmsis_os.c **** #endif
 391:Middlewares/Third_Party/FreeRTOS/Source/CMSIS_RTOS/cmsis_os.c **** 
 392:Middlewares/Third_Party/FreeRTOS/Source/CMSIS_RTOS/cmsis_os.c **** #else 
 393:Middlewares/Third_Party/FreeRTOS/Source/CMSIS_RTOS/cmsis_os.c **** 	return NULL;
 592              		.loc 1 393 2 view .LVU124
 394:Middlewares/Third_Party/FreeRTOS/Source/CMSIS_RTOS/cmsis_os.c **** #endif
 395:Middlewares/Third_Party/FreeRTOS/Source/CMSIS_RTOS/cmsis_os.c **** }
 593              		.loc 1 395 1 is_stmt 0 view .LVU125
 594 0000 0020     		movs	r0, #0
 595              	.LVL42:
 596              		.loc 1 395 1 view .LVU126
 597 0002 7047     		bx	lr
 598              		.cfi_endproc
 599              	.LFE62:
ARM GAS  C:\Users\subdia\AppData\Local\Temp\cccoGacS.s 			page 22


 601              		.section	.text.osTimerStart,"ax",%progbits
 602              		.align	1
 603              		.global	osTimerStart
 604              		.syntax unified
 605              		.thumb
 606              		.thumb_func
 608              	osTimerStart:
 609              	.LVL43:
 610              	.LFB63:
 396:Middlewares/Third_Party/FreeRTOS/Source/CMSIS_RTOS/cmsis_os.c **** 
 397:Middlewares/Third_Party/FreeRTOS/Source/CMSIS_RTOS/cmsis_os.c **** /**
 398:Middlewares/Third_Party/FreeRTOS/Source/CMSIS_RTOS/cmsis_os.c **** * @brief  Start or restart a timer.
 399:Middlewares/Third_Party/FreeRTOS/Source/CMSIS_RTOS/cmsis_os.c **** * @param  timer_id      timer ID obtained by \ref osTimerCreate.
 400:Middlewares/Third_Party/FreeRTOS/Source/CMSIS_RTOS/cmsis_os.c **** * @param  millisec      time delay value of the timer.
 401:Middlewares/Third_Party/FreeRTOS/Source/CMSIS_RTOS/cmsis_os.c **** * @retval  status code that indicates the execution status of the function
 402:Middlewares/Third_Party/FreeRTOS/Source/CMSIS_RTOS/cmsis_os.c **** * @note   MUST REMAIN UNCHANGED: \b osTimerStart shall be consistent in every CMSIS-RTOS.
 403:Middlewares/Third_Party/FreeRTOS/Source/CMSIS_RTOS/cmsis_os.c **** */
 404:Middlewares/Third_Party/FreeRTOS/Source/CMSIS_RTOS/cmsis_os.c **** osStatus osTimerStart (osTimerId timer_id, uint32_t millisec)
 405:Middlewares/Third_Party/FreeRTOS/Source/CMSIS_RTOS/cmsis_os.c **** {
 611              		.loc 1 405 1 is_stmt 1 view -0
 612              		.cfi_startproc
 613              		@ args = 0, pretend = 0, frame = 0
 614              		@ frame_needed = 0, uses_anonymous_args = 0
 615              		@ link register save eliminated.
 406:Middlewares/Third_Party/FreeRTOS/Source/CMSIS_RTOS/cmsis_os.c ****   osStatus result = osOK;
 616              		.loc 1 406 3 view .LVU128
 407:Middlewares/Third_Party/FreeRTOS/Source/CMSIS_RTOS/cmsis_os.c **** #if (configUSE_TIMERS == 1)  
 408:Middlewares/Third_Party/FreeRTOS/Source/CMSIS_RTOS/cmsis_os.c ****   portBASE_TYPE taskWoken = pdFALSE;
 409:Middlewares/Third_Party/FreeRTOS/Source/CMSIS_RTOS/cmsis_os.c ****   TickType_t ticks = millisec / portTICK_PERIOD_MS;
 410:Middlewares/Third_Party/FreeRTOS/Source/CMSIS_RTOS/cmsis_os.c **** 
 411:Middlewares/Third_Party/FreeRTOS/Source/CMSIS_RTOS/cmsis_os.c ****   if (ticks == 0)
 412:Middlewares/Third_Party/FreeRTOS/Source/CMSIS_RTOS/cmsis_os.c ****     ticks = 1;
 413:Middlewares/Third_Party/FreeRTOS/Source/CMSIS_RTOS/cmsis_os.c ****     
 414:Middlewares/Third_Party/FreeRTOS/Source/CMSIS_RTOS/cmsis_os.c ****   if (inHandlerMode()) 
 415:Middlewares/Third_Party/FreeRTOS/Source/CMSIS_RTOS/cmsis_os.c ****   {
 416:Middlewares/Third_Party/FreeRTOS/Source/CMSIS_RTOS/cmsis_os.c ****     if (xTimerChangePeriodFromISR(timer_id, ticks, &taskWoken) != pdPASS)
 417:Middlewares/Third_Party/FreeRTOS/Source/CMSIS_RTOS/cmsis_os.c ****     {
 418:Middlewares/Third_Party/FreeRTOS/Source/CMSIS_RTOS/cmsis_os.c ****       result = osErrorOS;
 419:Middlewares/Third_Party/FreeRTOS/Source/CMSIS_RTOS/cmsis_os.c ****     }
 420:Middlewares/Third_Party/FreeRTOS/Source/CMSIS_RTOS/cmsis_os.c ****     else
 421:Middlewares/Third_Party/FreeRTOS/Source/CMSIS_RTOS/cmsis_os.c ****     {
 422:Middlewares/Third_Party/FreeRTOS/Source/CMSIS_RTOS/cmsis_os.c ****       portEND_SWITCHING_ISR(taskWoken);     
 423:Middlewares/Third_Party/FreeRTOS/Source/CMSIS_RTOS/cmsis_os.c ****     }
 424:Middlewares/Third_Party/FreeRTOS/Source/CMSIS_RTOS/cmsis_os.c ****   }
 425:Middlewares/Third_Party/FreeRTOS/Source/CMSIS_RTOS/cmsis_os.c ****   else 
 426:Middlewares/Third_Party/FreeRTOS/Source/CMSIS_RTOS/cmsis_os.c ****   {
 427:Middlewares/Third_Party/FreeRTOS/Source/CMSIS_RTOS/cmsis_os.c ****     if (xTimerChangePeriod(timer_id, ticks, 0) != pdPASS)
 428:Middlewares/Third_Party/FreeRTOS/Source/CMSIS_RTOS/cmsis_os.c ****       result = osErrorOS;
 429:Middlewares/Third_Party/FreeRTOS/Source/CMSIS_RTOS/cmsis_os.c ****   }
 430:Middlewares/Third_Party/FreeRTOS/Source/CMSIS_RTOS/cmsis_os.c **** 
 431:Middlewares/Third_Party/FreeRTOS/Source/CMSIS_RTOS/cmsis_os.c **** #else 
 432:Middlewares/Third_Party/FreeRTOS/Source/CMSIS_RTOS/cmsis_os.c ****   result = osErrorOS;
 617              		.loc 1 432 3 view .LVU129
 433:Middlewares/Third_Party/FreeRTOS/Source/CMSIS_RTOS/cmsis_os.c **** #endif
 434:Middlewares/Third_Party/FreeRTOS/Source/CMSIS_RTOS/cmsis_os.c ****   return result;
 618              		.loc 1 434 3 view .LVU130
 435:Middlewares/Third_Party/FreeRTOS/Source/CMSIS_RTOS/cmsis_os.c **** }
ARM GAS  C:\Users\subdia\AppData\Local\Temp\cccoGacS.s 			page 23


 619              		.loc 1 435 1 is_stmt 0 view .LVU131
 620 0000 FF20     		movs	r0, #255
 621              	.LVL44:
 622              		.loc 1 435 1 view .LVU132
 623 0002 7047     		bx	lr
 624              		.cfi_endproc
 625              	.LFE63:
 627              		.section	.text.osTimerStop,"ax",%progbits
 628              		.align	1
 629              		.global	osTimerStop
 630              		.syntax unified
 631              		.thumb
 632              		.thumb_func
 634              	osTimerStop:
 635              	.LVL45:
 636              	.LFB64:
 436:Middlewares/Third_Party/FreeRTOS/Source/CMSIS_RTOS/cmsis_os.c **** 
 437:Middlewares/Third_Party/FreeRTOS/Source/CMSIS_RTOS/cmsis_os.c **** /**
 438:Middlewares/Third_Party/FreeRTOS/Source/CMSIS_RTOS/cmsis_os.c **** * @brief  Stop a timer.
 439:Middlewares/Third_Party/FreeRTOS/Source/CMSIS_RTOS/cmsis_os.c **** * @param  timer_id      timer ID obtained by \ref osTimerCreate
 440:Middlewares/Third_Party/FreeRTOS/Source/CMSIS_RTOS/cmsis_os.c **** * @retval  status code that indicates the execution status of the function.
 441:Middlewares/Third_Party/FreeRTOS/Source/CMSIS_RTOS/cmsis_os.c **** * @note   MUST REMAIN UNCHANGED: \b osTimerStop shall be consistent in every CMSIS-RTOS.
 442:Middlewares/Third_Party/FreeRTOS/Source/CMSIS_RTOS/cmsis_os.c **** */
 443:Middlewares/Third_Party/FreeRTOS/Source/CMSIS_RTOS/cmsis_os.c **** osStatus osTimerStop (osTimerId timer_id)
 444:Middlewares/Third_Party/FreeRTOS/Source/CMSIS_RTOS/cmsis_os.c **** {
 637              		.loc 1 444 1 is_stmt 1 view -0
 638              		.cfi_startproc
 639              		@ args = 0, pretend = 0, frame = 0
 640              		@ frame_needed = 0, uses_anonymous_args = 0
 641              		@ link register save eliminated.
 445:Middlewares/Third_Party/FreeRTOS/Source/CMSIS_RTOS/cmsis_os.c ****   osStatus result = osOK;
 642              		.loc 1 445 3 view .LVU134
 446:Middlewares/Third_Party/FreeRTOS/Source/CMSIS_RTOS/cmsis_os.c **** #if (configUSE_TIMERS == 1)  
 447:Middlewares/Third_Party/FreeRTOS/Source/CMSIS_RTOS/cmsis_os.c ****   portBASE_TYPE taskWoken = pdFALSE;
 448:Middlewares/Third_Party/FreeRTOS/Source/CMSIS_RTOS/cmsis_os.c **** 
 449:Middlewares/Third_Party/FreeRTOS/Source/CMSIS_RTOS/cmsis_os.c ****   if (inHandlerMode()) {
 450:Middlewares/Third_Party/FreeRTOS/Source/CMSIS_RTOS/cmsis_os.c ****     if (xTimerStopFromISR(timer_id, &taskWoken) != pdPASS) {
 451:Middlewares/Third_Party/FreeRTOS/Source/CMSIS_RTOS/cmsis_os.c ****       return osErrorOS;
 452:Middlewares/Third_Party/FreeRTOS/Source/CMSIS_RTOS/cmsis_os.c ****     }
 453:Middlewares/Third_Party/FreeRTOS/Source/CMSIS_RTOS/cmsis_os.c ****     portEND_SWITCHING_ISR(taskWoken);
 454:Middlewares/Third_Party/FreeRTOS/Source/CMSIS_RTOS/cmsis_os.c ****   }
 455:Middlewares/Third_Party/FreeRTOS/Source/CMSIS_RTOS/cmsis_os.c ****   else {
 456:Middlewares/Third_Party/FreeRTOS/Source/CMSIS_RTOS/cmsis_os.c ****     if (xTimerStop(timer_id, 0) != pdPASS) {
 457:Middlewares/Third_Party/FreeRTOS/Source/CMSIS_RTOS/cmsis_os.c ****       result = osErrorOS;
 458:Middlewares/Third_Party/FreeRTOS/Source/CMSIS_RTOS/cmsis_os.c ****     }
 459:Middlewares/Third_Party/FreeRTOS/Source/CMSIS_RTOS/cmsis_os.c ****   }
 460:Middlewares/Third_Party/FreeRTOS/Source/CMSIS_RTOS/cmsis_os.c **** #else 
 461:Middlewares/Third_Party/FreeRTOS/Source/CMSIS_RTOS/cmsis_os.c ****   result = osErrorOS;
 643              		.loc 1 461 3 view .LVU135
 462:Middlewares/Third_Party/FreeRTOS/Source/CMSIS_RTOS/cmsis_os.c **** #endif 
 463:Middlewares/Third_Party/FreeRTOS/Source/CMSIS_RTOS/cmsis_os.c ****   return result;
 644              		.loc 1 463 3 view .LVU136
 464:Middlewares/Third_Party/FreeRTOS/Source/CMSIS_RTOS/cmsis_os.c **** }
 645              		.loc 1 464 1 is_stmt 0 view .LVU137
 646 0000 FF20     		movs	r0, #255
 647              	.LVL46:
 648              		.loc 1 464 1 view .LVU138
ARM GAS  C:\Users\subdia\AppData\Local\Temp\cccoGacS.s 			page 24


 649 0002 7047     		bx	lr
 650              		.cfi_endproc
 651              	.LFE64:
 653              		.section	.text.osTimerDelete,"ax",%progbits
 654              		.align	1
 655              		.global	osTimerDelete
 656              		.syntax unified
 657              		.thumb
 658              		.thumb_func
 660              	osTimerDelete:
 661              	.LVL47:
 662              	.LFB65:
 465:Middlewares/Third_Party/FreeRTOS/Source/CMSIS_RTOS/cmsis_os.c **** 
 466:Middlewares/Third_Party/FreeRTOS/Source/CMSIS_RTOS/cmsis_os.c **** /**
 467:Middlewares/Third_Party/FreeRTOS/Source/CMSIS_RTOS/cmsis_os.c **** * @brief  Delete a timer.
 468:Middlewares/Third_Party/FreeRTOS/Source/CMSIS_RTOS/cmsis_os.c **** * @param  timer_id      timer ID obtained by \ref osTimerCreate
 469:Middlewares/Third_Party/FreeRTOS/Source/CMSIS_RTOS/cmsis_os.c **** * @retval  status code that indicates the execution status of the function.
 470:Middlewares/Third_Party/FreeRTOS/Source/CMSIS_RTOS/cmsis_os.c **** * @note   MUST REMAIN UNCHANGED: \b osTimerDelete shall be consistent in every CMSIS-RTOS.
 471:Middlewares/Third_Party/FreeRTOS/Source/CMSIS_RTOS/cmsis_os.c **** */
 472:Middlewares/Third_Party/FreeRTOS/Source/CMSIS_RTOS/cmsis_os.c **** osStatus osTimerDelete (osTimerId timer_id)
 473:Middlewares/Third_Party/FreeRTOS/Source/CMSIS_RTOS/cmsis_os.c **** {
 663              		.loc 1 473 1 is_stmt 1 view -0
 664              		.cfi_startproc
 665              		@ args = 0, pretend = 0, frame = 0
 666              		@ frame_needed = 0, uses_anonymous_args = 0
 667              		@ link register save eliminated.
 474:Middlewares/Third_Party/FreeRTOS/Source/CMSIS_RTOS/cmsis_os.c **** osStatus result = osOK;
 668              		.loc 1 474 1 view .LVU140
 475:Middlewares/Third_Party/FreeRTOS/Source/CMSIS_RTOS/cmsis_os.c **** 
 476:Middlewares/Third_Party/FreeRTOS/Source/CMSIS_RTOS/cmsis_os.c **** #if (configUSE_TIMERS == 1)
 477:Middlewares/Third_Party/FreeRTOS/Source/CMSIS_RTOS/cmsis_os.c **** 
 478:Middlewares/Third_Party/FreeRTOS/Source/CMSIS_RTOS/cmsis_os.c ****    if (inHandlerMode()) {
 479:Middlewares/Third_Party/FreeRTOS/Source/CMSIS_RTOS/cmsis_os.c ****      return osErrorISR;
 480:Middlewares/Third_Party/FreeRTOS/Source/CMSIS_RTOS/cmsis_os.c ****   }
 481:Middlewares/Third_Party/FreeRTOS/Source/CMSIS_RTOS/cmsis_os.c ****   else { 
 482:Middlewares/Third_Party/FreeRTOS/Source/CMSIS_RTOS/cmsis_os.c ****     if ((xTimerDelete(timer_id, osWaitForever )) != pdPASS) {
 483:Middlewares/Third_Party/FreeRTOS/Source/CMSIS_RTOS/cmsis_os.c ****       result = osErrorOS;
 484:Middlewares/Third_Party/FreeRTOS/Source/CMSIS_RTOS/cmsis_os.c ****     }
 485:Middlewares/Third_Party/FreeRTOS/Source/CMSIS_RTOS/cmsis_os.c ****   } 
 486:Middlewares/Third_Party/FreeRTOS/Source/CMSIS_RTOS/cmsis_os.c ****     
 487:Middlewares/Third_Party/FreeRTOS/Source/CMSIS_RTOS/cmsis_os.c **** #else 
 488:Middlewares/Third_Party/FreeRTOS/Source/CMSIS_RTOS/cmsis_os.c ****   result = osErrorOS;
 669              		.loc 1 488 3 view .LVU141
 489:Middlewares/Third_Party/FreeRTOS/Source/CMSIS_RTOS/cmsis_os.c **** #endif 
 490:Middlewares/Third_Party/FreeRTOS/Source/CMSIS_RTOS/cmsis_os.c ****  
 491:Middlewares/Third_Party/FreeRTOS/Source/CMSIS_RTOS/cmsis_os.c ****   return result;
 670              		.loc 1 491 3 view .LVU142
 492:Middlewares/Third_Party/FreeRTOS/Source/CMSIS_RTOS/cmsis_os.c **** }
 671              		.loc 1 492 1 is_stmt 0 view .LVU143
 672 0000 FF20     		movs	r0, #255
 673              	.LVL48:
 674              		.loc 1 492 1 view .LVU144
 675 0002 7047     		bx	lr
 676              		.cfi_endproc
 677              	.LFE65:
 679              		.section	.text.osSignalSet,"ax",%progbits
 680              		.align	1
ARM GAS  C:\Users\subdia\AppData\Local\Temp\cccoGacS.s 			page 25


 681              		.global	osSignalSet
 682              		.syntax unified
 683              		.thumb
 684              		.thumb_func
 686              	osSignalSet:
 687              	.LVL49:
 688              	.LFB66:
 493:Middlewares/Third_Party/FreeRTOS/Source/CMSIS_RTOS/cmsis_os.c **** 
 494:Middlewares/Third_Party/FreeRTOS/Source/CMSIS_RTOS/cmsis_os.c **** /***************************  Signal Management ********************************/
 495:Middlewares/Third_Party/FreeRTOS/Source/CMSIS_RTOS/cmsis_os.c **** /**
 496:Middlewares/Third_Party/FreeRTOS/Source/CMSIS_RTOS/cmsis_os.c **** * @brief  Set the specified Signal Flags of an active thread.
 497:Middlewares/Third_Party/FreeRTOS/Source/CMSIS_RTOS/cmsis_os.c **** * @param  thread_id     thread ID obtained by \ref osThreadCreate or \ref osThreadGetId.
 498:Middlewares/Third_Party/FreeRTOS/Source/CMSIS_RTOS/cmsis_os.c **** * @param  signals       specifies the signal flags of the thread that should be set.
 499:Middlewares/Third_Party/FreeRTOS/Source/CMSIS_RTOS/cmsis_os.c **** * @retval previous signal flags of the specified thread or 0x80000000 in case of incorrect paramete
 500:Middlewares/Third_Party/FreeRTOS/Source/CMSIS_RTOS/cmsis_os.c **** * @note   MUST REMAIN UNCHANGED: \b osSignalSet shall be consistent in every CMSIS-RTOS.
 501:Middlewares/Third_Party/FreeRTOS/Source/CMSIS_RTOS/cmsis_os.c **** */
 502:Middlewares/Third_Party/FreeRTOS/Source/CMSIS_RTOS/cmsis_os.c **** int32_t osSignalSet (osThreadId thread_id, int32_t signal)
 503:Middlewares/Third_Party/FreeRTOS/Source/CMSIS_RTOS/cmsis_os.c **** {
 689              		.loc 1 503 1 is_stmt 1 view -0
 690              		.cfi_startproc
 691              		@ args = 0, pretend = 0, frame = 8
 692              		@ frame_needed = 0, uses_anonymous_args = 0
 693              		.loc 1 503 1 is_stmt 0 view .LVU146
 694 0000 30B5     		push	{r4, r5, lr}
 695              	.LCFI12:
 696              		.cfi_def_cfa_offset 12
 697              		.cfi_offset 4, -12
 698              		.cfi_offset 5, -8
 699              		.cfi_offset 14, -4
 700 0002 85B0     		sub	sp, sp, #20
 701              	.LCFI13:
 702              		.cfi_def_cfa_offset 32
 703 0004 0546     		mov	r5, r0
 704 0006 0C46     		mov	r4, r1
 504:Middlewares/Third_Party/FreeRTOS/Source/CMSIS_RTOS/cmsis_os.c **** #if( configUSE_TASK_NOTIFICATIONS == 1 )	
 505:Middlewares/Third_Party/FreeRTOS/Source/CMSIS_RTOS/cmsis_os.c ****   BaseType_t xHigherPriorityTaskWoken = pdFALSE;
 705              		.loc 1 505 3 is_stmt 1 view .LVU147
 706              		.loc 1 505 14 is_stmt 0 view .LVU148
 707 0008 0023     		movs	r3, #0
 708 000a 0393     		str	r3, [sp, #12]
 506:Middlewares/Third_Party/FreeRTOS/Source/CMSIS_RTOS/cmsis_os.c ****   uint32_t ulPreviousNotificationValue = 0;
 709              		.loc 1 506 3 is_stmt 1 view .LVU149
 710              		.loc 1 506 12 is_stmt 0 view .LVU150
 711 000c 0293     		str	r3, [sp, #8]
 507:Middlewares/Third_Party/FreeRTOS/Source/CMSIS_RTOS/cmsis_os.c ****   
 508:Middlewares/Third_Party/FreeRTOS/Source/CMSIS_RTOS/cmsis_os.c ****   if (inHandlerMode())
 712              		.loc 1 508 3 is_stmt 1 view .LVU151
 713              		.loc 1 508 7 is_stmt 0 view .LVU152
 714 000e FFF7FEFF 		bl	inHandlerMode
 715              	.LVL50:
 716              		.loc 1 508 6 discriminator 1 view .LVU153
 717 0012 B0B1     		cbz	r0, .L45
 509:Middlewares/Third_Party/FreeRTOS/Source/CMSIS_RTOS/cmsis_os.c ****   {
 510:Middlewares/Third_Party/FreeRTOS/Source/CMSIS_RTOS/cmsis_os.c ****     if(xTaskGenericNotifyFromISR( thread_id , (uint32_t)signal, eSetBits, &ulPreviousNotificationVa
 718              		.loc 1 510 5 is_stmt 1 view .LVU154
 719              		.loc 1 510 8 is_stmt 0 view .LVU155
 720 0014 03AB     		add	r3, sp, #12
ARM GAS  C:\Users\subdia\AppData\Local\Temp\cccoGacS.s 			page 26


 721 0016 0093     		str	r3, [sp]
 722 0018 02AB     		add	r3, sp, #8
 723 001a 0122     		movs	r2, #1
 724 001c 2146     		mov	r1, r4
 725 001e 2846     		mov	r0, r5
 726 0020 FFF7FEFF 		bl	xTaskGenericNotifyFromISR
 727              	.LVL51:
 728              		.loc 1 510 7 discriminator 1 view .LVU156
 729 0024 0128     		cmp	r0, #1
 730 0026 17D1     		bne	.L48
 511:Middlewares/Third_Party/FreeRTOS/Source/CMSIS_RTOS/cmsis_os.c ****       return 0x80000000;
 512:Middlewares/Third_Party/FreeRTOS/Source/CMSIS_RTOS/cmsis_os.c ****     
 513:Middlewares/Third_Party/FreeRTOS/Source/CMSIS_RTOS/cmsis_os.c ****     portYIELD_FROM_ISR( xHigherPriorityTaskWoken );
 731              		.loc 1 513 5 is_stmt 1 view .LVU157
 732 0028 039B     		ldr	r3, [sp, #12]
 733 002a 93B1     		cbz	r3, .L47
 734              		.loc 1 513 5 discriminator 1 view .LVU158
 735 002c 4FF0E023 		mov	r3, #-536813568
 736 0030 4FF08052 		mov	r2, #268435456
 737 0034 C3F8042D 		str	r2, [r3, #3332]
 738              		.loc 1 513 5 view .LVU159
 739              		.loc 1 513 5 is_stmt 0 discriminator 1 view .LVU160
 740              		.syntax unified
 741              	@ 513 "Middlewares/Third_Party/FreeRTOS/Source/CMSIS_RTOS/cmsis_os.c" 1
 742 0038 BFF34F8F 		dsb
 743              	@ 0 "" 2
 744              		.loc 1 513 5 is_stmt 1 view .LVU161
 745              		.loc 1 513 5 is_stmt 0 discriminator 1 view .LVU162
 746              	@ 513 "Middlewares/Third_Party/FreeRTOS/Source/CMSIS_RTOS/cmsis_os.c" 1
 747 003c BFF36F8F 		isb
 748              	@ 0 "" 2
 749              		.thumb
 750              		.syntax unified
 751 0040 07E0     		b	.L47
 752              	.L45:
 514:Middlewares/Third_Party/FreeRTOS/Source/CMSIS_RTOS/cmsis_os.c ****   }  
 515:Middlewares/Third_Party/FreeRTOS/Source/CMSIS_RTOS/cmsis_os.c ****   else if(xTaskGenericNotify( thread_id , (uint32_t)signal, eSetBits, &ulPreviousNotificationValue)
 753              		.loc 1 515 8 is_stmt 1 view .LVU163
 754              		.loc 1 515 11 is_stmt 0 view .LVU164
 755 0042 02AB     		add	r3, sp, #8
 756 0044 0122     		movs	r2, #1
 757 0046 2146     		mov	r1, r4
 758 0048 2846     		mov	r0, r5
 759 004a FFF7FEFF 		bl	xTaskGenericNotify
 760              	.LVL52:
 761              		.loc 1 515 10 discriminator 1 view .LVU165
 762 004e 0128     		cmp	r0, #1
 763 0050 05D1     		bne	.L49
 764              	.L47:
 516:Middlewares/Third_Party/FreeRTOS/Source/CMSIS_RTOS/cmsis_os.c ****     return 0x80000000;
 517:Middlewares/Third_Party/FreeRTOS/Source/CMSIS_RTOS/cmsis_os.c ****   
 518:Middlewares/Third_Party/FreeRTOS/Source/CMSIS_RTOS/cmsis_os.c ****   return ulPreviousNotificationValue;
 765              		.loc 1 518 3 is_stmt 1 view .LVU166
 766              		.loc 1 518 10 is_stmt 0 view .LVU167
 767 0052 0298     		ldr	r0, [sp, #8]
 768              	.L44:
 519:Middlewares/Third_Party/FreeRTOS/Source/CMSIS_RTOS/cmsis_os.c **** #else
ARM GAS  C:\Users\subdia\AppData\Local\Temp\cccoGacS.s 			page 27


 520:Middlewares/Third_Party/FreeRTOS/Source/CMSIS_RTOS/cmsis_os.c ****   (void) thread_id;
 521:Middlewares/Third_Party/FreeRTOS/Source/CMSIS_RTOS/cmsis_os.c ****   (void) signal;
 522:Middlewares/Third_Party/FreeRTOS/Source/CMSIS_RTOS/cmsis_os.c **** 
 523:Middlewares/Third_Party/FreeRTOS/Source/CMSIS_RTOS/cmsis_os.c ****   return 0x80000000; /* Task Notification not supported */ 	
 524:Middlewares/Third_Party/FreeRTOS/Source/CMSIS_RTOS/cmsis_os.c **** #endif
 525:Middlewares/Third_Party/FreeRTOS/Source/CMSIS_RTOS/cmsis_os.c **** }
 769              		.loc 1 525 1 view .LVU168
 770 0054 05B0     		add	sp, sp, #20
 771              	.LCFI14:
 772              		.cfi_remember_state
 773              		.cfi_def_cfa_offset 12
 774              		@ sp needed
 775 0056 30BD     		pop	{r4, r5, pc}
 776              	.LVL53:
 777              	.L48:
 778              	.LCFI15:
 779              		.cfi_restore_state
 511:Middlewares/Third_Party/FreeRTOS/Source/CMSIS_RTOS/cmsis_os.c ****     
 780              		.loc 1 511 14 view .LVU169
 781 0058 4FF00040 		mov	r0, #-2147483648
 782 005c FAE7     		b	.L44
 783              	.L49:
 516:Middlewares/Third_Party/FreeRTOS/Source/CMSIS_RTOS/cmsis_os.c ****     return 0x80000000;
 784              		.loc 1 516 12 view .LVU170
 785 005e 4FF00040 		mov	r0, #-2147483648
 786 0062 F7E7     		b	.L44
 787              		.cfi_endproc
 788              	.LFE66:
 790              		.section	.text.osSignalWait,"ax",%progbits
 791              		.align	1
 792              		.global	osSignalWait
 793              		.syntax unified
 794              		.thumb
 795              		.thumb_func
 797              	osSignalWait:
 798              	.LVL54:
 799              	.LFB67:
 526:Middlewares/Third_Party/FreeRTOS/Source/CMSIS_RTOS/cmsis_os.c **** 
 527:Middlewares/Third_Party/FreeRTOS/Source/CMSIS_RTOS/cmsis_os.c **** /**
 528:Middlewares/Third_Party/FreeRTOS/Source/CMSIS_RTOS/cmsis_os.c **** * @brief  Clear the specified Signal Flags of an active thread.
 529:Middlewares/Third_Party/FreeRTOS/Source/CMSIS_RTOS/cmsis_os.c **** * @param  thread_id  thread ID obtained by \ref osThreadCreate or \ref osThreadGetId.
 530:Middlewares/Third_Party/FreeRTOS/Source/CMSIS_RTOS/cmsis_os.c **** * @param  signals    specifies the signal flags of the thread that shall be cleared.
 531:Middlewares/Third_Party/FreeRTOS/Source/CMSIS_RTOS/cmsis_os.c **** * @retval  previous signal flags of the specified thread or 0x80000000 in case of incorrect paramet
 532:Middlewares/Third_Party/FreeRTOS/Source/CMSIS_RTOS/cmsis_os.c **** * @note   MUST REMAIN UNCHANGED: \b osSignalClear shall be consistent in every CMSIS-RTOS.
 533:Middlewares/Third_Party/FreeRTOS/Source/CMSIS_RTOS/cmsis_os.c **** */
 534:Middlewares/Third_Party/FreeRTOS/Source/CMSIS_RTOS/cmsis_os.c **** int32_t osSignalClear (osThreadId thread_id, int32_t signal);
 535:Middlewares/Third_Party/FreeRTOS/Source/CMSIS_RTOS/cmsis_os.c **** 
 536:Middlewares/Third_Party/FreeRTOS/Source/CMSIS_RTOS/cmsis_os.c **** /**
 537:Middlewares/Third_Party/FreeRTOS/Source/CMSIS_RTOS/cmsis_os.c **** * @brief  Wait for one or more Signal Flags to become signaled for the current \b RUNNING thread.
 538:Middlewares/Third_Party/FreeRTOS/Source/CMSIS_RTOS/cmsis_os.c **** * @param  signals   wait until all specified signal flags set or 0 for any single signal flag.
 539:Middlewares/Third_Party/FreeRTOS/Source/CMSIS_RTOS/cmsis_os.c **** * @param  millisec  timeout value or 0 in case of no time-out.
 540:Middlewares/Third_Party/FreeRTOS/Source/CMSIS_RTOS/cmsis_os.c **** * @retval  event flag information or error code.
 541:Middlewares/Third_Party/FreeRTOS/Source/CMSIS_RTOS/cmsis_os.c **** * @note   MUST REMAIN UNCHANGED: \b osSignalWait shall be consistent in every CMSIS-RTOS.
 542:Middlewares/Third_Party/FreeRTOS/Source/CMSIS_RTOS/cmsis_os.c **** */
 543:Middlewares/Third_Party/FreeRTOS/Source/CMSIS_RTOS/cmsis_os.c **** osEvent osSignalWait (int32_t signals, uint32_t millisec)
 544:Middlewares/Third_Party/FreeRTOS/Source/CMSIS_RTOS/cmsis_os.c **** {
 800              		.loc 1 544 1 is_stmt 1 view -0
ARM GAS  C:\Users\subdia\AppData\Local\Temp\cccoGacS.s 			page 28


 801              		.cfi_startproc
 802              		@ args = 0, pretend = 0, frame = 16
 803              		@ frame_needed = 0, uses_anonymous_args = 0
 804              		.loc 1 544 1 is_stmt 0 view .LVU172
 805 0000 70B5     		push	{r4, r5, r6, lr}
 806              	.LCFI16:
 807              		.cfi_def_cfa_offset 16
 808              		.cfi_offset 4, -16
 809              		.cfi_offset 5, -12
 810              		.cfi_offset 6, -8
 811              		.cfi_offset 14, -4
 812 0002 84B0     		sub	sp, sp, #16
 813              	.LCFI17:
 814              		.cfi_def_cfa_offset 32
 815 0004 0446     		mov	r4, r0
 816 0006 0E46     		mov	r6, r1
 817 0008 1546     		mov	r5, r2
 545:Middlewares/Third_Party/FreeRTOS/Source/CMSIS_RTOS/cmsis_os.c ****   osEvent ret;
 818              		.loc 1 545 3 is_stmt 1 view .LVU173
 546:Middlewares/Third_Party/FreeRTOS/Source/CMSIS_RTOS/cmsis_os.c **** 
 547:Middlewares/Third_Party/FreeRTOS/Source/CMSIS_RTOS/cmsis_os.c **** #if( configUSE_TASK_NOTIFICATIONS == 1 )
 548:Middlewares/Third_Party/FreeRTOS/Source/CMSIS_RTOS/cmsis_os.c **** 	
 549:Middlewares/Third_Party/FreeRTOS/Source/CMSIS_RTOS/cmsis_os.c ****   TickType_t ticks;
 819              		.loc 1 549 3 view .LVU174
 550:Middlewares/Third_Party/FreeRTOS/Source/CMSIS_RTOS/cmsis_os.c **** 
 551:Middlewares/Third_Party/FreeRTOS/Source/CMSIS_RTOS/cmsis_os.c ****   ret.value.signals = 0;  
 820              		.loc 1 551 3 view .LVU175
 821              		.loc 1 551 21 is_stmt 0 view .LVU176
 822 000a 0023     		movs	r3, #0
 823 000c 0293     		str	r3, [sp, #8]
 552:Middlewares/Third_Party/FreeRTOS/Source/CMSIS_RTOS/cmsis_os.c ****   ticks = 0;
 824              		.loc 1 552 3 is_stmt 1 view .LVU177
 825              	.LVL55:
 553:Middlewares/Third_Party/FreeRTOS/Source/CMSIS_RTOS/cmsis_os.c ****   if (millisec == osWaitForever) {
 826              		.loc 1 553 3 view .LVU178
 554:Middlewares/Third_Party/FreeRTOS/Source/CMSIS_RTOS/cmsis_os.c ****     ticks = portMAX_DELAY;
 555:Middlewares/Third_Party/FreeRTOS/Source/CMSIS_RTOS/cmsis_os.c ****   }
 556:Middlewares/Third_Party/FreeRTOS/Source/CMSIS_RTOS/cmsis_os.c ****   else if (millisec != 0) {
 827              		.loc 1 556 8 view .LVU179
 557:Middlewares/Third_Party/FreeRTOS/Source/CMSIS_RTOS/cmsis_os.c ****     ticks = millisec / portTICK_PERIOD_MS;
 558:Middlewares/Third_Party/FreeRTOS/Source/CMSIS_RTOS/cmsis_os.c ****     if (ticks == 0) {
 559:Middlewares/Third_Party/FreeRTOS/Source/CMSIS_RTOS/cmsis_os.c ****       ticks = 1;
 560:Middlewares/Third_Party/FreeRTOS/Source/CMSIS_RTOS/cmsis_os.c ****     }
 561:Middlewares/Third_Party/FreeRTOS/Source/CMSIS_RTOS/cmsis_os.c ****   }  
 562:Middlewares/Third_Party/FreeRTOS/Source/CMSIS_RTOS/cmsis_os.c ****   
 563:Middlewares/Third_Party/FreeRTOS/Source/CMSIS_RTOS/cmsis_os.c ****   if (inHandlerMode())
 828              		.loc 1 563 3 view .LVU180
 829              		.loc 1 563 7 is_stmt 0 view .LVU181
 830 000e FFF7FEFF 		bl	inHandlerMode
 831              	.LVL56:
 832              		.loc 1 563 6 discriminator 1 view .LVU182
 833 0012 48B1     		cbz	r0, .L52
 564:Middlewares/Third_Party/FreeRTOS/Source/CMSIS_RTOS/cmsis_os.c ****   {
 565:Middlewares/Third_Party/FreeRTOS/Source/CMSIS_RTOS/cmsis_os.c ****     ret.status = osErrorISR;  /*Not allowed in ISR*/
 834              		.loc 1 565 5 is_stmt 1 view .LVU183
 835              		.loc 1 565 16 is_stmt 0 view .LVU184
 836 0014 8223     		movs	r3, #130
ARM GAS  C:\Users\subdia\AppData\Local\Temp\cccoGacS.s 			page 29


 837 0016 0193     		str	r3, [sp, #4]
 838              	.L53:
 566:Middlewares/Third_Party/FreeRTOS/Source/CMSIS_RTOS/cmsis_os.c ****   }
 567:Middlewares/Third_Party/FreeRTOS/Source/CMSIS_RTOS/cmsis_os.c ****   else
 568:Middlewares/Third_Party/FreeRTOS/Source/CMSIS_RTOS/cmsis_os.c ****   {
 569:Middlewares/Third_Party/FreeRTOS/Source/CMSIS_RTOS/cmsis_os.c ****     if(xTaskNotifyWait( 0,(uint32_t) signals, (uint32_t *)&ret.value.signals, ticks) != pdTRUE)
 570:Middlewares/Third_Party/FreeRTOS/Source/CMSIS_RTOS/cmsis_os.c ****     {
 571:Middlewares/Third_Party/FreeRTOS/Source/CMSIS_RTOS/cmsis_os.c ****       if(ticks == 0)  ret.status = osOK;
 572:Middlewares/Third_Party/FreeRTOS/Source/CMSIS_RTOS/cmsis_os.c ****       else  ret.status = osEventTimeout;
 573:Middlewares/Third_Party/FreeRTOS/Source/CMSIS_RTOS/cmsis_os.c ****     }
 574:Middlewares/Third_Party/FreeRTOS/Source/CMSIS_RTOS/cmsis_os.c ****     else if(ret.value.signals < 0)
 575:Middlewares/Third_Party/FreeRTOS/Source/CMSIS_RTOS/cmsis_os.c ****     {
 576:Middlewares/Third_Party/FreeRTOS/Source/CMSIS_RTOS/cmsis_os.c ****       ret.status =  osErrorValue;     
 577:Middlewares/Third_Party/FreeRTOS/Source/CMSIS_RTOS/cmsis_os.c ****     }
 578:Middlewares/Third_Party/FreeRTOS/Source/CMSIS_RTOS/cmsis_os.c ****     else  ret.status =  osEventSignal;
 579:Middlewares/Third_Party/FreeRTOS/Source/CMSIS_RTOS/cmsis_os.c ****   }
 580:Middlewares/Third_Party/FreeRTOS/Source/CMSIS_RTOS/cmsis_os.c **** #else
 581:Middlewares/Third_Party/FreeRTOS/Source/CMSIS_RTOS/cmsis_os.c ****   (void) signals;
 582:Middlewares/Third_Party/FreeRTOS/Source/CMSIS_RTOS/cmsis_os.c ****   (void) millisec;
 583:Middlewares/Third_Party/FreeRTOS/Source/CMSIS_RTOS/cmsis_os.c **** 	
 584:Middlewares/Third_Party/FreeRTOS/Source/CMSIS_RTOS/cmsis_os.c ****   ret.status =  osErrorOS;	/* Task Notification not supported */
 585:Middlewares/Third_Party/FreeRTOS/Source/CMSIS_RTOS/cmsis_os.c **** #endif
 586:Middlewares/Third_Party/FreeRTOS/Source/CMSIS_RTOS/cmsis_os.c ****   
 587:Middlewares/Third_Party/FreeRTOS/Source/CMSIS_RTOS/cmsis_os.c ****   return ret;
 839              		.loc 1 587 3 is_stmt 1 view .LVU185
 840              		.loc 1 587 10 is_stmt 0 view .LVU186
 841 0018 04AB     		add	r3, sp, #16
 842 001a 13E90700 		ldmdb	r3, {r0, r1, r2}
 843 001e 84E80700 		stm	r4, {r0, r1, r2}
 588:Middlewares/Third_Party/FreeRTOS/Source/CMSIS_RTOS/cmsis_os.c **** }
 844              		.loc 1 588 1 view .LVU187
 845 0022 2046     		mov	r0, r4
 846 0024 04B0     		add	sp, sp, #16
 847              	.LCFI18:
 848              		.cfi_remember_state
 849              		.cfi_def_cfa_offset 16
 850              		@ sp needed
 851 0026 70BD     		pop	{r4, r5, r6, pc}
 852              	.LVL57:
 853              	.L52:
 854              	.LCFI19:
 855              		.cfi_restore_state
 569:Middlewares/Third_Party/FreeRTOS/Source/CMSIS_RTOS/cmsis_os.c ****     {
 856              		.loc 1 569 5 is_stmt 1 view .LVU188
 569:Middlewares/Third_Party/FreeRTOS/Source/CMSIS_RTOS/cmsis_os.c ****     {
 857              		.loc 1 569 8 is_stmt 0 view .LVU189
 858 0028 2B46     		mov	r3, r5
 859 002a 02AA     		add	r2, sp, #8
 860 002c 3146     		mov	r1, r6
 861 002e FFF7FEFF 		bl	xTaskNotifyWait
 862              	.LVL58:
 569:Middlewares/Third_Party/FreeRTOS/Source/CMSIS_RTOS/cmsis_os.c ****     {
 863              		.loc 1 569 7 discriminator 1 view .LVU190
 864 0032 0128     		cmp	r0, #1
 865 0034 05D0     		beq	.L54
 571:Middlewares/Third_Party/FreeRTOS/Source/CMSIS_RTOS/cmsis_os.c ****       else  ret.status = osEventTimeout;
 866              		.loc 1 571 7 is_stmt 1 view .LVU191
ARM GAS  C:\Users\subdia\AppData\Local\Temp\cccoGacS.s 			page 30


 571:Middlewares/Third_Party/FreeRTOS/Source/CMSIS_RTOS/cmsis_os.c ****       else  ret.status = osEventTimeout;
 867              		.loc 1 571 9 is_stmt 0 view .LVU192
 868 0036 0DB9     		cbnz	r5, .L55
 571:Middlewares/Third_Party/FreeRTOS/Source/CMSIS_RTOS/cmsis_os.c ****       else  ret.status = osEventTimeout;
 869              		.loc 1 571 23 is_stmt 1 discriminator 1 view .LVU193
 571:Middlewares/Third_Party/FreeRTOS/Source/CMSIS_RTOS/cmsis_os.c ****       else  ret.status = osEventTimeout;
 870              		.loc 1 571 34 is_stmt 0 discriminator 1 view .LVU194
 871 0038 0195     		str	r5, [sp, #4]
 872 003a EDE7     		b	.L53
 873              	.L55:
 572:Middlewares/Third_Party/FreeRTOS/Source/CMSIS_RTOS/cmsis_os.c ****     }
 874              		.loc 1 572 13 is_stmt 1 view .LVU195
 572:Middlewares/Third_Party/FreeRTOS/Source/CMSIS_RTOS/cmsis_os.c ****     }
 875              		.loc 1 572 24 is_stmt 0 view .LVU196
 876 003c 4023     		movs	r3, #64
 877 003e 0193     		str	r3, [sp, #4]
 878 0040 EAE7     		b	.L53
 879              	.L54:
 574:Middlewares/Third_Party/FreeRTOS/Source/CMSIS_RTOS/cmsis_os.c ****     {
 880              		.loc 1 574 10 is_stmt 1 view .LVU197
 574:Middlewares/Third_Party/FreeRTOS/Source/CMSIS_RTOS/cmsis_os.c ****     {
 881              		.loc 1 574 22 is_stmt 0 view .LVU198
 882 0042 029B     		ldr	r3, [sp, #8]
 574:Middlewares/Third_Party/FreeRTOS/Source/CMSIS_RTOS/cmsis_os.c ****     {
 883              		.loc 1 574 12 view .LVU199
 884 0044 002B     		cmp	r3, #0
 885 0046 02DB     		blt	.L58
 578:Middlewares/Third_Party/FreeRTOS/Source/CMSIS_RTOS/cmsis_os.c ****   }
 886              		.loc 1 578 11 is_stmt 1 view .LVU200
 578:Middlewares/Third_Party/FreeRTOS/Source/CMSIS_RTOS/cmsis_os.c ****   }
 887              		.loc 1 578 22 is_stmt 0 view .LVU201
 888 0048 0823     		movs	r3, #8
 889 004a 0193     		str	r3, [sp, #4]
 890 004c E4E7     		b	.L53
 891              	.L58:
 576:Middlewares/Third_Party/FreeRTOS/Source/CMSIS_RTOS/cmsis_os.c ****     }
 892              		.loc 1 576 7 is_stmt 1 view .LVU202
 576:Middlewares/Third_Party/FreeRTOS/Source/CMSIS_RTOS/cmsis_os.c ****     }
 893              		.loc 1 576 18 is_stmt 0 view .LVU203
 894 004e 8623     		movs	r3, #134
 895 0050 0193     		str	r3, [sp, #4]
 896 0052 E1E7     		b	.L53
 897              		.cfi_endproc
 898              	.LFE67:
 900              		.section	.text.osMutexCreate,"ax",%progbits
 901              		.align	1
 902              		.global	osMutexCreate
 903              		.syntax unified
 904              		.thumb
 905              		.thumb_func
 907              	osMutexCreate:
 908              	.LVL59:
 909              	.LFB68:
 589:Middlewares/Third_Party/FreeRTOS/Source/CMSIS_RTOS/cmsis_os.c **** 
 590:Middlewares/Third_Party/FreeRTOS/Source/CMSIS_RTOS/cmsis_os.c **** /****************************  Mutex Management ********************************/
 591:Middlewares/Third_Party/FreeRTOS/Source/CMSIS_RTOS/cmsis_os.c **** /**
 592:Middlewares/Third_Party/FreeRTOS/Source/CMSIS_RTOS/cmsis_os.c **** * @brief  Create and Initialize a Mutex object
ARM GAS  C:\Users\subdia\AppData\Local\Temp\cccoGacS.s 			page 31


 593:Middlewares/Third_Party/FreeRTOS/Source/CMSIS_RTOS/cmsis_os.c **** * @param  mutex_def     mutex definition referenced with \ref osMutex.
 594:Middlewares/Third_Party/FreeRTOS/Source/CMSIS_RTOS/cmsis_os.c **** * @retval  mutex ID for reference by other functions or NULL in case of error.
 595:Middlewares/Third_Party/FreeRTOS/Source/CMSIS_RTOS/cmsis_os.c **** * @note   MUST REMAIN UNCHANGED: \b osMutexCreate shall be consistent in every CMSIS-RTOS.
 596:Middlewares/Third_Party/FreeRTOS/Source/CMSIS_RTOS/cmsis_os.c **** */
 597:Middlewares/Third_Party/FreeRTOS/Source/CMSIS_RTOS/cmsis_os.c **** osMutexId osMutexCreate (const osMutexDef_t *mutex_def)
 598:Middlewares/Third_Party/FreeRTOS/Source/CMSIS_RTOS/cmsis_os.c **** {
 910              		.loc 1 598 1 is_stmt 1 view -0
 911              		.cfi_startproc
 912              		@ args = 0, pretend = 0, frame = 0
 913              		@ frame_needed = 0, uses_anonymous_args = 0
 914              		.loc 1 598 1 is_stmt 0 view .LVU205
 915 0000 08B5     		push	{r3, lr}
 916              	.LCFI20:
 917              		.cfi_def_cfa_offset 8
 918              		.cfi_offset 3, -8
 919              		.cfi_offset 14, -4
 599:Middlewares/Third_Party/FreeRTOS/Source/CMSIS_RTOS/cmsis_os.c **** #if ( configUSE_MUTEXES == 1)
 600:Middlewares/Third_Party/FreeRTOS/Source/CMSIS_RTOS/cmsis_os.c **** 
 601:Middlewares/Third_Party/FreeRTOS/Source/CMSIS_RTOS/cmsis_os.c **** #if( configSUPPORT_STATIC_ALLOCATION == 1 ) && ( configSUPPORT_DYNAMIC_ALLOCATION == 1 )
 602:Middlewares/Third_Party/FreeRTOS/Source/CMSIS_RTOS/cmsis_os.c **** 
 603:Middlewares/Third_Party/FreeRTOS/Source/CMSIS_RTOS/cmsis_os.c ****   if (mutex_def->controlblock != NULL) {
 920              		.loc 1 603 3 is_stmt 1 view .LVU206
 921              		.loc 1 603 16 is_stmt 0 view .LVU207
 922 0002 4168     		ldr	r1, [r0, #4]
 923              		.loc 1 603 6 view .LVU208
 924 0004 19B1     		cbz	r1, .L60
 604:Middlewares/Third_Party/FreeRTOS/Source/CMSIS_RTOS/cmsis_os.c ****     return xSemaphoreCreateMutexStatic( mutex_def->controlblock );
 925              		.loc 1 604 5 is_stmt 1 view .LVU209
 926              		.loc 1 604 12 is_stmt 0 view .LVU210
 927 0006 0120     		movs	r0, #1
 928              	.LVL60:
 929              		.loc 1 604 12 view .LVU211
 930 0008 FFF7FEFF 		bl	xQueueCreateMutexStatic
 931              	.LVL61:
 932              	.L59:
 605:Middlewares/Third_Party/FreeRTOS/Source/CMSIS_RTOS/cmsis_os.c ****      }
 606:Middlewares/Third_Party/FreeRTOS/Source/CMSIS_RTOS/cmsis_os.c ****   else {
 607:Middlewares/Third_Party/FreeRTOS/Source/CMSIS_RTOS/cmsis_os.c ****     return xSemaphoreCreateMutex(); 
 608:Middlewares/Third_Party/FreeRTOS/Source/CMSIS_RTOS/cmsis_os.c ****   }
 609:Middlewares/Third_Party/FreeRTOS/Source/CMSIS_RTOS/cmsis_os.c **** #elif ( configSUPPORT_STATIC_ALLOCATION == 1 )
 610:Middlewares/Third_Party/FreeRTOS/Source/CMSIS_RTOS/cmsis_os.c ****   return xSemaphoreCreateMutexStatic( mutex_def->controlblock );
 611:Middlewares/Third_Party/FreeRTOS/Source/CMSIS_RTOS/cmsis_os.c **** #else  
 612:Middlewares/Third_Party/FreeRTOS/Source/CMSIS_RTOS/cmsis_os.c ****     return xSemaphoreCreateMutex(); 
 613:Middlewares/Third_Party/FreeRTOS/Source/CMSIS_RTOS/cmsis_os.c **** #endif
 614:Middlewares/Third_Party/FreeRTOS/Source/CMSIS_RTOS/cmsis_os.c **** #else
 615:Middlewares/Third_Party/FreeRTOS/Source/CMSIS_RTOS/cmsis_os.c ****   return NULL;
 616:Middlewares/Third_Party/FreeRTOS/Source/CMSIS_RTOS/cmsis_os.c **** #endif
 617:Middlewares/Third_Party/FreeRTOS/Source/CMSIS_RTOS/cmsis_os.c **** }
 933              		.loc 1 617 1 view .LVU212
 934 000c 08BD     		pop	{r3, pc}
 935              	.LVL62:
 936              	.L60:
 607:Middlewares/Third_Party/FreeRTOS/Source/CMSIS_RTOS/cmsis_os.c ****   }
 937              		.loc 1 607 5 is_stmt 1 view .LVU213
 607:Middlewares/Third_Party/FreeRTOS/Source/CMSIS_RTOS/cmsis_os.c ****   }
 938              		.loc 1 607 12 is_stmt 0 view .LVU214
 939 000e 0120     		movs	r0, #1
ARM GAS  C:\Users\subdia\AppData\Local\Temp\cccoGacS.s 			page 32


 940              	.LVL63:
 607:Middlewares/Third_Party/FreeRTOS/Source/CMSIS_RTOS/cmsis_os.c ****   }
 941              		.loc 1 607 12 view .LVU215
 942 0010 FFF7FEFF 		bl	xQueueCreateMutex
 943              	.LVL64:
 944 0014 FAE7     		b	.L59
 945              		.cfi_endproc
 946              	.LFE68:
 948              		.section	.text.osMutexWait,"ax",%progbits
 949              		.align	1
 950              		.global	osMutexWait
 951              		.syntax unified
 952              		.thumb
 953              		.thumb_func
 955              	osMutexWait:
 956              	.LVL65:
 957              	.LFB69:
 618:Middlewares/Third_Party/FreeRTOS/Source/CMSIS_RTOS/cmsis_os.c **** 
 619:Middlewares/Third_Party/FreeRTOS/Source/CMSIS_RTOS/cmsis_os.c **** /**
 620:Middlewares/Third_Party/FreeRTOS/Source/CMSIS_RTOS/cmsis_os.c **** * @brief Wait until a Mutex becomes available
 621:Middlewares/Third_Party/FreeRTOS/Source/CMSIS_RTOS/cmsis_os.c **** * @param mutex_id      mutex ID obtained by \ref osMutexCreate.
 622:Middlewares/Third_Party/FreeRTOS/Source/CMSIS_RTOS/cmsis_os.c **** * @param millisec      timeout value or 0 in case of no time-out.
 623:Middlewares/Third_Party/FreeRTOS/Source/CMSIS_RTOS/cmsis_os.c **** * @retval  status code that indicates the execution status of the function.
 624:Middlewares/Third_Party/FreeRTOS/Source/CMSIS_RTOS/cmsis_os.c **** * @note   MUST REMAIN UNCHANGED: \b osMutexWait shall be consistent in every CMSIS-RTOS.
 625:Middlewares/Third_Party/FreeRTOS/Source/CMSIS_RTOS/cmsis_os.c **** */
 626:Middlewares/Third_Party/FreeRTOS/Source/CMSIS_RTOS/cmsis_os.c **** osStatus osMutexWait (osMutexId mutex_id, uint32_t millisec)
 627:Middlewares/Third_Party/FreeRTOS/Source/CMSIS_RTOS/cmsis_os.c **** {
 958              		.loc 1 627 1 is_stmt 1 view -0
 959              		.cfi_startproc
 960              		@ args = 0, pretend = 0, frame = 8
 961              		@ frame_needed = 0, uses_anonymous_args = 0
 962              		.loc 1 627 1 is_stmt 0 view .LVU217
 963 0000 30B5     		push	{r4, r5, lr}
 964              	.LCFI21:
 965              		.cfi_def_cfa_offset 12
 966              		.cfi_offset 4, -12
 967              		.cfi_offset 5, -8
 968              		.cfi_offset 14, -4
 969 0002 83B0     		sub	sp, sp, #12
 970              	.LCFI22:
 971              		.cfi_def_cfa_offset 24
 628:Middlewares/Third_Party/FreeRTOS/Source/CMSIS_RTOS/cmsis_os.c ****   TickType_t ticks;
 972              		.loc 1 628 3 is_stmt 1 view .LVU218
 629:Middlewares/Third_Party/FreeRTOS/Source/CMSIS_RTOS/cmsis_os.c ****   portBASE_TYPE taskWoken = pdFALSE;  
 973              		.loc 1 629 3 view .LVU219
 974              		.loc 1 629 17 is_stmt 0 view .LVU220
 975 0004 0023     		movs	r3, #0
 976 0006 0193     		str	r3, [sp, #4]
 630:Middlewares/Third_Party/FreeRTOS/Source/CMSIS_RTOS/cmsis_os.c ****   
 631:Middlewares/Third_Party/FreeRTOS/Source/CMSIS_RTOS/cmsis_os.c ****   
 632:Middlewares/Third_Party/FreeRTOS/Source/CMSIS_RTOS/cmsis_os.c ****   if (mutex_id == NULL) {
 977              		.loc 1 632 3 is_stmt 1 view .LVU221
 978              		.loc 1 632 6 is_stmt 0 view .LVU222
 979 0008 10B3     		cbz	r0, .L66
 980 000a 0D46     		mov	r5, r1
 981 000c 0446     		mov	r4, r0
 633:Middlewares/Third_Party/FreeRTOS/Source/CMSIS_RTOS/cmsis_os.c ****     return osErrorParameter;
ARM GAS  C:\Users\subdia\AppData\Local\Temp\cccoGacS.s 			page 33


 634:Middlewares/Third_Party/FreeRTOS/Source/CMSIS_RTOS/cmsis_os.c ****   }
 635:Middlewares/Third_Party/FreeRTOS/Source/CMSIS_RTOS/cmsis_os.c ****   
 636:Middlewares/Third_Party/FreeRTOS/Source/CMSIS_RTOS/cmsis_os.c ****   ticks = 0;
 982              		.loc 1 636 3 is_stmt 1 view .LVU223
 983              	.LVL66:
 637:Middlewares/Third_Party/FreeRTOS/Source/CMSIS_RTOS/cmsis_os.c ****   if (millisec == osWaitForever) {
 984              		.loc 1 637 3 view .LVU224
 638:Middlewares/Third_Party/FreeRTOS/Source/CMSIS_RTOS/cmsis_os.c ****     ticks = portMAX_DELAY;
 639:Middlewares/Third_Party/FreeRTOS/Source/CMSIS_RTOS/cmsis_os.c ****   }
 640:Middlewares/Third_Party/FreeRTOS/Source/CMSIS_RTOS/cmsis_os.c ****   else if (millisec != 0) {
 985              		.loc 1 640 8 view .LVU225
 641:Middlewares/Third_Party/FreeRTOS/Source/CMSIS_RTOS/cmsis_os.c ****     ticks = millisec / portTICK_PERIOD_MS;
 642:Middlewares/Third_Party/FreeRTOS/Source/CMSIS_RTOS/cmsis_os.c ****     if (ticks == 0) {
 643:Middlewares/Third_Party/FreeRTOS/Source/CMSIS_RTOS/cmsis_os.c ****       ticks = 1;
 644:Middlewares/Third_Party/FreeRTOS/Source/CMSIS_RTOS/cmsis_os.c ****     }
 645:Middlewares/Third_Party/FreeRTOS/Source/CMSIS_RTOS/cmsis_os.c ****   }
 646:Middlewares/Third_Party/FreeRTOS/Source/CMSIS_RTOS/cmsis_os.c ****   
 647:Middlewares/Third_Party/FreeRTOS/Source/CMSIS_RTOS/cmsis_os.c ****   if (inHandlerMode()) {
 986              		.loc 1 647 3 view .LVU226
 987              		.loc 1 647 7 is_stmt 0 view .LVU227
 988 000e FFF7FEFF 		bl	inHandlerMode
 989              	.LVL67:
 990              		.loc 1 647 6 discriminator 1 view .LVU228
 991 0012 A0B1     		cbz	r0, .L65
 648:Middlewares/Third_Party/FreeRTOS/Source/CMSIS_RTOS/cmsis_os.c ****     if (xSemaphoreTakeFromISR(mutex_id, &taskWoken) != pdTRUE) {
 992              		.loc 1 648 5 is_stmt 1 view .LVU229
 993              		.loc 1 648 9 is_stmt 0 view .LVU230
 994 0014 01AA     		add	r2, sp, #4
 995 0016 0021     		movs	r1, #0
 996 0018 2046     		mov	r0, r4
 997 001a FFF7FEFF 		bl	xQueueReceiveFromISR
 998              	.LVL68:
 999              		.loc 1 648 8 discriminator 1 view .LVU231
 1000 001e 0128     		cmp	r0, #1
 1001 0020 18D1     		bne	.L67
 649:Middlewares/Third_Party/FreeRTOS/Source/CMSIS_RTOS/cmsis_os.c ****       return osErrorOS;
 650:Middlewares/Third_Party/FreeRTOS/Source/CMSIS_RTOS/cmsis_os.c ****     }
 651:Middlewares/Third_Party/FreeRTOS/Source/CMSIS_RTOS/cmsis_os.c **** 	portEND_SWITCHING_ISR(taskWoken);
 1002              		.loc 1 651 2 is_stmt 1 view .LVU232
 1003 0022 019B     		ldr	r3, [sp, #4]
 1004 0024 C3B1     		cbz	r3, .L68
 1005              		.loc 1 651 2 discriminator 1 view .LVU233
 1006 0026 4FF0E023 		mov	r3, #-536813568
 1007 002a 4FF08052 		mov	r2, #268435456
 1008 002e C3F8042D 		str	r2, [r3, #3332]
 1009              		.loc 1 651 2 view .LVU234
 1010              		.loc 1 651 2 is_stmt 0 discriminator 1 view .LVU235
 1011              		.syntax unified
 1012              	@ 651 "Middlewares/Third_Party/FreeRTOS/Source/CMSIS_RTOS/cmsis_os.c" 1
 1013 0032 BFF34F8F 		dsb
 1014              	@ 0 "" 2
 1015              		.loc 1 651 2 is_stmt 1 view .LVU236
 1016              		.loc 1 651 2 is_stmt 0 discriminator 1 view .LVU237
 1017              	@ 651 "Middlewares/Third_Party/FreeRTOS/Source/CMSIS_RTOS/cmsis_os.c" 1
 1018 0036 BFF36F8F 		isb
 1019              	@ 0 "" 2
 652:Middlewares/Third_Party/FreeRTOS/Source/CMSIS_RTOS/cmsis_os.c ****   } 
ARM GAS  C:\Users\subdia\AppData\Local\Temp\cccoGacS.s 			page 34


 653:Middlewares/Third_Party/FreeRTOS/Source/CMSIS_RTOS/cmsis_os.c ****   else if (xSemaphoreTake(mutex_id, ticks) != pdTRUE) {
 654:Middlewares/Third_Party/FreeRTOS/Source/CMSIS_RTOS/cmsis_os.c ****     return osErrorOS;
 655:Middlewares/Third_Party/FreeRTOS/Source/CMSIS_RTOS/cmsis_os.c ****   }
 656:Middlewares/Third_Party/FreeRTOS/Source/CMSIS_RTOS/cmsis_os.c ****   
 657:Middlewares/Third_Party/FreeRTOS/Source/CMSIS_RTOS/cmsis_os.c ****   return osOK;
 1020              		.loc 1 657 10 view .LVU238
 1021              		.thumb
 1022              		.syntax unified
 1023 003a 0020     		movs	r0, #0
 1024 003c 06E0     		b	.L63
 1025              	.L65:
 653:Middlewares/Third_Party/FreeRTOS/Source/CMSIS_RTOS/cmsis_os.c ****     return osErrorOS;
 1026              		.loc 1 653 8 is_stmt 1 view .LVU239
 653:Middlewares/Third_Party/FreeRTOS/Source/CMSIS_RTOS/cmsis_os.c ****     return osErrorOS;
 1027              		.loc 1 653 12 is_stmt 0 view .LVU240
 1028 003e 2946     		mov	r1, r5
 1029 0040 2046     		mov	r0, r4
 1030 0042 FFF7FEFF 		bl	xQueueSemaphoreTake
 1031              	.LVL69:
 653:Middlewares/Third_Party/FreeRTOS/Source/CMSIS_RTOS/cmsis_os.c ****     return osErrorOS;
 1032              		.loc 1 653 11 discriminator 1 view .LVU241
 1033 0046 0128     		cmp	r0, #1
 1034 0048 08D1     		bne	.L69
 1035              		.loc 1 657 10 view .LVU242
 1036 004a 0020     		movs	r0, #0
 1037              	.LVL70:
 1038              	.L63:
 658:Middlewares/Third_Party/FreeRTOS/Source/CMSIS_RTOS/cmsis_os.c **** }
 1039              		.loc 1 658 1 view .LVU243
 1040 004c 03B0     		add	sp, sp, #12
 1041              	.LCFI23:
 1042              		.cfi_remember_state
 1043              		.cfi_def_cfa_offset 12
 1044              		@ sp needed
 1045 004e 30BD     		pop	{r4, r5, pc}
 1046              	.LVL71:
 1047              	.L66:
 1048              	.LCFI24:
 1049              		.cfi_restore_state
 633:Middlewares/Third_Party/FreeRTOS/Source/CMSIS_RTOS/cmsis_os.c ****   }
 1050              		.loc 1 633 12 view .LVU244
 1051 0050 8020     		movs	r0, #128
 1052              	.LVL72:
 633:Middlewares/Third_Party/FreeRTOS/Source/CMSIS_RTOS/cmsis_os.c ****   }
 1053              		.loc 1 633 12 view .LVU245
 1054 0052 FBE7     		b	.L63
 1055              	.LVL73:
 1056              	.L67:
 649:Middlewares/Third_Party/FreeRTOS/Source/CMSIS_RTOS/cmsis_os.c ****     }
 1057              		.loc 1 649 14 view .LVU246
 1058 0054 FF20     		movs	r0, #255
 1059 0056 F9E7     		b	.L63
 1060              	.L68:
 657:Middlewares/Third_Party/FreeRTOS/Source/CMSIS_RTOS/cmsis_os.c **** }
 1061              		.loc 1 657 10 view .LVU247
 1062 0058 1846     		mov	r0, r3
 1063 005a F7E7     		b	.L63
ARM GAS  C:\Users\subdia\AppData\Local\Temp\cccoGacS.s 			page 35


 1064              	.L69:
 654:Middlewares/Third_Party/FreeRTOS/Source/CMSIS_RTOS/cmsis_os.c ****   }
 1065              		.loc 1 654 12 view .LVU248
 1066 005c FF20     		movs	r0, #255
 1067 005e F5E7     		b	.L63
 1068              		.cfi_endproc
 1069              	.LFE69:
 1071              		.section	.text.osMutexRelease,"ax",%progbits
 1072              		.align	1
 1073              		.global	osMutexRelease
 1074              		.syntax unified
 1075              		.thumb
 1076              		.thumb_func
 1078              	osMutexRelease:
 1079              	.LVL74:
 1080              	.LFB70:
 659:Middlewares/Third_Party/FreeRTOS/Source/CMSIS_RTOS/cmsis_os.c **** 
 660:Middlewares/Third_Party/FreeRTOS/Source/CMSIS_RTOS/cmsis_os.c **** /**
 661:Middlewares/Third_Party/FreeRTOS/Source/CMSIS_RTOS/cmsis_os.c **** * @brief Release a Mutex that was obtained by \ref osMutexWait
 662:Middlewares/Third_Party/FreeRTOS/Source/CMSIS_RTOS/cmsis_os.c **** * @param mutex_id      mutex ID obtained by \ref osMutexCreate.
 663:Middlewares/Third_Party/FreeRTOS/Source/CMSIS_RTOS/cmsis_os.c **** * @retval  status code that indicates the execution status of the function.
 664:Middlewares/Third_Party/FreeRTOS/Source/CMSIS_RTOS/cmsis_os.c **** * @note   MUST REMAIN UNCHANGED: \b osMutexRelease shall be consistent in every CMSIS-RTOS.
 665:Middlewares/Third_Party/FreeRTOS/Source/CMSIS_RTOS/cmsis_os.c **** */
 666:Middlewares/Third_Party/FreeRTOS/Source/CMSIS_RTOS/cmsis_os.c **** osStatus osMutexRelease (osMutexId mutex_id)
 667:Middlewares/Third_Party/FreeRTOS/Source/CMSIS_RTOS/cmsis_os.c **** {
 1081              		.loc 1 667 1 is_stmt 1 view -0
 1082              		.cfi_startproc
 1083              		@ args = 0, pretend = 0, frame = 8
 1084              		@ frame_needed = 0, uses_anonymous_args = 0
 1085              		.loc 1 667 1 is_stmt 0 view .LVU250
 1086 0000 10B5     		push	{r4, lr}
 1087              	.LCFI25:
 1088              		.cfi_def_cfa_offset 8
 1089              		.cfi_offset 4, -8
 1090              		.cfi_offset 14, -4
 1091 0002 82B0     		sub	sp, sp, #8
 1092              	.LCFI26:
 1093              		.cfi_def_cfa_offset 16
 1094 0004 0446     		mov	r4, r0
 668:Middlewares/Third_Party/FreeRTOS/Source/CMSIS_RTOS/cmsis_os.c ****   osStatus result = osOK;
 1095              		.loc 1 668 3 is_stmt 1 view .LVU251
 1096              	.LVL75:
 669:Middlewares/Third_Party/FreeRTOS/Source/CMSIS_RTOS/cmsis_os.c ****   portBASE_TYPE taskWoken = pdFALSE;
 1097              		.loc 1 669 3 view .LVU252
 1098              		.loc 1 669 17 is_stmt 0 view .LVU253
 1099 0006 0023     		movs	r3, #0
 1100 0008 0193     		str	r3, [sp, #4]
 670:Middlewares/Third_Party/FreeRTOS/Source/CMSIS_RTOS/cmsis_os.c ****   
 671:Middlewares/Third_Party/FreeRTOS/Source/CMSIS_RTOS/cmsis_os.c ****   if (inHandlerMode()) {
 1101              		.loc 1 671 3 is_stmt 1 view .LVU254
 1102              		.loc 1 671 7 is_stmt 0 view .LVU255
 1103 000a FFF7FEFF 		bl	inHandlerMode
 1104              	.LVL76:
 1105              		.loc 1 671 6 discriminator 1 view .LVU256
 1106 000e 98B1     		cbz	r0, .L72
 672:Middlewares/Third_Party/FreeRTOS/Source/CMSIS_RTOS/cmsis_os.c ****     if (xSemaphoreGiveFromISR(mutex_id, &taskWoken) != pdTRUE) {
 1107              		.loc 1 672 5 is_stmt 1 view .LVU257
ARM GAS  C:\Users\subdia\AppData\Local\Temp\cccoGacS.s 			page 36


 1108              		.loc 1 672 9 is_stmt 0 view .LVU258
 1109 0010 01A9     		add	r1, sp, #4
 1110 0012 2046     		mov	r0, r4
 1111 0014 FFF7FEFF 		bl	xQueueGiveFromISR
 1112              	.LVL77:
 1113              		.loc 1 672 8 discriminator 1 view .LVU259
 1114 0018 0128     		cmp	r0, #1
 1115 001a 1AD1     		bne	.L74
 673:Middlewares/Third_Party/FreeRTOS/Source/CMSIS_RTOS/cmsis_os.c ****       return osErrorOS;
 674:Middlewares/Third_Party/FreeRTOS/Source/CMSIS_RTOS/cmsis_os.c ****     }
 675:Middlewares/Third_Party/FreeRTOS/Source/CMSIS_RTOS/cmsis_os.c ****     portEND_SWITCHING_ISR(taskWoken);
 1116              		.loc 1 675 5 is_stmt 1 view .LVU260
 1117 001c 019B     		ldr	r3, [sp, #4]
 1118 001e D3B1     		cbz	r3, .L75
 1119              		.loc 1 675 5 discriminator 1 view .LVU261
 1120 0020 4FF0E023 		mov	r3, #-536813568
 1121 0024 4FF08052 		mov	r2, #268435456
 1122 0028 C3F8042D 		str	r2, [r3, #3332]
 1123              		.loc 1 675 5 view .LVU262
 1124              		.loc 1 675 5 is_stmt 0 discriminator 1 view .LVU263
 1125              		.syntax unified
 1126              	@ 675 "Middlewares/Third_Party/FreeRTOS/Source/CMSIS_RTOS/cmsis_os.c" 1
 1127 002c BFF34F8F 		dsb
 1128              	@ 0 "" 2
 1129              		.loc 1 675 5 is_stmt 1 view .LVU264
 1130              		.loc 1 675 5 is_stmt 0 discriminator 1 view .LVU265
 1131              	@ 675 "Middlewares/Third_Party/FreeRTOS/Source/CMSIS_RTOS/cmsis_os.c" 1
 1132 0030 BFF36F8F 		isb
 1133              	@ 0 "" 2
 668:Middlewares/Third_Party/FreeRTOS/Source/CMSIS_RTOS/cmsis_os.c ****   portBASE_TYPE taskWoken = pdFALSE;
 1134              		.loc 1 668 12 view .LVU266
 1135              		.thumb
 1136              		.syntax unified
 1137 0034 0020     		movs	r0, #0
 1138 0036 08E0     		b	.L71
 1139              	.L72:
 676:Middlewares/Third_Party/FreeRTOS/Source/CMSIS_RTOS/cmsis_os.c ****   }
 677:Middlewares/Third_Party/FreeRTOS/Source/CMSIS_RTOS/cmsis_os.c ****   else if (xSemaphoreGive(mutex_id) != pdTRUE) 
 1140              		.loc 1 677 8 is_stmt 1 view .LVU267
 1141              		.loc 1 677 12 is_stmt 0 view .LVU268
 1142 0038 0346     		mov	r3, r0
 1143 003a 0246     		mov	r2, r0
 1144 003c 0146     		mov	r1, r0
 1145 003e 2046     		mov	r0, r4
 1146 0040 FFF7FEFF 		bl	xQueueGenericSend
 1147              	.LVL78:
 1148              		.loc 1 677 11 discriminator 1 view .LVU269
 1149 0044 0128     		cmp	r0, #1
 1150 0046 02D0     		beq	.L78
 678:Middlewares/Third_Party/FreeRTOS/Source/CMSIS_RTOS/cmsis_os.c ****   {
 679:Middlewares/Third_Party/FreeRTOS/Source/CMSIS_RTOS/cmsis_os.c ****     result = osErrorOS;
 1151              		.loc 1 679 12 view .LVU270
 1152 0048 FF20     		movs	r0, #255
 1153              	.LVL79:
 1154              	.L71:
 680:Middlewares/Third_Party/FreeRTOS/Source/CMSIS_RTOS/cmsis_os.c ****   }
 681:Middlewares/Third_Party/FreeRTOS/Source/CMSIS_RTOS/cmsis_os.c ****   return result;
ARM GAS  C:\Users\subdia\AppData\Local\Temp\cccoGacS.s 			page 37


 682:Middlewares/Third_Party/FreeRTOS/Source/CMSIS_RTOS/cmsis_os.c **** }
 1155              		.loc 1 682 1 view .LVU271
 1156 004a 02B0     		add	sp, sp, #8
 1157              	.LCFI27:
 1158              		.cfi_remember_state
 1159              		.cfi_def_cfa_offset 8
 1160              		@ sp needed
 1161 004c 10BD     		pop	{r4, pc}
 1162              	.LVL80:
 1163              	.L78:
 1164              	.LCFI28:
 1165              		.cfi_restore_state
 668:Middlewares/Third_Party/FreeRTOS/Source/CMSIS_RTOS/cmsis_os.c ****   portBASE_TYPE taskWoken = pdFALSE;
 1166              		.loc 1 668 12 view .LVU272
 1167 004e 0020     		movs	r0, #0
 1168 0050 FBE7     		b	.L71
 1169              	.L74:
 673:Middlewares/Third_Party/FreeRTOS/Source/CMSIS_RTOS/cmsis_os.c ****     }
 1170              		.loc 1 673 14 view .LVU273
 1171 0052 FF20     		movs	r0, #255
 1172 0054 F9E7     		b	.L71
 1173              	.L75:
 668:Middlewares/Third_Party/FreeRTOS/Source/CMSIS_RTOS/cmsis_os.c ****   portBASE_TYPE taskWoken = pdFALSE;
 1174              		.loc 1 668 12 view .LVU274
 1175 0056 1846     		mov	r0, r3
 1176 0058 F7E7     		b	.L71
 1177              		.cfi_endproc
 1178              	.LFE70:
 1180              		.section	.text.osMutexDelete,"ax",%progbits
 1181              		.align	1
 1182              		.global	osMutexDelete
 1183              		.syntax unified
 1184              		.thumb
 1185              		.thumb_func
 1187              	osMutexDelete:
 1188              	.LVL81:
 1189              	.LFB71:
 683:Middlewares/Third_Party/FreeRTOS/Source/CMSIS_RTOS/cmsis_os.c **** 
 684:Middlewares/Third_Party/FreeRTOS/Source/CMSIS_RTOS/cmsis_os.c **** /**
 685:Middlewares/Third_Party/FreeRTOS/Source/CMSIS_RTOS/cmsis_os.c **** * @brief Delete a Mutex
 686:Middlewares/Third_Party/FreeRTOS/Source/CMSIS_RTOS/cmsis_os.c **** * @param mutex_id  mutex ID obtained by \ref osMutexCreate.
 687:Middlewares/Third_Party/FreeRTOS/Source/CMSIS_RTOS/cmsis_os.c **** * @retval  status code that indicates the execution status of the function.
 688:Middlewares/Third_Party/FreeRTOS/Source/CMSIS_RTOS/cmsis_os.c **** * @note   MUST REMAIN UNCHANGED: \b osMutexDelete shall be consistent in every CMSIS-RTOS.
 689:Middlewares/Third_Party/FreeRTOS/Source/CMSIS_RTOS/cmsis_os.c **** */
 690:Middlewares/Third_Party/FreeRTOS/Source/CMSIS_RTOS/cmsis_os.c **** osStatus osMutexDelete (osMutexId mutex_id)
 691:Middlewares/Third_Party/FreeRTOS/Source/CMSIS_RTOS/cmsis_os.c **** {
 1190              		.loc 1 691 1 is_stmt 1 view -0
 1191              		.cfi_startproc
 1192              		@ args = 0, pretend = 0, frame = 0
 1193              		@ frame_needed = 0, uses_anonymous_args = 0
 1194              		.loc 1 691 1 is_stmt 0 view .LVU276
 1195 0000 10B5     		push	{r4, lr}
 1196              	.LCFI29:
 1197              		.cfi_def_cfa_offset 8
 1198              		.cfi_offset 4, -8
 1199              		.cfi_offset 14, -4
 1200 0002 0446     		mov	r4, r0
ARM GAS  C:\Users\subdia\AppData\Local\Temp\cccoGacS.s 			page 38


 692:Middlewares/Third_Party/FreeRTOS/Source/CMSIS_RTOS/cmsis_os.c ****   if (inHandlerMode()) {
 1201              		.loc 1 692 3 is_stmt 1 view .LVU277
 1202              		.loc 1 692 7 is_stmt 0 view .LVU278
 1203 0004 FFF7FEFF 		bl	inHandlerMode
 1204              	.LVL82:
 1205              		.loc 1 692 6 discriminator 1 view .LVU279
 1206 0008 20B9     		cbnz	r0, .L81
 693:Middlewares/Third_Party/FreeRTOS/Source/CMSIS_RTOS/cmsis_os.c ****     return osErrorISR;
 694:Middlewares/Third_Party/FreeRTOS/Source/CMSIS_RTOS/cmsis_os.c ****   }
 695:Middlewares/Third_Party/FreeRTOS/Source/CMSIS_RTOS/cmsis_os.c **** 
 696:Middlewares/Third_Party/FreeRTOS/Source/CMSIS_RTOS/cmsis_os.c ****   vQueueDelete(mutex_id);
 1207              		.loc 1 696 3 is_stmt 1 view .LVU280
 1208 000a 2046     		mov	r0, r4
 1209 000c FFF7FEFF 		bl	vQueueDelete
 1210              	.LVL83:
 697:Middlewares/Third_Party/FreeRTOS/Source/CMSIS_RTOS/cmsis_os.c **** 
 698:Middlewares/Third_Party/FreeRTOS/Source/CMSIS_RTOS/cmsis_os.c ****   return osOK;
 1211              		.loc 1 698 3 view .LVU281
 1212              		.loc 1 698 10 is_stmt 0 view .LVU282
 1213 0010 0020     		movs	r0, #0
 1214              	.L79:
 699:Middlewares/Third_Party/FreeRTOS/Source/CMSIS_RTOS/cmsis_os.c **** }
 1215              		.loc 1 699 1 view .LVU283
 1216 0012 10BD     		pop	{r4, pc}
 1217              	.LVL84:
 1218              	.L81:
 693:Middlewares/Third_Party/FreeRTOS/Source/CMSIS_RTOS/cmsis_os.c ****     return osErrorISR;
 1219              		.loc 1 693 12 view .LVU284
 1220 0014 8220     		movs	r0, #130
 1221 0016 FCE7     		b	.L79
 1222              		.cfi_endproc
 1223              	.LFE71:
 1225              		.section	.text.osSemaphoreCreate,"ax",%progbits
 1226              		.align	1
 1227              		.global	osSemaphoreCreate
 1228              		.syntax unified
 1229              		.thumb
 1230              		.thumb_func
 1232              	osSemaphoreCreate:
 1233              	.LVL85:
 1234              	.LFB72:
 700:Middlewares/Third_Party/FreeRTOS/Source/CMSIS_RTOS/cmsis_os.c **** 
 701:Middlewares/Third_Party/FreeRTOS/Source/CMSIS_RTOS/cmsis_os.c **** /********************  Semaphore Management Functions **************************/
 702:Middlewares/Third_Party/FreeRTOS/Source/CMSIS_RTOS/cmsis_os.c **** 
 703:Middlewares/Third_Party/FreeRTOS/Source/CMSIS_RTOS/cmsis_os.c **** #if (defined (osFeature_Semaphore)  &&  (osFeature_Semaphore != 0))
 704:Middlewares/Third_Party/FreeRTOS/Source/CMSIS_RTOS/cmsis_os.c **** 
 705:Middlewares/Third_Party/FreeRTOS/Source/CMSIS_RTOS/cmsis_os.c **** /**
 706:Middlewares/Third_Party/FreeRTOS/Source/CMSIS_RTOS/cmsis_os.c **** * @brief Create and Initialize a Semaphore object used for managing resources
 707:Middlewares/Third_Party/FreeRTOS/Source/CMSIS_RTOS/cmsis_os.c **** * @param semaphore_def semaphore definition referenced with \ref osSemaphore.
 708:Middlewares/Third_Party/FreeRTOS/Source/CMSIS_RTOS/cmsis_os.c **** * @param count         number of available resources.
 709:Middlewares/Third_Party/FreeRTOS/Source/CMSIS_RTOS/cmsis_os.c **** * @retval  semaphore ID for reference by other functions or NULL in case of error.
 710:Middlewares/Third_Party/FreeRTOS/Source/CMSIS_RTOS/cmsis_os.c **** * @note   MUST REMAIN UNCHANGED: \b osSemaphoreCreate shall be consistent in every CMSIS-RTOS.
 711:Middlewares/Third_Party/FreeRTOS/Source/CMSIS_RTOS/cmsis_os.c **** */
 712:Middlewares/Third_Party/FreeRTOS/Source/CMSIS_RTOS/cmsis_os.c **** osSemaphoreId osSemaphoreCreate (const osSemaphoreDef_t *semaphore_def, int32_t count)
 713:Middlewares/Third_Party/FreeRTOS/Source/CMSIS_RTOS/cmsis_os.c **** { 
 1235              		.loc 1 713 1 is_stmt 1 view -0
 1236              		.cfi_startproc
ARM GAS  C:\Users\subdia\AppData\Local\Temp\cccoGacS.s 			page 39


 1237              		@ args = 0, pretend = 0, frame = 0
 1238              		@ frame_needed = 0, uses_anonymous_args = 0
 1239              		.loc 1 713 1 is_stmt 0 view .LVU286
 1240 0000 10B5     		push	{r4, lr}
 1241              	.LCFI30:
 1242              		.cfi_def_cfa_offset 8
 1243              		.cfi_offset 4, -8
 1244              		.cfi_offset 14, -4
 1245 0002 82B0     		sub	sp, sp, #8
 1246              	.LCFI31:
 1247              		.cfi_def_cfa_offset 16
 714:Middlewares/Third_Party/FreeRTOS/Source/CMSIS_RTOS/cmsis_os.c **** #if( configSUPPORT_STATIC_ALLOCATION == 1 ) && ( configSUPPORT_DYNAMIC_ALLOCATION == 1 )
 715:Middlewares/Third_Party/FreeRTOS/Source/CMSIS_RTOS/cmsis_os.c **** 
 716:Middlewares/Third_Party/FreeRTOS/Source/CMSIS_RTOS/cmsis_os.c ****   osSemaphoreId sema;
 1248              		.loc 1 716 3 is_stmt 1 view .LVU287
 717:Middlewares/Third_Party/FreeRTOS/Source/CMSIS_RTOS/cmsis_os.c ****   
 718:Middlewares/Third_Party/FreeRTOS/Source/CMSIS_RTOS/cmsis_os.c ****   if (semaphore_def->controlblock != NULL){
 1249              		.loc 1 718 3 view .LVU288
 1250              		.loc 1 718 20 is_stmt 0 view .LVU289
 1251 0004 4468     		ldr	r4, [r0, #4]
 1252              		.loc 1 718 6 view .LVU290
 1253 0006 7CB1     		cbz	r4, .L84
 719:Middlewares/Third_Party/FreeRTOS/Source/CMSIS_RTOS/cmsis_os.c ****     if (count == 1) {
 1254              		.loc 1 719 5 is_stmt 1 view .LVU291
 1255              		.loc 1 719 8 is_stmt 0 view .LVU292
 1256 0008 0129     		cmp	r1, #1
 1257 000a 03D0     		beq	.L89
 720:Middlewares/Third_Party/FreeRTOS/Source/CMSIS_RTOS/cmsis_os.c ****       return xSemaphoreCreateBinaryStatic( semaphore_def->controlblock );
 721:Middlewares/Third_Party/FreeRTOS/Source/CMSIS_RTOS/cmsis_os.c ****     }
 722:Middlewares/Third_Party/FreeRTOS/Source/CMSIS_RTOS/cmsis_os.c ****     else {
 723:Middlewares/Third_Party/FreeRTOS/Source/CMSIS_RTOS/cmsis_os.c **** #if (configUSE_COUNTING_SEMAPHORES == 1 )
 724:Middlewares/Third_Party/FreeRTOS/Source/CMSIS_RTOS/cmsis_os.c ****       return xSemaphoreCreateCountingStatic( count, count, semaphore_def->controlblock );
 725:Middlewares/Third_Party/FreeRTOS/Source/CMSIS_RTOS/cmsis_os.c **** #else
 726:Middlewares/Third_Party/FreeRTOS/Source/CMSIS_RTOS/cmsis_os.c ****       return NULL;
 1258              		.loc 1 726 14 view .LVU293
 1259 000c 0024     		movs	r4, #0
 1260              	.LVL86:
 1261              	.L83:
 727:Middlewares/Third_Party/FreeRTOS/Source/CMSIS_RTOS/cmsis_os.c **** #endif
 728:Middlewares/Third_Party/FreeRTOS/Source/CMSIS_RTOS/cmsis_os.c ****     }
 729:Middlewares/Third_Party/FreeRTOS/Source/CMSIS_RTOS/cmsis_os.c ****   }
 730:Middlewares/Third_Party/FreeRTOS/Source/CMSIS_RTOS/cmsis_os.c ****   else {
 731:Middlewares/Third_Party/FreeRTOS/Source/CMSIS_RTOS/cmsis_os.c ****     if (count == 1) {
 732:Middlewares/Third_Party/FreeRTOS/Source/CMSIS_RTOS/cmsis_os.c ****       vSemaphoreCreateBinary(sema);
 733:Middlewares/Third_Party/FreeRTOS/Source/CMSIS_RTOS/cmsis_os.c ****       return sema;
 734:Middlewares/Third_Party/FreeRTOS/Source/CMSIS_RTOS/cmsis_os.c ****     }
 735:Middlewares/Third_Party/FreeRTOS/Source/CMSIS_RTOS/cmsis_os.c ****     else {
 736:Middlewares/Third_Party/FreeRTOS/Source/CMSIS_RTOS/cmsis_os.c **** #if (configUSE_COUNTING_SEMAPHORES == 1 )	
 737:Middlewares/Third_Party/FreeRTOS/Source/CMSIS_RTOS/cmsis_os.c ****       return xSemaphoreCreateCounting(count, count);
 738:Middlewares/Third_Party/FreeRTOS/Source/CMSIS_RTOS/cmsis_os.c **** #else
 739:Middlewares/Third_Party/FreeRTOS/Source/CMSIS_RTOS/cmsis_os.c ****       return NULL;
 740:Middlewares/Third_Party/FreeRTOS/Source/CMSIS_RTOS/cmsis_os.c **** #endif    
 741:Middlewares/Third_Party/FreeRTOS/Source/CMSIS_RTOS/cmsis_os.c ****     }
 742:Middlewares/Third_Party/FreeRTOS/Source/CMSIS_RTOS/cmsis_os.c ****   }
 743:Middlewares/Third_Party/FreeRTOS/Source/CMSIS_RTOS/cmsis_os.c **** #elif ( configSUPPORT_STATIC_ALLOCATION == 1 ) // configSUPPORT_DYNAMIC_ALLOCATION == 0
 744:Middlewares/Third_Party/FreeRTOS/Source/CMSIS_RTOS/cmsis_os.c ****   if(count == 1) {
 745:Middlewares/Third_Party/FreeRTOS/Source/CMSIS_RTOS/cmsis_os.c ****     return xSemaphoreCreateBinaryStatic( semaphore_def->controlblock );
ARM GAS  C:\Users\subdia\AppData\Local\Temp\cccoGacS.s 			page 40


 746:Middlewares/Third_Party/FreeRTOS/Source/CMSIS_RTOS/cmsis_os.c ****   }
 747:Middlewares/Third_Party/FreeRTOS/Source/CMSIS_RTOS/cmsis_os.c ****   else
 748:Middlewares/Third_Party/FreeRTOS/Source/CMSIS_RTOS/cmsis_os.c ****   {
 749:Middlewares/Third_Party/FreeRTOS/Source/CMSIS_RTOS/cmsis_os.c **** #if (configUSE_COUNTING_SEMAPHORES == 1 )
 750:Middlewares/Third_Party/FreeRTOS/Source/CMSIS_RTOS/cmsis_os.c ****       return xSemaphoreCreateCountingStatic( count, count, semaphore_def->controlblock );
 751:Middlewares/Third_Party/FreeRTOS/Source/CMSIS_RTOS/cmsis_os.c **** #else
 752:Middlewares/Third_Party/FreeRTOS/Source/CMSIS_RTOS/cmsis_os.c ****       return NULL;
 753:Middlewares/Third_Party/FreeRTOS/Source/CMSIS_RTOS/cmsis_os.c **** #endif    
 754:Middlewares/Third_Party/FreeRTOS/Source/CMSIS_RTOS/cmsis_os.c ****   }
 755:Middlewares/Third_Party/FreeRTOS/Source/CMSIS_RTOS/cmsis_os.c **** #else  // configSUPPORT_STATIC_ALLOCATION == 0  && configSUPPORT_DYNAMIC_ALLOCATION == 1
 756:Middlewares/Third_Party/FreeRTOS/Source/CMSIS_RTOS/cmsis_os.c ****   osSemaphoreId sema;
 757:Middlewares/Third_Party/FreeRTOS/Source/CMSIS_RTOS/cmsis_os.c ****  
 758:Middlewares/Third_Party/FreeRTOS/Source/CMSIS_RTOS/cmsis_os.c ****   if (count == 1) {
 759:Middlewares/Third_Party/FreeRTOS/Source/CMSIS_RTOS/cmsis_os.c ****     vSemaphoreCreateBinary(sema);
 760:Middlewares/Third_Party/FreeRTOS/Source/CMSIS_RTOS/cmsis_os.c ****     return sema;
 761:Middlewares/Third_Party/FreeRTOS/Source/CMSIS_RTOS/cmsis_os.c ****   }
 762:Middlewares/Third_Party/FreeRTOS/Source/CMSIS_RTOS/cmsis_os.c ****   else {
 763:Middlewares/Third_Party/FreeRTOS/Source/CMSIS_RTOS/cmsis_os.c **** #if (configUSE_COUNTING_SEMAPHORES == 1 )	
 764:Middlewares/Third_Party/FreeRTOS/Source/CMSIS_RTOS/cmsis_os.c ****     return xSemaphoreCreateCounting(count, count);
 765:Middlewares/Third_Party/FreeRTOS/Source/CMSIS_RTOS/cmsis_os.c **** #else
 766:Middlewares/Third_Party/FreeRTOS/Source/CMSIS_RTOS/cmsis_os.c ****     return NULL;
 767:Middlewares/Third_Party/FreeRTOS/Source/CMSIS_RTOS/cmsis_os.c **** #endif
 768:Middlewares/Third_Party/FreeRTOS/Source/CMSIS_RTOS/cmsis_os.c ****   }
 769:Middlewares/Third_Party/FreeRTOS/Source/CMSIS_RTOS/cmsis_os.c **** #endif
 770:Middlewares/Third_Party/FreeRTOS/Source/CMSIS_RTOS/cmsis_os.c **** }
 1262              		.loc 1 770 1 view .LVU294
 1263 000e 2046     		mov	r0, r4
 1264 0010 02B0     		add	sp, sp, #8
 1265              	.LCFI32:
 1266              		.cfi_remember_state
 1267              		.cfi_def_cfa_offset 8
 1268              		@ sp needed
 1269 0012 10BD     		pop	{r4, pc}
 1270              	.LVL87:
 1271              	.L89:
 1272              	.LCFI33:
 1273              		.cfi_restore_state
 720:Middlewares/Third_Party/FreeRTOS/Source/CMSIS_RTOS/cmsis_os.c ****       return xSemaphoreCreateBinaryStatic( semaphore_def->controlblock );
 1274              		.loc 1 720 7 is_stmt 1 view .LVU295
 720:Middlewares/Third_Party/FreeRTOS/Source/CMSIS_RTOS/cmsis_os.c ****       return xSemaphoreCreateBinaryStatic( semaphore_def->controlblock );
 1275              		.loc 1 720 14 is_stmt 0 view .LVU296
 1276 0014 0323     		movs	r3, #3
 1277 0016 0093     		str	r3, [sp]
 1278 0018 2346     		mov	r3, r4
 1279 001a 0022     		movs	r2, #0
 1280 001c 1146     		mov	r1, r2
 1281              	.LVL88:
 720:Middlewares/Third_Party/FreeRTOS/Source/CMSIS_RTOS/cmsis_os.c ****       return xSemaphoreCreateBinaryStatic( semaphore_def->controlblock );
 1282              		.loc 1 720 14 view .LVU297
 1283 001e 0120     		movs	r0, #1
 1284              	.LVL89:
 720:Middlewares/Third_Party/FreeRTOS/Source/CMSIS_RTOS/cmsis_os.c ****       return xSemaphoreCreateBinaryStatic( semaphore_def->controlblock );
 1285              		.loc 1 720 14 view .LVU298
 1286 0020 FFF7FEFF 		bl	xQueueGenericCreateStatic
 1287              	.LVL90:
 1288 0024 0446     		mov	r4, r0
 1289 0026 F2E7     		b	.L83
ARM GAS  C:\Users\subdia\AppData\Local\Temp\cccoGacS.s 			page 41


 1290              	.LVL91:
 1291              	.L84:
 731:Middlewares/Third_Party/FreeRTOS/Source/CMSIS_RTOS/cmsis_os.c ****       vSemaphoreCreateBinary(sema);
 1292              		.loc 1 731 5 is_stmt 1 view .LVU299
 731:Middlewares/Third_Party/FreeRTOS/Source/CMSIS_RTOS/cmsis_os.c ****       vSemaphoreCreateBinary(sema);
 1293              		.loc 1 731 8 is_stmt 0 view .LVU300
 1294 0028 0129     		cmp	r1, #1
 1295 002a F0D1     		bne	.L83
 732:Middlewares/Third_Party/FreeRTOS/Source/CMSIS_RTOS/cmsis_os.c ****       return sema;
 1296              		.loc 1 732 7 is_stmt 1 view .LVU301
 1297 002c 0322     		movs	r2, #3
 1298 002e 2146     		mov	r1, r4
 1299              	.LVL92:
 732:Middlewares/Third_Party/FreeRTOS/Source/CMSIS_RTOS/cmsis_os.c ****       return sema;
 1300              		.loc 1 732 7 is_stmt 0 view .LVU302
 1301 0030 0120     		movs	r0, #1
 1302              	.LVL93:
 732:Middlewares/Third_Party/FreeRTOS/Source/CMSIS_RTOS/cmsis_os.c ****       return sema;
 1303              		.loc 1 732 7 view .LVU303
 1304 0032 FFF7FEFF 		bl	xQueueGenericCreate
 1305              	.LVL94:
 732:Middlewares/Third_Party/FreeRTOS/Source/CMSIS_RTOS/cmsis_os.c ****       return sema;
 1306              		.loc 1 732 7 is_stmt 1 discriminator 1 view .LVU304
 1307 0036 0446     		mov	r4, r0
 1308 0038 0028     		cmp	r0, #0
 1309 003a E8D0     		beq	.L83
 732:Middlewares/Third_Party/FreeRTOS/Source/CMSIS_RTOS/cmsis_os.c ****       return sema;
 1310              		.loc 1 732 7 discriminator 2 view .LVU305
 1311 003c 0023     		movs	r3, #0
 1312 003e 1A46     		mov	r2, r3
 1313 0040 1946     		mov	r1, r3
 1314 0042 FFF7FEFF 		bl	xQueueGenericSend
 1315              	.LVL95:
 732:Middlewares/Third_Party/FreeRTOS/Source/CMSIS_RTOS/cmsis_os.c ****       return sema;
 1316              		.loc 1 732 35 view .LVU306
 733:Middlewares/Third_Party/FreeRTOS/Source/CMSIS_RTOS/cmsis_os.c ****     }
 1317              		.loc 1 733 7 view .LVU307
 733:Middlewares/Third_Party/FreeRTOS/Source/CMSIS_RTOS/cmsis_os.c ****     }
 1318              		.loc 1 733 14 is_stmt 0 view .LVU308
 1319 0046 E2E7     		b	.L83
 1320              		.cfi_endproc
 1321              	.LFE72:
 1323              		.section	.text.osSemaphoreWait,"ax",%progbits
 1324              		.align	1
 1325              		.global	osSemaphoreWait
 1326              		.syntax unified
 1327              		.thumb
 1328              		.thumb_func
 1330              	osSemaphoreWait:
 1331              	.LVL96:
 1332              	.LFB73:
 771:Middlewares/Third_Party/FreeRTOS/Source/CMSIS_RTOS/cmsis_os.c **** 
 772:Middlewares/Third_Party/FreeRTOS/Source/CMSIS_RTOS/cmsis_os.c **** /**
 773:Middlewares/Third_Party/FreeRTOS/Source/CMSIS_RTOS/cmsis_os.c **** * @brief Wait until a Semaphore token becomes available
 774:Middlewares/Third_Party/FreeRTOS/Source/CMSIS_RTOS/cmsis_os.c **** * @param  semaphore_id  semaphore object referenced with \ref osSemaphore.
 775:Middlewares/Third_Party/FreeRTOS/Source/CMSIS_RTOS/cmsis_os.c **** * @param  millisec      timeout value or 0 in case of no time-out.
 776:Middlewares/Third_Party/FreeRTOS/Source/CMSIS_RTOS/cmsis_os.c **** * @retval  number of available tokens, or -1 in case of incorrect parameters.
ARM GAS  C:\Users\subdia\AppData\Local\Temp\cccoGacS.s 			page 42


 777:Middlewares/Third_Party/FreeRTOS/Source/CMSIS_RTOS/cmsis_os.c **** * @note   MUST REMAIN UNCHANGED: \b osSemaphoreWait shall be consistent in every CMSIS-RTOS.
 778:Middlewares/Third_Party/FreeRTOS/Source/CMSIS_RTOS/cmsis_os.c **** */
 779:Middlewares/Third_Party/FreeRTOS/Source/CMSIS_RTOS/cmsis_os.c **** int32_t osSemaphoreWait (osSemaphoreId semaphore_id, uint32_t millisec)
 780:Middlewares/Third_Party/FreeRTOS/Source/CMSIS_RTOS/cmsis_os.c **** {
 1333              		.loc 1 780 1 is_stmt 1 view -0
 1334              		.cfi_startproc
 1335              		@ args = 0, pretend = 0, frame = 8
 1336              		@ frame_needed = 0, uses_anonymous_args = 0
 1337              		.loc 1 780 1 is_stmt 0 view .LVU310
 1338 0000 70B5     		push	{r4, r5, r6, lr}
 1339              	.LCFI34:
 1340              		.cfi_def_cfa_offset 16
 1341              		.cfi_offset 4, -16
 1342              		.cfi_offset 5, -12
 1343              		.cfi_offset 6, -8
 1344              		.cfi_offset 14, -4
 1345 0002 82B0     		sub	sp, sp, #8
 1346              	.LCFI35:
 1347              		.cfi_def_cfa_offset 24
 781:Middlewares/Third_Party/FreeRTOS/Source/CMSIS_RTOS/cmsis_os.c ****   TickType_t ticks;
 1348              		.loc 1 781 3 is_stmt 1 view .LVU311
 782:Middlewares/Third_Party/FreeRTOS/Source/CMSIS_RTOS/cmsis_os.c ****   portBASE_TYPE taskWoken = pdFALSE;  
 1349              		.loc 1 782 3 view .LVU312
 1350              		.loc 1 782 17 is_stmt 0 view .LVU313
 1351 0004 0023     		movs	r3, #0
 1352 0006 0193     		str	r3, [sp, #4]
 783:Middlewares/Third_Party/FreeRTOS/Source/CMSIS_RTOS/cmsis_os.c ****   
 784:Middlewares/Third_Party/FreeRTOS/Source/CMSIS_RTOS/cmsis_os.c ****   
 785:Middlewares/Third_Party/FreeRTOS/Source/CMSIS_RTOS/cmsis_os.c ****   if (semaphore_id == NULL) {
 1353              		.loc 1 785 3 is_stmt 1 view .LVU314
 1354              		.loc 1 785 6 is_stmt 0 view .LVU315
 1355 0008 28B3     		cbz	r0, .L93
 1356 000a 0E46     		mov	r6, r1
 1357 000c 0446     		mov	r4, r0
 786:Middlewares/Third_Party/FreeRTOS/Source/CMSIS_RTOS/cmsis_os.c ****     return osErrorParameter;
 787:Middlewares/Third_Party/FreeRTOS/Source/CMSIS_RTOS/cmsis_os.c ****   }
 788:Middlewares/Third_Party/FreeRTOS/Source/CMSIS_RTOS/cmsis_os.c ****   
 789:Middlewares/Third_Party/FreeRTOS/Source/CMSIS_RTOS/cmsis_os.c ****   ticks = 0;
 1358              		.loc 1 789 3 is_stmt 1 view .LVU316
 1359              	.LVL97:
 790:Middlewares/Third_Party/FreeRTOS/Source/CMSIS_RTOS/cmsis_os.c ****   if (millisec == osWaitForever) {
 1360              		.loc 1 790 3 view .LVU317
 791:Middlewares/Third_Party/FreeRTOS/Source/CMSIS_RTOS/cmsis_os.c ****     ticks = portMAX_DELAY;
 792:Middlewares/Third_Party/FreeRTOS/Source/CMSIS_RTOS/cmsis_os.c ****   }
 793:Middlewares/Third_Party/FreeRTOS/Source/CMSIS_RTOS/cmsis_os.c ****   else if (millisec != 0) {
 1361              		.loc 1 793 8 view .LVU318
 794:Middlewares/Third_Party/FreeRTOS/Source/CMSIS_RTOS/cmsis_os.c ****     ticks = millisec / portTICK_PERIOD_MS;
 795:Middlewares/Third_Party/FreeRTOS/Source/CMSIS_RTOS/cmsis_os.c ****     if (ticks == 0) {
 796:Middlewares/Third_Party/FreeRTOS/Source/CMSIS_RTOS/cmsis_os.c ****       ticks = 1;
 797:Middlewares/Third_Party/FreeRTOS/Source/CMSIS_RTOS/cmsis_os.c ****     }
 798:Middlewares/Third_Party/FreeRTOS/Source/CMSIS_RTOS/cmsis_os.c ****   }
 799:Middlewares/Third_Party/FreeRTOS/Source/CMSIS_RTOS/cmsis_os.c ****   
 800:Middlewares/Third_Party/FreeRTOS/Source/CMSIS_RTOS/cmsis_os.c ****   if (inHandlerMode()) {
 1362              		.loc 1 800 3 view .LVU319
 1363              		.loc 1 800 7 is_stmt 0 view .LVU320
 1364 000e FFF7FEFF 		bl	inHandlerMode
 1365              	.LVL98:
ARM GAS  C:\Users\subdia\AppData\Local\Temp\cccoGacS.s 			page 43


 1366              		.loc 1 800 6 discriminator 1 view .LVU321
 1367 0012 0546     		mov	r5, r0
 1368 0014 B0B1     		cbz	r0, .L92
 801:Middlewares/Third_Party/FreeRTOS/Source/CMSIS_RTOS/cmsis_os.c ****     if (xSemaphoreTakeFromISR(semaphore_id, &taskWoken) != pdTRUE) {
 1369              		.loc 1 801 5 is_stmt 1 view .LVU322
 1370              		.loc 1 801 9 is_stmt 0 view .LVU323
 1371 0016 01AA     		add	r2, sp, #4
 1372 0018 0021     		movs	r1, #0
 1373 001a 2046     		mov	r0, r4
 1374 001c FFF7FEFF 		bl	xQueueReceiveFromISR
 1375              	.LVL99:
 1376              		.loc 1 801 8 discriminator 1 view .LVU324
 1377 0020 0128     		cmp	r0, #1
 1378 0022 1BD1     		bne	.L94
 802:Middlewares/Third_Party/FreeRTOS/Source/CMSIS_RTOS/cmsis_os.c ****       return osErrorOS;
 803:Middlewares/Third_Party/FreeRTOS/Source/CMSIS_RTOS/cmsis_os.c ****     }
 804:Middlewares/Third_Party/FreeRTOS/Source/CMSIS_RTOS/cmsis_os.c **** 	portEND_SWITCHING_ISR(taskWoken);
 1379              		.loc 1 804 2 is_stmt 1 view .LVU325
 1380 0024 019B     		ldr	r3, [sp, #4]
 1381 0026 1D46     		mov	r5, r3
 1382 0028 93B1     		cbz	r3, .L90
 1383              		.loc 1 804 2 discriminator 1 view .LVU326
 1384 002a 4FF0E023 		mov	r3, #-536813568
 1385 002e 4FF08052 		mov	r2, #268435456
 1386 0032 C3F8042D 		str	r2, [r3, #3332]
 1387              		.loc 1 804 2 view .LVU327
 1388              		.loc 1 804 2 is_stmt 0 discriminator 1 view .LVU328
 1389              		.syntax unified
 1390              	@ 804 "Middlewares/Third_Party/FreeRTOS/Source/CMSIS_RTOS/cmsis_os.c" 1
 1391 0036 BFF34F8F 		dsb
 1392              	@ 0 "" 2
 1393              		.loc 1 804 2 is_stmt 1 view .LVU329
 1394              		.loc 1 804 2 is_stmt 0 discriminator 1 view .LVU330
 1395              	@ 804 "Middlewares/Third_Party/FreeRTOS/Source/CMSIS_RTOS/cmsis_os.c" 1
 1396 003a BFF36F8F 		isb
 1397              	@ 0 "" 2
 805:Middlewares/Third_Party/FreeRTOS/Source/CMSIS_RTOS/cmsis_os.c ****   }  
 806:Middlewares/Third_Party/FreeRTOS/Source/CMSIS_RTOS/cmsis_os.c ****   else if (xSemaphoreTake(semaphore_id, ticks) != pdTRUE) {
 807:Middlewares/Third_Party/FreeRTOS/Source/CMSIS_RTOS/cmsis_os.c ****     return osErrorOS;
 808:Middlewares/Third_Party/FreeRTOS/Source/CMSIS_RTOS/cmsis_os.c ****   }
 809:Middlewares/Third_Party/FreeRTOS/Source/CMSIS_RTOS/cmsis_os.c ****   
 810:Middlewares/Third_Party/FreeRTOS/Source/CMSIS_RTOS/cmsis_os.c ****   return osOK;
 1398              		.loc 1 810 10 view .LVU331
 1399              		.thumb
 1400              		.syntax unified
 1401 003e 0023     		movs	r3, #0
 1402 0040 1D46     		mov	r5, r3
 1403 0042 05E0     		b	.L90
 1404              	.L92:
 806:Middlewares/Third_Party/FreeRTOS/Source/CMSIS_RTOS/cmsis_os.c ****     return osErrorOS;
 1405              		.loc 1 806 8 is_stmt 1 view .LVU332
 806:Middlewares/Third_Party/FreeRTOS/Source/CMSIS_RTOS/cmsis_os.c ****     return osErrorOS;
 1406              		.loc 1 806 12 is_stmt 0 view .LVU333
 1407 0044 3146     		mov	r1, r6
 1408 0046 2046     		mov	r0, r4
 1409 0048 FFF7FEFF 		bl	xQueueSemaphoreTake
 1410              	.LVL100:
ARM GAS  C:\Users\subdia\AppData\Local\Temp\cccoGacS.s 			page 44


 806:Middlewares/Third_Party/FreeRTOS/Source/CMSIS_RTOS/cmsis_os.c ****     return osErrorOS;
 1411              		.loc 1 806 11 discriminator 1 view .LVU334
 1412 004c 0128     		cmp	r0, #1
 1413 004e 08D1     		bne	.L97
 1414              	.LVL101:
 1415              	.L90:
 811:Middlewares/Third_Party/FreeRTOS/Source/CMSIS_RTOS/cmsis_os.c **** }
 1416              		.loc 1 811 1 view .LVU335
 1417 0050 2846     		mov	r0, r5
 1418 0052 02B0     		add	sp, sp, #8
 1419              	.LCFI36:
 1420              		.cfi_remember_state
 1421              		.cfi_def_cfa_offset 16
 1422              		@ sp needed
 1423 0054 70BD     		pop	{r4, r5, r6, pc}
 1424              	.LVL102:
 1425              	.L93:
 1426              	.LCFI37:
 1427              		.cfi_restore_state
 786:Middlewares/Third_Party/FreeRTOS/Source/CMSIS_RTOS/cmsis_os.c ****   }
 1428              		.loc 1 786 12 view .LVU336
 1429 0056 8023     		movs	r3, #128
 1430 0058 1D46     		mov	r5, r3
 1431 005a F9E7     		b	.L90
 1432              	.LVL103:
 1433              	.L94:
 802:Middlewares/Third_Party/FreeRTOS/Source/CMSIS_RTOS/cmsis_os.c ****     }
 1434              		.loc 1 802 14 view .LVU337
 1435 005c FF23     		movs	r3, #255
 1436 005e 1D46     		mov	r5, r3
 1437 0060 F6E7     		b	.L90
 1438              	.L97:
 807:Middlewares/Third_Party/FreeRTOS/Source/CMSIS_RTOS/cmsis_os.c ****   }
 1439              		.loc 1 807 12 view .LVU338
 1440 0062 FF23     		movs	r3, #255
 1441 0064 1D46     		mov	r5, r3
 1442 0066 F3E7     		b	.L90
 1443              		.cfi_endproc
 1444              	.LFE73:
 1446              		.section	.text.osSemaphoreRelease,"ax",%progbits
 1447              		.align	1
 1448              		.global	osSemaphoreRelease
 1449              		.syntax unified
 1450              		.thumb
 1451              		.thumb_func
 1453              	osSemaphoreRelease:
 1454              	.LVL104:
 1455              	.LFB74:
 812:Middlewares/Third_Party/FreeRTOS/Source/CMSIS_RTOS/cmsis_os.c **** 
 813:Middlewares/Third_Party/FreeRTOS/Source/CMSIS_RTOS/cmsis_os.c **** /**
 814:Middlewares/Third_Party/FreeRTOS/Source/CMSIS_RTOS/cmsis_os.c **** * @brief Release a Semaphore token
 815:Middlewares/Third_Party/FreeRTOS/Source/CMSIS_RTOS/cmsis_os.c **** * @param  semaphore_id  semaphore object referenced with \ref osSemaphore.
 816:Middlewares/Third_Party/FreeRTOS/Source/CMSIS_RTOS/cmsis_os.c **** * @retval  status code that indicates the execution status of the function.
 817:Middlewares/Third_Party/FreeRTOS/Source/CMSIS_RTOS/cmsis_os.c **** * @note   MUST REMAIN UNCHANGED: \b osSemaphoreRelease shall be consistent in every CMSIS-RTOS.
 818:Middlewares/Third_Party/FreeRTOS/Source/CMSIS_RTOS/cmsis_os.c **** */
 819:Middlewares/Third_Party/FreeRTOS/Source/CMSIS_RTOS/cmsis_os.c **** osStatus osSemaphoreRelease (osSemaphoreId semaphore_id)
 820:Middlewares/Third_Party/FreeRTOS/Source/CMSIS_RTOS/cmsis_os.c **** {
ARM GAS  C:\Users\subdia\AppData\Local\Temp\cccoGacS.s 			page 45


 1456              		.loc 1 820 1 is_stmt 1 view -0
 1457              		.cfi_startproc
 1458              		@ args = 0, pretend = 0, frame = 8
 1459              		@ frame_needed = 0, uses_anonymous_args = 0
 1460              		.loc 1 820 1 is_stmt 0 view .LVU340
 1461 0000 10B5     		push	{r4, lr}
 1462              	.LCFI38:
 1463              		.cfi_def_cfa_offset 8
 1464              		.cfi_offset 4, -8
 1465              		.cfi_offset 14, -4
 1466 0002 82B0     		sub	sp, sp, #8
 1467              	.LCFI39:
 1468              		.cfi_def_cfa_offset 16
 1469 0004 0446     		mov	r4, r0
 821:Middlewares/Third_Party/FreeRTOS/Source/CMSIS_RTOS/cmsis_os.c ****   osStatus result = osOK;
 1470              		.loc 1 821 3 is_stmt 1 view .LVU341
 1471              	.LVL105:
 822:Middlewares/Third_Party/FreeRTOS/Source/CMSIS_RTOS/cmsis_os.c ****   portBASE_TYPE taskWoken = pdFALSE;
 1472              		.loc 1 822 3 view .LVU342
 1473              		.loc 1 822 17 is_stmt 0 view .LVU343
 1474 0006 0023     		movs	r3, #0
 1475 0008 0193     		str	r3, [sp, #4]
 823:Middlewares/Third_Party/FreeRTOS/Source/CMSIS_RTOS/cmsis_os.c ****   
 824:Middlewares/Third_Party/FreeRTOS/Source/CMSIS_RTOS/cmsis_os.c ****   
 825:Middlewares/Third_Party/FreeRTOS/Source/CMSIS_RTOS/cmsis_os.c ****   if (inHandlerMode()) {
 1476              		.loc 1 825 3 is_stmt 1 view .LVU344
 1477              		.loc 1 825 7 is_stmt 0 view .LVU345
 1478 000a FFF7FEFF 		bl	inHandlerMode
 1479              	.LVL106:
 1480              		.loc 1 825 6 discriminator 1 view .LVU346
 1481 000e 98B1     		cbz	r0, .L99
 826:Middlewares/Third_Party/FreeRTOS/Source/CMSIS_RTOS/cmsis_os.c ****     if (xSemaphoreGiveFromISR(semaphore_id, &taskWoken) != pdTRUE) {
 1482              		.loc 1 826 5 is_stmt 1 view .LVU347
 1483              		.loc 1 826 9 is_stmt 0 view .LVU348
 1484 0010 01A9     		add	r1, sp, #4
 1485 0012 2046     		mov	r0, r4
 1486 0014 FFF7FEFF 		bl	xQueueGiveFromISR
 1487              	.LVL107:
 1488              		.loc 1 826 8 discriminator 1 view .LVU349
 1489 0018 0128     		cmp	r0, #1
 1490 001a 1AD1     		bne	.L101
 827:Middlewares/Third_Party/FreeRTOS/Source/CMSIS_RTOS/cmsis_os.c ****       return osErrorOS;
 828:Middlewares/Third_Party/FreeRTOS/Source/CMSIS_RTOS/cmsis_os.c ****     }
 829:Middlewares/Third_Party/FreeRTOS/Source/CMSIS_RTOS/cmsis_os.c ****     portEND_SWITCHING_ISR(taskWoken);
 1491              		.loc 1 829 5 is_stmt 1 view .LVU350
 1492 001c 019B     		ldr	r3, [sp, #4]
 1493 001e D3B1     		cbz	r3, .L102
 1494              		.loc 1 829 5 discriminator 1 view .LVU351
 1495 0020 4FF0E023 		mov	r3, #-536813568
 1496 0024 4FF08052 		mov	r2, #268435456
 1497 0028 C3F8042D 		str	r2, [r3, #3332]
 1498              		.loc 1 829 5 view .LVU352
 1499              		.loc 1 829 5 is_stmt 0 discriminator 1 view .LVU353
 1500              		.syntax unified
 1501              	@ 829 "Middlewares/Third_Party/FreeRTOS/Source/CMSIS_RTOS/cmsis_os.c" 1
 1502 002c BFF34F8F 		dsb
 1503              	@ 0 "" 2
ARM GAS  C:\Users\subdia\AppData\Local\Temp\cccoGacS.s 			page 46


 1504              		.loc 1 829 5 is_stmt 1 view .LVU354
 1505              		.loc 1 829 5 is_stmt 0 discriminator 1 view .LVU355
 1506              	@ 829 "Middlewares/Third_Party/FreeRTOS/Source/CMSIS_RTOS/cmsis_os.c" 1
 1507 0030 BFF36F8F 		isb
 1508              	@ 0 "" 2
 821:Middlewares/Third_Party/FreeRTOS/Source/CMSIS_RTOS/cmsis_os.c ****   portBASE_TYPE taskWoken = pdFALSE;
 1509              		.loc 1 821 12 view .LVU356
 1510              		.thumb
 1511              		.syntax unified
 1512 0034 0020     		movs	r0, #0
 1513 0036 08E0     		b	.L98
 1514              	.L99:
 830:Middlewares/Third_Party/FreeRTOS/Source/CMSIS_RTOS/cmsis_os.c ****   }
 831:Middlewares/Third_Party/FreeRTOS/Source/CMSIS_RTOS/cmsis_os.c ****   else {
 832:Middlewares/Third_Party/FreeRTOS/Source/CMSIS_RTOS/cmsis_os.c ****     if (xSemaphoreGive(semaphore_id) != pdTRUE) {
 1515              		.loc 1 832 5 is_stmt 1 view .LVU357
 1516              		.loc 1 832 9 is_stmt 0 view .LVU358
 1517 0038 0346     		mov	r3, r0
 1518 003a 0246     		mov	r2, r0
 1519 003c 0146     		mov	r1, r0
 1520 003e 2046     		mov	r0, r4
 1521 0040 FFF7FEFF 		bl	xQueueGenericSend
 1522              	.LVL108:
 1523              		.loc 1 832 8 discriminator 1 view .LVU359
 1524 0044 0128     		cmp	r0, #1
 1525 0046 02D0     		beq	.L105
 833:Middlewares/Third_Party/FreeRTOS/Source/CMSIS_RTOS/cmsis_os.c ****       result = osErrorOS;
 1526              		.loc 1 833 14 view .LVU360
 1527 0048 FF20     		movs	r0, #255
 1528              	.LVL109:
 1529              	.L98:
 834:Middlewares/Third_Party/FreeRTOS/Source/CMSIS_RTOS/cmsis_os.c ****     }
 835:Middlewares/Third_Party/FreeRTOS/Source/CMSIS_RTOS/cmsis_os.c ****   }
 836:Middlewares/Third_Party/FreeRTOS/Source/CMSIS_RTOS/cmsis_os.c ****   
 837:Middlewares/Third_Party/FreeRTOS/Source/CMSIS_RTOS/cmsis_os.c ****   return result;
 838:Middlewares/Third_Party/FreeRTOS/Source/CMSIS_RTOS/cmsis_os.c **** }
 1530              		.loc 1 838 1 view .LVU361
 1531 004a 02B0     		add	sp, sp, #8
 1532              	.LCFI40:
 1533              		.cfi_remember_state
 1534              		.cfi_def_cfa_offset 8
 1535              		@ sp needed
 1536 004c 10BD     		pop	{r4, pc}
 1537              	.LVL110:
 1538              	.L105:
 1539              	.LCFI41:
 1540              		.cfi_restore_state
 821:Middlewares/Third_Party/FreeRTOS/Source/CMSIS_RTOS/cmsis_os.c ****   portBASE_TYPE taskWoken = pdFALSE;
 1541              		.loc 1 821 12 view .LVU362
 1542 004e 0020     		movs	r0, #0
 1543 0050 FBE7     		b	.L98
 1544              	.L101:
 827:Middlewares/Third_Party/FreeRTOS/Source/CMSIS_RTOS/cmsis_os.c ****     }
 1545              		.loc 1 827 14 view .LVU363
 1546 0052 FF20     		movs	r0, #255
 1547 0054 F9E7     		b	.L98
 1548              	.L102:
ARM GAS  C:\Users\subdia\AppData\Local\Temp\cccoGacS.s 			page 47


 821:Middlewares/Third_Party/FreeRTOS/Source/CMSIS_RTOS/cmsis_os.c ****   portBASE_TYPE taskWoken = pdFALSE;
 1549              		.loc 1 821 12 view .LVU364
 1550 0056 1846     		mov	r0, r3
 1551 0058 F7E7     		b	.L98
 1552              		.cfi_endproc
 1553              	.LFE74:
 1555              		.section	.text.osSemaphoreDelete,"ax",%progbits
 1556              		.align	1
 1557              		.global	osSemaphoreDelete
 1558              		.syntax unified
 1559              		.thumb
 1560              		.thumb_func
 1562              	osSemaphoreDelete:
 1563              	.LVL111:
 1564              	.LFB75:
 839:Middlewares/Third_Party/FreeRTOS/Source/CMSIS_RTOS/cmsis_os.c **** 
 840:Middlewares/Third_Party/FreeRTOS/Source/CMSIS_RTOS/cmsis_os.c **** /**
 841:Middlewares/Third_Party/FreeRTOS/Source/CMSIS_RTOS/cmsis_os.c **** * @brief Delete a Semaphore
 842:Middlewares/Third_Party/FreeRTOS/Source/CMSIS_RTOS/cmsis_os.c **** * @param  semaphore_id  semaphore object referenced with \ref osSemaphore.
 843:Middlewares/Third_Party/FreeRTOS/Source/CMSIS_RTOS/cmsis_os.c **** * @retval  status code that indicates the execution status of the function.
 844:Middlewares/Third_Party/FreeRTOS/Source/CMSIS_RTOS/cmsis_os.c **** * @note   MUST REMAIN UNCHANGED: \b osSemaphoreDelete shall be consistent in every CMSIS-RTOS.
 845:Middlewares/Third_Party/FreeRTOS/Source/CMSIS_RTOS/cmsis_os.c **** */
 846:Middlewares/Third_Party/FreeRTOS/Source/CMSIS_RTOS/cmsis_os.c **** osStatus osSemaphoreDelete (osSemaphoreId semaphore_id)
 847:Middlewares/Third_Party/FreeRTOS/Source/CMSIS_RTOS/cmsis_os.c **** {
 1565              		.loc 1 847 1 is_stmt 1 view -0
 1566              		.cfi_startproc
 1567              		@ args = 0, pretend = 0, frame = 0
 1568              		@ frame_needed = 0, uses_anonymous_args = 0
 1569              		.loc 1 847 1 is_stmt 0 view .LVU366
 1570 0000 10B5     		push	{r4, lr}
 1571              	.LCFI42:
 1572              		.cfi_def_cfa_offset 8
 1573              		.cfi_offset 4, -8
 1574              		.cfi_offset 14, -4
 1575 0002 0446     		mov	r4, r0
 848:Middlewares/Third_Party/FreeRTOS/Source/CMSIS_RTOS/cmsis_os.c ****   if (inHandlerMode()) {
 1576              		.loc 1 848 3 is_stmt 1 view .LVU367
 1577              		.loc 1 848 7 is_stmt 0 view .LVU368
 1578 0004 FFF7FEFF 		bl	inHandlerMode
 1579              	.LVL112:
 1580              		.loc 1 848 6 discriminator 1 view .LVU369
 1581 0008 20B9     		cbnz	r0, .L108
 849:Middlewares/Third_Party/FreeRTOS/Source/CMSIS_RTOS/cmsis_os.c ****     return osErrorISR;
 850:Middlewares/Third_Party/FreeRTOS/Source/CMSIS_RTOS/cmsis_os.c ****   }
 851:Middlewares/Third_Party/FreeRTOS/Source/CMSIS_RTOS/cmsis_os.c **** 
 852:Middlewares/Third_Party/FreeRTOS/Source/CMSIS_RTOS/cmsis_os.c ****   vSemaphoreDelete(semaphore_id);
 1582              		.loc 1 852 3 is_stmt 1 view .LVU370
 1583 000a 2046     		mov	r0, r4
 1584 000c FFF7FEFF 		bl	vQueueDelete
 1585              	.LVL113:
 853:Middlewares/Third_Party/FreeRTOS/Source/CMSIS_RTOS/cmsis_os.c **** 
 854:Middlewares/Third_Party/FreeRTOS/Source/CMSIS_RTOS/cmsis_os.c ****   return osOK; 
 1586              		.loc 1 854 3 view .LVU371
 1587              		.loc 1 854 10 is_stmt 0 view .LVU372
 1588 0010 0020     		movs	r0, #0
 1589              	.L106:
 855:Middlewares/Third_Party/FreeRTOS/Source/CMSIS_RTOS/cmsis_os.c **** }
ARM GAS  C:\Users\subdia\AppData\Local\Temp\cccoGacS.s 			page 48


 1590              		.loc 1 855 1 view .LVU373
 1591 0012 10BD     		pop	{r4, pc}
 1592              	.LVL114:
 1593              	.L108:
 849:Middlewares/Third_Party/FreeRTOS/Source/CMSIS_RTOS/cmsis_os.c ****     return osErrorISR;
 1594              		.loc 1 849 12 view .LVU374
 1595 0014 8220     		movs	r0, #130
 1596 0016 FCE7     		b	.L106
 1597              		.cfi_endproc
 1598              	.LFE75:
 1600              		.section	.text.osPoolCreate,"ax",%progbits
 1601              		.align	1
 1602              		.global	osPoolCreate
 1603              		.syntax unified
 1604              		.thumb
 1605              		.thumb_func
 1607              	osPoolCreate:
 1608              	.LVL115:
 1609              	.LFB76:
 856:Middlewares/Third_Party/FreeRTOS/Source/CMSIS_RTOS/cmsis_os.c **** 
 857:Middlewares/Third_Party/FreeRTOS/Source/CMSIS_RTOS/cmsis_os.c **** #endif    /* Use Semaphores */
 858:Middlewares/Third_Party/FreeRTOS/Source/CMSIS_RTOS/cmsis_os.c **** 
 859:Middlewares/Third_Party/FreeRTOS/Source/CMSIS_RTOS/cmsis_os.c **** /*******************   Memory Pool Management Functions  ***********************/
 860:Middlewares/Third_Party/FreeRTOS/Source/CMSIS_RTOS/cmsis_os.c **** 
 861:Middlewares/Third_Party/FreeRTOS/Source/CMSIS_RTOS/cmsis_os.c **** #if (defined (osFeature_Pool)  &&  (osFeature_Pool != 0)) 
 862:Middlewares/Third_Party/FreeRTOS/Source/CMSIS_RTOS/cmsis_os.c **** 
 863:Middlewares/Third_Party/FreeRTOS/Source/CMSIS_RTOS/cmsis_os.c **** //TODO
 864:Middlewares/Third_Party/FreeRTOS/Source/CMSIS_RTOS/cmsis_os.c **** //This is a primitive and inefficient wrapper around the existing FreeRTOS memory management.
 865:Middlewares/Third_Party/FreeRTOS/Source/CMSIS_RTOS/cmsis_os.c **** //A better implementation will have to modify heap_x.c!
 866:Middlewares/Third_Party/FreeRTOS/Source/CMSIS_RTOS/cmsis_os.c **** 
 867:Middlewares/Third_Party/FreeRTOS/Source/CMSIS_RTOS/cmsis_os.c **** 
 868:Middlewares/Third_Party/FreeRTOS/Source/CMSIS_RTOS/cmsis_os.c **** typedef struct os_pool_cb {
 869:Middlewares/Third_Party/FreeRTOS/Source/CMSIS_RTOS/cmsis_os.c ****   void *pool;
 870:Middlewares/Third_Party/FreeRTOS/Source/CMSIS_RTOS/cmsis_os.c ****   uint8_t *markers;
 871:Middlewares/Third_Party/FreeRTOS/Source/CMSIS_RTOS/cmsis_os.c ****   uint32_t pool_sz;
 872:Middlewares/Third_Party/FreeRTOS/Source/CMSIS_RTOS/cmsis_os.c ****   uint32_t item_sz;
 873:Middlewares/Third_Party/FreeRTOS/Source/CMSIS_RTOS/cmsis_os.c ****   uint32_t currentIndex;
 874:Middlewares/Third_Party/FreeRTOS/Source/CMSIS_RTOS/cmsis_os.c **** } os_pool_cb_t;
 875:Middlewares/Third_Party/FreeRTOS/Source/CMSIS_RTOS/cmsis_os.c **** 
 876:Middlewares/Third_Party/FreeRTOS/Source/CMSIS_RTOS/cmsis_os.c **** 
 877:Middlewares/Third_Party/FreeRTOS/Source/CMSIS_RTOS/cmsis_os.c **** /**
 878:Middlewares/Third_Party/FreeRTOS/Source/CMSIS_RTOS/cmsis_os.c **** * @brief Create and Initialize a memory pool
 879:Middlewares/Third_Party/FreeRTOS/Source/CMSIS_RTOS/cmsis_os.c **** * @param  pool_def      memory pool definition referenced with \ref osPool.
 880:Middlewares/Third_Party/FreeRTOS/Source/CMSIS_RTOS/cmsis_os.c **** * @retval  memory pool ID for reference by other functions or NULL in case of error.
 881:Middlewares/Third_Party/FreeRTOS/Source/CMSIS_RTOS/cmsis_os.c **** * @note   MUST REMAIN UNCHANGED: \b osPoolCreate shall be consistent in every CMSIS-RTOS.
 882:Middlewares/Third_Party/FreeRTOS/Source/CMSIS_RTOS/cmsis_os.c **** */
 883:Middlewares/Third_Party/FreeRTOS/Source/CMSIS_RTOS/cmsis_os.c **** osPoolId osPoolCreate (const osPoolDef_t *pool_def)
 884:Middlewares/Third_Party/FreeRTOS/Source/CMSIS_RTOS/cmsis_os.c **** {
 1610              		.loc 1 884 1 is_stmt 1 view -0
 1611              		.cfi_startproc
 1612              		@ args = 0, pretend = 0, frame = 0
 1613              		@ frame_needed = 0, uses_anonymous_args = 0
 1614              		.loc 1 884 1 is_stmt 0 view .LVU376
 1615 0000 F8B5     		push	{r3, r4, r5, r6, r7, lr}
 1616              	.LCFI43:
 1617              		.cfi_def_cfa_offset 24
 1618              		.cfi_offset 3, -24
ARM GAS  C:\Users\subdia\AppData\Local\Temp\cccoGacS.s 			page 49


 1619              		.cfi_offset 4, -20
 1620              		.cfi_offset 5, -16
 1621              		.cfi_offset 6, -12
 1622              		.cfi_offset 7, -8
 1623              		.cfi_offset 14, -4
 1624 0002 0446     		mov	r4, r0
 885:Middlewares/Third_Party/FreeRTOS/Source/CMSIS_RTOS/cmsis_os.c **** #if (configSUPPORT_DYNAMIC_ALLOCATION == 1)
 886:Middlewares/Third_Party/FreeRTOS/Source/CMSIS_RTOS/cmsis_os.c ****   osPoolId thePool;
 1625              		.loc 1 886 3 is_stmt 1 view .LVU377
 887:Middlewares/Third_Party/FreeRTOS/Source/CMSIS_RTOS/cmsis_os.c ****   int itemSize = 4 * ((pool_def->item_sz + 3) / 4);
 1626              		.loc 1 887 3 view .LVU378
 1627              		.loc 1 887 32 is_stmt 0 view .LVU379
 1628 0004 4368     		ldr	r3, [r0, #4]
 1629              		.loc 1 887 42 view .LVU380
 1630 0006 0333     		adds	r3, r3, #3
 1631 0008 23F00306 		bic	r6, r3, #3
 1632              	.LVL116:
 888:Middlewares/Third_Party/FreeRTOS/Source/CMSIS_RTOS/cmsis_os.c ****   uint32_t i;
 1633              		.loc 1 888 3 is_stmt 1 view .LVU381
 889:Middlewares/Third_Party/FreeRTOS/Source/CMSIS_RTOS/cmsis_os.c ****   
 890:Middlewares/Third_Party/FreeRTOS/Source/CMSIS_RTOS/cmsis_os.c ****   /* First have to allocate memory for the pool control block. */
 891:Middlewares/Third_Party/FreeRTOS/Source/CMSIS_RTOS/cmsis_os.c ****  thePool = pvPortMalloc(sizeof(os_pool_cb_t));
 1634              		.loc 1 891 2 view .LVU382
 1635              		.loc 1 891 12 is_stmt 0 view .LVU383
 1636 000c 1420     		movs	r0, #20
 1637              	.LVL117:
 1638              		.loc 1 891 12 view .LVU384
 1639 000e FFF7FEFF 		bl	pvPortMalloc
 1640              	.LVL118:
 892:Middlewares/Third_Party/FreeRTOS/Source/CMSIS_RTOS/cmsis_os.c **** 
 893:Middlewares/Third_Party/FreeRTOS/Source/CMSIS_RTOS/cmsis_os.c ****   
 894:Middlewares/Third_Party/FreeRTOS/Source/CMSIS_RTOS/cmsis_os.c ****   if (thePool) {
 1641              		.loc 1 894 3 is_stmt 1 view .LVU385
 1642              		.loc 1 894 6 is_stmt 0 view .LVU386
 1643 0012 0546     		mov	r5, r0
 1644 0014 D8B1     		cbz	r0, .L110
 895:Middlewares/Third_Party/FreeRTOS/Source/CMSIS_RTOS/cmsis_os.c ****     thePool->pool_sz = pool_def->pool_sz;
 1645              		.loc 1 895 5 is_stmt 1 view .LVU387
 1646              		.loc 1 895 32 is_stmt 0 view .LVU388
 1647 0016 2368     		ldr	r3, [r4]
 1648              		.loc 1 895 22 view .LVU389
 1649 0018 8360     		str	r3, [r0, #8]
 896:Middlewares/Third_Party/FreeRTOS/Source/CMSIS_RTOS/cmsis_os.c ****     thePool->item_sz = itemSize;
 1650              		.loc 1 896 5 is_stmt 1 view .LVU390
 1651              		.loc 1 896 22 is_stmt 0 view .LVU391
 1652 001a C660     		str	r6, [r0, #12]
 897:Middlewares/Third_Party/FreeRTOS/Source/CMSIS_RTOS/cmsis_os.c ****     thePool->currentIndex = 0;
 1653              		.loc 1 897 5 is_stmt 1 view .LVU392
 1654              		.loc 1 897 27 is_stmt 0 view .LVU393
 1655 001c 0023     		movs	r3, #0
 1656 001e 0361     		str	r3, [r0, #16]
 898:Middlewares/Third_Party/FreeRTOS/Source/CMSIS_RTOS/cmsis_os.c ****     
 899:Middlewares/Third_Party/FreeRTOS/Source/CMSIS_RTOS/cmsis_os.c ****     /* Memory for markers */
 900:Middlewares/Third_Party/FreeRTOS/Source/CMSIS_RTOS/cmsis_os.c ****     thePool->markers = pvPortMalloc(pool_def->pool_sz);
 1657              		.loc 1 900 5 is_stmt 1 view .LVU394
 1658              		.loc 1 900 24 is_stmt 0 view .LVU395
 1659 0020 2068     		ldr	r0, [r4]
ARM GAS  C:\Users\subdia\AppData\Local\Temp\cccoGacS.s 			page 50


 1660              	.LVL119:
 1661              		.loc 1 900 24 view .LVU396
 1662 0022 FFF7FEFF 		bl	pvPortMalloc
 1663              	.LVL120:
 1664 0026 0746     		mov	r7, r0
 1665              		.loc 1 900 22 discriminator 1 view .LVU397
 1666 0028 6860     		str	r0, [r5, #4]
 901:Middlewares/Third_Party/FreeRTOS/Source/CMSIS_RTOS/cmsis_os.c ****    
 902:Middlewares/Third_Party/FreeRTOS/Source/CMSIS_RTOS/cmsis_os.c ****     if (thePool->markers) {
 1667              		.loc 1 902 5 is_stmt 1 view .LVU398
 1668              		.loc 1 902 8 is_stmt 0 view .LVU399
 1669 002a D0B1     		cbz	r0, .L112
 903:Middlewares/Third_Party/FreeRTOS/Source/CMSIS_RTOS/cmsis_os.c ****       /* Now allocate the pool itself. */
 904:Middlewares/Third_Party/FreeRTOS/Source/CMSIS_RTOS/cmsis_os.c ****      thePool->pool = pvPortMalloc(pool_def->pool_sz * itemSize);
 1670              		.loc 1 904 6 is_stmt 1 view .LVU400
 1671              		.loc 1 904 43 is_stmt 0 view .LVU401
 1672 002c 2068     		ldr	r0, [r4]
 1673              		.loc 1 904 22 view .LVU402
 1674 002e 06FB00F0 		mul	r0, r6, r0
 1675 0032 FFF7FEFF 		bl	pvPortMalloc
 1676              	.LVL121:
 1677 0036 0646     		mov	r6, r0
 1678              	.LVL122:
 1679              		.loc 1 904 20 discriminator 1 view .LVU403
 1680 0038 2860     		str	r0, [r5]
 905:Middlewares/Third_Party/FreeRTOS/Source/CMSIS_RTOS/cmsis_os.c ****       
 906:Middlewares/Third_Party/FreeRTOS/Source/CMSIS_RTOS/cmsis_os.c ****       if (thePool->pool) {
 1681              		.loc 1 906 7 is_stmt 1 view .LVU404
 1682              		.loc 1 906 10 is_stmt 0 view .LVU405
 1683 003a 50B1     		cbz	r0, .L119
 907:Middlewares/Third_Party/FreeRTOS/Source/CMSIS_RTOS/cmsis_os.c ****         for (i = 0; i < pool_def->pool_sz; i++) {
 1684              		.loc 1 907 16 view .LVU406
 1685 003c 0023     		movs	r3, #0
 1686 003e 03E0     		b	.L113
 1687              	.LVL123:
 1688              	.L115:
 908:Middlewares/Third_Party/FreeRTOS/Source/CMSIS_RTOS/cmsis_os.c ****           thePool->markers[i] = 0;
 1689              		.loc 1 908 11 is_stmt 1 view .LVU407
 1690              		.loc 1 908 18 is_stmt 0 view .LVU408
 1691 0040 6A68     		ldr	r2, [r5, #4]
 1692              		.loc 1 908 31 view .LVU409
 1693 0042 0021     		movs	r1, #0
 1694 0044 D154     		strb	r1, [r2, r3]
 907:Middlewares/Third_Party/FreeRTOS/Source/CMSIS_RTOS/cmsis_os.c ****         for (i = 0; i < pool_def->pool_sz; i++) {
 1695              		.loc 1 907 45 is_stmt 1 discriminator 3 view .LVU410
 1696 0046 0133     		adds	r3, r3, #1
 1697              	.LVL124:
 1698              	.L113:
 907:Middlewares/Third_Party/FreeRTOS/Source/CMSIS_RTOS/cmsis_os.c ****         for (i = 0; i < pool_def->pool_sz; i++) {
 1699              		.loc 1 907 23 discriminator 1 view .LVU411
 907:Middlewares/Third_Party/FreeRTOS/Source/CMSIS_RTOS/cmsis_os.c ****         for (i = 0; i < pool_def->pool_sz; i++) {
 1700              		.loc 1 907 33 is_stmt 0 discriminator 1 view .LVU412
 1701 0048 2268     		ldr	r2, [r4]
 907:Middlewares/Third_Party/FreeRTOS/Source/CMSIS_RTOS/cmsis_os.c ****         for (i = 0; i < pool_def->pool_sz; i++) {
 1702              		.loc 1 907 23 discriminator 1 view .LVU413
 1703 004a 9A42     		cmp	r2, r3
 1704 004c F8D8     		bhi	.L115
ARM GAS  C:\Users\subdia\AppData\Local\Temp\cccoGacS.s 			page 51


 1705              	.LVL125:
 1706              	.L110:
 909:Middlewares/Third_Party/FreeRTOS/Source/CMSIS_RTOS/cmsis_os.c ****         }
 910:Middlewares/Third_Party/FreeRTOS/Source/CMSIS_RTOS/cmsis_os.c ****       }
 911:Middlewares/Third_Party/FreeRTOS/Source/CMSIS_RTOS/cmsis_os.c ****       else {
 912:Middlewares/Third_Party/FreeRTOS/Source/CMSIS_RTOS/cmsis_os.c ****         vPortFree(thePool->markers);
 913:Middlewares/Third_Party/FreeRTOS/Source/CMSIS_RTOS/cmsis_os.c ****         vPortFree(thePool);
 914:Middlewares/Third_Party/FreeRTOS/Source/CMSIS_RTOS/cmsis_os.c ****         thePool = NULL;
 915:Middlewares/Third_Party/FreeRTOS/Source/CMSIS_RTOS/cmsis_os.c ****       }
 916:Middlewares/Third_Party/FreeRTOS/Source/CMSIS_RTOS/cmsis_os.c ****     }
 917:Middlewares/Third_Party/FreeRTOS/Source/CMSIS_RTOS/cmsis_os.c ****     else {
 918:Middlewares/Third_Party/FreeRTOS/Source/CMSIS_RTOS/cmsis_os.c ****       vPortFree(thePool);
 919:Middlewares/Third_Party/FreeRTOS/Source/CMSIS_RTOS/cmsis_os.c ****       thePool = NULL;
 920:Middlewares/Third_Party/FreeRTOS/Source/CMSIS_RTOS/cmsis_os.c ****     }
 921:Middlewares/Third_Party/FreeRTOS/Source/CMSIS_RTOS/cmsis_os.c ****   }
 922:Middlewares/Third_Party/FreeRTOS/Source/CMSIS_RTOS/cmsis_os.c **** 
 923:Middlewares/Third_Party/FreeRTOS/Source/CMSIS_RTOS/cmsis_os.c ****   return thePool;
 924:Middlewares/Third_Party/FreeRTOS/Source/CMSIS_RTOS/cmsis_os.c ****  
 925:Middlewares/Third_Party/FreeRTOS/Source/CMSIS_RTOS/cmsis_os.c **** #else
 926:Middlewares/Third_Party/FreeRTOS/Source/CMSIS_RTOS/cmsis_os.c ****   return NULL;
 927:Middlewares/Third_Party/FreeRTOS/Source/CMSIS_RTOS/cmsis_os.c **** #endif
 928:Middlewares/Third_Party/FreeRTOS/Source/CMSIS_RTOS/cmsis_os.c **** }
 1707              		.loc 1 928 1 view .LVU414
 1708 004e 2846     		mov	r0, r5
 1709 0050 F8BD     		pop	{r3, r4, r5, r6, r7, pc}
 1710              	.LVL126:
 1711              	.L119:
 912:Middlewares/Third_Party/FreeRTOS/Source/CMSIS_RTOS/cmsis_os.c ****         vPortFree(thePool);
 1712              		.loc 1 912 9 is_stmt 1 view .LVU415
 1713 0052 6868     		ldr	r0, [r5, #4]
 1714 0054 FFF7FEFF 		bl	vPortFree
 1715              	.LVL127:
 913:Middlewares/Third_Party/FreeRTOS/Source/CMSIS_RTOS/cmsis_os.c ****         thePool = NULL;
 1716              		.loc 1 913 9 view .LVU416
 1717 0058 2846     		mov	r0, r5
 1718 005a FFF7FEFF 		bl	vPortFree
 1719              	.LVL128:
 914:Middlewares/Third_Party/FreeRTOS/Source/CMSIS_RTOS/cmsis_os.c ****       }
 1720              		.loc 1 914 9 view .LVU417
 914:Middlewares/Third_Party/FreeRTOS/Source/CMSIS_RTOS/cmsis_os.c ****       }
 1721              		.loc 1 914 17 is_stmt 0 view .LVU418
 1722 005e 3546     		mov	r5, r6
 1723 0060 F5E7     		b	.L110
 1724              	.LVL129:
 1725              	.L112:
 918:Middlewares/Third_Party/FreeRTOS/Source/CMSIS_RTOS/cmsis_os.c ****       thePool = NULL;
 1726              		.loc 1 918 7 is_stmt 1 view .LVU419
 1727 0062 2846     		mov	r0, r5
 1728 0064 FFF7FEFF 		bl	vPortFree
 1729              	.LVL130:
 919:Middlewares/Third_Party/FreeRTOS/Source/CMSIS_RTOS/cmsis_os.c ****     }
 1730              		.loc 1 919 7 view .LVU420
 919:Middlewares/Third_Party/FreeRTOS/Source/CMSIS_RTOS/cmsis_os.c ****     }
 1731              		.loc 1 919 15 is_stmt 0 view .LVU421
 1732 0068 3D46     		mov	r5, r7
 1733              	.LVL131:
 923:Middlewares/Third_Party/FreeRTOS/Source/CMSIS_RTOS/cmsis_os.c ****  
ARM GAS  C:\Users\subdia\AppData\Local\Temp\cccoGacS.s 			page 52


 1734              		.loc 1 923 3 is_stmt 1 view .LVU422
 923:Middlewares/Third_Party/FreeRTOS/Source/CMSIS_RTOS/cmsis_os.c ****  
 1735              		.loc 1 923 10 is_stmt 0 view .LVU423
 1736 006a F0E7     		b	.L110
 1737              		.cfi_endproc
 1738              	.LFE76:
 1740              		.section	.text.osPoolAlloc,"ax",%progbits
 1741              		.align	1
 1742              		.global	osPoolAlloc
 1743              		.syntax unified
 1744              		.thumb
 1745              		.thumb_func
 1747              	osPoolAlloc:
 1748              	.LVL132:
 1749              	.LFB77:
 929:Middlewares/Third_Party/FreeRTOS/Source/CMSIS_RTOS/cmsis_os.c **** 
 930:Middlewares/Third_Party/FreeRTOS/Source/CMSIS_RTOS/cmsis_os.c **** /**
 931:Middlewares/Third_Party/FreeRTOS/Source/CMSIS_RTOS/cmsis_os.c **** * @brief Allocate a memory block from a memory pool
 932:Middlewares/Third_Party/FreeRTOS/Source/CMSIS_RTOS/cmsis_os.c **** * @param pool_id       memory pool ID obtain referenced with \ref osPoolCreate.
 933:Middlewares/Third_Party/FreeRTOS/Source/CMSIS_RTOS/cmsis_os.c **** * @retval  address of the allocated memory block or NULL in case of no memory available.
 934:Middlewares/Third_Party/FreeRTOS/Source/CMSIS_RTOS/cmsis_os.c **** * @note   MUST REMAIN UNCHANGED: \b osPoolAlloc shall be consistent in every CMSIS-RTOS.
 935:Middlewares/Third_Party/FreeRTOS/Source/CMSIS_RTOS/cmsis_os.c **** */
 936:Middlewares/Third_Party/FreeRTOS/Source/CMSIS_RTOS/cmsis_os.c **** void *osPoolAlloc (osPoolId pool_id)
 937:Middlewares/Third_Party/FreeRTOS/Source/CMSIS_RTOS/cmsis_os.c **** {
 1750              		.loc 1 937 1 is_stmt 1 view -0
 1751              		.cfi_startproc
 1752              		@ args = 0, pretend = 0, frame = 0
 1753              		@ frame_needed = 0, uses_anonymous_args = 0
 1754              		.loc 1 937 1 is_stmt 0 view .LVU425
 1755 0000 70B5     		push	{r4, r5, r6, lr}
 1756              	.LCFI44:
 1757              		.cfi_def_cfa_offset 16
 1758              		.cfi_offset 4, -16
 1759              		.cfi_offset 5, -12
 1760              		.cfi_offset 6, -8
 1761              		.cfi_offset 14, -4
 1762 0002 0446     		mov	r4, r0
 938:Middlewares/Third_Party/FreeRTOS/Source/CMSIS_RTOS/cmsis_os.c ****   int dummy = 0;
 1763              		.loc 1 938 3 is_stmt 1 view .LVU426
 1764              	.LVL133:
 939:Middlewares/Third_Party/FreeRTOS/Source/CMSIS_RTOS/cmsis_os.c ****   void *p = NULL;
 1765              		.loc 1 939 3 view .LVU427
 940:Middlewares/Third_Party/FreeRTOS/Source/CMSIS_RTOS/cmsis_os.c ****   uint32_t i;
 1766              		.loc 1 940 3 view .LVU428
 941:Middlewares/Third_Party/FreeRTOS/Source/CMSIS_RTOS/cmsis_os.c ****   uint32_t index;
 1767              		.loc 1 941 3 view .LVU429
 942:Middlewares/Third_Party/FreeRTOS/Source/CMSIS_RTOS/cmsis_os.c ****   
 943:Middlewares/Third_Party/FreeRTOS/Source/CMSIS_RTOS/cmsis_os.c ****   if (inHandlerMode()) {
 1768              		.loc 1 943 3 view .LVU430
 1769              		.loc 1 943 7 is_stmt 0 view .LVU431
 1770 0004 FFF7FEFF 		bl	inHandlerMode
 1771              	.LVL134:
 1772              		.loc 1 943 6 discriminator 1 view .LVU432
 1773 0008 60B1     		cbz	r0, .L121
 944:Middlewares/Third_Party/FreeRTOS/Source/CMSIS_RTOS/cmsis_os.c ****     dummy = portSET_INTERRUPT_MASK_FROM_ISR();
 1774              		.loc 1 944 5 is_stmt 1 view .LVU433
 1775              	.LBB10:
ARM GAS  C:\Users\subdia\AppData\Local\Temp\cccoGacS.s 			page 53


 1776              	.LBI10:
 1777              		.file 3 "Middlewares/Third_Party/FreeRTOS/Source/portable/GCC/ARM_CM3/portmacro.h"
   1:Middlewares/Third_Party/FreeRTOS/Source/portable/GCC/ARM_CM3/portmacro.h **** /*
   2:Middlewares/Third_Party/FreeRTOS/Source/portable/GCC/ARM_CM3/portmacro.h ****  * FreeRTOS Kernel V10.3.1
   3:Middlewares/Third_Party/FreeRTOS/Source/portable/GCC/ARM_CM3/portmacro.h ****  * Copyright (C) 2020 Amazon.com, Inc. or its affiliates.  All Rights Reserved.
   4:Middlewares/Third_Party/FreeRTOS/Source/portable/GCC/ARM_CM3/portmacro.h ****  *
   5:Middlewares/Third_Party/FreeRTOS/Source/portable/GCC/ARM_CM3/portmacro.h ****  * Permission is hereby granted, free of charge, to any person obtaining a copy of
   6:Middlewares/Third_Party/FreeRTOS/Source/portable/GCC/ARM_CM3/portmacro.h ****  * this software and associated documentation files (the "Software"), to deal in
   7:Middlewares/Third_Party/FreeRTOS/Source/portable/GCC/ARM_CM3/portmacro.h ****  * the Software without restriction, including without limitation the rights to
   8:Middlewares/Third_Party/FreeRTOS/Source/portable/GCC/ARM_CM3/portmacro.h ****  * use, copy, modify, merge, publish, distribute, sublicense, and/or sell copies of
   9:Middlewares/Third_Party/FreeRTOS/Source/portable/GCC/ARM_CM3/portmacro.h ****  * the Software, and to permit persons to whom the Software is furnished to do so,
  10:Middlewares/Third_Party/FreeRTOS/Source/portable/GCC/ARM_CM3/portmacro.h ****  * subject to the following conditions:
  11:Middlewares/Third_Party/FreeRTOS/Source/portable/GCC/ARM_CM3/portmacro.h ****  *
  12:Middlewares/Third_Party/FreeRTOS/Source/portable/GCC/ARM_CM3/portmacro.h ****  * The above copyright notice and this permission notice shall be included in all
  13:Middlewares/Third_Party/FreeRTOS/Source/portable/GCC/ARM_CM3/portmacro.h ****  * copies or substantial portions of the Software.
  14:Middlewares/Third_Party/FreeRTOS/Source/portable/GCC/ARM_CM3/portmacro.h ****  *
  15:Middlewares/Third_Party/FreeRTOS/Source/portable/GCC/ARM_CM3/portmacro.h ****  * THE SOFTWARE IS PROVIDED "AS IS", WITHOUT WARRANTY OF ANY KIND, EXPRESS OR
  16:Middlewares/Third_Party/FreeRTOS/Source/portable/GCC/ARM_CM3/portmacro.h ****  * IMPLIED, INCLUDING BUT NOT LIMITED TO THE WARRANTIES OF MERCHANTABILITY, FITNESS
  17:Middlewares/Third_Party/FreeRTOS/Source/portable/GCC/ARM_CM3/portmacro.h ****  * FOR A PARTICULAR PURPOSE AND NONINFRINGEMENT. IN NO EVENT SHALL THE AUTHORS OR
  18:Middlewares/Third_Party/FreeRTOS/Source/portable/GCC/ARM_CM3/portmacro.h ****  * COPYRIGHT HOLDERS BE LIABLE FOR ANY CLAIM, DAMAGES OR OTHER LIABILITY, WHETHER
  19:Middlewares/Third_Party/FreeRTOS/Source/portable/GCC/ARM_CM3/portmacro.h ****  * IN AN ACTION OF CONTRACT, TORT OR OTHERWISE, ARISING FROM, OUT OF OR IN
  20:Middlewares/Third_Party/FreeRTOS/Source/portable/GCC/ARM_CM3/portmacro.h ****  * CONNECTION WITH THE SOFTWARE OR THE USE OR OTHER DEALINGS IN THE SOFTWARE.
  21:Middlewares/Third_Party/FreeRTOS/Source/portable/GCC/ARM_CM3/portmacro.h ****  *
  22:Middlewares/Third_Party/FreeRTOS/Source/portable/GCC/ARM_CM3/portmacro.h ****  * http://www.FreeRTOS.org
  23:Middlewares/Third_Party/FreeRTOS/Source/portable/GCC/ARM_CM3/portmacro.h ****  * http://aws.amazon.com/freertos
  24:Middlewares/Third_Party/FreeRTOS/Source/portable/GCC/ARM_CM3/portmacro.h ****  *
  25:Middlewares/Third_Party/FreeRTOS/Source/portable/GCC/ARM_CM3/portmacro.h ****  * 1 tab == 4 spaces!
  26:Middlewares/Third_Party/FreeRTOS/Source/portable/GCC/ARM_CM3/portmacro.h ****  */
  27:Middlewares/Third_Party/FreeRTOS/Source/portable/GCC/ARM_CM3/portmacro.h **** 
  28:Middlewares/Third_Party/FreeRTOS/Source/portable/GCC/ARM_CM3/portmacro.h **** 
  29:Middlewares/Third_Party/FreeRTOS/Source/portable/GCC/ARM_CM3/portmacro.h **** #ifndef PORTMACRO_H
  30:Middlewares/Third_Party/FreeRTOS/Source/portable/GCC/ARM_CM3/portmacro.h **** #define PORTMACRO_H
  31:Middlewares/Third_Party/FreeRTOS/Source/portable/GCC/ARM_CM3/portmacro.h **** 
  32:Middlewares/Third_Party/FreeRTOS/Source/portable/GCC/ARM_CM3/portmacro.h **** #ifdef __cplusplus
  33:Middlewares/Third_Party/FreeRTOS/Source/portable/GCC/ARM_CM3/portmacro.h **** extern "C" {
  34:Middlewares/Third_Party/FreeRTOS/Source/portable/GCC/ARM_CM3/portmacro.h **** #endif
  35:Middlewares/Third_Party/FreeRTOS/Source/portable/GCC/ARM_CM3/portmacro.h **** 
  36:Middlewares/Third_Party/FreeRTOS/Source/portable/GCC/ARM_CM3/portmacro.h **** /*-----------------------------------------------------------
  37:Middlewares/Third_Party/FreeRTOS/Source/portable/GCC/ARM_CM3/portmacro.h ****  * Port specific definitions.
  38:Middlewares/Third_Party/FreeRTOS/Source/portable/GCC/ARM_CM3/portmacro.h ****  *
  39:Middlewares/Third_Party/FreeRTOS/Source/portable/GCC/ARM_CM3/portmacro.h ****  * The settings in this file configure FreeRTOS correctly for the
  40:Middlewares/Third_Party/FreeRTOS/Source/portable/GCC/ARM_CM3/portmacro.h ****  * given hardware and compiler.
  41:Middlewares/Third_Party/FreeRTOS/Source/portable/GCC/ARM_CM3/portmacro.h ****  *
  42:Middlewares/Third_Party/FreeRTOS/Source/portable/GCC/ARM_CM3/portmacro.h ****  * These settings should not be altered.
  43:Middlewares/Third_Party/FreeRTOS/Source/portable/GCC/ARM_CM3/portmacro.h ****  *-----------------------------------------------------------
  44:Middlewares/Third_Party/FreeRTOS/Source/portable/GCC/ARM_CM3/portmacro.h ****  */
  45:Middlewares/Third_Party/FreeRTOS/Source/portable/GCC/ARM_CM3/portmacro.h **** 
  46:Middlewares/Third_Party/FreeRTOS/Source/portable/GCC/ARM_CM3/portmacro.h **** /* Type definitions. */
  47:Middlewares/Third_Party/FreeRTOS/Source/portable/GCC/ARM_CM3/portmacro.h **** #define portCHAR		char
  48:Middlewares/Third_Party/FreeRTOS/Source/portable/GCC/ARM_CM3/portmacro.h **** #define portFLOAT		float
  49:Middlewares/Third_Party/FreeRTOS/Source/portable/GCC/ARM_CM3/portmacro.h **** #define portDOUBLE		double
  50:Middlewares/Third_Party/FreeRTOS/Source/portable/GCC/ARM_CM3/portmacro.h **** #define portLONG		long
  51:Middlewares/Third_Party/FreeRTOS/Source/portable/GCC/ARM_CM3/portmacro.h **** #define portSHORT		short
  52:Middlewares/Third_Party/FreeRTOS/Source/portable/GCC/ARM_CM3/portmacro.h **** #define portSTACK_TYPE	uint32_t
  53:Middlewares/Third_Party/FreeRTOS/Source/portable/GCC/ARM_CM3/portmacro.h **** #define portBASE_TYPE	long
  54:Middlewares/Third_Party/FreeRTOS/Source/portable/GCC/ARM_CM3/portmacro.h **** 
  55:Middlewares/Third_Party/FreeRTOS/Source/portable/GCC/ARM_CM3/portmacro.h **** typedef portSTACK_TYPE StackType_t;
ARM GAS  C:\Users\subdia\AppData\Local\Temp\cccoGacS.s 			page 54


  56:Middlewares/Third_Party/FreeRTOS/Source/portable/GCC/ARM_CM3/portmacro.h **** typedef long BaseType_t;
  57:Middlewares/Third_Party/FreeRTOS/Source/portable/GCC/ARM_CM3/portmacro.h **** typedef unsigned long UBaseType_t;
  58:Middlewares/Third_Party/FreeRTOS/Source/portable/GCC/ARM_CM3/portmacro.h **** 
  59:Middlewares/Third_Party/FreeRTOS/Source/portable/GCC/ARM_CM3/portmacro.h **** #if( configUSE_16_BIT_TICKS == 1 )
  60:Middlewares/Third_Party/FreeRTOS/Source/portable/GCC/ARM_CM3/portmacro.h **** 	typedef uint16_t TickType_t;
  61:Middlewares/Third_Party/FreeRTOS/Source/portable/GCC/ARM_CM3/portmacro.h **** 	#define portMAX_DELAY ( TickType_t ) 0xffff
  62:Middlewares/Third_Party/FreeRTOS/Source/portable/GCC/ARM_CM3/portmacro.h **** #else
  63:Middlewares/Third_Party/FreeRTOS/Source/portable/GCC/ARM_CM3/portmacro.h **** 	typedef uint32_t TickType_t;
  64:Middlewares/Third_Party/FreeRTOS/Source/portable/GCC/ARM_CM3/portmacro.h **** 	#define portMAX_DELAY ( TickType_t ) 0xffffffffUL
  65:Middlewares/Third_Party/FreeRTOS/Source/portable/GCC/ARM_CM3/portmacro.h **** 
  66:Middlewares/Third_Party/FreeRTOS/Source/portable/GCC/ARM_CM3/portmacro.h **** 	/* 32-bit tick type on a 32-bit architecture, so reads of the tick count do
  67:Middlewares/Third_Party/FreeRTOS/Source/portable/GCC/ARM_CM3/portmacro.h **** 	not need to be guarded with a critical section. */
  68:Middlewares/Third_Party/FreeRTOS/Source/portable/GCC/ARM_CM3/portmacro.h **** 	#define portTICK_TYPE_IS_ATOMIC 1
  69:Middlewares/Third_Party/FreeRTOS/Source/portable/GCC/ARM_CM3/portmacro.h **** #endif
  70:Middlewares/Third_Party/FreeRTOS/Source/portable/GCC/ARM_CM3/portmacro.h **** /*-----------------------------------------------------------*/
  71:Middlewares/Third_Party/FreeRTOS/Source/portable/GCC/ARM_CM3/portmacro.h **** 
  72:Middlewares/Third_Party/FreeRTOS/Source/portable/GCC/ARM_CM3/portmacro.h **** /* Architecture specifics. */
  73:Middlewares/Third_Party/FreeRTOS/Source/portable/GCC/ARM_CM3/portmacro.h **** #define portSTACK_GROWTH			( -1 )
  74:Middlewares/Third_Party/FreeRTOS/Source/portable/GCC/ARM_CM3/portmacro.h **** #define portTICK_PERIOD_MS			( ( TickType_t ) 1000 / configTICK_RATE_HZ )
  75:Middlewares/Third_Party/FreeRTOS/Source/portable/GCC/ARM_CM3/portmacro.h **** #define portBYTE_ALIGNMENT			8
  76:Middlewares/Third_Party/FreeRTOS/Source/portable/GCC/ARM_CM3/portmacro.h **** /*-----------------------------------------------------------*/
  77:Middlewares/Third_Party/FreeRTOS/Source/portable/GCC/ARM_CM3/portmacro.h **** 
  78:Middlewares/Third_Party/FreeRTOS/Source/portable/GCC/ARM_CM3/portmacro.h **** /* Scheduler utilities. */
  79:Middlewares/Third_Party/FreeRTOS/Source/portable/GCC/ARM_CM3/portmacro.h **** #define portYIELD() 															\
  80:Middlewares/Third_Party/FreeRTOS/Source/portable/GCC/ARM_CM3/portmacro.h **** {																				\
  81:Middlewares/Third_Party/FreeRTOS/Source/portable/GCC/ARM_CM3/portmacro.h **** 	/* Set a PendSV to request a context switch. */								\
  82:Middlewares/Third_Party/FreeRTOS/Source/portable/GCC/ARM_CM3/portmacro.h **** 	portNVIC_INT_CTRL_REG = portNVIC_PENDSVSET_BIT;								\
  83:Middlewares/Third_Party/FreeRTOS/Source/portable/GCC/ARM_CM3/portmacro.h **** 																				\
  84:Middlewares/Third_Party/FreeRTOS/Source/portable/GCC/ARM_CM3/portmacro.h **** 	/* Barriers are normally not required but do ensure the code is completely	\
  85:Middlewares/Third_Party/FreeRTOS/Source/portable/GCC/ARM_CM3/portmacro.h **** 	within the specified behaviour for the architecture. */						\
  86:Middlewares/Third_Party/FreeRTOS/Source/portable/GCC/ARM_CM3/portmacro.h **** 	__asm volatile( "dsb" ::: "memory" );										\
  87:Middlewares/Third_Party/FreeRTOS/Source/portable/GCC/ARM_CM3/portmacro.h **** 	__asm volatile( "isb" );													\
  88:Middlewares/Third_Party/FreeRTOS/Source/portable/GCC/ARM_CM3/portmacro.h **** }
  89:Middlewares/Third_Party/FreeRTOS/Source/portable/GCC/ARM_CM3/portmacro.h **** 
  90:Middlewares/Third_Party/FreeRTOS/Source/portable/GCC/ARM_CM3/portmacro.h **** #define portNVIC_INT_CTRL_REG		( * ( ( volatile uint32_t * ) 0xe000ed04 ) )
  91:Middlewares/Third_Party/FreeRTOS/Source/portable/GCC/ARM_CM3/portmacro.h **** #define portNVIC_PENDSVSET_BIT		( 1UL << 28UL )
  92:Middlewares/Third_Party/FreeRTOS/Source/portable/GCC/ARM_CM3/portmacro.h **** #define portEND_SWITCHING_ISR( xSwitchRequired ) if( xSwitchRequired != pdFALSE ) portYIELD()
  93:Middlewares/Third_Party/FreeRTOS/Source/portable/GCC/ARM_CM3/portmacro.h **** #define portYIELD_FROM_ISR( x ) portEND_SWITCHING_ISR( x )
  94:Middlewares/Third_Party/FreeRTOS/Source/portable/GCC/ARM_CM3/portmacro.h **** /*-----------------------------------------------------------*/
  95:Middlewares/Third_Party/FreeRTOS/Source/portable/GCC/ARM_CM3/portmacro.h **** 
  96:Middlewares/Third_Party/FreeRTOS/Source/portable/GCC/ARM_CM3/portmacro.h **** /* Critical section management. */
  97:Middlewares/Third_Party/FreeRTOS/Source/portable/GCC/ARM_CM3/portmacro.h **** extern void vPortEnterCritical( void );
  98:Middlewares/Third_Party/FreeRTOS/Source/portable/GCC/ARM_CM3/portmacro.h **** extern void vPortExitCritical( void );
  99:Middlewares/Third_Party/FreeRTOS/Source/portable/GCC/ARM_CM3/portmacro.h **** #define portSET_INTERRUPT_MASK_FROM_ISR()		ulPortRaiseBASEPRI()
 100:Middlewares/Third_Party/FreeRTOS/Source/portable/GCC/ARM_CM3/portmacro.h **** #define portCLEAR_INTERRUPT_MASK_FROM_ISR(x)	vPortSetBASEPRI(x)
 101:Middlewares/Third_Party/FreeRTOS/Source/portable/GCC/ARM_CM3/portmacro.h **** #define portDISABLE_INTERRUPTS()				vPortRaiseBASEPRI()
 102:Middlewares/Third_Party/FreeRTOS/Source/portable/GCC/ARM_CM3/portmacro.h **** #define portENABLE_INTERRUPTS()					vPortSetBASEPRI(0)
 103:Middlewares/Third_Party/FreeRTOS/Source/portable/GCC/ARM_CM3/portmacro.h **** #define portENTER_CRITICAL()					vPortEnterCritical()
 104:Middlewares/Third_Party/FreeRTOS/Source/portable/GCC/ARM_CM3/portmacro.h **** #define portEXIT_CRITICAL()						vPortExitCritical()
 105:Middlewares/Third_Party/FreeRTOS/Source/portable/GCC/ARM_CM3/portmacro.h **** 
 106:Middlewares/Third_Party/FreeRTOS/Source/portable/GCC/ARM_CM3/portmacro.h **** /*-----------------------------------------------------------*/
 107:Middlewares/Third_Party/FreeRTOS/Source/portable/GCC/ARM_CM3/portmacro.h **** 
 108:Middlewares/Third_Party/FreeRTOS/Source/portable/GCC/ARM_CM3/portmacro.h **** /* Task function macros as described on the FreeRTOS.org WEB site.  These are
 109:Middlewares/Third_Party/FreeRTOS/Source/portable/GCC/ARM_CM3/portmacro.h **** not necessary for to use this port.  They are defined so the common demo files
 110:Middlewares/Third_Party/FreeRTOS/Source/portable/GCC/ARM_CM3/portmacro.h **** (which build with all the ports) will build. */
 111:Middlewares/Third_Party/FreeRTOS/Source/portable/GCC/ARM_CM3/portmacro.h **** #define portTASK_FUNCTION_PROTO( vFunction, pvParameters ) void vFunction( void *pvParameters )
 112:Middlewares/Third_Party/FreeRTOS/Source/portable/GCC/ARM_CM3/portmacro.h **** #define portTASK_FUNCTION( vFunction, pvParameters ) void vFunction( void *pvParameters )
ARM GAS  C:\Users\subdia\AppData\Local\Temp\cccoGacS.s 			page 55


 113:Middlewares/Third_Party/FreeRTOS/Source/portable/GCC/ARM_CM3/portmacro.h **** /*-----------------------------------------------------------*/
 114:Middlewares/Third_Party/FreeRTOS/Source/portable/GCC/ARM_CM3/portmacro.h **** 
 115:Middlewares/Third_Party/FreeRTOS/Source/portable/GCC/ARM_CM3/portmacro.h **** /* Tickless idle/low power functionality. */
 116:Middlewares/Third_Party/FreeRTOS/Source/portable/GCC/ARM_CM3/portmacro.h **** #ifndef portSUPPRESS_TICKS_AND_SLEEP
 117:Middlewares/Third_Party/FreeRTOS/Source/portable/GCC/ARM_CM3/portmacro.h **** 	extern void vPortSuppressTicksAndSleep( TickType_t xExpectedIdleTime );
 118:Middlewares/Third_Party/FreeRTOS/Source/portable/GCC/ARM_CM3/portmacro.h **** 	#define portSUPPRESS_TICKS_AND_SLEEP( xExpectedIdleTime ) vPortSuppressTicksAndSleep( xExpectedIdl
 119:Middlewares/Third_Party/FreeRTOS/Source/portable/GCC/ARM_CM3/portmacro.h **** #endif
 120:Middlewares/Third_Party/FreeRTOS/Source/portable/GCC/ARM_CM3/portmacro.h **** /*-----------------------------------------------------------*/
 121:Middlewares/Third_Party/FreeRTOS/Source/portable/GCC/ARM_CM3/portmacro.h **** 
 122:Middlewares/Third_Party/FreeRTOS/Source/portable/GCC/ARM_CM3/portmacro.h **** /* Architecture specific optimisations. */
 123:Middlewares/Third_Party/FreeRTOS/Source/portable/GCC/ARM_CM3/portmacro.h **** #ifndef configUSE_PORT_OPTIMISED_TASK_SELECTION
 124:Middlewares/Third_Party/FreeRTOS/Source/portable/GCC/ARM_CM3/portmacro.h **** 	#define configUSE_PORT_OPTIMISED_TASK_SELECTION 1
 125:Middlewares/Third_Party/FreeRTOS/Source/portable/GCC/ARM_CM3/portmacro.h **** #endif
 126:Middlewares/Third_Party/FreeRTOS/Source/portable/GCC/ARM_CM3/portmacro.h **** 
 127:Middlewares/Third_Party/FreeRTOS/Source/portable/GCC/ARM_CM3/portmacro.h **** #if configUSE_PORT_OPTIMISED_TASK_SELECTION == 1
 128:Middlewares/Third_Party/FreeRTOS/Source/portable/GCC/ARM_CM3/portmacro.h **** 
 129:Middlewares/Third_Party/FreeRTOS/Source/portable/GCC/ARM_CM3/portmacro.h **** 	/* Generic helper function. */
 130:Middlewares/Third_Party/FreeRTOS/Source/portable/GCC/ARM_CM3/portmacro.h **** 	__attribute__( ( always_inline ) ) static inline uint8_t ucPortCountLeadingZeros( uint32_t ulBitma
 131:Middlewares/Third_Party/FreeRTOS/Source/portable/GCC/ARM_CM3/portmacro.h **** 	{
 132:Middlewares/Third_Party/FreeRTOS/Source/portable/GCC/ARM_CM3/portmacro.h **** 	uint8_t ucReturn;
 133:Middlewares/Third_Party/FreeRTOS/Source/portable/GCC/ARM_CM3/portmacro.h **** 
 134:Middlewares/Third_Party/FreeRTOS/Source/portable/GCC/ARM_CM3/portmacro.h **** 		__asm volatile ( "clz %0, %1" : "=r" ( ucReturn ) : "r" ( ulBitmap ) : "memory" );
 135:Middlewares/Third_Party/FreeRTOS/Source/portable/GCC/ARM_CM3/portmacro.h **** 		return ucReturn;
 136:Middlewares/Third_Party/FreeRTOS/Source/portable/GCC/ARM_CM3/portmacro.h **** 	}
 137:Middlewares/Third_Party/FreeRTOS/Source/portable/GCC/ARM_CM3/portmacro.h **** 
 138:Middlewares/Third_Party/FreeRTOS/Source/portable/GCC/ARM_CM3/portmacro.h **** 	/* Check the configuration. */
 139:Middlewares/Third_Party/FreeRTOS/Source/portable/GCC/ARM_CM3/portmacro.h **** 	#if( configMAX_PRIORITIES > 32 )
 140:Middlewares/Third_Party/FreeRTOS/Source/portable/GCC/ARM_CM3/portmacro.h **** 		#error configUSE_PORT_OPTIMISED_TASK_SELECTION can only be set to 1 when configMAX_PRIORITIES is 
 141:Middlewares/Third_Party/FreeRTOS/Source/portable/GCC/ARM_CM3/portmacro.h **** 	#endif
 142:Middlewares/Third_Party/FreeRTOS/Source/portable/GCC/ARM_CM3/portmacro.h **** 
 143:Middlewares/Third_Party/FreeRTOS/Source/portable/GCC/ARM_CM3/portmacro.h **** 	/* Store/clear the ready priorities in a bit map. */
 144:Middlewares/Third_Party/FreeRTOS/Source/portable/GCC/ARM_CM3/portmacro.h **** 	#define portRECORD_READY_PRIORITY( uxPriority, uxReadyPriorities ) ( uxReadyPriorities ) |= ( 1UL 
 145:Middlewares/Third_Party/FreeRTOS/Source/portable/GCC/ARM_CM3/portmacro.h **** 	#define portRESET_READY_PRIORITY( uxPriority, uxReadyPriorities ) ( uxReadyPriorities ) &= ~( 1UL 
 146:Middlewares/Third_Party/FreeRTOS/Source/portable/GCC/ARM_CM3/portmacro.h **** 
 147:Middlewares/Third_Party/FreeRTOS/Source/portable/GCC/ARM_CM3/portmacro.h **** 	/*-----------------------------------------------------------*/
 148:Middlewares/Third_Party/FreeRTOS/Source/portable/GCC/ARM_CM3/portmacro.h **** 
 149:Middlewares/Third_Party/FreeRTOS/Source/portable/GCC/ARM_CM3/portmacro.h **** 	#define portGET_HIGHEST_PRIORITY( uxTopPriority, uxReadyPriorities ) uxTopPriority = ( 31UL - ( ui
 150:Middlewares/Third_Party/FreeRTOS/Source/portable/GCC/ARM_CM3/portmacro.h **** 
 151:Middlewares/Third_Party/FreeRTOS/Source/portable/GCC/ARM_CM3/portmacro.h **** #endif /* configUSE_PORT_OPTIMISED_TASK_SELECTION */
 152:Middlewares/Third_Party/FreeRTOS/Source/portable/GCC/ARM_CM3/portmacro.h **** 
 153:Middlewares/Third_Party/FreeRTOS/Source/portable/GCC/ARM_CM3/portmacro.h **** /*-----------------------------------------------------------*/
 154:Middlewares/Third_Party/FreeRTOS/Source/portable/GCC/ARM_CM3/portmacro.h **** 
 155:Middlewares/Third_Party/FreeRTOS/Source/portable/GCC/ARM_CM3/portmacro.h **** #ifdef configASSERT
 156:Middlewares/Third_Party/FreeRTOS/Source/portable/GCC/ARM_CM3/portmacro.h **** 	void vPortValidateInterruptPriority( void );
 157:Middlewares/Third_Party/FreeRTOS/Source/portable/GCC/ARM_CM3/portmacro.h **** 	#define portASSERT_IF_INTERRUPT_PRIORITY_INVALID() 	vPortValidateInterruptPriority()
 158:Middlewares/Third_Party/FreeRTOS/Source/portable/GCC/ARM_CM3/portmacro.h **** #endif
 159:Middlewares/Third_Party/FreeRTOS/Source/portable/GCC/ARM_CM3/portmacro.h **** 
 160:Middlewares/Third_Party/FreeRTOS/Source/portable/GCC/ARM_CM3/portmacro.h **** /* portNOP() is not required by this port. */
 161:Middlewares/Third_Party/FreeRTOS/Source/portable/GCC/ARM_CM3/portmacro.h **** #define portNOP()
 162:Middlewares/Third_Party/FreeRTOS/Source/portable/GCC/ARM_CM3/portmacro.h **** 
 163:Middlewares/Third_Party/FreeRTOS/Source/portable/GCC/ARM_CM3/portmacro.h **** #define portINLINE	__inline
 164:Middlewares/Third_Party/FreeRTOS/Source/portable/GCC/ARM_CM3/portmacro.h **** 
 165:Middlewares/Third_Party/FreeRTOS/Source/portable/GCC/ARM_CM3/portmacro.h **** #ifndef portFORCE_INLINE
 166:Middlewares/Third_Party/FreeRTOS/Source/portable/GCC/ARM_CM3/portmacro.h **** 	#define portFORCE_INLINE inline __attribute__(( always_inline))
 167:Middlewares/Third_Party/FreeRTOS/Source/portable/GCC/ARM_CM3/portmacro.h **** #endif
 168:Middlewares/Third_Party/FreeRTOS/Source/portable/GCC/ARM_CM3/portmacro.h **** 
 169:Middlewares/Third_Party/FreeRTOS/Source/portable/GCC/ARM_CM3/portmacro.h **** /*-----------------------------------------------------------*/
ARM GAS  C:\Users\subdia\AppData\Local\Temp\cccoGacS.s 			page 56


 170:Middlewares/Third_Party/FreeRTOS/Source/portable/GCC/ARM_CM3/portmacro.h **** 
 171:Middlewares/Third_Party/FreeRTOS/Source/portable/GCC/ARM_CM3/portmacro.h **** portFORCE_INLINE static BaseType_t xPortIsInsideInterrupt( void )
 172:Middlewares/Third_Party/FreeRTOS/Source/portable/GCC/ARM_CM3/portmacro.h **** {
 173:Middlewares/Third_Party/FreeRTOS/Source/portable/GCC/ARM_CM3/portmacro.h **** uint32_t ulCurrentInterrupt;
 174:Middlewares/Third_Party/FreeRTOS/Source/portable/GCC/ARM_CM3/portmacro.h **** BaseType_t xReturn;
 175:Middlewares/Third_Party/FreeRTOS/Source/portable/GCC/ARM_CM3/portmacro.h **** 
 176:Middlewares/Third_Party/FreeRTOS/Source/portable/GCC/ARM_CM3/portmacro.h **** 	/* Obtain the number of the currently executing interrupt. */
 177:Middlewares/Third_Party/FreeRTOS/Source/portable/GCC/ARM_CM3/portmacro.h **** 	__asm volatile( "mrs %0, ipsr" : "=r"( ulCurrentInterrupt ) :: "memory" );
 178:Middlewares/Third_Party/FreeRTOS/Source/portable/GCC/ARM_CM3/portmacro.h **** 
 179:Middlewares/Third_Party/FreeRTOS/Source/portable/GCC/ARM_CM3/portmacro.h **** 	if( ulCurrentInterrupt == 0 )
 180:Middlewares/Third_Party/FreeRTOS/Source/portable/GCC/ARM_CM3/portmacro.h **** 	{
 181:Middlewares/Third_Party/FreeRTOS/Source/portable/GCC/ARM_CM3/portmacro.h **** 		xReturn = pdFALSE;
 182:Middlewares/Third_Party/FreeRTOS/Source/portable/GCC/ARM_CM3/portmacro.h **** 	}
 183:Middlewares/Third_Party/FreeRTOS/Source/portable/GCC/ARM_CM3/portmacro.h **** 	else
 184:Middlewares/Third_Party/FreeRTOS/Source/portable/GCC/ARM_CM3/portmacro.h **** 	{
 185:Middlewares/Third_Party/FreeRTOS/Source/portable/GCC/ARM_CM3/portmacro.h **** 		xReturn = pdTRUE;
 186:Middlewares/Third_Party/FreeRTOS/Source/portable/GCC/ARM_CM3/portmacro.h **** 	}
 187:Middlewares/Third_Party/FreeRTOS/Source/portable/GCC/ARM_CM3/portmacro.h **** 
 188:Middlewares/Third_Party/FreeRTOS/Source/portable/GCC/ARM_CM3/portmacro.h **** 	return xReturn;
 189:Middlewares/Third_Party/FreeRTOS/Source/portable/GCC/ARM_CM3/portmacro.h **** }
 190:Middlewares/Third_Party/FreeRTOS/Source/portable/GCC/ARM_CM3/portmacro.h **** 
 191:Middlewares/Third_Party/FreeRTOS/Source/portable/GCC/ARM_CM3/portmacro.h **** /*-----------------------------------------------------------*/
 192:Middlewares/Third_Party/FreeRTOS/Source/portable/GCC/ARM_CM3/portmacro.h **** 
 193:Middlewares/Third_Party/FreeRTOS/Source/portable/GCC/ARM_CM3/portmacro.h **** portFORCE_INLINE static void vPortRaiseBASEPRI( void )
 194:Middlewares/Third_Party/FreeRTOS/Source/portable/GCC/ARM_CM3/portmacro.h **** {
 195:Middlewares/Third_Party/FreeRTOS/Source/portable/GCC/ARM_CM3/portmacro.h **** uint32_t ulNewBASEPRI;
 196:Middlewares/Third_Party/FreeRTOS/Source/portable/GCC/ARM_CM3/portmacro.h **** 
 197:Middlewares/Third_Party/FreeRTOS/Source/portable/GCC/ARM_CM3/portmacro.h **** 	__asm volatile
 198:Middlewares/Third_Party/FreeRTOS/Source/portable/GCC/ARM_CM3/portmacro.h **** 	(
 199:Middlewares/Third_Party/FreeRTOS/Source/portable/GCC/ARM_CM3/portmacro.h **** 		"	mov %0, %1												\n" \
 200:Middlewares/Third_Party/FreeRTOS/Source/portable/GCC/ARM_CM3/portmacro.h **** 		"	msr basepri, %0											\n" \
 201:Middlewares/Third_Party/FreeRTOS/Source/portable/GCC/ARM_CM3/portmacro.h **** 		"	isb														\n" \
 202:Middlewares/Third_Party/FreeRTOS/Source/portable/GCC/ARM_CM3/portmacro.h **** 		"	dsb														\n" \
 203:Middlewares/Third_Party/FreeRTOS/Source/portable/GCC/ARM_CM3/portmacro.h **** 		:"=r" (ulNewBASEPRI) : "i" ( configMAX_SYSCALL_INTERRUPT_PRIORITY ) : "memory"
 204:Middlewares/Third_Party/FreeRTOS/Source/portable/GCC/ARM_CM3/portmacro.h **** 	);
 205:Middlewares/Third_Party/FreeRTOS/Source/portable/GCC/ARM_CM3/portmacro.h **** }
 206:Middlewares/Third_Party/FreeRTOS/Source/portable/GCC/ARM_CM3/portmacro.h **** 
 207:Middlewares/Third_Party/FreeRTOS/Source/portable/GCC/ARM_CM3/portmacro.h **** /*-----------------------------------------------------------*/
 208:Middlewares/Third_Party/FreeRTOS/Source/portable/GCC/ARM_CM3/portmacro.h **** 
 209:Middlewares/Third_Party/FreeRTOS/Source/portable/GCC/ARM_CM3/portmacro.h **** portFORCE_INLINE static uint32_t ulPortRaiseBASEPRI( void )
 1778              		.loc 3 209 34 view .LVU434
 1779              	.LBB11:
 210:Middlewares/Third_Party/FreeRTOS/Source/portable/GCC/ARM_CM3/portmacro.h **** {
 211:Middlewares/Third_Party/FreeRTOS/Source/portable/GCC/ARM_CM3/portmacro.h **** uint32_t ulOriginalBASEPRI, ulNewBASEPRI;
 1780              		.loc 3 211 1 view .LVU435
 212:Middlewares/Third_Party/FreeRTOS/Source/portable/GCC/ARM_CM3/portmacro.h **** 
 213:Middlewares/Third_Party/FreeRTOS/Source/portable/GCC/ARM_CM3/portmacro.h **** 	__asm volatile
 1781              		.loc 3 213 2 view .LVU436
 1782              		.syntax unified
 1783              	@ 213 "Middlewares/Third_Party/FreeRTOS/Source/portable/GCC/ARM_CM3/portmacro.h" 1
 1784 000a EFF31183 			mrs r3, basepri											
 1785 000e 4FF05002 		mov r2, #80												
 1786 0012 82F31188 		msr basepri, r2											
 1787 0016 BFF36F8F 		isb														
 1788 001a BFF34F8F 		dsb														
 1789              	
 1790              	@ 0 "" 2
ARM GAS  C:\Users\subdia\AppData\Local\Temp\cccoGacS.s 			page 57


 214:Middlewares/Third_Party/FreeRTOS/Source/portable/GCC/ARM_CM3/portmacro.h **** 	(
 215:Middlewares/Third_Party/FreeRTOS/Source/portable/GCC/ARM_CM3/portmacro.h **** 		"	mrs %0, basepri											\n" \
 216:Middlewares/Third_Party/FreeRTOS/Source/portable/GCC/ARM_CM3/portmacro.h **** 		"	mov %1, %2												\n" \
 217:Middlewares/Third_Party/FreeRTOS/Source/portable/GCC/ARM_CM3/portmacro.h **** 		"	msr basepri, %1											\n" \
 218:Middlewares/Third_Party/FreeRTOS/Source/portable/GCC/ARM_CM3/portmacro.h **** 		"	isb														\n" \
 219:Middlewares/Third_Party/FreeRTOS/Source/portable/GCC/ARM_CM3/portmacro.h **** 		"	dsb														\n" \
 220:Middlewares/Third_Party/FreeRTOS/Source/portable/GCC/ARM_CM3/portmacro.h **** 		:"=r" (ulOriginalBASEPRI), "=r" (ulNewBASEPRI) : "i" ( configMAX_SYSCALL_INTERRUPT_PRIORITY ) : "
 221:Middlewares/Third_Party/FreeRTOS/Source/portable/GCC/ARM_CM3/portmacro.h **** 	);
 222:Middlewares/Third_Party/FreeRTOS/Source/portable/GCC/ARM_CM3/portmacro.h **** 
 223:Middlewares/Third_Party/FreeRTOS/Source/portable/GCC/ARM_CM3/portmacro.h **** 	/* This return will not be reached but is necessary to prevent compiler
 224:Middlewares/Third_Party/FreeRTOS/Source/portable/GCC/ARM_CM3/portmacro.h **** 	warnings. */
 225:Middlewares/Third_Party/FreeRTOS/Source/portable/GCC/ARM_CM3/portmacro.h **** 	return ulOriginalBASEPRI;
 1791              		.loc 3 225 2 view .LVU437
 1792              		.thumb
 1793              		.syntax unified
 1794              	.LBE11:
 1795              	.LBE10:
 1796              		.loc 1 944 11 is_stmt 0 discriminator 1 view .LVU438
 1797 001e 1D46     		mov	r5, r3
 1798              	.LVL135:
 1799              	.L122:
 945:Middlewares/Third_Party/FreeRTOS/Source/CMSIS_RTOS/cmsis_os.c ****   }
 946:Middlewares/Third_Party/FreeRTOS/Source/CMSIS_RTOS/cmsis_os.c ****   else {
 947:Middlewares/Third_Party/FreeRTOS/Source/CMSIS_RTOS/cmsis_os.c ****     vPortEnterCritical();
 948:Middlewares/Third_Party/FreeRTOS/Source/CMSIS_RTOS/cmsis_os.c ****   }
 949:Middlewares/Third_Party/FreeRTOS/Source/CMSIS_RTOS/cmsis_os.c ****   
 950:Middlewares/Third_Party/FreeRTOS/Source/CMSIS_RTOS/cmsis_os.c ****   for (i = 0; i < pool_id->pool_sz; i++) {
 1800              		.loc 1 950 3 is_stmt 1 view .LVU439
 1801              		.loc 1 950 10 is_stmt 0 view .LVU440
 1802 0020 0021     		movs	r1, #0
 1803              		.loc 1 950 3 view .LVU441
 1804 0022 04E0     		b	.L123
 1805              	.LVL136:
 1806              	.L121:
 1807              		.loc 1 950 3 view .LVU442
 1808 0024 0546     		mov	r5, r0
 947:Middlewares/Third_Party/FreeRTOS/Source/CMSIS_RTOS/cmsis_os.c ****   }
 1809              		.loc 1 947 5 is_stmt 1 view .LVU443
 1810 0026 FFF7FEFF 		bl	vPortEnterCritical
 1811              	.LVL137:
 1812 002a F9E7     		b	.L122
 1813              	.LVL138:
 1814              	.L124:
 1815              		.loc 1 950 38 discriminator 2 view .LVU444
 1816 002c 0131     		adds	r1, r1, #1
 1817              	.LVL139:
 1818              	.L123:
 1819              		.loc 1 950 17 discriminator 1 view .LVU445
 1820              		.loc 1 950 26 is_stmt 0 discriminator 1 view .LVU446
 1821 002e A268     		ldr	r2, [r4, #8]
 1822              		.loc 1 950 17 discriminator 1 view .LVU447
 1823 0030 8A42     		cmp	r2, r1
 1824 0032 12D9     		bls	.L130
 951:Middlewares/Third_Party/FreeRTOS/Source/CMSIS_RTOS/cmsis_os.c ****     index = (pool_id->currentIndex + i) % pool_id->pool_sz;
 1825              		.loc 1 951 5 is_stmt 1 view .LVU448
 1826              		.loc 1 951 21 is_stmt 0 view .LVU449
 1827 0034 2369     		ldr	r3, [r4, #16]
ARM GAS  C:\Users\subdia\AppData\Local\Temp\cccoGacS.s 			page 58


 1828              		.loc 1 951 36 view .LVU450
 1829 0036 0B44     		add	r3, r3, r1
 1830              		.loc 1 951 11 view .LVU451
 1831 0038 B3FBF2F0 		udiv	r0, r3, r2
 1832 003c 02FB1033 		mls	r3, r2, r0, r3
 1833              	.LVL140:
 952:Middlewares/Third_Party/FreeRTOS/Source/CMSIS_RTOS/cmsis_os.c ****     
 953:Middlewares/Third_Party/FreeRTOS/Source/CMSIS_RTOS/cmsis_os.c ****     if (pool_id->markers[index] == 0) {
 1834              		.loc 1 953 5 is_stmt 1 view .LVU452
 1835              		.loc 1 953 16 is_stmt 0 view .LVU453
 1836 0040 6268     		ldr	r2, [r4, #4]
 1837              		.loc 1 953 25 view .LVU454
 1838 0042 D05C     		ldrb	r0, [r2, r3]	@ zero_extendqisi2
 1839              		.loc 1 953 8 view .LVU455
 1840 0044 0028     		cmp	r0, #0
 1841 0046 F1D1     		bne	.L124
 954:Middlewares/Third_Party/FreeRTOS/Source/CMSIS_RTOS/cmsis_os.c ****       pool_id->markers[index] = 1;
 1842              		.loc 1 954 7 is_stmt 1 view .LVU456
 1843              		.loc 1 954 31 is_stmt 0 view .LVU457
 1844 0048 0121     		movs	r1, #1
 1845              	.LVL141:
 1846              		.loc 1 954 31 view .LVU458
 1847 004a D154     		strb	r1, [r2, r3]
 955:Middlewares/Third_Party/FreeRTOS/Source/CMSIS_RTOS/cmsis_os.c ****       p = (void *)((uint32_t)(pool_id->pool) + (index * pool_id->item_sz));
 1848              		.loc 1 955 7 is_stmt 1 view .LVU459
 1849              		.loc 1 955 38 is_stmt 0 view .LVU460
 1850 004c 2268     		ldr	r2, [r4]
 1851              		.loc 1 955 64 view .LVU461
 1852 004e E168     		ldr	r1, [r4, #12]
 1853              		.loc 1 955 46 view .LVU462
 1854 0050 03FB0122 		mla	r2, r3, r1, r2
 1855 0054 1646     		mov	r6, r2
 1856              	.LVL142:
 956:Middlewares/Third_Party/FreeRTOS/Source/CMSIS_RTOS/cmsis_os.c ****       pool_id->currentIndex = index;
 1857              		.loc 1 956 7 is_stmt 1 view .LVU463
 1858              		.loc 1 956 29 is_stmt 0 view .LVU464
 1859 0056 2361     		str	r3, [r4, #16]
 957:Middlewares/Third_Party/FreeRTOS/Source/CMSIS_RTOS/cmsis_os.c ****       break;
 1860              		.loc 1 957 7 is_stmt 1 view .LVU465
 1861 0058 01E0     		b	.L125
 1862              	.LVL143:
 1863              	.L130:
 939:Middlewares/Third_Party/FreeRTOS/Source/CMSIS_RTOS/cmsis_os.c ****   uint32_t i;
 1864              		.loc 1 939 9 is_stmt 0 view .LVU466
 1865 005a 0023     		movs	r3, #0
 1866 005c 1E46     		mov	r6, r3
 1867              	.LVL144:
 1868              	.L125:
 958:Middlewares/Third_Party/FreeRTOS/Source/CMSIS_RTOS/cmsis_os.c ****     }
 959:Middlewares/Third_Party/FreeRTOS/Source/CMSIS_RTOS/cmsis_os.c ****   }
 960:Middlewares/Third_Party/FreeRTOS/Source/CMSIS_RTOS/cmsis_os.c ****   
 961:Middlewares/Third_Party/FreeRTOS/Source/CMSIS_RTOS/cmsis_os.c ****   if (inHandlerMode()) {
 1869              		.loc 1 961 3 is_stmt 1 view .LVU467
 1870              		.loc 1 961 7 is_stmt 0 view .LVU468
 1871 005e FFF7FEFF 		bl	inHandlerMode
 1872              	.LVL145:
 1873              		.loc 1 961 6 discriminator 1 view .LVU469
ARM GAS  C:\Users\subdia\AppData\Local\Temp\cccoGacS.s 			page 59


 1874 0062 18B1     		cbz	r0, .L127
 962:Middlewares/Third_Party/FreeRTOS/Source/CMSIS_RTOS/cmsis_os.c ****     portCLEAR_INTERRUPT_MASK_FROM_ISR(dummy);
 1875              		.loc 1 962 5 is_stmt 1 view .LVU470
 1876              	.LVL146:
 1877              	.LBB12:
 1878              	.LBI12:
 226:Middlewares/Third_Party/FreeRTOS/Source/portable/GCC/ARM_CM3/portmacro.h **** }
 227:Middlewares/Third_Party/FreeRTOS/Source/portable/GCC/ARM_CM3/portmacro.h **** /*-----------------------------------------------------------*/
 228:Middlewares/Third_Party/FreeRTOS/Source/portable/GCC/ARM_CM3/portmacro.h **** 
 229:Middlewares/Third_Party/FreeRTOS/Source/portable/GCC/ARM_CM3/portmacro.h **** portFORCE_INLINE static void vPortSetBASEPRI( uint32_t ulNewMaskValue )
 1879              		.loc 3 229 30 view .LVU471
 1880              	.LBB13:
 230:Middlewares/Third_Party/FreeRTOS/Source/portable/GCC/ARM_CM3/portmacro.h **** {
 231:Middlewares/Third_Party/FreeRTOS/Source/portable/GCC/ARM_CM3/portmacro.h **** 	__asm volatile
 1881              		.loc 3 231 2 view .LVU472
 1882              		.syntax unified
 1883              	@ 231 "Middlewares/Third_Party/FreeRTOS/Source/portable/GCC/ARM_CM3/portmacro.h" 1
 1884 0064 85F31188 			msr basepri, r5	
 1885              	@ 0 "" 2
 1886              	.LVL147:
 1887              		.thumb
 1888              		.syntax unified
 1889              	.L120:
 1890              		.loc 3 231 2 is_stmt 0 view .LVU473
 1891              	.LBE13:
 1892              	.LBE12:
 963:Middlewares/Third_Party/FreeRTOS/Source/CMSIS_RTOS/cmsis_os.c ****   }
 964:Middlewares/Third_Party/FreeRTOS/Source/CMSIS_RTOS/cmsis_os.c ****   else {
 965:Middlewares/Third_Party/FreeRTOS/Source/CMSIS_RTOS/cmsis_os.c ****     vPortExitCritical();
 966:Middlewares/Third_Party/FreeRTOS/Source/CMSIS_RTOS/cmsis_os.c ****   }
 967:Middlewares/Third_Party/FreeRTOS/Source/CMSIS_RTOS/cmsis_os.c ****   
 968:Middlewares/Third_Party/FreeRTOS/Source/CMSIS_RTOS/cmsis_os.c ****   return p;
 969:Middlewares/Third_Party/FreeRTOS/Source/CMSIS_RTOS/cmsis_os.c **** }
 1893              		.loc 1 969 1 view .LVU474
 1894 0068 3046     		mov	r0, r6
 1895 006a 70BD     		pop	{r4, r5, r6, pc}
 1896              	.LVL148:
 1897              	.L127:
 965:Middlewares/Third_Party/FreeRTOS/Source/CMSIS_RTOS/cmsis_os.c ****   }
 1898              		.loc 1 965 5 is_stmt 1 view .LVU475
 1899 006c FFF7FEFF 		bl	vPortExitCritical
 1900              	.LVL149:
 968:Middlewares/Third_Party/FreeRTOS/Source/CMSIS_RTOS/cmsis_os.c **** }
 1901              		.loc 1 968 3 view .LVU476
 968:Middlewares/Third_Party/FreeRTOS/Source/CMSIS_RTOS/cmsis_os.c **** }
 1902              		.loc 1 968 10 is_stmt 0 view .LVU477
 1903 0070 FAE7     		b	.L120
 1904              		.cfi_endproc
 1905              	.LFE77:
 1907              		.section	.text.osPoolCAlloc,"ax",%progbits
 1908              		.align	1
 1909              		.global	osPoolCAlloc
 1910              		.syntax unified
 1911              		.thumb
 1912              		.thumb_func
 1914              	osPoolCAlloc:
 1915              	.LVL150:
ARM GAS  C:\Users\subdia\AppData\Local\Temp\cccoGacS.s 			page 60


 1916              	.LFB78:
 970:Middlewares/Third_Party/FreeRTOS/Source/CMSIS_RTOS/cmsis_os.c **** 
 971:Middlewares/Third_Party/FreeRTOS/Source/CMSIS_RTOS/cmsis_os.c **** /**
 972:Middlewares/Third_Party/FreeRTOS/Source/CMSIS_RTOS/cmsis_os.c **** * @brief Allocate a memory block from a memory pool and set memory block to zero
 973:Middlewares/Third_Party/FreeRTOS/Source/CMSIS_RTOS/cmsis_os.c **** * @param  pool_id       memory pool ID obtain referenced with \ref osPoolCreate.
 974:Middlewares/Third_Party/FreeRTOS/Source/CMSIS_RTOS/cmsis_os.c **** * @retval  address of the allocated memory block or NULL in case of no memory available.
 975:Middlewares/Third_Party/FreeRTOS/Source/CMSIS_RTOS/cmsis_os.c **** * @note   MUST REMAIN UNCHANGED: \b osPoolCAlloc shall be consistent in every CMSIS-RTOS.
 976:Middlewares/Third_Party/FreeRTOS/Source/CMSIS_RTOS/cmsis_os.c **** */
 977:Middlewares/Third_Party/FreeRTOS/Source/CMSIS_RTOS/cmsis_os.c **** void *osPoolCAlloc (osPoolId pool_id)
 978:Middlewares/Third_Party/FreeRTOS/Source/CMSIS_RTOS/cmsis_os.c **** {
 1917              		.loc 1 978 1 is_stmt 1 view -0
 1918              		.cfi_startproc
 1919              		@ args = 0, pretend = 0, frame = 0
 1920              		@ frame_needed = 0, uses_anonymous_args = 0
 1921              		.loc 1 978 1 is_stmt 0 view .LVU479
 1922 0000 08B5     		push	{r3, lr}
 1923              	.LCFI45:
 1924              		.cfi_def_cfa_offset 8
 1925              		.cfi_offset 3, -8
 1926              		.cfi_offset 14, -4
 979:Middlewares/Third_Party/FreeRTOS/Source/CMSIS_RTOS/cmsis_os.c ****   void *p = osPoolAlloc(pool_id);
 1927              		.loc 1 979 3 is_stmt 1 view .LVU480
 1928              		.loc 1 979 13 is_stmt 0 view .LVU481
 1929 0002 FFF7FEFF 		bl	osPoolAlloc
 1930              	.LVL151:
 980:Middlewares/Third_Party/FreeRTOS/Source/CMSIS_RTOS/cmsis_os.c ****   
 981:Middlewares/Third_Party/FreeRTOS/Source/CMSIS_RTOS/cmsis_os.c ****   if (p != NULL)
 1931              		.loc 1 981 3 is_stmt 1 view .LVU482
 1932              		.loc 1 981 6 is_stmt 0 view .LVU483
 1933 0006 08B1     		cbz	r0, .L131
 982:Middlewares/Third_Party/FreeRTOS/Source/CMSIS_RTOS/cmsis_os.c ****   {
 983:Middlewares/Third_Party/FreeRTOS/Source/CMSIS_RTOS/cmsis_os.c ****     memset(p, 0, sizeof(pool_id->pool_sz));
 1934              		.loc 1 983 5 is_stmt 1 view .LVU484
 1935 0008 0023     		movs	r3, #0
 1936 000a 0360     		str	r3, [r0]	@ unaligned
 984:Middlewares/Third_Party/FreeRTOS/Source/CMSIS_RTOS/cmsis_os.c ****   }
 985:Middlewares/Third_Party/FreeRTOS/Source/CMSIS_RTOS/cmsis_os.c ****   
 986:Middlewares/Third_Party/FreeRTOS/Source/CMSIS_RTOS/cmsis_os.c ****   return p;
 1937              		.loc 1 986 3 view .LVU485
 1938              	.L131:
 987:Middlewares/Third_Party/FreeRTOS/Source/CMSIS_RTOS/cmsis_os.c **** }
 1939              		.loc 1 987 1 is_stmt 0 view .LVU486
 1940 000c 08BD     		pop	{r3, pc}
 1941              		.cfi_endproc
 1942              	.LFE78:
 1944              		.section	.text.osPoolFree,"ax",%progbits
 1945              		.align	1
 1946              		.global	osPoolFree
 1947              		.syntax unified
 1948              		.thumb
 1949              		.thumb_func
 1951              	osPoolFree:
 1952              	.LVL152:
 1953              	.LFB79:
 988:Middlewares/Third_Party/FreeRTOS/Source/CMSIS_RTOS/cmsis_os.c **** 
 989:Middlewares/Third_Party/FreeRTOS/Source/CMSIS_RTOS/cmsis_os.c **** /**
 990:Middlewares/Third_Party/FreeRTOS/Source/CMSIS_RTOS/cmsis_os.c **** * @brief Return an allocated memory block back to a specific memory pool
ARM GAS  C:\Users\subdia\AppData\Local\Temp\cccoGacS.s 			page 61


 991:Middlewares/Third_Party/FreeRTOS/Source/CMSIS_RTOS/cmsis_os.c **** * @param  pool_id       memory pool ID obtain referenced with \ref osPoolCreate.
 992:Middlewares/Third_Party/FreeRTOS/Source/CMSIS_RTOS/cmsis_os.c **** * @param  block         address of the allocated memory block that is returned to the memory pool.
 993:Middlewares/Third_Party/FreeRTOS/Source/CMSIS_RTOS/cmsis_os.c **** * @retval  status code that indicates the execution status of the function.
 994:Middlewares/Third_Party/FreeRTOS/Source/CMSIS_RTOS/cmsis_os.c **** * @note   MUST REMAIN UNCHANGED: \b osPoolFree shall be consistent in every CMSIS-RTOS.
 995:Middlewares/Third_Party/FreeRTOS/Source/CMSIS_RTOS/cmsis_os.c **** */
 996:Middlewares/Third_Party/FreeRTOS/Source/CMSIS_RTOS/cmsis_os.c **** osStatus osPoolFree (osPoolId pool_id, void *block)
 997:Middlewares/Third_Party/FreeRTOS/Source/CMSIS_RTOS/cmsis_os.c **** {
 1954              		.loc 1 997 1 is_stmt 1 view -0
 1955              		.cfi_startproc
 1956              		@ args = 0, pretend = 0, frame = 0
 1957              		@ frame_needed = 0, uses_anonymous_args = 0
 1958              		@ link register save eliminated.
 998:Middlewares/Third_Party/FreeRTOS/Source/CMSIS_RTOS/cmsis_os.c ****   uint32_t index;
 1959              		.loc 1 998 3 view .LVU488
 999:Middlewares/Third_Party/FreeRTOS/Source/CMSIS_RTOS/cmsis_os.c ****   
1000:Middlewares/Third_Party/FreeRTOS/Source/CMSIS_RTOS/cmsis_os.c ****   if (pool_id == NULL) {
 1960              		.loc 1 1000 3 view .LVU489
 1961              		.loc 1 1000 6 is_stmt 0 view .LVU490
 1962 0000 0346     		mov	r3, r0
 1963 0002 90B1     		cbz	r0, .L136
1001:Middlewares/Third_Party/FreeRTOS/Source/CMSIS_RTOS/cmsis_os.c ****     return osErrorParameter;
1002:Middlewares/Third_Party/FreeRTOS/Source/CMSIS_RTOS/cmsis_os.c ****   }
1003:Middlewares/Third_Party/FreeRTOS/Source/CMSIS_RTOS/cmsis_os.c ****   
1004:Middlewares/Third_Party/FreeRTOS/Source/CMSIS_RTOS/cmsis_os.c ****   if (block == NULL) {
 1964              		.loc 1 1004 3 is_stmt 1 view .LVU491
 1965              		.loc 1 1004 6 is_stmt 0 view .LVU492
 1966 0004 99B1     		cbz	r1, .L137
1005:Middlewares/Third_Party/FreeRTOS/Source/CMSIS_RTOS/cmsis_os.c ****     return osErrorParameter;
1006:Middlewares/Third_Party/FreeRTOS/Source/CMSIS_RTOS/cmsis_os.c ****   }
1007:Middlewares/Third_Party/FreeRTOS/Source/CMSIS_RTOS/cmsis_os.c ****   
1008:Middlewares/Third_Party/FreeRTOS/Source/CMSIS_RTOS/cmsis_os.c ****   if (block < pool_id->pool) {
 1967              		.loc 1 1008 3 is_stmt 1 view .LVU493
 1968              		.loc 1 1008 22 is_stmt 0 view .LVU494
 1969 0006 0268     		ldr	r2, [r0]
 1970              		.loc 1 1008 6 view .LVU495
 1971 0008 8A42     		cmp	r2, r1
 1972 000a 12D8     		bhi	.L138
1009:Middlewares/Third_Party/FreeRTOS/Source/CMSIS_RTOS/cmsis_os.c ****     return osErrorParameter;
1010:Middlewares/Third_Party/FreeRTOS/Source/CMSIS_RTOS/cmsis_os.c ****   }
1011:Middlewares/Third_Party/FreeRTOS/Source/CMSIS_RTOS/cmsis_os.c ****   
1012:Middlewares/Third_Party/FreeRTOS/Source/CMSIS_RTOS/cmsis_os.c ****   index = (uint32_t)block - (uint32_t)(pool_id->pool);
 1973              		.loc 1 1012 3 is_stmt 1 view .LVU496
 1974              		.loc 1 1012 9 is_stmt 0 view .LVU497
 1975 000c 891A     		subs	r1, r1, r2
 1976              	.LVL153:
1013:Middlewares/Third_Party/FreeRTOS/Source/CMSIS_RTOS/cmsis_os.c ****   if (index % pool_id->item_sz) {
 1977              		.loc 1 1013 3 is_stmt 1 view .LVU498
 1978              		.loc 1 1013 22 is_stmt 0 view .LVU499
 1979 000e C268     		ldr	r2, [r0, #12]
 1980              		.loc 1 1013 13 view .LVU500
 1981 0010 B1FBF2F0 		udiv	r0, r1, r2
 1982              	.LVL154:
 1983              		.loc 1 1013 13 view .LVU501
 1984 0014 02FB1010 		mls	r0, r2, r0, r1
 1985              		.loc 1 1013 6 view .LVU502
 1986 0018 68B9     		cbnz	r0, .L139
1014:Middlewares/Third_Party/FreeRTOS/Source/CMSIS_RTOS/cmsis_os.c ****     return osErrorParameter;
ARM GAS  C:\Users\subdia\AppData\Local\Temp\cccoGacS.s 			page 62


1015:Middlewares/Third_Party/FreeRTOS/Source/CMSIS_RTOS/cmsis_os.c ****   }
1016:Middlewares/Third_Party/FreeRTOS/Source/CMSIS_RTOS/cmsis_os.c ****   index = index / pool_id->item_sz;
 1987              		.loc 1 1016 3 is_stmt 1 view .LVU503
 1988              		.loc 1 1016 9 is_stmt 0 view .LVU504
 1989 001a B1FBF2F1 		udiv	r1, r1, r2
 1990              	.LVL155:
1017:Middlewares/Third_Party/FreeRTOS/Source/CMSIS_RTOS/cmsis_os.c ****   if (index >= pool_id->pool_sz) {
 1991              		.loc 1 1017 3 is_stmt 1 view .LVU505
 1992              		.loc 1 1017 23 is_stmt 0 view .LVU506
 1993 001e 9A68     		ldr	r2, [r3, #8]
 1994              		.loc 1 1017 6 view .LVU507
 1995 0020 8A42     		cmp	r2, r1
 1996 0022 0AD9     		bls	.L140
1018:Middlewares/Third_Party/FreeRTOS/Source/CMSIS_RTOS/cmsis_os.c ****     return osErrorParameter;
1019:Middlewares/Third_Party/FreeRTOS/Source/CMSIS_RTOS/cmsis_os.c ****   }
1020:Middlewares/Third_Party/FreeRTOS/Source/CMSIS_RTOS/cmsis_os.c ****   
1021:Middlewares/Third_Party/FreeRTOS/Source/CMSIS_RTOS/cmsis_os.c ****   pool_id->markers[index] = 0;
 1997              		.loc 1 1021 3 is_stmt 1 view .LVU508
 1998              		.loc 1 1021 10 is_stmt 0 view .LVU509
 1999 0024 5B68     		ldr	r3, [r3, #4]
 2000              	.LVL156:
 2001              		.loc 1 1021 27 view .LVU510
 2002 0026 5854     		strb	r0, [r3, r1]
1022:Middlewares/Third_Party/FreeRTOS/Source/CMSIS_RTOS/cmsis_os.c ****   
1023:Middlewares/Third_Party/FreeRTOS/Source/CMSIS_RTOS/cmsis_os.c ****   return osOK;
 2003              		.loc 1 1023 3 is_stmt 1 view .LVU511
 2004              		.loc 1 1023 10 is_stmt 0 view .LVU512
 2005 0028 7047     		bx	lr
 2006              	.LVL157:
 2007              	.L136:
1001:Middlewares/Third_Party/FreeRTOS/Source/CMSIS_RTOS/cmsis_os.c ****   }
 2008              		.loc 1 1001 12 view .LVU513
 2009 002a 8020     		movs	r0, #128
 2010              	.LVL158:
1001:Middlewares/Third_Party/FreeRTOS/Source/CMSIS_RTOS/cmsis_os.c ****   }
 2011              		.loc 1 1001 12 view .LVU514
 2012 002c 7047     		bx	lr
 2013              	.LVL159:
 2014              	.L137:
1005:Middlewares/Third_Party/FreeRTOS/Source/CMSIS_RTOS/cmsis_os.c ****   }
 2015              		.loc 1 1005 12 view .LVU515
 2016 002e 8020     		movs	r0, #128
 2017              	.LVL160:
1005:Middlewares/Third_Party/FreeRTOS/Source/CMSIS_RTOS/cmsis_os.c ****   }
 2018              		.loc 1 1005 12 view .LVU516
 2019 0030 7047     		bx	lr
 2020              	.LVL161:
 2021              	.L138:
1009:Middlewares/Third_Party/FreeRTOS/Source/CMSIS_RTOS/cmsis_os.c ****   }
 2022              		.loc 1 1009 12 view .LVU517
 2023 0032 8020     		movs	r0, #128
 2024              	.LVL162:
1009:Middlewares/Third_Party/FreeRTOS/Source/CMSIS_RTOS/cmsis_os.c ****   }
 2025              		.loc 1 1009 12 view .LVU518
 2026 0034 7047     		bx	lr
 2027              	.LVL163:
 2028              	.L139:
ARM GAS  C:\Users\subdia\AppData\Local\Temp\cccoGacS.s 			page 63


1014:Middlewares/Third_Party/FreeRTOS/Source/CMSIS_RTOS/cmsis_os.c ****   }
 2029              		.loc 1 1014 12 view .LVU519
 2030 0036 8020     		movs	r0, #128
 2031 0038 7047     		bx	lr
 2032              	.L140:
1018:Middlewares/Third_Party/FreeRTOS/Source/CMSIS_RTOS/cmsis_os.c ****   }
 2033              		.loc 1 1018 12 view .LVU520
 2034 003a 8020     		movs	r0, #128
1024:Middlewares/Third_Party/FreeRTOS/Source/CMSIS_RTOS/cmsis_os.c **** }
 2035              		.loc 1 1024 1 view .LVU521
 2036 003c 7047     		bx	lr
 2037              		.cfi_endproc
 2038              	.LFE79:
 2040              		.section	.text.osMessageCreate,"ax",%progbits
 2041              		.align	1
 2042              		.global	osMessageCreate
 2043              		.syntax unified
 2044              		.thumb
 2045              		.thumb_func
 2047              	osMessageCreate:
 2048              	.LVL164:
 2049              	.LFB80:
1025:Middlewares/Third_Party/FreeRTOS/Source/CMSIS_RTOS/cmsis_os.c **** 
1026:Middlewares/Third_Party/FreeRTOS/Source/CMSIS_RTOS/cmsis_os.c **** 
1027:Middlewares/Third_Party/FreeRTOS/Source/CMSIS_RTOS/cmsis_os.c **** #endif   /* Use Memory Pool Management */
1028:Middlewares/Third_Party/FreeRTOS/Source/CMSIS_RTOS/cmsis_os.c **** 
1029:Middlewares/Third_Party/FreeRTOS/Source/CMSIS_RTOS/cmsis_os.c **** /*******************   Message Queue Management Functions  *********************/
1030:Middlewares/Third_Party/FreeRTOS/Source/CMSIS_RTOS/cmsis_os.c **** 
1031:Middlewares/Third_Party/FreeRTOS/Source/CMSIS_RTOS/cmsis_os.c **** #if (defined (osFeature_MessageQ)  &&  (osFeature_MessageQ != 0)) /* Use Message Queues */
1032:Middlewares/Third_Party/FreeRTOS/Source/CMSIS_RTOS/cmsis_os.c **** 
1033:Middlewares/Third_Party/FreeRTOS/Source/CMSIS_RTOS/cmsis_os.c **** /**
1034:Middlewares/Third_Party/FreeRTOS/Source/CMSIS_RTOS/cmsis_os.c **** * @brief Create and Initialize a Message Queue
1035:Middlewares/Third_Party/FreeRTOS/Source/CMSIS_RTOS/cmsis_os.c **** * @param queue_def     queue definition referenced with \ref osMessageQ.
1036:Middlewares/Third_Party/FreeRTOS/Source/CMSIS_RTOS/cmsis_os.c **** * @param  thread_id     thread ID (obtained by \ref osThreadCreate or \ref osThreadGetId) or NULL.
1037:Middlewares/Third_Party/FreeRTOS/Source/CMSIS_RTOS/cmsis_os.c **** * @retval  message queue ID for reference by other functions or NULL in case of error.
1038:Middlewares/Third_Party/FreeRTOS/Source/CMSIS_RTOS/cmsis_os.c **** * @note   MUST REMAIN UNCHANGED: \b osMessageCreate shall be consistent in every CMSIS-RTOS.
1039:Middlewares/Third_Party/FreeRTOS/Source/CMSIS_RTOS/cmsis_os.c **** */
1040:Middlewares/Third_Party/FreeRTOS/Source/CMSIS_RTOS/cmsis_os.c **** osMessageQId osMessageCreate (const osMessageQDef_t *queue_def, osThreadId thread_id)
1041:Middlewares/Third_Party/FreeRTOS/Source/CMSIS_RTOS/cmsis_os.c **** {
 2050              		.loc 1 1041 1 is_stmt 1 view -0
 2051              		.cfi_startproc
 2052              		@ args = 0, pretend = 0, frame = 0
 2053              		@ frame_needed = 0, uses_anonymous_args = 0
 2054              		.loc 1 1041 1 is_stmt 0 view .LVU523
 2055 0000 00B5     		push	{lr}
 2056              	.LCFI46:
 2057              		.cfi_def_cfa_offset 4
 2058              		.cfi_offset 14, -4
 2059 0002 83B0     		sub	sp, sp, #12
 2060              	.LCFI47:
 2061              		.cfi_def_cfa_offset 16
1042:Middlewares/Third_Party/FreeRTOS/Source/CMSIS_RTOS/cmsis_os.c ****   (void) thread_id;
 2062              		.loc 1 1042 3 is_stmt 1 view .LVU524
1043:Middlewares/Third_Party/FreeRTOS/Source/CMSIS_RTOS/cmsis_os.c ****   
1044:Middlewares/Third_Party/FreeRTOS/Source/CMSIS_RTOS/cmsis_os.c **** #if( configSUPPORT_STATIC_ALLOCATION == 1 ) && ( configSUPPORT_DYNAMIC_ALLOCATION == 1 )
1045:Middlewares/Third_Party/FreeRTOS/Source/CMSIS_RTOS/cmsis_os.c **** 
1046:Middlewares/Third_Party/FreeRTOS/Source/CMSIS_RTOS/cmsis_os.c ****   if ((queue_def->buffer != NULL) && (queue_def->controlblock != NULL)) {
ARM GAS  C:\Users\subdia\AppData\Local\Temp\cccoGacS.s 			page 64


 2063              		.loc 1 1046 3 view .LVU525
 2064              		.loc 1 1046 17 is_stmt 0 view .LVU526
 2065 0004 8268     		ldr	r2, [r0, #8]
 2066              		.loc 1 1046 6 view .LVU527
 2067 0006 42B1     		cbz	r2, .L142
 2068              		.loc 1 1046 48 discriminator 1 view .LVU528
 2069 0008 C368     		ldr	r3, [r0, #12]
 2070              		.loc 1 1046 35 discriminator 1 view .LVU529
 2071 000a 33B1     		cbz	r3, .L142
1047:Middlewares/Third_Party/FreeRTOS/Source/CMSIS_RTOS/cmsis_os.c ****     return xQueueCreateStatic(queue_def->queue_sz, queue_def->item_sz, queue_def->buffer, queue_def
 2072              		.loc 1 1047 5 is_stmt 1 view .LVU530
 2073              		.loc 1 1047 12 is_stmt 0 view .LVU531
 2074 000c 0021     		movs	r1, #0
 2075              	.LVL165:
 2076              		.loc 1 1047 12 view .LVU532
 2077 000e 0091     		str	r1, [sp]
 2078 0010 4168     		ldr	r1, [r0, #4]
 2079 0012 0068     		ldr	r0, [r0]
 2080              	.LVL166:
 2081              		.loc 1 1047 12 view .LVU533
 2082 0014 FFF7FEFF 		bl	xQueueGenericCreateStatic
 2083              	.LVL167:
 2084 0018 04E0     		b	.L141
 2085              	.LVL168:
 2086              	.L142:
1048:Middlewares/Third_Party/FreeRTOS/Source/CMSIS_RTOS/cmsis_os.c ****   }
1049:Middlewares/Third_Party/FreeRTOS/Source/CMSIS_RTOS/cmsis_os.c ****   else {
1050:Middlewares/Third_Party/FreeRTOS/Source/CMSIS_RTOS/cmsis_os.c ****     return xQueueCreate(queue_def->queue_sz, queue_def->item_sz);
 2087              		.loc 1 1050 5 is_stmt 1 view .LVU534
 2088              		.loc 1 1050 12 is_stmt 0 view .LVU535
 2089 001a 0022     		movs	r2, #0
 2090 001c 4168     		ldr	r1, [r0, #4]
 2091              	.LVL169:
 2092              		.loc 1 1050 12 view .LVU536
 2093 001e 0068     		ldr	r0, [r0]
 2094              	.LVL170:
 2095              		.loc 1 1050 12 view .LVU537
 2096 0020 FFF7FEFF 		bl	xQueueGenericCreate
 2097              	.LVL171:
 2098              	.L141:
1051:Middlewares/Third_Party/FreeRTOS/Source/CMSIS_RTOS/cmsis_os.c ****   }
1052:Middlewares/Third_Party/FreeRTOS/Source/CMSIS_RTOS/cmsis_os.c **** #elif ( configSUPPORT_STATIC_ALLOCATION == 1 )
1053:Middlewares/Third_Party/FreeRTOS/Source/CMSIS_RTOS/cmsis_os.c ****   return xQueueCreateStatic(queue_def->queue_sz, queue_def->item_sz, queue_def->buffer, queue_def->
1054:Middlewares/Third_Party/FreeRTOS/Source/CMSIS_RTOS/cmsis_os.c **** #else  
1055:Middlewares/Third_Party/FreeRTOS/Source/CMSIS_RTOS/cmsis_os.c ****   return xQueueCreate(queue_def->queue_sz, queue_def->item_sz);
1056:Middlewares/Third_Party/FreeRTOS/Source/CMSIS_RTOS/cmsis_os.c **** #endif
1057:Middlewares/Third_Party/FreeRTOS/Source/CMSIS_RTOS/cmsis_os.c **** }
 2099              		.loc 1 1057 1 view .LVU538
 2100 0024 03B0     		add	sp, sp, #12
 2101              	.LCFI48:
 2102              		.cfi_def_cfa_offset 4
 2103              		@ sp needed
 2104 0026 00BD     		pop	{pc}
 2105              		.cfi_endproc
 2106              	.LFE80:
 2108              		.section	.text.osMessagePut,"ax",%progbits
 2109              		.align	1
ARM GAS  C:\Users\subdia\AppData\Local\Temp\cccoGacS.s 			page 65


 2110              		.global	osMessagePut
 2111              		.syntax unified
 2112              		.thumb
 2113              		.thumb_func
 2115              	osMessagePut:
 2116              	.LVL172:
 2117              	.LFB81:
1058:Middlewares/Third_Party/FreeRTOS/Source/CMSIS_RTOS/cmsis_os.c **** 
1059:Middlewares/Third_Party/FreeRTOS/Source/CMSIS_RTOS/cmsis_os.c **** /**
1060:Middlewares/Third_Party/FreeRTOS/Source/CMSIS_RTOS/cmsis_os.c **** * @brief Put a Message to a Queue.
1061:Middlewares/Third_Party/FreeRTOS/Source/CMSIS_RTOS/cmsis_os.c **** * @param  queue_id  message queue ID obtained with \ref osMessageCreate.
1062:Middlewares/Third_Party/FreeRTOS/Source/CMSIS_RTOS/cmsis_os.c **** * @param  info      message information.
1063:Middlewares/Third_Party/FreeRTOS/Source/CMSIS_RTOS/cmsis_os.c **** * @param  millisec  timeout value or 0 in case of no time-out.
1064:Middlewares/Third_Party/FreeRTOS/Source/CMSIS_RTOS/cmsis_os.c **** * @retval status code that indicates the execution status of the function.
1065:Middlewares/Third_Party/FreeRTOS/Source/CMSIS_RTOS/cmsis_os.c **** * @note   MUST REMAIN UNCHANGED: \b osMessagePut shall be consistent in every CMSIS-RTOS.
1066:Middlewares/Third_Party/FreeRTOS/Source/CMSIS_RTOS/cmsis_os.c **** */
1067:Middlewares/Third_Party/FreeRTOS/Source/CMSIS_RTOS/cmsis_os.c **** osStatus osMessagePut (osMessageQId queue_id, uint32_t info, uint32_t millisec)
1068:Middlewares/Third_Party/FreeRTOS/Source/CMSIS_RTOS/cmsis_os.c **** {
 2118              		.loc 1 1068 1 is_stmt 1 view -0
 2119              		.cfi_startproc
 2120              		@ args = 0, pretend = 0, frame = 16
 2121              		@ frame_needed = 0, uses_anonymous_args = 0
 2122              		.loc 1 1068 1 is_stmt 0 view .LVU540
 2123 0000 30B5     		push	{r4, r5, lr}
 2124              	.LCFI49:
 2125              		.cfi_def_cfa_offset 12
 2126              		.cfi_offset 4, -12
 2127              		.cfi_offset 5, -8
 2128              		.cfi_offset 14, -4
 2129 0002 85B0     		sub	sp, sp, #20
 2130              	.LCFI50:
 2131              		.cfi_def_cfa_offset 32
 2132 0004 0446     		mov	r4, r0
 2133 0006 0191     		str	r1, [sp, #4]
1069:Middlewares/Third_Party/FreeRTOS/Source/CMSIS_RTOS/cmsis_os.c ****   portBASE_TYPE taskWoken = pdFALSE;
 2134              		.loc 1 1069 3 is_stmt 1 view .LVU541
 2135              		.loc 1 1069 17 is_stmt 0 view .LVU542
 2136 0008 0023     		movs	r3, #0
 2137 000a 0393     		str	r3, [sp, #12]
1070:Middlewares/Third_Party/FreeRTOS/Source/CMSIS_RTOS/cmsis_os.c ****   TickType_t ticks;
 2138              		.loc 1 1070 3 is_stmt 1 view .LVU543
1071:Middlewares/Third_Party/FreeRTOS/Source/CMSIS_RTOS/cmsis_os.c ****   
1072:Middlewares/Third_Party/FreeRTOS/Source/CMSIS_RTOS/cmsis_os.c ****   ticks = millisec / portTICK_PERIOD_MS;
 2139              		.loc 1 1072 3 view .LVU544
 2140              	.LVL173:
1073:Middlewares/Third_Party/FreeRTOS/Source/CMSIS_RTOS/cmsis_os.c ****   if (ticks == 0) {
 2141              		.loc 1 1073 3 view .LVU545
 2142              		.loc 1 1073 6 is_stmt 0 view .LVU546
 2143 000c 1546     		mov	r5, r2
 2144 000e 0AB9     		cbnz	r2, .L146
1074:Middlewares/Third_Party/FreeRTOS/Source/CMSIS_RTOS/cmsis_os.c ****     ticks = 1;
 2145              		.loc 1 1074 11 view .LVU547
 2146 0010 0123     		movs	r3, #1
 2147 0012 1D46     		mov	r5, r3
 2148              	.L146:
 2149              	.LVL174:
1075:Middlewares/Third_Party/FreeRTOS/Source/CMSIS_RTOS/cmsis_os.c ****   }
ARM GAS  C:\Users\subdia\AppData\Local\Temp\cccoGacS.s 			page 66


1076:Middlewares/Third_Party/FreeRTOS/Source/CMSIS_RTOS/cmsis_os.c ****   
1077:Middlewares/Third_Party/FreeRTOS/Source/CMSIS_RTOS/cmsis_os.c ****   if (inHandlerMode()) {
 2150              		.loc 1 1077 3 is_stmt 1 view .LVU548
 2151              		.loc 1 1077 7 is_stmt 0 view .LVU549
 2152 0014 FFF7FEFF 		bl	inHandlerMode
 2153              	.LVL175:
 2154              		.loc 1 1077 6 discriminator 1 view .LVU550
 2155 0018 A8B1     		cbz	r0, .L147
1078:Middlewares/Third_Party/FreeRTOS/Source/CMSIS_RTOS/cmsis_os.c ****     if (xQueueSendFromISR(queue_id, &info, &taskWoken) != pdTRUE) {
 2156              		.loc 1 1078 5 is_stmt 1 view .LVU551
 2157              		.loc 1 1078 9 is_stmt 0 view .LVU552
 2158 001a 0023     		movs	r3, #0
 2159 001c 03AA     		add	r2, sp, #12
 2160 001e 01A9     		add	r1, sp, #4
 2161 0020 2046     		mov	r0, r4
 2162 0022 FFF7FEFF 		bl	xQueueGenericSendFromISR
 2163              	.LVL176:
 2164              		.loc 1 1078 8 discriminator 1 view .LVU553
 2165 0026 0128     		cmp	r0, #1
 2166 0028 18D1     		bne	.L150
1079:Middlewares/Third_Party/FreeRTOS/Source/CMSIS_RTOS/cmsis_os.c ****       return osErrorOS;
1080:Middlewares/Third_Party/FreeRTOS/Source/CMSIS_RTOS/cmsis_os.c ****     }
1081:Middlewares/Third_Party/FreeRTOS/Source/CMSIS_RTOS/cmsis_os.c ****     portEND_SWITCHING_ISR(taskWoken);
 2167              		.loc 1 1081 5 is_stmt 1 view .LVU554
 2168 002a 039B     		ldr	r3, [sp, #12]
 2169 002c C3B1     		cbz	r3, .L151
 2170              		.loc 1 1081 5 discriminator 1 view .LVU555
 2171 002e 4FF0E023 		mov	r3, #-536813568
 2172 0032 4FF08052 		mov	r2, #268435456
 2173 0036 C3F8042D 		str	r2, [r3, #3332]
 2174              		.loc 1 1081 5 view .LVU556
 2175              		.loc 1 1081 5 is_stmt 0 discriminator 1 view .LVU557
 2176              		.syntax unified
 2177              	@ 1081 "Middlewares/Third_Party/FreeRTOS/Source/CMSIS_RTOS/cmsis_os.c" 1
 2178 003a BFF34F8F 		dsb
 2179              	@ 0 "" 2
 2180              		.loc 1 1081 5 is_stmt 1 view .LVU558
 2181              		.loc 1 1081 5 is_stmt 0 discriminator 1 view .LVU559
 2182              	@ 1081 "Middlewares/Third_Party/FreeRTOS/Source/CMSIS_RTOS/cmsis_os.c" 1
 2183 003e BFF36F8F 		isb
 2184              	@ 0 "" 2
1082:Middlewares/Third_Party/FreeRTOS/Source/CMSIS_RTOS/cmsis_os.c ****   }
1083:Middlewares/Third_Party/FreeRTOS/Source/CMSIS_RTOS/cmsis_os.c ****   else {
1084:Middlewares/Third_Party/FreeRTOS/Source/CMSIS_RTOS/cmsis_os.c ****     if (xQueueSend(queue_id, &info, ticks) != pdTRUE) {
1085:Middlewares/Third_Party/FreeRTOS/Source/CMSIS_RTOS/cmsis_os.c ****       return osErrorOS;
1086:Middlewares/Third_Party/FreeRTOS/Source/CMSIS_RTOS/cmsis_os.c ****     }
1087:Middlewares/Third_Party/FreeRTOS/Source/CMSIS_RTOS/cmsis_os.c ****   }
1088:Middlewares/Third_Party/FreeRTOS/Source/CMSIS_RTOS/cmsis_os.c ****   
1089:Middlewares/Third_Party/FreeRTOS/Source/CMSIS_RTOS/cmsis_os.c ****   return osOK;
 2185              		.loc 1 1089 10 view .LVU560
 2186              		.thumb
 2187              		.syntax unified
 2188 0042 0020     		movs	r0, #0
 2189 0044 08E0     		b	.L145
 2190              	.L147:
1084:Middlewares/Third_Party/FreeRTOS/Source/CMSIS_RTOS/cmsis_os.c ****       return osErrorOS;
 2191              		.loc 1 1084 5 is_stmt 1 view .LVU561
ARM GAS  C:\Users\subdia\AppData\Local\Temp\cccoGacS.s 			page 67


1084:Middlewares/Third_Party/FreeRTOS/Source/CMSIS_RTOS/cmsis_os.c ****       return osErrorOS;
 2192              		.loc 1 1084 9 is_stmt 0 view .LVU562
 2193 0046 0346     		mov	r3, r0
 2194 0048 2A46     		mov	r2, r5
 2195 004a 01A9     		add	r1, sp, #4
 2196 004c 2046     		mov	r0, r4
 2197 004e FFF7FEFF 		bl	xQueueGenericSend
 2198              	.LVL177:
1084:Middlewares/Third_Party/FreeRTOS/Source/CMSIS_RTOS/cmsis_os.c ****       return osErrorOS;
 2199              		.loc 1 1084 8 discriminator 1 view .LVU563
 2200 0052 0128     		cmp	r0, #1
 2201 0054 06D1     		bne	.L152
 2202              		.loc 1 1089 10 view .LVU564
 2203 0056 0020     		movs	r0, #0
 2204              	.L145:
1090:Middlewares/Third_Party/FreeRTOS/Source/CMSIS_RTOS/cmsis_os.c **** }
 2205              		.loc 1 1090 1 view .LVU565
 2206 0058 05B0     		add	sp, sp, #20
 2207              	.LCFI51:
 2208              		.cfi_remember_state
 2209              		.cfi_def_cfa_offset 12
 2210              		@ sp needed
 2211 005a 30BD     		pop	{r4, r5, pc}
 2212              	.LVL178:
 2213              	.L150:
 2214              	.LCFI52:
 2215              		.cfi_restore_state
1079:Middlewares/Third_Party/FreeRTOS/Source/CMSIS_RTOS/cmsis_os.c ****     }
 2216              		.loc 1 1079 14 view .LVU566
 2217 005c FF20     		movs	r0, #255
 2218 005e FBE7     		b	.L145
 2219              	.L151:
1089:Middlewares/Third_Party/FreeRTOS/Source/CMSIS_RTOS/cmsis_os.c **** }
 2220              		.loc 1 1089 10 view .LVU567
 2221 0060 1846     		mov	r0, r3
 2222 0062 F9E7     		b	.L145
 2223              	.L152:
1085:Middlewares/Third_Party/FreeRTOS/Source/CMSIS_RTOS/cmsis_os.c ****     }
 2224              		.loc 1 1085 14 view .LVU568
 2225 0064 FF20     		movs	r0, #255
 2226 0066 F7E7     		b	.L145
 2227              		.cfi_endproc
 2228              	.LFE81:
 2230              		.section	.text.osMessageGet,"ax",%progbits
 2231              		.align	1
 2232              		.global	osMessageGet
 2233              		.syntax unified
 2234              		.thumb
 2235              		.thumb_func
 2237              	osMessageGet:
 2238              	.LVL179:
 2239              	.LFB82:
1091:Middlewares/Third_Party/FreeRTOS/Source/CMSIS_RTOS/cmsis_os.c **** 
1092:Middlewares/Third_Party/FreeRTOS/Source/CMSIS_RTOS/cmsis_os.c **** /**
1093:Middlewares/Third_Party/FreeRTOS/Source/CMSIS_RTOS/cmsis_os.c **** * @brief Get a Message or Wait for a Message from a Queue.
1094:Middlewares/Third_Party/FreeRTOS/Source/CMSIS_RTOS/cmsis_os.c **** * @param  queue_id  message queue ID obtained with \ref osMessageCreate.
1095:Middlewares/Third_Party/FreeRTOS/Source/CMSIS_RTOS/cmsis_os.c **** * @param  millisec  timeout value or 0 in case of no time-out.
ARM GAS  C:\Users\subdia\AppData\Local\Temp\cccoGacS.s 			page 68


1096:Middlewares/Third_Party/FreeRTOS/Source/CMSIS_RTOS/cmsis_os.c **** * @retval event information that includes status code.
1097:Middlewares/Third_Party/FreeRTOS/Source/CMSIS_RTOS/cmsis_os.c **** * @note   MUST REMAIN UNCHANGED: \b osMessageGet shall be consistent in every CMSIS-RTOS.
1098:Middlewares/Third_Party/FreeRTOS/Source/CMSIS_RTOS/cmsis_os.c **** */
1099:Middlewares/Third_Party/FreeRTOS/Source/CMSIS_RTOS/cmsis_os.c **** osEvent osMessageGet (osMessageQId queue_id, uint32_t millisec)
1100:Middlewares/Third_Party/FreeRTOS/Source/CMSIS_RTOS/cmsis_os.c **** {
 2240              		.loc 1 1100 1 is_stmt 1 view -0
 2241              		.cfi_startproc
 2242              		@ args = 0, pretend = 0, frame = 16
 2243              		@ frame_needed = 0, uses_anonymous_args = 0
 2244              		.loc 1 1100 1 is_stmt 0 view .LVU570
 2245 0000 70B5     		push	{r4, r5, r6, lr}
 2246              	.LCFI53:
 2247              		.cfi_def_cfa_offset 16
 2248              		.cfi_offset 4, -16
 2249              		.cfi_offset 5, -12
 2250              		.cfi_offset 6, -8
 2251              		.cfi_offset 14, -4
 2252 0002 84B0     		sub	sp, sp, #16
 2253              	.LCFI54:
 2254              		.cfi_def_cfa_offset 32
 2255 0004 0546     		mov	r5, r0
1101:Middlewares/Third_Party/FreeRTOS/Source/CMSIS_RTOS/cmsis_os.c ****   portBASE_TYPE taskWoken;
 2256              		.loc 1 1101 3 is_stmt 1 view .LVU571
1102:Middlewares/Third_Party/FreeRTOS/Source/CMSIS_RTOS/cmsis_os.c ****   TickType_t ticks;
 2257              		.loc 1 1102 3 view .LVU572
1103:Middlewares/Third_Party/FreeRTOS/Source/CMSIS_RTOS/cmsis_os.c ****   osEvent event;
 2258              		.loc 1 1103 3 view .LVU573
1104:Middlewares/Third_Party/FreeRTOS/Source/CMSIS_RTOS/cmsis_os.c ****   
1105:Middlewares/Third_Party/FreeRTOS/Source/CMSIS_RTOS/cmsis_os.c ****   event.def.message_id = queue_id;
 2259              		.loc 1 1105 3 view .LVU574
 2260              		.loc 1 1105 24 is_stmt 0 view .LVU575
 2261 0006 0291     		str	r1, [sp, #8]
1106:Middlewares/Third_Party/FreeRTOS/Source/CMSIS_RTOS/cmsis_os.c ****   event.value.v = 0;
 2262              		.loc 1 1106 3 is_stmt 1 view .LVU576
 2263              		.loc 1 1106 17 is_stmt 0 view .LVU577
 2264 0008 0023     		movs	r3, #0
 2265 000a 0193     		str	r3, [sp, #4]
1107:Middlewares/Third_Party/FreeRTOS/Source/CMSIS_RTOS/cmsis_os.c ****   
1108:Middlewares/Third_Party/FreeRTOS/Source/CMSIS_RTOS/cmsis_os.c ****   if (queue_id == NULL) {
 2266              		.loc 1 1108 3 is_stmt 1 view .LVU578
 2267              		.loc 1 1108 6 is_stmt 0 view .LVU579
 2268 000c E1B1     		cbz	r1, .L165
 2269 000e 0C46     		mov	r4, r1
 2270 0010 1646     		mov	r6, r2
1109:Middlewares/Third_Party/FreeRTOS/Source/CMSIS_RTOS/cmsis_os.c ****     event.status = osErrorParameter;
1110:Middlewares/Third_Party/FreeRTOS/Source/CMSIS_RTOS/cmsis_os.c ****     return event;
1111:Middlewares/Third_Party/FreeRTOS/Source/CMSIS_RTOS/cmsis_os.c ****   }
1112:Middlewares/Third_Party/FreeRTOS/Source/CMSIS_RTOS/cmsis_os.c ****   
1113:Middlewares/Third_Party/FreeRTOS/Source/CMSIS_RTOS/cmsis_os.c ****   taskWoken = pdFALSE;
 2271              		.loc 1 1113 3 is_stmt 1 view .LVU580
 2272              		.loc 1 1113 13 is_stmt 0 view .LVU581
 2273 0012 0023     		movs	r3, #0
 2274 0014 0393     		str	r3, [sp, #12]
1114:Middlewares/Third_Party/FreeRTOS/Source/CMSIS_RTOS/cmsis_os.c ****   
1115:Middlewares/Third_Party/FreeRTOS/Source/CMSIS_RTOS/cmsis_os.c ****   ticks = 0;
 2275              		.loc 1 1115 3 is_stmt 1 view .LVU582
 2276              	.LVL180:
ARM GAS  C:\Users\subdia\AppData\Local\Temp\cccoGacS.s 			page 69


1116:Middlewares/Third_Party/FreeRTOS/Source/CMSIS_RTOS/cmsis_os.c ****   if (millisec == osWaitForever) {
 2277              		.loc 1 1116 3 view .LVU583
1117:Middlewares/Third_Party/FreeRTOS/Source/CMSIS_RTOS/cmsis_os.c ****     ticks = portMAX_DELAY;
1118:Middlewares/Third_Party/FreeRTOS/Source/CMSIS_RTOS/cmsis_os.c ****   }
1119:Middlewares/Third_Party/FreeRTOS/Source/CMSIS_RTOS/cmsis_os.c ****   else if (millisec != 0) {
 2278              		.loc 1 1119 8 view .LVU584
1120:Middlewares/Third_Party/FreeRTOS/Source/CMSIS_RTOS/cmsis_os.c ****     ticks = millisec / portTICK_PERIOD_MS;
1121:Middlewares/Third_Party/FreeRTOS/Source/CMSIS_RTOS/cmsis_os.c ****     if (ticks == 0) {
1122:Middlewares/Third_Party/FreeRTOS/Source/CMSIS_RTOS/cmsis_os.c ****       ticks = 1;
1123:Middlewares/Third_Party/FreeRTOS/Source/CMSIS_RTOS/cmsis_os.c ****     }
1124:Middlewares/Third_Party/FreeRTOS/Source/CMSIS_RTOS/cmsis_os.c ****   }
1125:Middlewares/Third_Party/FreeRTOS/Source/CMSIS_RTOS/cmsis_os.c ****   
1126:Middlewares/Third_Party/FreeRTOS/Source/CMSIS_RTOS/cmsis_os.c ****   if (inHandlerMode()) {
 2279              		.loc 1 1126 3 view .LVU585
 2280              		.loc 1 1126 7 is_stmt 0 view .LVU586
 2281 0016 FFF7FEFF 		bl	inHandlerMode
 2282              	.LVL181:
 2283              		.loc 1 1126 6 discriminator 1 view .LVU587
 2284 001a F8B1     		cbz	r0, .L157
1127:Middlewares/Third_Party/FreeRTOS/Source/CMSIS_RTOS/cmsis_os.c ****     if (xQueueReceiveFromISR(queue_id, &event.value.v, &taskWoken) == pdTRUE) {
 2285              		.loc 1 1127 5 is_stmt 1 view .LVU588
 2286              		.loc 1 1127 9 is_stmt 0 view .LVU589
 2287 001c 03AA     		add	r2, sp, #12
 2288 001e 01A9     		add	r1, sp, #4
 2289 0020 2046     		mov	r0, r4
 2290 0022 FFF7FEFF 		bl	xQueueReceiveFromISR
 2291              	.LVL182:
 2292              		.loc 1 1127 8 discriminator 1 view .LVU590
 2293 0026 0128     		cmp	r0, #1
 2294 0028 15D0     		beq	.L166
1128:Middlewares/Third_Party/FreeRTOS/Source/CMSIS_RTOS/cmsis_os.c ****       /* We have mail */
1129:Middlewares/Third_Party/FreeRTOS/Source/CMSIS_RTOS/cmsis_os.c ****       event.status = osEventMessage;
1130:Middlewares/Third_Party/FreeRTOS/Source/CMSIS_RTOS/cmsis_os.c ****     }
1131:Middlewares/Third_Party/FreeRTOS/Source/CMSIS_RTOS/cmsis_os.c ****     else {
1132:Middlewares/Third_Party/FreeRTOS/Source/CMSIS_RTOS/cmsis_os.c ****       event.status = osOK;
 2295              		.loc 1 1132 7 is_stmt 1 view .LVU591
 2296              		.loc 1 1132 20 is_stmt 0 view .LVU592
 2297 002a 0023     		movs	r3, #0
 2298 002c 0093     		str	r3, [sp]
 2299              	.L159:
1133:Middlewares/Third_Party/FreeRTOS/Source/CMSIS_RTOS/cmsis_os.c ****     }
1134:Middlewares/Third_Party/FreeRTOS/Source/CMSIS_RTOS/cmsis_os.c ****     portEND_SWITCHING_ISR(taskWoken);
 2300              		.loc 1 1134 5 is_stmt 1 view .LVU593
 2301 002e 039B     		ldr	r3, [sp, #12]
 2302 0030 FBB1     		cbz	r3, .L160
 2303              		.loc 1 1134 5 discriminator 1 view .LVU594
 2304 0032 4FF0E023 		mov	r3, #-536813568
 2305 0036 4FF08052 		mov	r2, #268435456
 2306 003a C3F8042D 		str	r2, [r3, #3332]
 2307              		.loc 1 1134 5 view .LVU595
 2308              		.loc 1 1134 5 is_stmt 0 discriminator 1 view .LVU596
 2309              		.syntax unified
 2310              	@ 1134 "Middlewares/Third_Party/FreeRTOS/Source/CMSIS_RTOS/cmsis_os.c" 1
 2311 003e BFF34F8F 		dsb
 2312              	@ 0 "" 2
 2313              		.loc 1 1134 5 is_stmt 1 view .LVU597
 2314              		.loc 1 1134 5 is_stmt 0 discriminator 1 view .LVU598
ARM GAS  C:\Users\subdia\AppData\Local\Temp\cccoGacS.s 			page 70


 2315              	@ 1134 "Middlewares/Third_Party/FreeRTOS/Source/CMSIS_RTOS/cmsis_os.c" 1
 2316 0042 BFF36F8F 		isb
 2317              	@ 0 "" 2
 2318              		.thumb
 2319              		.syntax unified
 2320 0046 14E0     		b	.L160
 2321              	.LVL183:
 2322              	.L165:
1109:Middlewares/Third_Party/FreeRTOS/Source/CMSIS_RTOS/cmsis_os.c ****     return event;
 2323              		.loc 1 1109 5 is_stmt 1 view .LVU599
1109:Middlewares/Third_Party/FreeRTOS/Source/CMSIS_RTOS/cmsis_os.c ****     return event;
 2324              		.loc 1 1109 18 is_stmt 0 view .LVU600
 2325 0048 8023     		movs	r3, #128
 2326 004a 0093     		str	r3, [sp]
1110:Middlewares/Third_Party/FreeRTOS/Source/CMSIS_RTOS/cmsis_os.c ****   }
 2327              		.loc 1 1110 5 is_stmt 1 view .LVU601
1110:Middlewares/Third_Party/FreeRTOS/Source/CMSIS_RTOS/cmsis_os.c ****   }
 2328              		.loc 1 1110 12 is_stmt 0 view .LVU602
 2329 004c 9DE80700 		ldm	sp, {r0, r1, r2}
 2330              	.LVL184:
1110:Middlewares/Third_Party/FreeRTOS/Source/CMSIS_RTOS/cmsis_os.c ****   }
 2331              		.loc 1 1110 12 view .LVU603
 2332 0050 85E80700 		stm	r5, {r0, r1, r2}
 2333 0054 11E0     		b	.L154
 2334              	.LVL185:
 2335              	.L166:
1129:Middlewares/Third_Party/FreeRTOS/Source/CMSIS_RTOS/cmsis_os.c ****     }
 2336              		.loc 1 1129 7 is_stmt 1 view .LVU604
1129:Middlewares/Third_Party/FreeRTOS/Source/CMSIS_RTOS/cmsis_os.c ****     }
 2337              		.loc 1 1129 20 is_stmt 0 view .LVU605
 2338 0056 1023     		movs	r3, #16
 2339 0058 0093     		str	r3, [sp]
 2340 005a E8E7     		b	.L159
 2341              	.L157:
1135:Middlewares/Third_Party/FreeRTOS/Source/CMSIS_RTOS/cmsis_os.c ****   }
1136:Middlewares/Third_Party/FreeRTOS/Source/CMSIS_RTOS/cmsis_os.c ****   else {
1137:Middlewares/Third_Party/FreeRTOS/Source/CMSIS_RTOS/cmsis_os.c ****     if (xQueueReceive(queue_id, &event.value.v, ticks) == pdTRUE) {
 2342              		.loc 1 1137 5 is_stmt 1 view .LVU606
 2343              		.loc 1 1137 9 is_stmt 0 view .LVU607
 2344 005c 3246     		mov	r2, r6
 2345 005e 01A9     		add	r1, sp, #4
 2346 0060 2046     		mov	r0, r4
 2347 0062 FFF7FEFF 		bl	xQueueReceive
 2348              	.LVL186:
 2349              		.loc 1 1137 8 discriminator 1 view .LVU608
 2350 0066 0128     		cmp	r0, #1
 2351 0068 0AD0     		beq	.L167
1138:Middlewares/Third_Party/FreeRTOS/Source/CMSIS_RTOS/cmsis_os.c ****       /* We have mail */
1139:Middlewares/Third_Party/FreeRTOS/Source/CMSIS_RTOS/cmsis_os.c ****       event.status = osEventMessage;
1140:Middlewares/Third_Party/FreeRTOS/Source/CMSIS_RTOS/cmsis_os.c ****     }
1141:Middlewares/Third_Party/FreeRTOS/Source/CMSIS_RTOS/cmsis_os.c ****     else {
1142:Middlewares/Third_Party/FreeRTOS/Source/CMSIS_RTOS/cmsis_os.c ****       event.status = (ticks == 0) ? osOK : osEventTimeout;
 2352              		.loc 1 1142 7 is_stmt 1 view .LVU609
 2353              		.loc 1 1142 42 is_stmt 0 view .LVU610
 2354 006a 0EB1     		cbz	r6, .L162
 2355              		.loc 1 1142 42 discriminator 2 view .LVU611
 2356 006c 4023     		movs	r3, #64
ARM GAS  C:\Users\subdia\AppData\Local\Temp\cccoGacS.s 			page 71


 2357 006e 1E46     		mov	r6, r3
 2358              	.LVL187:
 2359              	.L162:
 2360              		.loc 1 1142 20 discriminator 4 view .LVU612
 2361 0070 0096     		str	r6, [sp]
 2362              	.L160:
1143:Middlewares/Third_Party/FreeRTOS/Source/CMSIS_RTOS/cmsis_os.c ****     }
1144:Middlewares/Third_Party/FreeRTOS/Source/CMSIS_RTOS/cmsis_os.c ****   }
1145:Middlewares/Third_Party/FreeRTOS/Source/CMSIS_RTOS/cmsis_os.c ****   
1146:Middlewares/Third_Party/FreeRTOS/Source/CMSIS_RTOS/cmsis_os.c ****   return event;
 2363              		.loc 1 1146 3 is_stmt 1 view .LVU613
 2364              		.loc 1 1146 10 is_stmt 0 view .LVU614
 2365 0072 9DE80700 		ldm	sp, {r0, r1, r2}
 2366 0076 85E80700 		stm	r5, {r0, r1, r2}
 2367              	.LVL188:
 2368              	.L154:
1147:Middlewares/Third_Party/FreeRTOS/Source/CMSIS_RTOS/cmsis_os.c **** }
 2369              		.loc 1 1147 1 view .LVU615
 2370 007a 2846     		mov	r0, r5
 2371 007c 04B0     		add	sp, sp, #16
 2372              	.LCFI55:
 2373              		.cfi_remember_state
 2374              		.cfi_def_cfa_offset 16
 2375              		@ sp needed
 2376 007e 70BD     		pop	{r4, r5, r6, pc}
 2377              	.LVL189:
 2378              	.L167:
 2379              	.LCFI56:
 2380              		.cfi_restore_state
1139:Middlewares/Third_Party/FreeRTOS/Source/CMSIS_RTOS/cmsis_os.c ****     }
 2381              		.loc 1 1139 7 is_stmt 1 view .LVU616
1139:Middlewares/Third_Party/FreeRTOS/Source/CMSIS_RTOS/cmsis_os.c ****     }
 2382              		.loc 1 1139 20 is_stmt 0 view .LVU617
 2383 0080 1023     		movs	r3, #16
 2384 0082 0093     		str	r3, [sp]
 2385 0084 F5E7     		b	.L160
 2386              		.cfi_endproc
 2387              	.LFE82:
 2389              		.section	.text.osMailCreate,"ax",%progbits
 2390              		.align	1
 2391              		.global	osMailCreate
 2392              		.syntax unified
 2393              		.thumb
 2394              		.thumb_func
 2396              	osMailCreate:
 2397              	.LVL190:
 2398              	.LFB83:
1148:Middlewares/Third_Party/FreeRTOS/Source/CMSIS_RTOS/cmsis_os.c **** 
1149:Middlewares/Third_Party/FreeRTOS/Source/CMSIS_RTOS/cmsis_os.c **** #endif     /* Use Message Queues */
1150:Middlewares/Third_Party/FreeRTOS/Source/CMSIS_RTOS/cmsis_os.c **** 
1151:Middlewares/Third_Party/FreeRTOS/Source/CMSIS_RTOS/cmsis_os.c **** /********************   Mail Queue Management Functions  ***********************/
1152:Middlewares/Third_Party/FreeRTOS/Source/CMSIS_RTOS/cmsis_os.c **** #if (defined (osFeature_MailQ)  &&  (osFeature_MailQ != 0))  /* Use Mail Queues */
1153:Middlewares/Third_Party/FreeRTOS/Source/CMSIS_RTOS/cmsis_os.c **** 
1154:Middlewares/Third_Party/FreeRTOS/Source/CMSIS_RTOS/cmsis_os.c **** 
1155:Middlewares/Third_Party/FreeRTOS/Source/CMSIS_RTOS/cmsis_os.c **** typedef struct os_mailQ_cb {
1156:Middlewares/Third_Party/FreeRTOS/Source/CMSIS_RTOS/cmsis_os.c ****   const osMailQDef_t *queue_def;
1157:Middlewares/Third_Party/FreeRTOS/Source/CMSIS_RTOS/cmsis_os.c ****   QueueHandle_t handle;
ARM GAS  C:\Users\subdia\AppData\Local\Temp\cccoGacS.s 			page 72


1158:Middlewares/Third_Party/FreeRTOS/Source/CMSIS_RTOS/cmsis_os.c ****   osPoolId pool;
1159:Middlewares/Third_Party/FreeRTOS/Source/CMSIS_RTOS/cmsis_os.c **** } os_mailQ_cb_t;
1160:Middlewares/Third_Party/FreeRTOS/Source/CMSIS_RTOS/cmsis_os.c **** 
1161:Middlewares/Third_Party/FreeRTOS/Source/CMSIS_RTOS/cmsis_os.c **** /**
1162:Middlewares/Third_Party/FreeRTOS/Source/CMSIS_RTOS/cmsis_os.c **** * @brief Create and Initialize mail queue
1163:Middlewares/Third_Party/FreeRTOS/Source/CMSIS_RTOS/cmsis_os.c **** * @param  queue_def     reference to the mail queue definition obtain with \ref osMailQ
1164:Middlewares/Third_Party/FreeRTOS/Source/CMSIS_RTOS/cmsis_os.c **** * @param   thread_id     thread ID (obtained by \ref osThreadCreate or \ref osThreadGetId) or NULL.
1165:Middlewares/Third_Party/FreeRTOS/Source/CMSIS_RTOS/cmsis_os.c **** * @retval mail queue ID for reference by other functions or NULL in case of error.
1166:Middlewares/Third_Party/FreeRTOS/Source/CMSIS_RTOS/cmsis_os.c **** * @note   MUST REMAIN UNCHANGED: \b osMailCreate shall be consistent in every CMSIS-RTOS.
1167:Middlewares/Third_Party/FreeRTOS/Source/CMSIS_RTOS/cmsis_os.c **** */
1168:Middlewares/Third_Party/FreeRTOS/Source/CMSIS_RTOS/cmsis_os.c **** osMailQId osMailCreate (const osMailQDef_t *queue_def, osThreadId thread_id)
1169:Middlewares/Third_Party/FreeRTOS/Source/CMSIS_RTOS/cmsis_os.c **** {
 2399              		.loc 1 1169 1 is_stmt 1 view -0
 2400              		.cfi_startproc
 2401              		@ args = 0, pretend = 0, frame = 16
 2402              		@ frame_needed = 0, uses_anonymous_args = 0
 2403              		.loc 1 1169 1 is_stmt 0 view .LVU619
 2404 0000 70B5     		push	{r4, r5, r6, lr}
 2405              	.LCFI57:
 2406              		.cfi_def_cfa_offset 16
 2407              		.cfi_offset 4, -16
 2408              		.cfi_offset 5, -12
 2409              		.cfi_offset 6, -8
 2410              		.cfi_offset 14, -4
 2411 0002 84B0     		sub	sp, sp, #16
 2412              	.LCFI58:
 2413              		.cfi_def_cfa_offset 32
 2414 0004 0446     		mov	r4, r0
1170:Middlewares/Third_Party/FreeRTOS/Source/CMSIS_RTOS/cmsis_os.c **** #if (configSUPPORT_DYNAMIC_ALLOCATION == 1)
1171:Middlewares/Third_Party/FreeRTOS/Source/CMSIS_RTOS/cmsis_os.c ****   (void) thread_id;
 2415              		.loc 1 1171 3 is_stmt 1 view .LVU620
1172:Middlewares/Third_Party/FreeRTOS/Source/CMSIS_RTOS/cmsis_os.c ****   
1173:Middlewares/Third_Party/FreeRTOS/Source/CMSIS_RTOS/cmsis_os.c ****   osPoolDef_t pool_def = {queue_def->queue_sz, queue_def->item_sz, NULL};
 2416              		.loc 1 1173 3 view .LVU621
 2417              		.loc 1 1173 36 is_stmt 0 view .LVU622
 2418 0006 0368     		ldr	r3, [r0]
 2419              		.loc 1 1173 15 view .LVU623
 2420 0008 0193     		str	r3, [sp, #4]
 2421              		.loc 1 1173 57 view .LVU624
 2422 000a 4368     		ldr	r3, [r0, #4]
 2423              		.loc 1 1173 15 view .LVU625
 2424 000c 0293     		str	r3, [sp, #8]
 2425 000e 0023     		movs	r3, #0
 2426 0010 0393     		str	r3, [sp, #12]
1174:Middlewares/Third_Party/FreeRTOS/Source/CMSIS_RTOS/cmsis_os.c ****   
1175:Middlewares/Third_Party/FreeRTOS/Source/CMSIS_RTOS/cmsis_os.c ****   /* Create a mail queue control block */
1176:Middlewares/Third_Party/FreeRTOS/Source/CMSIS_RTOS/cmsis_os.c **** 
1177:Middlewares/Third_Party/FreeRTOS/Source/CMSIS_RTOS/cmsis_os.c ****   *(queue_def->cb) = pvPortMalloc(sizeof(struct os_mailQ_cb));
 2427              		.loc 1 1177 3 is_stmt 1 view .LVU626
 2428              		.loc 1 1177 14 is_stmt 0 view .LVU627
 2429 0012 8568     		ldr	r5, [r0, #8]
 2430              		.loc 1 1177 22 view .LVU628
 2431 0014 0C20     		movs	r0, #12
 2432              	.LVL191:
 2433              		.loc 1 1177 22 view .LVU629
 2434 0016 FFF7FEFF 		bl	pvPortMalloc
 2435              	.LVL192:
ARM GAS  C:\Users\subdia\AppData\Local\Temp\cccoGacS.s 			page 73


 2436              		.loc 1 1177 20 discriminator 1 view .LVU630
 2437 001a 2860     		str	r0, [r5]
1178:Middlewares/Third_Party/FreeRTOS/Source/CMSIS_RTOS/cmsis_os.c **** 
1179:Middlewares/Third_Party/FreeRTOS/Source/CMSIS_RTOS/cmsis_os.c ****   if (*(queue_def->cb) == NULL) {
 2438              		.loc 1 1179 3 is_stmt 1 view .LVU631
 2439              		.loc 1 1179 18 is_stmt 0 view .LVU632
 2440 001c A368     		ldr	r3, [r4, #8]
 2441              		.loc 1 1179 7 view .LVU633
 2442 001e 1D68     		ldr	r5, [r3]
 2443              		.loc 1 1179 6 view .LVU634
 2444 0020 A5B1     		cbz	r5, .L168
1180:Middlewares/Third_Party/FreeRTOS/Source/CMSIS_RTOS/cmsis_os.c ****     return NULL;
1181:Middlewares/Third_Party/FreeRTOS/Source/CMSIS_RTOS/cmsis_os.c ****   }
1182:Middlewares/Third_Party/FreeRTOS/Source/CMSIS_RTOS/cmsis_os.c ****   (*(queue_def->cb))->queue_def = queue_def;
 2445              		.loc 1 1182 3 is_stmt 1 view .LVU635
 2446              		.loc 1 1182 33 is_stmt 0 view .LVU636
 2447 0022 2C60     		str	r4, [r5]
1183:Middlewares/Third_Party/FreeRTOS/Source/CMSIS_RTOS/cmsis_os.c ****   
1184:Middlewares/Third_Party/FreeRTOS/Source/CMSIS_RTOS/cmsis_os.c ****   /* Create a queue in FreeRTOS */
1185:Middlewares/Third_Party/FreeRTOS/Source/CMSIS_RTOS/cmsis_os.c ****   (*(queue_def->cb))->handle = xQueueCreate(queue_def->queue_sz, sizeof(void *));
 2448              		.loc 1 1185 3 is_stmt 1 view .LVU637
 2449              		.loc 1 1185 15 is_stmt 0 view .LVU638
 2450 0024 A368     		ldr	r3, [r4, #8]
 2451              		.loc 1 1185 4 view .LVU639
 2452 0026 1D68     		ldr	r5, [r3]
 2453              		.loc 1 1185 32 view .LVU640
 2454 0028 0022     		movs	r2, #0
 2455 002a 0421     		movs	r1, #4
 2456 002c 2068     		ldr	r0, [r4]
 2457 002e FFF7FEFF 		bl	xQueueGenericCreate
 2458              	.LVL193:
 2459              		.loc 1 1185 30 discriminator 1 view .LVU641
 2460 0032 6860     		str	r0, [r5, #4]
1186:Middlewares/Third_Party/FreeRTOS/Source/CMSIS_RTOS/cmsis_os.c **** 
1187:Middlewares/Third_Party/FreeRTOS/Source/CMSIS_RTOS/cmsis_os.c **** 
1188:Middlewares/Third_Party/FreeRTOS/Source/CMSIS_RTOS/cmsis_os.c ****   if ((*(queue_def->cb))->handle == NULL) {
 2461              		.loc 1 1188 3 is_stmt 1 view .LVU642
 2462              		.loc 1 1188 19 is_stmt 0 view .LVU643
 2463 0034 A368     		ldr	r3, [r4, #8]
 2464              		.loc 1 1188 8 view .LVU644
 2465 0036 1E68     		ldr	r6, [r3]
 2466              		.loc 1 1188 25 view .LVU645
 2467 0038 7568     		ldr	r5, [r6, #4]
 2468              		.loc 1 1188 6 view .LVU646
 2469 003a 55B1     		cbz	r5, .L172
1189:Middlewares/Third_Party/FreeRTOS/Source/CMSIS_RTOS/cmsis_os.c ****     vPortFree(*(queue_def->cb));
1190:Middlewares/Third_Party/FreeRTOS/Source/CMSIS_RTOS/cmsis_os.c ****     return NULL;
1191:Middlewares/Third_Party/FreeRTOS/Source/CMSIS_RTOS/cmsis_os.c ****   }
1192:Middlewares/Third_Party/FreeRTOS/Source/CMSIS_RTOS/cmsis_os.c ****   
1193:Middlewares/Third_Party/FreeRTOS/Source/CMSIS_RTOS/cmsis_os.c ****   /* Create a mail pool */
1194:Middlewares/Third_Party/FreeRTOS/Source/CMSIS_RTOS/cmsis_os.c ****   (*(queue_def->cb))->pool = osPoolCreate(&pool_def);
 2470              		.loc 1 1194 3 is_stmt 1 view .LVU647
 2471              		.loc 1 1194 30 is_stmt 0 view .LVU648
 2472 003c 01A8     		add	r0, sp, #4
 2473 003e FFF7FEFF 		bl	osPoolCreate
 2474              	.LVL194:
 2475              		.loc 1 1194 28 discriminator 1 view .LVU649
ARM GAS  C:\Users\subdia\AppData\Local\Temp\cccoGacS.s 			page 74


 2476 0042 B060     		str	r0, [r6, #8]
1195:Middlewares/Third_Party/FreeRTOS/Source/CMSIS_RTOS/cmsis_os.c ****   if ((*(queue_def->cb))->pool == NULL) {
 2477              		.loc 1 1195 3 is_stmt 1 view .LVU650
 2478              		.loc 1 1195 19 is_stmt 0 view .LVU651
 2479 0044 A368     		ldr	r3, [r4, #8]
 2480              		.loc 1 1195 8 view .LVU652
 2481 0046 1D68     		ldr	r5, [r3]
 2482              		.loc 1 1195 25 view .LVU653
 2483 0048 AC68     		ldr	r4, [r5, #8]
 2484              	.LVL195:
 2485              		.loc 1 1195 6 view .LVU654
 2486 004a 34B1     		cbz	r4, .L173
 2487              	.L168:
1196:Middlewares/Third_Party/FreeRTOS/Source/CMSIS_RTOS/cmsis_os.c ****     //TODO: Delete queue. How to do it in FreeRTOS?
1197:Middlewares/Third_Party/FreeRTOS/Source/CMSIS_RTOS/cmsis_os.c ****     vPortFree(*(queue_def->cb));
1198:Middlewares/Third_Party/FreeRTOS/Source/CMSIS_RTOS/cmsis_os.c ****     return NULL;
1199:Middlewares/Third_Party/FreeRTOS/Source/CMSIS_RTOS/cmsis_os.c ****   }
1200:Middlewares/Third_Party/FreeRTOS/Source/CMSIS_RTOS/cmsis_os.c ****   
1201:Middlewares/Third_Party/FreeRTOS/Source/CMSIS_RTOS/cmsis_os.c ****   return *(queue_def->cb);
1202:Middlewares/Third_Party/FreeRTOS/Source/CMSIS_RTOS/cmsis_os.c **** #else
1203:Middlewares/Third_Party/FreeRTOS/Source/CMSIS_RTOS/cmsis_os.c ****   return NULL;
1204:Middlewares/Third_Party/FreeRTOS/Source/CMSIS_RTOS/cmsis_os.c **** #endif
1205:Middlewares/Third_Party/FreeRTOS/Source/CMSIS_RTOS/cmsis_os.c **** }
 2488              		.loc 1 1205 1 view .LVU655
 2489 004c 2846     		mov	r0, r5
 2490 004e 04B0     		add	sp, sp, #16
 2491              	.LCFI59:
 2492              		.cfi_remember_state
 2493              		.cfi_def_cfa_offset 16
 2494              		@ sp needed
 2495 0050 70BD     		pop	{r4, r5, r6, pc}
 2496              	.LVL196:
 2497              	.L172:
 2498              	.LCFI60:
 2499              		.cfi_restore_state
1189:Middlewares/Third_Party/FreeRTOS/Source/CMSIS_RTOS/cmsis_os.c ****     return NULL;
 2500              		.loc 1 1189 5 is_stmt 1 view .LVU656
 2501 0052 3046     		mov	r0, r6
 2502 0054 FFF7FEFF 		bl	vPortFree
 2503              	.LVL197:
1190:Middlewares/Third_Party/FreeRTOS/Source/CMSIS_RTOS/cmsis_os.c ****   }
 2504              		.loc 1 1190 5 view .LVU657
1190:Middlewares/Third_Party/FreeRTOS/Source/CMSIS_RTOS/cmsis_os.c ****   }
 2505              		.loc 1 1190 12 is_stmt 0 view .LVU658
 2506 0058 F8E7     		b	.L168
 2507              	.LVL198:
 2508              	.L173:
1197:Middlewares/Third_Party/FreeRTOS/Source/CMSIS_RTOS/cmsis_os.c ****     return NULL;
 2509              		.loc 1 1197 5 is_stmt 1 view .LVU659
 2510 005a 2846     		mov	r0, r5
 2511 005c FFF7FEFF 		bl	vPortFree
 2512              	.LVL199:
1198:Middlewares/Third_Party/FreeRTOS/Source/CMSIS_RTOS/cmsis_os.c ****   }
 2513              		.loc 1 1198 5 view .LVU660
1198:Middlewares/Third_Party/FreeRTOS/Source/CMSIS_RTOS/cmsis_os.c ****   }
 2514              		.loc 1 1198 12 is_stmt 0 view .LVU661
 2515 0060 2546     		mov	r5, r4
ARM GAS  C:\Users\subdia\AppData\Local\Temp\cccoGacS.s 			page 75


 2516 0062 F3E7     		b	.L168
 2517              		.cfi_endproc
 2518              	.LFE83:
 2520              		.section	.text.osMailAlloc,"ax",%progbits
 2521              		.align	1
 2522              		.global	osMailAlloc
 2523              		.syntax unified
 2524              		.thumb
 2525              		.thumb_func
 2527              	osMailAlloc:
 2528              	.LVL200:
 2529              	.LFB84:
1206:Middlewares/Third_Party/FreeRTOS/Source/CMSIS_RTOS/cmsis_os.c **** 
1207:Middlewares/Third_Party/FreeRTOS/Source/CMSIS_RTOS/cmsis_os.c **** /**
1208:Middlewares/Third_Party/FreeRTOS/Source/CMSIS_RTOS/cmsis_os.c **** * @brief Allocate a memory block from a mail
1209:Middlewares/Third_Party/FreeRTOS/Source/CMSIS_RTOS/cmsis_os.c **** * @param  queue_id      mail queue ID obtained with \ref osMailCreate.
1210:Middlewares/Third_Party/FreeRTOS/Source/CMSIS_RTOS/cmsis_os.c **** * @param  millisec      timeout value or 0 in case of no time-out.
1211:Middlewares/Third_Party/FreeRTOS/Source/CMSIS_RTOS/cmsis_os.c **** * @retval pointer to memory block that can be filled with mail or NULL in case error.
1212:Middlewares/Third_Party/FreeRTOS/Source/CMSIS_RTOS/cmsis_os.c **** * @note   MUST REMAIN UNCHANGED: \b osMailAlloc shall be consistent in every CMSIS-RTOS.
1213:Middlewares/Third_Party/FreeRTOS/Source/CMSIS_RTOS/cmsis_os.c **** */
1214:Middlewares/Third_Party/FreeRTOS/Source/CMSIS_RTOS/cmsis_os.c **** void *osMailAlloc (osMailQId queue_id, uint32_t millisec)
1215:Middlewares/Third_Party/FreeRTOS/Source/CMSIS_RTOS/cmsis_os.c **** {
 2530              		.loc 1 1215 1 is_stmt 1 view -0
 2531              		.cfi_startproc
 2532              		@ args = 0, pretend = 0, frame = 0
 2533              		@ frame_needed = 0, uses_anonymous_args = 0
 2534              		.loc 1 1215 1 is_stmt 0 view .LVU663
 2535 0000 08B5     		push	{r3, lr}
 2536              	.LCFI61:
 2537              		.cfi_def_cfa_offset 8
 2538              		.cfi_offset 3, -8
 2539              		.cfi_offset 14, -4
1216:Middlewares/Third_Party/FreeRTOS/Source/CMSIS_RTOS/cmsis_os.c ****   (void) millisec;
 2540              		.loc 1 1216 3 is_stmt 1 view .LVU664
1217:Middlewares/Third_Party/FreeRTOS/Source/CMSIS_RTOS/cmsis_os.c ****   void *p;
 2541              		.loc 1 1217 3 view .LVU665
1218:Middlewares/Third_Party/FreeRTOS/Source/CMSIS_RTOS/cmsis_os.c ****   
1219:Middlewares/Third_Party/FreeRTOS/Source/CMSIS_RTOS/cmsis_os.c ****   
1220:Middlewares/Third_Party/FreeRTOS/Source/CMSIS_RTOS/cmsis_os.c ****   if (queue_id == NULL) {
 2542              		.loc 1 1220 3 view .LVU666
 2543              		.loc 1 1220 6 is_stmt 0 view .LVU667
 2544 0002 10B1     		cbz	r0, .L174
1221:Middlewares/Third_Party/FreeRTOS/Source/CMSIS_RTOS/cmsis_os.c ****     return NULL;
1222:Middlewares/Third_Party/FreeRTOS/Source/CMSIS_RTOS/cmsis_os.c ****   }
1223:Middlewares/Third_Party/FreeRTOS/Source/CMSIS_RTOS/cmsis_os.c ****   
1224:Middlewares/Third_Party/FreeRTOS/Source/CMSIS_RTOS/cmsis_os.c ****   p = osPoolAlloc(queue_id->pool);
 2545              		.loc 1 1224 3 is_stmt 1 view .LVU668
 2546              		.loc 1 1224 7 is_stmt 0 view .LVU669
 2547 0004 8068     		ldr	r0, [r0, #8]
 2548              	.LVL201:
 2549              		.loc 1 1224 7 view .LVU670
 2550 0006 FFF7FEFF 		bl	osPoolAlloc
 2551              	.LVL202:
1225:Middlewares/Third_Party/FreeRTOS/Source/CMSIS_RTOS/cmsis_os.c ****   
1226:Middlewares/Third_Party/FreeRTOS/Source/CMSIS_RTOS/cmsis_os.c ****   return p;
 2552              		.loc 1 1226 3 is_stmt 1 view .LVU671
 2553              	.L174:
ARM GAS  C:\Users\subdia\AppData\Local\Temp\cccoGacS.s 			page 76


1227:Middlewares/Third_Party/FreeRTOS/Source/CMSIS_RTOS/cmsis_os.c **** }
 2554              		.loc 1 1227 1 is_stmt 0 view .LVU672
 2555 000a 08BD     		pop	{r3, pc}
 2556              		.cfi_endproc
 2557              	.LFE84:
 2559              		.section	.text.osMailCAlloc,"ax",%progbits
 2560              		.align	1
 2561              		.global	osMailCAlloc
 2562              		.syntax unified
 2563              		.thumb
 2564              		.thumb_func
 2566              	osMailCAlloc:
 2567              	.LVL203:
 2568              	.LFB85:
1228:Middlewares/Third_Party/FreeRTOS/Source/CMSIS_RTOS/cmsis_os.c **** 
1229:Middlewares/Third_Party/FreeRTOS/Source/CMSIS_RTOS/cmsis_os.c **** /**
1230:Middlewares/Third_Party/FreeRTOS/Source/CMSIS_RTOS/cmsis_os.c **** * @brief Allocate a memory block from a mail and set memory block to zero
1231:Middlewares/Third_Party/FreeRTOS/Source/CMSIS_RTOS/cmsis_os.c **** * @param  queue_id      mail queue ID obtained with \ref osMailCreate.
1232:Middlewares/Third_Party/FreeRTOS/Source/CMSIS_RTOS/cmsis_os.c **** * @param  millisec      timeout value or 0 in case of no time-out.
1233:Middlewares/Third_Party/FreeRTOS/Source/CMSIS_RTOS/cmsis_os.c **** * @retval pointer to memory block that can be filled with mail or NULL in case error.
1234:Middlewares/Third_Party/FreeRTOS/Source/CMSIS_RTOS/cmsis_os.c **** * @note   MUST REMAIN UNCHANGED: \b osMailCAlloc shall be consistent in every CMSIS-RTOS.
1235:Middlewares/Third_Party/FreeRTOS/Source/CMSIS_RTOS/cmsis_os.c **** */
1236:Middlewares/Third_Party/FreeRTOS/Source/CMSIS_RTOS/cmsis_os.c **** void *osMailCAlloc (osMailQId queue_id, uint32_t millisec)
1237:Middlewares/Third_Party/FreeRTOS/Source/CMSIS_RTOS/cmsis_os.c **** {
 2569              		.loc 1 1237 1 is_stmt 1 view -0
 2570              		.cfi_startproc
 2571              		@ args = 0, pretend = 0, frame = 0
 2572              		@ frame_needed = 0, uses_anonymous_args = 0
 2573              		.loc 1 1237 1 is_stmt 0 view .LVU674
 2574 0000 10B5     		push	{r4, lr}
 2575              	.LCFI62:
 2576              		.cfi_def_cfa_offset 8
 2577              		.cfi_offset 4, -8
 2578              		.cfi_offset 14, -4
 2579 0002 0446     		mov	r4, r0
1238:Middlewares/Third_Party/FreeRTOS/Source/CMSIS_RTOS/cmsis_os.c ****   uint32_t i;
 2580              		.loc 1 1238 3 is_stmt 1 view .LVU675
1239:Middlewares/Third_Party/FreeRTOS/Source/CMSIS_RTOS/cmsis_os.c ****   void *p = osMailAlloc(queue_id, millisec);
 2581              		.loc 1 1239 3 view .LVU676
 2582              		.loc 1 1239 13 is_stmt 0 view .LVU677
 2583 0004 FFF7FEFF 		bl	osMailAlloc
 2584              	.LVL204:
1240:Middlewares/Third_Party/FreeRTOS/Source/CMSIS_RTOS/cmsis_os.c ****   
1241:Middlewares/Third_Party/FreeRTOS/Source/CMSIS_RTOS/cmsis_os.c ****   if (p) {
 2585              		.loc 1 1241 3 is_stmt 1 view .LVU678
 2586              		.loc 1 1241 6 is_stmt 0 view .LVU679
 2587 0008 0146     		mov	r1, r0
 2588 000a 40B1     		cbz	r0, .L178
1242:Middlewares/Third_Party/FreeRTOS/Source/CMSIS_RTOS/cmsis_os.c ****     for (i = 0; i < queue_id->queue_def->item_sz; i++) {
 2589              		.loc 1 1242 12 view .LVU680
 2590 000c 0023     		movs	r3, #0
 2591 000e 02E0     		b	.L179
 2592              	.LVL205:
 2593              	.L181:
1243:Middlewares/Third_Party/FreeRTOS/Source/CMSIS_RTOS/cmsis_os.c ****       ((uint8_t *)p)[i] = 0;
 2594              		.loc 1 1243 7 is_stmt 1 view .LVU681
 2595              		.loc 1 1243 25 is_stmt 0 view .LVU682
ARM GAS  C:\Users\subdia\AppData\Local\Temp\cccoGacS.s 			page 77


 2596 0010 0022     		movs	r2, #0
 2597 0012 CA54     		strb	r2, [r1, r3]
1242:Middlewares/Third_Party/FreeRTOS/Source/CMSIS_RTOS/cmsis_os.c ****     for (i = 0; i < queue_id->queue_def->item_sz; i++) {
 2598              		.loc 1 1242 52 is_stmt 1 discriminator 3 view .LVU683
 2599 0014 0133     		adds	r3, r3, #1
 2600              	.LVL206:
 2601              	.L179:
1242:Middlewares/Third_Party/FreeRTOS/Source/CMSIS_RTOS/cmsis_os.c ****     for (i = 0; i < queue_id->queue_def->item_sz; i++) {
 2602              		.loc 1 1242 19 discriminator 1 view .LVU684
1242:Middlewares/Third_Party/FreeRTOS/Source/CMSIS_RTOS/cmsis_os.c ****     for (i = 0; i < queue_id->queue_def->item_sz; i++) {
 2603              		.loc 1 1242 29 is_stmt 0 discriminator 1 view .LVU685
 2604 0016 2268     		ldr	r2, [r4]
1242:Middlewares/Third_Party/FreeRTOS/Source/CMSIS_RTOS/cmsis_os.c ****     for (i = 0; i < queue_id->queue_def->item_sz; i++) {
 2605              		.loc 1 1242 40 discriminator 1 view .LVU686
 2606 0018 5268     		ldr	r2, [r2, #4]
1242:Middlewares/Third_Party/FreeRTOS/Source/CMSIS_RTOS/cmsis_os.c ****     for (i = 0; i < queue_id->queue_def->item_sz; i++) {
 2607              		.loc 1 1242 19 discriminator 1 view .LVU687
 2608 001a 9A42     		cmp	r2, r3
 2609 001c F8D8     		bhi	.L181
 2610              	.LVL207:
 2611              	.L178:
1244:Middlewares/Third_Party/FreeRTOS/Source/CMSIS_RTOS/cmsis_os.c ****     }
1245:Middlewares/Third_Party/FreeRTOS/Source/CMSIS_RTOS/cmsis_os.c ****   }
1246:Middlewares/Third_Party/FreeRTOS/Source/CMSIS_RTOS/cmsis_os.c ****   
1247:Middlewares/Third_Party/FreeRTOS/Source/CMSIS_RTOS/cmsis_os.c ****   return p;
1248:Middlewares/Third_Party/FreeRTOS/Source/CMSIS_RTOS/cmsis_os.c **** }
 2612              		.loc 1 1248 1 view .LVU688
 2613 001e 0846     		mov	r0, r1
 2614              	.LVL208:
 2615              		.loc 1 1248 1 view .LVU689
 2616 0020 10BD     		pop	{r4, pc}
 2617              		.loc 1 1248 1 view .LVU690
 2618              		.cfi_endproc
 2619              	.LFE85:
 2621              		.section	.text.osMailPut,"ax",%progbits
 2622              		.align	1
 2623              		.global	osMailPut
 2624              		.syntax unified
 2625              		.thumb
 2626              		.thumb_func
 2628              	osMailPut:
 2629              	.LVL209:
 2630              	.LFB86:
1249:Middlewares/Third_Party/FreeRTOS/Source/CMSIS_RTOS/cmsis_os.c **** 
1250:Middlewares/Third_Party/FreeRTOS/Source/CMSIS_RTOS/cmsis_os.c **** /**
1251:Middlewares/Third_Party/FreeRTOS/Source/CMSIS_RTOS/cmsis_os.c **** * @brief Put a mail to a queue
1252:Middlewares/Third_Party/FreeRTOS/Source/CMSIS_RTOS/cmsis_os.c **** * @param  queue_id      mail queue ID obtained with \ref osMailCreate.
1253:Middlewares/Third_Party/FreeRTOS/Source/CMSIS_RTOS/cmsis_os.c **** * @param  mail          memory block previously allocated with \ref osMailAlloc or \ref osMailCAllo
1254:Middlewares/Third_Party/FreeRTOS/Source/CMSIS_RTOS/cmsis_os.c **** * @retval status code that indicates the execution status of the function.
1255:Middlewares/Third_Party/FreeRTOS/Source/CMSIS_RTOS/cmsis_os.c **** * @note   MUST REMAIN UNCHANGED: \b osMailPut shall be consistent in every CMSIS-RTOS.
1256:Middlewares/Third_Party/FreeRTOS/Source/CMSIS_RTOS/cmsis_os.c **** */
1257:Middlewares/Third_Party/FreeRTOS/Source/CMSIS_RTOS/cmsis_os.c **** osStatus osMailPut (osMailQId queue_id, void *mail)
1258:Middlewares/Third_Party/FreeRTOS/Source/CMSIS_RTOS/cmsis_os.c **** {
 2631              		.loc 1 1258 1 is_stmt 1 view -0
 2632              		.cfi_startproc
 2633              		@ args = 0, pretend = 0, frame = 16
 2634              		@ frame_needed = 0, uses_anonymous_args = 0
ARM GAS  C:\Users\subdia\AppData\Local\Temp\cccoGacS.s 			page 78


 2635              		.loc 1 1258 1 is_stmt 0 view .LVU692
 2636 0000 10B5     		push	{r4, lr}
 2637              	.LCFI63:
 2638              		.cfi_def_cfa_offset 8
 2639              		.cfi_offset 4, -8
 2640              		.cfi_offset 14, -4
 2641 0002 84B0     		sub	sp, sp, #16
 2642              	.LCFI64:
 2643              		.cfi_def_cfa_offset 24
 2644 0004 0191     		str	r1, [sp, #4]
1259:Middlewares/Third_Party/FreeRTOS/Source/CMSIS_RTOS/cmsis_os.c ****   portBASE_TYPE taskWoken;
 2645              		.loc 1 1259 3 is_stmt 1 view .LVU693
1260:Middlewares/Third_Party/FreeRTOS/Source/CMSIS_RTOS/cmsis_os.c ****   
1261:Middlewares/Third_Party/FreeRTOS/Source/CMSIS_RTOS/cmsis_os.c ****   
1262:Middlewares/Third_Party/FreeRTOS/Source/CMSIS_RTOS/cmsis_os.c ****   if (queue_id == NULL) {
 2646              		.loc 1 1262 3 view .LVU694
 2647              		.loc 1 1262 6 is_stmt 0 view .LVU695
 2648 0006 30B3     		cbz	r0, .L187
 2649 0008 0446     		mov	r4, r0
1263:Middlewares/Third_Party/FreeRTOS/Source/CMSIS_RTOS/cmsis_os.c ****     return osErrorParameter;
1264:Middlewares/Third_Party/FreeRTOS/Source/CMSIS_RTOS/cmsis_os.c ****   }
1265:Middlewares/Third_Party/FreeRTOS/Source/CMSIS_RTOS/cmsis_os.c ****   
1266:Middlewares/Third_Party/FreeRTOS/Source/CMSIS_RTOS/cmsis_os.c ****   taskWoken = pdFALSE;
 2650              		.loc 1 1266 3 is_stmt 1 view .LVU696
 2651              		.loc 1 1266 13 is_stmt 0 view .LVU697
 2652 000a 0023     		movs	r3, #0
 2653 000c 0393     		str	r3, [sp, #12]
1267:Middlewares/Third_Party/FreeRTOS/Source/CMSIS_RTOS/cmsis_os.c ****   
1268:Middlewares/Third_Party/FreeRTOS/Source/CMSIS_RTOS/cmsis_os.c ****   if (inHandlerMode()) {
 2654              		.loc 1 1268 3 is_stmt 1 view .LVU698
 2655              		.loc 1 1268 7 is_stmt 0 view .LVU699
 2656 000e FFF7FEFF 		bl	inHandlerMode
 2657              	.LVL210:
 2658              		.loc 1 1268 6 discriminator 1 view .LVU700
 2659 0012 A8B1     		cbz	r0, .L186
1269:Middlewares/Third_Party/FreeRTOS/Source/CMSIS_RTOS/cmsis_os.c ****     if (xQueueSendFromISR(queue_id->handle, &mail, &taskWoken) != pdTRUE) {
 2660              		.loc 1 1269 5 is_stmt 1 view .LVU701
 2661              		.loc 1 1269 9 is_stmt 0 view .LVU702
 2662 0014 0023     		movs	r3, #0
 2663 0016 03AA     		add	r2, sp, #12
 2664 0018 01A9     		add	r1, sp, #4
 2665 001a 6068     		ldr	r0, [r4, #4]
 2666 001c FFF7FEFF 		bl	xQueueGenericSendFromISR
 2667              	.LVL211:
 2668              		.loc 1 1269 8 discriminator 1 view .LVU703
 2669 0020 0128     		cmp	r0, #1
 2670 0022 1AD1     		bne	.L188
1270:Middlewares/Third_Party/FreeRTOS/Source/CMSIS_RTOS/cmsis_os.c ****       return osErrorOS;
1271:Middlewares/Third_Party/FreeRTOS/Source/CMSIS_RTOS/cmsis_os.c ****     }
1272:Middlewares/Third_Party/FreeRTOS/Source/CMSIS_RTOS/cmsis_os.c ****     portEND_SWITCHING_ISR(taskWoken);
 2671              		.loc 1 1272 5 is_stmt 1 view .LVU704
 2672 0024 039B     		ldr	r3, [sp, #12]
 2673 0026 D3B1     		cbz	r3, .L189
 2674              		.loc 1 1272 5 discriminator 1 view .LVU705
 2675 0028 4FF0E023 		mov	r3, #-536813568
 2676 002c 4FF08052 		mov	r2, #268435456
 2677 0030 C3F8042D 		str	r2, [r3, #3332]
ARM GAS  C:\Users\subdia\AppData\Local\Temp\cccoGacS.s 			page 79


 2678              		.loc 1 1272 5 view .LVU706
 2679              		.loc 1 1272 5 is_stmt 0 discriminator 1 view .LVU707
 2680              		.syntax unified
 2681              	@ 1272 "Middlewares/Third_Party/FreeRTOS/Source/CMSIS_RTOS/cmsis_os.c" 1
 2682 0034 BFF34F8F 		dsb
 2683              	@ 0 "" 2
 2684              		.loc 1 1272 5 is_stmt 1 view .LVU708
 2685              		.loc 1 1272 5 is_stmt 0 discriminator 1 view .LVU709
 2686              	@ 1272 "Middlewares/Third_Party/FreeRTOS/Source/CMSIS_RTOS/cmsis_os.c" 1
 2687 0038 BFF36F8F 		isb
 2688              	@ 0 "" 2
1273:Middlewares/Third_Party/FreeRTOS/Source/CMSIS_RTOS/cmsis_os.c ****   }
1274:Middlewares/Third_Party/FreeRTOS/Source/CMSIS_RTOS/cmsis_os.c ****   else {
1275:Middlewares/Third_Party/FreeRTOS/Source/CMSIS_RTOS/cmsis_os.c ****     if (xQueueSend(queue_id->handle, &mail, 0) != pdTRUE) { 
1276:Middlewares/Third_Party/FreeRTOS/Source/CMSIS_RTOS/cmsis_os.c ****       return osErrorOS;
1277:Middlewares/Third_Party/FreeRTOS/Source/CMSIS_RTOS/cmsis_os.c ****     }
1278:Middlewares/Third_Party/FreeRTOS/Source/CMSIS_RTOS/cmsis_os.c ****   }
1279:Middlewares/Third_Party/FreeRTOS/Source/CMSIS_RTOS/cmsis_os.c ****   
1280:Middlewares/Third_Party/FreeRTOS/Source/CMSIS_RTOS/cmsis_os.c ****   return osOK;
 2689              		.loc 1 1280 10 view .LVU710
 2690              		.thumb
 2691              		.syntax unified
 2692 003c 0020     		movs	r0, #0
 2693 003e 08E0     		b	.L184
 2694              	.L186:
1275:Middlewares/Third_Party/FreeRTOS/Source/CMSIS_RTOS/cmsis_os.c ****       return osErrorOS;
 2695              		.loc 1 1275 5 is_stmt 1 view .LVU711
1275:Middlewares/Third_Party/FreeRTOS/Source/CMSIS_RTOS/cmsis_os.c ****       return osErrorOS;
 2696              		.loc 1 1275 9 is_stmt 0 view .LVU712
 2697 0040 0346     		mov	r3, r0
 2698 0042 0246     		mov	r2, r0
 2699 0044 01A9     		add	r1, sp, #4
 2700 0046 6068     		ldr	r0, [r4, #4]
 2701 0048 FFF7FEFF 		bl	xQueueGenericSend
 2702              	.LVL212:
1275:Middlewares/Third_Party/FreeRTOS/Source/CMSIS_RTOS/cmsis_os.c ****       return osErrorOS;
 2703              		.loc 1 1275 8 discriminator 1 view .LVU713
 2704 004c 0128     		cmp	r0, #1
 2705 004e 08D1     		bne	.L190
 2706              		.loc 1 1280 10 view .LVU714
 2707 0050 0020     		movs	r0, #0
 2708              	.LVL213:
 2709              	.L184:
1281:Middlewares/Third_Party/FreeRTOS/Source/CMSIS_RTOS/cmsis_os.c **** }
 2710              		.loc 1 1281 1 view .LVU715
 2711 0052 04B0     		add	sp, sp, #16
 2712              	.LCFI65:
 2713              		.cfi_remember_state
 2714              		.cfi_def_cfa_offset 8
 2715              		@ sp needed
 2716 0054 10BD     		pop	{r4, pc}
 2717              	.LVL214:
 2718              	.L187:
 2719              	.LCFI66:
 2720              		.cfi_restore_state
1263:Middlewares/Third_Party/FreeRTOS/Source/CMSIS_RTOS/cmsis_os.c ****   }
 2721              		.loc 1 1263 12 view .LVU716
ARM GAS  C:\Users\subdia\AppData\Local\Temp\cccoGacS.s 			page 80


 2722 0056 8020     		movs	r0, #128
 2723              	.LVL215:
1263:Middlewares/Third_Party/FreeRTOS/Source/CMSIS_RTOS/cmsis_os.c ****   }
 2724              		.loc 1 1263 12 view .LVU717
 2725 0058 FBE7     		b	.L184
 2726              	.LVL216:
 2727              	.L188:
1270:Middlewares/Third_Party/FreeRTOS/Source/CMSIS_RTOS/cmsis_os.c ****     }
 2728              		.loc 1 1270 14 view .LVU718
 2729 005a FF20     		movs	r0, #255
 2730 005c F9E7     		b	.L184
 2731              	.L189:
1280:Middlewares/Third_Party/FreeRTOS/Source/CMSIS_RTOS/cmsis_os.c **** }
 2732              		.loc 1 1280 10 view .LVU719
 2733 005e 1846     		mov	r0, r3
 2734 0060 F7E7     		b	.L184
 2735              	.L190:
1276:Middlewares/Third_Party/FreeRTOS/Source/CMSIS_RTOS/cmsis_os.c ****     }
 2736              		.loc 1 1276 14 view .LVU720
 2737 0062 FF20     		movs	r0, #255
 2738 0064 F5E7     		b	.L184
 2739              		.cfi_endproc
 2740              	.LFE86:
 2742              		.section	.text.osMailGet,"ax",%progbits
 2743              		.align	1
 2744              		.global	osMailGet
 2745              		.syntax unified
 2746              		.thumb
 2747              		.thumb_func
 2749              	osMailGet:
 2750              	.LVL217:
 2751              	.LFB87:
1282:Middlewares/Third_Party/FreeRTOS/Source/CMSIS_RTOS/cmsis_os.c **** 
1283:Middlewares/Third_Party/FreeRTOS/Source/CMSIS_RTOS/cmsis_os.c **** /**
1284:Middlewares/Third_Party/FreeRTOS/Source/CMSIS_RTOS/cmsis_os.c **** * @brief Get a mail from a queue
1285:Middlewares/Third_Party/FreeRTOS/Source/CMSIS_RTOS/cmsis_os.c **** * @param  queue_id   mail queue ID obtained with \ref osMailCreate.
1286:Middlewares/Third_Party/FreeRTOS/Source/CMSIS_RTOS/cmsis_os.c **** * @param millisec    timeout value or 0 in case of no time-out
1287:Middlewares/Third_Party/FreeRTOS/Source/CMSIS_RTOS/cmsis_os.c **** * @retval event that contains mail information or error code.
1288:Middlewares/Third_Party/FreeRTOS/Source/CMSIS_RTOS/cmsis_os.c **** * @note   MUST REMAIN UNCHANGED: \b osMailGet shall be consistent in every CMSIS-RTOS.
1289:Middlewares/Third_Party/FreeRTOS/Source/CMSIS_RTOS/cmsis_os.c **** */
1290:Middlewares/Third_Party/FreeRTOS/Source/CMSIS_RTOS/cmsis_os.c **** osEvent osMailGet (osMailQId queue_id, uint32_t millisec)
1291:Middlewares/Third_Party/FreeRTOS/Source/CMSIS_RTOS/cmsis_os.c **** {
 2752              		.loc 1 1291 1 is_stmt 1 view -0
 2753              		.cfi_startproc
 2754              		@ args = 0, pretend = 0, frame = 16
 2755              		@ frame_needed = 0, uses_anonymous_args = 0
 2756              		.loc 1 1291 1 is_stmt 0 view .LVU722
 2757 0000 70B5     		push	{r4, r5, r6, lr}
 2758              	.LCFI67:
 2759              		.cfi_def_cfa_offset 16
 2760              		.cfi_offset 4, -16
 2761              		.cfi_offset 5, -12
 2762              		.cfi_offset 6, -8
 2763              		.cfi_offset 14, -4
 2764 0002 84B0     		sub	sp, sp, #16
 2765              	.LCFI68:
 2766              		.cfi_def_cfa_offset 32
ARM GAS  C:\Users\subdia\AppData\Local\Temp\cccoGacS.s 			page 81


 2767 0004 0546     		mov	r5, r0
1292:Middlewares/Third_Party/FreeRTOS/Source/CMSIS_RTOS/cmsis_os.c ****   portBASE_TYPE taskWoken;
 2768              		.loc 1 1292 3 is_stmt 1 view .LVU723
1293:Middlewares/Third_Party/FreeRTOS/Source/CMSIS_RTOS/cmsis_os.c ****   TickType_t ticks;
 2769              		.loc 1 1293 3 view .LVU724
1294:Middlewares/Third_Party/FreeRTOS/Source/CMSIS_RTOS/cmsis_os.c ****   osEvent event;
 2770              		.loc 1 1294 3 view .LVU725
1295:Middlewares/Third_Party/FreeRTOS/Source/CMSIS_RTOS/cmsis_os.c ****   
1296:Middlewares/Third_Party/FreeRTOS/Source/CMSIS_RTOS/cmsis_os.c ****   event.def.mail_id = queue_id;
 2771              		.loc 1 1296 3 view .LVU726
 2772              		.loc 1 1296 21 is_stmt 0 view .LVU727
 2773 0006 0291     		str	r1, [sp, #8]
1297:Middlewares/Third_Party/FreeRTOS/Source/CMSIS_RTOS/cmsis_os.c ****   
1298:Middlewares/Third_Party/FreeRTOS/Source/CMSIS_RTOS/cmsis_os.c ****   if (queue_id == NULL) {
 2774              		.loc 1 1298 3 is_stmt 1 view .LVU728
 2775              		.loc 1 1298 6 is_stmt 0 view .LVU729
 2776 0008 E1B1     		cbz	r1, .L203
 2777 000a 0C46     		mov	r4, r1
 2778 000c 1646     		mov	r6, r2
1299:Middlewares/Third_Party/FreeRTOS/Source/CMSIS_RTOS/cmsis_os.c ****     event.status = osErrorParameter;
1300:Middlewares/Third_Party/FreeRTOS/Source/CMSIS_RTOS/cmsis_os.c ****     return event;
1301:Middlewares/Third_Party/FreeRTOS/Source/CMSIS_RTOS/cmsis_os.c ****   }
1302:Middlewares/Third_Party/FreeRTOS/Source/CMSIS_RTOS/cmsis_os.c ****   
1303:Middlewares/Third_Party/FreeRTOS/Source/CMSIS_RTOS/cmsis_os.c ****   taskWoken = pdFALSE;
 2779              		.loc 1 1303 3 is_stmt 1 view .LVU730
 2780              		.loc 1 1303 13 is_stmt 0 view .LVU731
 2781 000e 0023     		movs	r3, #0
 2782 0010 0393     		str	r3, [sp, #12]
1304:Middlewares/Third_Party/FreeRTOS/Source/CMSIS_RTOS/cmsis_os.c ****   
1305:Middlewares/Third_Party/FreeRTOS/Source/CMSIS_RTOS/cmsis_os.c ****   ticks = 0;
 2783              		.loc 1 1305 3 is_stmt 1 view .LVU732
 2784              	.LVL218:
1306:Middlewares/Third_Party/FreeRTOS/Source/CMSIS_RTOS/cmsis_os.c ****   if (millisec == osWaitForever) {
 2785              		.loc 1 1306 3 view .LVU733
1307:Middlewares/Third_Party/FreeRTOS/Source/CMSIS_RTOS/cmsis_os.c ****     ticks = portMAX_DELAY;
1308:Middlewares/Third_Party/FreeRTOS/Source/CMSIS_RTOS/cmsis_os.c ****   }
1309:Middlewares/Third_Party/FreeRTOS/Source/CMSIS_RTOS/cmsis_os.c ****   else if (millisec != 0) {
 2786              		.loc 1 1309 8 view .LVU734
1310:Middlewares/Third_Party/FreeRTOS/Source/CMSIS_RTOS/cmsis_os.c ****     ticks = millisec / portTICK_PERIOD_MS;
1311:Middlewares/Third_Party/FreeRTOS/Source/CMSIS_RTOS/cmsis_os.c ****     if (ticks == 0) {
1312:Middlewares/Third_Party/FreeRTOS/Source/CMSIS_RTOS/cmsis_os.c ****       ticks = 1;
1313:Middlewares/Third_Party/FreeRTOS/Source/CMSIS_RTOS/cmsis_os.c ****     }
1314:Middlewares/Third_Party/FreeRTOS/Source/CMSIS_RTOS/cmsis_os.c ****   }
1315:Middlewares/Third_Party/FreeRTOS/Source/CMSIS_RTOS/cmsis_os.c ****   
1316:Middlewares/Third_Party/FreeRTOS/Source/CMSIS_RTOS/cmsis_os.c ****   if (inHandlerMode()) {
 2787              		.loc 1 1316 3 view .LVU735
 2788              		.loc 1 1316 7 is_stmt 0 view .LVU736
 2789 0012 FFF7FEFF 		bl	inHandlerMode
 2790              	.LVL219:
 2791              		.loc 1 1316 6 discriminator 1 view .LVU737
 2792 0016 F8B1     		cbz	r0, .L195
1317:Middlewares/Third_Party/FreeRTOS/Source/CMSIS_RTOS/cmsis_os.c ****     if (xQueueReceiveFromISR(queue_id->handle, &event.value.p, &taskWoken) == pdTRUE) {
 2793              		.loc 1 1317 5 is_stmt 1 view .LVU738
 2794              		.loc 1 1317 9 is_stmt 0 view .LVU739
 2795 0018 03AA     		add	r2, sp, #12
 2796 001a 01A9     		add	r1, sp, #4
 2797 001c 6068     		ldr	r0, [r4, #4]
ARM GAS  C:\Users\subdia\AppData\Local\Temp\cccoGacS.s 			page 82


 2798 001e FFF7FEFF 		bl	xQueueReceiveFromISR
 2799              	.LVL220:
 2800              		.loc 1 1317 8 discriminator 1 view .LVU740
 2801 0022 0128     		cmp	r0, #1
 2802 0024 15D0     		beq	.L204
1318:Middlewares/Third_Party/FreeRTOS/Source/CMSIS_RTOS/cmsis_os.c ****       /* We have mail */
1319:Middlewares/Third_Party/FreeRTOS/Source/CMSIS_RTOS/cmsis_os.c ****       event.status = osEventMail;
1320:Middlewares/Third_Party/FreeRTOS/Source/CMSIS_RTOS/cmsis_os.c ****     }
1321:Middlewares/Third_Party/FreeRTOS/Source/CMSIS_RTOS/cmsis_os.c ****     else {
1322:Middlewares/Third_Party/FreeRTOS/Source/CMSIS_RTOS/cmsis_os.c ****       event.status = osOK;
 2803              		.loc 1 1322 7 is_stmt 1 view .LVU741
 2804              		.loc 1 1322 20 is_stmt 0 view .LVU742
 2805 0026 0023     		movs	r3, #0
 2806 0028 0093     		str	r3, [sp]
 2807              	.L197:
1323:Middlewares/Third_Party/FreeRTOS/Source/CMSIS_RTOS/cmsis_os.c ****     }
1324:Middlewares/Third_Party/FreeRTOS/Source/CMSIS_RTOS/cmsis_os.c ****     portEND_SWITCHING_ISR(taskWoken);
 2808              		.loc 1 1324 5 is_stmt 1 view .LVU743
 2809 002a 039B     		ldr	r3, [sp, #12]
 2810 002c FBB1     		cbz	r3, .L198
 2811              		.loc 1 1324 5 discriminator 1 view .LVU744
 2812 002e 4FF0E023 		mov	r3, #-536813568
 2813 0032 4FF08052 		mov	r2, #268435456
 2814 0036 C3F8042D 		str	r2, [r3, #3332]
 2815              		.loc 1 1324 5 view .LVU745
 2816              		.loc 1 1324 5 is_stmt 0 discriminator 1 view .LVU746
 2817              		.syntax unified
 2818              	@ 1324 "Middlewares/Third_Party/FreeRTOS/Source/CMSIS_RTOS/cmsis_os.c" 1
 2819 003a BFF34F8F 		dsb
 2820              	@ 0 "" 2
 2821              		.loc 1 1324 5 is_stmt 1 view .LVU747
 2822              		.loc 1 1324 5 is_stmt 0 discriminator 1 view .LVU748
 2823              	@ 1324 "Middlewares/Third_Party/FreeRTOS/Source/CMSIS_RTOS/cmsis_os.c" 1
 2824 003e BFF36F8F 		isb
 2825              	@ 0 "" 2
 2826              		.thumb
 2827              		.syntax unified
 2828 0042 14E0     		b	.L198
 2829              	.LVL221:
 2830              	.L203:
1299:Middlewares/Third_Party/FreeRTOS/Source/CMSIS_RTOS/cmsis_os.c ****     return event;
 2831              		.loc 1 1299 5 is_stmt 1 view .LVU749
1299:Middlewares/Third_Party/FreeRTOS/Source/CMSIS_RTOS/cmsis_os.c ****     return event;
 2832              		.loc 1 1299 18 is_stmt 0 view .LVU750
 2833 0044 8023     		movs	r3, #128
 2834 0046 0093     		str	r3, [sp]
1300:Middlewares/Third_Party/FreeRTOS/Source/CMSIS_RTOS/cmsis_os.c ****   }
 2835              		.loc 1 1300 5 is_stmt 1 view .LVU751
1300:Middlewares/Third_Party/FreeRTOS/Source/CMSIS_RTOS/cmsis_os.c ****   }
 2836              		.loc 1 1300 12 is_stmt 0 view .LVU752
 2837 0048 9DE80700 		ldm	sp, {r0, r1, r2}
 2838              	.LVL222:
1300:Middlewares/Third_Party/FreeRTOS/Source/CMSIS_RTOS/cmsis_os.c ****   }
 2839              		.loc 1 1300 12 view .LVU753
 2840 004c 85E80700 		stm	r5, {r0, r1, r2}
 2841 0050 11E0     		b	.L192
 2842              	.LVL223:
ARM GAS  C:\Users\subdia\AppData\Local\Temp\cccoGacS.s 			page 83


 2843              	.L204:
1319:Middlewares/Third_Party/FreeRTOS/Source/CMSIS_RTOS/cmsis_os.c ****     }
 2844              		.loc 1 1319 7 is_stmt 1 view .LVU754
1319:Middlewares/Third_Party/FreeRTOS/Source/CMSIS_RTOS/cmsis_os.c ****     }
 2845              		.loc 1 1319 20 is_stmt 0 view .LVU755
 2846 0052 2023     		movs	r3, #32
 2847 0054 0093     		str	r3, [sp]
 2848 0056 E8E7     		b	.L197
 2849              	.L195:
1325:Middlewares/Third_Party/FreeRTOS/Source/CMSIS_RTOS/cmsis_os.c ****   }
1326:Middlewares/Third_Party/FreeRTOS/Source/CMSIS_RTOS/cmsis_os.c ****   else {
1327:Middlewares/Third_Party/FreeRTOS/Source/CMSIS_RTOS/cmsis_os.c ****     if (xQueueReceive(queue_id->handle, &event.value.p, ticks) == pdTRUE) {
 2850              		.loc 1 1327 5 is_stmt 1 view .LVU756
 2851              		.loc 1 1327 9 is_stmt 0 view .LVU757
 2852 0058 3246     		mov	r2, r6
 2853 005a 01A9     		add	r1, sp, #4
 2854 005c 6068     		ldr	r0, [r4, #4]
 2855 005e FFF7FEFF 		bl	xQueueReceive
 2856              	.LVL224:
 2857              		.loc 1 1327 8 discriminator 1 view .LVU758
 2858 0062 0128     		cmp	r0, #1
 2859 0064 0AD0     		beq	.L205
1328:Middlewares/Third_Party/FreeRTOS/Source/CMSIS_RTOS/cmsis_os.c ****       /* We have mail */
1329:Middlewares/Third_Party/FreeRTOS/Source/CMSIS_RTOS/cmsis_os.c ****       event.status = osEventMail;
1330:Middlewares/Third_Party/FreeRTOS/Source/CMSIS_RTOS/cmsis_os.c ****     }
1331:Middlewares/Third_Party/FreeRTOS/Source/CMSIS_RTOS/cmsis_os.c ****     else {
1332:Middlewares/Third_Party/FreeRTOS/Source/CMSIS_RTOS/cmsis_os.c ****       event.status = (ticks == 0) ? osOK : osEventTimeout;
 2860              		.loc 1 1332 7 is_stmt 1 view .LVU759
 2861              		.loc 1 1332 42 is_stmt 0 view .LVU760
 2862 0066 0EB1     		cbz	r6, .L200
 2863              		.loc 1 1332 42 discriminator 2 view .LVU761
 2864 0068 4023     		movs	r3, #64
 2865 006a 1E46     		mov	r6, r3
 2866              	.LVL225:
 2867              	.L200:
 2868              		.loc 1 1332 20 discriminator 4 view .LVU762
 2869 006c 0096     		str	r6, [sp]
 2870              	.L198:
1333:Middlewares/Third_Party/FreeRTOS/Source/CMSIS_RTOS/cmsis_os.c ****     }
1334:Middlewares/Third_Party/FreeRTOS/Source/CMSIS_RTOS/cmsis_os.c ****   }
1335:Middlewares/Third_Party/FreeRTOS/Source/CMSIS_RTOS/cmsis_os.c ****   
1336:Middlewares/Third_Party/FreeRTOS/Source/CMSIS_RTOS/cmsis_os.c ****   return event;
 2871              		.loc 1 1336 3 is_stmt 1 view .LVU763
 2872              		.loc 1 1336 10 is_stmt 0 view .LVU764
 2873 006e 9DE80700 		ldm	sp, {r0, r1, r2}
 2874 0072 85E80700 		stm	r5, {r0, r1, r2}
 2875              	.LVL226:
 2876              	.L192:
1337:Middlewares/Third_Party/FreeRTOS/Source/CMSIS_RTOS/cmsis_os.c **** }
 2877              		.loc 1 1337 1 view .LVU765
 2878 0076 2846     		mov	r0, r5
 2879 0078 04B0     		add	sp, sp, #16
 2880              	.LCFI69:
 2881              		.cfi_remember_state
 2882              		.cfi_def_cfa_offset 16
 2883              		@ sp needed
 2884 007a 70BD     		pop	{r4, r5, r6, pc}
ARM GAS  C:\Users\subdia\AppData\Local\Temp\cccoGacS.s 			page 84


 2885              	.LVL227:
 2886              	.L205:
 2887              	.LCFI70:
 2888              		.cfi_restore_state
1329:Middlewares/Third_Party/FreeRTOS/Source/CMSIS_RTOS/cmsis_os.c ****     }
 2889              		.loc 1 1329 7 is_stmt 1 view .LVU766
1329:Middlewares/Third_Party/FreeRTOS/Source/CMSIS_RTOS/cmsis_os.c ****     }
 2890              		.loc 1 1329 20 is_stmt 0 view .LVU767
 2891 007c 2023     		movs	r3, #32
 2892 007e 0093     		str	r3, [sp]
 2893 0080 F5E7     		b	.L198
 2894              		.cfi_endproc
 2895              	.LFE87:
 2897              		.section	.text.osMailFree,"ax",%progbits
 2898              		.align	1
 2899              		.global	osMailFree
 2900              		.syntax unified
 2901              		.thumb
 2902              		.thumb_func
 2904              	osMailFree:
 2905              	.LVL228:
 2906              	.LFB88:
1338:Middlewares/Third_Party/FreeRTOS/Source/CMSIS_RTOS/cmsis_os.c **** 
1339:Middlewares/Third_Party/FreeRTOS/Source/CMSIS_RTOS/cmsis_os.c **** /**
1340:Middlewares/Third_Party/FreeRTOS/Source/CMSIS_RTOS/cmsis_os.c **** * @brief Free a memory block from a mail
1341:Middlewares/Third_Party/FreeRTOS/Source/CMSIS_RTOS/cmsis_os.c **** * @param  queue_id mail queue ID obtained with \ref osMailCreate.
1342:Middlewares/Third_Party/FreeRTOS/Source/CMSIS_RTOS/cmsis_os.c **** * @param  mail     pointer to the memory block that was obtained with \ref osMailGet.
1343:Middlewares/Third_Party/FreeRTOS/Source/CMSIS_RTOS/cmsis_os.c **** * @retval status code that indicates the execution status of the function.
1344:Middlewares/Third_Party/FreeRTOS/Source/CMSIS_RTOS/cmsis_os.c **** * @note   MUST REMAIN UNCHANGED: \b osMailFree shall be consistent in every CMSIS-RTOS.
1345:Middlewares/Third_Party/FreeRTOS/Source/CMSIS_RTOS/cmsis_os.c **** */
1346:Middlewares/Third_Party/FreeRTOS/Source/CMSIS_RTOS/cmsis_os.c **** osStatus osMailFree (osMailQId queue_id, void *mail)
1347:Middlewares/Third_Party/FreeRTOS/Source/CMSIS_RTOS/cmsis_os.c **** {
 2907              		.loc 1 1347 1 is_stmt 1 view -0
 2908              		.cfi_startproc
 2909              		@ args = 0, pretend = 0, frame = 0
 2910              		@ frame_needed = 0, uses_anonymous_args = 0
1348:Middlewares/Third_Party/FreeRTOS/Source/CMSIS_RTOS/cmsis_os.c ****   if (queue_id == NULL) {
 2911              		.loc 1 1348 3 view .LVU769
 2912              		.loc 1 1348 6 is_stmt 0 view .LVU770
 2913 0000 20B1     		cbz	r0, .L208
1347:Middlewares/Third_Party/FreeRTOS/Source/CMSIS_RTOS/cmsis_os.c ****   if (queue_id == NULL) {
 2914              		.loc 1 1347 1 view .LVU771
 2915 0002 08B5     		push	{r3, lr}
 2916              	.LCFI71:
 2917              		.cfi_def_cfa_offset 8
 2918              		.cfi_offset 3, -8
 2919              		.cfi_offset 14, -4
1349:Middlewares/Third_Party/FreeRTOS/Source/CMSIS_RTOS/cmsis_os.c ****     return osErrorParameter;
1350:Middlewares/Third_Party/FreeRTOS/Source/CMSIS_RTOS/cmsis_os.c ****   }
1351:Middlewares/Third_Party/FreeRTOS/Source/CMSIS_RTOS/cmsis_os.c ****   
1352:Middlewares/Third_Party/FreeRTOS/Source/CMSIS_RTOS/cmsis_os.c ****   return osPoolFree(queue_id->pool, mail);
 2920              		.loc 1 1352 3 is_stmt 1 view .LVU772
 2921              		.loc 1 1352 10 is_stmt 0 view .LVU773
 2922 0004 8068     		ldr	r0, [r0, #8]
 2923              	.LVL229:
 2924              		.loc 1 1352 10 view .LVU774
 2925 0006 FFF7FEFF 		bl	osPoolFree
ARM GAS  C:\Users\subdia\AppData\Local\Temp\cccoGacS.s 			page 85


 2926              	.LVL230:
1353:Middlewares/Third_Party/FreeRTOS/Source/CMSIS_RTOS/cmsis_os.c **** }
 2927              		.loc 1 1353 1 view .LVU775
 2928 000a 08BD     		pop	{r3, pc}
 2929              	.LVL231:
 2930              	.L208:
 2931              	.LCFI72:
 2932              		.cfi_def_cfa_offset 0
 2933              		.cfi_restore 3
 2934              		.cfi_restore 14
1349:Middlewares/Third_Party/FreeRTOS/Source/CMSIS_RTOS/cmsis_os.c ****     return osErrorParameter;
 2935              		.loc 1 1349 12 view .LVU776
 2936 000c 8020     		movs	r0, #128
 2937              	.LVL232:
 2938              		.loc 1 1353 1 view .LVU777
 2939 000e 7047     		bx	lr
 2940              		.cfi_endproc
 2941              	.LFE88:
 2943              		.section	.text.osSystickHandler,"ax",%progbits
 2944              		.align	1
 2945              		.global	osSystickHandler
 2946              		.syntax unified
 2947              		.thumb
 2948              		.thumb_func
 2950              	osSystickHandler:
 2951              	.LFB89:
1354:Middlewares/Third_Party/FreeRTOS/Source/CMSIS_RTOS/cmsis_os.c **** #endif  /* Use Mail Queues */
1355:Middlewares/Third_Party/FreeRTOS/Source/CMSIS_RTOS/cmsis_os.c **** 
1356:Middlewares/Third_Party/FreeRTOS/Source/CMSIS_RTOS/cmsis_os.c **** /*************************** Additional specific APIs to Free RTOS ************/
1357:Middlewares/Third_Party/FreeRTOS/Source/CMSIS_RTOS/cmsis_os.c **** /**
1358:Middlewares/Third_Party/FreeRTOS/Source/CMSIS_RTOS/cmsis_os.c **** * @brief  Handles the tick increment
1359:Middlewares/Third_Party/FreeRTOS/Source/CMSIS_RTOS/cmsis_os.c **** * @param  none.
1360:Middlewares/Third_Party/FreeRTOS/Source/CMSIS_RTOS/cmsis_os.c **** * @retval none.
1361:Middlewares/Third_Party/FreeRTOS/Source/CMSIS_RTOS/cmsis_os.c **** */
1362:Middlewares/Third_Party/FreeRTOS/Source/CMSIS_RTOS/cmsis_os.c **** void osSystickHandler(void)
1363:Middlewares/Third_Party/FreeRTOS/Source/CMSIS_RTOS/cmsis_os.c **** {
 2952              		.loc 1 1363 1 is_stmt 1 view -0
 2953              		.cfi_startproc
 2954              		@ args = 0, pretend = 0, frame = 0
 2955              		@ frame_needed = 0, uses_anonymous_args = 0
 2956 0000 08B5     		push	{r3, lr}
 2957              	.LCFI73:
 2958              		.cfi_def_cfa_offset 8
 2959              		.cfi_offset 3, -8
 2960              		.cfi_offset 14, -4
1364:Middlewares/Third_Party/FreeRTOS/Source/CMSIS_RTOS/cmsis_os.c **** 
1365:Middlewares/Third_Party/FreeRTOS/Source/CMSIS_RTOS/cmsis_os.c **** #if (INCLUDE_xTaskGetSchedulerState  == 1 )
1366:Middlewares/Third_Party/FreeRTOS/Source/CMSIS_RTOS/cmsis_os.c ****   if (xTaskGetSchedulerState() != taskSCHEDULER_NOT_STARTED)
 2961              		.loc 1 1366 3 view .LVU779
 2962              		.loc 1 1366 7 is_stmt 0 view .LVU780
 2963 0002 FFF7FEFF 		bl	xTaskGetSchedulerState
 2964              	.LVL233:
 2965              		.loc 1 1366 6 discriminator 1 view .LVU781
 2966 0006 0128     		cmp	r0, #1
 2967 0008 00D1     		bne	.L216
 2968              	.L213:
1367:Middlewares/Third_Party/FreeRTOS/Source/CMSIS_RTOS/cmsis_os.c ****   {
ARM GAS  C:\Users\subdia\AppData\Local\Temp\cccoGacS.s 			page 86


1368:Middlewares/Third_Party/FreeRTOS/Source/CMSIS_RTOS/cmsis_os.c **** #endif  /* INCLUDE_xTaskGetSchedulerState */  
1369:Middlewares/Third_Party/FreeRTOS/Source/CMSIS_RTOS/cmsis_os.c ****     xPortSysTickHandler();
1370:Middlewares/Third_Party/FreeRTOS/Source/CMSIS_RTOS/cmsis_os.c **** #if (INCLUDE_xTaskGetSchedulerState  == 1 )
1371:Middlewares/Third_Party/FreeRTOS/Source/CMSIS_RTOS/cmsis_os.c ****   }
1372:Middlewares/Third_Party/FreeRTOS/Source/CMSIS_RTOS/cmsis_os.c **** #endif  /* INCLUDE_xTaskGetSchedulerState */  
1373:Middlewares/Third_Party/FreeRTOS/Source/CMSIS_RTOS/cmsis_os.c **** }
 2969              		.loc 1 1373 1 view .LVU782
 2970 000a 08BD     		pop	{r3, pc}
 2971              	.L216:
1369:Middlewares/Third_Party/FreeRTOS/Source/CMSIS_RTOS/cmsis_os.c **** #if (INCLUDE_xTaskGetSchedulerState  == 1 )
 2972              		.loc 1 1369 5 is_stmt 1 view .LVU783
 2973 000c FFF7FEFF 		bl	SysTick_Handler
 2974              	.LVL234:
 2975              		.loc 1 1373 1 is_stmt 0 view .LVU784
 2976 0010 FBE7     		b	.L213
 2977              		.cfi_endproc
 2978              	.LFE89:
 2980              		.section	.text.osThreadSuspend,"ax",%progbits
 2981              		.align	1
 2982              		.global	osThreadSuspend
 2983              		.syntax unified
 2984              		.thumb
 2985              		.thumb_func
 2987              	osThreadSuspend:
 2988              	.LVL235:
 2989              	.LFB90:
1374:Middlewares/Third_Party/FreeRTOS/Source/CMSIS_RTOS/cmsis_os.c **** 
1375:Middlewares/Third_Party/FreeRTOS/Source/CMSIS_RTOS/cmsis_os.c **** #if ( INCLUDE_eTaskGetState == 1 )
1376:Middlewares/Third_Party/FreeRTOS/Source/CMSIS_RTOS/cmsis_os.c **** /**
1377:Middlewares/Third_Party/FreeRTOS/Source/CMSIS_RTOS/cmsis_os.c **** * @brief  Obtain the state of any thread.
1378:Middlewares/Third_Party/FreeRTOS/Source/CMSIS_RTOS/cmsis_os.c **** * @param   thread_id   thread ID obtained by \ref osThreadCreate or \ref osThreadGetId.
1379:Middlewares/Third_Party/FreeRTOS/Source/CMSIS_RTOS/cmsis_os.c **** * @retval  the stae of the thread, states are encoded by the osThreadState enumerated type.
1380:Middlewares/Third_Party/FreeRTOS/Source/CMSIS_RTOS/cmsis_os.c **** */
1381:Middlewares/Third_Party/FreeRTOS/Source/CMSIS_RTOS/cmsis_os.c **** osThreadState osThreadGetState(osThreadId thread_id)
1382:Middlewares/Third_Party/FreeRTOS/Source/CMSIS_RTOS/cmsis_os.c **** {
1383:Middlewares/Third_Party/FreeRTOS/Source/CMSIS_RTOS/cmsis_os.c ****   eTaskState ThreadState;
1384:Middlewares/Third_Party/FreeRTOS/Source/CMSIS_RTOS/cmsis_os.c ****   osThreadState result;
1385:Middlewares/Third_Party/FreeRTOS/Source/CMSIS_RTOS/cmsis_os.c ****   
1386:Middlewares/Third_Party/FreeRTOS/Source/CMSIS_RTOS/cmsis_os.c ****   ThreadState = eTaskGetState(thread_id);
1387:Middlewares/Third_Party/FreeRTOS/Source/CMSIS_RTOS/cmsis_os.c ****   
1388:Middlewares/Third_Party/FreeRTOS/Source/CMSIS_RTOS/cmsis_os.c ****   switch (ThreadState)
1389:Middlewares/Third_Party/FreeRTOS/Source/CMSIS_RTOS/cmsis_os.c ****   {
1390:Middlewares/Third_Party/FreeRTOS/Source/CMSIS_RTOS/cmsis_os.c ****   case eRunning :
1391:Middlewares/Third_Party/FreeRTOS/Source/CMSIS_RTOS/cmsis_os.c ****     result = osThreadRunning;
1392:Middlewares/Third_Party/FreeRTOS/Source/CMSIS_RTOS/cmsis_os.c ****     break;
1393:Middlewares/Third_Party/FreeRTOS/Source/CMSIS_RTOS/cmsis_os.c ****   case eReady :
1394:Middlewares/Third_Party/FreeRTOS/Source/CMSIS_RTOS/cmsis_os.c ****     result = osThreadReady;
1395:Middlewares/Third_Party/FreeRTOS/Source/CMSIS_RTOS/cmsis_os.c ****     break;
1396:Middlewares/Third_Party/FreeRTOS/Source/CMSIS_RTOS/cmsis_os.c ****   case eBlocked :
1397:Middlewares/Third_Party/FreeRTOS/Source/CMSIS_RTOS/cmsis_os.c ****     result = osThreadBlocked;
1398:Middlewares/Third_Party/FreeRTOS/Source/CMSIS_RTOS/cmsis_os.c ****     break;
1399:Middlewares/Third_Party/FreeRTOS/Source/CMSIS_RTOS/cmsis_os.c ****   case eSuspended :
1400:Middlewares/Third_Party/FreeRTOS/Source/CMSIS_RTOS/cmsis_os.c ****     result = osThreadSuspended;
1401:Middlewares/Third_Party/FreeRTOS/Source/CMSIS_RTOS/cmsis_os.c ****     break;
1402:Middlewares/Third_Party/FreeRTOS/Source/CMSIS_RTOS/cmsis_os.c ****   case eDeleted :
1403:Middlewares/Third_Party/FreeRTOS/Source/CMSIS_RTOS/cmsis_os.c ****     result = osThreadDeleted;
1404:Middlewares/Third_Party/FreeRTOS/Source/CMSIS_RTOS/cmsis_os.c ****     break;
ARM GAS  C:\Users\subdia\AppData\Local\Temp\cccoGacS.s 			page 87


1405:Middlewares/Third_Party/FreeRTOS/Source/CMSIS_RTOS/cmsis_os.c ****   default:
1406:Middlewares/Third_Party/FreeRTOS/Source/CMSIS_RTOS/cmsis_os.c ****     result = osThreadError;
1407:Middlewares/Third_Party/FreeRTOS/Source/CMSIS_RTOS/cmsis_os.c ****   } 
1408:Middlewares/Third_Party/FreeRTOS/Source/CMSIS_RTOS/cmsis_os.c ****   
1409:Middlewares/Third_Party/FreeRTOS/Source/CMSIS_RTOS/cmsis_os.c ****   return result;
1410:Middlewares/Third_Party/FreeRTOS/Source/CMSIS_RTOS/cmsis_os.c **** }
1411:Middlewares/Third_Party/FreeRTOS/Source/CMSIS_RTOS/cmsis_os.c **** #endif /* INCLUDE_eTaskGetState */
1412:Middlewares/Third_Party/FreeRTOS/Source/CMSIS_RTOS/cmsis_os.c **** 
1413:Middlewares/Third_Party/FreeRTOS/Source/CMSIS_RTOS/cmsis_os.c **** #if (INCLUDE_eTaskGetState == 1)
1414:Middlewares/Third_Party/FreeRTOS/Source/CMSIS_RTOS/cmsis_os.c **** /**
1415:Middlewares/Third_Party/FreeRTOS/Source/CMSIS_RTOS/cmsis_os.c **** * @brief Check if a thread is already suspended or not.
1416:Middlewares/Third_Party/FreeRTOS/Source/CMSIS_RTOS/cmsis_os.c **** * @param thread_id thread ID obtained by \ref osThreadCreate or \ref osThreadGetId.
1417:Middlewares/Third_Party/FreeRTOS/Source/CMSIS_RTOS/cmsis_os.c **** * @retval status code that indicates the execution status of the function.
1418:Middlewares/Third_Party/FreeRTOS/Source/CMSIS_RTOS/cmsis_os.c **** */
1419:Middlewares/Third_Party/FreeRTOS/Source/CMSIS_RTOS/cmsis_os.c **** osStatus osThreadIsSuspended(osThreadId thread_id)
1420:Middlewares/Third_Party/FreeRTOS/Source/CMSIS_RTOS/cmsis_os.c **** {
1421:Middlewares/Third_Party/FreeRTOS/Source/CMSIS_RTOS/cmsis_os.c ****   if (eTaskGetState(thread_id) == eSuspended)
1422:Middlewares/Third_Party/FreeRTOS/Source/CMSIS_RTOS/cmsis_os.c ****     return osOK;
1423:Middlewares/Third_Party/FreeRTOS/Source/CMSIS_RTOS/cmsis_os.c ****   else
1424:Middlewares/Third_Party/FreeRTOS/Source/CMSIS_RTOS/cmsis_os.c ****     return osErrorOS;
1425:Middlewares/Third_Party/FreeRTOS/Source/CMSIS_RTOS/cmsis_os.c **** }
1426:Middlewares/Third_Party/FreeRTOS/Source/CMSIS_RTOS/cmsis_os.c **** #endif /* INCLUDE_eTaskGetState */
1427:Middlewares/Third_Party/FreeRTOS/Source/CMSIS_RTOS/cmsis_os.c **** /**
1428:Middlewares/Third_Party/FreeRTOS/Source/CMSIS_RTOS/cmsis_os.c **** * @brief  Suspend execution of a thread.
1429:Middlewares/Third_Party/FreeRTOS/Source/CMSIS_RTOS/cmsis_os.c **** * @param   thread_id   thread ID obtained by \ref osThreadCreate or \ref osThreadGetId.
1430:Middlewares/Third_Party/FreeRTOS/Source/CMSIS_RTOS/cmsis_os.c **** * @retval  status code that indicates the execution status of the function.
1431:Middlewares/Third_Party/FreeRTOS/Source/CMSIS_RTOS/cmsis_os.c **** */
1432:Middlewares/Third_Party/FreeRTOS/Source/CMSIS_RTOS/cmsis_os.c **** osStatus osThreadSuspend (osThreadId thread_id)
1433:Middlewares/Third_Party/FreeRTOS/Source/CMSIS_RTOS/cmsis_os.c **** {
 2990              		.loc 1 1433 1 is_stmt 1 view -0
 2991              		.cfi_startproc
 2992              		@ args = 0, pretend = 0, frame = 0
 2993              		@ frame_needed = 0, uses_anonymous_args = 0
 2994              		.loc 1 1433 1 is_stmt 0 view .LVU786
 2995 0000 08B5     		push	{r3, lr}
 2996              	.LCFI74:
 2997              		.cfi_def_cfa_offset 8
 2998              		.cfi_offset 3, -8
 2999              		.cfi_offset 14, -4
1434:Middlewares/Third_Party/FreeRTOS/Source/CMSIS_RTOS/cmsis_os.c **** #if (INCLUDE_vTaskSuspend == 1)
1435:Middlewares/Third_Party/FreeRTOS/Source/CMSIS_RTOS/cmsis_os.c ****     vTaskSuspend(thread_id);
 3000              		.loc 1 1435 5 is_stmt 1 view .LVU787
 3001 0002 FFF7FEFF 		bl	vTaskSuspend
 3002              	.LVL236:
1436:Middlewares/Third_Party/FreeRTOS/Source/CMSIS_RTOS/cmsis_os.c ****   
1437:Middlewares/Third_Party/FreeRTOS/Source/CMSIS_RTOS/cmsis_os.c ****   return osOK;
 3003              		.loc 1 1437 3 view .LVU788
1438:Middlewares/Third_Party/FreeRTOS/Source/CMSIS_RTOS/cmsis_os.c **** #else
1439:Middlewares/Third_Party/FreeRTOS/Source/CMSIS_RTOS/cmsis_os.c ****   return osErrorResource;
1440:Middlewares/Third_Party/FreeRTOS/Source/CMSIS_RTOS/cmsis_os.c **** #endif
1441:Middlewares/Third_Party/FreeRTOS/Source/CMSIS_RTOS/cmsis_os.c **** }
 3004              		.loc 1 1441 1 is_stmt 0 view .LVU789
 3005 0006 0020     		movs	r0, #0
 3006 0008 08BD     		pop	{r3, pc}
 3007              		.cfi_endproc
 3008              	.LFE90:
 3010              		.section	.text.osThreadResume,"ax",%progbits
ARM GAS  C:\Users\subdia\AppData\Local\Temp\cccoGacS.s 			page 88


 3011              		.align	1
 3012              		.global	osThreadResume
 3013              		.syntax unified
 3014              		.thumb
 3015              		.thumb_func
 3017              	osThreadResume:
 3018              	.LVL237:
 3019              	.LFB91:
1442:Middlewares/Third_Party/FreeRTOS/Source/CMSIS_RTOS/cmsis_os.c **** 
1443:Middlewares/Third_Party/FreeRTOS/Source/CMSIS_RTOS/cmsis_os.c **** /**
1444:Middlewares/Third_Party/FreeRTOS/Source/CMSIS_RTOS/cmsis_os.c **** * @brief  Resume execution of a suspended thread.
1445:Middlewares/Third_Party/FreeRTOS/Source/CMSIS_RTOS/cmsis_os.c **** * @param   thread_id   thread ID obtained by \ref osThreadCreate or \ref osThreadGetId.
1446:Middlewares/Third_Party/FreeRTOS/Source/CMSIS_RTOS/cmsis_os.c **** * @retval  status code that indicates the execution status of the function.
1447:Middlewares/Third_Party/FreeRTOS/Source/CMSIS_RTOS/cmsis_os.c **** */
1448:Middlewares/Third_Party/FreeRTOS/Source/CMSIS_RTOS/cmsis_os.c **** osStatus osThreadResume (osThreadId thread_id)
1449:Middlewares/Third_Party/FreeRTOS/Source/CMSIS_RTOS/cmsis_os.c **** {
 3020              		.loc 1 1449 1 is_stmt 1 view -0
 3021              		.cfi_startproc
 3022              		@ args = 0, pretend = 0, frame = 0
 3023              		@ frame_needed = 0, uses_anonymous_args = 0
 3024              		.loc 1 1449 1 is_stmt 0 view .LVU791
 3025 0000 10B5     		push	{r4, lr}
 3026              	.LCFI75:
 3027              		.cfi_def_cfa_offset 8
 3028              		.cfi_offset 4, -8
 3029              		.cfi_offset 14, -4
 3030 0002 0446     		mov	r4, r0
1450:Middlewares/Third_Party/FreeRTOS/Source/CMSIS_RTOS/cmsis_os.c **** #if (INCLUDE_vTaskSuspend == 1)  
1451:Middlewares/Third_Party/FreeRTOS/Source/CMSIS_RTOS/cmsis_os.c ****   if(inHandlerMode())
 3031              		.loc 1 1451 3 is_stmt 1 view .LVU792
 3032              		.loc 1 1451 6 is_stmt 0 view .LVU793
 3033 0004 FFF7FEFF 		bl	inHandlerMode
 3034              	.LVL238:
 3035              		.loc 1 1451 5 discriminator 1 view .LVU794
 3036 0008 78B1     		cbz	r0, .L220
1452:Middlewares/Third_Party/FreeRTOS/Source/CMSIS_RTOS/cmsis_os.c ****   {
1453:Middlewares/Third_Party/FreeRTOS/Source/CMSIS_RTOS/cmsis_os.c ****     if (xTaskResumeFromISR(thread_id) == pdTRUE)
 3037              		.loc 1 1453 5 is_stmt 1 view .LVU795
 3038              		.loc 1 1453 9 is_stmt 0 view .LVU796
 3039 000a 2046     		mov	r0, r4
 3040 000c FFF7FEFF 		bl	xTaskResumeFromISR
 3041              	.LVL239:
 3042              		.loc 1 1453 8 discriminator 1 view .LVU797
 3043 0010 0128     		cmp	r0, #1
 3044 0012 0DD1     		bne	.L221
1454:Middlewares/Third_Party/FreeRTOS/Source/CMSIS_RTOS/cmsis_os.c ****     {
1455:Middlewares/Third_Party/FreeRTOS/Source/CMSIS_RTOS/cmsis_os.c ****       portYIELD_FROM_ISR(pdTRUE);
 3045              		.loc 1 1455 7 is_stmt 1 view .LVU798
 3046              		.loc 1 1455 7 discriminator 1 view .LVU799
 3047 0014 4FF0E023 		mov	r3, #-536813568
 3048 0018 4FF08052 		mov	r2, #268435456
 3049 001c C3F8042D 		str	r2, [r3, #3332]
 3050              		.loc 1 1455 7 view .LVU800
 3051              		.loc 1 1455 7 is_stmt 0 discriminator 1 view .LVU801
 3052              		.syntax unified
 3053              	@ 1455 "Middlewares/Third_Party/FreeRTOS/Source/CMSIS_RTOS/cmsis_os.c" 1
 3054 0020 BFF34F8F 		dsb
ARM GAS  C:\Users\subdia\AppData\Local\Temp\cccoGacS.s 			page 89


 3055              	@ 0 "" 2
 3056              		.loc 1 1455 7 is_stmt 1 view .LVU802
 3057              		.loc 1 1455 7 is_stmt 0 discriminator 1 view .LVU803
 3058              	@ 1455 "Middlewares/Third_Party/FreeRTOS/Source/CMSIS_RTOS/cmsis_os.c" 1
 3059 0024 BFF36F8F 		isb
 3060              	@ 0 "" 2
 3061              		.thumb
 3062              		.syntax unified
 3063 0028 02E0     		b	.L221
 3064              	.L220:
1456:Middlewares/Third_Party/FreeRTOS/Source/CMSIS_RTOS/cmsis_os.c ****     }
1457:Middlewares/Third_Party/FreeRTOS/Source/CMSIS_RTOS/cmsis_os.c ****   }
1458:Middlewares/Third_Party/FreeRTOS/Source/CMSIS_RTOS/cmsis_os.c ****   else
1459:Middlewares/Third_Party/FreeRTOS/Source/CMSIS_RTOS/cmsis_os.c ****   {
1460:Middlewares/Third_Party/FreeRTOS/Source/CMSIS_RTOS/cmsis_os.c ****     vTaskResume(thread_id);
 3065              		.loc 1 1460 5 is_stmt 1 view .LVU804
 3066 002a 2046     		mov	r0, r4
 3067 002c FFF7FEFF 		bl	vTaskResume
 3068              	.LVL240:
 3069              	.L221:
1461:Middlewares/Third_Party/FreeRTOS/Source/CMSIS_RTOS/cmsis_os.c ****   }
1462:Middlewares/Third_Party/FreeRTOS/Source/CMSIS_RTOS/cmsis_os.c ****   return osOK;
 3070              		.loc 1 1462 3 view .LVU805
1463:Middlewares/Third_Party/FreeRTOS/Source/CMSIS_RTOS/cmsis_os.c **** #else
1464:Middlewares/Third_Party/FreeRTOS/Source/CMSIS_RTOS/cmsis_os.c ****   return osErrorResource;
1465:Middlewares/Third_Party/FreeRTOS/Source/CMSIS_RTOS/cmsis_os.c **** #endif
1466:Middlewares/Third_Party/FreeRTOS/Source/CMSIS_RTOS/cmsis_os.c **** }
 3071              		.loc 1 1466 1 is_stmt 0 view .LVU806
 3072 0030 0020     		movs	r0, #0
 3073 0032 10BD     		pop	{r4, pc}
 3074              		.loc 1 1466 1 view .LVU807
 3075              		.cfi_endproc
 3076              	.LFE91:
 3078              		.section	.text.osThreadSuspendAll,"ax",%progbits
 3079              		.align	1
 3080              		.global	osThreadSuspendAll
 3081              		.syntax unified
 3082              		.thumb
 3083              		.thumb_func
 3085              	osThreadSuspendAll:
 3086              	.LFB92:
1467:Middlewares/Third_Party/FreeRTOS/Source/CMSIS_RTOS/cmsis_os.c **** 
1468:Middlewares/Third_Party/FreeRTOS/Source/CMSIS_RTOS/cmsis_os.c **** /**
1469:Middlewares/Third_Party/FreeRTOS/Source/CMSIS_RTOS/cmsis_os.c **** * @brief  Suspend execution of a all active threads.
1470:Middlewares/Third_Party/FreeRTOS/Source/CMSIS_RTOS/cmsis_os.c **** * @retval  status code that indicates the execution status of the function.
1471:Middlewares/Third_Party/FreeRTOS/Source/CMSIS_RTOS/cmsis_os.c **** */
1472:Middlewares/Third_Party/FreeRTOS/Source/CMSIS_RTOS/cmsis_os.c **** osStatus osThreadSuspendAll (void)
1473:Middlewares/Third_Party/FreeRTOS/Source/CMSIS_RTOS/cmsis_os.c **** {
 3087              		.loc 1 1473 1 is_stmt 1 view -0
 3088              		.cfi_startproc
 3089              		@ args = 0, pretend = 0, frame = 0
 3090              		@ frame_needed = 0, uses_anonymous_args = 0
 3091 0000 08B5     		push	{r3, lr}
 3092              	.LCFI76:
 3093              		.cfi_def_cfa_offset 8
 3094              		.cfi_offset 3, -8
 3095              		.cfi_offset 14, -4
ARM GAS  C:\Users\subdia\AppData\Local\Temp\cccoGacS.s 			page 90


1474:Middlewares/Third_Party/FreeRTOS/Source/CMSIS_RTOS/cmsis_os.c ****   vTaskSuspendAll();
 3096              		.loc 1 1474 3 view .LVU809
 3097 0002 FFF7FEFF 		bl	vTaskSuspendAll
 3098              	.LVL241:
1475:Middlewares/Third_Party/FreeRTOS/Source/CMSIS_RTOS/cmsis_os.c ****   
1476:Middlewares/Third_Party/FreeRTOS/Source/CMSIS_RTOS/cmsis_os.c ****   return osOK;
 3099              		.loc 1 1476 3 view .LVU810
1477:Middlewares/Third_Party/FreeRTOS/Source/CMSIS_RTOS/cmsis_os.c **** }
 3100              		.loc 1 1477 1 is_stmt 0 view .LVU811
 3101 0006 0020     		movs	r0, #0
 3102 0008 08BD     		pop	{r3, pc}
 3103              		.cfi_endproc
 3104              	.LFE92:
 3106              		.section	.text.osThreadResumeAll,"ax",%progbits
 3107              		.align	1
 3108              		.global	osThreadResumeAll
 3109              		.syntax unified
 3110              		.thumb
 3111              		.thumb_func
 3113              	osThreadResumeAll:
 3114              	.LFB93:
1478:Middlewares/Third_Party/FreeRTOS/Source/CMSIS_RTOS/cmsis_os.c **** 
1479:Middlewares/Third_Party/FreeRTOS/Source/CMSIS_RTOS/cmsis_os.c **** /**
1480:Middlewares/Third_Party/FreeRTOS/Source/CMSIS_RTOS/cmsis_os.c **** * @brief  Resume execution of a all suspended threads.
1481:Middlewares/Third_Party/FreeRTOS/Source/CMSIS_RTOS/cmsis_os.c **** * @retval  status code that indicates the execution status of the function.
1482:Middlewares/Third_Party/FreeRTOS/Source/CMSIS_RTOS/cmsis_os.c **** */
1483:Middlewares/Third_Party/FreeRTOS/Source/CMSIS_RTOS/cmsis_os.c **** osStatus osThreadResumeAll (void)
1484:Middlewares/Third_Party/FreeRTOS/Source/CMSIS_RTOS/cmsis_os.c **** {
 3115              		.loc 1 1484 1 is_stmt 1 view -0
 3116              		.cfi_startproc
 3117              		@ args = 0, pretend = 0, frame = 0
 3118              		@ frame_needed = 0, uses_anonymous_args = 0
 3119 0000 08B5     		push	{r3, lr}
 3120              	.LCFI77:
 3121              		.cfi_def_cfa_offset 8
 3122              		.cfi_offset 3, -8
 3123              		.cfi_offset 14, -4
1485:Middlewares/Third_Party/FreeRTOS/Source/CMSIS_RTOS/cmsis_os.c ****   if (xTaskResumeAll() == pdTRUE)
 3124              		.loc 1 1485 3 view .LVU813
 3125              		.loc 1 1485 7 is_stmt 0 view .LVU814
 3126 0002 FFF7FEFF 		bl	xTaskResumeAll
 3127              	.LVL242:
 3128              		.loc 1 1485 6 discriminator 1 view .LVU815
 3129 0006 0128     		cmp	r0, #1
 3130 0008 01D0     		beq	.L229
1486:Middlewares/Third_Party/FreeRTOS/Source/CMSIS_RTOS/cmsis_os.c ****     return osOK;
1487:Middlewares/Third_Party/FreeRTOS/Source/CMSIS_RTOS/cmsis_os.c ****   else
1488:Middlewares/Third_Party/FreeRTOS/Source/CMSIS_RTOS/cmsis_os.c ****     return osErrorOS;
 3131              		.loc 1 1488 12 view .LVU816
 3132 000a FF20     		movs	r0, #255
 3133              	.L225:
1489:Middlewares/Third_Party/FreeRTOS/Source/CMSIS_RTOS/cmsis_os.c ****   
1490:Middlewares/Third_Party/FreeRTOS/Source/CMSIS_RTOS/cmsis_os.c **** }
 3134              		.loc 1 1490 1 view .LVU817
 3135 000c 08BD     		pop	{r3, pc}
 3136              	.L229:
1486:Middlewares/Third_Party/FreeRTOS/Source/CMSIS_RTOS/cmsis_os.c ****     return osOK;
ARM GAS  C:\Users\subdia\AppData\Local\Temp\cccoGacS.s 			page 91


 3137              		.loc 1 1486 12 view .LVU818
 3138 000e 0020     		movs	r0, #0
 3139 0010 FCE7     		b	.L225
 3140              		.cfi_endproc
 3141              	.LFE93:
 3143              		.section	.text.osDelayUntil,"ax",%progbits
 3144              		.align	1
 3145              		.global	osDelayUntil
 3146              		.syntax unified
 3147              		.thumb
 3148              		.thumb_func
 3150              	osDelayUntil:
 3151              	.LVL243:
 3152              	.LFB94:
1491:Middlewares/Third_Party/FreeRTOS/Source/CMSIS_RTOS/cmsis_os.c **** 
1492:Middlewares/Third_Party/FreeRTOS/Source/CMSIS_RTOS/cmsis_os.c **** /**
1493:Middlewares/Third_Party/FreeRTOS/Source/CMSIS_RTOS/cmsis_os.c **** * @brief  Delay a task until a specified time
1494:Middlewares/Third_Party/FreeRTOS/Source/CMSIS_RTOS/cmsis_os.c **** * @param   PreviousWakeTime   Pointer to a variable that holds the time at which the 
1495:Middlewares/Third_Party/FreeRTOS/Source/CMSIS_RTOS/cmsis_os.c **** *          task was last unblocked. PreviousWakeTime must be initialised with the current time
1496:Middlewares/Third_Party/FreeRTOS/Source/CMSIS_RTOS/cmsis_os.c **** *          prior to its first use (PreviousWakeTime = osKernelSysTick() )
1497:Middlewares/Third_Party/FreeRTOS/Source/CMSIS_RTOS/cmsis_os.c **** * @param   millisec    time delay value
1498:Middlewares/Third_Party/FreeRTOS/Source/CMSIS_RTOS/cmsis_os.c **** * @retval  status code that indicates the execution status of the function.
1499:Middlewares/Third_Party/FreeRTOS/Source/CMSIS_RTOS/cmsis_os.c **** */
1500:Middlewares/Third_Party/FreeRTOS/Source/CMSIS_RTOS/cmsis_os.c **** osStatus osDelayUntil (uint32_t *PreviousWakeTime, uint32_t millisec)
1501:Middlewares/Third_Party/FreeRTOS/Source/CMSIS_RTOS/cmsis_os.c **** {
 3153              		.loc 1 1501 1 is_stmt 1 view -0
 3154              		.cfi_startproc
 3155              		@ args = 0, pretend = 0, frame = 0
 3156              		@ frame_needed = 0, uses_anonymous_args = 0
 3157              		@ link register save eliminated.
1502:Middlewares/Third_Party/FreeRTOS/Source/CMSIS_RTOS/cmsis_os.c **** #if INCLUDE_vTaskDelayUntil
1503:Middlewares/Third_Party/FreeRTOS/Source/CMSIS_RTOS/cmsis_os.c ****   TickType_t ticks = (millisec / portTICK_PERIOD_MS);
1504:Middlewares/Third_Party/FreeRTOS/Source/CMSIS_RTOS/cmsis_os.c ****   vTaskDelayUntil((TickType_t *) PreviousWakeTime, ticks ? ticks : 1);
1505:Middlewares/Third_Party/FreeRTOS/Source/CMSIS_RTOS/cmsis_os.c ****   
1506:Middlewares/Third_Party/FreeRTOS/Source/CMSIS_RTOS/cmsis_os.c ****   return osOK;
1507:Middlewares/Third_Party/FreeRTOS/Source/CMSIS_RTOS/cmsis_os.c **** #else
1508:Middlewares/Third_Party/FreeRTOS/Source/CMSIS_RTOS/cmsis_os.c ****   (void) millisec;
 3158              		.loc 1 1508 3 view .LVU820
1509:Middlewares/Third_Party/FreeRTOS/Source/CMSIS_RTOS/cmsis_os.c ****   (void) PreviousWakeTime;
 3159              		.loc 1 1509 3 view .LVU821
1510:Middlewares/Third_Party/FreeRTOS/Source/CMSIS_RTOS/cmsis_os.c ****   
1511:Middlewares/Third_Party/FreeRTOS/Source/CMSIS_RTOS/cmsis_os.c ****   return osErrorResource;
 3160              		.loc 1 1511 3 view .LVU822
1512:Middlewares/Third_Party/FreeRTOS/Source/CMSIS_RTOS/cmsis_os.c **** #endif
1513:Middlewares/Third_Party/FreeRTOS/Source/CMSIS_RTOS/cmsis_os.c **** }
 3161              		.loc 1 1513 1 is_stmt 0 view .LVU823
 3162 0000 8120     		movs	r0, #129
 3163              	.LVL244:
 3164              		.loc 1 1513 1 view .LVU824
 3165 0002 7047     		bx	lr
 3166              		.cfi_endproc
 3167              	.LFE94:
 3169              		.section	.text.osAbortDelay,"ax",%progbits
 3170              		.align	1
 3171              		.global	osAbortDelay
 3172              		.syntax unified
 3173              		.thumb
ARM GAS  C:\Users\subdia\AppData\Local\Temp\cccoGacS.s 			page 92


 3174              		.thumb_func
 3176              	osAbortDelay:
 3177              	.LVL245:
 3178              	.LFB95:
1514:Middlewares/Third_Party/FreeRTOS/Source/CMSIS_RTOS/cmsis_os.c **** 
1515:Middlewares/Third_Party/FreeRTOS/Source/CMSIS_RTOS/cmsis_os.c **** /**
1516:Middlewares/Third_Party/FreeRTOS/Source/CMSIS_RTOS/cmsis_os.c **** * @brief   Abort the delay for a specific thread
1517:Middlewares/Third_Party/FreeRTOS/Source/CMSIS_RTOS/cmsis_os.c **** * @param   thread_id   thread ID obtained by \ref osThreadCreate or \ref osThreadGetId   
1518:Middlewares/Third_Party/FreeRTOS/Source/CMSIS_RTOS/cmsis_os.c **** * @retval  status code that indicates the execution status of the function.
1519:Middlewares/Third_Party/FreeRTOS/Source/CMSIS_RTOS/cmsis_os.c **** */
1520:Middlewares/Third_Party/FreeRTOS/Source/CMSIS_RTOS/cmsis_os.c **** osStatus osAbortDelay(osThreadId thread_id)
1521:Middlewares/Third_Party/FreeRTOS/Source/CMSIS_RTOS/cmsis_os.c **** {
 3179              		.loc 1 1521 1 is_stmt 1 view -0
 3180              		.cfi_startproc
 3181              		@ args = 0, pretend = 0, frame = 0
 3182              		@ frame_needed = 0, uses_anonymous_args = 0
 3183              		@ link register save eliminated.
1522:Middlewares/Third_Party/FreeRTOS/Source/CMSIS_RTOS/cmsis_os.c **** #if INCLUDE_xTaskAbortDelay
1523:Middlewares/Third_Party/FreeRTOS/Source/CMSIS_RTOS/cmsis_os.c ****   
1524:Middlewares/Third_Party/FreeRTOS/Source/CMSIS_RTOS/cmsis_os.c ****   xTaskAbortDelay(thread_id);
1525:Middlewares/Third_Party/FreeRTOS/Source/CMSIS_RTOS/cmsis_os.c ****   
1526:Middlewares/Third_Party/FreeRTOS/Source/CMSIS_RTOS/cmsis_os.c ****   return osOK;
1527:Middlewares/Third_Party/FreeRTOS/Source/CMSIS_RTOS/cmsis_os.c **** #else
1528:Middlewares/Third_Party/FreeRTOS/Source/CMSIS_RTOS/cmsis_os.c ****   (void) thread_id;
 3184              		.loc 1 1528 3 view .LVU826
1529:Middlewares/Third_Party/FreeRTOS/Source/CMSIS_RTOS/cmsis_os.c ****   
1530:Middlewares/Third_Party/FreeRTOS/Source/CMSIS_RTOS/cmsis_os.c ****   return osErrorResource;
 3185              		.loc 1 1530 3 view .LVU827
1531:Middlewares/Third_Party/FreeRTOS/Source/CMSIS_RTOS/cmsis_os.c **** #endif
1532:Middlewares/Third_Party/FreeRTOS/Source/CMSIS_RTOS/cmsis_os.c **** }
 3186              		.loc 1 1532 1 is_stmt 0 view .LVU828
 3187 0000 8120     		movs	r0, #129
 3188              	.LVL246:
 3189              		.loc 1 1532 1 view .LVU829
 3190 0002 7047     		bx	lr
 3191              		.cfi_endproc
 3192              	.LFE95:
 3194              		.section	.text.osThreadList,"ax",%progbits
 3195              		.align	1
 3196              		.global	osThreadList
 3197              		.syntax unified
 3198              		.thumb
 3199              		.thumb_func
 3201              	osThreadList:
 3202              	.LVL247:
 3203              	.LFB96:
1533:Middlewares/Third_Party/FreeRTOS/Source/CMSIS_RTOS/cmsis_os.c **** 
1534:Middlewares/Third_Party/FreeRTOS/Source/CMSIS_RTOS/cmsis_os.c **** /**
1535:Middlewares/Third_Party/FreeRTOS/Source/CMSIS_RTOS/cmsis_os.c **** * @brief   Lists all the current threads, along with their current state 
1536:Middlewares/Third_Party/FreeRTOS/Source/CMSIS_RTOS/cmsis_os.c **** *          and stack usage high water mark.
1537:Middlewares/Third_Party/FreeRTOS/Source/CMSIS_RTOS/cmsis_os.c **** * @param   buffer   A buffer into which the above mentioned details
1538:Middlewares/Third_Party/FreeRTOS/Source/CMSIS_RTOS/cmsis_os.c **** *          will be written
1539:Middlewares/Third_Party/FreeRTOS/Source/CMSIS_RTOS/cmsis_os.c **** * @retval  status code that indicates the execution status of the function.
1540:Middlewares/Third_Party/FreeRTOS/Source/CMSIS_RTOS/cmsis_os.c **** */
1541:Middlewares/Third_Party/FreeRTOS/Source/CMSIS_RTOS/cmsis_os.c **** osStatus osThreadList (uint8_t *buffer)
1542:Middlewares/Third_Party/FreeRTOS/Source/CMSIS_RTOS/cmsis_os.c **** {
 3204              		.loc 1 1542 1 is_stmt 1 view -0
ARM GAS  C:\Users\subdia\AppData\Local\Temp\cccoGacS.s 			page 93


 3205              		.cfi_startproc
 3206              		@ args = 0, pretend = 0, frame = 0
 3207              		@ frame_needed = 0, uses_anonymous_args = 0
 3208              		@ link register save eliminated.
1543:Middlewares/Third_Party/FreeRTOS/Source/CMSIS_RTOS/cmsis_os.c **** #if ( ( configUSE_TRACE_FACILITY == 1 ) && ( configUSE_STATS_FORMATTING_FUNCTIONS == 1 ) )
1544:Middlewares/Third_Party/FreeRTOS/Source/CMSIS_RTOS/cmsis_os.c ****   vTaskList((char *)buffer);
1545:Middlewares/Third_Party/FreeRTOS/Source/CMSIS_RTOS/cmsis_os.c **** #endif
1546:Middlewares/Third_Party/FreeRTOS/Source/CMSIS_RTOS/cmsis_os.c ****   return osOK;
 3209              		.loc 1 1546 3 view .LVU831
1547:Middlewares/Third_Party/FreeRTOS/Source/CMSIS_RTOS/cmsis_os.c **** }
 3210              		.loc 1 1547 1 is_stmt 0 view .LVU832
 3211 0000 0020     		movs	r0, #0
 3212              	.LVL248:
 3213              		.loc 1 1547 1 view .LVU833
 3214 0002 7047     		bx	lr
 3215              		.cfi_endproc
 3216              	.LFE96:
 3218              		.section	.text.osMessagePeek,"ax",%progbits
 3219              		.align	1
 3220              		.global	osMessagePeek
 3221              		.syntax unified
 3222              		.thumb
 3223              		.thumb_func
 3225              	osMessagePeek:
 3226              	.LVL249:
 3227              	.LFB97:
1548:Middlewares/Third_Party/FreeRTOS/Source/CMSIS_RTOS/cmsis_os.c **** 
1549:Middlewares/Third_Party/FreeRTOS/Source/CMSIS_RTOS/cmsis_os.c **** /**
1550:Middlewares/Third_Party/FreeRTOS/Source/CMSIS_RTOS/cmsis_os.c **** * @brief  Receive an item from a queue without removing the item from the queue.
1551:Middlewares/Third_Party/FreeRTOS/Source/CMSIS_RTOS/cmsis_os.c **** * @param  queue_id  message queue ID obtained with \ref osMessageCreate.
1552:Middlewares/Third_Party/FreeRTOS/Source/CMSIS_RTOS/cmsis_os.c **** * @param  millisec  timeout value or 0 in case of no time-out.
1553:Middlewares/Third_Party/FreeRTOS/Source/CMSIS_RTOS/cmsis_os.c **** * @retval event information that includes status code.
1554:Middlewares/Third_Party/FreeRTOS/Source/CMSIS_RTOS/cmsis_os.c **** */
1555:Middlewares/Third_Party/FreeRTOS/Source/CMSIS_RTOS/cmsis_os.c **** osEvent osMessagePeek (osMessageQId queue_id, uint32_t millisec)
1556:Middlewares/Third_Party/FreeRTOS/Source/CMSIS_RTOS/cmsis_os.c **** {
 3228              		.loc 1 1556 1 is_stmt 1 view -0
 3229              		.cfi_startproc
 3230              		@ args = 0, pretend = 0, frame = 16
 3231              		@ frame_needed = 0, uses_anonymous_args = 0
 3232              		.loc 1 1556 1 is_stmt 0 view .LVU835
 3233 0000 30B5     		push	{r4, r5, lr}
 3234              	.LCFI78:
 3235              		.cfi_def_cfa_offset 12
 3236              		.cfi_offset 4, -12
 3237              		.cfi_offset 5, -8
 3238              		.cfi_offset 14, -4
 3239 0002 85B0     		sub	sp, sp, #20
 3240              	.LCFI79:
 3241              		.cfi_def_cfa_offset 32
 3242 0004 0546     		mov	r5, r0
1557:Middlewares/Third_Party/FreeRTOS/Source/CMSIS_RTOS/cmsis_os.c ****   TickType_t ticks;
 3243              		.loc 1 1557 3 is_stmt 1 view .LVU836
1558:Middlewares/Third_Party/FreeRTOS/Source/CMSIS_RTOS/cmsis_os.c ****   osEvent event;
 3244              		.loc 1 1558 3 view .LVU837
1559:Middlewares/Third_Party/FreeRTOS/Source/CMSIS_RTOS/cmsis_os.c ****   
1560:Middlewares/Third_Party/FreeRTOS/Source/CMSIS_RTOS/cmsis_os.c ****   event.def.message_id = queue_id;
 3245              		.loc 1 1560 3 view .LVU838
ARM GAS  C:\Users\subdia\AppData\Local\Temp\cccoGacS.s 			page 94


 3246              		.loc 1 1560 24 is_stmt 0 view .LVU839
 3247 0006 0391     		str	r1, [sp, #12]
1561:Middlewares/Third_Party/FreeRTOS/Source/CMSIS_RTOS/cmsis_os.c ****   
1562:Middlewares/Third_Party/FreeRTOS/Source/CMSIS_RTOS/cmsis_os.c ****   if (queue_id == NULL) {
 3248              		.loc 1 1562 3 is_stmt 1 view .LVU840
 3249              		.loc 1 1562 6 is_stmt 0 view .LVU841
 3250 0008 89B1     		cbz	r1, .L241
 3251 000a 0846     		mov	r0, r1
 3252              	.LVL250:
 3253              		.loc 1 1562 6 view .LVU842
 3254 000c 1446     		mov	r4, r2
1563:Middlewares/Third_Party/FreeRTOS/Source/CMSIS_RTOS/cmsis_os.c ****     event.status = osErrorParameter;
1564:Middlewares/Third_Party/FreeRTOS/Source/CMSIS_RTOS/cmsis_os.c ****     return event;
1565:Middlewares/Third_Party/FreeRTOS/Source/CMSIS_RTOS/cmsis_os.c ****   }
1566:Middlewares/Third_Party/FreeRTOS/Source/CMSIS_RTOS/cmsis_os.c ****   
1567:Middlewares/Third_Party/FreeRTOS/Source/CMSIS_RTOS/cmsis_os.c ****   ticks = 0;
 3255              		.loc 1 1567 3 is_stmt 1 view .LVU843
 3256              	.LVL251:
1568:Middlewares/Third_Party/FreeRTOS/Source/CMSIS_RTOS/cmsis_os.c ****   if (millisec == osWaitForever) {
 3257              		.loc 1 1568 3 view .LVU844
1569:Middlewares/Third_Party/FreeRTOS/Source/CMSIS_RTOS/cmsis_os.c ****     ticks = portMAX_DELAY;
1570:Middlewares/Third_Party/FreeRTOS/Source/CMSIS_RTOS/cmsis_os.c ****   }
1571:Middlewares/Third_Party/FreeRTOS/Source/CMSIS_RTOS/cmsis_os.c ****   else if (millisec != 0) {
 3258              		.loc 1 1571 8 view .LVU845
1572:Middlewares/Third_Party/FreeRTOS/Source/CMSIS_RTOS/cmsis_os.c ****     ticks = millisec / portTICK_PERIOD_MS;
1573:Middlewares/Third_Party/FreeRTOS/Source/CMSIS_RTOS/cmsis_os.c ****     if (ticks == 0) {
1574:Middlewares/Third_Party/FreeRTOS/Source/CMSIS_RTOS/cmsis_os.c ****       ticks = 1;
1575:Middlewares/Third_Party/FreeRTOS/Source/CMSIS_RTOS/cmsis_os.c ****     }
1576:Middlewares/Third_Party/FreeRTOS/Source/CMSIS_RTOS/cmsis_os.c ****   }
1577:Middlewares/Third_Party/FreeRTOS/Source/CMSIS_RTOS/cmsis_os.c ****   
1578:Middlewares/Third_Party/FreeRTOS/Source/CMSIS_RTOS/cmsis_os.c ****   if (xQueuePeek(queue_id, &event.value.v, ticks) == pdTRUE) 
 3259              		.loc 1 1578 3 view .LVU846
 3260              		.loc 1 1578 7 is_stmt 0 view .LVU847
 3261 000e 02A9     		add	r1, sp, #8
 3262              	.LVL252:
 3263              		.loc 1 1578 7 view .LVU848
 3264 0010 FFF7FEFF 		bl	xQueuePeek
 3265              	.LVL253:
 3266              		.loc 1 1578 6 discriminator 1 view .LVU849
 3267 0014 0128     		cmp	r0, #1
 3268 0016 12D0     		beq	.L242
1579:Middlewares/Third_Party/FreeRTOS/Source/CMSIS_RTOS/cmsis_os.c ****   {
1580:Middlewares/Third_Party/FreeRTOS/Source/CMSIS_RTOS/cmsis_os.c ****     /* We have mail */
1581:Middlewares/Third_Party/FreeRTOS/Source/CMSIS_RTOS/cmsis_os.c ****     event.status = osEventMessage;
1582:Middlewares/Third_Party/FreeRTOS/Source/CMSIS_RTOS/cmsis_os.c ****   }
1583:Middlewares/Third_Party/FreeRTOS/Source/CMSIS_RTOS/cmsis_os.c ****   else 
1584:Middlewares/Third_Party/FreeRTOS/Source/CMSIS_RTOS/cmsis_os.c ****   {
1585:Middlewares/Third_Party/FreeRTOS/Source/CMSIS_RTOS/cmsis_os.c ****     event.status = (ticks == 0) ? osOK : osEventTimeout;
 3269              		.loc 1 1585 5 is_stmt 1 view .LVU850
 3270              		.loc 1 1585 40 is_stmt 0 view .LVU851
 3271 0018 04B1     		cbz	r4, .L238
 3272              		.loc 1 1585 40 discriminator 2 view .LVU852
 3273 001a 4024     		movs	r4, #64
 3274              	.LVL254:
 3275              	.L238:
 3276              		.loc 1 1585 18 discriminator 4 view .LVU853
 3277 001c 0194     		str	r4, [sp, #4]
ARM GAS  C:\Users\subdia\AppData\Local\Temp\cccoGacS.s 			page 95


 3278              	.L237:
1586:Middlewares/Third_Party/FreeRTOS/Source/CMSIS_RTOS/cmsis_os.c ****   }
1587:Middlewares/Third_Party/FreeRTOS/Source/CMSIS_RTOS/cmsis_os.c ****   
1588:Middlewares/Third_Party/FreeRTOS/Source/CMSIS_RTOS/cmsis_os.c ****   return event;
 3279              		.loc 1 1588 3 is_stmt 1 view .LVU854
 3280              		.loc 1 1588 10 is_stmt 0 view .LVU855
 3281 001e 04AB     		add	r3, sp, #16
 3282 0020 13E90700 		ldmdb	r3, {r0, r1, r2}
 3283 0024 85E80700 		stm	r5, {r0, r1, r2}
 3284              	.LVL255:
 3285              	.L233:
1589:Middlewares/Third_Party/FreeRTOS/Source/CMSIS_RTOS/cmsis_os.c **** }
 3286              		.loc 1 1589 1 view .LVU856
 3287 0028 2846     		mov	r0, r5
 3288 002a 05B0     		add	sp, sp, #20
 3289              	.LCFI80:
 3290              		.cfi_remember_state
 3291              		.cfi_def_cfa_offset 12
 3292              		@ sp needed
 3293 002c 30BD     		pop	{r4, r5, pc}
 3294              	.LVL256:
 3295              	.L241:
 3296              	.LCFI81:
 3297              		.cfi_restore_state
1563:Middlewares/Third_Party/FreeRTOS/Source/CMSIS_RTOS/cmsis_os.c ****     return event;
 3298              		.loc 1 1563 5 is_stmt 1 view .LVU857
1563:Middlewares/Third_Party/FreeRTOS/Source/CMSIS_RTOS/cmsis_os.c ****     return event;
 3299              		.loc 1 1563 18 is_stmt 0 view .LVU858
 3300 002e 8023     		movs	r3, #128
 3301 0030 0193     		str	r3, [sp, #4]
1564:Middlewares/Third_Party/FreeRTOS/Source/CMSIS_RTOS/cmsis_os.c ****   }
 3302              		.loc 1 1564 5 is_stmt 1 view .LVU859
1564:Middlewares/Third_Party/FreeRTOS/Source/CMSIS_RTOS/cmsis_os.c ****   }
 3303              		.loc 1 1564 12 is_stmt 0 view .LVU860
 3304 0032 04AB     		add	r3, sp, #16
 3305 0034 13E90700 		ldmdb	r3, {r0, r1, r2}
 3306              	.LVL257:
1564:Middlewares/Third_Party/FreeRTOS/Source/CMSIS_RTOS/cmsis_os.c ****   }
 3307              		.loc 1 1564 12 view .LVU861
 3308 0038 85E80700 		stm	r5, {r0, r1, r2}
 3309 003c F4E7     		b	.L233
 3310              	.LVL258:
 3311              	.L242:
1581:Middlewares/Third_Party/FreeRTOS/Source/CMSIS_RTOS/cmsis_os.c ****   }
 3312              		.loc 1 1581 5 is_stmt 1 view .LVU862
1581:Middlewares/Third_Party/FreeRTOS/Source/CMSIS_RTOS/cmsis_os.c ****   }
 3313              		.loc 1 1581 18 is_stmt 0 view .LVU863
 3314 003e 1023     		movs	r3, #16
 3315 0040 0193     		str	r3, [sp, #4]
 3316 0042 ECE7     		b	.L237
 3317              		.cfi_endproc
 3318              	.LFE97:
 3320              		.section	.text.osMessageWaiting,"ax",%progbits
 3321              		.align	1
 3322              		.global	osMessageWaiting
 3323              		.syntax unified
 3324              		.thumb
ARM GAS  C:\Users\subdia\AppData\Local\Temp\cccoGacS.s 			page 96


 3325              		.thumb_func
 3327              	osMessageWaiting:
 3328              	.LVL259:
 3329              	.LFB98:
1590:Middlewares/Third_Party/FreeRTOS/Source/CMSIS_RTOS/cmsis_os.c **** 
1591:Middlewares/Third_Party/FreeRTOS/Source/CMSIS_RTOS/cmsis_os.c **** /**
1592:Middlewares/Third_Party/FreeRTOS/Source/CMSIS_RTOS/cmsis_os.c **** * @brief  Get the number of messaged stored in a queue.
1593:Middlewares/Third_Party/FreeRTOS/Source/CMSIS_RTOS/cmsis_os.c **** * @param  queue_id  message queue ID obtained with \ref osMessageCreate.
1594:Middlewares/Third_Party/FreeRTOS/Source/CMSIS_RTOS/cmsis_os.c **** * @retval number of messages stored in a queue.
1595:Middlewares/Third_Party/FreeRTOS/Source/CMSIS_RTOS/cmsis_os.c **** */
1596:Middlewares/Third_Party/FreeRTOS/Source/CMSIS_RTOS/cmsis_os.c **** uint32_t osMessageWaiting(osMessageQId queue_id)
1597:Middlewares/Third_Party/FreeRTOS/Source/CMSIS_RTOS/cmsis_os.c **** {
 3330              		.loc 1 1597 1 is_stmt 1 view -0
 3331              		.cfi_startproc
 3332              		@ args = 0, pretend = 0, frame = 0
 3333              		@ frame_needed = 0, uses_anonymous_args = 0
 3334              		.loc 1 1597 1 is_stmt 0 view .LVU865
 3335 0000 10B5     		push	{r4, lr}
 3336              	.LCFI82:
 3337              		.cfi_def_cfa_offset 8
 3338              		.cfi_offset 4, -8
 3339              		.cfi_offset 14, -4
 3340 0002 0446     		mov	r4, r0
1598:Middlewares/Third_Party/FreeRTOS/Source/CMSIS_RTOS/cmsis_os.c ****   if (inHandlerMode()) {
 3341              		.loc 1 1598 3 is_stmt 1 view .LVU866
 3342              		.loc 1 1598 7 is_stmt 0 view .LVU867
 3343 0004 FFF7FEFF 		bl	inHandlerMode
 3344              	.LVL260:
 3345              		.loc 1 1598 6 discriminator 1 view .LVU868
 3346 0008 18B1     		cbz	r0, .L244
1599:Middlewares/Third_Party/FreeRTOS/Source/CMSIS_RTOS/cmsis_os.c ****     return uxQueueMessagesWaitingFromISR(queue_id);
 3347              		.loc 1 1599 5 is_stmt 1 view .LVU869
 3348              		.loc 1 1599 12 is_stmt 0 view .LVU870
 3349 000a 2046     		mov	r0, r4
 3350 000c FFF7FEFF 		bl	uxQueueMessagesWaitingFromISR
 3351              	.LVL261:
 3352              	.L243:
1600:Middlewares/Third_Party/FreeRTOS/Source/CMSIS_RTOS/cmsis_os.c ****   }
1601:Middlewares/Third_Party/FreeRTOS/Source/CMSIS_RTOS/cmsis_os.c ****   else
1602:Middlewares/Third_Party/FreeRTOS/Source/CMSIS_RTOS/cmsis_os.c ****   {
1603:Middlewares/Third_Party/FreeRTOS/Source/CMSIS_RTOS/cmsis_os.c ****     return uxQueueMessagesWaiting(queue_id);
1604:Middlewares/Third_Party/FreeRTOS/Source/CMSIS_RTOS/cmsis_os.c ****   }
1605:Middlewares/Third_Party/FreeRTOS/Source/CMSIS_RTOS/cmsis_os.c **** }
 3353              		.loc 1 1605 1 view .LVU871
 3354 0010 10BD     		pop	{r4, pc}
 3355              	.LVL262:
 3356              	.L244:
1603:Middlewares/Third_Party/FreeRTOS/Source/CMSIS_RTOS/cmsis_os.c ****   }
 3357              		.loc 1 1603 5 is_stmt 1 view .LVU872
1603:Middlewares/Third_Party/FreeRTOS/Source/CMSIS_RTOS/cmsis_os.c ****   }
 3358              		.loc 1 1603 12 is_stmt 0 view .LVU873
 3359 0012 2046     		mov	r0, r4
 3360 0014 FFF7FEFF 		bl	uxQueueMessagesWaiting
 3361              	.LVL263:
 3362 0018 FAE7     		b	.L243
 3363              		.cfi_endproc
 3364              	.LFE98:
ARM GAS  C:\Users\subdia\AppData\Local\Temp\cccoGacS.s 			page 97


 3366              		.section	.text.osMessageAvailableSpace,"ax",%progbits
 3367              		.align	1
 3368              		.global	osMessageAvailableSpace
 3369              		.syntax unified
 3370              		.thumb
 3371              		.thumb_func
 3373              	osMessageAvailableSpace:
 3374              	.LVL264:
 3375              	.LFB99:
1606:Middlewares/Third_Party/FreeRTOS/Source/CMSIS_RTOS/cmsis_os.c **** 
1607:Middlewares/Third_Party/FreeRTOS/Source/CMSIS_RTOS/cmsis_os.c **** /**
1608:Middlewares/Third_Party/FreeRTOS/Source/CMSIS_RTOS/cmsis_os.c **** * @brief  Get the available space in a message queue.
1609:Middlewares/Third_Party/FreeRTOS/Source/CMSIS_RTOS/cmsis_os.c **** * @param  queue_id  message queue ID obtained with \ref osMessageCreate.
1610:Middlewares/Third_Party/FreeRTOS/Source/CMSIS_RTOS/cmsis_os.c **** * @retval available space in a message queue.
1611:Middlewares/Third_Party/FreeRTOS/Source/CMSIS_RTOS/cmsis_os.c **** */
1612:Middlewares/Third_Party/FreeRTOS/Source/CMSIS_RTOS/cmsis_os.c **** uint32_t osMessageAvailableSpace(osMessageQId queue_id)  
1613:Middlewares/Third_Party/FreeRTOS/Source/CMSIS_RTOS/cmsis_os.c **** {
 3376              		.loc 1 1613 1 is_stmt 1 view -0
 3377              		.cfi_startproc
 3378              		@ args = 0, pretend = 0, frame = 0
 3379              		@ frame_needed = 0, uses_anonymous_args = 0
 3380              		.loc 1 1613 1 is_stmt 0 view .LVU875
 3381 0000 08B5     		push	{r3, lr}
 3382              	.LCFI83:
 3383              		.cfi_def_cfa_offset 8
 3384              		.cfi_offset 3, -8
 3385              		.cfi_offset 14, -4
1614:Middlewares/Third_Party/FreeRTOS/Source/CMSIS_RTOS/cmsis_os.c ****   return uxQueueSpacesAvailable(queue_id);
 3386              		.loc 1 1614 3 is_stmt 1 view .LVU876
 3387              		.loc 1 1614 10 is_stmt 0 view .LVU877
 3388 0002 FFF7FEFF 		bl	uxQueueSpacesAvailable
 3389              	.LVL265:
1615:Middlewares/Third_Party/FreeRTOS/Source/CMSIS_RTOS/cmsis_os.c **** }
 3390              		.loc 1 1615 1 view .LVU878
 3391 0006 08BD     		pop	{r3, pc}
 3392              		.cfi_endproc
 3393              	.LFE99:
 3395              		.section	.text.osMessageDelete,"ax",%progbits
 3396              		.align	1
 3397              		.global	osMessageDelete
 3398              		.syntax unified
 3399              		.thumb
 3400              		.thumb_func
 3402              	osMessageDelete:
 3403              	.LVL266:
 3404              	.LFB100:
1616:Middlewares/Third_Party/FreeRTOS/Source/CMSIS_RTOS/cmsis_os.c **** 
1617:Middlewares/Third_Party/FreeRTOS/Source/CMSIS_RTOS/cmsis_os.c **** /**
1618:Middlewares/Third_Party/FreeRTOS/Source/CMSIS_RTOS/cmsis_os.c **** * @brief Delete a Message Queue
1619:Middlewares/Third_Party/FreeRTOS/Source/CMSIS_RTOS/cmsis_os.c **** * @param  queue_id  message queue ID obtained with \ref osMessageCreate.
1620:Middlewares/Third_Party/FreeRTOS/Source/CMSIS_RTOS/cmsis_os.c **** * @retval  status code that indicates the execution status of the function.
1621:Middlewares/Third_Party/FreeRTOS/Source/CMSIS_RTOS/cmsis_os.c **** */
1622:Middlewares/Third_Party/FreeRTOS/Source/CMSIS_RTOS/cmsis_os.c **** osStatus osMessageDelete (osMessageQId queue_id)
1623:Middlewares/Third_Party/FreeRTOS/Source/CMSIS_RTOS/cmsis_os.c **** {
 3405              		.loc 1 1623 1 is_stmt 1 view -0
 3406              		.cfi_startproc
 3407              		@ args = 0, pretend = 0, frame = 0
ARM GAS  C:\Users\subdia\AppData\Local\Temp\cccoGacS.s 			page 98


 3408              		@ frame_needed = 0, uses_anonymous_args = 0
 3409              		.loc 1 1623 1 is_stmt 0 view .LVU880
 3410 0000 10B5     		push	{r4, lr}
 3411              	.LCFI84:
 3412              		.cfi_def_cfa_offset 8
 3413              		.cfi_offset 4, -8
 3414              		.cfi_offset 14, -4
 3415 0002 0446     		mov	r4, r0
1624:Middlewares/Third_Party/FreeRTOS/Source/CMSIS_RTOS/cmsis_os.c ****   if (inHandlerMode()) {
 3416              		.loc 1 1624 3 is_stmt 1 view .LVU881
 3417              		.loc 1 1624 7 is_stmt 0 view .LVU882
 3418 0004 FFF7FEFF 		bl	inHandlerMode
 3419              	.LVL267:
 3420              		.loc 1 1624 6 discriminator 1 view .LVU883
 3421 0008 20B9     		cbnz	r0, .L251
1625:Middlewares/Third_Party/FreeRTOS/Source/CMSIS_RTOS/cmsis_os.c ****     return osErrorISR;
1626:Middlewares/Third_Party/FreeRTOS/Source/CMSIS_RTOS/cmsis_os.c ****   }
1627:Middlewares/Third_Party/FreeRTOS/Source/CMSIS_RTOS/cmsis_os.c **** 
1628:Middlewares/Third_Party/FreeRTOS/Source/CMSIS_RTOS/cmsis_os.c ****   vQueueDelete(queue_id);
 3422              		.loc 1 1628 3 is_stmt 1 view .LVU884
 3423 000a 2046     		mov	r0, r4
 3424 000c FFF7FEFF 		bl	vQueueDelete
 3425              	.LVL268:
1629:Middlewares/Third_Party/FreeRTOS/Source/CMSIS_RTOS/cmsis_os.c **** 
1630:Middlewares/Third_Party/FreeRTOS/Source/CMSIS_RTOS/cmsis_os.c ****   return osOK; 
 3426              		.loc 1 1630 3 view .LVU885
 3427              		.loc 1 1630 10 is_stmt 0 view .LVU886
 3428 0010 0020     		movs	r0, #0
 3429              	.L249:
1631:Middlewares/Third_Party/FreeRTOS/Source/CMSIS_RTOS/cmsis_os.c **** }
 3430              		.loc 1 1631 1 view .LVU887
 3431 0012 10BD     		pop	{r4, pc}
 3432              	.LVL269:
 3433              	.L251:
1625:Middlewares/Third_Party/FreeRTOS/Source/CMSIS_RTOS/cmsis_os.c ****     return osErrorISR;
 3434              		.loc 1 1625 12 view .LVU888
 3435 0014 8220     		movs	r0, #130
 3436 0016 FCE7     		b	.L249
 3437              		.cfi_endproc
 3438              	.LFE100:
 3440              		.section	.text.osRecursiveMutexCreate,"ax",%progbits
 3441              		.align	1
 3442              		.global	osRecursiveMutexCreate
 3443              		.syntax unified
 3444              		.thumb
 3445              		.thumb_func
 3447              	osRecursiveMutexCreate:
 3448              	.LVL270:
 3449              	.LFB101:
1632:Middlewares/Third_Party/FreeRTOS/Source/CMSIS_RTOS/cmsis_os.c **** 
1633:Middlewares/Third_Party/FreeRTOS/Source/CMSIS_RTOS/cmsis_os.c **** /**
1634:Middlewares/Third_Party/FreeRTOS/Source/CMSIS_RTOS/cmsis_os.c **** * @brief  Create and Initialize a Recursive Mutex
1635:Middlewares/Third_Party/FreeRTOS/Source/CMSIS_RTOS/cmsis_os.c **** * @param  mutex_def     mutex definition referenced with \ref osMutex.
1636:Middlewares/Third_Party/FreeRTOS/Source/CMSIS_RTOS/cmsis_os.c **** * @retval  mutex ID for reference by other functions or NULL in case of error..
1637:Middlewares/Third_Party/FreeRTOS/Source/CMSIS_RTOS/cmsis_os.c **** */
1638:Middlewares/Third_Party/FreeRTOS/Source/CMSIS_RTOS/cmsis_os.c **** osMutexId osRecursiveMutexCreate (const osMutexDef_t *mutex_def)
1639:Middlewares/Third_Party/FreeRTOS/Source/CMSIS_RTOS/cmsis_os.c **** {
ARM GAS  C:\Users\subdia\AppData\Local\Temp\cccoGacS.s 			page 99


 3450              		.loc 1 1639 1 is_stmt 1 view -0
 3451              		.cfi_startproc
 3452              		@ args = 0, pretend = 0, frame = 0
 3453              		@ frame_needed = 0, uses_anonymous_args = 0
 3454              		@ link register save eliminated.
1640:Middlewares/Third_Party/FreeRTOS/Source/CMSIS_RTOS/cmsis_os.c **** #if (configUSE_RECURSIVE_MUTEXES == 1)
1641:Middlewares/Third_Party/FreeRTOS/Source/CMSIS_RTOS/cmsis_os.c **** #if( configSUPPORT_STATIC_ALLOCATION == 1 ) && ( configSUPPORT_DYNAMIC_ALLOCATION == 1 )
1642:Middlewares/Third_Party/FreeRTOS/Source/CMSIS_RTOS/cmsis_os.c **** 
1643:Middlewares/Third_Party/FreeRTOS/Source/CMSIS_RTOS/cmsis_os.c ****   if (mutex_def->controlblock != NULL){
1644:Middlewares/Third_Party/FreeRTOS/Source/CMSIS_RTOS/cmsis_os.c ****     return xSemaphoreCreateRecursiveMutexStatic( mutex_def->controlblock );
1645:Middlewares/Third_Party/FreeRTOS/Source/CMSIS_RTOS/cmsis_os.c ****   }
1646:Middlewares/Third_Party/FreeRTOS/Source/CMSIS_RTOS/cmsis_os.c ****   else {
1647:Middlewares/Third_Party/FreeRTOS/Source/CMSIS_RTOS/cmsis_os.c ****     return xSemaphoreCreateRecursiveMutex();
1648:Middlewares/Third_Party/FreeRTOS/Source/CMSIS_RTOS/cmsis_os.c ****   }
1649:Middlewares/Third_Party/FreeRTOS/Source/CMSIS_RTOS/cmsis_os.c **** #elif ( configSUPPORT_STATIC_ALLOCATION == 1 )
1650:Middlewares/Third_Party/FreeRTOS/Source/CMSIS_RTOS/cmsis_os.c ****   return xSemaphoreCreateRecursiveMutexStatic( mutex_def->controlblock );
1651:Middlewares/Third_Party/FreeRTOS/Source/CMSIS_RTOS/cmsis_os.c **** #else 
1652:Middlewares/Third_Party/FreeRTOS/Source/CMSIS_RTOS/cmsis_os.c ****   return xSemaphoreCreateRecursiveMutex();
1653:Middlewares/Third_Party/FreeRTOS/Source/CMSIS_RTOS/cmsis_os.c **** #endif
1654:Middlewares/Third_Party/FreeRTOS/Source/CMSIS_RTOS/cmsis_os.c **** #else
1655:Middlewares/Third_Party/FreeRTOS/Source/CMSIS_RTOS/cmsis_os.c ****   return NULL;
 3455              		.loc 1 1655 3 view .LVU890
1656:Middlewares/Third_Party/FreeRTOS/Source/CMSIS_RTOS/cmsis_os.c **** #endif	
1657:Middlewares/Third_Party/FreeRTOS/Source/CMSIS_RTOS/cmsis_os.c **** }
 3456              		.loc 1 1657 1 is_stmt 0 view .LVU891
 3457 0000 0020     		movs	r0, #0
 3458              	.LVL271:
 3459              		.loc 1 1657 1 view .LVU892
 3460 0002 7047     		bx	lr
 3461              		.cfi_endproc
 3462              	.LFE101:
 3464              		.section	.text.osRecursiveMutexRelease,"ax",%progbits
 3465              		.align	1
 3466              		.global	osRecursiveMutexRelease
 3467              		.syntax unified
 3468              		.thumb
 3469              		.thumb_func
 3471              	osRecursiveMutexRelease:
 3472              	.LVL272:
 3473              	.LFB102:
1658:Middlewares/Third_Party/FreeRTOS/Source/CMSIS_RTOS/cmsis_os.c **** 
1659:Middlewares/Third_Party/FreeRTOS/Source/CMSIS_RTOS/cmsis_os.c **** /**
1660:Middlewares/Third_Party/FreeRTOS/Source/CMSIS_RTOS/cmsis_os.c **** * @brief  Release a Recursive Mutex
1661:Middlewares/Third_Party/FreeRTOS/Source/CMSIS_RTOS/cmsis_os.c **** * @param   mutex_id      mutex ID obtained by \ref osRecursiveMutexCreate.
1662:Middlewares/Third_Party/FreeRTOS/Source/CMSIS_RTOS/cmsis_os.c **** * @retval  status code that indicates the execution status of the function.
1663:Middlewares/Third_Party/FreeRTOS/Source/CMSIS_RTOS/cmsis_os.c **** */
1664:Middlewares/Third_Party/FreeRTOS/Source/CMSIS_RTOS/cmsis_os.c **** osStatus osRecursiveMutexRelease (osMutexId mutex_id)
1665:Middlewares/Third_Party/FreeRTOS/Source/CMSIS_RTOS/cmsis_os.c **** {
 3474              		.loc 1 1665 1 is_stmt 1 view -0
 3475              		.cfi_startproc
 3476              		@ args = 0, pretend = 0, frame = 0
 3477              		@ frame_needed = 0, uses_anonymous_args = 0
 3478              		@ link register save eliminated.
1666:Middlewares/Third_Party/FreeRTOS/Source/CMSIS_RTOS/cmsis_os.c **** #if (configUSE_RECURSIVE_MUTEXES == 1)
1667:Middlewares/Third_Party/FreeRTOS/Source/CMSIS_RTOS/cmsis_os.c ****   osStatus result = osOK;
1668:Middlewares/Third_Party/FreeRTOS/Source/CMSIS_RTOS/cmsis_os.c ****  
1669:Middlewares/Third_Party/FreeRTOS/Source/CMSIS_RTOS/cmsis_os.c ****   if (xSemaphoreGiveRecursive(mutex_id) != pdTRUE) 
ARM GAS  C:\Users\subdia\AppData\Local\Temp\cccoGacS.s 			page 100


1670:Middlewares/Third_Party/FreeRTOS/Source/CMSIS_RTOS/cmsis_os.c ****   {
1671:Middlewares/Third_Party/FreeRTOS/Source/CMSIS_RTOS/cmsis_os.c ****     result = osErrorOS;
1672:Middlewares/Third_Party/FreeRTOS/Source/CMSIS_RTOS/cmsis_os.c ****   }
1673:Middlewares/Third_Party/FreeRTOS/Source/CMSIS_RTOS/cmsis_os.c ****   return result;
1674:Middlewares/Third_Party/FreeRTOS/Source/CMSIS_RTOS/cmsis_os.c **** #else
1675:Middlewares/Third_Party/FreeRTOS/Source/CMSIS_RTOS/cmsis_os.c **** 	return osErrorResource;
 3479              		.loc 1 1675 2 view .LVU894
1676:Middlewares/Third_Party/FreeRTOS/Source/CMSIS_RTOS/cmsis_os.c **** #endif
1677:Middlewares/Third_Party/FreeRTOS/Source/CMSIS_RTOS/cmsis_os.c **** }
 3480              		.loc 1 1677 1 is_stmt 0 view .LVU895
 3481 0000 8120     		movs	r0, #129
 3482              	.LVL273:
 3483              		.loc 1 1677 1 view .LVU896
 3484 0002 7047     		bx	lr
 3485              		.cfi_endproc
 3486              	.LFE102:
 3488              		.section	.text.osRecursiveMutexWait,"ax",%progbits
 3489              		.align	1
 3490              		.global	osRecursiveMutexWait
 3491              		.syntax unified
 3492              		.thumb
 3493              		.thumb_func
 3495              	osRecursiveMutexWait:
 3496              	.LVL274:
 3497              	.LFB103:
1678:Middlewares/Third_Party/FreeRTOS/Source/CMSIS_RTOS/cmsis_os.c **** 
1679:Middlewares/Third_Party/FreeRTOS/Source/CMSIS_RTOS/cmsis_os.c **** /**
1680:Middlewares/Third_Party/FreeRTOS/Source/CMSIS_RTOS/cmsis_os.c **** * @brief  Release a Recursive Mutex
1681:Middlewares/Third_Party/FreeRTOS/Source/CMSIS_RTOS/cmsis_os.c **** * @param   mutex_id    mutex ID obtained by \ref osRecursiveMutexCreate.
1682:Middlewares/Third_Party/FreeRTOS/Source/CMSIS_RTOS/cmsis_os.c **** * @param millisec      timeout value or 0 in case of no time-out.
1683:Middlewares/Third_Party/FreeRTOS/Source/CMSIS_RTOS/cmsis_os.c **** * @retval  status code that indicates the execution status of the function.
1684:Middlewares/Third_Party/FreeRTOS/Source/CMSIS_RTOS/cmsis_os.c **** */
1685:Middlewares/Third_Party/FreeRTOS/Source/CMSIS_RTOS/cmsis_os.c **** osStatus osRecursiveMutexWait (osMutexId mutex_id, uint32_t millisec)
1686:Middlewares/Third_Party/FreeRTOS/Source/CMSIS_RTOS/cmsis_os.c **** {
 3498              		.loc 1 1686 1 is_stmt 1 view -0
 3499              		.cfi_startproc
 3500              		@ args = 0, pretend = 0, frame = 0
 3501              		@ frame_needed = 0, uses_anonymous_args = 0
 3502              		@ link register save eliminated.
1687:Middlewares/Third_Party/FreeRTOS/Source/CMSIS_RTOS/cmsis_os.c **** #if (configUSE_RECURSIVE_MUTEXES == 1)
1688:Middlewares/Third_Party/FreeRTOS/Source/CMSIS_RTOS/cmsis_os.c ****   TickType_t ticks;
1689:Middlewares/Third_Party/FreeRTOS/Source/CMSIS_RTOS/cmsis_os.c ****   
1690:Middlewares/Third_Party/FreeRTOS/Source/CMSIS_RTOS/cmsis_os.c ****   if (mutex_id == NULL)
1691:Middlewares/Third_Party/FreeRTOS/Source/CMSIS_RTOS/cmsis_os.c ****   {
1692:Middlewares/Third_Party/FreeRTOS/Source/CMSIS_RTOS/cmsis_os.c ****     return osErrorParameter;
1693:Middlewares/Third_Party/FreeRTOS/Source/CMSIS_RTOS/cmsis_os.c ****   }
1694:Middlewares/Third_Party/FreeRTOS/Source/CMSIS_RTOS/cmsis_os.c ****   
1695:Middlewares/Third_Party/FreeRTOS/Source/CMSIS_RTOS/cmsis_os.c ****   ticks = 0;
1696:Middlewares/Third_Party/FreeRTOS/Source/CMSIS_RTOS/cmsis_os.c ****   if (millisec == osWaitForever) 
1697:Middlewares/Third_Party/FreeRTOS/Source/CMSIS_RTOS/cmsis_os.c ****   {
1698:Middlewares/Third_Party/FreeRTOS/Source/CMSIS_RTOS/cmsis_os.c ****     ticks = portMAX_DELAY;
1699:Middlewares/Third_Party/FreeRTOS/Source/CMSIS_RTOS/cmsis_os.c ****   }
1700:Middlewares/Third_Party/FreeRTOS/Source/CMSIS_RTOS/cmsis_os.c ****   else if (millisec != 0) 
1701:Middlewares/Third_Party/FreeRTOS/Source/CMSIS_RTOS/cmsis_os.c ****   {
1702:Middlewares/Third_Party/FreeRTOS/Source/CMSIS_RTOS/cmsis_os.c ****     ticks = millisec / portTICK_PERIOD_MS;
1703:Middlewares/Third_Party/FreeRTOS/Source/CMSIS_RTOS/cmsis_os.c ****     if (ticks == 0) 
1704:Middlewares/Third_Party/FreeRTOS/Source/CMSIS_RTOS/cmsis_os.c ****     {
ARM GAS  C:\Users\subdia\AppData\Local\Temp\cccoGacS.s 			page 101


1705:Middlewares/Third_Party/FreeRTOS/Source/CMSIS_RTOS/cmsis_os.c ****       ticks = 1;
1706:Middlewares/Third_Party/FreeRTOS/Source/CMSIS_RTOS/cmsis_os.c ****     }
1707:Middlewares/Third_Party/FreeRTOS/Source/CMSIS_RTOS/cmsis_os.c ****   }
1708:Middlewares/Third_Party/FreeRTOS/Source/CMSIS_RTOS/cmsis_os.c ****   
1709:Middlewares/Third_Party/FreeRTOS/Source/CMSIS_RTOS/cmsis_os.c ****   if (xSemaphoreTakeRecursive(mutex_id, ticks) != pdTRUE) 
1710:Middlewares/Third_Party/FreeRTOS/Source/CMSIS_RTOS/cmsis_os.c ****   {
1711:Middlewares/Third_Party/FreeRTOS/Source/CMSIS_RTOS/cmsis_os.c ****     return osErrorOS;
1712:Middlewares/Third_Party/FreeRTOS/Source/CMSIS_RTOS/cmsis_os.c ****   }
1713:Middlewares/Third_Party/FreeRTOS/Source/CMSIS_RTOS/cmsis_os.c ****   return osOK;
1714:Middlewares/Third_Party/FreeRTOS/Source/CMSIS_RTOS/cmsis_os.c **** #else
1715:Middlewares/Third_Party/FreeRTOS/Source/CMSIS_RTOS/cmsis_os.c **** 	return osErrorResource;
 3503              		.loc 1 1715 2 view .LVU898
1716:Middlewares/Third_Party/FreeRTOS/Source/CMSIS_RTOS/cmsis_os.c **** #endif
1717:Middlewares/Third_Party/FreeRTOS/Source/CMSIS_RTOS/cmsis_os.c **** }
 3504              		.loc 1 1717 1 is_stmt 0 view .LVU899
 3505 0000 8120     		movs	r0, #129
 3506              	.LVL275:
 3507              		.loc 1 1717 1 view .LVU900
 3508 0002 7047     		bx	lr
 3509              		.cfi_endproc
 3510              	.LFE103:
 3512              		.section	.text.osSemaphoreGetCount,"ax",%progbits
 3513              		.align	1
 3514              		.global	osSemaphoreGetCount
 3515              		.syntax unified
 3516              		.thumb
 3517              		.thumb_func
 3519              	osSemaphoreGetCount:
 3520              	.LVL276:
 3521              	.LFB104:
1718:Middlewares/Third_Party/FreeRTOS/Source/CMSIS_RTOS/cmsis_os.c **** 
1719:Middlewares/Third_Party/FreeRTOS/Source/CMSIS_RTOS/cmsis_os.c **** /**
1720:Middlewares/Third_Party/FreeRTOS/Source/CMSIS_RTOS/cmsis_os.c **** * @brief  Returns the current count value of a counting semaphore
1721:Middlewares/Third_Party/FreeRTOS/Source/CMSIS_RTOS/cmsis_os.c **** * @param  semaphore_id  semaphore_id ID obtained by \ref osSemaphoreCreate.
1722:Middlewares/Third_Party/FreeRTOS/Source/CMSIS_RTOS/cmsis_os.c **** * @retval  count value
1723:Middlewares/Third_Party/FreeRTOS/Source/CMSIS_RTOS/cmsis_os.c **** */
1724:Middlewares/Third_Party/FreeRTOS/Source/CMSIS_RTOS/cmsis_os.c **** uint32_t osSemaphoreGetCount(osSemaphoreId semaphore_id)
1725:Middlewares/Third_Party/FreeRTOS/Source/CMSIS_RTOS/cmsis_os.c **** {
 3522              		.loc 1 1725 1 is_stmt 1 view -0
 3523              		.cfi_startproc
 3524              		@ args = 0, pretend = 0, frame = 0
 3525              		@ frame_needed = 0, uses_anonymous_args = 0
 3526              		.loc 1 1725 1 is_stmt 0 view .LVU902
 3527 0000 08B5     		push	{r3, lr}
 3528              	.LCFI85:
 3529              		.cfi_def_cfa_offset 8
 3530              		.cfi_offset 3, -8
 3531              		.cfi_offset 14, -4
1726:Middlewares/Third_Party/FreeRTOS/Source/CMSIS_RTOS/cmsis_os.c ****   return uxSemaphoreGetCount(semaphore_id);
 3532              		.loc 1 1726 3 is_stmt 1 view .LVU903
 3533              		.loc 1 1726 10 is_stmt 0 view .LVU904
 3534 0002 FFF7FEFF 		bl	uxQueueMessagesWaiting
 3535              	.LVL277:
1727:Middlewares/Third_Party/FreeRTOS/Source/CMSIS_RTOS/cmsis_os.c **** }
 3536              		.loc 1 1727 1 view .LVU905
 3537 0006 08BD     		pop	{r3, pc}
 3538              		.cfi_endproc
ARM GAS  C:\Users\subdia\AppData\Local\Temp\cccoGacS.s 			page 102


 3539              	.LFE104:
 3541              		.text
 3542              	.Letext0:
 3543              		.file 4 "C:/GNUArmToolchain/arm-none-eabi-gcc-15.2.1/lib/gcc/arm-none-eabi/15.2.1/include/stddef.h
 3544              		.file 5 "C:/GNUArmToolchain/arm-none-eabi-gcc-15.2.1/arm-none-eabi/include/machine/_default_types.
 3545              		.file 6 "C:/GNUArmToolchain/arm-none-eabi-gcc-15.2.1/arm-none-eabi/include/sys/_stdint.h"
 3546              		.file 7 "Middlewares/Third_Party/FreeRTOS/Source/include/projdefs.h"
 3547              		.file 8 "Middlewares/Third_Party/FreeRTOS/Source/include/FreeRTOS.h"
 3548              		.file 9 "Middlewares/Third_Party/FreeRTOS/Source/include/task.h"
 3549              		.file 10 "Middlewares/Third_Party/FreeRTOS/Source/include/timers.h"
 3550              		.file 11 "Middlewares/Third_Party/FreeRTOS/Source/include/queue.h"
 3551              		.file 12 "Middlewares/Third_Party/FreeRTOS/Source/include/semphr.h"
 3552              		.file 13 "Middlewares/Third_Party/FreeRTOS/Source/CMSIS_RTOS/cmsis_os.h"
 3553              		.file 14 "C:/GNUArmToolchain/arm-none-eabi-gcc-15.2.1/arm-none-eabi/include/string.h"
 3554              		.file 15 "Middlewares/Third_Party/FreeRTOS/Source/include/portable.h"
ARM GAS  C:\Users\subdia\AppData\Local\Temp\cccoGacS.s 			page 103


DEFINED SYMBOLS
                            *ABS*:00000000 cmsis_os.c
C:\Users\subdia\AppData\Local\Temp\cccoGacS.s:19     .text.makeFreeRtosPriority:00000000 $t
C:\Users\subdia\AppData\Local\Temp\cccoGacS.s:24     .text.makeFreeRtosPriority:00000000 makeFreeRtosPriority
C:\Users\subdia\AppData\Local\Temp\cccoGacS.s:55     .text.makeCmsisPriority:00000000 $t
C:\Users\subdia\AppData\Local\Temp\cccoGacS.s:60     .text.makeCmsisPriority:00000000 makeCmsisPriority
C:\Users\subdia\AppData\Local\Temp\cccoGacS.s:94     .text.inHandlerMode:00000000 $t
C:\Users\subdia\AppData\Local\Temp\cccoGacS.s:99     .text.inHandlerMode:00000000 inHandlerMode
C:\Users\subdia\AppData\Local\Temp\cccoGacS.s:132    .text.osKernelStart:00000000 $t
C:\Users\subdia\AppData\Local\Temp\cccoGacS.s:138    .text.osKernelStart:00000000 osKernelStart
C:\Users\subdia\AppData\Local\Temp\cccoGacS.s:160    .text.osKernelRunning:00000000 $t
C:\Users\subdia\AppData\Local\Temp\cccoGacS.s:166    .text.osKernelRunning:00000000 osKernelRunning
C:\Users\subdia\AppData\Local\Temp\cccoGacS.s:197    .text.osKernelSysTick:00000000 $t
C:\Users\subdia\AppData\Local\Temp\cccoGacS.s:203    .text.osKernelSysTick:00000000 osKernelSysTick
C:\Users\subdia\AppData\Local\Temp\cccoGacS.s:237    .text.osThreadCreate:00000000 $t
C:\Users\subdia\AppData\Local\Temp\cccoGacS.s:243    .text.osThreadCreate:00000000 osThreadCreate
C:\Users\subdia\AppData\Local\Temp\cccoGacS.s:351    .text.osThreadGetId:00000000 $t
C:\Users\subdia\AppData\Local\Temp\cccoGacS.s:357    .text.osThreadGetId:00000000 osThreadGetId
C:\Users\subdia\AppData\Local\Temp\cccoGacS.s:378    .text.osThreadTerminate:00000000 $t
C:\Users\subdia\AppData\Local\Temp\cccoGacS.s:384    .text.osThreadTerminate:00000000 osThreadTerminate
C:\Users\subdia\AppData\Local\Temp\cccoGacS.s:408    .text.osThreadYield:00000000 $t
C:\Users\subdia\AppData\Local\Temp\cccoGacS.s:414    .text.osThreadYield:00000000 osThreadYield
C:\Users\subdia\AppData\Local\Temp\cccoGacS.s:445    .text.osThreadSetPriority:00000000 $t
C:\Users\subdia\AppData\Local\Temp\cccoGacS.s:451    .text.osThreadSetPriority:00000000 osThreadSetPriority
C:\Users\subdia\AppData\Local\Temp\cccoGacS.s:487    .text.osThreadGetPriority:00000000 $t
C:\Users\subdia\AppData\Local\Temp\cccoGacS.s:493    .text.osThreadGetPriority:00000000 osThreadGetPriority
C:\Users\subdia\AppData\Local\Temp\cccoGacS.s:540    .text.osDelay:00000000 $t
C:\Users\subdia\AppData\Local\Temp\cccoGacS.s:546    .text.osDelay:00000000 osDelay
C:\Users\subdia\AppData\Local\Temp\cccoGacS.s:578    .text.osTimerCreate:00000000 $t
C:\Users\subdia\AppData\Local\Temp\cccoGacS.s:584    .text.osTimerCreate:00000000 osTimerCreate
C:\Users\subdia\AppData\Local\Temp\cccoGacS.s:602    .text.osTimerStart:00000000 $t
C:\Users\subdia\AppData\Local\Temp\cccoGacS.s:608    .text.osTimerStart:00000000 osTimerStart
C:\Users\subdia\AppData\Local\Temp\cccoGacS.s:628    .text.osTimerStop:00000000 $t
C:\Users\subdia\AppData\Local\Temp\cccoGacS.s:634    .text.osTimerStop:00000000 osTimerStop
C:\Users\subdia\AppData\Local\Temp\cccoGacS.s:654    .text.osTimerDelete:00000000 $t
C:\Users\subdia\AppData\Local\Temp\cccoGacS.s:660    .text.osTimerDelete:00000000 osTimerDelete
C:\Users\subdia\AppData\Local\Temp\cccoGacS.s:680    .text.osSignalSet:00000000 $t
C:\Users\subdia\AppData\Local\Temp\cccoGacS.s:686    .text.osSignalSet:00000000 osSignalSet
C:\Users\subdia\AppData\Local\Temp\cccoGacS.s:791    .text.osSignalWait:00000000 $t
C:\Users\subdia\AppData\Local\Temp\cccoGacS.s:797    .text.osSignalWait:00000000 osSignalWait
C:\Users\subdia\AppData\Local\Temp\cccoGacS.s:901    .text.osMutexCreate:00000000 $t
C:\Users\subdia\AppData\Local\Temp\cccoGacS.s:907    .text.osMutexCreate:00000000 osMutexCreate
C:\Users\subdia\AppData\Local\Temp\cccoGacS.s:949    .text.osMutexWait:00000000 $t
C:\Users\subdia\AppData\Local\Temp\cccoGacS.s:955    .text.osMutexWait:00000000 osMutexWait
C:\Users\subdia\AppData\Local\Temp\cccoGacS.s:1072   .text.osMutexRelease:00000000 $t
C:\Users\subdia\AppData\Local\Temp\cccoGacS.s:1078   .text.osMutexRelease:00000000 osMutexRelease
C:\Users\subdia\AppData\Local\Temp\cccoGacS.s:1181   .text.osMutexDelete:00000000 $t
C:\Users\subdia\AppData\Local\Temp\cccoGacS.s:1187   .text.osMutexDelete:00000000 osMutexDelete
C:\Users\subdia\AppData\Local\Temp\cccoGacS.s:1226   .text.osSemaphoreCreate:00000000 $t
C:\Users\subdia\AppData\Local\Temp\cccoGacS.s:1232   .text.osSemaphoreCreate:00000000 osSemaphoreCreate
C:\Users\subdia\AppData\Local\Temp\cccoGacS.s:1324   .text.osSemaphoreWait:00000000 $t
C:\Users\subdia\AppData\Local\Temp\cccoGacS.s:1330   .text.osSemaphoreWait:00000000 osSemaphoreWait
C:\Users\subdia\AppData\Local\Temp\cccoGacS.s:1447   .text.osSemaphoreRelease:00000000 $t
C:\Users\subdia\AppData\Local\Temp\cccoGacS.s:1453   .text.osSemaphoreRelease:00000000 osSemaphoreRelease
C:\Users\subdia\AppData\Local\Temp\cccoGacS.s:1556   .text.osSemaphoreDelete:00000000 $t
C:\Users\subdia\AppData\Local\Temp\cccoGacS.s:1562   .text.osSemaphoreDelete:00000000 osSemaphoreDelete
C:\Users\subdia\AppData\Local\Temp\cccoGacS.s:1601   .text.osPoolCreate:00000000 $t
ARM GAS  C:\Users\subdia\AppData\Local\Temp\cccoGacS.s 			page 104


C:\Users\subdia\AppData\Local\Temp\cccoGacS.s:1607   .text.osPoolCreate:00000000 osPoolCreate
C:\Users\subdia\AppData\Local\Temp\cccoGacS.s:1741   .text.osPoolAlloc:00000000 $t
C:\Users\subdia\AppData\Local\Temp\cccoGacS.s:1747   .text.osPoolAlloc:00000000 osPoolAlloc
C:\Users\subdia\AppData\Local\Temp\cccoGacS.s:1908   .text.osPoolCAlloc:00000000 $t
C:\Users\subdia\AppData\Local\Temp\cccoGacS.s:1914   .text.osPoolCAlloc:00000000 osPoolCAlloc
C:\Users\subdia\AppData\Local\Temp\cccoGacS.s:1945   .text.osPoolFree:00000000 $t
C:\Users\subdia\AppData\Local\Temp\cccoGacS.s:1951   .text.osPoolFree:00000000 osPoolFree
C:\Users\subdia\AppData\Local\Temp\cccoGacS.s:2041   .text.osMessageCreate:00000000 $t
C:\Users\subdia\AppData\Local\Temp\cccoGacS.s:2047   .text.osMessageCreate:00000000 osMessageCreate
C:\Users\subdia\AppData\Local\Temp\cccoGacS.s:2109   .text.osMessagePut:00000000 $t
C:\Users\subdia\AppData\Local\Temp\cccoGacS.s:2115   .text.osMessagePut:00000000 osMessagePut
C:\Users\subdia\AppData\Local\Temp\cccoGacS.s:2231   .text.osMessageGet:00000000 $t
C:\Users\subdia\AppData\Local\Temp\cccoGacS.s:2237   .text.osMessageGet:00000000 osMessageGet
C:\Users\subdia\AppData\Local\Temp\cccoGacS.s:2390   .text.osMailCreate:00000000 $t
C:\Users\subdia\AppData\Local\Temp\cccoGacS.s:2396   .text.osMailCreate:00000000 osMailCreate
C:\Users\subdia\AppData\Local\Temp\cccoGacS.s:2521   .text.osMailAlloc:00000000 $t
C:\Users\subdia\AppData\Local\Temp\cccoGacS.s:2527   .text.osMailAlloc:00000000 osMailAlloc
C:\Users\subdia\AppData\Local\Temp\cccoGacS.s:2560   .text.osMailCAlloc:00000000 $t
C:\Users\subdia\AppData\Local\Temp\cccoGacS.s:2566   .text.osMailCAlloc:00000000 osMailCAlloc
C:\Users\subdia\AppData\Local\Temp\cccoGacS.s:2622   .text.osMailPut:00000000 $t
C:\Users\subdia\AppData\Local\Temp\cccoGacS.s:2628   .text.osMailPut:00000000 osMailPut
C:\Users\subdia\AppData\Local\Temp\cccoGacS.s:2743   .text.osMailGet:00000000 $t
C:\Users\subdia\AppData\Local\Temp\cccoGacS.s:2749   .text.osMailGet:00000000 osMailGet
C:\Users\subdia\AppData\Local\Temp\cccoGacS.s:2898   .text.osMailFree:00000000 $t
C:\Users\subdia\AppData\Local\Temp\cccoGacS.s:2904   .text.osMailFree:00000000 osMailFree
C:\Users\subdia\AppData\Local\Temp\cccoGacS.s:2944   .text.osSystickHandler:00000000 $t
C:\Users\subdia\AppData\Local\Temp\cccoGacS.s:2950   .text.osSystickHandler:00000000 osSystickHandler
C:\Users\subdia\AppData\Local\Temp\cccoGacS.s:2981   .text.osThreadSuspend:00000000 $t
C:\Users\subdia\AppData\Local\Temp\cccoGacS.s:2987   .text.osThreadSuspend:00000000 osThreadSuspend
C:\Users\subdia\AppData\Local\Temp\cccoGacS.s:3011   .text.osThreadResume:00000000 $t
C:\Users\subdia\AppData\Local\Temp\cccoGacS.s:3017   .text.osThreadResume:00000000 osThreadResume
C:\Users\subdia\AppData\Local\Temp\cccoGacS.s:3079   .text.osThreadSuspendAll:00000000 $t
C:\Users\subdia\AppData\Local\Temp\cccoGacS.s:3085   .text.osThreadSuspendAll:00000000 osThreadSuspendAll
C:\Users\subdia\AppData\Local\Temp\cccoGacS.s:3107   .text.osThreadResumeAll:00000000 $t
C:\Users\subdia\AppData\Local\Temp\cccoGacS.s:3113   .text.osThreadResumeAll:00000000 osThreadResumeAll
C:\Users\subdia\AppData\Local\Temp\cccoGacS.s:3144   .text.osDelayUntil:00000000 $t
C:\Users\subdia\AppData\Local\Temp\cccoGacS.s:3150   .text.osDelayUntil:00000000 osDelayUntil
C:\Users\subdia\AppData\Local\Temp\cccoGacS.s:3170   .text.osAbortDelay:00000000 $t
C:\Users\subdia\AppData\Local\Temp\cccoGacS.s:3176   .text.osAbortDelay:00000000 osAbortDelay
C:\Users\subdia\AppData\Local\Temp\cccoGacS.s:3195   .text.osThreadList:00000000 $t
C:\Users\subdia\AppData\Local\Temp\cccoGacS.s:3201   .text.osThreadList:00000000 osThreadList
C:\Users\subdia\AppData\Local\Temp\cccoGacS.s:3219   .text.osMessagePeek:00000000 $t
C:\Users\subdia\AppData\Local\Temp\cccoGacS.s:3225   .text.osMessagePeek:00000000 osMessagePeek
C:\Users\subdia\AppData\Local\Temp\cccoGacS.s:3321   .text.osMessageWaiting:00000000 $t
C:\Users\subdia\AppData\Local\Temp\cccoGacS.s:3327   .text.osMessageWaiting:00000000 osMessageWaiting
C:\Users\subdia\AppData\Local\Temp\cccoGacS.s:3367   .text.osMessageAvailableSpace:00000000 $t
C:\Users\subdia\AppData\Local\Temp\cccoGacS.s:3373   .text.osMessageAvailableSpace:00000000 osMessageAvailableSpace
C:\Users\subdia\AppData\Local\Temp\cccoGacS.s:3396   .text.osMessageDelete:00000000 $t
C:\Users\subdia\AppData\Local\Temp\cccoGacS.s:3402   .text.osMessageDelete:00000000 osMessageDelete
C:\Users\subdia\AppData\Local\Temp\cccoGacS.s:3441   .text.osRecursiveMutexCreate:00000000 $t
C:\Users\subdia\AppData\Local\Temp\cccoGacS.s:3447   .text.osRecursiveMutexCreate:00000000 osRecursiveMutexCreate
C:\Users\subdia\AppData\Local\Temp\cccoGacS.s:3465   .text.osRecursiveMutexRelease:00000000 $t
C:\Users\subdia\AppData\Local\Temp\cccoGacS.s:3471   .text.osRecursiveMutexRelease:00000000 osRecursiveMutexRelease
C:\Users\subdia\AppData\Local\Temp\cccoGacS.s:3489   .text.osRecursiveMutexWait:00000000 $t
C:\Users\subdia\AppData\Local\Temp\cccoGacS.s:3495   .text.osRecursiveMutexWait:00000000 osRecursiveMutexWait
C:\Users\subdia\AppData\Local\Temp\cccoGacS.s:3513   .text.osSemaphoreGetCount:00000000 $t
C:\Users\subdia\AppData\Local\Temp\cccoGacS.s:3519   .text.osSemaphoreGetCount:00000000 osSemaphoreGetCount
ARM GAS  C:\Users\subdia\AppData\Local\Temp\cccoGacS.s 			page 105



UNDEFINED SYMBOLS
vTaskStartScheduler
xTaskGetSchedulerState
xTaskGetTickCountFromISR
xTaskGetTickCount
xTaskCreateStatic
xTaskCreate
xTaskGetCurrentTaskHandle
vTaskDelete
vTaskPrioritySet
uxTaskPriorityGetFromISR
uxTaskPriorityGet
vTaskDelay
xTaskGenericNotifyFromISR
xTaskGenericNotify
xTaskNotifyWait
xQueueCreateMutexStatic
xQueueCreateMutex
xQueueReceiveFromISR
xQueueSemaphoreTake
xQueueGiveFromISR
xQueueGenericSend
vQueueDelete
xQueueGenericCreateStatic
xQueueGenericCreate
pvPortMalloc
vPortFree
vPortEnterCritical
vPortExitCritical
xQueueGenericSendFromISR
xQueueReceive
SysTick_Handler
vTaskSuspend
xTaskResumeFromISR
vTaskResume
vTaskSuspendAll
xTaskResumeAll
xQueuePeek
uxQueueMessagesWaitingFromISR
uxQueueMessagesWaiting
uxQueueSpacesAvailable
