ARM GAS  C:\Users\subdia\AppData\Local\Temp\ccevSk8M.s 			page 1


   1              		.cpu cortex-m3
   2              		.arch armv7-m
   3              		.fpu softvfp
   4              		.eabi_attribute 20, 1
   5              		.eabi_attribute 21, 1
   6              		.eabi_attribute 23, 3
   7              		.eabi_attribute 24, 1
   8              		.eabi_attribute 25, 1
   9              		.eabi_attribute 26, 1
  10              		.eabi_attribute 30, 1
  11              		.eabi_attribute 34, 1
  12              		.eabi_attribute 18, 4
  13              		.file	"event_groups.c"
  14              		.text
  15              	.Ltext0:
  16              		.cfi_sections	.debug_frame
  17              		.file 1 "Middlewares/Third_Party/FreeRTOS/Source/event_groups.c"
  18              		.section	.text.prvTestWaitCondition,"ax",%progbits
  19              		.align	1
  20              		.syntax unified
  21              		.thumb
  22              		.thumb_func
  24              	prvTestWaitCondition:
  25              	.LVL0:
  26              	.LFB15:
   1:Middlewares/Third_Party/FreeRTOS/Source/event_groups.c **** /*
   2:Middlewares/Third_Party/FreeRTOS/Source/event_groups.c ****  * FreeRTOS Kernel V10.3.1
   3:Middlewares/Third_Party/FreeRTOS/Source/event_groups.c ****  * Copyright (C) 2020 Amazon.com, Inc. or its affiliates.  All Rights Reserved.
   4:Middlewares/Third_Party/FreeRTOS/Source/event_groups.c ****  *
   5:Middlewares/Third_Party/FreeRTOS/Source/event_groups.c ****  * Permission is hereby granted, free of charge, to any person obtaining a copy of
   6:Middlewares/Third_Party/FreeRTOS/Source/event_groups.c ****  * this software and associated documentation files (the "Software"), to deal in
   7:Middlewares/Third_Party/FreeRTOS/Source/event_groups.c ****  * the Software without restriction, including without limitation the rights to
   8:Middlewares/Third_Party/FreeRTOS/Source/event_groups.c ****  * use, copy, modify, merge, publish, distribute, sublicense, and/or sell copies of
   9:Middlewares/Third_Party/FreeRTOS/Source/event_groups.c ****  * the Software, and to permit persons to whom the Software is furnished to do so,
  10:Middlewares/Third_Party/FreeRTOS/Source/event_groups.c ****  * subject to the following conditions:
  11:Middlewares/Third_Party/FreeRTOS/Source/event_groups.c ****  *
  12:Middlewares/Third_Party/FreeRTOS/Source/event_groups.c ****  * The above copyright notice and this permission notice shall be included in all
  13:Middlewares/Third_Party/FreeRTOS/Source/event_groups.c ****  * copies or substantial portions of the Software.
  14:Middlewares/Third_Party/FreeRTOS/Source/event_groups.c ****  *
  15:Middlewares/Third_Party/FreeRTOS/Source/event_groups.c ****  * THE SOFTWARE IS PROVIDED "AS IS", WITHOUT WARRANTY OF ANY KIND, EXPRESS OR
  16:Middlewares/Third_Party/FreeRTOS/Source/event_groups.c ****  * IMPLIED, INCLUDING BUT NOT LIMITED TO THE WARRANTIES OF MERCHANTABILITY, FITNESS
  17:Middlewares/Third_Party/FreeRTOS/Source/event_groups.c ****  * FOR A PARTICULAR PURPOSE AND NONINFRINGEMENT. IN NO EVENT SHALL THE AUTHORS OR
  18:Middlewares/Third_Party/FreeRTOS/Source/event_groups.c ****  * COPYRIGHT HOLDERS BE LIABLE FOR ANY CLAIM, DAMAGES OR OTHER LIABILITY, WHETHER
  19:Middlewares/Third_Party/FreeRTOS/Source/event_groups.c ****  * IN AN ACTION OF CONTRACT, TORT OR OTHERWISE, ARISING FROM, OUT OF OR IN
  20:Middlewares/Third_Party/FreeRTOS/Source/event_groups.c ****  * CONNECTION WITH THE SOFTWARE OR THE USE OR OTHER DEALINGS IN THE SOFTWARE.
  21:Middlewares/Third_Party/FreeRTOS/Source/event_groups.c ****  *
  22:Middlewares/Third_Party/FreeRTOS/Source/event_groups.c ****  * http://www.FreeRTOS.org
  23:Middlewares/Third_Party/FreeRTOS/Source/event_groups.c ****  * http://aws.amazon.com/freertos
  24:Middlewares/Third_Party/FreeRTOS/Source/event_groups.c ****  *
  25:Middlewares/Third_Party/FreeRTOS/Source/event_groups.c ****  * 1 tab == 4 spaces!
  26:Middlewares/Third_Party/FreeRTOS/Source/event_groups.c ****  */
  27:Middlewares/Third_Party/FreeRTOS/Source/event_groups.c **** 
  28:Middlewares/Third_Party/FreeRTOS/Source/event_groups.c **** /* Standard includes. */
  29:Middlewares/Third_Party/FreeRTOS/Source/event_groups.c **** #include <stdlib.h>
  30:Middlewares/Third_Party/FreeRTOS/Source/event_groups.c **** 
  31:Middlewares/Third_Party/FreeRTOS/Source/event_groups.c **** /* Defining MPU_WRAPPERS_INCLUDED_FROM_API_FILE prevents task.h from redefining
  32:Middlewares/Third_Party/FreeRTOS/Source/event_groups.c **** all the API functions to use the MPU wrappers.  That should only be done when
ARM GAS  C:\Users\subdia\AppData\Local\Temp\ccevSk8M.s 			page 2


  33:Middlewares/Third_Party/FreeRTOS/Source/event_groups.c **** task.h is included from an application file. */
  34:Middlewares/Third_Party/FreeRTOS/Source/event_groups.c **** #define MPU_WRAPPERS_INCLUDED_FROM_API_FILE
  35:Middlewares/Third_Party/FreeRTOS/Source/event_groups.c **** 
  36:Middlewares/Third_Party/FreeRTOS/Source/event_groups.c **** /* FreeRTOS includes. */
  37:Middlewares/Third_Party/FreeRTOS/Source/event_groups.c **** #include "FreeRTOS.h"
  38:Middlewares/Third_Party/FreeRTOS/Source/event_groups.c **** #include "task.h"
  39:Middlewares/Third_Party/FreeRTOS/Source/event_groups.c **** #include "timers.h"
  40:Middlewares/Third_Party/FreeRTOS/Source/event_groups.c **** #include "event_groups.h"
  41:Middlewares/Third_Party/FreeRTOS/Source/event_groups.c **** 
  42:Middlewares/Third_Party/FreeRTOS/Source/event_groups.c **** /* Lint e961, e750 and e9021 are suppressed as a MISRA exception justified
  43:Middlewares/Third_Party/FreeRTOS/Source/event_groups.c **** because the MPU ports require MPU_WRAPPERS_INCLUDED_FROM_API_FILE to be defined
  44:Middlewares/Third_Party/FreeRTOS/Source/event_groups.c **** for the header files above, but not in this file, in order to generate the
  45:Middlewares/Third_Party/FreeRTOS/Source/event_groups.c **** correct privileged Vs unprivileged linkage and placement. */
  46:Middlewares/Third_Party/FreeRTOS/Source/event_groups.c **** #undef MPU_WRAPPERS_INCLUDED_FROM_API_FILE /*lint !e961 !e750 !e9021 See comment above. */
  47:Middlewares/Third_Party/FreeRTOS/Source/event_groups.c **** 
  48:Middlewares/Third_Party/FreeRTOS/Source/event_groups.c **** /* The following bit fields convey control information in a task's event list
  49:Middlewares/Third_Party/FreeRTOS/Source/event_groups.c **** item value.  It is important they don't clash with the
  50:Middlewares/Third_Party/FreeRTOS/Source/event_groups.c **** taskEVENT_LIST_ITEM_VALUE_IN_USE definition. */
  51:Middlewares/Third_Party/FreeRTOS/Source/event_groups.c **** #if configUSE_16_BIT_TICKS == 1
  52:Middlewares/Third_Party/FreeRTOS/Source/event_groups.c **** 	#define eventCLEAR_EVENTS_ON_EXIT_BIT	0x0100U
  53:Middlewares/Third_Party/FreeRTOS/Source/event_groups.c **** 	#define eventUNBLOCKED_DUE_TO_BIT_SET	0x0200U
  54:Middlewares/Third_Party/FreeRTOS/Source/event_groups.c **** 	#define eventWAIT_FOR_ALL_BITS			0x0400U
  55:Middlewares/Third_Party/FreeRTOS/Source/event_groups.c **** 	#define eventEVENT_BITS_CONTROL_BYTES	0xff00U
  56:Middlewares/Third_Party/FreeRTOS/Source/event_groups.c **** #else
  57:Middlewares/Third_Party/FreeRTOS/Source/event_groups.c **** 	#define eventCLEAR_EVENTS_ON_EXIT_BIT	0x01000000UL
  58:Middlewares/Third_Party/FreeRTOS/Source/event_groups.c **** 	#define eventUNBLOCKED_DUE_TO_BIT_SET	0x02000000UL
  59:Middlewares/Third_Party/FreeRTOS/Source/event_groups.c **** 	#define eventWAIT_FOR_ALL_BITS			0x04000000UL
  60:Middlewares/Third_Party/FreeRTOS/Source/event_groups.c **** 	#define eventEVENT_BITS_CONTROL_BYTES	0xff000000UL
  61:Middlewares/Third_Party/FreeRTOS/Source/event_groups.c **** #endif
  62:Middlewares/Third_Party/FreeRTOS/Source/event_groups.c **** 
  63:Middlewares/Third_Party/FreeRTOS/Source/event_groups.c **** typedef struct EventGroupDef_t
  64:Middlewares/Third_Party/FreeRTOS/Source/event_groups.c **** {
  65:Middlewares/Third_Party/FreeRTOS/Source/event_groups.c **** 	EventBits_t uxEventBits;
  66:Middlewares/Third_Party/FreeRTOS/Source/event_groups.c **** 	List_t xTasksWaitingForBits;		/*< List of tasks waiting for a bit to be set. */
  67:Middlewares/Third_Party/FreeRTOS/Source/event_groups.c **** 
  68:Middlewares/Third_Party/FreeRTOS/Source/event_groups.c **** 	#if( configUSE_TRACE_FACILITY == 1 )
  69:Middlewares/Third_Party/FreeRTOS/Source/event_groups.c **** 		UBaseType_t uxEventGroupNumber;
  70:Middlewares/Third_Party/FreeRTOS/Source/event_groups.c **** 	#endif
  71:Middlewares/Third_Party/FreeRTOS/Source/event_groups.c **** 
  72:Middlewares/Third_Party/FreeRTOS/Source/event_groups.c **** 	#if( ( configSUPPORT_STATIC_ALLOCATION == 1 ) && ( configSUPPORT_DYNAMIC_ALLOCATION == 1 ) )
  73:Middlewares/Third_Party/FreeRTOS/Source/event_groups.c **** 		uint8_t ucStaticallyAllocated; /*< Set to pdTRUE if the event group is statically allocated to en
  74:Middlewares/Third_Party/FreeRTOS/Source/event_groups.c **** 	#endif
  75:Middlewares/Third_Party/FreeRTOS/Source/event_groups.c **** } EventGroup_t;
  76:Middlewares/Third_Party/FreeRTOS/Source/event_groups.c **** 
  77:Middlewares/Third_Party/FreeRTOS/Source/event_groups.c **** /*-----------------------------------------------------------*/
  78:Middlewares/Third_Party/FreeRTOS/Source/event_groups.c **** 
  79:Middlewares/Third_Party/FreeRTOS/Source/event_groups.c **** /*
  80:Middlewares/Third_Party/FreeRTOS/Source/event_groups.c ****  * Test the bits set in uxCurrentEventBits to see if the wait condition is met.
  81:Middlewares/Third_Party/FreeRTOS/Source/event_groups.c ****  * The wait condition is defined by xWaitForAllBits.  If xWaitForAllBits is
  82:Middlewares/Third_Party/FreeRTOS/Source/event_groups.c ****  * pdTRUE then the wait condition is met if all the bits set in uxBitsToWaitFor
  83:Middlewares/Third_Party/FreeRTOS/Source/event_groups.c ****  * are also set in uxCurrentEventBits.  If xWaitForAllBits is pdFALSE then the
  84:Middlewares/Third_Party/FreeRTOS/Source/event_groups.c ****  * wait condition is met if any of the bits set in uxBitsToWait for are also set
  85:Middlewares/Third_Party/FreeRTOS/Source/event_groups.c ****  * in uxCurrentEventBits.
  86:Middlewares/Third_Party/FreeRTOS/Source/event_groups.c ****  */
  87:Middlewares/Third_Party/FreeRTOS/Source/event_groups.c **** static BaseType_t prvTestWaitCondition( const EventBits_t uxCurrentEventBits, const EventBits_t uxB
  88:Middlewares/Third_Party/FreeRTOS/Source/event_groups.c **** 
  89:Middlewares/Third_Party/FreeRTOS/Source/event_groups.c **** /*-----------------------------------------------------------*/
ARM GAS  C:\Users\subdia\AppData\Local\Temp\ccevSk8M.s 			page 3


  90:Middlewares/Third_Party/FreeRTOS/Source/event_groups.c **** 
  91:Middlewares/Third_Party/FreeRTOS/Source/event_groups.c **** #if( configSUPPORT_STATIC_ALLOCATION == 1 )
  92:Middlewares/Third_Party/FreeRTOS/Source/event_groups.c **** 
  93:Middlewares/Third_Party/FreeRTOS/Source/event_groups.c **** 	EventGroupHandle_t xEventGroupCreateStatic( StaticEventGroup_t *pxEventGroupBuffer )
  94:Middlewares/Third_Party/FreeRTOS/Source/event_groups.c **** 	{
  95:Middlewares/Third_Party/FreeRTOS/Source/event_groups.c **** 	EventGroup_t *pxEventBits;
  96:Middlewares/Third_Party/FreeRTOS/Source/event_groups.c **** 
  97:Middlewares/Third_Party/FreeRTOS/Source/event_groups.c **** 		/* A StaticEventGroup_t object must be provided. */
  98:Middlewares/Third_Party/FreeRTOS/Source/event_groups.c **** 		configASSERT( pxEventGroupBuffer );
  99:Middlewares/Third_Party/FreeRTOS/Source/event_groups.c **** 
 100:Middlewares/Third_Party/FreeRTOS/Source/event_groups.c **** 		#if( configASSERT_DEFINED == 1 )
 101:Middlewares/Third_Party/FreeRTOS/Source/event_groups.c **** 		{
 102:Middlewares/Third_Party/FreeRTOS/Source/event_groups.c **** 			/* Sanity check that the size of the structure used to declare a
 103:Middlewares/Third_Party/FreeRTOS/Source/event_groups.c **** 			variable of type StaticEventGroup_t equals the size of the real
 104:Middlewares/Third_Party/FreeRTOS/Source/event_groups.c **** 			event group structure. */
 105:Middlewares/Third_Party/FreeRTOS/Source/event_groups.c **** 			volatile size_t xSize = sizeof( StaticEventGroup_t );
 106:Middlewares/Third_Party/FreeRTOS/Source/event_groups.c **** 			configASSERT( xSize == sizeof( EventGroup_t ) );
 107:Middlewares/Third_Party/FreeRTOS/Source/event_groups.c **** 		} /*lint !e529 xSize is referenced if configASSERT() is defined. */
 108:Middlewares/Third_Party/FreeRTOS/Source/event_groups.c **** 		#endif /* configASSERT_DEFINED */
 109:Middlewares/Third_Party/FreeRTOS/Source/event_groups.c **** 
 110:Middlewares/Third_Party/FreeRTOS/Source/event_groups.c **** 		/* The user has provided a statically allocated event group - use it. */
 111:Middlewares/Third_Party/FreeRTOS/Source/event_groups.c **** 		pxEventBits = ( EventGroup_t * ) pxEventGroupBuffer; /*lint !e740 !e9087 EventGroup_t and StaticE
 112:Middlewares/Third_Party/FreeRTOS/Source/event_groups.c **** 
 113:Middlewares/Third_Party/FreeRTOS/Source/event_groups.c **** 		if( pxEventBits != NULL )
 114:Middlewares/Third_Party/FreeRTOS/Source/event_groups.c **** 		{
 115:Middlewares/Third_Party/FreeRTOS/Source/event_groups.c **** 			pxEventBits->uxEventBits = 0;
 116:Middlewares/Third_Party/FreeRTOS/Source/event_groups.c **** 			vListInitialise( &( pxEventBits->xTasksWaitingForBits ) );
 117:Middlewares/Third_Party/FreeRTOS/Source/event_groups.c **** 
 118:Middlewares/Third_Party/FreeRTOS/Source/event_groups.c **** 			#if( configSUPPORT_DYNAMIC_ALLOCATION == 1 )
 119:Middlewares/Third_Party/FreeRTOS/Source/event_groups.c **** 			{
 120:Middlewares/Third_Party/FreeRTOS/Source/event_groups.c **** 				/* Both static and dynamic allocation can be used, so note that
 121:Middlewares/Third_Party/FreeRTOS/Source/event_groups.c **** 				this event group was created statically in case the event group
 122:Middlewares/Third_Party/FreeRTOS/Source/event_groups.c **** 				is later deleted. */
 123:Middlewares/Third_Party/FreeRTOS/Source/event_groups.c **** 				pxEventBits->ucStaticallyAllocated = pdTRUE;
 124:Middlewares/Third_Party/FreeRTOS/Source/event_groups.c **** 			}
 125:Middlewares/Third_Party/FreeRTOS/Source/event_groups.c **** 			#endif /* configSUPPORT_DYNAMIC_ALLOCATION */
 126:Middlewares/Third_Party/FreeRTOS/Source/event_groups.c **** 
 127:Middlewares/Third_Party/FreeRTOS/Source/event_groups.c **** 			traceEVENT_GROUP_CREATE( pxEventBits );
 128:Middlewares/Third_Party/FreeRTOS/Source/event_groups.c **** 		}
 129:Middlewares/Third_Party/FreeRTOS/Source/event_groups.c **** 		else
 130:Middlewares/Third_Party/FreeRTOS/Source/event_groups.c **** 		{
 131:Middlewares/Third_Party/FreeRTOS/Source/event_groups.c **** 			/* xEventGroupCreateStatic should only ever be called with
 132:Middlewares/Third_Party/FreeRTOS/Source/event_groups.c **** 			pxEventGroupBuffer pointing to a pre-allocated (compile time
 133:Middlewares/Third_Party/FreeRTOS/Source/event_groups.c **** 			allocated) StaticEventGroup_t variable. */
 134:Middlewares/Third_Party/FreeRTOS/Source/event_groups.c **** 			traceEVENT_GROUP_CREATE_FAILED();
 135:Middlewares/Third_Party/FreeRTOS/Source/event_groups.c **** 		}
 136:Middlewares/Third_Party/FreeRTOS/Source/event_groups.c **** 
 137:Middlewares/Third_Party/FreeRTOS/Source/event_groups.c **** 		return pxEventBits;
 138:Middlewares/Third_Party/FreeRTOS/Source/event_groups.c **** 	}
 139:Middlewares/Third_Party/FreeRTOS/Source/event_groups.c **** 
 140:Middlewares/Third_Party/FreeRTOS/Source/event_groups.c **** #endif /* configSUPPORT_STATIC_ALLOCATION */
 141:Middlewares/Third_Party/FreeRTOS/Source/event_groups.c **** /*-----------------------------------------------------------*/
 142:Middlewares/Third_Party/FreeRTOS/Source/event_groups.c **** 
 143:Middlewares/Third_Party/FreeRTOS/Source/event_groups.c **** #if( configSUPPORT_DYNAMIC_ALLOCATION == 1 )
 144:Middlewares/Third_Party/FreeRTOS/Source/event_groups.c **** 
 145:Middlewares/Third_Party/FreeRTOS/Source/event_groups.c **** 	EventGroupHandle_t xEventGroupCreate( void )
 146:Middlewares/Third_Party/FreeRTOS/Source/event_groups.c **** 	{
ARM GAS  C:\Users\subdia\AppData\Local\Temp\ccevSk8M.s 			page 4


 147:Middlewares/Third_Party/FreeRTOS/Source/event_groups.c **** 	EventGroup_t *pxEventBits;
 148:Middlewares/Third_Party/FreeRTOS/Source/event_groups.c **** 
 149:Middlewares/Third_Party/FreeRTOS/Source/event_groups.c **** 		/* Allocate the event group.  Justification for MISRA deviation as
 150:Middlewares/Third_Party/FreeRTOS/Source/event_groups.c **** 		follows:  pvPortMalloc() always ensures returned memory blocks are
 151:Middlewares/Third_Party/FreeRTOS/Source/event_groups.c **** 		aligned per the requirements of the MCU stack.  In this case
 152:Middlewares/Third_Party/FreeRTOS/Source/event_groups.c **** 		pvPortMalloc() must return a pointer that is guaranteed to meet the
 153:Middlewares/Third_Party/FreeRTOS/Source/event_groups.c **** 		alignment requirements of the EventGroup_t structure - which (if you
 154:Middlewares/Third_Party/FreeRTOS/Source/event_groups.c **** 		follow it through) is the alignment requirements of the TickType_t type
 155:Middlewares/Third_Party/FreeRTOS/Source/event_groups.c **** 		(EventBits_t being of TickType_t itself).  Therefore, whenever the
 156:Middlewares/Third_Party/FreeRTOS/Source/event_groups.c **** 		stack alignment requirements are greater than or equal to the
 157:Middlewares/Third_Party/FreeRTOS/Source/event_groups.c **** 		TickType_t alignment requirements the cast is safe.  In other cases,
 158:Middlewares/Third_Party/FreeRTOS/Source/event_groups.c **** 		where the natural word size of the architecture is less than
 159:Middlewares/Third_Party/FreeRTOS/Source/event_groups.c **** 		sizeof( TickType_t ), the TickType_t variables will be accessed in two
 160:Middlewares/Third_Party/FreeRTOS/Source/event_groups.c **** 		or more reads operations, and the alignment requirements is only that
 161:Middlewares/Third_Party/FreeRTOS/Source/event_groups.c **** 		of each individual read. */
 162:Middlewares/Third_Party/FreeRTOS/Source/event_groups.c **** 		pxEventBits = ( EventGroup_t * ) pvPortMalloc( sizeof( EventGroup_t ) ); /*lint !e9087 !e9079 see
 163:Middlewares/Third_Party/FreeRTOS/Source/event_groups.c **** 
 164:Middlewares/Third_Party/FreeRTOS/Source/event_groups.c **** 		if( pxEventBits != NULL )
 165:Middlewares/Third_Party/FreeRTOS/Source/event_groups.c **** 		{
 166:Middlewares/Third_Party/FreeRTOS/Source/event_groups.c **** 			pxEventBits->uxEventBits = 0;
 167:Middlewares/Third_Party/FreeRTOS/Source/event_groups.c **** 			vListInitialise( &( pxEventBits->xTasksWaitingForBits ) );
 168:Middlewares/Third_Party/FreeRTOS/Source/event_groups.c **** 
 169:Middlewares/Third_Party/FreeRTOS/Source/event_groups.c **** 			#if( configSUPPORT_STATIC_ALLOCATION == 1 )
 170:Middlewares/Third_Party/FreeRTOS/Source/event_groups.c **** 			{
 171:Middlewares/Third_Party/FreeRTOS/Source/event_groups.c **** 				/* Both static and dynamic allocation can be used, so note this
 172:Middlewares/Third_Party/FreeRTOS/Source/event_groups.c **** 				event group was allocated statically in case the event group is
 173:Middlewares/Third_Party/FreeRTOS/Source/event_groups.c **** 				later deleted. */
 174:Middlewares/Third_Party/FreeRTOS/Source/event_groups.c **** 				pxEventBits->ucStaticallyAllocated = pdFALSE;
 175:Middlewares/Third_Party/FreeRTOS/Source/event_groups.c **** 			}
 176:Middlewares/Third_Party/FreeRTOS/Source/event_groups.c **** 			#endif /* configSUPPORT_STATIC_ALLOCATION */
 177:Middlewares/Third_Party/FreeRTOS/Source/event_groups.c **** 
 178:Middlewares/Third_Party/FreeRTOS/Source/event_groups.c **** 			traceEVENT_GROUP_CREATE( pxEventBits );
 179:Middlewares/Third_Party/FreeRTOS/Source/event_groups.c **** 		}
 180:Middlewares/Third_Party/FreeRTOS/Source/event_groups.c **** 		else
 181:Middlewares/Third_Party/FreeRTOS/Source/event_groups.c **** 		{
 182:Middlewares/Third_Party/FreeRTOS/Source/event_groups.c **** 			traceEVENT_GROUP_CREATE_FAILED(); /*lint !e9063 Else branch only exists to allow tracing and doe
 183:Middlewares/Third_Party/FreeRTOS/Source/event_groups.c **** 		}
 184:Middlewares/Third_Party/FreeRTOS/Source/event_groups.c **** 
 185:Middlewares/Third_Party/FreeRTOS/Source/event_groups.c **** 		return pxEventBits;
 186:Middlewares/Third_Party/FreeRTOS/Source/event_groups.c **** 	}
 187:Middlewares/Third_Party/FreeRTOS/Source/event_groups.c **** 
 188:Middlewares/Third_Party/FreeRTOS/Source/event_groups.c **** #endif /* configSUPPORT_DYNAMIC_ALLOCATION */
 189:Middlewares/Third_Party/FreeRTOS/Source/event_groups.c **** /*-----------------------------------------------------------*/
 190:Middlewares/Third_Party/FreeRTOS/Source/event_groups.c **** 
 191:Middlewares/Third_Party/FreeRTOS/Source/event_groups.c **** EventBits_t xEventGroupSync( EventGroupHandle_t xEventGroup, const EventBits_t uxBitsToSet, const E
 192:Middlewares/Third_Party/FreeRTOS/Source/event_groups.c **** {
 193:Middlewares/Third_Party/FreeRTOS/Source/event_groups.c **** EventBits_t uxOriginalBitValue, uxReturn;
 194:Middlewares/Third_Party/FreeRTOS/Source/event_groups.c **** EventGroup_t *pxEventBits = xEventGroup;
 195:Middlewares/Third_Party/FreeRTOS/Source/event_groups.c **** BaseType_t xAlreadyYielded;
 196:Middlewares/Third_Party/FreeRTOS/Source/event_groups.c **** BaseType_t xTimeoutOccurred = pdFALSE;
 197:Middlewares/Third_Party/FreeRTOS/Source/event_groups.c **** 
 198:Middlewares/Third_Party/FreeRTOS/Source/event_groups.c **** 	configASSERT( ( uxBitsToWaitFor & eventEVENT_BITS_CONTROL_BYTES ) == 0 );
 199:Middlewares/Third_Party/FreeRTOS/Source/event_groups.c **** 	configASSERT( uxBitsToWaitFor != 0 );
 200:Middlewares/Third_Party/FreeRTOS/Source/event_groups.c **** 	#if ( ( INCLUDE_xTaskGetSchedulerState == 1 ) || ( configUSE_TIMERS == 1 ) )
 201:Middlewares/Third_Party/FreeRTOS/Source/event_groups.c **** 	{
 202:Middlewares/Third_Party/FreeRTOS/Source/event_groups.c **** 		configASSERT( !( ( xTaskGetSchedulerState() == taskSCHEDULER_SUSPENDED ) && ( xTicksToWait != 0 )
 203:Middlewares/Third_Party/FreeRTOS/Source/event_groups.c **** 	}
ARM GAS  C:\Users\subdia\AppData\Local\Temp\ccevSk8M.s 			page 5


 204:Middlewares/Third_Party/FreeRTOS/Source/event_groups.c **** 	#endif
 205:Middlewares/Third_Party/FreeRTOS/Source/event_groups.c **** 
 206:Middlewares/Third_Party/FreeRTOS/Source/event_groups.c **** 	vTaskSuspendAll();
 207:Middlewares/Third_Party/FreeRTOS/Source/event_groups.c **** 	{
 208:Middlewares/Third_Party/FreeRTOS/Source/event_groups.c **** 		uxOriginalBitValue = pxEventBits->uxEventBits;
 209:Middlewares/Third_Party/FreeRTOS/Source/event_groups.c **** 
 210:Middlewares/Third_Party/FreeRTOS/Source/event_groups.c **** 		( void ) xEventGroupSetBits( xEventGroup, uxBitsToSet );
 211:Middlewares/Third_Party/FreeRTOS/Source/event_groups.c **** 
 212:Middlewares/Third_Party/FreeRTOS/Source/event_groups.c **** 		if( ( ( uxOriginalBitValue | uxBitsToSet ) & uxBitsToWaitFor ) == uxBitsToWaitFor )
 213:Middlewares/Third_Party/FreeRTOS/Source/event_groups.c **** 		{
 214:Middlewares/Third_Party/FreeRTOS/Source/event_groups.c **** 			/* All the rendezvous bits are now set - no need to block. */
 215:Middlewares/Third_Party/FreeRTOS/Source/event_groups.c **** 			uxReturn = ( uxOriginalBitValue | uxBitsToSet );
 216:Middlewares/Third_Party/FreeRTOS/Source/event_groups.c **** 
 217:Middlewares/Third_Party/FreeRTOS/Source/event_groups.c **** 			/* Rendezvous always clear the bits.  They will have been cleared
 218:Middlewares/Third_Party/FreeRTOS/Source/event_groups.c **** 			already unless this is the only task in the rendezvous. */
 219:Middlewares/Third_Party/FreeRTOS/Source/event_groups.c **** 			pxEventBits->uxEventBits &= ~uxBitsToWaitFor;
 220:Middlewares/Third_Party/FreeRTOS/Source/event_groups.c **** 
 221:Middlewares/Third_Party/FreeRTOS/Source/event_groups.c **** 			xTicksToWait = 0;
 222:Middlewares/Third_Party/FreeRTOS/Source/event_groups.c **** 		}
 223:Middlewares/Third_Party/FreeRTOS/Source/event_groups.c **** 		else
 224:Middlewares/Third_Party/FreeRTOS/Source/event_groups.c **** 		{
 225:Middlewares/Third_Party/FreeRTOS/Source/event_groups.c **** 			if( xTicksToWait != ( TickType_t ) 0 )
 226:Middlewares/Third_Party/FreeRTOS/Source/event_groups.c **** 			{
 227:Middlewares/Third_Party/FreeRTOS/Source/event_groups.c **** 				traceEVENT_GROUP_SYNC_BLOCK( xEventGroup, uxBitsToSet, uxBitsToWaitFor );
 228:Middlewares/Third_Party/FreeRTOS/Source/event_groups.c **** 
 229:Middlewares/Third_Party/FreeRTOS/Source/event_groups.c **** 				/* Store the bits that the calling task is waiting for in the
 230:Middlewares/Third_Party/FreeRTOS/Source/event_groups.c **** 				task's event list item so the kernel knows when a match is
 231:Middlewares/Third_Party/FreeRTOS/Source/event_groups.c **** 				found.  Then enter the blocked state. */
 232:Middlewares/Third_Party/FreeRTOS/Source/event_groups.c **** 				vTaskPlaceOnUnorderedEventList( &( pxEventBits->xTasksWaitingForBits ), ( uxBitsToWaitFor | eve
 233:Middlewares/Third_Party/FreeRTOS/Source/event_groups.c **** 
 234:Middlewares/Third_Party/FreeRTOS/Source/event_groups.c **** 				/* This assignment is obsolete as uxReturn will get set after
 235:Middlewares/Third_Party/FreeRTOS/Source/event_groups.c **** 				the task unblocks, but some compilers mistakenly generate a
 236:Middlewares/Third_Party/FreeRTOS/Source/event_groups.c **** 				warning about uxReturn being returned without being set if the
 237:Middlewares/Third_Party/FreeRTOS/Source/event_groups.c **** 				assignment is omitted. */
 238:Middlewares/Third_Party/FreeRTOS/Source/event_groups.c **** 				uxReturn = 0;
 239:Middlewares/Third_Party/FreeRTOS/Source/event_groups.c **** 			}
 240:Middlewares/Third_Party/FreeRTOS/Source/event_groups.c **** 			else
 241:Middlewares/Third_Party/FreeRTOS/Source/event_groups.c **** 			{
 242:Middlewares/Third_Party/FreeRTOS/Source/event_groups.c **** 				/* The rendezvous bits were not set, but no block time was
 243:Middlewares/Third_Party/FreeRTOS/Source/event_groups.c **** 				specified - just return the current event bit value. */
 244:Middlewares/Third_Party/FreeRTOS/Source/event_groups.c **** 				uxReturn = pxEventBits->uxEventBits;
 245:Middlewares/Third_Party/FreeRTOS/Source/event_groups.c **** 				xTimeoutOccurred = pdTRUE;
 246:Middlewares/Third_Party/FreeRTOS/Source/event_groups.c **** 			}
 247:Middlewares/Third_Party/FreeRTOS/Source/event_groups.c **** 		}
 248:Middlewares/Third_Party/FreeRTOS/Source/event_groups.c **** 	}
 249:Middlewares/Third_Party/FreeRTOS/Source/event_groups.c **** 	xAlreadyYielded = xTaskResumeAll();
 250:Middlewares/Third_Party/FreeRTOS/Source/event_groups.c **** 
 251:Middlewares/Third_Party/FreeRTOS/Source/event_groups.c **** 	if( xTicksToWait != ( TickType_t ) 0 )
 252:Middlewares/Third_Party/FreeRTOS/Source/event_groups.c **** 	{
 253:Middlewares/Third_Party/FreeRTOS/Source/event_groups.c **** 		if( xAlreadyYielded == pdFALSE )
 254:Middlewares/Third_Party/FreeRTOS/Source/event_groups.c **** 		{
 255:Middlewares/Third_Party/FreeRTOS/Source/event_groups.c **** 			portYIELD_WITHIN_API();
 256:Middlewares/Third_Party/FreeRTOS/Source/event_groups.c **** 		}
 257:Middlewares/Third_Party/FreeRTOS/Source/event_groups.c **** 		else
 258:Middlewares/Third_Party/FreeRTOS/Source/event_groups.c **** 		{
 259:Middlewares/Third_Party/FreeRTOS/Source/event_groups.c **** 			mtCOVERAGE_TEST_MARKER();
 260:Middlewares/Third_Party/FreeRTOS/Source/event_groups.c **** 		}
ARM GAS  C:\Users\subdia\AppData\Local\Temp\ccevSk8M.s 			page 6


 261:Middlewares/Third_Party/FreeRTOS/Source/event_groups.c **** 
 262:Middlewares/Third_Party/FreeRTOS/Source/event_groups.c **** 		/* The task blocked to wait for its required bits to be set - at this
 263:Middlewares/Third_Party/FreeRTOS/Source/event_groups.c **** 		point either the required bits were set or the block time expired.  If
 264:Middlewares/Third_Party/FreeRTOS/Source/event_groups.c **** 		the required bits were set they will have been stored in the task's
 265:Middlewares/Third_Party/FreeRTOS/Source/event_groups.c **** 		event list item, and they should now be retrieved then cleared. */
 266:Middlewares/Third_Party/FreeRTOS/Source/event_groups.c **** 		uxReturn = uxTaskResetEventItemValue();
 267:Middlewares/Third_Party/FreeRTOS/Source/event_groups.c **** 
 268:Middlewares/Third_Party/FreeRTOS/Source/event_groups.c **** 		if( ( uxReturn & eventUNBLOCKED_DUE_TO_BIT_SET ) == ( EventBits_t ) 0 )
 269:Middlewares/Third_Party/FreeRTOS/Source/event_groups.c **** 		{
 270:Middlewares/Third_Party/FreeRTOS/Source/event_groups.c **** 			/* The task timed out, just return the current event bit value. */
 271:Middlewares/Third_Party/FreeRTOS/Source/event_groups.c **** 			taskENTER_CRITICAL();
 272:Middlewares/Third_Party/FreeRTOS/Source/event_groups.c **** 			{
 273:Middlewares/Third_Party/FreeRTOS/Source/event_groups.c **** 				uxReturn = pxEventBits->uxEventBits;
 274:Middlewares/Third_Party/FreeRTOS/Source/event_groups.c **** 
 275:Middlewares/Third_Party/FreeRTOS/Source/event_groups.c **** 				/* Although the task got here because it timed out before the
 276:Middlewares/Third_Party/FreeRTOS/Source/event_groups.c **** 				bits it was waiting for were set, it is possible that since it
 277:Middlewares/Third_Party/FreeRTOS/Source/event_groups.c **** 				unblocked another task has set the bits.  If this is the case
 278:Middlewares/Third_Party/FreeRTOS/Source/event_groups.c **** 				then it needs to clear the bits before exiting. */
 279:Middlewares/Third_Party/FreeRTOS/Source/event_groups.c **** 				if( ( uxReturn & uxBitsToWaitFor ) == uxBitsToWaitFor )
 280:Middlewares/Third_Party/FreeRTOS/Source/event_groups.c **** 				{
 281:Middlewares/Third_Party/FreeRTOS/Source/event_groups.c **** 					pxEventBits->uxEventBits &= ~uxBitsToWaitFor;
 282:Middlewares/Third_Party/FreeRTOS/Source/event_groups.c **** 				}
 283:Middlewares/Third_Party/FreeRTOS/Source/event_groups.c **** 				else
 284:Middlewares/Third_Party/FreeRTOS/Source/event_groups.c **** 				{
 285:Middlewares/Third_Party/FreeRTOS/Source/event_groups.c **** 					mtCOVERAGE_TEST_MARKER();
 286:Middlewares/Third_Party/FreeRTOS/Source/event_groups.c **** 				}
 287:Middlewares/Third_Party/FreeRTOS/Source/event_groups.c **** 			}
 288:Middlewares/Third_Party/FreeRTOS/Source/event_groups.c **** 			taskEXIT_CRITICAL();
 289:Middlewares/Third_Party/FreeRTOS/Source/event_groups.c **** 
 290:Middlewares/Third_Party/FreeRTOS/Source/event_groups.c **** 			xTimeoutOccurred = pdTRUE;
 291:Middlewares/Third_Party/FreeRTOS/Source/event_groups.c **** 		}
 292:Middlewares/Third_Party/FreeRTOS/Source/event_groups.c **** 		else
 293:Middlewares/Third_Party/FreeRTOS/Source/event_groups.c **** 		{
 294:Middlewares/Third_Party/FreeRTOS/Source/event_groups.c **** 			/* The task unblocked because the bits were set. */
 295:Middlewares/Third_Party/FreeRTOS/Source/event_groups.c **** 		}
 296:Middlewares/Third_Party/FreeRTOS/Source/event_groups.c **** 
 297:Middlewares/Third_Party/FreeRTOS/Source/event_groups.c **** 		/* Control bits might be set as the task had blocked should not be
 298:Middlewares/Third_Party/FreeRTOS/Source/event_groups.c **** 		returned. */
 299:Middlewares/Third_Party/FreeRTOS/Source/event_groups.c **** 		uxReturn &= ~eventEVENT_BITS_CONTROL_BYTES;
 300:Middlewares/Third_Party/FreeRTOS/Source/event_groups.c **** 	}
 301:Middlewares/Third_Party/FreeRTOS/Source/event_groups.c **** 
 302:Middlewares/Third_Party/FreeRTOS/Source/event_groups.c **** 	traceEVENT_GROUP_SYNC_END( xEventGroup, uxBitsToSet, uxBitsToWaitFor, xTimeoutOccurred );
 303:Middlewares/Third_Party/FreeRTOS/Source/event_groups.c **** 
 304:Middlewares/Third_Party/FreeRTOS/Source/event_groups.c **** 	/* Prevent compiler warnings when trace macros are not used. */
 305:Middlewares/Third_Party/FreeRTOS/Source/event_groups.c **** 	( void ) xTimeoutOccurred;
 306:Middlewares/Third_Party/FreeRTOS/Source/event_groups.c **** 
 307:Middlewares/Third_Party/FreeRTOS/Source/event_groups.c **** 	return uxReturn;
 308:Middlewares/Third_Party/FreeRTOS/Source/event_groups.c **** }
 309:Middlewares/Third_Party/FreeRTOS/Source/event_groups.c **** /*-----------------------------------------------------------*/
 310:Middlewares/Third_Party/FreeRTOS/Source/event_groups.c **** 
 311:Middlewares/Third_Party/FreeRTOS/Source/event_groups.c **** EventBits_t xEventGroupWaitBits( EventGroupHandle_t xEventGroup, const EventBits_t uxBitsToWaitFor,
 312:Middlewares/Third_Party/FreeRTOS/Source/event_groups.c **** {
 313:Middlewares/Third_Party/FreeRTOS/Source/event_groups.c **** EventGroup_t *pxEventBits = xEventGroup;
 314:Middlewares/Third_Party/FreeRTOS/Source/event_groups.c **** EventBits_t uxReturn, uxControlBits = 0;
 315:Middlewares/Third_Party/FreeRTOS/Source/event_groups.c **** BaseType_t xWaitConditionMet, xAlreadyYielded;
 316:Middlewares/Third_Party/FreeRTOS/Source/event_groups.c **** BaseType_t xTimeoutOccurred = pdFALSE;
 317:Middlewares/Third_Party/FreeRTOS/Source/event_groups.c **** 
ARM GAS  C:\Users\subdia\AppData\Local\Temp\ccevSk8M.s 			page 7


 318:Middlewares/Third_Party/FreeRTOS/Source/event_groups.c **** 	/* Check the user is not attempting to wait on the bits used by the kernel
 319:Middlewares/Third_Party/FreeRTOS/Source/event_groups.c **** 	itself, and that at least one bit is being requested. */
 320:Middlewares/Third_Party/FreeRTOS/Source/event_groups.c **** 	configASSERT( xEventGroup );
 321:Middlewares/Third_Party/FreeRTOS/Source/event_groups.c **** 	configASSERT( ( uxBitsToWaitFor & eventEVENT_BITS_CONTROL_BYTES ) == 0 );
 322:Middlewares/Third_Party/FreeRTOS/Source/event_groups.c **** 	configASSERT( uxBitsToWaitFor != 0 );
 323:Middlewares/Third_Party/FreeRTOS/Source/event_groups.c **** 	#if ( ( INCLUDE_xTaskGetSchedulerState == 1 ) || ( configUSE_TIMERS == 1 ) )
 324:Middlewares/Third_Party/FreeRTOS/Source/event_groups.c **** 	{
 325:Middlewares/Third_Party/FreeRTOS/Source/event_groups.c **** 		configASSERT( !( ( xTaskGetSchedulerState() == taskSCHEDULER_SUSPENDED ) && ( xTicksToWait != 0 )
 326:Middlewares/Third_Party/FreeRTOS/Source/event_groups.c **** 	}
 327:Middlewares/Third_Party/FreeRTOS/Source/event_groups.c **** 	#endif
 328:Middlewares/Third_Party/FreeRTOS/Source/event_groups.c **** 
 329:Middlewares/Third_Party/FreeRTOS/Source/event_groups.c **** 	vTaskSuspendAll();
 330:Middlewares/Third_Party/FreeRTOS/Source/event_groups.c **** 	{
 331:Middlewares/Third_Party/FreeRTOS/Source/event_groups.c **** 		const EventBits_t uxCurrentEventBits = pxEventBits->uxEventBits;
 332:Middlewares/Third_Party/FreeRTOS/Source/event_groups.c **** 
 333:Middlewares/Third_Party/FreeRTOS/Source/event_groups.c **** 		/* Check to see if the wait condition is already met or not. */
 334:Middlewares/Third_Party/FreeRTOS/Source/event_groups.c **** 		xWaitConditionMet = prvTestWaitCondition( uxCurrentEventBits, uxBitsToWaitFor, xWaitForAllBits );
 335:Middlewares/Third_Party/FreeRTOS/Source/event_groups.c **** 
 336:Middlewares/Third_Party/FreeRTOS/Source/event_groups.c **** 		if( xWaitConditionMet != pdFALSE )
 337:Middlewares/Third_Party/FreeRTOS/Source/event_groups.c **** 		{
 338:Middlewares/Third_Party/FreeRTOS/Source/event_groups.c **** 			/* The wait condition has already been met so there is no need to
 339:Middlewares/Third_Party/FreeRTOS/Source/event_groups.c **** 			block. */
 340:Middlewares/Third_Party/FreeRTOS/Source/event_groups.c **** 			uxReturn = uxCurrentEventBits;
 341:Middlewares/Third_Party/FreeRTOS/Source/event_groups.c **** 			xTicksToWait = ( TickType_t ) 0;
 342:Middlewares/Third_Party/FreeRTOS/Source/event_groups.c **** 
 343:Middlewares/Third_Party/FreeRTOS/Source/event_groups.c **** 			/* Clear the wait bits if requested to do so. */
 344:Middlewares/Third_Party/FreeRTOS/Source/event_groups.c **** 			if( xClearOnExit != pdFALSE )
 345:Middlewares/Third_Party/FreeRTOS/Source/event_groups.c **** 			{
 346:Middlewares/Third_Party/FreeRTOS/Source/event_groups.c **** 				pxEventBits->uxEventBits &= ~uxBitsToWaitFor;
 347:Middlewares/Third_Party/FreeRTOS/Source/event_groups.c **** 			}
 348:Middlewares/Third_Party/FreeRTOS/Source/event_groups.c **** 			else
 349:Middlewares/Third_Party/FreeRTOS/Source/event_groups.c **** 			{
 350:Middlewares/Third_Party/FreeRTOS/Source/event_groups.c **** 				mtCOVERAGE_TEST_MARKER();
 351:Middlewares/Third_Party/FreeRTOS/Source/event_groups.c **** 			}
 352:Middlewares/Third_Party/FreeRTOS/Source/event_groups.c **** 		}
 353:Middlewares/Third_Party/FreeRTOS/Source/event_groups.c **** 		else if( xTicksToWait == ( TickType_t ) 0 )
 354:Middlewares/Third_Party/FreeRTOS/Source/event_groups.c **** 		{
 355:Middlewares/Third_Party/FreeRTOS/Source/event_groups.c **** 			/* The wait condition has not been met, but no block time was
 356:Middlewares/Third_Party/FreeRTOS/Source/event_groups.c **** 			specified, so just return the current value. */
 357:Middlewares/Third_Party/FreeRTOS/Source/event_groups.c **** 			uxReturn = uxCurrentEventBits;
 358:Middlewares/Third_Party/FreeRTOS/Source/event_groups.c **** 			xTimeoutOccurred = pdTRUE;
 359:Middlewares/Third_Party/FreeRTOS/Source/event_groups.c **** 		}
 360:Middlewares/Third_Party/FreeRTOS/Source/event_groups.c **** 		else
 361:Middlewares/Third_Party/FreeRTOS/Source/event_groups.c **** 		{
 362:Middlewares/Third_Party/FreeRTOS/Source/event_groups.c **** 			/* The task is going to block to wait for its required bits to be
 363:Middlewares/Third_Party/FreeRTOS/Source/event_groups.c **** 			set.  uxControlBits are used to remember the specified behaviour of
 364:Middlewares/Third_Party/FreeRTOS/Source/event_groups.c **** 			this call to xEventGroupWaitBits() - for use when the event bits
 365:Middlewares/Third_Party/FreeRTOS/Source/event_groups.c **** 			unblock the task. */
 366:Middlewares/Third_Party/FreeRTOS/Source/event_groups.c **** 			if( xClearOnExit != pdFALSE )
 367:Middlewares/Third_Party/FreeRTOS/Source/event_groups.c **** 			{
 368:Middlewares/Third_Party/FreeRTOS/Source/event_groups.c **** 				uxControlBits |= eventCLEAR_EVENTS_ON_EXIT_BIT;
 369:Middlewares/Third_Party/FreeRTOS/Source/event_groups.c **** 			}
 370:Middlewares/Third_Party/FreeRTOS/Source/event_groups.c **** 			else
 371:Middlewares/Third_Party/FreeRTOS/Source/event_groups.c **** 			{
 372:Middlewares/Third_Party/FreeRTOS/Source/event_groups.c **** 				mtCOVERAGE_TEST_MARKER();
 373:Middlewares/Third_Party/FreeRTOS/Source/event_groups.c **** 			}
 374:Middlewares/Third_Party/FreeRTOS/Source/event_groups.c **** 
ARM GAS  C:\Users\subdia\AppData\Local\Temp\ccevSk8M.s 			page 8


 375:Middlewares/Third_Party/FreeRTOS/Source/event_groups.c **** 			if( xWaitForAllBits != pdFALSE )
 376:Middlewares/Third_Party/FreeRTOS/Source/event_groups.c **** 			{
 377:Middlewares/Third_Party/FreeRTOS/Source/event_groups.c **** 				uxControlBits |= eventWAIT_FOR_ALL_BITS;
 378:Middlewares/Third_Party/FreeRTOS/Source/event_groups.c **** 			}
 379:Middlewares/Third_Party/FreeRTOS/Source/event_groups.c **** 			else
 380:Middlewares/Third_Party/FreeRTOS/Source/event_groups.c **** 			{
 381:Middlewares/Third_Party/FreeRTOS/Source/event_groups.c **** 				mtCOVERAGE_TEST_MARKER();
 382:Middlewares/Third_Party/FreeRTOS/Source/event_groups.c **** 			}
 383:Middlewares/Third_Party/FreeRTOS/Source/event_groups.c **** 
 384:Middlewares/Third_Party/FreeRTOS/Source/event_groups.c **** 			/* Store the bits that the calling task is waiting for in the
 385:Middlewares/Third_Party/FreeRTOS/Source/event_groups.c **** 			task's event list item so the kernel knows when a match is
 386:Middlewares/Third_Party/FreeRTOS/Source/event_groups.c **** 			found.  Then enter the blocked state. */
 387:Middlewares/Third_Party/FreeRTOS/Source/event_groups.c **** 			vTaskPlaceOnUnorderedEventList( &( pxEventBits->xTasksWaitingForBits ), ( uxBitsToWaitFor | uxCo
 388:Middlewares/Third_Party/FreeRTOS/Source/event_groups.c **** 
 389:Middlewares/Third_Party/FreeRTOS/Source/event_groups.c **** 			/* This is obsolete as it will get set after the task unblocks, but
 390:Middlewares/Third_Party/FreeRTOS/Source/event_groups.c **** 			some compilers mistakenly generate a warning about the variable
 391:Middlewares/Third_Party/FreeRTOS/Source/event_groups.c **** 			being returned without being set if it is not done. */
 392:Middlewares/Third_Party/FreeRTOS/Source/event_groups.c **** 			uxReturn = 0;
 393:Middlewares/Third_Party/FreeRTOS/Source/event_groups.c **** 
 394:Middlewares/Third_Party/FreeRTOS/Source/event_groups.c **** 			traceEVENT_GROUP_WAIT_BITS_BLOCK( xEventGroup, uxBitsToWaitFor );
 395:Middlewares/Third_Party/FreeRTOS/Source/event_groups.c **** 		}
 396:Middlewares/Third_Party/FreeRTOS/Source/event_groups.c **** 	}
 397:Middlewares/Third_Party/FreeRTOS/Source/event_groups.c **** 	xAlreadyYielded = xTaskResumeAll();
 398:Middlewares/Third_Party/FreeRTOS/Source/event_groups.c **** 
 399:Middlewares/Third_Party/FreeRTOS/Source/event_groups.c **** 	if( xTicksToWait != ( TickType_t ) 0 )
 400:Middlewares/Third_Party/FreeRTOS/Source/event_groups.c **** 	{
 401:Middlewares/Third_Party/FreeRTOS/Source/event_groups.c **** 		if( xAlreadyYielded == pdFALSE )
 402:Middlewares/Third_Party/FreeRTOS/Source/event_groups.c **** 		{
 403:Middlewares/Third_Party/FreeRTOS/Source/event_groups.c **** 			portYIELD_WITHIN_API();
 404:Middlewares/Third_Party/FreeRTOS/Source/event_groups.c **** 		}
 405:Middlewares/Third_Party/FreeRTOS/Source/event_groups.c **** 		else
 406:Middlewares/Third_Party/FreeRTOS/Source/event_groups.c **** 		{
 407:Middlewares/Third_Party/FreeRTOS/Source/event_groups.c **** 			mtCOVERAGE_TEST_MARKER();
 408:Middlewares/Third_Party/FreeRTOS/Source/event_groups.c **** 		}
 409:Middlewares/Third_Party/FreeRTOS/Source/event_groups.c **** 
 410:Middlewares/Third_Party/FreeRTOS/Source/event_groups.c **** 		/* The task blocked to wait for its required bits to be set - at this
 411:Middlewares/Third_Party/FreeRTOS/Source/event_groups.c **** 		point either the required bits were set or the block time expired.  If
 412:Middlewares/Third_Party/FreeRTOS/Source/event_groups.c **** 		the required bits were set they will have been stored in the task's
 413:Middlewares/Third_Party/FreeRTOS/Source/event_groups.c **** 		event list item, and they should now be retrieved then cleared. */
 414:Middlewares/Third_Party/FreeRTOS/Source/event_groups.c **** 		uxReturn = uxTaskResetEventItemValue();
 415:Middlewares/Third_Party/FreeRTOS/Source/event_groups.c **** 
 416:Middlewares/Third_Party/FreeRTOS/Source/event_groups.c **** 		if( ( uxReturn & eventUNBLOCKED_DUE_TO_BIT_SET ) == ( EventBits_t ) 0 )
 417:Middlewares/Third_Party/FreeRTOS/Source/event_groups.c **** 		{
 418:Middlewares/Third_Party/FreeRTOS/Source/event_groups.c **** 			taskENTER_CRITICAL();
 419:Middlewares/Third_Party/FreeRTOS/Source/event_groups.c **** 			{
 420:Middlewares/Third_Party/FreeRTOS/Source/event_groups.c **** 				/* The task timed out, just return the current event bit value. */
 421:Middlewares/Third_Party/FreeRTOS/Source/event_groups.c **** 				uxReturn = pxEventBits->uxEventBits;
 422:Middlewares/Third_Party/FreeRTOS/Source/event_groups.c **** 
 423:Middlewares/Third_Party/FreeRTOS/Source/event_groups.c **** 				/* It is possible that the event bits were updated between this
 424:Middlewares/Third_Party/FreeRTOS/Source/event_groups.c **** 				task leaving the Blocked state and running again. */
 425:Middlewares/Third_Party/FreeRTOS/Source/event_groups.c **** 				if( prvTestWaitCondition( uxReturn, uxBitsToWaitFor, xWaitForAllBits ) != pdFALSE )
 426:Middlewares/Third_Party/FreeRTOS/Source/event_groups.c **** 				{
 427:Middlewares/Third_Party/FreeRTOS/Source/event_groups.c **** 					if( xClearOnExit != pdFALSE )
 428:Middlewares/Third_Party/FreeRTOS/Source/event_groups.c **** 					{
 429:Middlewares/Third_Party/FreeRTOS/Source/event_groups.c **** 						pxEventBits->uxEventBits &= ~uxBitsToWaitFor;
 430:Middlewares/Third_Party/FreeRTOS/Source/event_groups.c **** 					}
 431:Middlewares/Third_Party/FreeRTOS/Source/event_groups.c **** 					else
ARM GAS  C:\Users\subdia\AppData\Local\Temp\ccevSk8M.s 			page 9


 432:Middlewares/Third_Party/FreeRTOS/Source/event_groups.c **** 					{
 433:Middlewares/Third_Party/FreeRTOS/Source/event_groups.c **** 						mtCOVERAGE_TEST_MARKER();
 434:Middlewares/Third_Party/FreeRTOS/Source/event_groups.c **** 					}
 435:Middlewares/Third_Party/FreeRTOS/Source/event_groups.c **** 				}
 436:Middlewares/Third_Party/FreeRTOS/Source/event_groups.c **** 				else
 437:Middlewares/Third_Party/FreeRTOS/Source/event_groups.c **** 				{
 438:Middlewares/Third_Party/FreeRTOS/Source/event_groups.c **** 					mtCOVERAGE_TEST_MARKER();
 439:Middlewares/Third_Party/FreeRTOS/Source/event_groups.c **** 				}
 440:Middlewares/Third_Party/FreeRTOS/Source/event_groups.c **** 				xTimeoutOccurred = pdTRUE;
 441:Middlewares/Third_Party/FreeRTOS/Source/event_groups.c **** 			}
 442:Middlewares/Third_Party/FreeRTOS/Source/event_groups.c **** 			taskEXIT_CRITICAL();
 443:Middlewares/Third_Party/FreeRTOS/Source/event_groups.c **** 		}
 444:Middlewares/Third_Party/FreeRTOS/Source/event_groups.c **** 		else
 445:Middlewares/Third_Party/FreeRTOS/Source/event_groups.c **** 		{
 446:Middlewares/Third_Party/FreeRTOS/Source/event_groups.c **** 			/* The task unblocked because the bits were set. */
 447:Middlewares/Third_Party/FreeRTOS/Source/event_groups.c **** 		}
 448:Middlewares/Third_Party/FreeRTOS/Source/event_groups.c **** 
 449:Middlewares/Third_Party/FreeRTOS/Source/event_groups.c **** 		/* The task blocked so control bits may have been set. */
 450:Middlewares/Third_Party/FreeRTOS/Source/event_groups.c **** 		uxReturn &= ~eventEVENT_BITS_CONTROL_BYTES;
 451:Middlewares/Third_Party/FreeRTOS/Source/event_groups.c **** 	}
 452:Middlewares/Third_Party/FreeRTOS/Source/event_groups.c **** 	traceEVENT_GROUP_WAIT_BITS_END( xEventGroup, uxBitsToWaitFor, xTimeoutOccurred );
 453:Middlewares/Third_Party/FreeRTOS/Source/event_groups.c **** 
 454:Middlewares/Third_Party/FreeRTOS/Source/event_groups.c **** 	/* Prevent compiler warnings when trace macros are not used. */
 455:Middlewares/Third_Party/FreeRTOS/Source/event_groups.c **** 	( void ) xTimeoutOccurred;
 456:Middlewares/Third_Party/FreeRTOS/Source/event_groups.c **** 
 457:Middlewares/Third_Party/FreeRTOS/Source/event_groups.c **** 	return uxReturn;
 458:Middlewares/Third_Party/FreeRTOS/Source/event_groups.c **** }
 459:Middlewares/Third_Party/FreeRTOS/Source/event_groups.c **** /*-----------------------------------------------------------*/
 460:Middlewares/Third_Party/FreeRTOS/Source/event_groups.c **** 
 461:Middlewares/Third_Party/FreeRTOS/Source/event_groups.c **** EventBits_t xEventGroupClearBits( EventGroupHandle_t xEventGroup, const EventBits_t uxBitsToClear )
 462:Middlewares/Third_Party/FreeRTOS/Source/event_groups.c **** {
 463:Middlewares/Third_Party/FreeRTOS/Source/event_groups.c **** EventGroup_t *pxEventBits = xEventGroup;
 464:Middlewares/Third_Party/FreeRTOS/Source/event_groups.c **** EventBits_t uxReturn;
 465:Middlewares/Third_Party/FreeRTOS/Source/event_groups.c **** 
 466:Middlewares/Third_Party/FreeRTOS/Source/event_groups.c **** 	/* Check the user is not attempting to clear the bits used by the kernel
 467:Middlewares/Third_Party/FreeRTOS/Source/event_groups.c **** 	itself. */
 468:Middlewares/Third_Party/FreeRTOS/Source/event_groups.c **** 	configASSERT( xEventGroup );
 469:Middlewares/Third_Party/FreeRTOS/Source/event_groups.c **** 	configASSERT( ( uxBitsToClear & eventEVENT_BITS_CONTROL_BYTES ) == 0 );
 470:Middlewares/Third_Party/FreeRTOS/Source/event_groups.c **** 
 471:Middlewares/Third_Party/FreeRTOS/Source/event_groups.c **** 	taskENTER_CRITICAL();
 472:Middlewares/Third_Party/FreeRTOS/Source/event_groups.c **** 	{
 473:Middlewares/Third_Party/FreeRTOS/Source/event_groups.c **** 		traceEVENT_GROUP_CLEAR_BITS( xEventGroup, uxBitsToClear );
 474:Middlewares/Third_Party/FreeRTOS/Source/event_groups.c **** 
 475:Middlewares/Third_Party/FreeRTOS/Source/event_groups.c **** 		/* The value returned is the event group value prior to the bits being
 476:Middlewares/Third_Party/FreeRTOS/Source/event_groups.c **** 		cleared. */
 477:Middlewares/Third_Party/FreeRTOS/Source/event_groups.c **** 		uxReturn = pxEventBits->uxEventBits;
 478:Middlewares/Third_Party/FreeRTOS/Source/event_groups.c **** 
 479:Middlewares/Third_Party/FreeRTOS/Source/event_groups.c **** 		/* Clear the bits. */
 480:Middlewares/Third_Party/FreeRTOS/Source/event_groups.c **** 		pxEventBits->uxEventBits &= ~uxBitsToClear;
 481:Middlewares/Third_Party/FreeRTOS/Source/event_groups.c **** 	}
 482:Middlewares/Third_Party/FreeRTOS/Source/event_groups.c **** 	taskEXIT_CRITICAL();
 483:Middlewares/Third_Party/FreeRTOS/Source/event_groups.c **** 
 484:Middlewares/Third_Party/FreeRTOS/Source/event_groups.c **** 	return uxReturn;
 485:Middlewares/Third_Party/FreeRTOS/Source/event_groups.c **** }
 486:Middlewares/Third_Party/FreeRTOS/Source/event_groups.c **** /*-----------------------------------------------------------*/
 487:Middlewares/Third_Party/FreeRTOS/Source/event_groups.c **** 
 488:Middlewares/Third_Party/FreeRTOS/Source/event_groups.c **** #if ( ( configUSE_TRACE_FACILITY == 1 ) && ( INCLUDE_xTimerPendFunctionCall == 1 ) && ( configUSE_T
ARM GAS  C:\Users\subdia\AppData\Local\Temp\ccevSk8M.s 			page 10


 489:Middlewares/Third_Party/FreeRTOS/Source/event_groups.c **** 
 490:Middlewares/Third_Party/FreeRTOS/Source/event_groups.c **** 	BaseType_t xEventGroupClearBitsFromISR( EventGroupHandle_t xEventGroup, const EventBits_t uxBitsTo
 491:Middlewares/Third_Party/FreeRTOS/Source/event_groups.c **** 	{
 492:Middlewares/Third_Party/FreeRTOS/Source/event_groups.c **** 		BaseType_t xReturn;
 493:Middlewares/Third_Party/FreeRTOS/Source/event_groups.c **** 
 494:Middlewares/Third_Party/FreeRTOS/Source/event_groups.c **** 		traceEVENT_GROUP_CLEAR_BITS_FROM_ISR( xEventGroup, uxBitsToClear );
 495:Middlewares/Third_Party/FreeRTOS/Source/event_groups.c **** 		xReturn = xTimerPendFunctionCallFromISR( vEventGroupClearBitsCallback, ( void * ) xEventGroup, ( 
 496:Middlewares/Third_Party/FreeRTOS/Source/event_groups.c **** 
 497:Middlewares/Third_Party/FreeRTOS/Source/event_groups.c **** 		return xReturn;
 498:Middlewares/Third_Party/FreeRTOS/Source/event_groups.c **** 	}
 499:Middlewares/Third_Party/FreeRTOS/Source/event_groups.c **** 
 500:Middlewares/Third_Party/FreeRTOS/Source/event_groups.c **** #endif
 501:Middlewares/Third_Party/FreeRTOS/Source/event_groups.c **** /*-----------------------------------------------------------*/
 502:Middlewares/Third_Party/FreeRTOS/Source/event_groups.c **** 
 503:Middlewares/Third_Party/FreeRTOS/Source/event_groups.c **** EventBits_t xEventGroupGetBitsFromISR( EventGroupHandle_t xEventGroup )
 504:Middlewares/Third_Party/FreeRTOS/Source/event_groups.c **** {
 505:Middlewares/Third_Party/FreeRTOS/Source/event_groups.c **** UBaseType_t uxSavedInterruptStatus;
 506:Middlewares/Third_Party/FreeRTOS/Source/event_groups.c **** EventGroup_t const * const pxEventBits = xEventGroup;
 507:Middlewares/Third_Party/FreeRTOS/Source/event_groups.c **** EventBits_t uxReturn;
 508:Middlewares/Third_Party/FreeRTOS/Source/event_groups.c **** 
 509:Middlewares/Third_Party/FreeRTOS/Source/event_groups.c **** 	uxSavedInterruptStatus = portSET_INTERRUPT_MASK_FROM_ISR();
 510:Middlewares/Third_Party/FreeRTOS/Source/event_groups.c **** 	{
 511:Middlewares/Third_Party/FreeRTOS/Source/event_groups.c **** 		uxReturn = pxEventBits->uxEventBits;
 512:Middlewares/Third_Party/FreeRTOS/Source/event_groups.c **** 	}
 513:Middlewares/Third_Party/FreeRTOS/Source/event_groups.c **** 	portCLEAR_INTERRUPT_MASK_FROM_ISR( uxSavedInterruptStatus );
 514:Middlewares/Third_Party/FreeRTOS/Source/event_groups.c **** 
 515:Middlewares/Third_Party/FreeRTOS/Source/event_groups.c **** 	return uxReturn;
 516:Middlewares/Third_Party/FreeRTOS/Source/event_groups.c **** } /*lint !e818 EventGroupHandle_t is a typedef used in other functions to so can't be pointer to co
 517:Middlewares/Third_Party/FreeRTOS/Source/event_groups.c **** /*-----------------------------------------------------------*/
 518:Middlewares/Third_Party/FreeRTOS/Source/event_groups.c **** 
 519:Middlewares/Third_Party/FreeRTOS/Source/event_groups.c **** EventBits_t xEventGroupSetBits( EventGroupHandle_t xEventGroup, const EventBits_t uxBitsToSet )
 520:Middlewares/Third_Party/FreeRTOS/Source/event_groups.c **** {
 521:Middlewares/Third_Party/FreeRTOS/Source/event_groups.c **** ListItem_t *pxListItem, *pxNext;
 522:Middlewares/Third_Party/FreeRTOS/Source/event_groups.c **** ListItem_t const *pxListEnd;
 523:Middlewares/Third_Party/FreeRTOS/Source/event_groups.c **** List_t const * pxList;
 524:Middlewares/Third_Party/FreeRTOS/Source/event_groups.c **** EventBits_t uxBitsToClear = 0, uxBitsWaitedFor, uxControlBits;
 525:Middlewares/Third_Party/FreeRTOS/Source/event_groups.c **** EventGroup_t *pxEventBits = xEventGroup;
 526:Middlewares/Third_Party/FreeRTOS/Source/event_groups.c **** BaseType_t xMatchFound = pdFALSE;
 527:Middlewares/Third_Party/FreeRTOS/Source/event_groups.c **** 
 528:Middlewares/Third_Party/FreeRTOS/Source/event_groups.c **** 	/* Check the user is not attempting to set the bits used by the kernel
 529:Middlewares/Third_Party/FreeRTOS/Source/event_groups.c **** 	itself. */
 530:Middlewares/Third_Party/FreeRTOS/Source/event_groups.c **** 	configASSERT( xEventGroup );
 531:Middlewares/Third_Party/FreeRTOS/Source/event_groups.c **** 	configASSERT( ( uxBitsToSet & eventEVENT_BITS_CONTROL_BYTES ) == 0 );
 532:Middlewares/Third_Party/FreeRTOS/Source/event_groups.c **** 
 533:Middlewares/Third_Party/FreeRTOS/Source/event_groups.c **** 	pxList = &( pxEventBits->xTasksWaitingForBits );
 534:Middlewares/Third_Party/FreeRTOS/Source/event_groups.c **** 	pxListEnd = listGET_END_MARKER( pxList ); /*lint !e826 !e740 !e9087 The mini list structure is use
 535:Middlewares/Third_Party/FreeRTOS/Source/event_groups.c **** 	vTaskSuspendAll();
 536:Middlewares/Third_Party/FreeRTOS/Source/event_groups.c **** 	{
 537:Middlewares/Third_Party/FreeRTOS/Source/event_groups.c **** 		traceEVENT_GROUP_SET_BITS( xEventGroup, uxBitsToSet );
 538:Middlewares/Third_Party/FreeRTOS/Source/event_groups.c **** 
 539:Middlewares/Third_Party/FreeRTOS/Source/event_groups.c **** 		pxListItem = listGET_HEAD_ENTRY( pxList );
 540:Middlewares/Third_Party/FreeRTOS/Source/event_groups.c **** 
 541:Middlewares/Third_Party/FreeRTOS/Source/event_groups.c **** 		/* Set the bits. */
 542:Middlewares/Third_Party/FreeRTOS/Source/event_groups.c **** 		pxEventBits->uxEventBits |= uxBitsToSet;
 543:Middlewares/Third_Party/FreeRTOS/Source/event_groups.c **** 
 544:Middlewares/Third_Party/FreeRTOS/Source/event_groups.c **** 		/* See if the new bit value should unblock any tasks. */
 545:Middlewares/Third_Party/FreeRTOS/Source/event_groups.c **** 		while( pxListItem != pxListEnd )
ARM GAS  C:\Users\subdia\AppData\Local\Temp\ccevSk8M.s 			page 11


 546:Middlewares/Third_Party/FreeRTOS/Source/event_groups.c **** 		{
 547:Middlewares/Third_Party/FreeRTOS/Source/event_groups.c **** 			pxNext = listGET_NEXT( pxListItem );
 548:Middlewares/Third_Party/FreeRTOS/Source/event_groups.c **** 			uxBitsWaitedFor = listGET_LIST_ITEM_VALUE( pxListItem );
 549:Middlewares/Third_Party/FreeRTOS/Source/event_groups.c **** 			xMatchFound = pdFALSE;
 550:Middlewares/Third_Party/FreeRTOS/Source/event_groups.c **** 
 551:Middlewares/Third_Party/FreeRTOS/Source/event_groups.c **** 			/* Split the bits waited for from the control bits. */
 552:Middlewares/Third_Party/FreeRTOS/Source/event_groups.c **** 			uxControlBits = uxBitsWaitedFor & eventEVENT_BITS_CONTROL_BYTES;
 553:Middlewares/Third_Party/FreeRTOS/Source/event_groups.c **** 			uxBitsWaitedFor &= ~eventEVENT_BITS_CONTROL_BYTES;
 554:Middlewares/Third_Party/FreeRTOS/Source/event_groups.c **** 
 555:Middlewares/Third_Party/FreeRTOS/Source/event_groups.c **** 			if( ( uxControlBits & eventWAIT_FOR_ALL_BITS ) == ( EventBits_t ) 0 )
 556:Middlewares/Third_Party/FreeRTOS/Source/event_groups.c **** 			{
 557:Middlewares/Third_Party/FreeRTOS/Source/event_groups.c **** 				/* Just looking for single bit being set. */
 558:Middlewares/Third_Party/FreeRTOS/Source/event_groups.c **** 				if( ( uxBitsWaitedFor & pxEventBits->uxEventBits ) != ( EventBits_t ) 0 )
 559:Middlewares/Third_Party/FreeRTOS/Source/event_groups.c **** 				{
 560:Middlewares/Third_Party/FreeRTOS/Source/event_groups.c **** 					xMatchFound = pdTRUE;
 561:Middlewares/Third_Party/FreeRTOS/Source/event_groups.c **** 				}
 562:Middlewares/Third_Party/FreeRTOS/Source/event_groups.c **** 				else
 563:Middlewares/Third_Party/FreeRTOS/Source/event_groups.c **** 				{
 564:Middlewares/Third_Party/FreeRTOS/Source/event_groups.c **** 					mtCOVERAGE_TEST_MARKER();
 565:Middlewares/Third_Party/FreeRTOS/Source/event_groups.c **** 				}
 566:Middlewares/Third_Party/FreeRTOS/Source/event_groups.c **** 			}
 567:Middlewares/Third_Party/FreeRTOS/Source/event_groups.c **** 			else if( ( uxBitsWaitedFor & pxEventBits->uxEventBits ) == uxBitsWaitedFor )
 568:Middlewares/Third_Party/FreeRTOS/Source/event_groups.c **** 			{
 569:Middlewares/Third_Party/FreeRTOS/Source/event_groups.c **** 				/* All bits are set. */
 570:Middlewares/Third_Party/FreeRTOS/Source/event_groups.c **** 				xMatchFound = pdTRUE;
 571:Middlewares/Third_Party/FreeRTOS/Source/event_groups.c **** 			}
 572:Middlewares/Third_Party/FreeRTOS/Source/event_groups.c **** 			else
 573:Middlewares/Third_Party/FreeRTOS/Source/event_groups.c **** 			{
 574:Middlewares/Third_Party/FreeRTOS/Source/event_groups.c **** 				/* Need all bits to be set, but not all the bits were set. */
 575:Middlewares/Third_Party/FreeRTOS/Source/event_groups.c **** 			}
 576:Middlewares/Third_Party/FreeRTOS/Source/event_groups.c **** 
 577:Middlewares/Third_Party/FreeRTOS/Source/event_groups.c **** 			if( xMatchFound != pdFALSE )
 578:Middlewares/Third_Party/FreeRTOS/Source/event_groups.c **** 			{
 579:Middlewares/Third_Party/FreeRTOS/Source/event_groups.c **** 				/* The bits match.  Should the bits be cleared on exit? */
 580:Middlewares/Third_Party/FreeRTOS/Source/event_groups.c **** 				if( ( uxControlBits & eventCLEAR_EVENTS_ON_EXIT_BIT ) != ( EventBits_t ) 0 )
 581:Middlewares/Third_Party/FreeRTOS/Source/event_groups.c **** 				{
 582:Middlewares/Third_Party/FreeRTOS/Source/event_groups.c **** 					uxBitsToClear |= uxBitsWaitedFor;
 583:Middlewares/Third_Party/FreeRTOS/Source/event_groups.c **** 				}
 584:Middlewares/Third_Party/FreeRTOS/Source/event_groups.c **** 				else
 585:Middlewares/Third_Party/FreeRTOS/Source/event_groups.c **** 				{
 586:Middlewares/Third_Party/FreeRTOS/Source/event_groups.c **** 					mtCOVERAGE_TEST_MARKER();
 587:Middlewares/Third_Party/FreeRTOS/Source/event_groups.c **** 				}
 588:Middlewares/Third_Party/FreeRTOS/Source/event_groups.c **** 
 589:Middlewares/Third_Party/FreeRTOS/Source/event_groups.c **** 				/* Store the actual event flag value in the task's event list
 590:Middlewares/Third_Party/FreeRTOS/Source/event_groups.c **** 				item before removing the task from the event list.  The
 591:Middlewares/Third_Party/FreeRTOS/Source/event_groups.c **** 				eventUNBLOCKED_DUE_TO_BIT_SET bit is set so the task knows
 592:Middlewares/Third_Party/FreeRTOS/Source/event_groups.c **** 				that is was unblocked due to its required bits matching, rather
 593:Middlewares/Third_Party/FreeRTOS/Source/event_groups.c **** 				than because it timed out. */
 594:Middlewares/Third_Party/FreeRTOS/Source/event_groups.c **** 				vTaskRemoveFromUnorderedEventList( pxListItem, pxEventBits->uxEventBits | eventUNBLOCKED_DUE_TO
 595:Middlewares/Third_Party/FreeRTOS/Source/event_groups.c **** 			}
 596:Middlewares/Third_Party/FreeRTOS/Source/event_groups.c **** 
 597:Middlewares/Third_Party/FreeRTOS/Source/event_groups.c **** 			/* Move onto the next list item.  Note pxListItem->pxNext is not
 598:Middlewares/Third_Party/FreeRTOS/Source/event_groups.c **** 			used here as the list item may have been removed from the event list
 599:Middlewares/Third_Party/FreeRTOS/Source/event_groups.c **** 			and inserted into the ready/pending reading list. */
 600:Middlewares/Third_Party/FreeRTOS/Source/event_groups.c **** 			pxListItem = pxNext;
 601:Middlewares/Third_Party/FreeRTOS/Source/event_groups.c **** 		}
 602:Middlewares/Third_Party/FreeRTOS/Source/event_groups.c **** 
ARM GAS  C:\Users\subdia\AppData\Local\Temp\ccevSk8M.s 			page 12


 603:Middlewares/Third_Party/FreeRTOS/Source/event_groups.c **** 		/* Clear any bits that matched when the eventCLEAR_EVENTS_ON_EXIT_BIT
 604:Middlewares/Third_Party/FreeRTOS/Source/event_groups.c **** 		bit was set in the control word. */
 605:Middlewares/Third_Party/FreeRTOS/Source/event_groups.c **** 		pxEventBits->uxEventBits &= ~uxBitsToClear;
 606:Middlewares/Third_Party/FreeRTOS/Source/event_groups.c **** 	}
 607:Middlewares/Third_Party/FreeRTOS/Source/event_groups.c **** 	( void ) xTaskResumeAll();
 608:Middlewares/Third_Party/FreeRTOS/Source/event_groups.c **** 
 609:Middlewares/Third_Party/FreeRTOS/Source/event_groups.c **** 	return pxEventBits->uxEventBits;
 610:Middlewares/Third_Party/FreeRTOS/Source/event_groups.c **** }
 611:Middlewares/Third_Party/FreeRTOS/Source/event_groups.c **** /*-----------------------------------------------------------*/
 612:Middlewares/Third_Party/FreeRTOS/Source/event_groups.c **** 
 613:Middlewares/Third_Party/FreeRTOS/Source/event_groups.c **** void vEventGroupDelete( EventGroupHandle_t xEventGroup )
 614:Middlewares/Third_Party/FreeRTOS/Source/event_groups.c **** {
 615:Middlewares/Third_Party/FreeRTOS/Source/event_groups.c **** EventGroup_t *pxEventBits = xEventGroup;
 616:Middlewares/Third_Party/FreeRTOS/Source/event_groups.c **** const List_t *pxTasksWaitingForBits = &( pxEventBits->xTasksWaitingForBits );
 617:Middlewares/Third_Party/FreeRTOS/Source/event_groups.c **** 
 618:Middlewares/Third_Party/FreeRTOS/Source/event_groups.c **** 	vTaskSuspendAll();
 619:Middlewares/Third_Party/FreeRTOS/Source/event_groups.c **** 	{
 620:Middlewares/Third_Party/FreeRTOS/Source/event_groups.c **** 		traceEVENT_GROUP_DELETE( xEventGroup );
 621:Middlewares/Third_Party/FreeRTOS/Source/event_groups.c **** 
 622:Middlewares/Third_Party/FreeRTOS/Source/event_groups.c **** 		while( listCURRENT_LIST_LENGTH( pxTasksWaitingForBits ) > ( UBaseType_t ) 0 )
 623:Middlewares/Third_Party/FreeRTOS/Source/event_groups.c **** 		{
 624:Middlewares/Third_Party/FreeRTOS/Source/event_groups.c **** 			/* Unblock the task, returning 0 as the event list is being deleted
 625:Middlewares/Third_Party/FreeRTOS/Source/event_groups.c **** 			and cannot therefore have any bits set. */
 626:Middlewares/Third_Party/FreeRTOS/Source/event_groups.c **** 			configASSERT( pxTasksWaitingForBits->xListEnd.pxNext != ( const ListItem_t * ) &( pxTasksWaiting
 627:Middlewares/Third_Party/FreeRTOS/Source/event_groups.c **** 			vTaskRemoveFromUnorderedEventList( pxTasksWaitingForBits->xListEnd.pxNext, eventUNBLOCKED_DUE_TO
 628:Middlewares/Third_Party/FreeRTOS/Source/event_groups.c **** 		}
 629:Middlewares/Third_Party/FreeRTOS/Source/event_groups.c **** 
 630:Middlewares/Third_Party/FreeRTOS/Source/event_groups.c **** 		#if( ( configSUPPORT_DYNAMIC_ALLOCATION == 1 ) && ( configSUPPORT_STATIC_ALLOCATION == 0 ) )
 631:Middlewares/Third_Party/FreeRTOS/Source/event_groups.c **** 		{
 632:Middlewares/Third_Party/FreeRTOS/Source/event_groups.c **** 			/* The event group can only have been allocated dynamically - free
 633:Middlewares/Third_Party/FreeRTOS/Source/event_groups.c **** 			it again. */
 634:Middlewares/Third_Party/FreeRTOS/Source/event_groups.c **** 			vPortFree( pxEventBits );
 635:Middlewares/Third_Party/FreeRTOS/Source/event_groups.c **** 		}
 636:Middlewares/Third_Party/FreeRTOS/Source/event_groups.c **** 		#elif( ( configSUPPORT_DYNAMIC_ALLOCATION == 1 ) && ( configSUPPORT_STATIC_ALLOCATION == 1 ) )
 637:Middlewares/Third_Party/FreeRTOS/Source/event_groups.c **** 		{
 638:Middlewares/Third_Party/FreeRTOS/Source/event_groups.c **** 			/* The event group could have been allocated statically or
 639:Middlewares/Third_Party/FreeRTOS/Source/event_groups.c **** 			dynamically, so check before attempting to free the memory. */
 640:Middlewares/Third_Party/FreeRTOS/Source/event_groups.c **** 			if( pxEventBits->ucStaticallyAllocated == ( uint8_t ) pdFALSE )
 641:Middlewares/Third_Party/FreeRTOS/Source/event_groups.c **** 			{
 642:Middlewares/Third_Party/FreeRTOS/Source/event_groups.c **** 				vPortFree( pxEventBits );
 643:Middlewares/Third_Party/FreeRTOS/Source/event_groups.c **** 			}
 644:Middlewares/Third_Party/FreeRTOS/Source/event_groups.c **** 			else
 645:Middlewares/Third_Party/FreeRTOS/Source/event_groups.c **** 			{
 646:Middlewares/Third_Party/FreeRTOS/Source/event_groups.c **** 				mtCOVERAGE_TEST_MARKER();
 647:Middlewares/Third_Party/FreeRTOS/Source/event_groups.c **** 			}
 648:Middlewares/Third_Party/FreeRTOS/Source/event_groups.c **** 		}
 649:Middlewares/Third_Party/FreeRTOS/Source/event_groups.c **** 		#endif /* configSUPPORT_DYNAMIC_ALLOCATION */
 650:Middlewares/Third_Party/FreeRTOS/Source/event_groups.c **** 	}
 651:Middlewares/Third_Party/FreeRTOS/Source/event_groups.c **** 	( void ) xTaskResumeAll();
 652:Middlewares/Third_Party/FreeRTOS/Source/event_groups.c **** }
 653:Middlewares/Third_Party/FreeRTOS/Source/event_groups.c **** /*-----------------------------------------------------------*/
 654:Middlewares/Third_Party/FreeRTOS/Source/event_groups.c **** 
 655:Middlewares/Third_Party/FreeRTOS/Source/event_groups.c **** /* For internal use only - execute a 'set bits' command that was pended from
 656:Middlewares/Third_Party/FreeRTOS/Source/event_groups.c **** an interrupt. */
 657:Middlewares/Third_Party/FreeRTOS/Source/event_groups.c **** void vEventGroupSetBitsCallback( void *pvEventGroup, const uint32_t ulBitsToSet )
 658:Middlewares/Third_Party/FreeRTOS/Source/event_groups.c **** {
 659:Middlewares/Third_Party/FreeRTOS/Source/event_groups.c **** 	( void ) xEventGroupSetBits( pvEventGroup, ( EventBits_t ) ulBitsToSet ); /*lint !e9079 Can't avoi
ARM GAS  C:\Users\subdia\AppData\Local\Temp\ccevSk8M.s 			page 13


 660:Middlewares/Third_Party/FreeRTOS/Source/event_groups.c **** }
 661:Middlewares/Third_Party/FreeRTOS/Source/event_groups.c **** /*-----------------------------------------------------------*/
 662:Middlewares/Third_Party/FreeRTOS/Source/event_groups.c **** 
 663:Middlewares/Third_Party/FreeRTOS/Source/event_groups.c **** /* For internal use only - execute a 'clear bits' command that was pended from
 664:Middlewares/Third_Party/FreeRTOS/Source/event_groups.c **** an interrupt. */
 665:Middlewares/Third_Party/FreeRTOS/Source/event_groups.c **** void vEventGroupClearBitsCallback( void *pvEventGroup, const uint32_t ulBitsToClear )
 666:Middlewares/Third_Party/FreeRTOS/Source/event_groups.c **** {
 667:Middlewares/Third_Party/FreeRTOS/Source/event_groups.c **** 	( void ) xEventGroupClearBits( pvEventGroup, ( EventBits_t ) ulBitsToClear ); /*lint !e9079 Can't 
 668:Middlewares/Third_Party/FreeRTOS/Source/event_groups.c **** }
 669:Middlewares/Third_Party/FreeRTOS/Source/event_groups.c **** /*-----------------------------------------------------------*/
 670:Middlewares/Third_Party/FreeRTOS/Source/event_groups.c **** 
 671:Middlewares/Third_Party/FreeRTOS/Source/event_groups.c **** static BaseType_t prvTestWaitCondition( const EventBits_t uxCurrentEventBits, const EventBits_t uxB
 672:Middlewares/Third_Party/FreeRTOS/Source/event_groups.c **** {
  27              		.loc 1 672 1 view -0
  28              		.cfi_startproc
  29              		@ args = 0, pretend = 0, frame = 0
  30              		@ frame_needed = 0, uses_anonymous_args = 0
  31              		@ link register save eliminated.
 673:Middlewares/Third_Party/FreeRTOS/Source/event_groups.c **** BaseType_t xWaitConditionMet = pdFALSE;
  32              		.loc 1 673 1 view .LVU1
 674:Middlewares/Third_Party/FreeRTOS/Source/event_groups.c **** 
 675:Middlewares/Third_Party/FreeRTOS/Source/event_groups.c **** 	if( xWaitForAllBits == pdFALSE )
  33              		.loc 1 675 2 view .LVU2
  34              		.loc 1 675 4 is_stmt 0 view .LVU3
  35 0000 1AB9     		cbnz	r2, .L2
 676:Middlewares/Third_Party/FreeRTOS/Source/event_groups.c **** 	{
 677:Middlewares/Third_Party/FreeRTOS/Source/event_groups.c **** 		/* Task only has to wait for one bit within uxBitsToWaitFor to be
 678:Middlewares/Third_Party/FreeRTOS/Source/event_groups.c **** 		set.  Is one already set? */
 679:Middlewares/Third_Party/FreeRTOS/Source/event_groups.c **** 		if( ( uxCurrentEventBits & uxBitsToWaitFor ) != ( EventBits_t ) 0 )
  36              		.loc 1 679 3 is_stmt 1 view .LVU4
  37              		.loc 1 679 5 is_stmt 0 view .LVU5
  38 0002 0842     		tst	r0, r1
  39 0004 05D1     		bne	.L4
 673:Middlewares/Third_Party/FreeRTOS/Source/event_groups.c **** 
  40              		.loc 1 673 12 view .LVU6
  41 0006 1046     		mov	r0, r2
  42              	.LVL1:
 673:Middlewares/Third_Party/FreeRTOS/Source/event_groups.c **** 
  43              		.loc 1 673 12 view .LVU7
  44 0008 7047     		bx	lr
  45              	.LVL2:
  46              	.L2:
 680:Middlewares/Third_Party/FreeRTOS/Source/event_groups.c **** 		{
 681:Middlewares/Third_Party/FreeRTOS/Source/event_groups.c **** 			xWaitConditionMet = pdTRUE;
 682:Middlewares/Third_Party/FreeRTOS/Source/event_groups.c **** 		}
 683:Middlewares/Third_Party/FreeRTOS/Source/event_groups.c **** 		else
 684:Middlewares/Third_Party/FreeRTOS/Source/event_groups.c **** 		{
 685:Middlewares/Third_Party/FreeRTOS/Source/event_groups.c **** 			mtCOVERAGE_TEST_MARKER();
 686:Middlewares/Third_Party/FreeRTOS/Source/event_groups.c **** 		}
 687:Middlewares/Third_Party/FreeRTOS/Source/event_groups.c **** 	}
 688:Middlewares/Third_Party/FreeRTOS/Source/event_groups.c **** 	else
 689:Middlewares/Third_Party/FreeRTOS/Source/event_groups.c **** 	{
 690:Middlewares/Third_Party/FreeRTOS/Source/event_groups.c **** 		/* Task has to wait for all the bits in uxBitsToWaitFor to be set.
 691:Middlewares/Third_Party/FreeRTOS/Source/event_groups.c **** 		Are they set already? */
 692:Middlewares/Third_Party/FreeRTOS/Source/event_groups.c **** 		if( ( uxCurrentEventBits & uxBitsToWaitFor ) == uxBitsToWaitFor )
  47              		.loc 1 692 3 is_stmt 1 view .LVU8
  48              		.loc 1 692 5 is_stmt 0 view .LVU9
ARM GAS  C:\Users\subdia\AppData\Local\Temp\ccevSk8M.s 			page 14


  49 000a 8143     		bics	r1, r1, r0
  50              	.LVL3:
  51              		.loc 1 692 5 view .LVU10
  52 000c 03D0     		beq	.L5
 673:Middlewares/Third_Party/FreeRTOS/Source/event_groups.c **** 
  53              		.loc 1 673 12 view .LVU11
  54 000e 0020     		movs	r0, #0
  55              	.LVL4:
 673:Middlewares/Third_Party/FreeRTOS/Source/event_groups.c **** 
  56              		.loc 1 673 12 view .LVU12
  57 0010 7047     		bx	lr
  58              	.LVL5:
  59              	.L4:
 681:Middlewares/Third_Party/FreeRTOS/Source/event_groups.c **** 		}
  60              		.loc 1 681 22 view .LVU13
  61 0012 0120     		movs	r0, #1
  62              	.LVL6:
 681:Middlewares/Third_Party/FreeRTOS/Source/event_groups.c **** 		}
  63              		.loc 1 681 22 view .LVU14
  64 0014 7047     		bx	lr
  65              	.LVL7:
  66              	.L5:
 693:Middlewares/Third_Party/FreeRTOS/Source/event_groups.c **** 		{
 694:Middlewares/Third_Party/FreeRTOS/Source/event_groups.c **** 			xWaitConditionMet = pdTRUE;
  67              		.loc 1 694 22 view .LVU15
  68 0016 0120     		movs	r0, #1
  69              	.LVL8:
 695:Middlewares/Third_Party/FreeRTOS/Source/event_groups.c **** 		}
 696:Middlewares/Third_Party/FreeRTOS/Source/event_groups.c **** 		else
 697:Middlewares/Third_Party/FreeRTOS/Source/event_groups.c **** 		{
 698:Middlewares/Third_Party/FreeRTOS/Source/event_groups.c **** 			mtCOVERAGE_TEST_MARKER();
  70              		.loc 1 698 28 is_stmt 1 view .LVU16
 699:Middlewares/Third_Party/FreeRTOS/Source/event_groups.c **** 		}
 700:Middlewares/Third_Party/FreeRTOS/Source/event_groups.c **** 	}
 701:Middlewares/Third_Party/FreeRTOS/Source/event_groups.c **** 
 702:Middlewares/Third_Party/FreeRTOS/Source/event_groups.c **** 	return xWaitConditionMet;
  71              		.loc 1 702 2 view .LVU17
 703:Middlewares/Third_Party/FreeRTOS/Source/event_groups.c **** }
  72              		.loc 1 703 1 is_stmt 0 view .LVU18
  73 0018 7047     		bx	lr
  74              		.cfi_endproc
  75              	.LFE15:
  77              		.section	.text.xEventGroupCreateStatic,"ax",%progbits
  78              		.align	1
  79              		.global	xEventGroupCreateStatic
  80              		.syntax unified
  81              		.thumb
  82              		.thumb_func
  84              	xEventGroupCreateStatic:
  85              	.LVL9:
  86              	.LFB5:
  94:Middlewares/Third_Party/FreeRTOS/Source/event_groups.c **** 	EventGroup_t *pxEventBits;
  87              		.loc 1 94 2 is_stmt 1 view -0
  88              		.cfi_startproc
  89              		@ args = 0, pretend = 0, frame = 8
  90              		@ frame_needed = 0, uses_anonymous_args = 0
  95:Middlewares/Third_Party/FreeRTOS/Source/event_groups.c **** 
ARM GAS  C:\Users\subdia\AppData\Local\Temp\ccevSk8M.s 			page 15


  91              		.loc 1 95 2 view .LVU20
  98:Middlewares/Third_Party/FreeRTOS/Source/event_groups.c **** 
  92              		.loc 1 98 3 view .LVU21
  93 0000 78B1     		cbz	r0, .L13
  94:Middlewares/Third_Party/FreeRTOS/Source/event_groups.c **** 	EventGroup_t *pxEventBits;
  94              		.loc 1 94 2 is_stmt 0 view .LVU22
  95 0002 10B5     		push	{r4, lr}
  96              	.LCFI0:
  97              		.cfi_def_cfa_offset 8
  98              		.cfi_offset 4, -8
  99              		.cfi_offset 14, -4
 100 0004 82B0     		sub	sp, sp, #8
 101              	.LCFI1:
 102              		.cfi_def_cfa_offset 16
  98:Middlewares/Third_Party/FreeRTOS/Source/event_groups.c **** 
 103              		.loc 1 98 37 is_stmt 1 view .LVU23
 104              	.LBB36:
 105:Middlewares/Third_Party/FreeRTOS/Source/event_groups.c **** 			configASSERT( xSize == sizeof( EventGroup_t ) );
 105              		.loc 1 105 4 view .LVU24
 105:Middlewares/Third_Party/FreeRTOS/Source/event_groups.c **** 			configASSERT( xSize == sizeof( EventGroup_t ) );
 106              		.loc 1 105 20 is_stmt 0 view .LVU25
 107 0006 1C23     		movs	r3, #28
 108 0008 0193     		str	r3, [sp, #4]
 106:Middlewares/Third_Party/FreeRTOS/Source/event_groups.c **** 		} /*lint !e529 xSize is referenced if configASSERT() is defined. */
 109              		.loc 1 106 4 is_stmt 1 view .LVU26
 110 000a 019B     		ldr	r3, [sp, #4]
 111 000c 1C2B     		cmp	r3, #28
 112 000e 11D0     		beq	.L9
 106:Middlewares/Third_Party/FreeRTOS/Source/event_groups.c **** 		} /*lint !e529 xSize is referenced if configASSERT() is defined. */
 113              		.loc 1 106 4 discriminator 1 view .LVU27
 114              	.LBB37:
 115              	.LBI37:
 116              		.file 2 "Middlewares/Third_Party/FreeRTOS/Source/portable/GCC/ARM_CM3/portmacro.h"
   1:Middlewares/Third_Party/FreeRTOS/Source/portable/GCC/ARM_CM3/portmacro.h **** /*
   2:Middlewares/Third_Party/FreeRTOS/Source/portable/GCC/ARM_CM3/portmacro.h ****  * FreeRTOS Kernel V10.3.1
   3:Middlewares/Third_Party/FreeRTOS/Source/portable/GCC/ARM_CM3/portmacro.h ****  * Copyright (C) 2020 Amazon.com, Inc. or its affiliates.  All Rights Reserved.
   4:Middlewares/Third_Party/FreeRTOS/Source/portable/GCC/ARM_CM3/portmacro.h ****  *
   5:Middlewares/Third_Party/FreeRTOS/Source/portable/GCC/ARM_CM3/portmacro.h ****  * Permission is hereby granted, free of charge, to any person obtaining a copy of
   6:Middlewares/Third_Party/FreeRTOS/Source/portable/GCC/ARM_CM3/portmacro.h ****  * this software and associated documentation files (the "Software"), to deal in
   7:Middlewares/Third_Party/FreeRTOS/Source/portable/GCC/ARM_CM3/portmacro.h ****  * the Software without restriction, including without limitation the rights to
   8:Middlewares/Third_Party/FreeRTOS/Source/portable/GCC/ARM_CM3/portmacro.h ****  * use, copy, modify, merge, publish, distribute, sublicense, and/or sell copies of
   9:Middlewares/Third_Party/FreeRTOS/Source/portable/GCC/ARM_CM3/portmacro.h ****  * the Software, and to permit persons to whom the Software is furnished to do so,
  10:Middlewares/Third_Party/FreeRTOS/Source/portable/GCC/ARM_CM3/portmacro.h ****  * subject to the following conditions:
  11:Middlewares/Third_Party/FreeRTOS/Source/portable/GCC/ARM_CM3/portmacro.h ****  *
  12:Middlewares/Third_Party/FreeRTOS/Source/portable/GCC/ARM_CM3/portmacro.h ****  * The above copyright notice and this permission notice shall be included in all
  13:Middlewares/Third_Party/FreeRTOS/Source/portable/GCC/ARM_CM3/portmacro.h ****  * copies or substantial portions of the Software.
  14:Middlewares/Third_Party/FreeRTOS/Source/portable/GCC/ARM_CM3/portmacro.h ****  *
  15:Middlewares/Third_Party/FreeRTOS/Source/portable/GCC/ARM_CM3/portmacro.h ****  * THE SOFTWARE IS PROVIDED "AS IS", WITHOUT WARRANTY OF ANY KIND, EXPRESS OR
  16:Middlewares/Third_Party/FreeRTOS/Source/portable/GCC/ARM_CM3/portmacro.h ****  * IMPLIED, INCLUDING BUT NOT LIMITED TO THE WARRANTIES OF MERCHANTABILITY, FITNESS
  17:Middlewares/Third_Party/FreeRTOS/Source/portable/GCC/ARM_CM3/portmacro.h ****  * FOR A PARTICULAR PURPOSE AND NONINFRINGEMENT. IN NO EVENT SHALL THE AUTHORS OR
  18:Middlewares/Third_Party/FreeRTOS/Source/portable/GCC/ARM_CM3/portmacro.h ****  * COPYRIGHT HOLDERS BE LIABLE FOR ANY CLAIM, DAMAGES OR OTHER LIABILITY, WHETHER
  19:Middlewares/Third_Party/FreeRTOS/Source/portable/GCC/ARM_CM3/portmacro.h ****  * IN AN ACTION OF CONTRACT, TORT OR OTHERWISE, ARISING FROM, OUT OF OR IN
  20:Middlewares/Third_Party/FreeRTOS/Source/portable/GCC/ARM_CM3/portmacro.h ****  * CONNECTION WITH THE SOFTWARE OR THE USE OR OTHER DEALINGS IN THE SOFTWARE.
  21:Middlewares/Third_Party/FreeRTOS/Source/portable/GCC/ARM_CM3/portmacro.h ****  *
  22:Middlewares/Third_Party/FreeRTOS/Source/portable/GCC/ARM_CM3/portmacro.h ****  * http://www.FreeRTOS.org
  23:Middlewares/Third_Party/FreeRTOS/Source/portable/GCC/ARM_CM3/portmacro.h ****  * http://aws.amazon.com/freertos
  24:Middlewares/Third_Party/FreeRTOS/Source/portable/GCC/ARM_CM3/portmacro.h ****  *
ARM GAS  C:\Users\subdia\AppData\Local\Temp\ccevSk8M.s 			page 16


  25:Middlewares/Third_Party/FreeRTOS/Source/portable/GCC/ARM_CM3/portmacro.h ****  * 1 tab == 4 spaces!
  26:Middlewares/Third_Party/FreeRTOS/Source/portable/GCC/ARM_CM3/portmacro.h ****  */
  27:Middlewares/Third_Party/FreeRTOS/Source/portable/GCC/ARM_CM3/portmacro.h **** 
  28:Middlewares/Third_Party/FreeRTOS/Source/portable/GCC/ARM_CM3/portmacro.h **** 
  29:Middlewares/Third_Party/FreeRTOS/Source/portable/GCC/ARM_CM3/portmacro.h **** #ifndef PORTMACRO_H
  30:Middlewares/Third_Party/FreeRTOS/Source/portable/GCC/ARM_CM3/portmacro.h **** #define PORTMACRO_H
  31:Middlewares/Third_Party/FreeRTOS/Source/portable/GCC/ARM_CM3/portmacro.h **** 
  32:Middlewares/Third_Party/FreeRTOS/Source/portable/GCC/ARM_CM3/portmacro.h **** #ifdef __cplusplus
  33:Middlewares/Third_Party/FreeRTOS/Source/portable/GCC/ARM_CM3/portmacro.h **** extern "C" {
  34:Middlewares/Third_Party/FreeRTOS/Source/portable/GCC/ARM_CM3/portmacro.h **** #endif
  35:Middlewares/Third_Party/FreeRTOS/Source/portable/GCC/ARM_CM3/portmacro.h **** 
  36:Middlewares/Third_Party/FreeRTOS/Source/portable/GCC/ARM_CM3/portmacro.h **** /*-----------------------------------------------------------
  37:Middlewares/Third_Party/FreeRTOS/Source/portable/GCC/ARM_CM3/portmacro.h ****  * Port specific definitions.
  38:Middlewares/Third_Party/FreeRTOS/Source/portable/GCC/ARM_CM3/portmacro.h ****  *
  39:Middlewares/Third_Party/FreeRTOS/Source/portable/GCC/ARM_CM3/portmacro.h ****  * The settings in this file configure FreeRTOS correctly for the
  40:Middlewares/Third_Party/FreeRTOS/Source/portable/GCC/ARM_CM3/portmacro.h ****  * given hardware and compiler.
  41:Middlewares/Third_Party/FreeRTOS/Source/portable/GCC/ARM_CM3/portmacro.h ****  *
  42:Middlewares/Third_Party/FreeRTOS/Source/portable/GCC/ARM_CM3/portmacro.h ****  * These settings should not be altered.
  43:Middlewares/Third_Party/FreeRTOS/Source/portable/GCC/ARM_CM3/portmacro.h ****  *-----------------------------------------------------------
  44:Middlewares/Third_Party/FreeRTOS/Source/portable/GCC/ARM_CM3/portmacro.h ****  */
  45:Middlewares/Third_Party/FreeRTOS/Source/portable/GCC/ARM_CM3/portmacro.h **** 
  46:Middlewares/Third_Party/FreeRTOS/Source/portable/GCC/ARM_CM3/portmacro.h **** /* Type definitions. */
  47:Middlewares/Third_Party/FreeRTOS/Source/portable/GCC/ARM_CM3/portmacro.h **** #define portCHAR		char
  48:Middlewares/Third_Party/FreeRTOS/Source/portable/GCC/ARM_CM3/portmacro.h **** #define portFLOAT		float
  49:Middlewares/Third_Party/FreeRTOS/Source/portable/GCC/ARM_CM3/portmacro.h **** #define portDOUBLE		double
  50:Middlewares/Third_Party/FreeRTOS/Source/portable/GCC/ARM_CM3/portmacro.h **** #define portLONG		long
  51:Middlewares/Third_Party/FreeRTOS/Source/portable/GCC/ARM_CM3/portmacro.h **** #define portSHORT		short
  52:Middlewares/Third_Party/FreeRTOS/Source/portable/GCC/ARM_CM3/portmacro.h **** #define portSTACK_TYPE	uint32_t
  53:Middlewares/Third_Party/FreeRTOS/Source/portable/GCC/ARM_CM3/portmacro.h **** #define portBASE_TYPE	long
  54:Middlewares/Third_Party/FreeRTOS/Source/portable/GCC/ARM_CM3/portmacro.h **** 
  55:Middlewares/Third_Party/FreeRTOS/Source/portable/GCC/ARM_CM3/portmacro.h **** typedef portSTACK_TYPE StackType_t;
  56:Middlewares/Third_Party/FreeRTOS/Source/portable/GCC/ARM_CM3/portmacro.h **** typedef long BaseType_t;
  57:Middlewares/Third_Party/FreeRTOS/Source/portable/GCC/ARM_CM3/portmacro.h **** typedef unsigned long UBaseType_t;
  58:Middlewares/Third_Party/FreeRTOS/Source/portable/GCC/ARM_CM3/portmacro.h **** 
  59:Middlewares/Third_Party/FreeRTOS/Source/portable/GCC/ARM_CM3/portmacro.h **** #if( configUSE_16_BIT_TICKS == 1 )
  60:Middlewares/Third_Party/FreeRTOS/Source/portable/GCC/ARM_CM3/portmacro.h **** 	typedef uint16_t TickType_t;
  61:Middlewares/Third_Party/FreeRTOS/Source/portable/GCC/ARM_CM3/portmacro.h **** 	#define portMAX_DELAY ( TickType_t ) 0xffff
  62:Middlewares/Third_Party/FreeRTOS/Source/portable/GCC/ARM_CM3/portmacro.h **** #else
  63:Middlewares/Third_Party/FreeRTOS/Source/portable/GCC/ARM_CM3/portmacro.h **** 	typedef uint32_t TickType_t;
  64:Middlewares/Third_Party/FreeRTOS/Source/portable/GCC/ARM_CM3/portmacro.h **** 	#define portMAX_DELAY ( TickType_t ) 0xffffffffUL
  65:Middlewares/Third_Party/FreeRTOS/Source/portable/GCC/ARM_CM3/portmacro.h **** 
  66:Middlewares/Third_Party/FreeRTOS/Source/portable/GCC/ARM_CM3/portmacro.h **** 	/* 32-bit tick type on a 32-bit architecture, so reads of the tick count do
  67:Middlewares/Third_Party/FreeRTOS/Source/portable/GCC/ARM_CM3/portmacro.h **** 	not need to be guarded with a critical section. */
  68:Middlewares/Third_Party/FreeRTOS/Source/portable/GCC/ARM_CM3/portmacro.h **** 	#define portTICK_TYPE_IS_ATOMIC 1
  69:Middlewares/Third_Party/FreeRTOS/Source/portable/GCC/ARM_CM3/portmacro.h **** #endif
  70:Middlewares/Third_Party/FreeRTOS/Source/portable/GCC/ARM_CM3/portmacro.h **** /*-----------------------------------------------------------*/
  71:Middlewares/Third_Party/FreeRTOS/Source/portable/GCC/ARM_CM3/portmacro.h **** 
  72:Middlewares/Third_Party/FreeRTOS/Source/portable/GCC/ARM_CM3/portmacro.h **** /* Architecture specifics. */
  73:Middlewares/Third_Party/FreeRTOS/Source/portable/GCC/ARM_CM3/portmacro.h **** #define portSTACK_GROWTH			( -1 )
  74:Middlewares/Third_Party/FreeRTOS/Source/portable/GCC/ARM_CM3/portmacro.h **** #define portTICK_PERIOD_MS			( ( TickType_t ) 1000 / configTICK_RATE_HZ )
  75:Middlewares/Third_Party/FreeRTOS/Source/portable/GCC/ARM_CM3/portmacro.h **** #define portBYTE_ALIGNMENT			8
  76:Middlewares/Third_Party/FreeRTOS/Source/portable/GCC/ARM_CM3/portmacro.h **** /*-----------------------------------------------------------*/
  77:Middlewares/Third_Party/FreeRTOS/Source/portable/GCC/ARM_CM3/portmacro.h **** 
  78:Middlewares/Third_Party/FreeRTOS/Source/portable/GCC/ARM_CM3/portmacro.h **** /* Scheduler utilities. */
  79:Middlewares/Third_Party/FreeRTOS/Source/portable/GCC/ARM_CM3/portmacro.h **** #define portYIELD() 															\
  80:Middlewares/Third_Party/FreeRTOS/Source/portable/GCC/ARM_CM3/portmacro.h **** {																				\
  81:Middlewares/Third_Party/FreeRTOS/Source/portable/GCC/ARM_CM3/portmacro.h **** 	/* Set a PendSV to request a context switch. */								\
ARM GAS  C:\Users\subdia\AppData\Local\Temp\ccevSk8M.s 			page 17


  82:Middlewares/Third_Party/FreeRTOS/Source/portable/GCC/ARM_CM3/portmacro.h **** 	portNVIC_INT_CTRL_REG = portNVIC_PENDSVSET_BIT;								\
  83:Middlewares/Third_Party/FreeRTOS/Source/portable/GCC/ARM_CM3/portmacro.h **** 																				\
  84:Middlewares/Third_Party/FreeRTOS/Source/portable/GCC/ARM_CM3/portmacro.h **** 	/* Barriers are normally not required but do ensure the code is completely	\
  85:Middlewares/Third_Party/FreeRTOS/Source/portable/GCC/ARM_CM3/portmacro.h **** 	within the specified behaviour for the architecture. */						\
  86:Middlewares/Third_Party/FreeRTOS/Source/portable/GCC/ARM_CM3/portmacro.h **** 	__asm volatile( "dsb" ::: "memory" );										\
  87:Middlewares/Third_Party/FreeRTOS/Source/portable/GCC/ARM_CM3/portmacro.h **** 	__asm volatile( "isb" );													\
  88:Middlewares/Third_Party/FreeRTOS/Source/portable/GCC/ARM_CM3/portmacro.h **** }
  89:Middlewares/Third_Party/FreeRTOS/Source/portable/GCC/ARM_CM3/portmacro.h **** 
  90:Middlewares/Third_Party/FreeRTOS/Source/portable/GCC/ARM_CM3/portmacro.h **** #define portNVIC_INT_CTRL_REG		( * ( ( volatile uint32_t * ) 0xe000ed04 ) )
  91:Middlewares/Third_Party/FreeRTOS/Source/portable/GCC/ARM_CM3/portmacro.h **** #define portNVIC_PENDSVSET_BIT		( 1UL << 28UL )
  92:Middlewares/Third_Party/FreeRTOS/Source/portable/GCC/ARM_CM3/portmacro.h **** #define portEND_SWITCHING_ISR( xSwitchRequired ) if( xSwitchRequired != pdFALSE ) portYIELD()
  93:Middlewares/Third_Party/FreeRTOS/Source/portable/GCC/ARM_CM3/portmacro.h **** #define portYIELD_FROM_ISR( x ) portEND_SWITCHING_ISR( x )
  94:Middlewares/Third_Party/FreeRTOS/Source/portable/GCC/ARM_CM3/portmacro.h **** /*-----------------------------------------------------------*/
  95:Middlewares/Third_Party/FreeRTOS/Source/portable/GCC/ARM_CM3/portmacro.h **** 
  96:Middlewares/Third_Party/FreeRTOS/Source/portable/GCC/ARM_CM3/portmacro.h **** /* Critical section management. */
  97:Middlewares/Third_Party/FreeRTOS/Source/portable/GCC/ARM_CM3/portmacro.h **** extern void vPortEnterCritical( void );
  98:Middlewares/Third_Party/FreeRTOS/Source/portable/GCC/ARM_CM3/portmacro.h **** extern void vPortExitCritical( void );
  99:Middlewares/Third_Party/FreeRTOS/Source/portable/GCC/ARM_CM3/portmacro.h **** #define portSET_INTERRUPT_MASK_FROM_ISR()		ulPortRaiseBASEPRI()
 100:Middlewares/Third_Party/FreeRTOS/Source/portable/GCC/ARM_CM3/portmacro.h **** #define portCLEAR_INTERRUPT_MASK_FROM_ISR(x)	vPortSetBASEPRI(x)
 101:Middlewares/Third_Party/FreeRTOS/Source/portable/GCC/ARM_CM3/portmacro.h **** #define portDISABLE_INTERRUPTS()				vPortRaiseBASEPRI()
 102:Middlewares/Third_Party/FreeRTOS/Source/portable/GCC/ARM_CM3/portmacro.h **** #define portENABLE_INTERRUPTS()					vPortSetBASEPRI(0)
 103:Middlewares/Third_Party/FreeRTOS/Source/portable/GCC/ARM_CM3/portmacro.h **** #define portENTER_CRITICAL()					vPortEnterCritical()
 104:Middlewares/Third_Party/FreeRTOS/Source/portable/GCC/ARM_CM3/portmacro.h **** #define portEXIT_CRITICAL()						vPortExitCritical()
 105:Middlewares/Third_Party/FreeRTOS/Source/portable/GCC/ARM_CM3/portmacro.h **** 
 106:Middlewares/Third_Party/FreeRTOS/Source/portable/GCC/ARM_CM3/portmacro.h **** /*-----------------------------------------------------------*/
 107:Middlewares/Third_Party/FreeRTOS/Source/portable/GCC/ARM_CM3/portmacro.h **** 
 108:Middlewares/Third_Party/FreeRTOS/Source/portable/GCC/ARM_CM3/portmacro.h **** /* Task function macros as described on the FreeRTOS.org WEB site.  These are
 109:Middlewares/Third_Party/FreeRTOS/Source/portable/GCC/ARM_CM3/portmacro.h **** not necessary for to use this port.  They are defined so the common demo files
 110:Middlewares/Third_Party/FreeRTOS/Source/portable/GCC/ARM_CM3/portmacro.h **** (which build with all the ports) will build. */
 111:Middlewares/Third_Party/FreeRTOS/Source/portable/GCC/ARM_CM3/portmacro.h **** #define portTASK_FUNCTION_PROTO( vFunction, pvParameters ) void vFunction( void *pvParameters )
 112:Middlewares/Third_Party/FreeRTOS/Source/portable/GCC/ARM_CM3/portmacro.h **** #define portTASK_FUNCTION( vFunction, pvParameters ) void vFunction( void *pvParameters )
 113:Middlewares/Third_Party/FreeRTOS/Source/portable/GCC/ARM_CM3/portmacro.h **** /*-----------------------------------------------------------*/
 114:Middlewares/Third_Party/FreeRTOS/Source/portable/GCC/ARM_CM3/portmacro.h **** 
 115:Middlewares/Third_Party/FreeRTOS/Source/portable/GCC/ARM_CM3/portmacro.h **** /* Tickless idle/low power functionality. */
 116:Middlewares/Third_Party/FreeRTOS/Source/portable/GCC/ARM_CM3/portmacro.h **** #ifndef portSUPPRESS_TICKS_AND_SLEEP
 117:Middlewares/Third_Party/FreeRTOS/Source/portable/GCC/ARM_CM3/portmacro.h **** 	extern void vPortSuppressTicksAndSleep( TickType_t xExpectedIdleTime );
 118:Middlewares/Third_Party/FreeRTOS/Source/portable/GCC/ARM_CM3/portmacro.h **** 	#define portSUPPRESS_TICKS_AND_SLEEP( xExpectedIdleTime ) vPortSuppressTicksAndSleep( xExpectedIdl
 119:Middlewares/Third_Party/FreeRTOS/Source/portable/GCC/ARM_CM3/portmacro.h **** #endif
 120:Middlewares/Third_Party/FreeRTOS/Source/portable/GCC/ARM_CM3/portmacro.h **** /*-----------------------------------------------------------*/
 121:Middlewares/Third_Party/FreeRTOS/Source/portable/GCC/ARM_CM3/portmacro.h **** 
 122:Middlewares/Third_Party/FreeRTOS/Source/portable/GCC/ARM_CM3/portmacro.h **** /* Architecture specific optimisations. */
 123:Middlewares/Third_Party/FreeRTOS/Source/portable/GCC/ARM_CM3/portmacro.h **** #ifndef configUSE_PORT_OPTIMISED_TASK_SELECTION
 124:Middlewares/Third_Party/FreeRTOS/Source/portable/GCC/ARM_CM3/portmacro.h **** 	#define configUSE_PORT_OPTIMISED_TASK_SELECTION 1
 125:Middlewares/Third_Party/FreeRTOS/Source/portable/GCC/ARM_CM3/portmacro.h **** #endif
 126:Middlewares/Third_Party/FreeRTOS/Source/portable/GCC/ARM_CM3/portmacro.h **** 
 127:Middlewares/Third_Party/FreeRTOS/Source/portable/GCC/ARM_CM3/portmacro.h **** #if configUSE_PORT_OPTIMISED_TASK_SELECTION == 1
 128:Middlewares/Third_Party/FreeRTOS/Source/portable/GCC/ARM_CM3/portmacro.h **** 
 129:Middlewares/Third_Party/FreeRTOS/Source/portable/GCC/ARM_CM3/portmacro.h **** 	/* Generic helper function. */
 130:Middlewares/Third_Party/FreeRTOS/Source/portable/GCC/ARM_CM3/portmacro.h **** 	__attribute__( ( always_inline ) ) static inline uint8_t ucPortCountLeadingZeros( uint32_t ulBitma
 131:Middlewares/Third_Party/FreeRTOS/Source/portable/GCC/ARM_CM3/portmacro.h **** 	{
 132:Middlewares/Third_Party/FreeRTOS/Source/portable/GCC/ARM_CM3/portmacro.h **** 	uint8_t ucReturn;
 133:Middlewares/Third_Party/FreeRTOS/Source/portable/GCC/ARM_CM3/portmacro.h **** 
 134:Middlewares/Third_Party/FreeRTOS/Source/portable/GCC/ARM_CM3/portmacro.h **** 		__asm volatile ( "clz %0, %1" : "=r" ( ucReturn ) : "r" ( ulBitmap ) : "memory" );
 135:Middlewares/Third_Party/FreeRTOS/Source/portable/GCC/ARM_CM3/portmacro.h **** 		return ucReturn;
 136:Middlewares/Third_Party/FreeRTOS/Source/portable/GCC/ARM_CM3/portmacro.h **** 	}
 137:Middlewares/Third_Party/FreeRTOS/Source/portable/GCC/ARM_CM3/portmacro.h **** 
 138:Middlewares/Third_Party/FreeRTOS/Source/portable/GCC/ARM_CM3/portmacro.h **** 	/* Check the configuration. */
ARM GAS  C:\Users\subdia\AppData\Local\Temp\ccevSk8M.s 			page 18


 139:Middlewares/Third_Party/FreeRTOS/Source/portable/GCC/ARM_CM3/portmacro.h **** 	#if( configMAX_PRIORITIES > 32 )
 140:Middlewares/Third_Party/FreeRTOS/Source/portable/GCC/ARM_CM3/portmacro.h **** 		#error configUSE_PORT_OPTIMISED_TASK_SELECTION can only be set to 1 when configMAX_PRIORITIES is 
 141:Middlewares/Third_Party/FreeRTOS/Source/portable/GCC/ARM_CM3/portmacro.h **** 	#endif
 142:Middlewares/Third_Party/FreeRTOS/Source/portable/GCC/ARM_CM3/portmacro.h **** 
 143:Middlewares/Third_Party/FreeRTOS/Source/portable/GCC/ARM_CM3/portmacro.h **** 	/* Store/clear the ready priorities in a bit map. */
 144:Middlewares/Third_Party/FreeRTOS/Source/portable/GCC/ARM_CM3/portmacro.h **** 	#define portRECORD_READY_PRIORITY( uxPriority, uxReadyPriorities ) ( uxReadyPriorities ) |= ( 1UL 
 145:Middlewares/Third_Party/FreeRTOS/Source/portable/GCC/ARM_CM3/portmacro.h **** 	#define portRESET_READY_PRIORITY( uxPriority, uxReadyPriorities ) ( uxReadyPriorities ) &= ~( 1UL 
 146:Middlewares/Third_Party/FreeRTOS/Source/portable/GCC/ARM_CM3/portmacro.h **** 
 147:Middlewares/Third_Party/FreeRTOS/Source/portable/GCC/ARM_CM3/portmacro.h **** 	/*-----------------------------------------------------------*/
 148:Middlewares/Third_Party/FreeRTOS/Source/portable/GCC/ARM_CM3/portmacro.h **** 
 149:Middlewares/Third_Party/FreeRTOS/Source/portable/GCC/ARM_CM3/portmacro.h **** 	#define portGET_HIGHEST_PRIORITY( uxTopPriority, uxReadyPriorities ) uxTopPriority = ( 31UL - ( ui
 150:Middlewares/Third_Party/FreeRTOS/Source/portable/GCC/ARM_CM3/portmacro.h **** 
 151:Middlewares/Third_Party/FreeRTOS/Source/portable/GCC/ARM_CM3/portmacro.h **** #endif /* configUSE_PORT_OPTIMISED_TASK_SELECTION */
 152:Middlewares/Third_Party/FreeRTOS/Source/portable/GCC/ARM_CM3/portmacro.h **** 
 153:Middlewares/Third_Party/FreeRTOS/Source/portable/GCC/ARM_CM3/portmacro.h **** /*-----------------------------------------------------------*/
 154:Middlewares/Third_Party/FreeRTOS/Source/portable/GCC/ARM_CM3/portmacro.h **** 
 155:Middlewares/Third_Party/FreeRTOS/Source/portable/GCC/ARM_CM3/portmacro.h **** #ifdef configASSERT
 156:Middlewares/Third_Party/FreeRTOS/Source/portable/GCC/ARM_CM3/portmacro.h **** 	void vPortValidateInterruptPriority( void );
 157:Middlewares/Third_Party/FreeRTOS/Source/portable/GCC/ARM_CM3/portmacro.h **** 	#define portASSERT_IF_INTERRUPT_PRIORITY_INVALID() 	vPortValidateInterruptPriority()
 158:Middlewares/Third_Party/FreeRTOS/Source/portable/GCC/ARM_CM3/portmacro.h **** #endif
 159:Middlewares/Third_Party/FreeRTOS/Source/portable/GCC/ARM_CM3/portmacro.h **** 
 160:Middlewares/Third_Party/FreeRTOS/Source/portable/GCC/ARM_CM3/portmacro.h **** /* portNOP() is not required by this port. */
 161:Middlewares/Third_Party/FreeRTOS/Source/portable/GCC/ARM_CM3/portmacro.h **** #define portNOP()
 162:Middlewares/Third_Party/FreeRTOS/Source/portable/GCC/ARM_CM3/portmacro.h **** 
 163:Middlewares/Third_Party/FreeRTOS/Source/portable/GCC/ARM_CM3/portmacro.h **** #define portINLINE	__inline
 164:Middlewares/Third_Party/FreeRTOS/Source/portable/GCC/ARM_CM3/portmacro.h **** 
 165:Middlewares/Third_Party/FreeRTOS/Source/portable/GCC/ARM_CM3/portmacro.h **** #ifndef portFORCE_INLINE
 166:Middlewares/Third_Party/FreeRTOS/Source/portable/GCC/ARM_CM3/portmacro.h **** 	#define portFORCE_INLINE inline __attribute__(( always_inline))
 167:Middlewares/Third_Party/FreeRTOS/Source/portable/GCC/ARM_CM3/portmacro.h **** #endif
 168:Middlewares/Third_Party/FreeRTOS/Source/portable/GCC/ARM_CM3/portmacro.h **** 
 169:Middlewares/Third_Party/FreeRTOS/Source/portable/GCC/ARM_CM3/portmacro.h **** /*-----------------------------------------------------------*/
 170:Middlewares/Third_Party/FreeRTOS/Source/portable/GCC/ARM_CM3/portmacro.h **** 
 171:Middlewares/Third_Party/FreeRTOS/Source/portable/GCC/ARM_CM3/portmacro.h **** portFORCE_INLINE static BaseType_t xPortIsInsideInterrupt( void )
 172:Middlewares/Third_Party/FreeRTOS/Source/portable/GCC/ARM_CM3/portmacro.h **** {
 173:Middlewares/Third_Party/FreeRTOS/Source/portable/GCC/ARM_CM3/portmacro.h **** uint32_t ulCurrentInterrupt;
 174:Middlewares/Third_Party/FreeRTOS/Source/portable/GCC/ARM_CM3/portmacro.h **** BaseType_t xReturn;
 175:Middlewares/Third_Party/FreeRTOS/Source/portable/GCC/ARM_CM3/portmacro.h **** 
 176:Middlewares/Third_Party/FreeRTOS/Source/portable/GCC/ARM_CM3/portmacro.h **** 	/* Obtain the number of the currently executing interrupt. */
 177:Middlewares/Third_Party/FreeRTOS/Source/portable/GCC/ARM_CM3/portmacro.h **** 	__asm volatile( "mrs %0, ipsr" : "=r"( ulCurrentInterrupt ) :: "memory" );
 178:Middlewares/Third_Party/FreeRTOS/Source/portable/GCC/ARM_CM3/portmacro.h **** 
 179:Middlewares/Third_Party/FreeRTOS/Source/portable/GCC/ARM_CM3/portmacro.h **** 	if( ulCurrentInterrupt == 0 )
 180:Middlewares/Third_Party/FreeRTOS/Source/portable/GCC/ARM_CM3/portmacro.h **** 	{
 181:Middlewares/Third_Party/FreeRTOS/Source/portable/GCC/ARM_CM3/portmacro.h **** 		xReturn = pdFALSE;
 182:Middlewares/Third_Party/FreeRTOS/Source/portable/GCC/ARM_CM3/portmacro.h **** 	}
 183:Middlewares/Third_Party/FreeRTOS/Source/portable/GCC/ARM_CM3/portmacro.h **** 	else
 184:Middlewares/Third_Party/FreeRTOS/Source/portable/GCC/ARM_CM3/portmacro.h **** 	{
 185:Middlewares/Third_Party/FreeRTOS/Source/portable/GCC/ARM_CM3/portmacro.h **** 		xReturn = pdTRUE;
 186:Middlewares/Third_Party/FreeRTOS/Source/portable/GCC/ARM_CM3/portmacro.h **** 	}
 187:Middlewares/Third_Party/FreeRTOS/Source/portable/GCC/ARM_CM3/portmacro.h **** 
 188:Middlewares/Third_Party/FreeRTOS/Source/portable/GCC/ARM_CM3/portmacro.h **** 	return xReturn;
 189:Middlewares/Third_Party/FreeRTOS/Source/portable/GCC/ARM_CM3/portmacro.h **** }
 190:Middlewares/Third_Party/FreeRTOS/Source/portable/GCC/ARM_CM3/portmacro.h **** 
 191:Middlewares/Third_Party/FreeRTOS/Source/portable/GCC/ARM_CM3/portmacro.h **** /*-----------------------------------------------------------*/
 192:Middlewares/Third_Party/FreeRTOS/Source/portable/GCC/ARM_CM3/portmacro.h **** 
 193:Middlewares/Third_Party/FreeRTOS/Source/portable/GCC/ARM_CM3/portmacro.h **** portFORCE_INLINE static void vPortRaiseBASEPRI( void )
 117              		.loc 2 193 30 view .LVU28
 118              	.LBB38:
ARM GAS  C:\Users\subdia\AppData\Local\Temp\ccevSk8M.s 			page 19


 194:Middlewares/Third_Party/FreeRTOS/Source/portable/GCC/ARM_CM3/portmacro.h **** {
 195:Middlewares/Third_Party/FreeRTOS/Source/portable/GCC/ARM_CM3/portmacro.h **** uint32_t ulNewBASEPRI;
 119              		.loc 2 195 1 view .LVU29
 196:Middlewares/Third_Party/FreeRTOS/Source/portable/GCC/ARM_CM3/portmacro.h **** 
 197:Middlewares/Third_Party/FreeRTOS/Source/portable/GCC/ARM_CM3/portmacro.h **** 	__asm volatile
 120              		.loc 2 197 2 view .LVU30
 121              		.syntax unified
 122              	@ 197 "Middlewares/Third_Party/FreeRTOS/Source/portable/GCC/ARM_CM3/portmacro.h" 1
 123 0010 4FF05003 			mov r3, #80												
 124 0014 83F31188 		msr basepri, r3											
 125 0018 BFF36F8F 		isb														
 126 001c BFF34F8F 		dsb														
 127              	
 128              	@ 0 "" 2
 129              		.thumb
 130              		.syntax unified
 131              	.L10:
 132              	.LBE38:
 133              	.LBE37:
 106:Middlewares/Third_Party/FreeRTOS/Source/event_groups.c **** 		} /*lint !e529 xSize is referenced if configASSERT() is defined. */
 134              		.loc 1 106 4 view .LVU31
 135 0020 FEE7     		b	.L10
 136              	.L13:
 137              	.LCFI2:
 138              		.cfi_def_cfa_offset 0
 139              		.cfi_restore 4
 140              		.cfi_restore 14
 141              	.LBE36:
  98:Middlewares/Third_Party/FreeRTOS/Source/event_groups.c **** 
 142              		.loc 1 98 3 discriminator 1 view .LVU32
 143              	.LBB39:
 144              	.LBI39:
 193:Middlewares/Third_Party/FreeRTOS/Source/portable/GCC/ARM_CM3/portmacro.h **** {
 145              		.loc 2 193 30 view .LVU33
 146              	.LBB40:
 195:Middlewares/Third_Party/FreeRTOS/Source/portable/GCC/ARM_CM3/portmacro.h **** 
 147              		.loc 2 195 1 view .LVU34
 148              		.loc 2 197 2 view .LVU35
 149              		.syntax unified
 150              	@ 197 "Middlewares/Third_Party/FreeRTOS/Source/portable/GCC/ARM_CM3/portmacro.h" 1
 151 0022 4FF05003 			mov r3, #80												
 152 0026 83F31188 		msr basepri, r3											
 153 002a BFF36F8F 		isb														
 154 002e BFF34F8F 		dsb														
 155              	
 156              	@ 0 "" 2
 157              		.thumb
 158              		.syntax unified
 159              	.L8:
 160              	.LBE40:
 161              	.LBE39:
  98:Middlewares/Third_Party/FreeRTOS/Source/event_groups.c **** 
 162              		.loc 1 98 3 view .LVU36
 163 0032 FEE7     		b	.L8
 164              	.L9:
 165              	.LCFI3:
 166              		.cfi_def_cfa_offset 16
ARM GAS  C:\Users\subdia\AppData\Local\Temp\ccevSk8M.s 			page 20


 167              		.cfi_offset 4, -8
 168              		.cfi_offset 14, -4
 169              	.LBB41:
 106:Middlewares/Third_Party/FreeRTOS/Source/event_groups.c **** 		} /*lint !e529 xSize is referenced if configASSERT() is defined. */
 170              		.loc 1 106 51 view .LVU37
 171              	.LBE41:
 111:Middlewares/Third_Party/FreeRTOS/Source/event_groups.c **** 
 172              		.loc 1 111 3 view .LVU38
 173              	.LVL10:
 113:Middlewares/Third_Party/FreeRTOS/Source/event_groups.c **** 		{
 174              		.loc 1 113 3 view .LVU39
 115:Middlewares/Third_Party/FreeRTOS/Source/event_groups.c **** 			vListInitialise( &( pxEventBits->xTasksWaitingForBits ) );
 175              		.loc 1 115 4 view .LVU40
 115:Middlewares/Third_Party/FreeRTOS/Source/event_groups.c **** 			vListInitialise( &( pxEventBits->xTasksWaitingForBits ) );
 176              		.loc 1 115 29 is_stmt 0 view .LVU41
 177 0034 0446     		mov	r4, r0
 178 0036 0023     		movs	r3, #0
 179 0038 40F8043B 		str	r3, [r0], #4
 180              	.LVL11:
 116:Middlewares/Third_Party/FreeRTOS/Source/event_groups.c **** 
 181              		.loc 1 116 4 is_stmt 1 view .LVU42
 182 003c FFF7FEFF 		bl	vListInitialise
 183              	.LVL12:
 123:Middlewares/Third_Party/FreeRTOS/Source/event_groups.c **** 			}
 184              		.loc 1 123 5 view .LVU43
 123:Middlewares/Third_Party/FreeRTOS/Source/event_groups.c **** 			}
 185              		.loc 1 123 40 is_stmt 0 view .LVU44
 186 0040 0123     		movs	r3, #1
 187 0042 2376     		strb	r3, [r4, #24]
 127:Middlewares/Third_Party/FreeRTOS/Source/event_groups.c **** 		}
 188              		.loc 1 127 42 is_stmt 1 view .LVU45
 134:Middlewares/Third_Party/FreeRTOS/Source/event_groups.c **** 		}
 189              		.loc 1 134 36 view .LVU46
 137:Middlewares/Third_Party/FreeRTOS/Source/event_groups.c **** 	}
 190              		.loc 1 137 3 view .LVU47
 138:Middlewares/Third_Party/FreeRTOS/Source/event_groups.c **** 
 191              		.loc 1 138 2 is_stmt 0 view .LVU48
 192 0044 2046     		mov	r0, r4
 193 0046 02B0     		add	sp, sp, #8
 194              	.LCFI4:
 195              		.cfi_def_cfa_offset 8
 196              		@ sp needed
 197 0048 10BD     		pop	{r4, pc}
 138:Middlewares/Third_Party/FreeRTOS/Source/event_groups.c **** 
 198              		.loc 1 138 2 view .LVU49
 199              		.cfi_endproc
 200              	.LFE5:
 202              		.section	.text.xEventGroupCreate,"ax",%progbits
 203              		.align	1
 204              		.global	xEventGroupCreate
 205              		.syntax unified
 206              		.thumb
 207              		.thumb_func
 209              	xEventGroupCreate:
 210              	.LFB6:
 146:Middlewares/Third_Party/FreeRTOS/Source/event_groups.c **** 	EventGroup_t *pxEventBits;
 211              		.loc 1 146 2 is_stmt 1 view -0
ARM GAS  C:\Users\subdia\AppData\Local\Temp\ccevSk8M.s 			page 21


 212              		.cfi_startproc
 213              		@ args = 0, pretend = 0, frame = 0
 214              		@ frame_needed = 0, uses_anonymous_args = 0
 215 0000 10B5     		push	{r4, lr}
 216              	.LCFI5:
 217              		.cfi_def_cfa_offset 8
 218              		.cfi_offset 4, -8
 219              		.cfi_offset 14, -4
 147:Middlewares/Third_Party/FreeRTOS/Source/event_groups.c **** 
 220              		.loc 1 147 2 view .LVU51
 162:Middlewares/Third_Party/FreeRTOS/Source/event_groups.c **** 
 221              		.loc 1 162 3 view .LVU52
 162:Middlewares/Third_Party/FreeRTOS/Source/event_groups.c **** 
 222              		.loc 1 162 36 is_stmt 0 view .LVU53
 223 0002 1C20     		movs	r0, #28
 224 0004 FFF7FEFF 		bl	pvPortMalloc
 225              	.LVL13:
 164:Middlewares/Third_Party/FreeRTOS/Source/event_groups.c **** 		{
 226              		.loc 1 164 3 is_stmt 1 view .LVU54
 164:Middlewares/Third_Party/FreeRTOS/Source/event_groups.c **** 		{
 227              		.loc 1 164 5 is_stmt 0 view .LVU55
 228 0008 0446     		mov	r4, r0
 229 000a 38B1     		cbz	r0, .L14
 166:Middlewares/Third_Party/FreeRTOS/Source/event_groups.c **** 			vListInitialise( &( pxEventBits->xTasksWaitingForBits ) );
 230              		.loc 1 166 4 is_stmt 1 view .LVU56
 166:Middlewares/Third_Party/FreeRTOS/Source/event_groups.c **** 			vListInitialise( &( pxEventBits->xTasksWaitingForBits ) );
 231              		.loc 1 166 29 is_stmt 0 view .LVU57
 232 000c 0023     		movs	r3, #0
 233 000e 40F8043B 		str	r3, [r0], #4
 234              	.LVL14:
 167:Middlewares/Third_Party/FreeRTOS/Source/event_groups.c **** 
 235              		.loc 1 167 4 is_stmt 1 view .LVU58
 236 0012 FFF7FEFF 		bl	vListInitialise
 237              	.LVL15:
 174:Middlewares/Third_Party/FreeRTOS/Source/event_groups.c **** 			}
 238              		.loc 1 174 5 view .LVU59
 174:Middlewares/Third_Party/FreeRTOS/Source/event_groups.c **** 			}
 239              		.loc 1 174 40 is_stmt 0 view .LVU60
 240 0016 4FF00002 		mov	r2, #0
 241 001a 2276     		strb	r2, [r4, #24]
 178:Middlewares/Third_Party/FreeRTOS/Source/event_groups.c **** 		}
 242              		.loc 1 178 42 is_stmt 1 view .LVU61
 182:Middlewares/Third_Party/FreeRTOS/Source/event_groups.c **** 		}
 243              		.loc 1 182 36 view .LVU62
 185:Middlewares/Third_Party/FreeRTOS/Source/event_groups.c **** 	}
 244              		.loc 1 185 3 view .LVU63
 245              	.L14:
 186:Middlewares/Third_Party/FreeRTOS/Source/event_groups.c **** 
 246              		.loc 1 186 2 is_stmt 0 view .LVU64
 247 001c 2046     		mov	r0, r4
 248 001e 10BD     		pop	{r4, pc}
 186:Middlewares/Third_Party/FreeRTOS/Source/event_groups.c **** 
 249              		.loc 1 186 2 view .LVU65
 250              		.cfi_endproc
 251              	.LFE6:
 253              		.section	.text.xEventGroupWaitBits,"ax",%progbits
 254              		.align	1
ARM GAS  C:\Users\subdia\AppData\Local\Temp\ccevSk8M.s 			page 22


 255              		.global	xEventGroupWaitBits
 256              		.syntax unified
 257              		.thumb
 258              		.thumb_func
 260              	xEventGroupWaitBits:
 261              	.LVL16:
 262              	.LFB8:
 312:Middlewares/Third_Party/FreeRTOS/Source/event_groups.c **** EventGroup_t *pxEventBits = xEventGroup;
 263              		.loc 1 312 1 is_stmt 1 view -0
 264              		.cfi_startproc
 265              		@ args = 4, pretend = 0, frame = 0
 266              		@ frame_needed = 0, uses_anonymous_args = 0
 313:Middlewares/Third_Party/FreeRTOS/Source/event_groups.c **** EventBits_t uxReturn, uxControlBits = 0;
 267              		.loc 1 313 1 view .LVU67
 314:Middlewares/Third_Party/FreeRTOS/Source/event_groups.c **** BaseType_t xWaitConditionMet, xAlreadyYielded;
 268              		.loc 1 314 1 view .LVU68
 315:Middlewares/Third_Party/FreeRTOS/Source/event_groups.c **** BaseType_t xTimeoutOccurred = pdFALSE;
 269              		.loc 1 315 1 view .LVU69
 316:Middlewares/Third_Party/FreeRTOS/Source/event_groups.c **** 
 270              		.loc 1 316 1 view .LVU70
 320:Middlewares/Third_Party/FreeRTOS/Source/event_groups.c **** 	configASSERT( ( uxBitsToWaitFor & eventEVENT_BITS_CONTROL_BYTES ) == 0 );
 271              		.loc 1 320 2 view .LVU71
 272 0000 88B1     		cbz	r0, .L38
 312:Middlewares/Third_Party/FreeRTOS/Source/event_groups.c **** EventGroup_t *pxEventBits = xEventGroup;
 273              		.loc 1 312 1 is_stmt 0 view .LVU72
 274 0002 2DE9F041 		push	{r4, r5, r6, r7, r8, lr}
 275              	.LCFI6:
 276              		.cfi_def_cfa_offset 24
 277              		.cfi_offset 4, -24
 278              		.cfi_offset 5, -20
 279              		.cfi_offset 6, -16
 280              		.cfi_offset 7, -12
 281              		.cfi_offset 8, -8
 282              		.cfi_offset 14, -4
 283 0006 0C46     		mov	r4, r1
 284 0008 9046     		mov	r8, r2
 285 000a 1F46     		mov	r7, r3
 286 000c 0646     		mov	r6, r0
 320:Middlewares/Third_Party/FreeRTOS/Source/event_groups.c **** 	configASSERT( ( uxBitsToWaitFor & eventEVENT_BITS_CONTROL_BYTES ) == 0 );
 287              		.loc 1 320 29 is_stmt 1 view .LVU73
 321:Middlewares/Third_Party/FreeRTOS/Source/event_groups.c **** 	configASSERT( uxBitsToWaitFor != 0 );
 288              		.loc 1 321 2 view .LVU74
 289 000e B1F1807F 		cmp	r1, #16777216
 290 0012 11D3     		bcc	.L20
 321:Middlewares/Third_Party/FreeRTOS/Source/event_groups.c **** 	configASSERT( uxBitsToWaitFor != 0 );
 291              		.loc 1 321 2 discriminator 1 view .LVU75
 292              	.LBB42:
 293              	.LBI42:
 193:Middlewares/Third_Party/FreeRTOS/Source/portable/GCC/ARM_CM3/portmacro.h **** {
 294              		.loc 2 193 30 view .LVU76
 295              	.LBB43:
 195:Middlewares/Third_Party/FreeRTOS/Source/portable/GCC/ARM_CM3/portmacro.h **** 
 296              		.loc 2 195 1 view .LVU77
 297              		.loc 2 197 2 view .LVU78
 298              		.syntax unified
 299              	@ 197 "Middlewares/Third_Party/FreeRTOS/Source/portable/GCC/ARM_CM3/portmacro.h" 1
 300 0014 4FF05003 			mov r3, #80												
ARM GAS  C:\Users\subdia\AppData\Local\Temp\ccevSk8M.s 			page 23


 301 0018 83F31188 		msr basepri, r3											
 302 001c BFF36F8F 		isb														
 303 0020 BFF34F8F 		dsb														
 304              	
 305              	@ 0 "" 2
 306              	.LVL17:
 307              		.thumb
 308              		.syntax unified
 309              	.L21:
 310              		.loc 2 197 2 is_stmt 0 view .LVU79
 311              	.LBE43:
 312              	.LBE42:
 321:Middlewares/Third_Party/FreeRTOS/Source/event_groups.c **** 	configASSERT( uxBitsToWaitFor != 0 );
 313              		.loc 1 321 2 is_stmt 1 view .LVU80
 314 0024 FEE7     		b	.L21
 315              	.LVL18:
 316              	.L38:
 317              	.LCFI7:
 318              		.cfi_def_cfa_offset 0
 319              		.cfi_restore 4
 320              		.cfi_restore 5
 321              		.cfi_restore 6
 322              		.cfi_restore 7
 323              		.cfi_restore 8
 324              		.cfi_restore 14
 320:Middlewares/Third_Party/FreeRTOS/Source/event_groups.c **** 	configASSERT( ( uxBitsToWaitFor & eventEVENT_BITS_CONTROL_BYTES ) == 0 );
 325              		.loc 1 320 2 discriminator 1 view .LVU81
 326              	.LBB44:
 327              	.LBI44:
 193:Middlewares/Third_Party/FreeRTOS/Source/portable/GCC/ARM_CM3/portmacro.h **** {
 328              		.loc 2 193 30 view .LVU82
 329              	.LBB45:
 195:Middlewares/Third_Party/FreeRTOS/Source/portable/GCC/ARM_CM3/portmacro.h **** 
 330              		.loc 2 195 1 view .LVU83
 331              		.loc 2 197 2 view .LVU84
 332              		.syntax unified
 333              	@ 197 "Middlewares/Third_Party/FreeRTOS/Source/portable/GCC/ARM_CM3/portmacro.h" 1
 334 0026 4FF05003 			mov r3, #80												
 335 002a 83F31188 		msr basepri, r3											
 336 002e BFF36F8F 		isb														
 337 0032 BFF34F8F 		dsb														
 338              	
 339              	@ 0 "" 2
 340              	.LVL19:
 341              		.thumb
 342              		.syntax unified
 343              	.L19:
 344              		.loc 2 197 2 is_stmt 0 view .LVU85
 345              	.LBE45:
 346              	.LBE44:
 320:Middlewares/Third_Party/FreeRTOS/Source/event_groups.c **** 	configASSERT( ( uxBitsToWaitFor & eventEVENT_BITS_CONTROL_BYTES ) == 0 );
 347              		.loc 1 320 2 is_stmt 1 view .LVU86
 348 0036 FEE7     		b	.L19
 349              	.LVL20:
 350              	.L20:
 351              	.LCFI8:
 352              		.cfi_def_cfa_offset 24
ARM GAS  C:\Users\subdia\AppData\Local\Temp\ccevSk8M.s 			page 24


 353              		.cfi_offset 4, -24
 354              		.cfi_offset 5, -20
 355              		.cfi_offset 6, -16
 356              		.cfi_offset 7, -12
 357              		.cfi_offset 8, -8
 358              		.cfi_offset 14, -4
 321:Middlewares/Third_Party/FreeRTOS/Source/event_groups.c **** 	configASSERT( uxBitsToWaitFor != 0 );
 359              		.loc 1 321 74 view .LVU87
 322:Middlewares/Third_Party/FreeRTOS/Source/event_groups.c **** 	#if ( ( INCLUDE_xTaskGetSchedulerState == 1 ) || ( configUSE_TIMERS == 1 ) )
 360              		.loc 1 322 2 view .LVU88
 361 0038 41B9     		cbnz	r1, .L22
 322:Middlewares/Third_Party/FreeRTOS/Source/event_groups.c **** 	#if ( ( INCLUDE_xTaskGetSchedulerState == 1 ) || ( configUSE_TIMERS == 1 ) )
 362              		.loc 1 322 2 discriminator 1 view .LVU89
 363              	.LBB46:
 364              	.LBI46:
 193:Middlewares/Third_Party/FreeRTOS/Source/portable/GCC/ARM_CM3/portmacro.h **** {
 365              		.loc 2 193 30 view .LVU90
 366              	.LBB47:
 195:Middlewares/Third_Party/FreeRTOS/Source/portable/GCC/ARM_CM3/portmacro.h **** 
 367              		.loc 2 195 1 view .LVU91
 368              		.loc 2 197 2 view .LVU92
 369              		.syntax unified
 370              	@ 197 "Middlewares/Third_Party/FreeRTOS/Source/portable/GCC/ARM_CM3/portmacro.h" 1
 371 003a 4FF05003 			mov r3, #80												
 372 003e 83F31188 		msr basepri, r3											
 373 0042 BFF36F8F 		isb														
 374 0046 BFF34F8F 		dsb														
 375              	
 376              	@ 0 "" 2
 377              	.LVL21:
 378              		.thumb
 379              		.syntax unified
 380              	.L23:
 381              		.loc 2 197 2 is_stmt 0 view .LVU93
 382              	.LBE47:
 383              	.LBE46:
 322:Middlewares/Third_Party/FreeRTOS/Source/event_groups.c **** 	#if ( ( INCLUDE_xTaskGetSchedulerState == 1 ) || ( configUSE_TIMERS == 1 ) )
 384              		.loc 1 322 2 is_stmt 1 view .LVU94
 385 004a FEE7     		b	.L23
 386              	.LVL22:
 387              	.L22:
 322:Middlewares/Third_Party/FreeRTOS/Source/event_groups.c **** 	#if ( ( INCLUDE_xTaskGetSchedulerState == 1 ) || ( configUSE_TIMERS == 1 ) )
 388              		.loc 1 322 38 view .LVU95
 325:Middlewares/Third_Party/FreeRTOS/Source/event_groups.c **** 	}
 389              		.loc 1 325 3 view .LVU96
 390 004c FFF7FEFF 		bl	xTaskGetSchedulerState
 391              	.LVL23:
 325:Middlewares/Third_Party/FreeRTOS/Source/event_groups.c **** 	}
 392              		.loc 1 325 3 is_stmt 0 discriminator 1 view .LVU97
 393 0050 50B9     		cbnz	r0, .L24
 325:Middlewares/Third_Party/FreeRTOS/Source/event_groups.c **** 	}
 394              		.loc 1 325 3 discriminator 3 view .LVU98
 395 0052 069B     		ldr	r3, [sp, #24]
 396 0054 43B1     		cbz	r3, .L24
 325:Middlewares/Third_Party/FreeRTOS/Source/event_groups.c **** 	}
 397              		.loc 1 325 3 is_stmt 1 discriminator 8 view .LVU99
 398              	.LBB48:
ARM GAS  C:\Users\subdia\AppData\Local\Temp\ccevSk8M.s 			page 25


 399              	.LBI48:
 193:Middlewares/Third_Party/FreeRTOS/Source/portable/GCC/ARM_CM3/portmacro.h **** {
 400              		.loc 2 193 30 view .LVU100
 401              	.LBB49:
 195:Middlewares/Third_Party/FreeRTOS/Source/portable/GCC/ARM_CM3/portmacro.h **** 
 402              		.loc 2 195 1 view .LVU101
 403              		.loc 2 197 2 view .LVU102
 404              		.syntax unified
 405              	@ 197 "Middlewares/Third_Party/FreeRTOS/Source/portable/GCC/ARM_CM3/portmacro.h" 1
 406 0056 4FF05003 			mov r3, #80												
 407 005a 83F31188 		msr basepri, r3											
 408 005e BFF36F8F 		isb														
 409 0062 BFF34F8F 		dsb														
 410              	
 411              	@ 0 "" 2
 412              		.thumb
 413              		.syntax unified
 414              	.L25:
 415              	.LBE49:
 416              	.LBE48:
 325:Middlewares/Third_Party/FreeRTOS/Source/event_groups.c **** 	}
 417              		.loc 1 325 3 view .LVU103
 418 0066 FEE7     		b	.L25
 419              	.L24:
 325:Middlewares/Third_Party/FreeRTOS/Source/event_groups.c **** 	}
 420              		.loc 1 325 104 view .LVU104
 329:Middlewares/Third_Party/FreeRTOS/Source/event_groups.c **** 	{
 421              		.loc 1 329 2 view .LVU105
 422 0068 FFF7FEFF 		bl	vTaskSuspendAll
 423              	.LVL24:
 424              	.LBB50:
 331:Middlewares/Third_Party/FreeRTOS/Source/event_groups.c **** 
 425              		.loc 1 331 3 view .LVU106
 331:Middlewares/Third_Party/FreeRTOS/Source/event_groups.c **** 
 426              		.loc 1 331 21 is_stmt 0 view .LVU107
 427 006c 3568     		ldr	r5, [r6]
 428              	.LVL25:
 334:Middlewares/Third_Party/FreeRTOS/Source/event_groups.c **** 
 429              		.loc 1 334 3 is_stmt 1 view .LVU108
 334:Middlewares/Third_Party/FreeRTOS/Source/event_groups.c **** 
 430              		.loc 1 334 23 is_stmt 0 view .LVU109
 431 006e 3A46     		mov	r2, r7
 432 0070 2146     		mov	r1, r4
 433 0072 2846     		mov	r0, r5
 434 0074 FFF7FEFF 		bl	prvTestWaitCondition
 435              	.LVL26:
 336:Middlewares/Third_Party/FreeRTOS/Source/event_groups.c **** 		{
 436              		.loc 1 336 3 is_stmt 1 view .LVU110
 336:Middlewares/Third_Party/FreeRTOS/Source/event_groups.c **** 		{
 437              		.loc 1 336 5 is_stmt 0 view .LVU111
 438 0078 08B3     		cbz	r0, .L26
 340:Middlewares/Third_Party/FreeRTOS/Source/event_groups.c **** 			xTicksToWait = ( TickType_t ) 0;
 439              		.loc 1 340 4 is_stmt 1 view .LVU112
 440              	.LVL27:
 341:Middlewares/Third_Party/FreeRTOS/Source/event_groups.c **** 
 441              		.loc 1 341 4 view .LVU113
 344:Middlewares/Third_Party/FreeRTOS/Source/event_groups.c **** 			{
ARM GAS  C:\Users\subdia\AppData\Local\Temp\ccevSk8M.s 			page 26


 442              		.loc 1 344 4 view .LVU114
 344:Middlewares/Third_Party/FreeRTOS/Source/event_groups.c **** 			{
 443              		.loc 1 344 6 is_stmt 0 view .LVU115
 444 007a 4346     		mov	r3, r8
 445 007c 9BB3     		cbz	r3, .L34
 446              	.LVL28:
 346:Middlewares/Third_Party/FreeRTOS/Source/event_groups.c **** 			}
 447              		.loc 1 346 5 is_stmt 1 view .LVU116
 346:Middlewares/Third_Party/FreeRTOS/Source/event_groups.c **** 			}
 448              		.loc 1 346 30 is_stmt 0 view .LVU117
 449 007e 25EA0403 		bic	r3, r5, r4
 450              	.LVL29:
 346:Middlewares/Third_Party/FreeRTOS/Source/event_groups.c **** 			}
 451              		.loc 1 346 30 view .LVU118
 452 0082 3360     		str	r3, [r6]
 341:Middlewares/Third_Party/FreeRTOS/Source/event_groups.c **** 
 453              		.loc 1 341 17 view .LVU119
 454 0084 0023     		movs	r3, #0
 455 0086 0693     		str	r3, [sp, #24]
 456              	.LVL30:
 457              	.L27:
 394:Middlewares/Third_Party/FreeRTOS/Source/event_groups.c **** 		}
 458              		.loc 1 394 68 is_stmt 1 view .LVU120
 459              	.LBE50:
 397:Middlewares/Third_Party/FreeRTOS/Source/event_groups.c **** 
 460              		.loc 1 397 2 view .LVU121
 397:Middlewares/Third_Party/FreeRTOS/Source/event_groups.c **** 
 461              		.loc 1 397 20 is_stmt 0 view .LVU122
 462 0088 FFF7FEFF 		bl	xTaskResumeAll
 463              	.LVL31:
 399:Middlewares/Third_Party/FreeRTOS/Source/event_groups.c **** 	{
 464              		.loc 1 399 2 is_stmt 1 view .LVU123
 399:Middlewares/Third_Party/FreeRTOS/Source/event_groups.c **** 	{
 465              		.loc 1 399 4 is_stmt 0 view .LVU124
 466 008c 069B     		ldr	r3, [sp, #24]
 467 008e 9BB1     		cbz	r3, .L17
 401:Middlewares/Third_Party/FreeRTOS/Source/event_groups.c **** 		{
 468              		.loc 1 401 3 is_stmt 1 view .LVU125
 401:Middlewares/Third_Party/FreeRTOS/Source/event_groups.c **** 		{
 469              		.loc 1 401 5 is_stmt 0 view .LVU126
 470 0090 48B9     		cbnz	r0, .L31
 403:Middlewares/Third_Party/FreeRTOS/Source/event_groups.c **** 		}
 471              		.loc 1 403 4 is_stmt 1 view .LVU127
 472 0092 4FF0E023 		mov	r3, #-536813568
 473 0096 4FF08052 		mov	r2, #268435456
 474 009a C3F8042D 		str	r2, [r3, #3332]
 475              	.LVL32:
 403:Middlewares/Third_Party/FreeRTOS/Source/event_groups.c **** 		}
 476              		.loc 1 403 4 view .LVU128
 477              		.syntax unified
 478              	@ 403 "Middlewares/Third_Party/FreeRTOS/Source/event_groups.c" 1
 479 009e BFF34F8F 		dsb
 480              	@ 0 "" 2
 403:Middlewares/Third_Party/FreeRTOS/Source/event_groups.c **** 		}
 481              		.loc 1 403 4 view .LVU129
 482              	@ 403 "Middlewares/Third_Party/FreeRTOS/Source/event_groups.c" 1
 483 00a2 BFF36F8F 		isb
ARM GAS  C:\Users\subdia\AppData\Local\Temp\ccevSk8M.s 			page 27


 484              	@ 0 "" 2
 403:Middlewares/Third_Party/FreeRTOS/Source/event_groups.c **** 		}
 485              		.loc 1 403 26 view .LVU130
 486              		.thumb
 487              		.syntax unified
 488              	.L31:
 407:Middlewares/Third_Party/FreeRTOS/Source/event_groups.c **** 		}
 489              		.loc 1 407 28 view .LVU131
 414:Middlewares/Third_Party/FreeRTOS/Source/event_groups.c **** 
 490              		.loc 1 414 3 view .LVU132
 414:Middlewares/Third_Party/FreeRTOS/Source/event_groups.c **** 
 491              		.loc 1 414 14 is_stmt 0 view .LVU133
 492 00a6 FFF7FEFF 		bl	uxTaskResetEventItemValue
 493              	.LVL33:
 414:Middlewares/Third_Party/FreeRTOS/Source/event_groups.c **** 
 494              		.loc 1 414 14 view .LVU134
 495 00aa 0546     		mov	r5, r0
 496              	.LVL34:
 416:Middlewares/Third_Party/FreeRTOS/Source/event_groups.c **** 		{
 497              		.loc 1 416 3 is_stmt 1 view .LVU135
 416:Middlewares/Third_Party/FreeRTOS/Source/event_groups.c **** 		{
 498              		.loc 1 416 5 is_stmt 0 view .LVU136
 499 00ac 10F0007F 		tst	r0, #33554432
 500 00b0 1CD0     		beq	.L39
 501              	.LVL35:
 502              	.L32:
 447:Middlewares/Third_Party/FreeRTOS/Source/event_groups.c **** 
 503              		.loc 1 447 3 is_stmt 1 view .LVU137
 450:Middlewares/Third_Party/FreeRTOS/Source/event_groups.c **** 	}
 504              		.loc 1 450 3 view .LVU138
 450:Middlewares/Third_Party/FreeRTOS/Source/event_groups.c **** 	}
 505              		.loc 1 450 12 is_stmt 0 view .LVU139
 506 00b2 25F07F43 		bic	r3, r5, #-16777216
 507 00b6 1D46     		mov	r5, r3
 508              	.LVL36:
 452:Middlewares/Third_Party/FreeRTOS/Source/event_groups.c **** 
 509              		.loc 1 452 2 is_stmt 1 view .LVU140
 455:Middlewares/Third_Party/FreeRTOS/Source/event_groups.c **** 
 510              		.loc 1 455 2 view .LVU141
 457:Middlewares/Third_Party/FreeRTOS/Source/event_groups.c **** }
 511              		.loc 1 457 2 view .LVU142
 512              	.L17:
 458:Middlewares/Third_Party/FreeRTOS/Source/event_groups.c **** /*-----------------------------------------------------------*/
 513              		.loc 1 458 1 is_stmt 0 view .LVU143
 514 00b8 2846     		mov	r0, r5
 515 00ba BDE8F081 		pop	{r4, r5, r6, r7, r8, pc}
 516              	.LVL37:
 517              	.L26:
 518              	.LBB51:
 353:Middlewares/Third_Party/FreeRTOS/Source/event_groups.c **** 		{
 519              		.loc 1 353 8 is_stmt 1 view .LVU144
 353:Middlewares/Third_Party/FreeRTOS/Source/event_groups.c **** 		{
 520              		.loc 1 353 10 is_stmt 0 view .LVU145
 521 00be 069B     		ldr	r3, [sp, #24]
 522 00c0 002B     		cmp	r3, #0
 523 00c2 E1D0     		beq	.L27
 366:Middlewares/Third_Party/FreeRTOS/Source/event_groups.c **** 			{
ARM GAS  C:\Users\subdia\AppData\Local\Temp\ccevSk8M.s 			page 28


 524              		.loc 1 366 4 is_stmt 1 view .LVU146
 366:Middlewares/Third_Party/FreeRTOS/Source/event_groups.c **** 			{
 525              		.loc 1 366 6 is_stmt 0 view .LVU147
 526 00c4 4346     		mov	r3, r8
 527 00c6 5BB9     		cbnz	r3, .L35
 528              	.LVL38:
 366:Middlewares/Third_Party/FreeRTOS/Source/event_groups.c **** 			{
 529              		.loc 1 366 6 view .LVU148
 530              	.LBE51:
 314:Middlewares/Third_Party/FreeRTOS/Source/event_groups.c **** BaseType_t xWaitConditionMet, xAlreadyYielded;
 531              		.loc 1 314 23 view .LVU149
 532 00c8 4146     		mov	r1, r8
 533              	.L28:
 534              	.LVL39:
 535              	.LBB52:
 372:Middlewares/Third_Party/FreeRTOS/Source/event_groups.c **** 			}
 536              		.loc 1 372 29 is_stmt 1 view .LVU150
 375:Middlewares/Third_Party/FreeRTOS/Source/event_groups.c **** 			{
 537              		.loc 1 375 4 view .LVU151
 375:Middlewares/Third_Party/FreeRTOS/Source/event_groups.c **** 			{
 538              		.loc 1 375 6 is_stmt 0 view .LVU152
 539 00ca 0FB1     		cbz	r7, .L29
 377:Middlewares/Third_Party/FreeRTOS/Source/event_groups.c **** 			}
 540              		.loc 1 377 5 is_stmt 1 view .LVU153
 377:Middlewares/Third_Party/FreeRTOS/Source/event_groups.c **** 			}
 541              		.loc 1 377 19 is_stmt 0 view .LVU154
 542 00cc 41F08061 		orr	r1, r1, #67108864
 543              	.LVL40:
 544              	.L29:
 381:Middlewares/Third_Party/FreeRTOS/Source/event_groups.c **** 			}
 545              		.loc 1 381 29 is_stmt 1 view .LVU155
 387:Middlewares/Third_Party/FreeRTOS/Source/event_groups.c **** 
 546              		.loc 1 387 4 view .LVU156
 547 00d0 069A     		ldr	r2, [sp, #24]
 548 00d2 2143     		orrs	r1, r1, r4
 549              	.LVL41:
 387:Middlewares/Third_Party/FreeRTOS/Source/event_groups.c **** 
 550              		.loc 1 387 4 is_stmt 0 view .LVU157
 551 00d4 301D     		adds	r0, r6, #4
 552              	.LVL42:
 387:Middlewares/Third_Party/FreeRTOS/Source/event_groups.c **** 
 553              		.loc 1 387 4 view .LVU158
 554 00d6 FFF7FEFF 		bl	vTaskPlaceOnUnorderedEventList
 555              	.LVL43:
 392:Middlewares/Third_Party/FreeRTOS/Source/event_groups.c **** 
 556              		.loc 1 392 4 is_stmt 1 view .LVU159
 392:Middlewares/Third_Party/FreeRTOS/Source/event_groups.c **** 
 557              		.loc 1 392 13 is_stmt 0 view .LVU160
 558 00da 0023     		movs	r3, #0
 559 00dc 1D46     		mov	r5, r3
 560              	.LVL44:
 392:Middlewares/Third_Party/FreeRTOS/Source/event_groups.c **** 
 561              		.loc 1 392 13 view .LVU161
 562 00de D3E7     		b	.L27
 563              	.LVL45:
 564              	.L35:
 368:Middlewares/Third_Party/FreeRTOS/Source/event_groups.c **** 			}
ARM GAS  C:\Users\subdia\AppData\Local\Temp\ccevSk8M.s 			page 29


 565              		.loc 1 368 19 view .LVU162
 566 00e0 4FF08071 		mov	r1, #16777216
 567 00e4 F1E7     		b	.L28
 568              	.LVL46:
 569              	.L34:
 341:Middlewares/Third_Party/FreeRTOS/Source/event_groups.c **** 
 570              		.loc 1 341 17 view .LVU163
 571 00e6 CDF81880 		str	r8, [sp, #24]
 572 00ea CDE7     		b	.L27
 573              	.LVL47:
 574              	.L39:
 341:Middlewares/Third_Party/FreeRTOS/Source/event_groups.c **** 
 575              		.loc 1 341 17 view .LVU164
 576              	.LBE52:
 418:Middlewares/Third_Party/FreeRTOS/Source/event_groups.c **** 			{
 577              		.loc 1 418 4 is_stmt 1 view .LVU165
 578 00ec FFF7FEFF 		bl	vPortEnterCritical
 579              	.LVL48:
 421:Middlewares/Third_Party/FreeRTOS/Source/event_groups.c **** 
 580              		.loc 1 421 5 view .LVU166
 421:Middlewares/Third_Party/FreeRTOS/Source/event_groups.c **** 
 581              		.loc 1 421 14 is_stmt 0 view .LVU167
 582 00f0 3568     		ldr	r5, [r6]
 583              	.LVL49:
 425:Middlewares/Third_Party/FreeRTOS/Source/event_groups.c **** 				{
 584              		.loc 1 425 5 is_stmt 1 view .LVU168
 425:Middlewares/Third_Party/FreeRTOS/Source/event_groups.c **** 				{
 585              		.loc 1 425 9 is_stmt 0 view .LVU169
 586 00f2 3A46     		mov	r2, r7
 587 00f4 2146     		mov	r1, r4
 588 00f6 2846     		mov	r0, r5
 589 00f8 FFF7FEFF 		bl	prvTestWaitCondition
 590              	.LVL50:
 425:Middlewares/Third_Party/FreeRTOS/Source/event_groups.c **** 				{
 591              		.loc 1 425 7 discriminator 1 view .LVU170
 592 00fc 20B1     		cbz	r0, .L33
 427:Middlewares/Third_Party/FreeRTOS/Source/event_groups.c **** 					{
 593              		.loc 1 427 6 is_stmt 1 view .LVU171
 427:Middlewares/Third_Party/FreeRTOS/Source/event_groups.c **** 					{
 594              		.loc 1 427 8 is_stmt 0 view .LVU172
 595 00fe 4346     		mov	r3, r8
 596 0100 13B1     		cbz	r3, .L33
 597              	.LVL51:
 429:Middlewares/Third_Party/FreeRTOS/Source/event_groups.c **** 					}
 598              		.loc 1 429 7 is_stmt 1 view .LVU173
 429:Middlewares/Third_Party/FreeRTOS/Source/event_groups.c **** 					}
 599              		.loc 1 429 32 is_stmt 0 view .LVU174
 600 0102 25EA0404 		bic	r4, r5, r4
 601              	.LVL52:
 429:Middlewares/Third_Party/FreeRTOS/Source/event_groups.c **** 					}
 602              		.loc 1 429 32 view .LVU175
 603 0106 3460     		str	r4, [r6]
 604              	.LVL53:
 605              	.L33:
 438:Middlewares/Third_Party/FreeRTOS/Source/event_groups.c **** 				}
 606              		.loc 1 438 30 is_stmt 1 view .LVU176
 440:Middlewares/Third_Party/FreeRTOS/Source/event_groups.c **** 			}
ARM GAS  C:\Users\subdia\AppData\Local\Temp\ccevSk8M.s 			page 30


 607              		.loc 1 440 5 view .LVU177
 442:Middlewares/Third_Party/FreeRTOS/Source/event_groups.c **** 		}
 608              		.loc 1 442 4 view .LVU178
 609 0108 FFF7FEFF 		bl	vPortExitCritical
 610              	.LVL54:
 611 010c D1E7     		b	.L32
 612              		.cfi_endproc
 613              	.LFE8:
 615              		.section	.text.xEventGroupClearBits,"ax",%progbits
 616              		.align	1
 617              		.global	xEventGroupClearBits
 618              		.syntax unified
 619              		.thumb
 620              		.thumb_func
 622              	xEventGroupClearBits:
 623              	.LVL55:
 624              	.LFB9:
 462:Middlewares/Third_Party/FreeRTOS/Source/event_groups.c **** EventGroup_t *pxEventBits = xEventGroup;
 625              		.loc 1 462 1 view -0
 626              		.cfi_startproc
 627              		@ args = 0, pretend = 0, frame = 0
 628              		@ frame_needed = 0, uses_anonymous_args = 0
 462:Middlewares/Third_Party/FreeRTOS/Source/event_groups.c **** EventGroup_t *pxEventBits = xEventGroup;
 629              		.loc 1 462 1 is_stmt 0 view .LVU180
 630 0000 38B5     		push	{r3, r4, r5, lr}
 631              	.LCFI9:
 632              		.cfi_def_cfa_offset 16
 633              		.cfi_offset 3, -16
 634              		.cfi_offset 4, -12
 635              		.cfi_offset 5, -8
 636              		.cfi_offset 14, -4
 463:Middlewares/Third_Party/FreeRTOS/Source/event_groups.c **** EventBits_t uxReturn;
 637              		.loc 1 463 1 is_stmt 1 view .LVU181
 638              	.LVL56:
 464:Middlewares/Third_Party/FreeRTOS/Source/event_groups.c **** 
 639              		.loc 1 464 1 view .LVU182
 468:Middlewares/Third_Party/FreeRTOS/Source/event_groups.c **** 	configASSERT( ( uxBitsToClear & eventEVENT_BITS_CONTROL_BYTES ) == 0 );
 640              		.loc 1 468 2 view .LVU183
 641 0002 68B1     		cbz	r0, .L46
 642 0004 0D46     		mov	r5, r1
 643 0006 0446     		mov	r4, r0
 468:Middlewares/Third_Party/FreeRTOS/Source/event_groups.c **** 	configASSERT( ( uxBitsToClear & eventEVENT_BITS_CONTROL_BYTES ) == 0 );
 644              		.loc 1 468 29 view .LVU184
 469:Middlewares/Third_Party/FreeRTOS/Source/event_groups.c **** 
 645              		.loc 1 469 2 view .LVU185
 646 0008 B1F1807F 		cmp	r1, #16777216
 647 000c 11D3     		bcc	.L43
 469:Middlewares/Third_Party/FreeRTOS/Source/event_groups.c **** 
 648              		.loc 1 469 2 discriminator 1 view .LVU186
 649              	.LBB53:
 650              	.LBI53:
 193:Middlewares/Third_Party/FreeRTOS/Source/portable/GCC/ARM_CM3/portmacro.h **** {
 651              		.loc 2 193 30 view .LVU187
 652              	.LBB54:
 195:Middlewares/Third_Party/FreeRTOS/Source/portable/GCC/ARM_CM3/portmacro.h **** 
 653              		.loc 2 195 1 view .LVU188
 654              		.loc 2 197 2 view .LVU189
ARM GAS  C:\Users\subdia\AppData\Local\Temp\ccevSk8M.s 			page 31


 655              		.syntax unified
 656              	@ 197 "Middlewares/Third_Party/FreeRTOS/Source/portable/GCC/ARM_CM3/portmacro.h" 1
 657 000e 4FF05003 			mov r3, #80												
 658 0012 83F31188 		msr basepri, r3											
 659 0016 BFF36F8F 		isb														
 660 001a BFF34F8F 		dsb														
 661              	
 662              	@ 0 "" 2
 663              		.thumb
 664              		.syntax unified
 665              	.L44:
 666              	.LBE54:
 667              	.LBE53:
 469:Middlewares/Third_Party/FreeRTOS/Source/event_groups.c **** 
 668              		.loc 1 469 2 view .LVU190
 669 001e FEE7     		b	.L44
 670              	.L46:
 468:Middlewares/Third_Party/FreeRTOS/Source/event_groups.c **** 	configASSERT( ( uxBitsToClear & eventEVENT_BITS_CONTROL_BYTES ) == 0 );
 671              		.loc 1 468 2 discriminator 1 view .LVU191
 672              	.LBB55:
 673              	.LBI55:
 193:Middlewares/Third_Party/FreeRTOS/Source/portable/GCC/ARM_CM3/portmacro.h **** {
 674              		.loc 2 193 30 view .LVU192
 675              	.LBB56:
 195:Middlewares/Third_Party/FreeRTOS/Source/portable/GCC/ARM_CM3/portmacro.h **** 
 676              		.loc 2 195 1 view .LVU193
 677              		.loc 2 197 2 view .LVU194
 678              		.syntax unified
 679              	@ 197 "Middlewares/Third_Party/FreeRTOS/Source/portable/GCC/ARM_CM3/portmacro.h" 1
 680 0020 4FF05003 			mov r3, #80												
 681 0024 83F31188 		msr basepri, r3											
 682 0028 BFF36F8F 		isb														
 683 002c BFF34F8F 		dsb														
 684              	
 685              	@ 0 "" 2
 686              		.thumb
 687              		.syntax unified
 688              	.L42:
 689              	.LBE56:
 690              	.LBE55:
 468:Middlewares/Third_Party/FreeRTOS/Source/event_groups.c **** 	configASSERT( ( uxBitsToClear & eventEVENT_BITS_CONTROL_BYTES ) == 0 );
 691              		.loc 1 468 2 view .LVU195
 692 0030 FEE7     		b	.L42
 693              	.L43:
 469:Middlewares/Third_Party/FreeRTOS/Source/event_groups.c **** 
 694              		.loc 1 469 72 view .LVU196
 471:Middlewares/Third_Party/FreeRTOS/Source/event_groups.c **** 	{
 695              		.loc 1 471 2 view .LVU197
 696 0032 FFF7FEFF 		bl	vPortEnterCritical
 697              	.LVL57:
 473:Middlewares/Third_Party/FreeRTOS/Source/event_groups.c **** 
 698              		.loc 1 473 60 view .LVU198
 477:Middlewares/Third_Party/FreeRTOS/Source/event_groups.c **** 
 699              		.loc 1 477 3 view .LVU199
 477:Middlewares/Third_Party/FreeRTOS/Source/event_groups.c **** 
 700              		.loc 1 477 12 is_stmt 0 view .LVU200
 701 0036 2346     		mov	r3, r4
ARM GAS  C:\Users\subdia\AppData\Local\Temp\ccevSk8M.s 			page 32


 702 0038 2468     		ldr	r4, [r4]
 703              	.LVL58:
 480:Middlewares/Third_Party/FreeRTOS/Source/event_groups.c **** 	}
 704              		.loc 1 480 3 is_stmt 1 view .LVU201
 480:Middlewares/Third_Party/FreeRTOS/Source/event_groups.c **** 	}
 705              		.loc 1 480 28 is_stmt 0 view .LVU202
 706 003a 24EA0501 		bic	r1, r4, r5
 707 003e 1960     		str	r1, [r3]
 482:Middlewares/Third_Party/FreeRTOS/Source/event_groups.c **** 
 708              		.loc 1 482 2 is_stmt 1 view .LVU203
 709 0040 FFF7FEFF 		bl	vPortExitCritical
 710              	.LVL59:
 484:Middlewares/Third_Party/FreeRTOS/Source/event_groups.c **** }
 711              		.loc 1 484 2 view .LVU204
 485:Middlewares/Third_Party/FreeRTOS/Source/event_groups.c **** /*-----------------------------------------------------------*/
 712              		.loc 1 485 1 is_stmt 0 view .LVU205
 713 0044 2046     		mov	r0, r4
 714 0046 38BD     		pop	{r3, r4, r5, pc}
 485:Middlewares/Third_Party/FreeRTOS/Source/event_groups.c **** /*-----------------------------------------------------------*/
 715              		.loc 1 485 1 view .LVU206
 716              		.cfi_endproc
 717              	.LFE9:
 719              		.section	.text.xEventGroupGetBitsFromISR,"ax",%progbits
 720              		.align	1
 721              		.global	xEventGroupGetBitsFromISR
 722              		.syntax unified
 723              		.thumb
 724              		.thumb_func
 726              	xEventGroupGetBitsFromISR:
 727              	.LVL60:
 728              	.LFB10:
 504:Middlewares/Third_Party/FreeRTOS/Source/event_groups.c **** UBaseType_t uxSavedInterruptStatus;
 729              		.loc 1 504 1 is_stmt 1 view -0
 730              		.cfi_startproc
 731              		@ args = 0, pretend = 0, frame = 0
 732              		@ frame_needed = 0, uses_anonymous_args = 0
 733              		@ link register save eliminated.
 505:Middlewares/Third_Party/FreeRTOS/Source/event_groups.c **** EventGroup_t const * const pxEventBits = xEventGroup;
 734              		.loc 1 505 1 view .LVU208
 506:Middlewares/Third_Party/FreeRTOS/Source/event_groups.c **** EventBits_t uxReturn;
 735              		.loc 1 506 1 view .LVU209
 507:Middlewares/Third_Party/FreeRTOS/Source/event_groups.c **** 
 736              		.loc 1 507 1 view .LVU210
 509:Middlewares/Third_Party/FreeRTOS/Source/event_groups.c **** 	{
 737              		.loc 1 509 2 view .LVU211
 738              	.LBB57:
 739              	.LBI57:
 198:Middlewares/Third_Party/FreeRTOS/Source/portable/GCC/ARM_CM3/portmacro.h **** 	(
 199:Middlewares/Third_Party/FreeRTOS/Source/portable/GCC/ARM_CM3/portmacro.h **** 		"	mov %0, %1												\n" \
 200:Middlewares/Third_Party/FreeRTOS/Source/portable/GCC/ARM_CM3/portmacro.h **** 		"	msr basepri, %0											\n" \
 201:Middlewares/Third_Party/FreeRTOS/Source/portable/GCC/ARM_CM3/portmacro.h **** 		"	isb														\n" \
 202:Middlewares/Third_Party/FreeRTOS/Source/portable/GCC/ARM_CM3/portmacro.h **** 		"	dsb														\n" \
 203:Middlewares/Third_Party/FreeRTOS/Source/portable/GCC/ARM_CM3/portmacro.h **** 		:"=r" (ulNewBASEPRI) : "i" ( configMAX_SYSCALL_INTERRUPT_PRIORITY ) : "memory"
 204:Middlewares/Third_Party/FreeRTOS/Source/portable/GCC/ARM_CM3/portmacro.h **** 	);
 205:Middlewares/Third_Party/FreeRTOS/Source/portable/GCC/ARM_CM3/portmacro.h **** }
 206:Middlewares/Third_Party/FreeRTOS/Source/portable/GCC/ARM_CM3/portmacro.h **** 
 207:Middlewares/Third_Party/FreeRTOS/Source/portable/GCC/ARM_CM3/portmacro.h **** /*-----------------------------------------------------------*/
ARM GAS  C:\Users\subdia\AppData\Local\Temp\ccevSk8M.s 			page 33


 208:Middlewares/Third_Party/FreeRTOS/Source/portable/GCC/ARM_CM3/portmacro.h **** 
 209:Middlewares/Third_Party/FreeRTOS/Source/portable/GCC/ARM_CM3/portmacro.h **** portFORCE_INLINE static uint32_t ulPortRaiseBASEPRI( void )
 740              		.loc 2 209 34 view .LVU212
 741              	.LBB58:
 210:Middlewares/Third_Party/FreeRTOS/Source/portable/GCC/ARM_CM3/portmacro.h **** {
 211:Middlewares/Third_Party/FreeRTOS/Source/portable/GCC/ARM_CM3/portmacro.h **** uint32_t ulOriginalBASEPRI, ulNewBASEPRI;
 742              		.loc 2 211 1 view .LVU213
 212:Middlewares/Third_Party/FreeRTOS/Source/portable/GCC/ARM_CM3/portmacro.h **** 
 213:Middlewares/Third_Party/FreeRTOS/Source/portable/GCC/ARM_CM3/portmacro.h **** 	__asm volatile
 743              		.loc 2 213 2 view .LVU214
 744              		.syntax unified
 745              	@ 213 "Middlewares/Third_Party/FreeRTOS/Source/portable/GCC/ARM_CM3/portmacro.h" 1
 746 0000 EFF31183 			mrs r3, basepri											
 747 0004 4FF05002 		mov r2, #80												
 748 0008 82F31188 		msr basepri, r2											
 749 000c BFF36F8F 		isb														
 750 0010 BFF34F8F 		dsb														
 751              	
 752              	@ 0 "" 2
 214:Middlewares/Third_Party/FreeRTOS/Source/portable/GCC/ARM_CM3/portmacro.h **** 	(
 215:Middlewares/Third_Party/FreeRTOS/Source/portable/GCC/ARM_CM3/portmacro.h **** 		"	mrs %0, basepri											\n" \
 216:Middlewares/Third_Party/FreeRTOS/Source/portable/GCC/ARM_CM3/portmacro.h **** 		"	mov %1, %2												\n" \
 217:Middlewares/Third_Party/FreeRTOS/Source/portable/GCC/ARM_CM3/portmacro.h **** 		"	msr basepri, %1											\n" \
 218:Middlewares/Third_Party/FreeRTOS/Source/portable/GCC/ARM_CM3/portmacro.h **** 		"	isb														\n" \
 219:Middlewares/Third_Party/FreeRTOS/Source/portable/GCC/ARM_CM3/portmacro.h **** 		"	dsb														\n" \
 220:Middlewares/Third_Party/FreeRTOS/Source/portable/GCC/ARM_CM3/portmacro.h **** 		:"=r" (ulOriginalBASEPRI), "=r" (ulNewBASEPRI) : "i" ( configMAX_SYSCALL_INTERRUPT_PRIORITY ) : "
 221:Middlewares/Third_Party/FreeRTOS/Source/portable/GCC/ARM_CM3/portmacro.h **** 	);
 222:Middlewares/Third_Party/FreeRTOS/Source/portable/GCC/ARM_CM3/portmacro.h **** 
 223:Middlewares/Third_Party/FreeRTOS/Source/portable/GCC/ARM_CM3/portmacro.h **** 	/* This return will not be reached but is necessary to prevent compiler
 224:Middlewares/Third_Party/FreeRTOS/Source/portable/GCC/ARM_CM3/portmacro.h **** 	warnings. */
 225:Middlewares/Third_Party/FreeRTOS/Source/portable/GCC/ARM_CM3/portmacro.h **** 	return ulOriginalBASEPRI;
 753              		.loc 2 225 2 view .LVU215
 754              	.LVL61:
 755              		.loc 2 225 2 is_stmt 0 view .LVU216
 756              		.thumb
 757              		.syntax unified
 758              	.LBE58:
 759              	.LBE57:
 511:Middlewares/Third_Party/FreeRTOS/Source/event_groups.c **** 	}
 760              		.loc 1 511 3 is_stmt 1 view .LVU217
 511:Middlewares/Third_Party/FreeRTOS/Source/event_groups.c **** 	}
 761              		.loc 1 511 12 is_stmt 0 view .LVU218
 762 0014 0068     		ldr	r0, [r0]
 763              	.LVL62:
 513:Middlewares/Third_Party/FreeRTOS/Source/event_groups.c **** 
 764              		.loc 1 513 2 is_stmt 1 view .LVU219
 765              	.LBB59:
 766              	.LBI59:
 226:Middlewares/Third_Party/FreeRTOS/Source/portable/GCC/ARM_CM3/portmacro.h **** }
 227:Middlewares/Third_Party/FreeRTOS/Source/portable/GCC/ARM_CM3/portmacro.h **** /*-----------------------------------------------------------*/
 228:Middlewares/Third_Party/FreeRTOS/Source/portable/GCC/ARM_CM3/portmacro.h **** 
 229:Middlewares/Third_Party/FreeRTOS/Source/portable/GCC/ARM_CM3/portmacro.h **** portFORCE_INLINE static void vPortSetBASEPRI( uint32_t ulNewMaskValue )
 767              		.loc 2 229 30 view .LVU220
 768              	.LBB60:
 230:Middlewares/Third_Party/FreeRTOS/Source/portable/GCC/ARM_CM3/portmacro.h **** {
 231:Middlewares/Third_Party/FreeRTOS/Source/portable/GCC/ARM_CM3/portmacro.h **** 	__asm volatile
 769              		.loc 2 231 2 view .LVU221
ARM GAS  C:\Users\subdia\AppData\Local\Temp\ccevSk8M.s 			page 34


 770              		.syntax unified
 771              	@ 231 "Middlewares/Third_Party/FreeRTOS/Source/portable/GCC/ARM_CM3/portmacro.h" 1
 772 0016 83F31188 			msr basepri, r3	
 773              	@ 0 "" 2
 774              	.LVL63:
 775              		.loc 2 231 2 is_stmt 0 view .LVU222
 776              		.thumb
 777              		.syntax unified
 778              	.LBE60:
 779              	.LBE59:
 515:Middlewares/Third_Party/FreeRTOS/Source/event_groups.c **** } /*lint !e818 EventGroupHandle_t is a typedef used in other functions to so can't be pointer to co
 780              		.loc 1 515 2 is_stmt 1 view .LVU223
 516:Middlewares/Third_Party/FreeRTOS/Source/event_groups.c **** /*-----------------------------------------------------------*/
 781              		.loc 1 516 1 is_stmt 0 view .LVU224
 782 001a 7047     		bx	lr
 783              		.cfi_endproc
 784              	.LFE10:
 786              		.section	.text.xEventGroupSetBits,"ax",%progbits
 787              		.align	1
 788              		.global	xEventGroupSetBits
 789              		.syntax unified
 790              		.thumb
 791              		.thumb_func
 793              	xEventGroupSetBits:
 794              	.LVL64:
 795              	.LFB11:
 520:Middlewares/Third_Party/FreeRTOS/Source/event_groups.c **** ListItem_t *pxListItem, *pxNext;
 796              		.loc 1 520 1 is_stmt 1 view -0
 797              		.cfi_startproc
 798              		@ args = 0, pretend = 0, frame = 0
 799              		@ frame_needed = 0, uses_anonymous_args = 0
 520:Middlewares/Third_Party/FreeRTOS/Source/event_groups.c **** ListItem_t *pxListItem, *pxNext;
 800              		.loc 1 520 1 is_stmt 0 view .LVU226
 801 0000 F8B5     		push	{r3, r4, r5, r6, r7, lr}
 802              	.LCFI10:
 803              		.cfi_def_cfa_offset 24
 804              		.cfi_offset 3, -24
 805              		.cfi_offset 4, -20
 806              		.cfi_offset 5, -16
 807              		.cfi_offset 6, -12
 808              		.cfi_offset 7, -8
 809              		.cfi_offset 14, -4
 521:Middlewares/Third_Party/FreeRTOS/Source/event_groups.c **** ListItem_t const *pxListEnd;
 810              		.loc 1 521 1 is_stmt 1 view .LVU227
 522:Middlewares/Third_Party/FreeRTOS/Source/event_groups.c **** List_t const * pxList;
 811              		.loc 1 522 1 view .LVU228
 523:Middlewares/Third_Party/FreeRTOS/Source/event_groups.c **** EventBits_t uxBitsToClear = 0, uxBitsWaitedFor, uxControlBits;
 812              		.loc 1 523 1 view .LVU229
 524:Middlewares/Third_Party/FreeRTOS/Source/event_groups.c **** EventGroup_t *pxEventBits = xEventGroup;
 813              		.loc 1 524 1 view .LVU230
 814              	.LVL65:
 525:Middlewares/Third_Party/FreeRTOS/Source/event_groups.c **** BaseType_t xMatchFound = pdFALSE;
 815              		.loc 1 525 1 view .LVU231
 526:Middlewares/Third_Party/FreeRTOS/Source/event_groups.c **** 
 816              		.loc 1 526 1 view .LVU232
 530:Middlewares/Third_Party/FreeRTOS/Source/event_groups.c **** 	configASSERT( ( uxBitsToSet & eventEVENT_BITS_CONTROL_BYTES ) == 0 );
 817              		.loc 1 530 2 view .LVU233
ARM GAS  C:\Users\subdia\AppData\Local\Temp\ccevSk8M.s 			page 35


 818 0002 68B1     		cbz	r0, .L60
 819 0004 0D46     		mov	r5, r1
 820 0006 0446     		mov	r4, r0
 530:Middlewares/Third_Party/FreeRTOS/Source/event_groups.c **** 	configASSERT( ( uxBitsToSet & eventEVENT_BITS_CONTROL_BYTES ) == 0 );
 821              		.loc 1 530 29 view .LVU234
 531:Middlewares/Third_Party/FreeRTOS/Source/event_groups.c **** 
 822              		.loc 1 531 2 view .LVU235
 823 0008 B1F1807F 		cmp	r1, #16777216
 824 000c 11D3     		bcc	.L51
 531:Middlewares/Third_Party/FreeRTOS/Source/event_groups.c **** 
 825              		.loc 1 531 2 discriminator 1 view .LVU236
 826              	.LBB61:
 827              	.LBI61:
 193:Middlewares/Third_Party/FreeRTOS/Source/portable/GCC/ARM_CM3/portmacro.h **** {
 828              		.loc 2 193 30 view .LVU237
 829              	.LBB62:
 195:Middlewares/Third_Party/FreeRTOS/Source/portable/GCC/ARM_CM3/portmacro.h **** 
 830              		.loc 2 195 1 view .LVU238
 197:Middlewares/Third_Party/FreeRTOS/Source/portable/GCC/ARM_CM3/portmacro.h **** 	(
 831              		.loc 2 197 2 view .LVU239
 832              		.syntax unified
 833              	@ 197 "Middlewares/Third_Party/FreeRTOS/Source/portable/GCC/ARM_CM3/portmacro.h" 1
 834 000e 4FF05003 			mov r3, #80												
 835 0012 83F31188 		msr basepri, r3											
 836 0016 BFF36F8F 		isb														
 837 001a BFF34F8F 		dsb														
 838              	
 839              	@ 0 "" 2
 840              		.thumb
 841              		.syntax unified
 842              	.L52:
 843              	.LBE62:
 844              	.LBE61:
 531:Middlewares/Third_Party/FreeRTOS/Source/event_groups.c **** 
 845              		.loc 1 531 2 view .LVU240
 846 001e FEE7     		b	.L52
 847              	.L60:
 530:Middlewares/Third_Party/FreeRTOS/Source/event_groups.c **** 	configASSERT( ( uxBitsToSet & eventEVENT_BITS_CONTROL_BYTES ) == 0 );
 848              		.loc 1 530 2 discriminator 1 view .LVU241
 849              	.LBB63:
 850              	.LBI63:
 193:Middlewares/Third_Party/FreeRTOS/Source/portable/GCC/ARM_CM3/portmacro.h **** {
 851              		.loc 2 193 30 view .LVU242
 852              	.LBB64:
 195:Middlewares/Third_Party/FreeRTOS/Source/portable/GCC/ARM_CM3/portmacro.h **** 
 853              		.loc 2 195 1 view .LVU243
 197:Middlewares/Third_Party/FreeRTOS/Source/portable/GCC/ARM_CM3/portmacro.h **** 	(
 854              		.loc 2 197 2 view .LVU244
 855              		.syntax unified
 856              	@ 197 "Middlewares/Third_Party/FreeRTOS/Source/portable/GCC/ARM_CM3/portmacro.h" 1
 857 0020 4FF05003 			mov r3, #80												
 858 0024 83F31188 		msr basepri, r3											
 859 0028 BFF36F8F 		isb														
 860 002c BFF34F8F 		dsb														
 861              	
 862              	@ 0 "" 2
 863              		.thumb
ARM GAS  C:\Users\subdia\AppData\Local\Temp\ccevSk8M.s 			page 36


 864              		.syntax unified
 865              	.L50:
 866              	.LBE64:
 867              	.LBE63:
 530:Middlewares/Third_Party/FreeRTOS/Source/event_groups.c **** 	configASSERT( ( uxBitsToSet & eventEVENT_BITS_CONTROL_BYTES ) == 0 );
 868              		.loc 1 530 2 view .LVU245
 869 0030 FEE7     		b	.L50
 870              	.L51:
 531:Middlewares/Third_Party/FreeRTOS/Source/event_groups.c **** 
 871              		.loc 1 531 70 view .LVU246
 533:Middlewares/Third_Party/FreeRTOS/Source/event_groups.c **** 	pxListEnd = listGET_END_MARKER( pxList ); /*lint !e826 !e740 !e9087 The mini list structure is use
 872              		.loc 1 533 2 view .LVU247
 873              	.LVL66:
 534:Middlewares/Third_Party/FreeRTOS/Source/event_groups.c **** 	vTaskSuspendAll();
 874              		.loc 1 534 2 view .LVU248
 534:Middlewares/Third_Party/FreeRTOS/Source/event_groups.c **** 	vTaskSuspendAll();
 875              		.loc 1 534 12 is_stmt 0 view .LVU249
 876 0032 00F10C06 		add	r6, r0, #12
 877              	.LVL67:
 535:Middlewares/Third_Party/FreeRTOS/Source/event_groups.c **** 	{
 878              		.loc 1 535 2 is_stmt 1 view .LVU250
 879 0036 FFF7FEFF 		bl	vTaskSuspendAll
 880              	.LVL68:
 537:Middlewares/Third_Party/FreeRTOS/Source/event_groups.c **** 
 881              		.loc 1 537 56 view .LVU251
 539:Middlewares/Third_Party/FreeRTOS/Source/event_groups.c **** 
 882              		.loc 1 539 3 view .LVU252
 539:Middlewares/Third_Party/FreeRTOS/Source/event_groups.c **** 
 883              		.loc 1 539 14 is_stmt 0 view .LVU253
 884 003a 2069     		ldr	r0, [r4, #16]
 885              	.LVL69:
 542:Middlewares/Third_Party/FreeRTOS/Source/event_groups.c **** 
 886              		.loc 1 542 3 is_stmt 1 view .LVU254
 542:Middlewares/Third_Party/FreeRTOS/Source/event_groups.c **** 
 887              		.loc 1 542 14 is_stmt 0 view .LVU255
 888 003c 2368     		ldr	r3, [r4]
 542:Middlewares/Third_Party/FreeRTOS/Source/event_groups.c **** 
 889              		.loc 1 542 28 view .LVU256
 890 003e 2B43     		orrs	r3, r3, r5
 891 0040 2360     		str	r3, [r4]
 545:Middlewares/Third_Party/FreeRTOS/Source/event_groups.c **** 		{
 892              		.loc 1 545 3 is_stmt 1 view .LVU257
 524:Middlewares/Third_Party/FreeRTOS/Source/event_groups.c **** EventGroup_t *pxEventBits = xEventGroup;
 893              		.loc 1 524 13 is_stmt 0 view .LVU258
 894 0042 0023     		movs	r3, #0
 895 0044 1F46     		mov	r7, r3
 545:Middlewares/Third_Party/FreeRTOS/Source/event_groups.c **** 		{
 896              		.loc 1 545 8 view .LVU259
 897 0046 0AE0     		b	.L53
 898              	.LVL70:
 899              	.L54:
 567:Middlewares/Third_Party/FreeRTOS/Source/event_groups.c **** 			{
 900              		.loc 1 567 9 is_stmt 1 view .LVU260
 567:Middlewares/Third_Party/FreeRTOS/Source/event_groups.c **** 			{
 901              		.loc 1 567 44 is_stmt 0 view .LVU261
 902 0048 2168     		ldr	r1, [r4]
 567:Middlewares/Third_Party/FreeRTOS/Source/event_groups.c **** 			{
ARM GAS  C:\Users\subdia\AppData\Local\Temp\ccevSk8M.s 			page 37


 903              		.loc 1 567 11 view .LVU262
 904 004a 32EA0101 		bics	r1, r2, r1
 905 004e 05D1     		bne	.L56
 567:Middlewares/Third_Party/FreeRTOS/Source/event_groups.c **** 			{
 906              		.loc 1 567 11 view .LVU263
 907 0050 11E0     		b	.L55
 908              	.LVL71:
 909              	.L57:
 586:Middlewares/Third_Party/FreeRTOS/Source/event_groups.c **** 				}
 910              		.loc 1 586 30 is_stmt 1 view .LVU264
 594:Middlewares/Third_Party/FreeRTOS/Source/event_groups.c **** 			}
 911              		.loc 1 594 5 view .LVU265
 594:Middlewares/Third_Party/FreeRTOS/Source/event_groups.c **** 			}
 912              		.loc 1 594 63 is_stmt 0 view .LVU266
 913 0052 2168     		ldr	r1, [r4]
 594:Middlewares/Third_Party/FreeRTOS/Source/event_groups.c **** 			}
 914              		.loc 1 594 5 view .LVU267
 915 0054 41F00071 		orr	r1, r1, #33554432
 916 0058 FFF7FEFF 		bl	vTaskRemoveFromUnorderedEventList
 917              	.LVL72:
 918              	.L56:
 520:Middlewares/Third_Party/FreeRTOS/Source/event_groups.c **** ListItem_t *pxListItem, *pxNext;
 919              		.loc 1 520 1 view .LVU268
 920 005c 2846     		mov	r0, r5
 921              	.LVL73:
 922              	.L53:
 545:Middlewares/Third_Party/FreeRTOS/Source/event_groups.c **** 		{
 923              		.loc 1 545 21 is_stmt 1 view .LVU269
 924 005e B042     		cmp	r0, r6
 925 0060 10D0     		beq	.L61
 547:Middlewares/Third_Party/FreeRTOS/Source/event_groups.c **** 			uxBitsWaitedFor = listGET_LIST_ITEM_VALUE( pxListItem );
 926              		.loc 1 547 4 view .LVU270
 547:Middlewares/Third_Party/FreeRTOS/Source/event_groups.c **** 			uxBitsWaitedFor = listGET_LIST_ITEM_VALUE( pxListItem );
 927              		.loc 1 547 11 is_stmt 0 view .LVU271
 928 0062 4568     		ldr	r5, [r0, #4]
 929              	.LVL74:
 548:Middlewares/Third_Party/FreeRTOS/Source/event_groups.c **** 			xMatchFound = pdFALSE;
 930              		.loc 1 548 4 is_stmt 1 view .LVU272
 548:Middlewares/Third_Party/FreeRTOS/Source/event_groups.c **** 			xMatchFound = pdFALSE;
 931              		.loc 1 548 20 is_stmt 0 view .LVU273
 932 0064 0368     		ldr	r3, [r0]
 933              	.LVL75:
 549:Middlewares/Third_Party/FreeRTOS/Source/event_groups.c **** 
 934              		.loc 1 549 4 is_stmt 1 view .LVU274
 552:Middlewares/Third_Party/FreeRTOS/Source/event_groups.c **** 			uxBitsWaitedFor &= ~eventEVENT_BITS_CONTROL_BYTES;
 935              		.loc 1 552 4 view .LVU275
 553:Middlewares/Third_Party/FreeRTOS/Source/event_groups.c **** 
 936              		.loc 1 553 4 view .LVU276
 553:Middlewares/Third_Party/FreeRTOS/Source/event_groups.c **** 
 937              		.loc 1 553 20 is_stmt 0 view .LVU277
 938 0066 23F07F42 		bic	r2, r3, #-16777216
 939              	.LVL76:
 555:Middlewares/Third_Party/FreeRTOS/Source/event_groups.c **** 			{
 940              		.loc 1 555 4 is_stmt 1 view .LVU278
 555:Middlewares/Third_Party/FreeRTOS/Source/event_groups.c **** 			{
 941              		.loc 1 555 6 is_stmt 0 view .LVU279
 942 006a 13F0806F 		tst	r3, #67108864
ARM GAS  C:\Users\subdia\AppData\Local\Temp\ccevSk8M.s 			page 38


 943 006e EBD1     		bne	.L54
 558:Middlewares/Third_Party/FreeRTOS/Source/event_groups.c **** 				{
 944              		.loc 1 558 5 is_stmt 1 view .LVU280
 558:Middlewares/Third_Party/FreeRTOS/Source/event_groups.c **** 				{
 945              		.loc 1 558 40 is_stmt 0 view .LVU281
 946 0070 2168     		ldr	r1, [r4]
 558:Middlewares/Third_Party/FreeRTOS/Source/event_groups.c **** 				{
 947              		.loc 1 558 7 view .LVU282
 948 0072 1142     		tst	r1, r2
 949 0074 F2D0     		beq	.L56
 950              	.L55:
 951              	.LVL77:
 580:Middlewares/Third_Party/FreeRTOS/Source/event_groups.c **** 				{
 952              		.loc 1 580 5 is_stmt 1 view .LVU283
 580:Middlewares/Third_Party/FreeRTOS/Source/event_groups.c **** 				{
 953              		.loc 1 580 7 is_stmt 0 view .LVU284
 954 0076 13F0807F 		tst	r3, #16777216
 955 007a EAD0     		beq	.L57
 582:Middlewares/Third_Party/FreeRTOS/Source/event_groups.c **** 				}
 956              		.loc 1 582 6 is_stmt 1 view .LVU285
 582:Middlewares/Third_Party/FreeRTOS/Source/event_groups.c **** 				}
 957              		.loc 1 582 20 is_stmt 0 view .LVU286
 958 007c 3B46     		mov	r3, r7
 959              	.LVL78:
 582:Middlewares/Third_Party/FreeRTOS/Source/event_groups.c **** 				}
 960              		.loc 1 582 20 view .LVU287
 961 007e 1343     		orrs	r3, r3, r2
 962 0080 1F46     		mov	r7, r3
 963              	.LVL79:
 582:Middlewares/Third_Party/FreeRTOS/Source/event_groups.c **** 				}
 964              		.loc 1 582 20 view .LVU288
 965 0082 E6E7     		b	.L57
 966              	.LVL80:
 967              	.L61:
 605:Middlewares/Third_Party/FreeRTOS/Source/event_groups.c **** 	}
 968              		.loc 1 605 3 is_stmt 1 view .LVU289
 605:Middlewares/Third_Party/FreeRTOS/Source/event_groups.c **** 	}
 969              		.loc 1 605 14 is_stmt 0 view .LVU290
 970 0084 2368     		ldr	r3, [r4]
 605:Middlewares/Third_Party/FreeRTOS/Source/event_groups.c **** 	}
 971              		.loc 1 605 28 view .LVU291
 972 0086 23EA0703 		bic	r3, r3, r7
 973 008a 2360     		str	r3, [r4]
 607:Middlewares/Third_Party/FreeRTOS/Source/event_groups.c **** 
 974              		.loc 1 607 2 is_stmt 1 view .LVU292
 607:Middlewares/Third_Party/FreeRTOS/Source/event_groups.c **** 
 975              		.loc 1 607 11 is_stmt 0 view .LVU293
 976 008c FFF7FEFF 		bl	xTaskResumeAll
 977              	.LVL81:
 609:Middlewares/Third_Party/FreeRTOS/Source/event_groups.c **** }
 978              		.loc 1 609 2 is_stmt 1 view .LVU294
 610:Middlewares/Third_Party/FreeRTOS/Source/event_groups.c **** /*-----------------------------------------------------------*/
 979              		.loc 1 610 1 is_stmt 0 view .LVU295
 980 0090 2068     		ldr	r0, [r4]
 981 0092 F8BD     		pop	{r3, r4, r5, r6, r7, pc}
 610:Middlewares/Third_Party/FreeRTOS/Source/event_groups.c **** /*-----------------------------------------------------------*/
 982              		.loc 1 610 1 view .LVU296
ARM GAS  C:\Users\subdia\AppData\Local\Temp\ccevSk8M.s 			page 39


 983              		.cfi_endproc
 984              	.LFE11:
 986              		.section	.text.xEventGroupSync,"ax",%progbits
 987              		.align	1
 988              		.global	xEventGroupSync
 989              		.syntax unified
 990              		.thumb
 991              		.thumb_func
 993              	xEventGroupSync:
 994              	.LVL82:
 995              	.LFB7:
 192:Middlewares/Third_Party/FreeRTOS/Source/event_groups.c **** EventBits_t uxOriginalBitValue, uxReturn;
 996              		.loc 1 192 1 is_stmt 1 view -0
 997              		.cfi_startproc
 998              		@ args = 0, pretend = 0, frame = 0
 999              		@ frame_needed = 0, uses_anonymous_args = 0
 193:Middlewares/Third_Party/FreeRTOS/Source/event_groups.c **** EventGroup_t *pxEventBits = xEventGroup;
 1000              		.loc 1 193 1 view .LVU298
 194:Middlewares/Third_Party/FreeRTOS/Source/event_groups.c **** BaseType_t xAlreadyYielded;
 1001              		.loc 1 194 1 view .LVU299
 195:Middlewares/Third_Party/FreeRTOS/Source/event_groups.c **** BaseType_t xTimeoutOccurred = pdFALSE;
 1002              		.loc 1 195 1 view .LVU300
 196:Middlewares/Third_Party/FreeRTOS/Source/event_groups.c **** 
 1003              		.loc 1 196 1 view .LVU301
 198:Middlewares/Third_Party/FreeRTOS/Source/event_groups.c **** 	configASSERT( uxBitsToWaitFor != 0 );
 1004              		.loc 1 198 2 view .LVU302
 1005 0000 B2F1807F 		cmp	r2, #16777216
 1006 0004 08D3     		bcc	.L63
 198:Middlewares/Third_Party/FreeRTOS/Source/event_groups.c **** 	configASSERT( uxBitsToWaitFor != 0 );
 1007              		.loc 1 198 2 discriminator 1 view .LVU303
 1008              	.LBB65:
 1009              	.LBI65:
 193:Middlewares/Third_Party/FreeRTOS/Source/portable/GCC/ARM_CM3/portmacro.h **** {
 1010              		.loc 2 193 30 view .LVU304
 1011              	.LBB66:
 195:Middlewares/Third_Party/FreeRTOS/Source/portable/GCC/ARM_CM3/portmacro.h **** 
 1012              		.loc 2 195 1 view .LVU305
 197:Middlewares/Third_Party/FreeRTOS/Source/portable/GCC/ARM_CM3/portmacro.h **** 	(
 1013              		.loc 2 197 2 view .LVU306
 1014              		.syntax unified
 1015              	@ 197 "Middlewares/Third_Party/FreeRTOS/Source/portable/GCC/ARM_CM3/portmacro.h" 1
 1016 0006 4FF05003 			mov r3, #80												
 1017 000a 83F31188 		msr basepri, r3											
 1018 000e BFF36F8F 		isb														
 1019 0012 BFF34F8F 		dsb														
 1020              	
 1021              	@ 0 "" 2
 1022              	.LVL83:
 1023              		.thumb
 1024              		.syntax unified
 1025              	.L64:
 197:Middlewares/Third_Party/FreeRTOS/Source/portable/GCC/ARM_CM3/portmacro.h **** 	(
 1026              		.loc 2 197 2 is_stmt 0 view .LVU307
 1027              	.LBE66:
 1028              	.LBE65:
 198:Middlewares/Third_Party/FreeRTOS/Source/event_groups.c **** 	configASSERT( uxBitsToWaitFor != 0 );
 1029              		.loc 1 198 2 is_stmt 1 view .LVU308
ARM GAS  C:\Users\subdia\AppData\Local\Temp\ccevSk8M.s 			page 40


 1030 0016 FEE7     		b	.L64
 1031              	.LVL84:
 1032              	.L63:
 192:Middlewares/Third_Party/FreeRTOS/Source/event_groups.c **** EventBits_t uxOriginalBitValue, uxReturn;
 1033              		.loc 1 192 1 is_stmt 0 view .LVU309
 1034 0018 2DE9F041 		push	{r4, r5, r6, r7, r8, lr}
 1035              	.LCFI11:
 1036              		.cfi_def_cfa_offset 24
 1037              		.cfi_offset 4, -24
 1038              		.cfi_offset 5, -20
 1039              		.cfi_offset 6, -16
 1040              		.cfi_offset 7, -12
 1041              		.cfi_offset 8, -8
 1042              		.cfi_offset 14, -4
 1043 001c 0746     		mov	r7, r0
 1044 001e 0D46     		mov	r5, r1
 1045 0020 1446     		mov	r4, r2
 1046 0022 9846     		mov	r8, r3
 198:Middlewares/Third_Party/FreeRTOS/Source/event_groups.c **** 	configASSERT( uxBitsToWaitFor != 0 );
 1047              		.loc 1 198 74 is_stmt 1 view .LVU310
 199:Middlewares/Third_Party/FreeRTOS/Source/event_groups.c **** 	#if ( ( INCLUDE_xTaskGetSchedulerState == 1 ) || ( configUSE_TIMERS == 1 ) )
 1048              		.loc 1 199 2 view .LVU311
 1049 0024 42B9     		cbnz	r2, .L65
 199:Middlewares/Third_Party/FreeRTOS/Source/event_groups.c **** 	#if ( ( INCLUDE_xTaskGetSchedulerState == 1 ) || ( configUSE_TIMERS == 1 ) )
 1050              		.loc 1 199 2 discriminator 1 view .LVU312
 1051              	.LBB67:
 1052              	.LBI67:
 193:Middlewares/Third_Party/FreeRTOS/Source/portable/GCC/ARM_CM3/portmacro.h **** {
 1053              		.loc 2 193 30 view .LVU313
 1054              	.LBB68:
 195:Middlewares/Third_Party/FreeRTOS/Source/portable/GCC/ARM_CM3/portmacro.h **** 
 1055              		.loc 2 195 1 view .LVU314
 197:Middlewares/Third_Party/FreeRTOS/Source/portable/GCC/ARM_CM3/portmacro.h **** 	(
 1056              		.loc 2 197 2 view .LVU315
 1057              		.syntax unified
 1058              	@ 197 "Middlewares/Third_Party/FreeRTOS/Source/portable/GCC/ARM_CM3/portmacro.h" 1
 1059 0026 4FF05003 			mov r3, #80												
 1060 002a 83F31188 		msr basepri, r3											
 1061 002e BFF36F8F 		isb														
 1062 0032 BFF34F8F 		dsb														
 1063              	
 1064              	@ 0 "" 2
 1065              	.LVL85:
 1066              		.thumb
 1067              		.syntax unified
 1068              	.L66:
 197:Middlewares/Third_Party/FreeRTOS/Source/portable/GCC/ARM_CM3/portmacro.h **** 	(
 1069              		.loc 2 197 2 is_stmt 0 view .LVU316
 1070              	.LBE68:
 1071              	.LBE67:
 199:Middlewares/Third_Party/FreeRTOS/Source/event_groups.c **** 	#if ( ( INCLUDE_xTaskGetSchedulerState == 1 ) || ( configUSE_TIMERS == 1 ) )
 1072              		.loc 1 199 2 is_stmt 1 view .LVU317
 1073 0036 FEE7     		b	.L66
 1074              	.LVL86:
 1075              	.L65:
 199:Middlewares/Third_Party/FreeRTOS/Source/event_groups.c **** 	#if ( ( INCLUDE_xTaskGetSchedulerState == 1 ) || ( configUSE_TIMERS == 1 ) )
 1076              		.loc 1 199 38 view .LVU318
ARM GAS  C:\Users\subdia\AppData\Local\Temp\ccevSk8M.s 			page 41


 202:Middlewares/Third_Party/FreeRTOS/Source/event_groups.c **** 	}
 1077              		.loc 1 202 3 view .LVU319
 1078 0038 FFF7FEFF 		bl	xTaskGetSchedulerState
 1079              	.LVL87:
 202:Middlewares/Third_Party/FreeRTOS/Source/event_groups.c **** 	}
 1080              		.loc 1 202 3 is_stmt 0 discriminator 1 view .LVU320
 1081 003c 50B9     		cbnz	r0, .L67
 202:Middlewares/Third_Party/FreeRTOS/Source/event_groups.c **** 	}
 1082              		.loc 1 202 3 discriminator 3 view .LVU321
 1083 003e 4346     		mov	r3, r8
 1084 0040 43B1     		cbz	r3, .L67
 1085              	.LVL88:
 202:Middlewares/Third_Party/FreeRTOS/Source/event_groups.c **** 	}
 1086              		.loc 1 202 3 is_stmt 1 discriminator 8 view .LVU322
 1087              	.LBB69:
 1088              	.LBI69:
 193:Middlewares/Third_Party/FreeRTOS/Source/portable/GCC/ARM_CM3/portmacro.h **** {
 1089              		.loc 2 193 30 view .LVU323
 1090              	.LBB70:
 195:Middlewares/Third_Party/FreeRTOS/Source/portable/GCC/ARM_CM3/portmacro.h **** 
 1091              		.loc 2 195 1 view .LVU324
 197:Middlewares/Third_Party/FreeRTOS/Source/portable/GCC/ARM_CM3/portmacro.h **** 	(
 1092              		.loc 2 197 2 view .LVU325
 1093              		.syntax unified
 1094              	@ 197 "Middlewares/Third_Party/FreeRTOS/Source/portable/GCC/ARM_CM3/portmacro.h" 1
 1095 0042 4FF05003 			mov r3, #80												
 1096 0046 83F31188 		msr basepri, r3											
 1097 004a BFF36F8F 		isb														
 1098 004e BFF34F8F 		dsb														
 1099              	
 1100              	@ 0 "" 2
 1101              	.LVL89:
 1102              		.thumb
 1103              		.syntax unified
 1104              	.L68:
 197:Middlewares/Third_Party/FreeRTOS/Source/portable/GCC/ARM_CM3/portmacro.h **** 	(
 1105              		.loc 2 197 2 is_stmt 0 view .LVU326
 1106              	.LBE70:
 1107              	.LBE69:
 202:Middlewares/Third_Party/FreeRTOS/Source/event_groups.c **** 	}
 1108              		.loc 1 202 3 is_stmt 1 view .LVU327
 1109 0052 FEE7     		b	.L68
 1110              	.L67:
 202:Middlewares/Third_Party/FreeRTOS/Source/event_groups.c **** 	}
 1111              		.loc 1 202 104 view .LVU328
 206:Middlewares/Third_Party/FreeRTOS/Source/event_groups.c **** 	{
 1112              		.loc 1 206 2 view .LVU329
 1113 0054 FFF7FEFF 		bl	vTaskSuspendAll
 1114              	.LVL90:
 208:Middlewares/Third_Party/FreeRTOS/Source/event_groups.c **** 
 1115              		.loc 1 208 3 view .LVU330
 208:Middlewares/Third_Party/FreeRTOS/Source/event_groups.c **** 
 1116              		.loc 1 208 22 is_stmt 0 view .LVU331
 1117 0058 3846     		mov	r0, r7
 1118 005a 3E68     		ldr	r6, [r7]
 1119              	.LVL91:
 210:Middlewares/Third_Party/FreeRTOS/Source/event_groups.c **** 
ARM GAS  C:\Users\subdia\AppData\Local\Temp\ccevSk8M.s 			page 42


 1120              		.loc 1 210 3 is_stmt 1 view .LVU332
 210:Middlewares/Third_Party/FreeRTOS/Source/event_groups.c **** 
 1121              		.loc 1 210 12 is_stmt 0 view .LVU333
 1122 005c 2946     		mov	r1, r5
 1123 005e FFF7FEFF 		bl	xEventGroupSetBits
 1124              	.LVL92:
 212:Middlewares/Third_Party/FreeRTOS/Source/event_groups.c **** 		{
 1125              		.loc 1 212 3 is_stmt 1 view .LVU334
 212:Middlewares/Third_Party/FreeRTOS/Source/event_groups.c **** 		{
 1126              		.loc 1 212 30 is_stmt 0 view .LVU335
 1127 0062 2B46     		mov	r3, r5
 1128 0064 3343     		orrs	r3, r3, r6
 1129 0066 1D46     		mov	r5, r3
 1130              	.LVL93:
 212:Middlewares/Third_Party/FreeRTOS/Source/event_groups.c **** 		{
 1131              		.loc 1 212 5 view .LVU336
 1132 0068 34EA0303 		bics	r3, r4, r3
 1133 006c 1ED0     		beq	.L78
 225:Middlewares/Third_Party/FreeRTOS/Source/event_groups.c **** 			{
 1134              		.loc 1 225 4 is_stmt 1 view .LVU337
 225:Middlewares/Third_Party/FreeRTOS/Source/event_groups.c **** 			{
 1135              		.loc 1 225 6 is_stmt 0 view .LVU338
 1136 006e 4346     		mov	r3, r8
 1137 0070 1BBB     		cbnz	r3, .L79
 1138              	.LVL94:
 244:Middlewares/Third_Party/FreeRTOS/Source/event_groups.c **** 				xTimeoutOccurred = pdTRUE;
 1139              		.loc 1 244 5 is_stmt 1 view .LVU339
 244:Middlewares/Third_Party/FreeRTOS/Source/event_groups.c **** 				xTimeoutOccurred = pdTRUE;
 1140              		.loc 1 244 14 is_stmt 0 view .LVU340
 1141 0072 3B68     		ldr	r3, [r7]
 1142              	.LVL95:
 244:Middlewares/Third_Party/FreeRTOS/Source/event_groups.c **** 				xTimeoutOccurred = pdTRUE;
 1143              		.loc 1 244 14 view .LVU341
 1144 0074 1D46     		mov	r5, r3
 1145              	.LVL96:
 245:Middlewares/Third_Party/FreeRTOS/Source/event_groups.c **** 			}
 1146              		.loc 1 245 5 is_stmt 1 view .LVU342
 1147              	.L70:
 249:Middlewares/Third_Party/FreeRTOS/Source/event_groups.c **** 
 1148              		.loc 1 249 2 view .LVU343
 249:Middlewares/Third_Party/FreeRTOS/Source/event_groups.c **** 
 1149              		.loc 1 249 20 is_stmt 0 view .LVU344
 1150 0076 FFF7FEFF 		bl	xTaskResumeAll
 1151              	.LVL97:
 251:Middlewares/Third_Party/FreeRTOS/Source/event_groups.c **** 	{
 1152              		.loc 1 251 2 is_stmt 1 view .LVU345
 251:Middlewares/Third_Party/FreeRTOS/Source/event_groups.c **** 	{
 1153              		.loc 1 251 4 is_stmt 0 view .LVU346
 1154 007a 4346     		mov	r3, r8
 1155 007c 9BB1     		cbz	r3, .L62
 253:Middlewares/Third_Party/FreeRTOS/Source/event_groups.c **** 		{
 1156              		.loc 1 253 3 is_stmt 1 view .LVU347
 253:Middlewares/Third_Party/FreeRTOS/Source/event_groups.c **** 		{
 1157              		.loc 1 253 5 is_stmt 0 view .LVU348
 1158 007e 48B9     		cbnz	r0, .L73
 255:Middlewares/Third_Party/FreeRTOS/Source/event_groups.c **** 		}
 1159              		.loc 1 255 4 is_stmt 1 view .LVU349
ARM GAS  C:\Users\subdia\AppData\Local\Temp\ccevSk8M.s 			page 43


 1160 0080 4FF0E023 		mov	r3, #-536813568
 1161 0084 4FF08052 		mov	r2, #268435456
 1162 0088 C3F8042D 		str	r2, [r3, #3332]
 255:Middlewares/Third_Party/FreeRTOS/Source/event_groups.c **** 		}
 1163              		.loc 1 255 4 view .LVU350
 1164              		.syntax unified
 1165              	@ 255 "Middlewares/Third_Party/FreeRTOS/Source/event_groups.c" 1
 1166 008c BFF34F8F 		dsb
 1167              	@ 0 "" 2
 255:Middlewares/Third_Party/FreeRTOS/Source/event_groups.c **** 		}
 1168              		.loc 1 255 4 view .LVU351
 1169              	@ 255 "Middlewares/Third_Party/FreeRTOS/Source/event_groups.c" 1
 1170 0090 BFF36F8F 		isb
 1171              	@ 0 "" 2
 255:Middlewares/Third_Party/FreeRTOS/Source/event_groups.c **** 		}
 1172              		.loc 1 255 26 view .LVU352
 1173              		.thumb
 1174              		.syntax unified
 1175              	.L73:
 259:Middlewares/Third_Party/FreeRTOS/Source/event_groups.c **** 		}
 1176              		.loc 1 259 28 view .LVU353
 266:Middlewares/Third_Party/FreeRTOS/Source/event_groups.c **** 
 1177              		.loc 1 266 3 view .LVU354
 266:Middlewares/Third_Party/FreeRTOS/Source/event_groups.c **** 
 1178              		.loc 1 266 14 is_stmt 0 view .LVU355
 1179 0094 FFF7FEFF 		bl	uxTaskResetEventItemValue
 1180              	.LVL98:
 266:Middlewares/Third_Party/FreeRTOS/Source/event_groups.c **** 
 1181              		.loc 1 266 14 view .LVU356
 1182 0098 0546     		mov	r5, r0
 1183              	.LVL99:
 268:Middlewares/Third_Party/FreeRTOS/Source/event_groups.c **** 		{
 1184              		.loc 1 268 3 is_stmt 1 view .LVU357
 268:Middlewares/Third_Party/FreeRTOS/Source/event_groups.c **** 		{
 1185              		.loc 1 268 5 is_stmt 0 view .LVU358
 1186 009a 10F0007F 		tst	r0, #33554432
 1187 009e 15D0     		beq	.L80
 1188              	.LVL100:
 1189              	.L74:
 295:Middlewares/Third_Party/FreeRTOS/Source/event_groups.c **** 
 1190              		.loc 1 295 3 is_stmt 1 view .LVU359
 299:Middlewares/Third_Party/FreeRTOS/Source/event_groups.c **** 	}
 1191              		.loc 1 299 3 view .LVU360
 299:Middlewares/Third_Party/FreeRTOS/Source/event_groups.c **** 	}
 1192              		.loc 1 299 12 is_stmt 0 view .LVU361
 1193 00a0 25F07F43 		bic	r3, r5, #-16777216
 1194 00a4 1D46     		mov	r5, r3
 1195              	.LVL101:
 302:Middlewares/Third_Party/FreeRTOS/Source/event_groups.c **** 
 1196              		.loc 1 302 2 is_stmt 1 view .LVU362
 305:Middlewares/Third_Party/FreeRTOS/Source/event_groups.c **** 
 1197              		.loc 1 305 2 view .LVU363
 307:Middlewares/Third_Party/FreeRTOS/Source/event_groups.c **** }
 1198              		.loc 1 307 2 view .LVU364
 1199              	.L62:
 308:Middlewares/Third_Party/FreeRTOS/Source/event_groups.c **** /*-----------------------------------------------------------*/
 1200              		.loc 1 308 1 is_stmt 0 view .LVU365
ARM GAS  C:\Users\subdia\AppData\Local\Temp\ccevSk8M.s 			page 44


 1201 00a6 2846     		mov	r0, r5
 1202 00a8 BDE8F081 		pop	{r4, r5, r6, r7, r8, pc}
 1203              	.LVL102:
 1204              	.L78:
 215:Middlewares/Third_Party/FreeRTOS/Source/event_groups.c **** 
 1205              		.loc 1 215 4 is_stmt 1 view .LVU366
 219:Middlewares/Third_Party/FreeRTOS/Source/event_groups.c **** 
 1206              		.loc 1 219 4 view .LVU367
 219:Middlewares/Third_Party/FreeRTOS/Source/event_groups.c **** 
 1207              		.loc 1 219 15 is_stmt 0 view .LVU368
 1208 00ac 3B68     		ldr	r3, [r7]
 219:Middlewares/Third_Party/FreeRTOS/Source/event_groups.c **** 
 1209              		.loc 1 219 29 view .LVU369
 1210 00ae 23EA0403 		bic	r3, r3, r4
 1211 00b2 3B60     		str	r3, [r7]
 221:Middlewares/Third_Party/FreeRTOS/Source/event_groups.c **** 		}
 1212              		.loc 1 221 4 is_stmt 1 view .LVU370
 1213              	.LVL103:
 221:Middlewares/Third_Party/FreeRTOS/Source/event_groups.c **** 		}
 1214              		.loc 1 221 17 is_stmt 0 view .LVU371
 1215 00b4 0023     		movs	r3, #0
 1216 00b6 9846     		mov	r8, r3
 1217 00b8 DDE7     		b	.L70
 1218              	.LVL104:
 1219              	.L79:
 227:Middlewares/Third_Party/FreeRTOS/Source/event_groups.c **** 
 1220              		.loc 1 227 77 is_stmt 1 view .LVU372
 232:Middlewares/Third_Party/FreeRTOS/Source/event_groups.c **** 
 1221              		.loc 1 232 5 view .LVU373
 1222 00ba 4246     		mov	r2, r8
 1223 00bc 44F0A061 		orr	r1, r4, #83886080
 1224 00c0 381D     		adds	r0, r7, #4
 1225 00c2 FFF7FEFF 		bl	vTaskPlaceOnUnorderedEventList
 1226              	.LVL105:
 238:Middlewares/Third_Party/FreeRTOS/Source/event_groups.c **** 			}
 1227              		.loc 1 238 5 view .LVU374
 238:Middlewares/Third_Party/FreeRTOS/Source/event_groups.c **** 			}
 1228              		.loc 1 238 14 is_stmt 0 view .LVU375
 1229 00c6 0023     		movs	r3, #0
 1230 00c8 1D46     		mov	r5, r3
 1231 00ca D4E7     		b	.L70
 1232              	.LVL106:
 1233              	.L80:
 271:Middlewares/Third_Party/FreeRTOS/Source/event_groups.c **** 			{
 1234              		.loc 1 271 4 is_stmt 1 view .LVU376
 1235 00cc FFF7FEFF 		bl	vPortEnterCritical
 1236              	.LVL107:
 273:Middlewares/Third_Party/FreeRTOS/Source/event_groups.c **** 
 1237              		.loc 1 273 5 view .LVU377
 273:Middlewares/Third_Party/FreeRTOS/Source/event_groups.c **** 
 1238              		.loc 1 273 14 is_stmt 0 view .LVU378
 1239 00d0 3B68     		ldr	r3, [r7]
 1240 00d2 1D46     		mov	r5, r3
 1241              	.LVL108:
 279:Middlewares/Third_Party/FreeRTOS/Source/event_groups.c **** 				{
 1242              		.loc 1 279 5 is_stmt 1 view .LVU379
 279:Middlewares/Third_Party/FreeRTOS/Source/event_groups.c **** 				{
ARM GAS  C:\Users\subdia\AppData\Local\Temp\ccevSk8M.s 			page 45


 1243              		.loc 1 279 7 is_stmt 0 view .LVU380
 1244 00d4 34EA0303 		bics	r3, r4, r3
 1245              	.LVL109:
 279:Middlewares/Third_Party/FreeRTOS/Source/event_groups.c **** 				{
 1246              		.loc 1 279 7 view .LVU381
 1247 00d8 02D0     		beq	.L81
 1248              	.LVL110:
 1249              	.L75:
 285:Middlewares/Third_Party/FreeRTOS/Source/event_groups.c **** 				}
 1250              		.loc 1 285 30 is_stmt 1 view .LVU382
 288:Middlewares/Third_Party/FreeRTOS/Source/event_groups.c **** 
 1251              		.loc 1 288 4 view .LVU383
 1252 00da FFF7FEFF 		bl	vPortExitCritical
 1253              	.LVL111:
 290:Middlewares/Third_Party/FreeRTOS/Source/event_groups.c **** 		}
 1254              		.loc 1 290 4 view .LVU384
 290:Middlewares/Third_Party/FreeRTOS/Source/event_groups.c **** 		}
 1255              		.loc 1 290 4 is_stmt 0 view .LVU385
 1256 00de DFE7     		b	.L74
 1257              	.LVL112:
 1258              	.L81:
 281:Middlewares/Third_Party/FreeRTOS/Source/event_groups.c **** 				}
 1259              		.loc 1 281 6 is_stmt 1 view .LVU386
 281:Middlewares/Third_Party/FreeRTOS/Source/event_groups.c **** 				}
 1260              		.loc 1 281 31 is_stmt 0 view .LVU387
 1261 00e0 25EA0404 		bic	r4, r5, r4
 1262              	.LVL113:
 281:Middlewares/Third_Party/FreeRTOS/Source/event_groups.c **** 				}
 1263              		.loc 1 281 31 view .LVU388
 1264 00e4 3C60     		str	r4, [r7]
 1265 00e6 F8E7     		b	.L75
 1266              		.cfi_endproc
 1267              	.LFE7:
 1269              		.section	.text.vEventGroupDelete,"ax",%progbits
 1270              		.align	1
 1271              		.global	vEventGroupDelete
 1272              		.syntax unified
 1273              		.thumb
 1274              		.thumb_func
 1276              	vEventGroupDelete:
 1277              	.LVL114:
 1278              	.LFB12:
 614:Middlewares/Third_Party/FreeRTOS/Source/event_groups.c **** EventGroup_t *pxEventBits = xEventGroup;
 1279              		.loc 1 614 1 is_stmt 1 view -0
 1280              		.cfi_startproc
 1281              		@ args = 0, pretend = 0, frame = 0
 1282              		@ frame_needed = 0, uses_anonymous_args = 0
 614:Middlewares/Third_Party/FreeRTOS/Source/event_groups.c **** EventGroup_t *pxEventBits = xEventGroup;
 1283              		.loc 1 614 1 is_stmt 0 view .LVU390
 1284 0000 10B5     		push	{r4, lr}
 1285              	.LCFI12:
 1286              		.cfi_def_cfa_offset 8
 1287              		.cfi_offset 4, -8
 1288              		.cfi_offset 14, -4
 1289 0002 0446     		mov	r4, r0
 615:Middlewares/Third_Party/FreeRTOS/Source/event_groups.c **** const List_t *pxTasksWaitingForBits = &( pxEventBits->xTasksWaitingForBits );
 1290              		.loc 1 615 1 is_stmt 1 view .LVU391
ARM GAS  C:\Users\subdia\AppData\Local\Temp\ccevSk8M.s 			page 46


 1291              	.LVL115:
 616:Middlewares/Third_Party/FreeRTOS/Source/event_groups.c **** 
 1292              		.loc 1 616 1 view .LVU392
 618:Middlewares/Third_Party/FreeRTOS/Source/event_groups.c **** 	{
 1293              		.loc 1 618 2 view .LVU393
 1294 0004 FFF7FEFF 		bl	vTaskSuspendAll
 1295              	.LVL116:
 620:Middlewares/Third_Party/FreeRTOS/Source/event_groups.c **** 
 1296              		.loc 1 620 41 view .LVU394
 622:Middlewares/Third_Party/FreeRTOS/Source/event_groups.c **** 		{
 1297              		.loc 1 622 3 view .LVU395
 1298              	.L83:
 622:Middlewares/Third_Party/FreeRTOS/Source/event_groups.c **** 		{
 1299              		.loc 1 622 59 view .LVU396
 622:Middlewares/Third_Party/FreeRTOS/Source/event_groups.c **** 		{
 1300              		.loc 1 622 10 is_stmt 0 view .LVU397
 1301 0008 6368     		ldr	r3, [r4, #4]
 622:Middlewares/Third_Party/FreeRTOS/Source/event_groups.c **** 		{
 1302              		.loc 1 622 59 view .LVU398
 1303 000a 93B1     		cbz	r3, .L89
 626:Middlewares/Third_Party/FreeRTOS/Source/event_groups.c **** 			vTaskRemoveFromUnorderedEventList( pxTasksWaitingForBits->xListEnd.pxNext, eventUNBLOCKED_DUE_TO
 1304              		.loc 1 626 4 is_stmt 1 view .LVU399
 1305 000c 2069     		ldr	r0, [r4, #16]
 1306 000e 04F10C03 		add	r3, r4, #12
 1307 0012 9842     		cmp	r0, r3
 1308 0014 04D0     		beq	.L90
 626:Middlewares/Third_Party/FreeRTOS/Source/event_groups.c **** 			vTaskRemoveFromUnorderedEventList( pxTasksWaitingForBits->xListEnd.pxNext, eventUNBLOCKED_DUE_TO
 1309              		.loc 1 626 121 view .LVU400
 627:Middlewares/Third_Party/FreeRTOS/Source/event_groups.c **** 		}
 1310              		.loc 1 627 4 view .LVU401
 1311 0016 4FF00071 		mov	r1, #33554432
 1312 001a FFF7FEFF 		bl	vTaskRemoveFromUnorderedEventList
 1313              	.LVL117:
 1314 001e F3E7     		b	.L83
 1315              	.L90:
 626:Middlewares/Third_Party/FreeRTOS/Source/event_groups.c **** 			vTaskRemoveFromUnorderedEventList( pxTasksWaitingForBits->xListEnd.pxNext, eventUNBLOCKED_DUE_TO
 1316              		.loc 1 626 4 discriminator 1 view .LVU402
 1317              	.LBB71:
 1318              	.LBI71:
 193:Middlewares/Third_Party/FreeRTOS/Source/portable/GCC/ARM_CM3/portmacro.h **** {
 1319              		.loc 2 193 30 view .LVU403
 1320              	.LBB72:
 195:Middlewares/Third_Party/FreeRTOS/Source/portable/GCC/ARM_CM3/portmacro.h **** 
 1321              		.loc 2 195 1 view .LVU404
 197:Middlewares/Third_Party/FreeRTOS/Source/portable/GCC/ARM_CM3/portmacro.h **** 	(
 1322              		.loc 2 197 2 view .LVU405
 1323              		.syntax unified
 1324              	@ 197 "Middlewares/Third_Party/FreeRTOS/Source/portable/GCC/ARM_CM3/portmacro.h" 1
 1325 0020 4FF05003 			mov r3, #80												
 1326 0024 83F31188 		msr basepri, r3											
 1327 0028 BFF36F8F 		isb														
 1328 002c BFF34F8F 		dsb														
 1329              	
 1330              	@ 0 "" 2
 1331              		.thumb
 1332              		.syntax unified
 1333              	.L85:
ARM GAS  C:\Users\subdia\AppData\Local\Temp\ccevSk8M.s 			page 47


 1334              	.LBE72:
 1335              	.LBE71:
 626:Middlewares/Third_Party/FreeRTOS/Source/event_groups.c **** 			vTaskRemoveFromUnorderedEventList( pxTasksWaitingForBits->xListEnd.pxNext, eventUNBLOCKED_DUE_TO
 1336              		.loc 1 626 4 view .LVU406
 1337 0030 FEE7     		b	.L85
 1338              	.L89:
 640:Middlewares/Third_Party/FreeRTOS/Source/event_groups.c **** 			{
 1339              		.loc 1 640 4 view .LVU407
 640:Middlewares/Third_Party/FreeRTOS/Source/event_groups.c **** 			{
 1340              		.loc 1 640 19 is_stmt 0 view .LVU408
 1341 0032 237E     		ldrb	r3, [r4, #24]	@ zero_extendqisi2
 640:Middlewares/Third_Party/FreeRTOS/Source/event_groups.c **** 			{
 1342              		.loc 1 640 6 view .LVU409
 1343 0034 13B1     		cbz	r3, .L91
 1344              	.L87:
 646:Middlewares/Third_Party/FreeRTOS/Source/event_groups.c **** 			}
 1345              		.loc 1 646 29 is_stmt 1 view .LVU410
 651:Middlewares/Third_Party/FreeRTOS/Source/event_groups.c **** }
 1346              		.loc 1 651 2 view .LVU411
 651:Middlewares/Third_Party/FreeRTOS/Source/event_groups.c **** }
 1347              		.loc 1 651 11 is_stmt 0 view .LVU412
 1348 0036 FFF7FEFF 		bl	xTaskResumeAll
 1349              	.LVL118:
 652:Middlewares/Third_Party/FreeRTOS/Source/event_groups.c **** /*-----------------------------------------------------------*/
 1350              		.loc 1 652 1 view .LVU413
 1351 003a 10BD     		pop	{r4, pc}
 1352              	.LVL119:
 1353              	.L91:
 642:Middlewares/Third_Party/FreeRTOS/Source/event_groups.c **** 			}
 1354              		.loc 1 642 5 is_stmt 1 view .LVU414
 1355 003c 2046     		mov	r0, r4
 1356 003e FFF7FEFF 		bl	vPortFree
 1357              	.LVL120:
 1358 0042 F8E7     		b	.L87
 1359              		.cfi_endproc
 1360              	.LFE12:
 1362              		.section	.text.vEventGroupSetBitsCallback,"ax",%progbits
 1363              		.align	1
 1364              		.global	vEventGroupSetBitsCallback
 1365              		.syntax unified
 1366              		.thumb
 1367              		.thumb_func
 1369              	vEventGroupSetBitsCallback:
 1370              	.LVL121:
 1371              	.LFB13:
 658:Middlewares/Third_Party/FreeRTOS/Source/event_groups.c **** 	( void ) xEventGroupSetBits( pvEventGroup, ( EventBits_t ) ulBitsToSet ); /*lint !e9079 Can't avoi
 1372              		.loc 1 658 1 view -0
 1373              		.cfi_startproc
 1374              		@ args = 0, pretend = 0, frame = 0
 1375              		@ frame_needed = 0, uses_anonymous_args = 0
 658:Middlewares/Third_Party/FreeRTOS/Source/event_groups.c **** 	( void ) xEventGroupSetBits( pvEventGroup, ( EventBits_t ) ulBitsToSet ); /*lint !e9079 Can't avoi
 1376              		.loc 1 658 1 is_stmt 0 view .LVU416
 1377 0000 08B5     		push	{r3, lr}
 1378              	.LCFI13:
 1379              		.cfi_def_cfa_offset 8
 1380              		.cfi_offset 3, -8
 1381              		.cfi_offset 14, -4
ARM GAS  C:\Users\subdia\AppData\Local\Temp\ccevSk8M.s 			page 48


 659:Middlewares/Third_Party/FreeRTOS/Source/event_groups.c **** }
 1382              		.loc 1 659 2 is_stmt 1 view .LVU417
 659:Middlewares/Third_Party/FreeRTOS/Source/event_groups.c **** }
 1383              		.loc 1 659 11 is_stmt 0 view .LVU418
 1384 0002 FFF7FEFF 		bl	xEventGroupSetBits
 1385              	.LVL122:
 660:Middlewares/Third_Party/FreeRTOS/Source/event_groups.c **** /*-----------------------------------------------------------*/
 1386              		.loc 1 660 1 view .LVU419
 1387 0006 08BD     		pop	{r3, pc}
 1388              		.cfi_endproc
 1389              	.LFE13:
 1391              		.section	.text.vEventGroupClearBitsCallback,"ax",%progbits
 1392              		.align	1
 1393              		.global	vEventGroupClearBitsCallback
 1394              		.syntax unified
 1395              		.thumb
 1396              		.thumb_func
 1398              	vEventGroupClearBitsCallback:
 1399              	.LVL123:
 1400              	.LFB14:
 666:Middlewares/Third_Party/FreeRTOS/Source/event_groups.c **** 	( void ) xEventGroupClearBits( pvEventGroup, ( EventBits_t ) ulBitsToClear ); /*lint !e9079 Can't 
 1401              		.loc 1 666 1 is_stmt 1 view -0
 1402              		.cfi_startproc
 1403              		@ args = 0, pretend = 0, frame = 0
 1404              		@ frame_needed = 0, uses_anonymous_args = 0
 666:Middlewares/Third_Party/FreeRTOS/Source/event_groups.c **** 	( void ) xEventGroupClearBits( pvEventGroup, ( EventBits_t ) ulBitsToClear ); /*lint !e9079 Can't 
 1405              		.loc 1 666 1 is_stmt 0 view .LVU421
 1406 0000 08B5     		push	{r3, lr}
 1407              	.LCFI14:
 1408              		.cfi_def_cfa_offset 8
 1409              		.cfi_offset 3, -8
 1410              		.cfi_offset 14, -4
 667:Middlewares/Third_Party/FreeRTOS/Source/event_groups.c **** }
 1411              		.loc 1 667 2 is_stmt 1 view .LVU422
 667:Middlewares/Third_Party/FreeRTOS/Source/event_groups.c **** }
 1412              		.loc 1 667 11 is_stmt 0 view .LVU423
 1413 0002 FFF7FEFF 		bl	xEventGroupClearBits
 1414              	.LVL124:
 668:Middlewares/Third_Party/FreeRTOS/Source/event_groups.c **** /*-----------------------------------------------------------*/
 1415              		.loc 1 668 1 view .LVU424
 1416 0006 08BD     		pop	{r3, pc}
 1417              		.cfi_endproc
 1418              	.LFE14:
 1420              		.text
 1421              	.Letext0:
 1422              		.file 3 "C:/GNUArmToolchain/arm-none-eabi-gcc-15.2.1/lib/gcc/arm-none-eabi/15.2.1/include/stddef.h
 1423              		.file 4 "C:/GNUArmToolchain/arm-none-eabi-gcc-15.2.1/arm-none-eabi/include/machine/_default_types.
 1424              		.file 5 "C:/GNUArmToolchain/arm-none-eabi-gcc-15.2.1/arm-none-eabi/include/sys/_stdint.h"
 1425              		.file 6 "Middlewares/Third_Party/FreeRTOS/Source/include/FreeRTOS.h"
 1426              		.file 7 "Middlewares/Third_Party/FreeRTOS/Source/include/list.h"
 1427              		.file 8 "Middlewares/Third_Party/FreeRTOS/Source/include/event_groups.h"
 1428              		.file 9 "Middlewares/Third_Party/FreeRTOS/Source/include/portable.h"
 1429              		.file 10 "Middlewares/Third_Party/FreeRTOS/Source/include/task.h"
ARM GAS  C:\Users\subdia\AppData\Local\Temp\ccevSk8M.s 			page 49


DEFINED SYMBOLS
                            *ABS*:00000000 event_groups.c
C:\Users\subdia\AppData\Local\Temp\ccevSk8M.s:19     .text.prvTestWaitCondition:00000000 $t
C:\Users\subdia\AppData\Local\Temp\ccevSk8M.s:24     .text.prvTestWaitCondition:00000000 prvTestWaitCondition
C:\Users\subdia\AppData\Local\Temp\ccevSk8M.s:78     .text.xEventGroupCreateStatic:00000000 $t
C:\Users\subdia\AppData\Local\Temp\ccevSk8M.s:84     .text.xEventGroupCreateStatic:00000000 xEventGroupCreateStatic
C:\Users\subdia\AppData\Local\Temp\ccevSk8M.s:203    .text.xEventGroupCreate:00000000 $t
C:\Users\subdia\AppData\Local\Temp\ccevSk8M.s:209    .text.xEventGroupCreate:00000000 xEventGroupCreate
C:\Users\subdia\AppData\Local\Temp\ccevSk8M.s:254    .text.xEventGroupWaitBits:00000000 $t
C:\Users\subdia\AppData\Local\Temp\ccevSk8M.s:260    .text.xEventGroupWaitBits:00000000 xEventGroupWaitBits
C:\Users\subdia\AppData\Local\Temp\ccevSk8M.s:616    .text.xEventGroupClearBits:00000000 $t
C:\Users\subdia\AppData\Local\Temp\ccevSk8M.s:622    .text.xEventGroupClearBits:00000000 xEventGroupClearBits
C:\Users\subdia\AppData\Local\Temp\ccevSk8M.s:720    .text.xEventGroupGetBitsFromISR:00000000 $t
C:\Users\subdia\AppData\Local\Temp\ccevSk8M.s:726    .text.xEventGroupGetBitsFromISR:00000000 xEventGroupGetBitsFromISR
C:\Users\subdia\AppData\Local\Temp\ccevSk8M.s:787    .text.xEventGroupSetBits:00000000 $t
C:\Users\subdia\AppData\Local\Temp\ccevSk8M.s:793    .text.xEventGroupSetBits:00000000 xEventGroupSetBits
C:\Users\subdia\AppData\Local\Temp\ccevSk8M.s:987    .text.xEventGroupSync:00000000 $t
C:\Users\subdia\AppData\Local\Temp\ccevSk8M.s:993    .text.xEventGroupSync:00000000 xEventGroupSync
C:\Users\subdia\AppData\Local\Temp\ccevSk8M.s:1270   .text.vEventGroupDelete:00000000 $t
C:\Users\subdia\AppData\Local\Temp\ccevSk8M.s:1276   .text.vEventGroupDelete:00000000 vEventGroupDelete
C:\Users\subdia\AppData\Local\Temp\ccevSk8M.s:1363   .text.vEventGroupSetBitsCallback:00000000 $t
C:\Users\subdia\AppData\Local\Temp\ccevSk8M.s:1369   .text.vEventGroupSetBitsCallback:00000000 vEventGroupSetBitsCallback
C:\Users\subdia\AppData\Local\Temp\ccevSk8M.s:1392   .text.vEventGroupClearBitsCallback:00000000 $t
C:\Users\subdia\AppData\Local\Temp\ccevSk8M.s:1398   .text.vEventGroupClearBitsCallback:00000000 vEventGroupClearBitsCallback

UNDEFINED SYMBOLS
vListInitialise
pvPortMalloc
xTaskGetSchedulerState
vTaskSuspendAll
xTaskResumeAll
uxTaskResetEventItemValue
vTaskPlaceOnUnorderedEventList
vPortEnterCritical
vPortExitCritical
vTaskRemoveFromUnorderedEventList
vPortFree
