ARM GAS  C:\Users\subdia\AppData\Local\Temp\ccc2GLt8.s 			page 1


   1              		.cpu cortex-m3
   2              		.arch armv7-m
   3              		.fpu softvfp
   4              		.eabi_attribute 20, 1
   5              		.eabi_attribute 21, 1
   6              		.eabi_attribute 23, 3
   7              		.eabi_attribute 24, 1
   8              		.eabi_attribute 25, 1
   9              		.eabi_attribute 26, 1
  10              		.eabi_attribute 30, 1
  11              		.eabi_attribute 34, 1
  12              		.eabi_attribute 18, 4
  13              		.file	"queue.c"
  14              		.text
  15              	.Ltext0:
  16              		.cfi_sections	.debug_frame
  17              		.file 1 "Middlewares/Third_Party/FreeRTOS/Source/queue.c"
  18              		.section	.text.prvGetDisinheritPriorityAfterTimeout,"ax",%progbits
  19              		.align	1
  20              		.syntax unified
  21              		.thumb
  22              		.thumb_func
  24              	prvGetDisinheritPriorityAfterTimeout:
  25              	.LVL0:
  26              	.LFB24:
   1:Middlewares/Third_Party/FreeRTOS/Source/queue.c **** /*
   2:Middlewares/Third_Party/FreeRTOS/Source/queue.c ****  * FreeRTOS Kernel V10.3.1
   3:Middlewares/Third_Party/FreeRTOS/Source/queue.c ****  * Copyright (C) 2020 Amazon.com, Inc. or its affiliates.  All Rights Reserved.
   4:Middlewares/Third_Party/FreeRTOS/Source/queue.c ****  *
   5:Middlewares/Third_Party/FreeRTOS/Source/queue.c ****  * Permission is hereby granted, free of charge, to any person obtaining a copy of
   6:Middlewares/Third_Party/FreeRTOS/Source/queue.c ****  * this software and associated documentation files (the "Software"), to deal in
   7:Middlewares/Third_Party/FreeRTOS/Source/queue.c ****  * the Software without restriction, including without limitation the rights to
   8:Middlewares/Third_Party/FreeRTOS/Source/queue.c ****  * use, copy, modify, merge, publish, distribute, sublicense, and/or sell copies of
   9:Middlewares/Third_Party/FreeRTOS/Source/queue.c ****  * the Software, and to permit persons to whom the Software is furnished to do so,
  10:Middlewares/Third_Party/FreeRTOS/Source/queue.c ****  * subject to the following conditions:
  11:Middlewares/Third_Party/FreeRTOS/Source/queue.c ****  *
  12:Middlewares/Third_Party/FreeRTOS/Source/queue.c ****  * The above copyright notice and this permission notice shall be included in all
  13:Middlewares/Third_Party/FreeRTOS/Source/queue.c ****  * copies or substantial portions of the Software.
  14:Middlewares/Third_Party/FreeRTOS/Source/queue.c ****  *
  15:Middlewares/Third_Party/FreeRTOS/Source/queue.c ****  * THE SOFTWARE IS PROVIDED "AS IS", WITHOUT WARRANTY OF ANY KIND, EXPRESS OR
  16:Middlewares/Third_Party/FreeRTOS/Source/queue.c ****  * IMPLIED, INCLUDING BUT NOT LIMITED TO THE WARRANTIES OF MERCHANTABILITY, FITNESS
  17:Middlewares/Third_Party/FreeRTOS/Source/queue.c ****  * FOR A PARTICULAR PURPOSE AND NONINFRINGEMENT. IN NO EVENT SHALL THE AUTHORS OR
  18:Middlewares/Third_Party/FreeRTOS/Source/queue.c ****  * COPYRIGHT HOLDERS BE LIABLE FOR ANY CLAIM, DAMAGES OR OTHER LIABILITY, WHETHER
  19:Middlewares/Third_Party/FreeRTOS/Source/queue.c ****  * IN AN ACTION OF CONTRACT, TORT OR OTHERWISE, ARISING FROM, OUT OF OR IN
  20:Middlewares/Third_Party/FreeRTOS/Source/queue.c ****  * CONNECTION WITH THE SOFTWARE OR THE USE OR OTHER DEALINGS IN THE SOFTWARE.
  21:Middlewares/Third_Party/FreeRTOS/Source/queue.c ****  *
  22:Middlewares/Third_Party/FreeRTOS/Source/queue.c ****  * http://www.FreeRTOS.org
  23:Middlewares/Third_Party/FreeRTOS/Source/queue.c ****  * http://aws.amazon.com/freertos
  24:Middlewares/Third_Party/FreeRTOS/Source/queue.c ****  *
  25:Middlewares/Third_Party/FreeRTOS/Source/queue.c ****  * 1 tab == 4 spaces!
  26:Middlewares/Third_Party/FreeRTOS/Source/queue.c ****  */
  27:Middlewares/Third_Party/FreeRTOS/Source/queue.c **** 
  28:Middlewares/Third_Party/FreeRTOS/Source/queue.c **** #include <stdlib.h>
  29:Middlewares/Third_Party/FreeRTOS/Source/queue.c **** #include <string.h>
  30:Middlewares/Third_Party/FreeRTOS/Source/queue.c **** 
  31:Middlewares/Third_Party/FreeRTOS/Source/queue.c **** /* Defining MPU_WRAPPERS_INCLUDED_FROM_API_FILE prevents task.h from redefining
  32:Middlewares/Third_Party/FreeRTOS/Source/queue.c **** all the API functions to use the MPU wrappers.  That should only be done when
ARM GAS  C:\Users\subdia\AppData\Local\Temp\ccc2GLt8.s 			page 2


  33:Middlewares/Third_Party/FreeRTOS/Source/queue.c **** task.h is included from an application file. */
  34:Middlewares/Third_Party/FreeRTOS/Source/queue.c **** #define MPU_WRAPPERS_INCLUDED_FROM_API_FILE
  35:Middlewares/Third_Party/FreeRTOS/Source/queue.c **** 
  36:Middlewares/Third_Party/FreeRTOS/Source/queue.c **** #include "FreeRTOS.h"
  37:Middlewares/Third_Party/FreeRTOS/Source/queue.c **** #include "task.h"
  38:Middlewares/Third_Party/FreeRTOS/Source/queue.c **** #include "queue.h"
  39:Middlewares/Third_Party/FreeRTOS/Source/queue.c **** 
  40:Middlewares/Third_Party/FreeRTOS/Source/queue.c **** #if ( configUSE_CO_ROUTINES == 1 )
  41:Middlewares/Third_Party/FreeRTOS/Source/queue.c **** 	#include "croutine.h"
  42:Middlewares/Third_Party/FreeRTOS/Source/queue.c **** #endif
  43:Middlewares/Third_Party/FreeRTOS/Source/queue.c **** 
  44:Middlewares/Third_Party/FreeRTOS/Source/queue.c **** /* Lint e9021, e961 and e750 are suppressed as a MISRA exception justified
  45:Middlewares/Third_Party/FreeRTOS/Source/queue.c **** because the MPU ports require MPU_WRAPPERS_INCLUDED_FROM_API_FILE to be defined
  46:Middlewares/Third_Party/FreeRTOS/Source/queue.c **** for the header files above, but not in this file, in order to generate the
  47:Middlewares/Third_Party/FreeRTOS/Source/queue.c **** correct privileged Vs unprivileged linkage and placement. */
  48:Middlewares/Third_Party/FreeRTOS/Source/queue.c **** #undef MPU_WRAPPERS_INCLUDED_FROM_API_FILE /*lint !e961 !e750 !e9021. */
  49:Middlewares/Third_Party/FreeRTOS/Source/queue.c **** 
  50:Middlewares/Third_Party/FreeRTOS/Source/queue.c **** 
  51:Middlewares/Third_Party/FreeRTOS/Source/queue.c **** /* Constants used with the cRxLock and cTxLock structure members. */
  52:Middlewares/Third_Party/FreeRTOS/Source/queue.c **** #define queueUNLOCKED					( ( int8_t ) -1 )
  53:Middlewares/Third_Party/FreeRTOS/Source/queue.c **** #define queueLOCKED_UNMODIFIED			( ( int8_t ) 0 )
  54:Middlewares/Third_Party/FreeRTOS/Source/queue.c **** 
  55:Middlewares/Third_Party/FreeRTOS/Source/queue.c **** /* When the Queue_t structure is used to represent a base queue its pcHead and
  56:Middlewares/Third_Party/FreeRTOS/Source/queue.c **** pcTail members are used as pointers into the queue storage area.  When the
  57:Middlewares/Third_Party/FreeRTOS/Source/queue.c **** Queue_t structure is used to represent a mutex pcHead and pcTail pointers are
  58:Middlewares/Third_Party/FreeRTOS/Source/queue.c **** not necessary, and the pcHead pointer is set to NULL to indicate that the
  59:Middlewares/Third_Party/FreeRTOS/Source/queue.c **** structure instead holds a pointer to the mutex holder (if any).  Map alternative
  60:Middlewares/Third_Party/FreeRTOS/Source/queue.c **** names to the pcHead and structure member to ensure the readability of the code
  61:Middlewares/Third_Party/FreeRTOS/Source/queue.c **** is maintained.  The QueuePointers_t and SemaphoreData_t types are used to form
  62:Middlewares/Third_Party/FreeRTOS/Source/queue.c **** a union as their usage is mutually exclusive dependent on what the queue is
  63:Middlewares/Third_Party/FreeRTOS/Source/queue.c **** being used for. */
  64:Middlewares/Third_Party/FreeRTOS/Source/queue.c **** #define uxQueueType						pcHead
  65:Middlewares/Third_Party/FreeRTOS/Source/queue.c **** #define queueQUEUE_IS_MUTEX				NULL
  66:Middlewares/Third_Party/FreeRTOS/Source/queue.c **** 
  67:Middlewares/Third_Party/FreeRTOS/Source/queue.c **** typedef struct QueuePointers
  68:Middlewares/Third_Party/FreeRTOS/Source/queue.c **** {
  69:Middlewares/Third_Party/FreeRTOS/Source/queue.c **** 	int8_t *pcTail;					/*< Points to the byte at the end of the queue storage area.  Once more byte i
  70:Middlewares/Third_Party/FreeRTOS/Source/queue.c **** 	int8_t *pcReadFrom;				/*< Points to the last place that a queued item was read from when the stru
  71:Middlewares/Third_Party/FreeRTOS/Source/queue.c **** } QueuePointers_t;
  72:Middlewares/Third_Party/FreeRTOS/Source/queue.c **** 
  73:Middlewares/Third_Party/FreeRTOS/Source/queue.c **** typedef struct SemaphoreData
  74:Middlewares/Third_Party/FreeRTOS/Source/queue.c **** {
  75:Middlewares/Third_Party/FreeRTOS/Source/queue.c **** 	TaskHandle_t xMutexHolder;		 /*< The handle of the task that holds the mutex. */
  76:Middlewares/Third_Party/FreeRTOS/Source/queue.c **** 	UBaseType_t uxRecursiveCallCount;/*< Maintains a count of the number of times a recursive mutex ha
  77:Middlewares/Third_Party/FreeRTOS/Source/queue.c **** } SemaphoreData_t;
  78:Middlewares/Third_Party/FreeRTOS/Source/queue.c **** 
  79:Middlewares/Third_Party/FreeRTOS/Source/queue.c **** /* Semaphores do not actually store or copy data, so have an item size of
  80:Middlewares/Third_Party/FreeRTOS/Source/queue.c **** zero. */
  81:Middlewares/Third_Party/FreeRTOS/Source/queue.c **** #define queueSEMAPHORE_QUEUE_ITEM_LENGTH ( ( UBaseType_t ) 0 )
  82:Middlewares/Third_Party/FreeRTOS/Source/queue.c **** #define queueMUTEX_GIVE_BLOCK_TIME		 ( ( TickType_t ) 0U )
  83:Middlewares/Third_Party/FreeRTOS/Source/queue.c **** 
  84:Middlewares/Third_Party/FreeRTOS/Source/queue.c **** #if( configUSE_PREEMPTION == 0 )
  85:Middlewares/Third_Party/FreeRTOS/Source/queue.c **** 	/* If the cooperative scheduler is being used then a yield should not be
  86:Middlewares/Third_Party/FreeRTOS/Source/queue.c **** 	performed just because a higher priority task has been woken. */
  87:Middlewares/Third_Party/FreeRTOS/Source/queue.c **** 	#define queueYIELD_IF_USING_PREEMPTION()
  88:Middlewares/Third_Party/FreeRTOS/Source/queue.c **** #else
  89:Middlewares/Third_Party/FreeRTOS/Source/queue.c **** 	#define queueYIELD_IF_USING_PREEMPTION() portYIELD_WITHIN_API()
ARM GAS  C:\Users\subdia\AppData\Local\Temp\ccc2GLt8.s 			page 3


  90:Middlewares/Third_Party/FreeRTOS/Source/queue.c **** #endif
  91:Middlewares/Third_Party/FreeRTOS/Source/queue.c **** 
  92:Middlewares/Third_Party/FreeRTOS/Source/queue.c **** /*
  93:Middlewares/Third_Party/FreeRTOS/Source/queue.c ****  * Definition of the queue used by the scheduler.
  94:Middlewares/Third_Party/FreeRTOS/Source/queue.c ****  * Items are queued by copy, not reference.  See the following link for the
  95:Middlewares/Third_Party/FreeRTOS/Source/queue.c ****  * rationale: https://www.freertos.org/Embedded-RTOS-Queues.html
  96:Middlewares/Third_Party/FreeRTOS/Source/queue.c ****  */
  97:Middlewares/Third_Party/FreeRTOS/Source/queue.c **** typedef struct QueueDefinition 		/* The old naming convention is used to prevent breaking kernel aw
  98:Middlewares/Third_Party/FreeRTOS/Source/queue.c **** {
  99:Middlewares/Third_Party/FreeRTOS/Source/queue.c **** 	int8_t *pcHead;					/*< Points to the beginning of the queue storage area. */
 100:Middlewares/Third_Party/FreeRTOS/Source/queue.c **** 	int8_t *pcWriteTo;				/*< Points to the free next place in the storage area. */
 101:Middlewares/Third_Party/FreeRTOS/Source/queue.c **** 
 102:Middlewares/Third_Party/FreeRTOS/Source/queue.c **** 	union
 103:Middlewares/Third_Party/FreeRTOS/Source/queue.c **** 	{
 104:Middlewares/Third_Party/FreeRTOS/Source/queue.c **** 		QueuePointers_t xQueue;		/*< Data required exclusively when this structure is used as a queue. */
 105:Middlewares/Third_Party/FreeRTOS/Source/queue.c **** 		SemaphoreData_t xSemaphore; /*< Data required exclusively when this structure is used as a semaph
 106:Middlewares/Third_Party/FreeRTOS/Source/queue.c **** 	} u;
 107:Middlewares/Third_Party/FreeRTOS/Source/queue.c **** 
 108:Middlewares/Third_Party/FreeRTOS/Source/queue.c **** 	List_t xTasksWaitingToSend;		/*< List of tasks that are blocked waiting to post onto this queue.  
 109:Middlewares/Third_Party/FreeRTOS/Source/queue.c **** 	List_t xTasksWaitingToReceive;	/*< List of tasks that are blocked waiting to read from this queue.
 110:Middlewares/Third_Party/FreeRTOS/Source/queue.c **** 
 111:Middlewares/Third_Party/FreeRTOS/Source/queue.c **** 	volatile UBaseType_t uxMessagesWaiting;/*< The number of items currently in the queue. */
 112:Middlewares/Third_Party/FreeRTOS/Source/queue.c **** 	UBaseType_t uxLength;			/*< The length of the queue defined as the number of items it will hold, n
 113:Middlewares/Third_Party/FreeRTOS/Source/queue.c **** 	UBaseType_t uxItemSize;			/*< The size of each items that the queue will hold. */
 114:Middlewares/Third_Party/FreeRTOS/Source/queue.c **** 
 115:Middlewares/Third_Party/FreeRTOS/Source/queue.c **** 	volatile int8_t cRxLock;		/*< Stores the number of items received from the queue (removed from the
 116:Middlewares/Third_Party/FreeRTOS/Source/queue.c **** 	volatile int8_t cTxLock;		/*< Stores the number of items transmitted to the queue (added to the qu
 117:Middlewares/Third_Party/FreeRTOS/Source/queue.c **** 
 118:Middlewares/Third_Party/FreeRTOS/Source/queue.c **** 	#if( ( configSUPPORT_STATIC_ALLOCATION == 1 ) && ( configSUPPORT_DYNAMIC_ALLOCATION == 1 ) )
 119:Middlewares/Third_Party/FreeRTOS/Source/queue.c **** 		uint8_t ucStaticallyAllocated;	/*< Set to pdTRUE if the memory used by the queue was statically a
 120:Middlewares/Third_Party/FreeRTOS/Source/queue.c **** 	#endif
 121:Middlewares/Third_Party/FreeRTOS/Source/queue.c **** 
 122:Middlewares/Third_Party/FreeRTOS/Source/queue.c **** 	#if ( configUSE_QUEUE_SETS == 1 )
 123:Middlewares/Third_Party/FreeRTOS/Source/queue.c **** 		struct QueueDefinition *pxQueueSetContainer;
 124:Middlewares/Third_Party/FreeRTOS/Source/queue.c **** 	#endif
 125:Middlewares/Third_Party/FreeRTOS/Source/queue.c **** 
 126:Middlewares/Third_Party/FreeRTOS/Source/queue.c **** 	#if ( configUSE_TRACE_FACILITY == 1 )
 127:Middlewares/Third_Party/FreeRTOS/Source/queue.c **** 		UBaseType_t uxQueueNumber;
 128:Middlewares/Third_Party/FreeRTOS/Source/queue.c **** 		uint8_t ucQueueType;
 129:Middlewares/Third_Party/FreeRTOS/Source/queue.c **** 	#endif
 130:Middlewares/Third_Party/FreeRTOS/Source/queue.c **** 
 131:Middlewares/Third_Party/FreeRTOS/Source/queue.c **** } xQUEUE;
 132:Middlewares/Third_Party/FreeRTOS/Source/queue.c **** 
 133:Middlewares/Third_Party/FreeRTOS/Source/queue.c **** /* The old xQUEUE name is maintained above then typedefed to the new Queue_t
 134:Middlewares/Third_Party/FreeRTOS/Source/queue.c **** name below to enable the use of older kernel aware debuggers. */
 135:Middlewares/Third_Party/FreeRTOS/Source/queue.c **** typedef xQUEUE Queue_t;
 136:Middlewares/Third_Party/FreeRTOS/Source/queue.c **** 
 137:Middlewares/Third_Party/FreeRTOS/Source/queue.c **** /*-----------------------------------------------------------*/
 138:Middlewares/Third_Party/FreeRTOS/Source/queue.c **** 
 139:Middlewares/Third_Party/FreeRTOS/Source/queue.c **** /*
 140:Middlewares/Third_Party/FreeRTOS/Source/queue.c ****  * The queue registry is just a means for kernel aware debuggers to locate
 141:Middlewares/Third_Party/FreeRTOS/Source/queue.c ****  * queue structures.  It has no other purpose so is an optional component.
 142:Middlewares/Third_Party/FreeRTOS/Source/queue.c ****  */
 143:Middlewares/Third_Party/FreeRTOS/Source/queue.c **** #if ( configQUEUE_REGISTRY_SIZE > 0 )
 144:Middlewares/Third_Party/FreeRTOS/Source/queue.c **** 
 145:Middlewares/Third_Party/FreeRTOS/Source/queue.c **** 	/* The type stored within the queue registry array.  This allows a name
 146:Middlewares/Third_Party/FreeRTOS/Source/queue.c **** 	to be assigned to each queue making kernel aware debugging a little
ARM GAS  C:\Users\subdia\AppData\Local\Temp\ccc2GLt8.s 			page 4


 147:Middlewares/Third_Party/FreeRTOS/Source/queue.c **** 	more user friendly. */
 148:Middlewares/Third_Party/FreeRTOS/Source/queue.c **** 	typedef struct QUEUE_REGISTRY_ITEM
 149:Middlewares/Third_Party/FreeRTOS/Source/queue.c **** 	{
 150:Middlewares/Third_Party/FreeRTOS/Source/queue.c **** 		const char *pcQueueName; /*lint !e971 Unqualified char types are allowed for strings and single c
 151:Middlewares/Third_Party/FreeRTOS/Source/queue.c **** 		QueueHandle_t xHandle;
 152:Middlewares/Third_Party/FreeRTOS/Source/queue.c **** 	} xQueueRegistryItem;
 153:Middlewares/Third_Party/FreeRTOS/Source/queue.c **** 
 154:Middlewares/Third_Party/FreeRTOS/Source/queue.c **** 	/* The old xQueueRegistryItem name is maintained above then typedefed to the
 155:Middlewares/Third_Party/FreeRTOS/Source/queue.c **** 	new xQueueRegistryItem name below to enable the use of older kernel aware
 156:Middlewares/Third_Party/FreeRTOS/Source/queue.c **** 	debuggers. */
 157:Middlewares/Third_Party/FreeRTOS/Source/queue.c **** 	typedef xQueueRegistryItem QueueRegistryItem_t;
 158:Middlewares/Third_Party/FreeRTOS/Source/queue.c **** 
 159:Middlewares/Third_Party/FreeRTOS/Source/queue.c **** 	/* The queue registry is simply an array of QueueRegistryItem_t structures.
 160:Middlewares/Third_Party/FreeRTOS/Source/queue.c **** 	The pcQueueName member of a structure being NULL is indicative of the
 161:Middlewares/Third_Party/FreeRTOS/Source/queue.c **** 	array position being vacant. */
 162:Middlewares/Third_Party/FreeRTOS/Source/queue.c **** 	PRIVILEGED_DATA QueueRegistryItem_t xQueueRegistry[ configQUEUE_REGISTRY_SIZE ];
 163:Middlewares/Third_Party/FreeRTOS/Source/queue.c **** 
 164:Middlewares/Third_Party/FreeRTOS/Source/queue.c **** #endif /* configQUEUE_REGISTRY_SIZE */
 165:Middlewares/Third_Party/FreeRTOS/Source/queue.c **** 
 166:Middlewares/Third_Party/FreeRTOS/Source/queue.c **** /*
 167:Middlewares/Third_Party/FreeRTOS/Source/queue.c ****  * Unlocks a queue locked by a call to prvLockQueue.  Locking a queue does not
 168:Middlewares/Third_Party/FreeRTOS/Source/queue.c ****  * prevent an ISR from adding or removing items to the queue, but does prevent
 169:Middlewares/Third_Party/FreeRTOS/Source/queue.c ****  * an ISR from removing tasks from the queue event lists.  If an ISR finds a
 170:Middlewares/Third_Party/FreeRTOS/Source/queue.c ****  * queue is locked it will instead increment the appropriate queue lock count
 171:Middlewares/Third_Party/FreeRTOS/Source/queue.c ****  * to indicate that a task may require unblocking.  When the queue in unlocked
 172:Middlewares/Third_Party/FreeRTOS/Source/queue.c ****  * these lock counts are inspected, and the appropriate action taken.
 173:Middlewares/Third_Party/FreeRTOS/Source/queue.c ****  */
 174:Middlewares/Third_Party/FreeRTOS/Source/queue.c **** static void prvUnlockQueue( Queue_t * const pxQueue ) PRIVILEGED_FUNCTION;
 175:Middlewares/Third_Party/FreeRTOS/Source/queue.c **** 
 176:Middlewares/Third_Party/FreeRTOS/Source/queue.c **** /*
 177:Middlewares/Third_Party/FreeRTOS/Source/queue.c ****  * Uses a critical section to determine if there is any data in a queue.
 178:Middlewares/Third_Party/FreeRTOS/Source/queue.c ****  *
 179:Middlewares/Third_Party/FreeRTOS/Source/queue.c ****  * @return pdTRUE if the queue contains no items, otherwise pdFALSE.
 180:Middlewares/Third_Party/FreeRTOS/Source/queue.c ****  */
 181:Middlewares/Third_Party/FreeRTOS/Source/queue.c **** static BaseType_t prvIsQueueEmpty( const Queue_t *pxQueue ) PRIVILEGED_FUNCTION;
 182:Middlewares/Third_Party/FreeRTOS/Source/queue.c **** 
 183:Middlewares/Third_Party/FreeRTOS/Source/queue.c **** /*
 184:Middlewares/Third_Party/FreeRTOS/Source/queue.c ****  * Uses a critical section to determine if there is any space in a queue.
 185:Middlewares/Third_Party/FreeRTOS/Source/queue.c ****  *
 186:Middlewares/Third_Party/FreeRTOS/Source/queue.c ****  * @return pdTRUE if there is no space, otherwise pdFALSE;
 187:Middlewares/Third_Party/FreeRTOS/Source/queue.c ****  */
 188:Middlewares/Third_Party/FreeRTOS/Source/queue.c **** static BaseType_t prvIsQueueFull( const Queue_t *pxQueue ) PRIVILEGED_FUNCTION;
 189:Middlewares/Third_Party/FreeRTOS/Source/queue.c **** 
 190:Middlewares/Third_Party/FreeRTOS/Source/queue.c **** /*
 191:Middlewares/Third_Party/FreeRTOS/Source/queue.c ****  * Copies an item into the queue, either at the front of the queue or the
 192:Middlewares/Third_Party/FreeRTOS/Source/queue.c ****  * back of the queue.
 193:Middlewares/Third_Party/FreeRTOS/Source/queue.c ****  */
 194:Middlewares/Third_Party/FreeRTOS/Source/queue.c **** static BaseType_t prvCopyDataToQueue( Queue_t * const pxQueue, const void *pvItemToQueue, const Bas
 195:Middlewares/Third_Party/FreeRTOS/Source/queue.c **** 
 196:Middlewares/Third_Party/FreeRTOS/Source/queue.c **** /*
 197:Middlewares/Third_Party/FreeRTOS/Source/queue.c ****  * Copies an item out of a queue.
 198:Middlewares/Third_Party/FreeRTOS/Source/queue.c ****  */
 199:Middlewares/Third_Party/FreeRTOS/Source/queue.c **** static void prvCopyDataFromQueue( Queue_t * const pxQueue, void * const pvBuffer ) PRIVILEGED_FUNCT
 200:Middlewares/Third_Party/FreeRTOS/Source/queue.c **** 
 201:Middlewares/Third_Party/FreeRTOS/Source/queue.c **** #if ( configUSE_QUEUE_SETS == 1 )
 202:Middlewares/Third_Party/FreeRTOS/Source/queue.c **** 	/*
 203:Middlewares/Third_Party/FreeRTOS/Source/queue.c **** 	 * Checks to see if a queue is a member of a queue set, and if so, notifies
ARM GAS  C:\Users\subdia\AppData\Local\Temp\ccc2GLt8.s 			page 5


 204:Middlewares/Third_Party/FreeRTOS/Source/queue.c **** 	 * the queue set that the queue contains data.
 205:Middlewares/Third_Party/FreeRTOS/Source/queue.c **** 	 */
 206:Middlewares/Third_Party/FreeRTOS/Source/queue.c **** 	static BaseType_t prvNotifyQueueSetContainer( const Queue_t * const pxQueue ) PRIVILEGED_FUNCTION;
 207:Middlewares/Third_Party/FreeRTOS/Source/queue.c **** #endif
 208:Middlewares/Third_Party/FreeRTOS/Source/queue.c **** 
 209:Middlewares/Third_Party/FreeRTOS/Source/queue.c **** /*
 210:Middlewares/Third_Party/FreeRTOS/Source/queue.c ****  * Called after a Queue_t structure has been allocated either statically or
 211:Middlewares/Third_Party/FreeRTOS/Source/queue.c ****  * dynamically to fill in the structure's members.
 212:Middlewares/Third_Party/FreeRTOS/Source/queue.c ****  */
 213:Middlewares/Third_Party/FreeRTOS/Source/queue.c **** static void prvInitialiseNewQueue( const UBaseType_t uxQueueLength, const UBaseType_t uxItemSize, u
 214:Middlewares/Third_Party/FreeRTOS/Source/queue.c **** 
 215:Middlewares/Third_Party/FreeRTOS/Source/queue.c **** /*
 216:Middlewares/Third_Party/FreeRTOS/Source/queue.c ****  * Mutexes are a special type of queue.  When a mutex is created, first the
 217:Middlewares/Third_Party/FreeRTOS/Source/queue.c ****  * queue is created, then prvInitialiseMutex() is called to configure the queue
 218:Middlewares/Third_Party/FreeRTOS/Source/queue.c ****  * as a mutex.
 219:Middlewares/Third_Party/FreeRTOS/Source/queue.c ****  */
 220:Middlewares/Third_Party/FreeRTOS/Source/queue.c **** #if( configUSE_MUTEXES == 1 )
 221:Middlewares/Third_Party/FreeRTOS/Source/queue.c **** 	static void prvInitialiseMutex( Queue_t *pxNewQueue ) PRIVILEGED_FUNCTION;
 222:Middlewares/Third_Party/FreeRTOS/Source/queue.c **** #endif
 223:Middlewares/Third_Party/FreeRTOS/Source/queue.c **** 
 224:Middlewares/Third_Party/FreeRTOS/Source/queue.c **** #if( configUSE_MUTEXES == 1 )
 225:Middlewares/Third_Party/FreeRTOS/Source/queue.c **** 	/*
 226:Middlewares/Third_Party/FreeRTOS/Source/queue.c **** 	 * If a task waiting for a mutex causes the mutex holder to inherit a
 227:Middlewares/Third_Party/FreeRTOS/Source/queue.c **** 	 * priority, but the waiting task times out, then the holder should
 228:Middlewares/Third_Party/FreeRTOS/Source/queue.c **** 	 * disinherit the priority - but only down to the highest priority of any
 229:Middlewares/Third_Party/FreeRTOS/Source/queue.c **** 	 * other tasks that are waiting for the same mutex.  This function returns
 230:Middlewares/Third_Party/FreeRTOS/Source/queue.c **** 	 * that priority.
 231:Middlewares/Third_Party/FreeRTOS/Source/queue.c **** 	 */
 232:Middlewares/Third_Party/FreeRTOS/Source/queue.c **** 	static UBaseType_t prvGetDisinheritPriorityAfterTimeout( const Queue_t * const pxQueue ) PRIVILEGE
 233:Middlewares/Third_Party/FreeRTOS/Source/queue.c **** #endif
 234:Middlewares/Third_Party/FreeRTOS/Source/queue.c **** /*-----------------------------------------------------------*/
 235:Middlewares/Third_Party/FreeRTOS/Source/queue.c **** 
 236:Middlewares/Third_Party/FreeRTOS/Source/queue.c **** /*
 237:Middlewares/Third_Party/FreeRTOS/Source/queue.c ****  * Macro to mark a queue as locked.  Locking a queue prevents an ISR from
 238:Middlewares/Third_Party/FreeRTOS/Source/queue.c ****  * accessing the queue event lists.
 239:Middlewares/Third_Party/FreeRTOS/Source/queue.c ****  */
 240:Middlewares/Third_Party/FreeRTOS/Source/queue.c **** #define prvLockQueue( pxQueue )								\
 241:Middlewares/Third_Party/FreeRTOS/Source/queue.c **** 	taskENTER_CRITICAL();									\
 242:Middlewares/Third_Party/FreeRTOS/Source/queue.c **** 	{														\
 243:Middlewares/Third_Party/FreeRTOS/Source/queue.c **** 		if( ( pxQueue )->cRxLock == queueUNLOCKED )			\
 244:Middlewares/Third_Party/FreeRTOS/Source/queue.c **** 		{													\
 245:Middlewares/Third_Party/FreeRTOS/Source/queue.c **** 			( pxQueue )->cRxLock = queueLOCKED_UNMODIFIED;	\
 246:Middlewares/Third_Party/FreeRTOS/Source/queue.c **** 		}													\
 247:Middlewares/Third_Party/FreeRTOS/Source/queue.c **** 		if( ( pxQueue )->cTxLock == queueUNLOCKED )			\
 248:Middlewares/Third_Party/FreeRTOS/Source/queue.c **** 		{													\
 249:Middlewares/Third_Party/FreeRTOS/Source/queue.c **** 			( pxQueue )->cTxLock = queueLOCKED_UNMODIFIED;	\
 250:Middlewares/Third_Party/FreeRTOS/Source/queue.c **** 		}													\
 251:Middlewares/Third_Party/FreeRTOS/Source/queue.c **** 	}														\
 252:Middlewares/Third_Party/FreeRTOS/Source/queue.c **** 	taskEXIT_CRITICAL()
 253:Middlewares/Third_Party/FreeRTOS/Source/queue.c **** /*-----------------------------------------------------------*/
 254:Middlewares/Third_Party/FreeRTOS/Source/queue.c **** 
 255:Middlewares/Third_Party/FreeRTOS/Source/queue.c **** BaseType_t xQueueGenericReset( QueueHandle_t xQueue, BaseType_t xNewQueue )
 256:Middlewares/Third_Party/FreeRTOS/Source/queue.c **** {
 257:Middlewares/Third_Party/FreeRTOS/Source/queue.c **** Queue_t * const pxQueue = xQueue;
 258:Middlewares/Third_Party/FreeRTOS/Source/queue.c **** 
 259:Middlewares/Third_Party/FreeRTOS/Source/queue.c **** 	configASSERT( pxQueue );
 260:Middlewares/Third_Party/FreeRTOS/Source/queue.c **** 
ARM GAS  C:\Users\subdia\AppData\Local\Temp\ccc2GLt8.s 			page 6


 261:Middlewares/Third_Party/FreeRTOS/Source/queue.c **** 	taskENTER_CRITICAL();
 262:Middlewares/Third_Party/FreeRTOS/Source/queue.c **** 	{
 263:Middlewares/Third_Party/FreeRTOS/Source/queue.c **** 		pxQueue->u.xQueue.pcTail = pxQueue->pcHead + ( pxQueue->uxLength * pxQueue->uxItemSize ); /*lint 
 264:Middlewares/Third_Party/FreeRTOS/Source/queue.c **** 		pxQueue->uxMessagesWaiting = ( UBaseType_t ) 0U;
 265:Middlewares/Third_Party/FreeRTOS/Source/queue.c **** 		pxQueue->pcWriteTo = pxQueue->pcHead;
 266:Middlewares/Third_Party/FreeRTOS/Source/queue.c **** 		pxQueue->u.xQueue.pcReadFrom = pxQueue->pcHead + ( ( pxQueue->uxLength - 1U ) * pxQueue->uxItemSi
 267:Middlewares/Third_Party/FreeRTOS/Source/queue.c **** 		pxQueue->cRxLock = queueUNLOCKED;
 268:Middlewares/Third_Party/FreeRTOS/Source/queue.c **** 		pxQueue->cTxLock = queueUNLOCKED;
 269:Middlewares/Third_Party/FreeRTOS/Source/queue.c **** 
 270:Middlewares/Third_Party/FreeRTOS/Source/queue.c **** 		if( xNewQueue == pdFALSE )
 271:Middlewares/Third_Party/FreeRTOS/Source/queue.c **** 		{
 272:Middlewares/Third_Party/FreeRTOS/Source/queue.c **** 			/* If there are tasks blocked waiting to read from the queue, then
 273:Middlewares/Third_Party/FreeRTOS/Source/queue.c **** 			the tasks will remain blocked as after this function exits the queue
 274:Middlewares/Third_Party/FreeRTOS/Source/queue.c **** 			will still be empty.  If there are tasks blocked waiting to write to
 275:Middlewares/Third_Party/FreeRTOS/Source/queue.c **** 			the queue, then one should be unblocked as after this function exits
 276:Middlewares/Third_Party/FreeRTOS/Source/queue.c **** 			it will be possible to write to it. */
 277:Middlewares/Third_Party/FreeRTOS/Source/queue.c **** 			if( listLIST_IS_EMPTY( &( pxQueue->xTasksWaitingToSend ) ) == pdFALSE )
 278:Middlewares/Third_Party/FreeRTOS/Source/queue.c **** 			{
 279:Middlewares/Third_Party/FreeRTOS/Source/queue.c **** 				if( xTaskRemoveFromEventList( &( pxQueue->xTasksWaitingToSend ) ) != pdFALSE )
 280:Middlewares/Third_Party/FreeRTOS/Source/queue.c **** 				{
 281:Middlewares/Third_Party/FreeRTOS/Source/queue.c **** 					queueYIELD_IF_USING_PREEMPTION();
 282:Middlewares/Third_Party/FreeRTOS/Source/queue.c **** 				}
 283:Middlewares/Third_Party/FreeRTOS/Source/queue.c **** 				else
 284:Middlewares/Third_Party/FreeRTOS/Source/queue.c **** 				{
 285:Middlewares/Third_Party/FreeRTOS/Source/queue.c **** 					mtCOVERAGE_TEST_MARKER();
 286:Middlewares/Third_Party/FreeRTOS/Source/queue.c **** 				}
 287:Middlewares/Third_Party/FreeRTOS/Source/queue.c **** 			}
 288:Middlewares/Third_Party/FreeRTOS/Source/queue.c **** 			else
 289:Middlewares/Third_Party/FreeRTOS/Source/queue.c **** 			{
 290:Middlewares/Third_Party/FreeRTOS/Source/queue.c **** 				mtCOVERAGE_TEST_MARKER();
 291:Middlewares/Third_Party/FreeRTOS/Source/queue.c **** 			}
 292:Middlewares/Third_Party/FreeRTOS/Source/queue.c **** 		}
 293:Middlewares/Third_Party/FreeRTOS/Source/queue.c **** 		else
 294:Middlewares/Third_Party/FreeRTOS/Source/queue.c **** 		{
 295:Middlewares/Third_Party/FreeRTOS/Source/queue.c **** 			/* Ensure the event queues start in the correct state. */
 296:Middlewares/Third_Party/FreeRTOS/Source/queue.c **** 			vListInitialise( &( pxQueue->xTasksWaitingToSend ) );
 297:Middlewares/Third_Party/FreeRTOS/Source/queue.c **** 			vListInitialise( &( pxQueue->xTasksWaitingToReceive ) );
 298:Middlewares/Third_Party/FreeRTOS/Source/queue.c **** 		}
 299:Middlewares/Third_Party/FreeRTOS/Source/queue.c **** 	}
 300:Middlewares/Third_Party/FreeRTOS/Source/queue.c **** 	taskEXIT_CRITICAL();
 301:Middlewares/Third_Party/FreeRTOS/Source/queue.c **** 
 302:Middlewares/Third_Party/FreeRTOS/Source/queue.c **** 	/* A value is returned for calling semantic consistency with previous
 303:Middlewares/Third_Party/FreeRTOS/Source/queue.c **** 	versions. */
 304:Middlewares/Third_Party/FreeRTOS/Source/queue.c **** 	return pdPASS;
 305:Middlewares/Third_Party/FreeRTOS/Source/queue.c **** }
 306:Middlewares/Third_Party/FreeRTOS/Source/queue.c **** /*-----------------------------------------------------------*/
 307:Middlewares/Third_Party/FreeRTOS/Source/queue.c **** 
 308:Middlewares/Third_Party/FreeRTOS/Source/queue.c **** #if( configSUPPORT_STATIC_ALLOCATION == 1 )
 309:Middlewares/Third_Party/FreeRTOS/Source/queue.c **** 
 310:Middlewares/Third_Party/FreeRTOS/Source/queue.c **** 	QueueHandle_t xQueueGenericCreateStatic( const UBaseType_t uxQueueLength, const UBaseType_t uxItem
 311:Middlewares/Third_Party/FreeRTOS/Source/queue.c **** 	{
 312:Middlewares/Third_Party/FreeRTOS/Source/queue.c **** 	Queue_t *pxNewQueue;
 313:Middlewares/Third_Party/FreeRTOS/Source/queue.c **** 
 314:Middlewares/Third_Party/FreeRTOS/Source/queue.c **** 		configASSERT( uxQueueLength > ( UBaseType_t ) 0 );
 315:Middlewares/Third_Party/FreeRTOS/Source/queue.c **** 
 316:Middlewares/Third_Party/FreeRTOS/Source/queue.c **** 		/* The StaticQueue_t structure and the queue storage area must be
 317:Middlewares/Third_Party/FreeRTOS/Source/queue.c **** 		supplied. */
ARM GAS  C:\Users\subdia\AppData\Local\Temp\ccc2GLt8.s 			page 7


 318:Middlewares/Third_Party/FreeRTOS/Source/queue.c **** 		configASSERT( pxStaticQueue != NULL );
 319:Middlewares/Third_Party/FreeRTOS/Source/queue.c **** 
 320:Middlewares/Third_Party/FreeRTOS/Source/queue.c **** 		/* A queue storage area should be provided if the item size is not 0, and
 321:Middlewares/Third_Party/FreeRTOS/Source/queue.c **** 		should not be provided if the item size is 0. */
 322:Middlewares/Third_Party/FreeRTOS/Source/queue.c **** 		configASSERT( !( ( pucQueueStorage != NULL ) && ( uxItemSize == 0 ) ) );
 323:Middlewares/Third_Party/FreeRTOS/Source/queue.c **** 		configASSERT( !( ( pucQueueStorage == NULL ) && ( uxItemSize != 0 ) ) );
 324:Middlewares/Third_Party/FreeRTOS/Source/queue.c **** 
 325:Middlewares/Third_Party/FreeRTOS/Source/queue.c **** 		#if( configASSERT_DEFINED == 1 )
 326:Middlewares/Third_Party/FreeRTOS/Source/queue.c **** 		{
 327:Middlewares/Third_Party/FreeRTOS/Source/queue.c **** 			/* Sanity check that the size of the structure used to declare a
 328:Middlewares/Third_Party/FreeRTOS/Source/queue.c **** 			variable of type StaticQueue_t or StaticSemaphore_t equals the size of
 329:Middlewares/Third_Party/FreeRTOS/Source/queue.c **** 			the real queue and semaphore structures. */
 330:Middlewares/Third_Party/FreeRTOS/Source/queue.c **** 			volatile size_t xSize = sizeof( StaticQueue_t );
 331:Middlewares/Third_Party/FreeRTOS/Source/queue.c **** 			configASSERT( xSize == sizeof( Queue_t ) );
 332:Middlewares/Third_Party/FreeRTOS/Source/queue.c **** 			( void ) xSize; /* Keeps lint quiet when configASSERT() is not defined. */
 333:Middlewares/Third_Party/FreeRTOS/Source/queue.c **** 		}
 334:Middlewares/Third_Party/FreeRTOS/Source/queue.c **** 		#endif /* configASSERT_DEFINED */
 335:Middlewares/Third_Party/FreeRTOS/Source/queue.c **** 
 336:Middlewares/Third_Party/FreeRTOS/Source/queue.c **** 		/* The address of a statically allocated queue was passed in, use it.
 337:Middlewares/Third_Party/FreeRTOS/Source/queue.c **** 		The address of a statically allocated storage area was also passed in
 338:Middlewares/Third_Party/FreeRTOS/Source/queue.c **** 		but is already set. */
 339:Middlewares/Third_Party/FreeRTOS/Source/queue.c **** 		pxNewQueue = ( Queue_t * ) pxStaticQueue; /*lint !e740 !e9087 Unusual cast is ok as the structure
 340:Middlewares/Third_Party/FreeRTOS/Source/queue.c **** 
 341:Middlewares/Third_Party/FreeRTOS/Source/queue.c **** 		if( pxNewQueue != NULL )
 342:Middlewares/Third_Party/FreeRTOS/Source/queue.c **** 		{
 343:Middlewares/Third_Party/FreeRTOS/Source/queue.c **** 			#if( configSUPPORT_DYNAMIC_ALLOCATION == 1 )
 344:Middlewares/Third_Party/FreeRTOS/Source/queue.c **** 			{
 345:Middlewares/Third_Party/FreeRTOS/Source/queue.c **** 				/* Queues can be allocated wither statically or dynamically, so
 346:Middlewares/Third_Party/FreeRTOS/Source/queue.c **** 				note this queue was allocated statically in case the queue is
 347:Middlewares/Third_Party/FreeRTOS/Source/queue.c **** 				later deleted. */
 348:Middlewares/Third_Party/FreeRTOS/Source/queue.c **** 				pxNewQueue->ucStaticallyAllocated = pdTRUE;
 349:Middlewares/Third_Party/FreeRTOS/Source/queue.c **** 			}
 350:Middlewares/Third_Party/FreeRTOS/Source/queue.c **** 			#endif /* configSUPPORT_DYNAMIC_ALLOCATION */
 351:Middlewares/Third_Party/FreeRTOS/Source/queue.c **** 
 352:Middlewares/Third_Party/FreeRTOS/Source/queue.c **** 			prvInitialiseNewQueue( uxQueueLength, uxItemSize, pucQueueStorage, ucQueueType, pxNewQueue );
 353:Middlewares/Third_Party/FreeRTOS/Source/queue.c **** 		}
 354:Middlewares/Third_Party/FreeRTOS/Source/queue.c **** 		else
 355:Middlewares/Third_Party/FreeRTOS/Source/queue.c **** 		{
 356:Middlewares/Third_Party/FreeRTOS/Source/queue.c **** 			traceQUEUE_CREATE_FAILED( ucQueueType );
 357:Middlewares/Third_Party/FreeRTOS/Source/queue.c **** 			mtCOVERAGE_TEST_MARKER();
 358:Middlewares/Third_Party/FreeRTOS/Source/queue.c **** 		}
 359:Middlewares/Third_Party/FreeRTOS/Source/queue.c **** 
 360:Middlewares/Third_Party/FreeRTOS/Source/queue.c **** 		return pxNewQueue;
 361:Middlewares/Third_Party/FreeRTOS/Source/queue.c **** 	}
 362:Middlewares/Third_Party/FreeRTOS/Source/queue.c **** 
 363:Middlewares/Third_Party/FreeRTOS/Source/queue.c **** #endif /* configSUPPORT_STATIC_ALLOCATION */
 364:Middlewares/Third_Party/FreeRTOS/Source/queue.c **** /*-----------------------------------------------------------*/
 365:Middlewares/Third_Party/FreeRTOS/Source/queue.c **** 
 366:Middlewares/Third_Party/FreeRTOS/Source/queue.c **** #if( configSUPPORT_DYNAMIC_ALLOCATION == 1 )
 367:Middlewares/Third_Party/FreeRTOS/Source/queue.c **** 
 368:Middlewares/Third_Party/FreeRTOS/Source/queue.c **** 	QueueHandle_t xQueueGenericCreate( const UBaseType_t uxQueueLength, const UBaseType_t uxItemSize, 
 369:Middlewares/Third_Party/FreeRTOS/Source/queue.c **** 	{
 370:Middlewares/Third_Party/FreeRTOS/Source/queue.c **** 	Queue_t *pxNewQueue;
 371:Middlewares/Third_Party/FreeRTOS/Source/queue.c **** 	size_t xQueueSizeInBytes;
 372:Middlewares/Third_Party/FreeRTOS/Source/queue.c **** 	uint8_t *pucQueueStorage;
 373:Middlewares/Third_Party/FreeRTOS/Source/queue.c **** 
 374:Middlewares/Third_Party/FreeRTOS/Source/queue.c **** 		configASSERT( uxQueueLength > ( UBaseType_t ) 0 );
ARM GAS  C:\Users\subdia\AppData\Local\Temp\ccc2GLt8.s 			page 8


 375:Middlewares/Third_Party/FreeRTOS/Source/queue.c **** 
 376:Middlewares/Third_Party/FreeRTOS/Source/queue.c **** 		/* Allocate enough space to hold the maximum number of items that
 377:Middlewares/Third_Party/FreeRTOS/Source/queue.c **** 		can be in the queue at any time.  It is valid for uxItemSize to be
 378:Middlewares/Third_Party/FreeRTOS/Source/queue.c **** 		zero in the case the queue is used as a semaphore. */
 379:Middlewares/Third_Party/FreeRTOS/Source/queue.c **** 		xQueueSizeInBytes = ( size_t ) ( uxQueueLength * uxItemSize ); /*lint !e961 MISRA exception as th
 380:Middlewares/Third_Party/FreeRTOS/Source/queue.c **** 
 381:Middlewares/Third_Party/FreeRTOS/Source/queue.c **** 		/* Allocate the queue and storage area.  Justification for MISRA
 382:Middlewares/Third_Party/FreeRTOS/Source/queue.c **** 		deviation as follows:  pvPortMalloc() always ensures returned memory
 383:Middlewares/Third_Party/FreeRTOS/Source/queue.c **** 		blocks are aligned per the requirements of the MCU stack.  In this case
 384:Middlewares/Third_Party/FreeRTOS/Source/queue.c **** 		pvPortMalloc() must return a pointer that is guaranteed to meet the
 385:Middlewares/Third_Party/FreeRTOS/Source/queue.c **** 		alignment requirements of the Queue_t structure - which in this case
 386:Middlewares/Third_Party/FreeRTOS/Source/queue.c **** 		is an int8_t *.  Therefore, whenever the stack alignment requirements
 387:Middlewares/Third_Party/FreeRTOS/Source/queue.c **** 		are greater than or equal to the pointer to char requirements the cast
 388:Middlewares/Third_Party/FreeRTOS/Source/queue.c **** 		is safe.  In other cases alignment requirements are not strict (one or
 389:Middlewares/Third_Party/FreeRTOS/Source/queue.c **** 		two bytes). */
 390:Middlewares/Third_Party/FreeRTOS/Source/queue.c **** 		pxNewQueue = ( Queue_t * ) pvPortMalloc( sizeof( Queue_t ) + xQueueSizeInBytes ); /*lint !e9087 !
 391:Middlewares/Third_Party/FreeRTOS/Source/queue.c **** 
 392:Middlewares/Third_Party/FreeRTOS/Source/queue.c **** 		if( pxNewQueue != NULL )
 393:Middlewares/Third_Party/FreeRTOS/Source/queue.c **** 		{
 394:Middlewares/Third_Party/FreeRTOS/Source/queue.c **** 			/* Jump past the queue structure to find the location of the queue
 395:Middlewares/Third_Party/FreeRTOS/Source/queue.c **** 			storage area. */
 396:Middlewares/Third_Party/FreeRTOS/Source/queue.c **** 			pucQueueStorage = ( uint8_t * ) pxNewQueue;
 397:Middlewares/Third_Party/FreeRTOS/Source/queue.c **** 			pucQueueStorage += sizeof( Queue_t ); /*lint !e9016 Pointer arithmetic allowed on char types, es
 398:Middlewares/Third_Party/FreeRTOS/Source/queue.c **** 
 399:Middlewares/Third_Party/FreeRTOS/Source/queue.c **** 			#if( configSUPPORT_STATIC_ALLOCATION == 1 )
 400:Middlewares/Third_Party/FreeRTOS/Source/queue.c **** 			{
 401:Middlewares/Third_Party/FreeRTOS/Source/queue.c **** 				/* Queues can be created either statically or dynamically, so
 402:Middlewares/Third_Party/FreeRTOS/Source/queue.c **** 				note this task was created dynamically in case it is later
 403:Middlewares/Third_Party/FreeRTOS/Source/queue.c **** 				deleted. */
 404:Middlewares/Third_Party/FreeRTOS/Source/queue.c **** 				pxNewQueue->ucStaticallyAllocated = pdFALSE;
 405:Middlewares/Third_Party/FreeRTOS/Source/queue.c **** 			}
 406:Middlewares/Third_Party/FreeRTOS/Source/queue.c **** 			#endif /* configSUPPORT_STATIC_ALLOCATION */
 407:Middlewares/Third_Party/FreeRTOS/Source/queue.c **** 
 408:Middlewares/Third_Party/FreeRTOS/Source/queue.c **** 			prvInitialiseNewQueue( uxQueueLength, uxItemSize, pucQueueStorage, ucQueueType, pxNewQueue );
 409:Middlewares/Third_Party/FreeRTOS/Source/queue.c **** 		}
 410:Middlewares/Third_Party/FreeRTOS/Source/queue.c **** 		else
 411:Middlewares/Third_Party/FreeRTOS/Source/queue.c **** 		{
 412:Middlewares/Third_Party/FreeRTOS/Source/queue.c **** 			traceQUEUE_CREATE_FAILED( ucQueueType );
 413:Middlewares/Third_Party/FreeRTOS/Source/queue.c **** 			mtCOVERAGE_TEST_MARKER();
 414:Middlewares/Third_Party/FreeRTOS/Source/queue.c **** 		}
 415:Middlewares/Third_Party/FreeRTOS/Source/queue.c **** 
 416:Middlewares/Third_Party/FreeRTOS/Source/queue.c **** 		return pxNewQueue;
 417:Middlewares/Third_Party/FreeRTOS/Source/queue.c **** 	}
 418:Middlewares/Third_Party/FreeRTOS/Source/queue.c **** 
 419:Middlewares/Third_Party/FreeRTOS/Source/queue.c **** #endif /* configSUPPORT_STATIC_ALLOCATION */
 420:Middlewares/Third_Party/FreeRTOS/Source/queue.c **** /*-----------------------------------------------------------*/
 421:Middlewares/Third_Party/FreeRTOS/Source/queue.c **** 
 422:Middlewares/Third_Party/FreeRTOS/Source/queue.c **** static void prvInitialiseNewQueue( const UBaseType_t uxQueueLength, const UBaseType_t uxItemSize, u
 423:Middlewares/Third_Party/FreeRTOS/Source/queue.c **** {
 424:Middlewares/Third_Party/FreeRTOS/Source/queue.c **** 	/* Remove compiler warnings about unused parameters should
 425:Middlewares/Third_Party/FreeRTOS/Source/queue.c **** 	configUSE_TRACE_FACILITY not be set to 1. */
 426:Middlewares/Third_Party/FreeRTOS/Source/queue.c **** 	( void ) ucQueueType;
 427:Middlewares/Third_Party/FreeRTOS/Source/queue.c **** 
 428:Middlewares/Third_Party/FreeRTOS/Source/queue.c **** 	if( uxItemSize == ( UBaseType_t ) 0 )
 429:Middlewares/Third_Party/FreeRTOS/Source/queue.c **** 	{
 430:Middlewares/Third_Party/FreeRTOS/Source/queue.c **** 		/* No RAM was allocated for the queue storage area, but PC head cannot
 431:Middlewares/Third_Party/FreeRTOS/Source/queue.c **** 		be set to NULL because NULL is used as a key to say the queue is used as
ARM GAS  C:\Users\subdia\AppData\Local\Temp\ccc2GLt8.s 			page 9


 432:Middlewares/Third_Party/FreeRTOS/Source/queue.c **** 		a mutex.  Therefore just set pcHead to point to the queue as a benign
 433:Middlewares/Third_Party/FreeRTOS/Source/queue.c **** 		value that is known to be within the memory map. */
 434:Middlewares/Third_Party/FreeRTOS/Source/queue.c **** 		pxNewQueue->pcHead = ( int8_t * ) pxNewQueue;
 435:Middlewares/Third_Party/FreeRTOS/Source/queue.c **** 	}
 436:Middlewares/Third_Party/FreeRTOS/Source/queue.c **** 	else
 437:Middlewares/Third_Party/FreeRTOS/Source/queue.c **** 	{
 438:Middlewares/Third_Party/FreeRTOS/Source/queue.c **** 		/* Set the head to the start of the queue storage area. */
 439:Middlewares/Third_Party/FreeRTOS/Source/queue.c **** 		pxNewQueue->pcHead = ( int8_t * ) pucQueueStorage;
 440:Middlewares/Third_Party/FreeRTOS/Source/queue.c **** 	}
 441:Middlewares/Third_Party/FreeRTOS/Source/queue.c **** 
 442:Middlewares/Third_Party/FreeRTOS/Source/queue.c **** 	/* Initialise the queue members as described where the queue type is
 443:Middlewares/Third_Party/FreeRTOS/Source/queue.c **** 	defined. */
 444:Middlewares/Third_Party/FreeRTOS/Source/queue.c **** 	pxNewQueue->uxLength = uxQueueLength;
 445:Middlewares/Third_Party/FreeRTOS/Source/queue.c **** 	pxNewQueue->uxItemSize = uxItemSize;
 446:Middlewares/Third_Party/FreeRTOS/Source/queue.c **** 	( void ) xQueueGenericReset( pxNewQueue, pdTRUE );
 447:Middlewares/Third_Party/FreeRTOS/Source/queue.c **** 
 448:Middlewares/Third_Party/FreeRTOS/Source/queue.c **** 	#if ( configUSE_TRACE_FACILITY == 1 )
 449:Middlewares/Third_Party/FreeRTOS/Source/queue.c **** 	{
 450:Middlewares/Third_Party/FreeRTOS/Source/queue.c **** 		pxNewQueue->ucQueueType = ucQueueType;
 451:Middlewares/Third_Party/FreeRTOS/Source/queue.c **** 	}
 452:Middlewares/Third_Party/FreeRTOS/Source/queue.c **** 	#endif /* configUSE_TRACE_FACILITY */
 453:Middlewares/Third_Party/FreeRTOS/Source/queue.c **** 
 454:Middlewares/Third_Party/FreeRTOS/Source/queue.c **** 	#if( configUSE_QUEUE_SETS == 1 )
 455:Middlewares/Third_Party/FreeRTOS/Source/queue.c **** 	{
 456:Middlewares/Third_Party/FreeRTOS/Source/queue.c **** 		pxNewQueue->pxQueueSetContainer = NULL;
 457:Middlewares/Third_Party/FreeRTOS/Source/queue.c **** 	}
 458:Middlewares/Third_Party/FreeRTOS/Source/queue.c **** 	#endif /* configUSE_QUEUE_SETS */
 459:Middlewares/Third_Party/FreeRTOS/Source/queue.c **** 
 460:Middlewares/Third_Party/FreeRTOS/Source/queue.c **** 	traceQUEUE_CREATE( pxNewQueue );
 461:Middlewares/Third_Party/FreeRTOS/Source/queue.c **** }
 462:Middlewares/Third_Party/FreeRTOS/Source/queue.c **** /*-----------------------------------------------------------*/
 463:Middlewares/Third_Party/FreeRTOS/Source/queue.c **** 
 464:Middlewares/Third_Party/FreeRTOS/Source/queue.c **** #if( configUSE_MUTEXES == 1 )
 465:Middlewares/Third_Party/FreeRTOS/Source/queue.c **** 
 466:Middlewares/Third_Party/FreeRTOS/Source/queue.c **** 	static void prvInitialiseMutex( Queue_t *pxNewQueue )
 467:Middlewares/Third_Party/FreeRTOS/Source/queue.c **** 	{
 468:Middlewares/Third_Party/FreeRTOS/Source/queue.c **** 		if( pxNewQueue != NULL )
 469:Middlewares/Third_Party/FreeRTOS/Source/queue.c **** 		{
 470:Middlewares/Third_Party/FreeRTOS/Source/queue.c **** 			/* The queue create function will set all the queue structure members
 471:Middlewares/Third_Party/FreeRTOS/Source/queue.c **** 			correctly for a generic queue, but this function is creating a
 472:Middlewares/Third_Party/FreeRTOS/Source/queue.c **** 			mutex.  Overwrite those members that need to be set differently -
 473:Middlewares/Third_Party/FreeRTOS/Source/queue.c **** 			in particular the information required for priority inheritance. */
 474:Middlewares/Third_Party/FreeRTOS/Source/queue.c **** 			pxNewQueue->u.xSemaphore.xMutexHolder = NULL;
 475:Middlewares/Third_Party/FreeRTOS/Source/queue.c **** 			pxNewQueue->uxQueueType = queueQUEUE_IS_MUTEX;
 476:Middlewares/Third_Party/FreeRTOS/Source/queue.c **** 
 477:Middlewares/Third_Party/FreeRTOS/Source/queue.c **** 			/* In case this is a recursive mutex. */
 478:Middlewares/Third_Party/FreeRTOS/Source/queue.c **** 			pxNewQueue->u.xSemaphore.uxRecursiveCallCount = 0;
 479:Middlewares/Third_Party/FreeRTOS/Source/queue.c **** 
 480:Middlewares/Third_Party/FreeRTOS/Source/queue.c **** 			traceCREATE_MUTEX( pxNewQueue );
 481:Middlewares/Third_Party/FreeRTOS/Source/queue.c **** 
 482:Middlewares/Third_Party/FreeRTOS/Source/queue.c **** 			/* Start with the semaphore in the expected state. */
 483:Middlewares/Third_Party/FreeRTOS/Source/queue.c **** 			( void ) xQueueGenericSend( pxNewQueue, NULL, ( TickType_t ) 0U, queueSEND_TO_BACK );
 484:Middlewares/Third_Party/FreeRTOS/Source/queue.c **** 		}
 485:Middlewares/Third_Party/FreeRTOS/Source/queue.c **** 		else
 486:Middlewares/Third_Party/FreeRTOS/Source/queue.c **** 		{
 487:Middlewares/Third_Party/FreeRTOS/Source/queue.c **** 			traceCREATE_MUTEX_FAILED();
 488:Middlewares/Third_Party/FreeRTOS/Source/queue.c **** 		}
ARM GAS  C:\Users\subdia\AppData\Local\Temp\ccc2GLt8.s 			page 10


 489:Middlewares/Third_Party/FreeRTOS/Source/queue.c **** 	}
 490:Middlewares/Third_Party/FreeRTOS/Source/queue.c **** 
 491:Middlewares/Third_Party/FreeRTOS/Source/queue.c **** #endif /* configUSE_MUTEXES */
 492:Middlewares/Third_Party/FreeRTOS/Source/queue.c **** /*-----------------------------------------------------------*/
 493:Middlewares/Third_Party/FreeRTOS/Source/queue.c **** 
 494:Middlewares/Third_Party/FreeRTOS/Source/queue.c **** #if( ( configUSE_MUTEXES == 1 ) && ( configSUPPORT_DYNAMIC_ALLOCATION == 1 ) )
 495:Middlewares/Third_Party/FreeRTOS/Source/queue.c **** 
 496:Middlewares/Third_Party/FreeRTOS/Source/queue.c **** 	QueueHandle_t xQueueCreateMutex( const uint8_t ucQueueType )
 497:Middlewares/Third_Party/FreeRTOS/Source/queue.c **** 	{
 498:Middlewares/Third_Party/FreeRTOS/Source/queue.c **** 	QueueHandle_t xNewQueue;
 499:Middlewares/Third_Party/FreeRTOS/Source/queue.c **** 	const UBaseType_t uxMutexLength = ( UBaseType_t ) 1, uxMutexSize = ( UBaseType_t ) 0;
 500:Middlewares/Third_Party/FreeRTOS/Source/queue.c **** 
 501:Middlewares/Third_Party/FreeRTOS/Source/queue.c **** 		xNewQueue = xQueueGenericCreate( uxMutexLength, uxMutexSize, ucQueueType );
 502:Middlewares/Third_Party/FreeRTOS/Source/queue.c **** 		prvInitialiseMutex( ( Queue_t * ) xNewQueue );
 503:Middlewares/Third_Party/FreeRTOS/Source/queue.c **** 
 504:Middlewares/Third_Party/FreeRTOS/Source/queue.c **** 		return xNewQueue;
 505:Middlewares/Third_Party/FreeRTOS/Source/queue.c **** 	}
 506:Middlewares/Third_Party/FreeRTOS/Source/queue.c **** 
 507:Middlewares/Third_Party/FreeRTOS/Source/queue.c **** #endif /* configUSE_MUTEXES */
 508:Middlewares/Third_Party/FreeRTOS/Source/queue.c **** /*-----------------------------------------------------------*/
 509:Middlewares/Third_Party/FreeRTOS/Source/queue.c **** 
 510:Middlewares/Third_Party/FreeRTOS/Source/queue.c **** #if( ( configUSE_MUTEXES == 1 ) && ( configSUPPORT_STATIC_ALLOCATION == 1 ) )
 511:Middlewares/Third_Party/FreeRTOS/Source/queue.c **** 
 512:Middlewares/Third_Party/FreeRTOS/Source/queue.c **** 	QueueHandle_t xQueueCreateMutexStatic( const uint8_t ucQueueType, StaticQueue_t *pxStaticQueue )
 513:Middlewares/Third_Party/FreeRTOS/Source/queue.c **** 	{
 514:Middlewares/Third_Party/FreeRTOS/Source/queue.c **** 	QueueHandle_t xNewQueue;
 515:Middlewares/Third_Party/FreeRTOS/Source/queue.c **** 	const UBaseType_t uxMutexLength = ( UBaseType_t ) 1, uxMutexSize = ( UBaseType_t ) 0;
 516:Middlewares/Third_Party/FreeRTOS/Source/queue.c **** 
 517:Middlewares/Third_Party/FreeRTOS/Source/queue.c **** 		/* Prevent compiler warnings about unused parameters if
 518:Middlewares/Third_Party/FreeRTOS/Source/queue.c **** 		configUSE_TRACE_FACILITY does not equal 1. */
 519:Middlewares/Third_Party/FreeRTOS/Source/queue.c **** 		( void ) ucQueueType;
 520:Middlewares/Third_Party/FreeRTOS/Source/queue.c **** 
 521:Middlewares/Third_Party/FreeRTOS/Source/queue.c **** 		xNewQueue = xQueueGenericCreateStatic( uxMutexLength, uxMutexSize, NULL, pxStaticQueue, ucQueueTy
 522:Middlewares/Third_Party/FreeRTOS/Source/queue.c **** 		prvInitialiseMutex( ( Queue_t * ) xNewQueue );
 523:Middlewares/Third_Party/FreeRTOS/Source/queue.c **** 
 524:Middlewares/Third_Party/FreeRTOS/Source/queue.c **** 		return xNewQueue;
 525:Middlewares/Third_Party/FreeRTOS/Source/queue.c **** 	}
 526:Middlewares/Third_Party/FreeRTOS/Source/queue.c **** 
 527:Middlewares/Third_Party/FreeRTOS/Source/queue.c **** #endif /* configUSE_MUTEXES */
 528:Middlewares/Third_Party/FreeRTOS/Source/queue.c **** /*-----------------------------------------------------------*/
 529:Middlewares/Third_Party/FreeRTOS/Source/queue.c **** 
 530:Middlewares/Third_Party/FreeRTOS/Source/queue.c **** #if ( ( configUSE_MUTEXES == 1 ) && ( INCLUDE_xSemaphoreGetMutexHolder == 1 ) )
 531:Middlewares/Third_Party/FreeRTOS/Source/queue.c **** 
 532:Middlewares/Third_Party/FreeRTOS/Source/queue.c **** 	TaskHandle_t xQueueGetMutexHolder( QueueHandle_t xSemaphore )
 533:Middlewares/Third_Party/FreeRTOS/Source/queue.c **** 	{
 534:Middlewares/Third_Party/FreeRTOS/Source/queue.c **** 	TaskHandle_t pxReturn;
 535:Middlewares/Third_Party/FreeRTOS/Source/queue.c **** 	Queue_t * const pxSemaphore = ( Queue_t * ) xSemaphore;
 536:Middlewares/Third_Party/FreeRTOS/Source/queue.c **** 
 537:Middlewares/Third_Party/FreeRTOS/Source/queue.c **** 		/* This function is called by xSemaphoreGetMutexHolder(), and should not
 538:Middlewares/Third_Party/FreeRTOS/Source/queue.c **** 		be called directly.  Note:  This is a good way of determining if the
 539:Middlewares/Third_Party/FreeRTOS/Source/queue.c **** 		calling task is the mutex holder, but not a good way of determining the
 540:Middlewares/Third_Party/FreeRTOS/Source/queue.c **** 		identity of the mutex holder, as the holder may change between the
 541:Middlewares/Third_Party/FreeRTOS/Source/queue.c **** 		following critical section exiting and the function returning. */
 542:Middlewares/Third_Party/FreeRTOS/Source/queue.c **** 		taskENTER_CRITICAL();
 543:Middlewares/Third_Party/FreeRTOS/Source/queue.c **** 		{
 544:Middlewares/Third_Party/FreeRTOS/Source/queue.c **** 			if( pxSemaphore->uxQueueType == queueQUEUE_IS_MUTEX )
 545:Middlewares/Third_Party/FreeRTOS/Source/queue.c **** 			{
ARM GAS  C:\Users\subdia\AppData\Local\Temp\ccc2GLt8.s 			page 11


 546:Middlewares/Third_Party/FreeRTOS/Source/queue.c **** 				pxReturn = pxSemaphore->u.xSemaphore.xMutexHolder;
 547:Middlewares/Third_Party/FreeRTOS/Source/queue.c **** 			}
 548:Middlewares/Third_Party/FreeRTOS/Source/queue.c **** 			else
 549:Middlewares/Third_Party/FreeRTOS/Source/queue.c **** 			{
 550:Middlewares/Third_Party/FreeRTOS/Source/queue.c **** 				pxReturn = NULL;
 551:Middlewares/Third_Party/FreeRTOS/Source/queue.c **** 			}
 552:Middlewares/Third_Party/FreeRTOS/Source/queue.c **** 		}
 553:Middlewares/Third_Party/FreeRTOS/Source/queue.c **** 		taskEXIT_CRITICAL();
 554:Middlewares/Third_Party/FreeRTOS/Source/queue.c **** 
 555:Middlewares/Third_Party/FreeRTOS/Source/queue.c **** 		return pxReturn;
 556:Middlewares/Third_Party/FreeRTOS/Source/queue.c **** 	} /*lint !e818 xSemaphore cannot be a pointer to const because it is a typedef. */
 557:Middlewares/Third_Party/FreeRTOS/Source/queue.c **** 
 558:Middlewares/Third_Party/FreeRTOS/Source/queue.c **** #endif
 559:Middlewares/Third_Party/FreeRTOS/Source/queue.c **** /*-----------------------------------------------------------*/
 560:Middlewares/Third_Party/FreeRTOS/Source/queue.c **** 
 561:Middlewares/Third_Party/FreeRTOS/Source/queue.c **** #if ( ( configUSE_MUTEXES == 1 ) && ( INCLUDE_xSemaphoreGetMutexHolder == 1 ) )
 562:Middlewares/Third_Party/FreeRTOS/Source/queue.c **** 
 563:Middlewares/Third_Party/FreeRTOS/Source/queue.c **** 	TaskHandle_t xQueueGetMutexHolderFromISR( QueueHandle_t xSemaphore )
 564:Middlewares/Third_Party/FreeRTOS/Source/queue.c **** 	{
 565:Middlewares/Third_Party/FreeRTOS/Source/queue.c **** 	TaskHandle_t pxReturn;
 566:Middlewares/Third_Party/FreeRTOS/Source/queue.c **** 
 567:Middlewares/Third_Party/FreeRTOS/Source/queue.c **** 		configASSERT( xSemaphore );
 568:Middlewares/Third_Party/FreeRTOS/Source/queue.c **** 
 569:Middlewares/Third_Party/FreeRTOS/Source/queue.c **** 		/* Mutexes cannot be used in interrupt service routines, so the mutex
 570:Middlewares/Third_Party/FreeRTOS/Source/queue.c **** 		holder should not change in an ISR, and therefore a critical section is
 571:Middlewares/Third_Party/FreeRTOS/Source/queue.c **** 		not required here. */
 572:Middlewares/Third_Party/FreeRTOS/Source/queue.c **** 		if( ( ( Queue_t * ) xSemaphore )->uxQueueType == queueQUEUE_IS_MUTEX )
 573:Middlewares/Third_Party/FreeRTOS/Source/queue.c **** 		{
 574:Middlewares/Third_Party/FreeRTOS/Source/queue.c **** 			pxReturn = ( ( Queue_t * ) xSemaphore )->u.xSemaphore.xMutexHolder;
 575:Middlewares/Third_Party/FreeRTOS/Source/queue.c **** 		}
 576:Middlewares/Third_Party/FreeRTOS/Source/queue.c **** 		else
 577:Middlewares/Third_Party/FreeRTOS/Source/queue.c **** 		{
 578:Middlewares/Third_Party/FreeRTOS/Source/queue.c **** 			pxReturn = NULL;
 579:Middlewares/Third_Party/FreeRTOS/Source/queue.c **** 		}
 580:Middlewares/Third_Party/FreeRTOS/Source/queue.c **** 
 581:Middlewares/Third_Party/FreeRTOS/Source/queue.c **** 		return pxReturn;
 582:Middlewares/Third_Party/FreeRTOS/Source/queue.c **** 	} /*lint !e818 xSemaphore cannot be a pointer to const because it is a typedef. */
 583:Middlewares/Third_Party/FreeRTOS/Source/queue.c **** 
 584:Middlewares/Third_Party/FreeRTOS/Source/queue.c **** #endif
 585:Middlewares/Third_Party/FreeRTOS/Source/queue.c **** /*-----------------------------------------------------------*/
 586:Middlewares/Third_Party/FreeRTOS/Source/queue.c **** 
 587:Middlewares/Third_Party/FreeRTOS/Source/queue.c **** #if ( configUSE_RECURSIVE_MUTEXES == 1 )
 588:Middlewares/Third_Party/FreeRTOS/Source/queue.c **** 
 589:Middlewares/Third_Party/FreeRTOS/Source/queue.c **** 	BaseType_t xQueueGiveMutexRecursive( QueueHandle_t xMutex )
 590:Middlewares/Third_Party/FreeRTOS/Source/queue.c **** 	{
 591:Middlewares/Third_Party/FreeRTOS/Source/queue.c **** 	BaseType_t xReturn;
 592:Middlewares/Third_Party/FreeRTOS/Source/queue.c **** 	Queue_t * const pxMutex = ( Queue_t * ) xMutex;
 593:Middlewares/Third_Party/FreeRTOS/Source/queue.c **** 
 594:Middlewares/Third_Party/FreeRTOS/Source/queue.c **** 		configASSERT( pxMutex );
 595:Middlewares/Third_Party/FreeRTOS/Source/queue.c **** 
 596:Middlewares/Third_Party/FreeRTOS/Source/queue.c **** 		/* If this is the task that holds the mutex then xMutexHolder will not
 597:Middlewares/Third_Party/FreeRTOS/Source/queue.c **** 		change outside of this task.  If this task does not hold the mutex then
 598:Middlewares/Third_Party/FreeRTOS/Source/queue.c **** 		pxMutexHolder can never coincidentally equal the tasks handle, and as
 599:Middlewares/Third_Party/FreeRTOS/Source/queue.c **** 		this is the only condition we are interested in it does not matter if
 600:Middlewares/Third_Party/FreeRTOS/Source/queue.c **** 		pxMutexHolder is accessed simultaneously by another task.  Therefore no
 601:Middlewares/Third_Party/FreeRTOS/Source/queue.c **** 		mutual exclusion is required to test the pxMutexHolder variable. */
 602:Middlewares/Third_Party/FreeRTOS/Source/queue.c **** 		if( pxMutex->u.xSemaphore.xMutexHolder == xTaskGetCurrentTaskHandle() )
ARM GAS  C:\Users\subdia\AppData\Local\Temp\ccc2GLt8.s 			page 12


 603:Middlewares/Third_Party/FreeRTOS/Source/queue.c **** 		{
 604:Middlewares/Third_Party/FreeRTOS/Source/queue.c **** 			traceGIVE_MUTEX_RECURSIVE( pxMutex );
 605:Middlewares/Third_Party/FreeRTOS/Source/queue.c **** 
 606:Middlewares/Third_Party/FreeRTOS/Source/queue.c **** 			/* uxRecursiveCallCount cannot be zero if xMutexHolder is equal to
 607:Middlewares/Third_Party/FreeRTOS/Source/queue.c **** 			the task handle, therefore no underflow check is required.  Also,
 608:Middlewares/Third_Party/FreeRTOS/Source/queue.c **** 			uxRecursiveCallCount is only modified by the mutex holder, and as
 609:Middlewares/Third_Party/FreeRTOS/Source/queue.c **** 			there can only be one, no mutual exclusion is required to modify the
 610:Middlewares/Third_Party/FreeRTOS/Source/queue.c **** 			uxRecursiveCallCount member. */
 611:Middlewares/Third_Party/FreeRTOS/Source/queue.c **** 			( pxMutex->u.xSemaphore.uxRecursiveCallCount )--;
 612:Middlewares/Third_Party/FreeRTOS/Source/queue.c **** 
 613:Middlewares/Third_Party/FreeRTOS/Source/queue.c **** 			/* Has the recursive call count unwound to 0? */
 614:Middlewares/Third_Party/FreeRTOS/Source/queue.c **** 			if( pxMutex->u.xSemaphore.uxRecursiveCallCount == ( UBaseType_t ) 0 )
 615:Middlewares/Third_Party/FreeRTOS/Source/queue.c **** 			{
 616:Middlewares/Third_Party/FreeRTOS/Source/queue.c **** 				/* Return the mutex.  This will automatically unblock any other
 617:Middlewares/Third_Party/FreeRTOS/Source/queue.c **** 				task that might be waiting to access the mutex. */
 618:Middlewares/Third_Party/FreeRTOS/Source/queue.c **** 				( void ) xQueueGenericSend( pxMutex, NULL, queueMUTEX_GIVE_BLOCK_TIME, queueSEND_TO_BACK );
 619:Middlewares/Third_Party/FreeRTOS/Source/queue.c **** 			}
 620:Middlewares/Third_Party/FreeRTOS/Source/queue.c **** 			else
 621:Middlewares/Third_Party/FreeRTOS/Source/queue.c **** 			{
 622:Middlewares/Third_Party/FreeRTOS/Source/queue.c **** 				mtCOVERAGE_TEST_MARKER();
 623:Middlewares/Third_Party/FreeRTOS/Source/queue.c **** 			}
 624:Middlewares/Third_Party/FreeRTOS/Source/queue.c **** 
 625:Middlewares/Third_Party/FreeRTOS/Source/queue.c **** 			xReturn = pdPASS;
 626:Middlewares/Third_Party/FreeRTOS/Source/queue.c **** 		}
 627:Middlewares/Third_Party/FreeRTOS/Source/queue.c **** 		else
 628:Middlewares/Third_Party/FreeRTOS/Source/queue.c **** 		{
 629:Middlewares/Third_Party/FreeRTOS/Source/queue.c **** 			/* The mutex cannot be given because the calling task is not the
 630:Middlewares/Third_Party/FreeRTOS/Source/queue.c **** 			holder. */
 631:Middlewares/Third_Party/FreeRTOS/Source/queue.c **** 			xReturn = pdFAIL;
 632:Middlewares/Third_Party/FreeRTOS/Source/queue.c **** 
 633:Middlewares/Third_Party/FreeRTOS/Source/queue.c **** 			traceGIVE_MUTEX_RECURSIVE_FAILED( pxMutex );
 634:Middlewares/Third_Party/FreeRTOS/Source/queue.c **** 		}
 635:Middlewares/Third_Party/FreeRTOS/Source/queue.c **** 
 636:Middlewares/Third_Party/FreeRTOS/Source/queue.c **** 		return xReturn;
 637:Middlewares/Third_Party/FreeRTOS/Source/queue.c **** 	}
 638:Middlewares/Third_Party/FreeRTOS/Source/queue.c **** 
 639:Middlewares/Third_Party/FreeRTOS/Source/queue.c **** #endif /* configUSE_RECURSIVE_MUTEXES */
 640:Middlewares/Third_Party/FreeRTOS/Source/queue.c **** /*-----------------------------------------------------------*/
 641:Middlewares/Third_Party/FreeRTOS/Source/queue.c **** 
 642:Middlewares/Third_Party/FreeRTOS/Source/queue.c **** #if ( configUSE_RECURSIVE_MUTEXES == 1 )
 643:Middlewares/Third_Party/FreeRTOS/Source/queue.c **** 
 644:Middlewares/Third_Party/FreeRTOS/Source/queue.c **** 	BaseType_t xQueueTakeMutexRecursive( QueueHandle_t xMutex, TickType_t xTicksToWait )
 645:Middlewares/Third_Party/FreeRTOS/Source/queue.c **** 	{
 646:Middlewares/Third_Party/FreeRTOS/Source/queue.c **** 	BaseType_t xReturn;
 647:Middlewares/Third_Party/FreeRTOS/Source/queue.c **** 	Queue_t * const pxMutex = ( Queue_t * ) xMutex;
 648:Middlewares/Third_Party/FreeRTOS/Source/queue.c **** 
 649:Middlewares/Third_Party/FreeRTOS/Source/queue.c **** 		configASSERT( pxMutex );
 650:Middlewares/Third_Party/FreeRTOS/Source/queue.c **** 
 651:Middlewares/Third_Party/FreeRTOS/Source/queue.c **** 		/* Comments regarding mutual exclusion as per those within
 652:Middlewares/Third_Party/FreeRTOS/Source/queue.c **** 		xQueueGiveMutexRecursive(). */
 653:Middlewares/Third_Party/FreeRTOS/Source/queue.c **** 
 654:Middlewares/Third_Party/FreeRTOS/Source/queue.c **** 		traceTAKE_MUTEX_RECURSIVE( pxMutex );
 655:Middlewares/Third_Party/FreeRTOS/Source/queue.c **** 
 656:Middlewares/Third_Party/FreeRTOS/Source/queue.c **** 		if( pxMutex->u.xSemaphore.xMutexHolder == xTaskGetCurrentTaskHandle() )
 657:Middlewares/Third_Party/FreeRTOS/Source/queue.c **** 		{
 658:Middlewares/Third_Party/FreeRTOS/Source/queue.c **** 			( pxMutex->u.xSemaphore.uxRecursiveCallCount )++;
 659:Middlewares/Third_Party/FreeRTOS/Source/queue.c **** 			xReturn = pdPASS;
ARM GAS  C:\Users\subdia\AppData\Local\Temp\ccc2GLt8.s 			page 13


 660:Middlewares/Third_Party/FreeRTOS/Source/queue.c **** 		}
 661:Middlewares/Third_Party/FreeRTOS/Source/queue.c **** 		else
 662:Middlewares/Third_Party/FreeRTOS/Source/queue.c **** 		{
 663:Middlewares/Third_Party/FreeRTOS/Source/queue.c **** 			xReturn = xQueueSemaphoreTake( pxMutex, xTicksToWait );
 664:Middlewares/Third_Party/FreeRTOS/Source/queue.c **** 
 665:Middlewares/Third_Party/FreeRTOS/Source/queue.c **** 			/* pdPASS will only be returned if the mutex was successfully
 666:Middlewares/Third_Party/FreeRTOS/Source/queue.c **** 			obtained.  The calling task may have entered the Blocked state
 667:Middlewares/Third_Party/FreeRTOS/Source/queue.c **** 			before reaching here. */
 668:Middlewares/Third_Party/FreeRTOS/Source/queue.c **** 			if( xReturn != pdFAIL )
 669:Middlewares/Third_Party/FreeRTOS/Source/queue.c **** 			{
 670:Middlewares/Third_Party/FreeRTOS/Source/queue.c **** 				( pxMutex->u.xSemaphore.uxRecursiveCallCount )++;
 671:Middlewares/Third_Party/FreeRTOS/Source/queue.c **** 			}
 672:Middlewares/Third_Party/FreeRTOS/Source/queue.c **** 			else
 673:Middlewares/Third_Party/FreeRTOS/Source/queue.c **** 			{
 674:Middlewares/Third_Party/FreeRTOS/Source/queue.c **** 				traceTAKE_MUTEX_RECURSIVE_FAILED( pxMutex );
 675:Middlewares/Third_Party/FreeRTOS/Source/queue.c **** 			}
 676:Middlewares/Third_Party/FreeRTOS/Source/queue.c **** 		}
 677:Middlewares/Third_Party/FreeRTOS/Source/queue.c **** 
 678:Middlewares/Third_Party/FreeRTOS/Source/queue.c **** 		return xReturn;
 679:Middlewares/Third_Party/FreeRTOS/Source/queue.c **** 	}
 680:Middlewares/Third_Party/FreeRTOS/Source/queue.c **** 
 681:Middlewares/Third_Party/FreeRTOS/Source/queue.c **** #endif /* configUSE_RECURSIVE_MUTEXES */
 682:Middlewares/Third_Party/FreeRTOS/Source/queue.c **** /*-----------------------------------------------------------*/
 683:Middlewares/Third_Party/FreeRTOS/Source/queue.c **** 
 684:Middlewares/Third_Party/FreeRTOS/Source/queue.c **** #if( ( configUSE_COUNTING_SEMAPHORES == 1 ) && ( configSUPPORT_STATIC_ALLOCATION == 1 ) )
 685:Middlewares/Third_Party/FreeRTOS/Source/queue.c **** 
 686:Middlewares/Third_Party/FreeRTOS/Source/queue.c **** 	QueueHandle_t xQueueCreateCountingSemaphoreStatic( const UBaseType_t uxMaxCount, const UBaseType_t
 687:Middlewares/Third_Party/FreeRTOS/Source/queue.c **** 	{
 688:Middlewares/Third_Party/FreeRTOS/Source/queue.c **** 	QueueHandle_t xHandle;
 689:Middlewares/Third_Party/FreeRTOS/Source/queue.c **** 
 690:Middlewares/Third_Party/FreeRTOS/Source/queue.c **** 		configASSERT( uxMaxCount != 0 );
 691:Middlewares/Third_Party/FreeRTOS/Source/queue.c **** 		configASSERT( uxInitialCount <= uxMaxCount );
 692:Middlewares/Third_Party/FreeRTOS/Source/queue.c **** 
 693:Middlewares/Third_Party/FreeRTOS/Source/queue.c **** 		xHandle = xQueueGenericCreateStatic( uxMaxCount, queueSEMAPHORE_QUEUE_ITEM_LENGTH, NULL, pxStatic
 694:Middlewares/Third_Party/FreeRTOS/Source/queue.c **** 
 695:Middlewares/Third_Party/FreeRTOS/Source/queue.c **** 		if( xHandle != NULL )
 696:Middlewares/Third_Party/FreeRTOS/Source/queue.c **** 		{
 697:Middlewares/Third_Party/FreeRTOS/Source/queue.c **** 			( ( Queue_t * ) xHandle )->uxMessagesWaiting = uxInitialCount;
 698:Middlewares/Third_Party/FreeRTOS/Source/queue.c **** 
 699:Middlewares/Third_Party/FreeRTOS/Source/queue.c **** 			traceCREATE_COUNTING_SEMAPHORE();
 700:Middlewares/Third_Party/FreeRTOS/Source/queue.c **** 		}
 701:Middlewares/Third_Party/FreeRTOS/Source/queue.c **** 		else
 702:Middlewares/Third_Party/FreeRTOS/Source/queue.c **** 		{
 703:Middlewares/Third_Party/FreeRTOS/Source/queue.c **** 			traceCREATE_COUNTING_SEMAPHORE_FAILED();
 704:Middlewares/Third_Party/FreeRTOS/Source/queue.c **** 		}
 705:Middlewares/Third_Party/FreeRTOS/Source/queue.c **** 
 706:Middlewares/Third_Party/FreeRTOS/Source/queue.c **** 		return xHandle;
 707:Middlewares/Third_Party/FreeRTOS/Source/queue.c **** 	}
 708:Middlewares/Third_Party/FreeRTOS/Source/queue.c **** 
 709:Middlewares/Third_Party/FreeRTOS/Source/queue.c **** #endif /* ( ( configUSE_COUNTING_SEMAPHORES == 1 ) && ( configSUPPORT_DYNAMIC_ALLOCATION == 1 ) ) *
 710:Middlewares/Third_Party/FreeRTOS/Source/queue.c **** /*-----------------------------------------------------------*/
 711:Middlewares/Third_Party/FreeRTOS/Source/queue.c **** 
 712:Middlewares/Third_Party/FreeRTOS/Source/queue.c **** #if( ( configUSE_COUNTING_SEMAPHORES == 1 ) && ( configSUPPORT_DYNAMIC_ALLOCATION == 1 ) )
 713:Middlewares/Third_Party/FreeRTOS/Source/queue.c **** 
 714:Middlewares/Third_Party/FreeRTOS/Source/queue.c **** 	QueueHandle_t xQueueCreateCountingSemaphore( const UBaseType_t uxMaxCount, const UBaseType_t uxIni
 715:Middlewares/Third_Party/FreeRTOS/Source/queue.c **** 	{
 716:Middlewares/Third_Party/FreeRTOS/Source/queue.c **** 	QueueHandle_t xHandle;
ARM GAS  C:\Users\subdia\AppData\Local\Temp\ccc2GLt8.s 			page 14


 717:Middlewares/Third_Party/FreeRTOS/Source/queue.c **** 
 718:Middlewares/Third_Party/FreeRTOS/Source/queue.c **** 		configASSERT( uxMaxCount != 0 );
 719:Middlewares/Third_Party/FreeRTOS/Source/queue.c **** 		configASSERT( uxInitialCount <= uxMaxCount );
 720:Middlewares/Third_Party/FreeRTOS/Source/queue.c **** 
 721:Middlewares/Third_Party/FreeRTOS/Source/queue.c **** 		xHandle = xQueueGenericCreate( uxMaxCount, queueSEMAPHORE_QUEUE_ITEM_LENGTH, queueQUEUE_TYPE_COUN
 722:Middlewares/Third_Party/FreeRTOS/Source/queue.c **** 
 723:Middlewares/Third_Party/FreeRTOS/Source/queue.c **** 		if( xHandle != NULL )
 724:Middlewares/Third_Party/FreeRTOS/Source/queue.c **** 		{
 725:Middlewares/Third_Party/FreeRTOS/Source/queue.c **** 			( ( Queue_t * ) xHandle )->uxMessagesWaiting = uxInitialCount;
 726:Middlewares/Third_Party/FreeRTOS/Source/queue.c **** 
 727:Middlewares/Third_Party/FreeRTOS/Source/queue.c **** 			traceCREATE_COUNTING_SEMAPHORE();
 728:Middlewares/Third_Party/FreeRTOS/Source/queue.c **** 		}
 729:Middlewares/Third_Party/FreeRTOS/Source/queue.c **** 		else
 730:Middlewares/Third_Party/FreeRTOS/Source/queue.c **** 		{
 731:Middlewares/Third_Party/FreeRTOS/Source/queue.c **** 			traceCREATE_COUNTING_SEMAPHORE_FAILED();
 732:Middlewares/Third_Party/FreeRTOS/Source/queue.c **** 		}
 733:Middlewares/Third_Party/FreeRTOS/Source/queue.c **** 
 734:Middlewares/Third_Party/FreeRTOS/Source/queue.c **** 		return xHandle;
 735:Middlewares/Third_Party/FreeRTOS/Source/queue.c **** 	}
 736:Middlewares/Third_Party/FreeRTOS/Source/queue.c **** 
 737:Middlewares/Third_Party/FreeRTOS/Source/queue.c **** #endif /* ( ( configUSE_COUNTING_SEMAPHORES == 1 ) && ( configSUPPORT_DYNAMIC_ALLOCATION == 1 ) ) *
 738:Middlewares/Third_Party/FreeRTOS/Source/queue.c **** /*-----------------------------------------------------------*/
 739:Middlewares/Third_Party/FreeRTOS/Source/queue.c **** 
 740:Middlewares/Third_Party/FreeRTOS/Source/queue.c **** BaseType_t xQueueGenericSend( QueueHandle_t xQueue, const void * const pvItemToQueue, TickType_t xT
 741:Middlewares/Third_Party/FreeRTOS/Source/queue.c **** {
 742:Middlewares/Third_Party/FreeRTOS/Source/queue.c **** BaseType_t xEntryTimeSet = pdFALSE, xYieldRequired;
 743:Middlewares/Third_Party/FreeRTOS/Source/queue.c **** TimeOut_t xTimeOut;
 744:Middlewares/Third_Party/FreeRTOS/Source/queue.c **** Queue_t * const pxQueue = xQueue;
 745:Middlewares/Third_Party/FreeRTOS/Source/queue.c **** 
 746:Middlewares/Third_Party/FreeRTOS/Source/queue.c **** 	configASSERT( pxQueue );
 747:Middlewares/Third_Party/FreeRTOS/Source/queue.c **** 	configASSERT( !( ( pvItemToQueue == NULL ) && ( pxQueue->uxItemSize != ( UBaseType_t ) 0U ) ) );
 748:Middlewares/Third_Party/FreeRTOS/Source/queue.c **** 	configASSERT( !( ( xCopyPosition == queueOVERWRITE ) && ( pxQueue->uxLength != 1 ) ) );
 749:Middlewares/Third_Party/FreeRTOS/Source/queue.c **** 	#if ( ( INCLUDE_xTaskGetSchedulerState == 1 ) || ( configUSE_TIMERS == 1 ) )
 750:Middlewares/Third_Party/FreeRTOS/Source/queue.c **** 	{
 751:Middlewares/Third_Party/FreeRTOS/Source/queue.c **** 		configASSERT( !( ( xTaskGetSchedulerState() == taskSCHEDULER_SUSPENDED ) && ( xTicksToWait != 0 )
 752:Middlewares/Third_Party/FreeRTOS/Source/queue.c **** 	}
 753:Middlewares/Third_Party/FreeRTOS/Source/queue.c **** 	#endif
 754:Middlewares/Third_Party/FreeRTOS/Source/queue.c **** 
 755:Middlewares/Third_Party/FreeRTOS/Source/queue.c **** 
 756:Middlewares/Third_Party/FreeRTOS/Source/queue.c **** 	/*lint -save -e904 This function relaxes the coding standard somewhat to
 757:Middlewares/Third_Party/FreeRTOS/Source/queue.c **** 	allow return statements within the function itself.  This is done in the
 758:Middlewares/Third_Party/FreeRTOS/Source/queue.c **** 	interest of execution time efficiency. */
 759:Middlewares/Third_Party/FreeRTOS/Source/queue.c **** 	for( ;; )
 760:Middlewares/Third_Party/FreeRTOS/Source/queue.c **** 	{
 761:Middlewares/Third_Party/FreeRTOS/Source/queue.c **** 		taskENTER_CRITICAL();
 762:Middlewares/Third_Party/FreeRTOS/Source/queue.c **** 		{
 763:Middlewares/Third_Party/FreeRTOS/Source/queue.c **** 			/* Is there room on the queue now?  The running task must be the
 764:Middlewares/Third_Party/FreeRTOS/Source/queue.c **** 			highest priority task wanting to access the queue.  If the head item
 765:Middlewares/Third_Party/FreeRTOS/Source/queue.c **** 			in the queue is to be overwritten then it does not matter if the
 766:Middlewares/Third_Party/FreeRTOS/Source/queue.c **** 			queue is full. */
 767:Middlewares/Third_Party/FreeRTOS/Source/queue.c **** 			if( ( pxQueue->uxMessagesWaiting < pxQueue->uxLength ) || ( xCopyPosition == queueOVERWRITE ) )
 768:Middlewares/Third_Party/FreeRTOS/Source/queue.c **** 			{
 769:Middlewares/Third_Party/FreeRTOS/Source/queue.c **** 				traceQUEUE_SEND( pxQueue );
 770:Middlewares/Third_Party/FreeRTOS/Source/queue.c **** 
 771:Middlewares/Third_Party/FreeRTOS/Source/queue.c **** 				#if ( configUSE_QUEUE_SETS == 1 )
 772:Middlewares/Third_Party/FreeRTOS/Source/queue.c **** 				{
 773:Middlewares/Third_Party/FreeRTOS/Source/queue.c **** 				const UBaseType_t uxPreviousMessagesWaiting = pxQueue->uxMessagesWaiting;
ARM GAS  C:\Users\subdia\AppData\Local\Temp\ccc2GLt8.s 			page 15


 774:Middlewares/Third_Party/FreeRTOS/Source/queue.c **** 
 775:Middlewares/Third_Party/FreeRTOS/Source/queue.c **** 					xYieldRequired = prvCopyDataToQueue( pxQueue, pvItemToQueue, xCopyPosition );
 776:Middlewares/Third_Party/FreeRTOS/Source/queue.c **** 
 777:Middlewares/Third_Party/FreeRTOS/Source/queue.c **** 					if( pxQueue->pxQueueSetContainer != NULL )
 778:Middlewares/Third_Party/FreeRTOS/Source/queue.c **** 					{
 779:Middlewares/Third_Party/FreeRTOS/Source/queue.c **** 						if( ( xCopyPosition == queueOVERWRITE ) && ( uxPreviousMessagesWaiting != ( UBaseType_t ) 0 )
 780:Middlewares/Third_Party/FreeRTOS/Source/queue.c **** 						{
 781:Middlewares/Third_Party/FreeRTOS/Source/queue.c **** 							/* Do not notify the queue set as an existing item
 782:Middlewares/Third_Party/FreeRTOS/Source/queue.c **** 							was overwritten in the queue so the number of items
 783:Middlewares/Third_Party/FreeRTOS/Source/queue.c **** 							in the queue has not changed. */
 784:Middlewares/Third_Party/FreeRTOS/Source/queue.c **** 							mtCOVERAGE_TEST_MARKER();
 785:Middlewares/Third_Party/FreeRTOS/Source/queue.c **** 						}
 786:Middlewares/Third_Party/FreeRTOS/Source/queue.c **** 						else if( prvNotifyQueueSetContainer( pxQueue ) != pdFALSE )
 787:Middlewares/Third_Party/FreeRTOS/Source/queue.c **** 						{
 788:Middlewares/Third_Party/FreeRTOS/Source/queue.c **** 							/* The queue is a member of a queue set, and posting
 789:Middlewares/Third_Party/FreeRTOS/Source/queue.c **** 							to the queue set caused a higher priority task to
 790:Middlewares/Third_Party/FreeRTOS/Source/queue.c **** 							unblock. A context switch is required. */
 791:Middlewares/Third_Party/FreeRTOS/Source/queue.c **** 							queueYIELD_IF_USING_PREEMPTION();
 792:Middlewares/Third_Party/FreeRTOS/Source/queue.c **** 						}
 793:Middlewares/Third_Party/FreeRTOS/Source/queue.c **** 						else
 794:Middlewares/Third_Party/FreeRTOS/Source/queue.c **** 						{
 795:Middlewares/Third_Party/FreeRTOS/Source/queue.c **** 							mtCOVERAGE_TEST_MARKER();
 796:Middlewares/Third_Party/FreeRTOS/Source/queue.c **** 						}
 797:Middlewares/Third_Party/FreeRTOS/Source/queue.c **** 					}
 798:Middlewares/Third_Party/FreeRTOS/Source/queue.c **** 					else
 799:Middlewares/Third_Party/FreeRTOS/Source/queue.c **** 					{
 800:Middlewares/Third_Party/FreeRTOS/Source/queue.c **** 						/* If there was a task waiting for data to arrive on the
 801:Middlewares/Third_Party/FreeRTOS/Source/queue.c **** 						queue then unblock it now. */
 802:Middlewares/Third_Party/FreeRTOS/Source/queue.c **** 						if( listLIST_IS_EMPTY( &( pxQueue->xTasksWaitingToReceive ) ) == pdFALSE )
 803:Middlewares/Third_Party/FreeRTOS/Source/queue.c **** 						{
 804:Middlewares/Third_Party/FreeRTOS/Source/queue.c **** 							if( xTaskRemoveFromEventList( &( pxQueue->xTasksWaitingToReceive ) ) != pdFALSE )
 805:Middlewares/Third_Party/FreeRTOS/Source/queue.c **** 							{
 806:Middlewares/Third_Party/FreeRTOS/Source/queue.c **** 								/* The unblocked task has a priority higher than
 807:Middlewares/Third_Party/FreeRTOS/Source/queue.c **** 								our own so yield immediately.  Yes it is ok to
 808:Middlewares/Third_Party/FreeRTOS/Source/queue.c **** 								do this from within the critical section - the
 809:Middlewares/Third_Party/FreeRTOS/Source/queue.c **** 								kernel takes care of that. */
 810:Middlewares/Third_Party/FreeRTOS/Source/queue.c **** 								queueYIELD_IF_USING_PREEMPTION();
 811:Middlewares/Third_Party/FreeRTOS/Source/queue.c **** 							}
 812:Middlewares/Third_Party/FreeRTOS/Source/queue.c **** 							else
 813:Middlewares/Third_Party/FreeRTOS/Source/queue.c **** 							{
 814:Middlewares/Third_Party/FreeRTOS/Source/queue.c **** 								mtCOVERAGE_TEST_MARKER();
 815:Middlewares/Third_Party/FreeRTOS/Source/queue.c **** 							}
 816:Middlewares/Third_Party/FreeRTOS/Source/queue.c **** 						}
 817:Middlewares/Third_Party/FreeRTOS/Source/queue.c **** 						else if( xYieldRequired != pdFALSE )
 818:Middlewares/Third_Party/FreeRTOS/Source/queue.c **** 						{
 819:Middlewares/Third_Party/FreeRTOS/Source/queue.c **** 							/* This path is a special case that will only get
 820:Middlewares/Third_Party/FreeRTOS/Source/queue.c **** 							executed if the task was holding multiple mutexes
 821:Middlewares/Third_Party/FreeRTOS/Source/queue.c **** 							and the mutexes were given back in an order that is
 822:Middlewares/Third_Party/FreeRTOS/Source/queue.c **** 							different to that in which they were taken. */
 823:Middlewares/Third_Party/FreeRTOS/Source/queue.c **** 							queueYIELD_IF_USING_PREEMPTION();
 824:Middlewares/Third_Party/FreeRTOS/Source/queue.c **** 						}
 825:Middlewares/Third_Party/FreeRTOS/Source/queue.c **** 						else
 826:Middlewares/Third_Party/FreeRTOS/Source/queue.c **** 						{
 827:Middlewares/Third_Party/FreeRTOS/Source/queue.c **** 							mtCOVERAGE_TEST_MARKER();
 828:Middlewares/Third_Party/FreeRTOS/Source/queue.c **** 						}
 829:Middlewares/Third_Party/FreeRTOS/Source/queue.c **** 					}
 830:Middlewares/Third_Party/FreeRTOS/Source/queue.c **** 				}
ARM GAS  C:\Users\subdia\AppData\Local\Temp\ccc2GLt8.s 			page 16


 831:Middlewares/Third_Party/FreeRTOS/Source/queue.c **** 				#else /* configUSE_QUEUE_SETS */
 832:Middlewares/Third_Party/FreeRTOS/Source/queue.c **** 				{
 833:Middlewares/Third_Party/FreeRTOS/Source/queue.c **** 					xYieldRequired = prvCopyDataToQueue( pxQueue, pvItemToQueue, xCopyPosition );
 834:Middlewares/Third_Party/FreeRTOS/Source/queue.c **** 
 835:Middlewares/Third_Party/FreeRTOS/Source/queue.c **** 					/* If there was a task waiting for data to arrive on the
 836:Middlewares/Third_Party/FreeRTOS/Source/queue.c **** 					queue then unblock it now. */
 837:Middlewares/Third_Party/FreeRTOS/Source/queue.c **** 					if( listLIST_IS_EMPTY( &( pxQueue->xTasksWaitingToReceive ) ) == pdFALSE )
 838:Middlewares/Third_Party/FreeRTOS/Source/queue.c **** 					{
 839:Middlewares/Third_Party/FreeRTOS/Source/queue.c **** 						if( xTaskRemoveFromEventList( &( pxQueue->xTasksWaitingToReceive ) ) != pdFALSE )
 840:Middlewares/Third_Party/FreeRTOS/Source/queue.c **** 						{
 841:Middlewares/Third_Party/FreeRTOS/Source/queue.c **** 							/* The unblocked task has a priority higher than
 842:Middlewares/Third_Party/FreeRTOS/Source/queue.c **** 							our own so yield immediately.  Yes it is ok to do
 843:Middlewares/Third_Party/FreeRTOS/Source/queue.c **** 							this from within the critical section - the kernel
 844:Middlewares/Third_Party/FreeRTOS/Source/queue.c **** 							takes care of that. */
 845:Middlewares/Third_Party/FreeRTOS/Source/queue.c **** 							queueYIELD_IF_USING_PREEMPTION();
 846:Middlewares/Third_Party/FreeRTOS/Source/queue.c **** 						}
 847:Middlewares/Third_Party/FreeRTOS/Source/queue.c **** 						else
 848:Middlewares/Third_Party/FreeRTOS/Source/queue.c **** 						{
 849:Middlewares/Third_Party/FreeRTOS/Source/queue.c **** 							mtCOVERAGE_TEST_MARKER();
 850:Middlewares/Third_Party/FreeRTOS/Source/queue.c **** 						}
 851:Middlewares/Third_Party/FreeRTOS/Source/queue.c **** 					}
 852:Middlewares/Third_Party/FreeRTOS/Source/queue.c **** 					else if( xYieldRequired != pdFALSE )
 853:Middlewares/Third_Party/FreeRTOS/Source/queue.c **** 					{
 854:Middlewares/Third_Party/FreeRTOS/Source/queue.c **** 						/* This path is a special case that will only get
 855:Middlewares/Third_Party/FreeRTOS/Source/queue.c **** 						executed if the task was holding multiple mutexes and
 856:Middlewares/Third_Party/FreeRTOS/Source/queue.c **** 						the mutexes were given back in an order that is
 857:Middlewares/Third_Party/FreeRTOS/Source/queue.c **** 						different to that in which they were taken. */
 858:Middlewares/Third_Party/FreeRTOS/Source/queue.c **** 						queueYIELD_IF_USING_PREEMPTION();
 859:Middlewares/Third_Party/FreeRTOS/Source/queue.c **** 					}
 860:Middlewares/Third_Party/FreeRTOS/Source/queue.c **** 					else
 861:Middlewares/Third_Party/FreeRTOS/Source/queue.c **** 					{
 862:Middlewares/Third_Party/FreeRTOS/Source/queue.c **** 						mtCOVERAGE_TEST_MARKER();
 863:Middlewares/Third_Party/FreeRTOS/Source/queue.c **** 					}
 864:Middlewares/Third_Party/FreeRTOS/Source/queue.c **** 				}
 865:Middlewares/Third_Party/FreeRTOS/Source/queue.c **** 				#endif /* configUSE_QUEUE_SETS */
 866:Middlewares/Third_Party/FreeRTOS/Source/queue.c **** 
 867:Middlewares/Third_Party/FreeRTOS/Source/queue.c **** 				taskEXIT_CRITICAL();
 868:Middlewares/Third_Party/FreeRTOS/Source/queue.c **** 				return pdPASS;
 869:Middlewares/Third_Party/FreeRTOS/Source/queue.c **** 			}
 870:Middlewares/Third_Party/FreeRTOS/Source/queue.c **** 			else
 871:Middlewares/Third_Party/FreeRTOS/Source/queue.c **** 			{
 872:Middlewares/Third_Party/FreeRTOS/Source/queue.c **** 				if( xTicksToWait == ( TickType_t ) 0 )
 873:Middlewares/Third_Party/FreeRTOS/Source/queue.c **** 				{
 874:Middlewares/Third_Party/FreeRTOS/Source/queue.c **** 					/* The queue was full and no block time is specified (or
 875:Middlewares/Third_Party/FreeRTOS/Source/queue.c **** 					the block time has expired) so leave now. */
 876:Middlewares/Third_Party/FreeRTOS/Source/queue.c **** 					taskEXIT_CRITICAL();
 877:Middlewares/Third_Party/FreeRTOS/Source/queue.c **** 
 878:Middlewares/Third_Party/FreeRTOS/Source/queue.c **** 					/* Return to the original privilege level before exiting
 879:Middlewares/Third_Party/FreeRTOS/Source/queue.c **** 					the function. */
 880:Middlewares/Third_Party/FreeRTOS/Source/queue.c **** 					traceQUEUE_SEND_FAILED( pxQueue );
 881:Middlewares/Third_Party/FreeRTOS/Source/queue.c **** 					return errQUEUE_FULL;
 882:Middlewares/Third_Party/FreeRTOS/Source/queue.c **** 				}
 883:Middlewares/Third_Party/FreeRTOS/Source/queue.c **** 				else if( xEntryTimeSet == pdFALSE )
 884:Middlewares/Third_Party/FreeRTOS/Source/queue.c **** 				{
 885:Middlewares/Third_Party/FreeRTOS/Source/queue.c **** 					/* The queue was full and a block time was specified so
 886:Middlewares/Third_Party/FreeRTOS/Source/queue.c **** 					configure the timeout structure. */
 887:Middlewares/Third_Party/FreeRTOS/Source/queue.c **** 					vTaskInternalSetTimeOutState( &xTimeOut );
ARM GAS  C:\Users\subdia\AppData\Local\Temp\ccc2GLt8.s 			page 17


 888:Middlewares/Third_Party/FreeRTOS/Source/queue.c **** 					xEntryTimeSet = pdTRUE;
 889:Middlewares/Third_Party/FreeRTOS/Source/queue.c **** 				}
 890:Middlewares/Third_Party/FreeRTOS/Source/queue.c **** 				else
 891:Middlewares/Third_Party/FreeRTOS/Source/queue.c **** 				{
 892:Middlewares/Third_Party/FreeRTOS/Source/queue.c **** 					/* Entry time was already set. */
 893:Middlewares/Third_Party/FreeRTOS/Source/queue.c **** 					mtCOVERAGE_TEST_MARKER();
 894:Middlewares/Third_Party/FreeRTOS/Source/queue.c **** 				}
 895:Middlewares/Third_Party/FreeRTOS/Source/queue.c **** 			}
 896:Middlewares/Third_Party/FreeRTOS/Source/queue.c **** 		}
 897:Middlewares/Third_Party/FreeRTOS/Source/queue.c **** 		taskEXIT_CRITICAL();
 898:Middlewares/Third_Party/FreeRTOS/Source/queue.c **** 
 899:Middlewares/Third_Party/FreeRTOS/Source/queue.c **** 		/* Interrupts and other tasks can send to and receive from the queue
 900:Middlewares/Third_Party/FreeRTOS/Source/queue.c **** 		now the critical section has been exited. */
 901:Middlewares/Third_Party/FreeRTOS/Source/queue.c **** 
 902:Middlewares/Third_Party/FreeRTOS/Source/queue.c **** 		vTaskSuspendAll();
 903:Middlewares/Third_Party/FreeRTOS/Source/queue.c **** 		prvLockQueue( pxQueue );
 904:Middlewares/Third_Party/FreeRTOS/Source/queue.c **** 
 905:Middlewares/Third_Party/FreeRTOS/Source/queue.c **** 		/* Update the timeout state to see if it has expired yet. */
 906:Middlewares/Third_Party/FreeRTOS/Source/queue.c **** 		if( xTaskCheckForTimeOut( &xTimeOut, &xTicksToWait ) == pdFALSE )
 907:Middlewares/Third_Party/FreeRTOS/Source/queue.c **** 		{
 908:Middlewares/Third_Party/FreeRTOS/Source/queue.c **** 			if( prvIsQueueFull( pxQueue ) != pdFALSE )
 909:Middlewares/Third_Party/FreeRTOS/Source/queue.c **** 			{
 910:Middlewares/Third_Party/FreeRTOS/Source/queue.c **** 				traceBLOCKING_ON_QUEUE_SEND( pxQueue );
 911:Middlewares/Third_Party/FreeRTOS/Source/queue.c **** 				vTaskPlaceOnEventList( &( pxQueue->xTasksWaitingToSend ), xTicksToWait );
 912:Middlewares/Third_Party/FreeRTOS/Source/queue.c **** 
 913:Middlewares/Third_Party/FreeRTOS/Source/queue.c **** 				/* Unlocking the queue means queue events can effect the
 914:Middlewares/Third_Party/FreeRTOS/Source/queue.c **** 				event list.  It is possible that interrupts occurring now
 915:Middlewares/Third_Party/FreeRTOS/Source/queue.c **** 				remove this task from the event list again - but as the
 916:Middlewares/Third_Party/FreeRTOS/Source/queue.c **** 				scheduler is suspended the task will go onto the pending
 917:Middlewares/Third_Party/FreeRTOS/Source/queue.c **** 				ready last instead of the actual ready list. */
 918:Middlewares/Third_Party/FreeRTOS/Source/queue.c **** 				prvUnlockQueue( pxQueue );
 919:Middlewares/Third_Party/FreeRTOS/Source/queue.c **** 
 920:Middlewares/Third_Party/FreeRTOS/Source/queue.c **** 				/* Resuming the scheduler will move tasks from the pending
 921:Middlewares/Third_Party/FreeRTOS/Source/queue.c **** 				ready list into the ready list - so it is feasible that this
 922:Middlewares/Third_Party/FreeRTOS/Source/queue.c **** 				task is already in a ready list before it yields - in which
 923:Middlewares/Third_Party/FreeRTOS/Source/queue.c **** 				case the yield will not cause a context switch unless there
 924:Middlewares/Third_Party/FreeRTOS/Source/queue.c **** 				is also a higher priority task in the pending ready list. */
 925:Middlewares/Third_Party/FreeRTOS/Source/queue.c **** 				if( xTaskResumeAll() == pdFALSE )
 926:Middlewares/Third_Party/FreeRTOS/Source/queue.c **** 				{
 927:Middlewares/Third_Party/FreeRTOS/Source/queue.c **** 					portYIELD_WITHIN_API();
 928:Middlewares/Third_Party/FreeRTOS/Source/queue.c **** 				}
 929:Middlewares/Third_Party/FreeRTOS/Source/queue.c **** 			}
 930:Middlewares/Third_Party/FreeRTOS/Source/queue.c **** 			else
 931:Middlewares/Third_Party/FreeRTOS/Source/queue.c **** 			{
 932:Middlewares/Third_Party/FreeRTOS/Source/queue.c **** 				/* Try again. */
 933:Middlewares/Third_Party/FreeRTOS/Source/queue.c **** 				prvUnlockQueue( pxQueue );
 934:Middlewares/Third_Party/FreeRTOS/Source/queue.c **** 				( void ) xTaskResumeAll();
 935:Middlewares/Third_Party/FreeRTOS/Source/queue.c **** 			}
 936:Middlewares/Third_Party/FreeRTOS/Source/queue.c **** 		}
 937:Middlewares/Third_Party/FreeRTOS/Source/queue.c **** 		else
 938:Middlewares/Third_Party/FreeRTOS/Source/queue.c **** 		{
 939:Middlewares/Third_Party/FreeRTOS/Source/queue.c **** 			/* The timeout has expired. */
 940:Middlewares/Third_Party/FreeRTOS/Source/queue.c **** 			prvUnlockQueue( pxQueue );
 941:Middlewares/Third_Party/FreeRTOS/Source/queue.c **** 			( void ) xTaskResumeAll();
 942:Middlewares/Third_Party/FreeRTOS/Source/queue.c **** 
 943:Middlewares/Third_Party/FreeRTOS/Source/queue.c **** 			traceQUEUE_SEND_FAILED( pxQueue );
 944:Middlewares/Third_Party/FreeRTOS/Source/queue.c **** 			return errQUEUE_FULL;
ARM GAS  C:\Users\subdia\AppData\Local\Temp\ccc2GLt8.s 			page 18


 945:Middlewares/Third_Party/FreeRTOS/Source/queue.c **** 		}
 946:Middlewares/Third_Party/FreeRTOS/Source/queue.c **** 	} /*lint -restore */
 947:Middlewares/Third_Party/FreeRTOS/Source/queue.c **** }
 948:Middlewares/Third_Party/FreeRTOS/Source/queue.c **** /*-----------------------------------------------------------*/
 949:Middlewares/Third_Party/FreeRTOS/Source/queue.c **** 
 950:Middlewares/Third_Party/FreeRTOS/Source/queue.c **** BaseType_t xQueueGenericSendFromISR( QueueHandle_t xQueue, const void * const pvItemToQueue, BaseTy
 951:Middlewares/Third_Party/FreeRTOS/Source/queue.c **** {
 952:Middlewares/Third_Party/FreeRTOS/Source/queue.c **** BaseType_t xReturn;
 953:Middlewares/Third_Party/FreeRTOS/Source/queue.c **** UBaseType_t uxSavedInterruptStatus;
 954:Middlewares/Third_Party/FreeRTOS/Source/queue.c **** Queue_t * const pxQueue = xQueue;
 955:Middlewares/Third_Party/FreeRTOS/Source/queue.c **** 
 956:Middlewares/Third_Party/FreeRTOS/Source/queue.c **** 	configASSERT( pxQueue );
 957:Middlewares/Third_Party/FreeRTOS/Source/queue.c **** 	configASSERT( !( ( pvItemToQueue == NULL ) && ( pxQueue->uxItemSize != ( UBaseType_t ) 0U ) ) );
 958:Middlewares/Third_Party/FreeRTOS/Source/queue.c **** 	configASSERT( !( ( xCopyPosition == queueOVERWRITE ) && ( pxQueue->uxLength != 1 ) ) );
 959:Middlewares/Third_Party/FreeRTOS/Source/queue.c **** 
 960:Middlewares/Third_Party/FreeRTOS/Source/queue.c **** 	/* RTOS ports that support interrupt nesting have the concept of a maximum
 961:Middlewares/Third_Party/FreeRTOS/Source/queue.c **** 	system call (or maximum API call) interrupt priority.  Interrupts that are
 962:Middlewares/Third_Party/FreeRTOS/Source/queue.c **** 	above the maximum system call priority are kept permanently enabled, even
 963:Middlewares/Third_Party/FreeRTOS/Source/queue.c **** 	when the RTOS kernel is in a critical section, but cannot make any calls to
 964:Middlewares/Third_Party/FreeRTOS/Source/queue.c **** 	FreeRTOS API functions.  If configASSERT() is defined in FreeRTOSConfig.h
 965:Middlewares/Third_Party/FreeRTOS/Source/queue.c **** 	then portASSERT_IF_INTERRUPT_PRIORITY_INVALID() will result in an assertion
 966:Middlewares/Third_Party/FreeRTOS/Source/queue.c **** 	failure if a FreeRTOS API function is called from an interrupt that has been
 967:Middlewares/Third_Party/FreeRTOS/Source/queue.c **** 	assigned a priority above the configured maximum system call priority.
 968:Middlewares/Third_Party/FreeRTOS/Source/queue.c **** 	Only FreeRTOS functions that end in FromISR can be called from interrupts
 969:Middlewares/Third_Party/FreeRTOS/Source/queue.c **** 	that have been assigned a priority at or (logically) below the maximum
 970:Middlewares/Third_Party/FreeRTOS/Source/queue.c **** 	system call	interrupt priority.  FreeRTOS maintains a separate interrupt
 971:Middlewares/Third_Party/FreeRTOS/Source/queue.c **** 	safe API to ensure interrupt entry is as fast and as simple as possible.
 972:Middlewares/Third_Party/FreeRTOS/Source/queue.c **** 	More information (albeit Cortex-M specific) is provided on the following
 973:Middlewares/Third_Party/FreeRTOS/Source/queue.c **** 	link: http://www.freertos.org/RTOS-Cortex-M3-M4.html */
 974:Middlewares/Third_Party/FreeRTOS/Source/queue.c **** 	portASSERT_IF_INTERRUPT_PRIORITY_INVALID();
 975:Middlewares/Third_Party/FreeRTOS/Source/queue.c **** 
 976:Middlewares/Third_Party/FreeRTOS/Source/queue.c **** 	/* Similar to xQueueGenericSend, except without blocking if there is no room
 977:Middlewares/Third_Party/FreeRTOS/Source/queue.c **** 	in the queue.  Also don't directly wake a task that was blocked on a queue
 978:Middlewares/Third_Party/FreeRTOS/Source/queue.c **** 	read, instead return a flag to say whether a context switch is required or
 979:Middlewares/Third_Party/FreeRTOS/Source/queue.c **** 	not (i.e. has a task with a higher priority than us been woken by this
 980:Middlewares/Third_Party/FreeRTOS/Source/queue.c **** 	post). */
 981:Middlewares/Third_Party/FreeRTOS/Source/queue.c **** 	uxSavedInterruptStatus = portSET_INTERRUPT_MASK_FROM_ISR();
 982:Middlewares/Third_Party/FreeRTOS/Source/queue.c **** 	{
 983:Middlewares/Third_Party/FreeRTOS/Source/queue.c **** 		if( ( pxQueue->uxMessagesWaiting < pxQueue->uxLength ) || ( xCopyPosition == queueOVERWRITE ) )
 984:Middlewares/Third_Party/FreeRTOS/Source/queue.c **** 		{
 985:Middlewares/Third_Party/FreeRTOS/Source/queue.c **** 			const int8_t cTxLock = pxQueue->cTxLock;
 986:Middlewares/Third_Party/FreeRTOS/Source/queue.c **** 			const UBaseType_t uxPreviousMessagesWaiting = pxQueue->uxMessagesWaiting;
 987:Middlewares/Third_Party/FreeRTOS/Source/queue.c **** 
 988:Middlewares/Third_Party/FreeRTOS/Source/queue.c **** 			traceQUEUE_SEND_FROM_ISR( pxQueue );
 989:Middlewares/Third_Party/FreeRTOS/Source/queue.c **** 
 990:Middlewares/Third_Party/FreeRTOS/Source/queue.c **** 			/* Semaphores use xQueueGiveFromISR(), so pxQueue will not be a
 991:Middlewares/Third_Party/FreeRTOS/Source/queue.c **** 			semaphore or mutex.  That means prvCopyDataToQueue() cannot result
 992:Middlewares/Third_Party/FreeRTOS/Source/queue.c **** 			in a task disinheriting a priority and prvCopyDataToQueue() can be
 993:Middlewares/Third_Party/FreeRTOS/Source/queue.c **** 			called here even though the disinherit function does not check if
 994:Middlewares/Third_Party/FreeRTOS/Source/queue.c **** 			the scheduler is suspended before accessing the ready lists. */
 995:Middlewares/Third_Party/FreeRTOS/Source/queue.c **** 			( void ) prvCopyDataToQueue( pxQueue, pvItemToQueue, xCopyPosition );
 996:Middlewares/Third_Party/FreeRTOS/Source/queue.c **** 
 997:Middlewares/Third_Party/FreeRTOS/Source/queue.c **** 			/* The event list is not altered if the queue is locked.  This will
 998:Middlewares/Third_Party/FreeRTOS/Source/queue.c **** 			be done when the queue is unlocked later. */
 999:Middlewares/Third_Party/FreeRTOS/Source/queue.c **** 			if( cTxLock == queueUNLOCKED )
1000:Middlewares/Third_Party/FreeRTOS/Source/queue.c **** 			{
1001:Middlewares/Third_Party/FreeRTOS/Source/queue.c **** 				#if ( configUSE_QUEUE_SETS == 1 )
ARM GAS  C:\Users\subdia\AppData\Local\Temp\ccc2GLt8.s 			page 19


1002:Middlewares/Third_Party/FreeRTOS/Source/queue.c **** 				{
1003:Middlewares/Third_Party/FreeRTOS/Source/queue.c **** 					if( pxQueue->pxQueueSetContainer != NULL )
1004:Middlewares/Third_Party/FreeRTOS/Source/queue.c **** 					{
1005:Middlewares/Third_Party/FreeRTOS/Source/queue.c **** 						if( ( xCopyPosition == queueOVERWRITE ) && ( uxPreviousMessagesWaiting != ( UBaseType_t ) 0 )
1006:Middlewares/Third_Party/FreeRTOS/Source/queue.c **** 						{
1007:Middlewares/Third_Party/FreeRTOS/Source/queue.c **** 							/* Do not notify the queue set as an existing item
1008:Middlewares/Third_Party/FreeRTOS/Source/queue.c **** 							was overwritten in the queue so the number of items
1009:Middlewares/Third_Party/FreeRTOS/Source/queue.c **** 							in the queue has not changed. */
1010:Middlewares/Third_Party/FreeRTOS/Source/queue.c **** 							mtCOVERAGE_TEST_MARKER();
1011:Middlewares/Third_Party/FreeRTOS/Source/queue.c **** 						}
1012:Middlewares/Third_Party/FreeRTOS/Source/queue.c **** 						else if( prvNotifyQueueSetContainer( pxQueue ) != pdFALSE )
1013:Middlewares/Third_Party/FreeRTOS/Source/queue.c **** 						{
1014:Middlewares/Third_Party/FreeRTOS/Source/queue.c **** 							/* The queue is a member of a queue set, and posting
1015:Middlewares/Third_Party/FreeRTOS/Source/queue.c **** 							to the queue set caused a higher priority task to
1016:Middlewares/Third_Party/FreeRTOS/Source/queue.c **** 							unblock.  A context switch is required. */
1017:Middlewares/Third_Party/FreeRTOS/Source/queue.c **** 							if( pxHigherPriorityTaskWoken != NULL )
1018:Middlewares/Third_Party/FreeRTOS/Source/queue.c **** 							{
1019:Middlewares/Third_Party/FreeRTOS/Source/queue.c **** 								*pxHigherPriorityTaskWoken = pdTRUE;
1020:Middlewares/Third_Party/FreeRTOS/Source/queue.c **** 							}
1021:Middlewares/Third_Party/FreeRTOS/Source/queue.c **** 							else
1022:Middlewares/Third_Party/FreeRTOS/Source/queue.c **** 							{
1023:Middlewares/Third_Party/FreeRTOS/Source/queue.c **** 								mtCOVERAGE_TEST_MARKER();
1024:Middlewares/Third_Party/FreeRTOS/Source/queue.c **** 							}
1025:Middlewares/Third_Party/FreeRTOS/Source/queue.c **** 						}
1026:Middlewares/Third_Party/FreeRTOS/Source/queue.c **** 						else
1027:Middlewares/Third_Party/FreeRTOS/Source/queue.c **** 						{
1028:Middlewares/Third_Party/FreeRTOS/Source/queue.c **** 							mtCOVERAGE_TEST_MARKER();
1029:Middlewares/Third_Party/FreeRTOS/Source/queue.c **** 						}
1030:Middlewares/Third_Party/FreeRTOS/Source/queue.c **** 					}
1031:Middlewares/Third_Party/FreeRTOS/Source/queue.c **** 					else
1032:Middlewares/Third_Party/FreeRTOS/Source/queue.c **** 					{
1033:Middlewares/Third_Party/FreeRTOS/Source/queue.c **** 						if( listLIST_IS_EMPTY( &( pxQueue->xTasksWaitingToReceive ) ) == pdFALSE )
1034:Middlewares/Third_Party/FreeRTOS/Source/queue.c **** 						{
1035:Middlewares/Third_Party/FreeRTOS/Source/queue.c **** 							if( xTaskRemoveFromEventList( &( pxQueue->xTasksWaitingToReceive ) ) != pdFALSE )
1036:Middlewares/Third_Party/FreeRTOS/Source/queue.c **** 							{
1037:Middlewares/Third_Party/FreeRTOS/Source/queue.c **** 								/* The task waiting has a higher priority so
1038:Middlewares/Third_Party/FreeRTOS/Source/queue.c **** 								record that a context switch is required. */
1039:Middlewares/Third_Party/FreeRTOS/Source/queue.c **** 								if( pxHigherPriorityTaskWoken != NULL )
1040:Middlewares/Third_Party/FreeRTOS/Source/queue.c **** 								{
1041:Middlewares/Third_Party/FreeRTOS/Source/queue.c **** 									*pxHigherPriorityTaskWoken = pdTRUE;
1042:Middlewares/Third_Party/FreeRTOS/Source/queue.c **** 								}
1043:Middlewares/Third_Party/FreeRTOS/Source/queue.c **** 								else
1044:Middlewares/Third_Party/FreeRTOS/Source/queue.c **** 								{
1045:Middlewares/Third_Party/FreeRTOS/Source/queue.c **** 									mtCOVERAGE_TEST_MARKER();
1046:Middlewares/Third_Party/FreeRTOS/Source/queue.c **** 								}
1047:Middlewares/Third_Party/FreeRTOS/Source/queue.c **** 							}
1048:Middlewares/Third_Party/FreeRTOS/Source/queue.c **** 							else
1049:Middlewares/Third_Party/FreeRTOS/Source/queue.c **** 							{
1050:Middlewares/Third_Party/FreeRTOS/Source/queue.c **** 								mtCOVERAGE_TEST_MARKER();
1051:Middlewares/Third_Party/FreeRTOS/Source/queue.c **** 							}
1052:Middlewares/Third_Party/FreeRTOS/Source/queue.c **** 						}
1053:Middlewares/Third_Party/FreeRTOS/Source/queue.c **** 						else
1054:Middlewares/Third_Party/FreeRTOS/Source/queue.c **** 						{
1055:Middlewares/Third_Party/FreeRTOS/Source/queue.c **** 							mtCOVERAGE_TEST_MARKER();
1056:Middlewares/Third_Party/FreeRTOS/Source/queue.c **** 						}
1057:Middlewares/Third_Party/FreeRTOS/Source/queue.c **** 					}
1058:Middlewares/Third_Party/FreeRTOS/Source/queue.c **** 				}
ARM GAS  C:\Users\subdia\AppData\Local\Temp\ccc2GLt8.s 			page 20


1059:Middlewares/Third_Party/FreeRTOS/Source/queue.c **** 				#else /* configUSE_QUEUE_SETS */
1060:Middlewares/Third_Party/FreeRTOS/Source/queue.c **** 				{
1061:Middlewares/Third_Party/FreeRTOS/Source/queue.c **** 					if( listLIST_IS_EMPTY( &( pxQueue->xTasksWaitingToReceive ) ) == pdFALSE )
1062:Middlewares/Third_Party/FreeRTOS/Source/queue.c **** 					{
1063:Middlewares/Third_Party/FreeRTOS/Source/queue.c **** 						if( xTaskRemoveFromEventList( &( pxQueue->xTasksWaitingToReceive ) ) != pdFALSE )
1064:Middlewares/Third_Party/FreeRTOS/Source/queue.c **** 						{
1065:Middlewares/Third_Party/FreeRTOS/Source/queue.c **** 							/* The task waiting has a higher priority so record that a
1066:Middlewares/Third_Party/FreeRTOS/Source/queue.c **** 							context	switch is required. */
1067:Middlewares/Third_Party/FreeRTOS/Source/queue.c **** 							if( pxHigherPriorityTaskWoken != NULL )
1068:Middlewares/Third_Party/FreeRTOS/Source/queue.c **** 							{
1069:Middlewares/Third_Party/FreeRTOS/Source/queue.c **** 								*pxHigherPriorityTaskWoken = pdTRUE;
1070:Middlewares/Third_Party/FreeRTOS/Source/queue.c **** 							}
1071:Middlewares/Third_Party/FreeRTOS/Source/queue.c **** 							else
1072:Middlewares/Third_Party/FreeRTOS/Source/queue.c **** 							{
1073:Middlewares/Third_Party/FreeRTOS/Source/queue.c **** 								mtCOVERAGE_TEST_MARKER();
1074:Middlewares/Third_Party/FreeRTOS/Source/queue.c **** 							}
1075:Middlewares/Third_Party/FreeRTOS/Source/queue.c **** 						}
1076:Middlewares/Third_Party/FreeRTOS/Source/queue.c **** 						else
1077:Middlewares/Third_Party/FreeRTOS/Source/queue.c **** 						{
1078:Middlewares/Third_Party/FreeRTOS/Source/queue.c **** 							mtCOVERAGE_TEST_MARKER();
1079:Middlewares/Third_Party/FreeRTOS/Source/queue.c **** 						}
1080:Middlewares/Third_Party/FreeRTOS/Source/queue.c **** 					}
1081:Middlewares/Third_Party/FreeRTOS/Source/queue.c **** 					else
1082:Middlewares/Third_Party/FreeRTOS/Source/queue.c **** 					{
1083:Middlewares/Third_Party/FreeRTOS/Source/queue.c **** 						mtCOVERAGE_TEST_MARKER();
1084:Middlewares/Third_Party/FreeRTOS/Source/queue.c **** 					}
1085:Middlewares/Third_Party/FreeRTOS/Source/queue.c **** 					
1086:Middlewares/Third_Party/FreeRTOS/Source/queue.c **** 					/* Not used in this path. */
1087:Middlewares/Third_Party/FreeRTOS/Source/queue.c **** 					( void ) uxPreviousMessagesWaiting;
1088:Middlewares/Third_Party/FreeRTOS/Source/queue.c **** 				}
1089:Middlewares/Third_Party/FreeRTOS/Source/queue.c **** 				#endif /* configUSE_QUEUE_SETS */
1090:Middlewares/Third_Party/FreeRTOS/Source/queue.c **** 			}
1091:Middlewares/Third_Party/FreeRTOS/Source/queue.c **** 			else
1092:Middlewares/Third_Party/FreeRTOS/Source/queue.c **** 			{
1093:Middlewares/Third_Party/FreeRTOS/Source/queue.c **** 				/* Increment the lock count so the task that unlocks the queue
1094:Middlewares/Third_Party/FreeRTOS/Source/queue.c **** 				knows that data was posted while it was locked. */
1095:Middlewares/Third_Party/FreeRTOS/Source/queue.c **** 				pxQueue->cTxLock = ( int8_t ) ( cTxLock + 1 );
1096:Middlewares/Third_Party/FreeRTOS/Source/queue.c **** 			}
1097:Middlewares/Third_Party/FreeRTOS/Source/queue.c **** 
1098:Middlewares/Third_Party/FreeRTOS/Source/queue.c **** 			xReturn = pdPASS;
1099:Middlewares/Third_Party/FreeRTOS/Source/queue.c **** 		}
1100:Middlewares/Third_Party/FreeRTOS/Source/queue.c **** 		else
1101:Middlewares/Third_Party/FreeRTOS/Source/queue.c **** 		{
1102:Middlewares/Third_Party/FreeRTOS/Source/queue.c **** 			traceQUEUE_SEND_FROM_ISR_FAILED( pxQueue );
1103:Middlewares/Third_Party/FreeRTOS/Source/queue.c **** 			xReturn = errQUEUE_FULL;
1104:Middlewares/Third_Party/FreeRTOS/Source/queue.c **** 		}
1105:Middlewares/Third_Party/FreeRTOS/Source/queue.c **** 	}
1106:Middlewares/Third_Party/FreeRTOS/Source/queue.c **** 	portCLEAR_INTERRUPT_MASK_FROM_ISR( uxSavedInterruptStatus );
1107:Middlewares/Third_Party/FreeRTOS/Source/queue.c **** 
1108:Middlewares/Third_Party/FreeRTOS/Source/queue.c **** 	return xReturn;
1109:Middlewares/Third_Party/FreeRTOS/Source/queue.c **** }
1110:Middlewares/Third_Party/FreeRTOS/Source/queue.c **** /*-----------------------------------------------------------*/
1111:Middlewares/Third_Party/FreeRTOS/Source/queue.c **** 
1112:Middlewares/Third_Party/FreeRTOS/Source/queue.c **** BaseType_t xQueueGiveFromISR( QueueHandle_t xQueue, BaseType_t * const pxHigherPriorityTaskWoken )
1113:Middlewares/Third_Party/FreeRTOS/Source/queue.c **** {
1114:Middlewares/Third_Party/FreeRTOS/Source/queue.c **** BaseType_t xReturn;
1115:Middlewares/Third_Party/FreeRTOS/Source/queue.c **** UBaseType_t uxSavedInterruptStatus;
ARM GAS  C:\Users\subdia\AppData\Local\Temp\ccc2GLt8.s 			page 21


1116:Middlewares/Third_Party/FreeRTOS/Source/queue.c **** Queue_t * const pxQueue = xQueue;
1117:Middlewares/Third_Party/FreeRTOS/Source/queue.c **** 
1118:Middlewares/Third_Party/FreeRTOS/Source/queue.c **** 	/* Similar to xQueueGenericSendFromISR() but used with semaphores where the
1119:Middlewares/Third_Party/FreeRTOS/Source/queue.c **** 	item size is 0.  Don't directly wake a task that was blocked on a queue
1120:Middlewares/Third_Party/FreeRTOS/Source/queue.c **** 	read, instead return a flag to say whether a context switch is required or
1121:Middlewares/Third_Party/FreeRTOS/Source/queue.c **** 	not (i.e. has a task with a higher priority than us been woken by this
1122:Middlewares/Third_Party/FreeRTOS/Source/queue.c **** 	post). */
1123:Middlewares/Third_Party/FreeRTOS/Source/queue.c **** 
1124:Middlewares/Third_Party/FreeRTOS/Source/queue.c **** 	configASSERT( pxQueue );
1125:Middlewares/Third_Party/FreeRTOS/Source/queue.c **** 
1126:Middlewares/Third_Party/FreeRTOS/Source/queue.c **** 	/* xQueueGenericSendFromISR() should be used instead of xQueueGiveFromISR()
1127:Middlewares/Third_Party/FreeRTOS/Source/queue.c **** 	if the item size is not 0. */
1128:Middlewares/Third_Party/FreeRTOS/Source/queue.c **** 	configASSERT( pxQueue->uxItemSize == 0 );
1129:Middlewares/Third_Party/FreeRTOS/Source/queue.c **** 
1130:Middlewares/Third_Party/FreeRTOS/Source/queue.c **** 	/* Normally a mutex would not be given from an interrupt, especially if
1131:Middlewares/Third_Party/FreeRTOS/Source/queue.c **** 	there is a mutex holder, as priority inheritance makes no sense for an
1132:Middlewares/Third_Party/FreeRTOS/Source/queue.c **** 	interrupts, only tasks. */
1133:Middlewares/Third_Party/FreeRTOS/Source/queue.c **** 	configASSERT( !( ( pxQueue->uxQueueType == queueQUEUE_IS_MUTEX ) && ( pxQueue->u.xSemaphore.xMutex
1134:Middlewares/Third_Party/FreeRTOS/Source/queue.c **** 
1135:Middlewares/Third_Party/FreeRTOS/Source/queue.c **** 	/* RTOS ports that support interrupt nesting have the concept of a maximum
1136:Middlewares/Third_Party/FreeRTOS/Source/queue.c **** 	system call (or maximum API call) interrupt priority.  Interrupts that are
1137:Middlewares/Third_Party/FreeRTOS/Source/queue.c **** 	above the maximum system call priority are kept permanently enabled, even
1138:Middlewares/Third_Party/FreeRTOS/Source/queue.c **** 	when the RTOS kernel is in a critical section, but cannot make any calls to
1139:Middlewares/Third_Party/FreeRTOS/Source/queue.c **** 	FreeRTOS API functions.  If configASSERT() is defined in FreeRTOSConfig.h
1140:Middlewares/Third_Party/FreeRTOS/Source/queue.c **** 	then portASSERT_IF_INTERRUPT_PRIORITY_INVALID() will result in an assertion
1141:Middlewares/Third_Party/FreeRTOS/Source/queue.c **** 	failure if a FreeRTOS API function is called from an interrupt that has been
1142:Middlewares/Third_Party/FreeRTOS/Source/queue.c **** 	assigned a priority above the configured maximum system call priority.
1143:Middlewares/Third_Party/FreeRTOS/Source/queue.c **** 	Only FreeRTOS functions that end in FromISR can be called from interrupts
1144:Middlewares/Third_Party/FreeRTOS/Source/queue.c **** 	that have been assigned a priority at or (logically) below the maximum
1145:Middlewares/Third_Party/FreeRTOS/Source/queue.c **** 	system call	interrupt priority.  FreeRTOS maintains a separate interrupt
1146:Middlewares/Third_Party/FreeRTOS/Source/queue.c **** 	safe API to ensure interrupt entry is as fast and as simple as possible.
1147:Middlewares/Third_Party/FreeRTOS/Source/queue.c **** 	More information (albeit Cortex-M specific) is provided on the following
1148:Middlewares/Third_Party/FreeRTOS/Source/queue.c **** 	link: http://www.freertos.org/RTOS-Cortex-M3-M4.html */
1149:Middlewares/Third_Party/FreeRTOS/Source/queue.c **** 	portASSERT_IF_INTERRUPT_PRIORITY_INVALID();
1150:Middlewares/Third_Party/FreeRTOS/Source/queue.c **** 
1151:Middlewares/Third_Party/FreeRTOS/Source/queue.c **** 	uxSavedInterruptStatus = portSET_INTERRUPT_MASK_FROM_ISR();
1152:Middlewares/Third_Party/FreeRTOS/Source/queue.c **** 	{
1153:Middlewares/Third_Party/FreeRTOS/Source/queue.c **** 		const UBaseType_t uxMessagesWaiting = pxQueue->uxMessagesWaiting;
1154:Middlewares/Third_Party/FreeRTOS/Source/queue.c **** 
1155:Middlewares/Third_Party/FreeRTOS/Source/queue.c **** 		/* When the queue is used to implement a semaphore no data is ever
1156:Middlewares/Third_Party/FreeRTOS/Source/queue.c **** 		moved through the queue but it is still valid to see if the queue 'has
1157:Middlewares/Third_Party/FreeRTOS/Source/queue.c **** 		space'. */
1158:Middlewares/Third_Party/FreeRTOS/Source/queue.c **** 		if( uxMessagesWaiting < pxQueue->uxLength )
1159:Middlewares/Third_Party/FreeRTOS/Source/queue.c **** 		{
1160:Middlewares/Third_Party/FreeRTOS/Source/queue.c **** 			const int8_t cTxLock = pxQueue->cTxLock;
1161:Middlewares/Third_Party/FreeRTOS/Source/queue.c **** 
1162:Middlewares/Third_Party/FreeRTOS/Source/queue.c **** 			traceQUEUE_SEND_FROM_ISR( pxQueue );
1163:Middlewares/Third_Party/FreeRTOS/Source/queue.c **** 
1164:Middlewares/Third_Party/FreeRTOS/Source/queue.c **** 			/* A task can only have an inherited priority if it is a mutex
1165:Middlewares/Third_Party/FreeRTOS/Source/queue.c **** 			holder - and if there is a mutex holder then the mutex cannot be
1166:Middlewares/Third_Party/FreeRTOS/Source/queue.c **** 			given from an ISR.  As this is the ISR version of the function it
1167:Middlewares/Third_Party/FreeRTOS/Source/queue.c **** 			can be assumed there is no mutex holder and no need to determine if
1168:Middlewares/Third_Party/FreeRTOS/Source/queue.c **** 			priority disinheritance is needed.  Simply increase the count of
1169:Middlewares/Third_Party/FreeRTOS/Source/queue.c **** 			messages (semaphores) available. */
1170:Middlewares/Third_Party/FreeRTOS/Source/queue.c **** 			pxQueue->uxMessagesWaiting = uxMessagesWaiting + ( UBaseType_t ) 1;
1171:Middlewares/Third_Party/FreeRTOS/Source/queue.c **** 
1172:Middlewares/Third_Party/FreeRTOS/Source/queue.c **** 			/* The event list is not altered if the queue is locked.  This will
ARM GAS  C:\Users\subdia\AppData\Local\Temp\ccc2GLt8.s 			page 22


1173:Middlewares/Third_Party/FreeRTOS/Source/queue.c **** 			be done when the queue is unlocked later. */
1174:Middlewares/Third_Party/FreeRTOS/Source/queue.c **** 			if( cTxLock == queueUNLOCKED )
1175:Middlewares/Third_Party/FreeRTOS/Source/queue.c **** 			{
1176:Middlewares/Third_Party/FreeRTOS/Source/queue.c **** 				#if ( configUSE_QUEUE_SETS == 1 )
1177:Middlewares/Third_Party/FreeRTOS/Source/queue.c **** 				{
1178:Middlewares/Third_Party/FreeRTOS/Source/queue.c **** 					if( pxQueue->pxQueueSetContainer != NULL )
1179:Middlewares/Third_Party/FreeRTOS/Source/queue.c **** 					{
1180:Middlewares/Third_Party/FreeRTOS/Source/queue.c **** 						if( prvNotifyQueueSetContainer( pxQueue ) != pdFALSE )
1181:Middlewares/Third_Party/FreeRTOS/Source/queue.c **** 						{
1182:Middlewares/Third_Party/FreeRTOS/Source/queue.c **** 							/* The semaphore is a member of a queue set, and
1183:Middlewares/Third_Party/FreeRTOS/Source/queue.c **** 							posting	to the queue set caused a higher priority
1184:Middlewares/Third_Party/FreeRTOS/Source/queue.c **** 							task to	unblock.  A context switch is required. */
1185:Middlewares/Third_Party/FreeRTOS/Source/queue.c **** 							if( pxHigherPriorityTaskWoken != NULL )
1186:Middlewares/Third_Party/FreeRTOS/Source/queue.c **** 							{
1187:Middlewares/Third_Party/FreeRTOS/Source/queue.c **** 								*pxHigherPriorityTaskWoken = pdTRUE;
1188:Middlewares/Third_Party/FreeRTOS/Source/queue.c **** 							}
1189:Middlewares/Third_Party/FreeRTOS/Source/queue.c **** 							else
1190:Middlewares/Third_Party/FreeRTOS/Source/queue.c **** 							{
1191:Middlewares/Third_Party/FreeRTOS/Source/queue.c **** 								mtCOVERAGE_TEST_MARKER();
1192:Middlewares/Third_Party/FreeRTOS/Source/queue.c **** 							}
1193:Middlewares/Third_Party/FreeRTOS/Source/queue.c **** 						}
1194:Middlewares/Third_Party/FreeRTOS/Source/queue.c **** 						else
1195:Middlewares/Third_Party/FreeRTOS/Source/queue.c **** 						{
1196:Middlewares/Third_Party/FreeRTOS/Source/queue.c **** 							mtCOVERAGE_TEST_MARKER();
1197:Middlewares/Third_Party/FreeRTOS/Source/queue.c **** 						}
1198:Middlewares/Third_Party/FreeRTOS/Source/queue.c **** 					}
1199:Middlewares/Third_Party/FreeRTOS/Source/queue.c **** 					else
1200:Middlewares/Third_Party/FreeRTOS/Source/queue.c **** 					{
1201:Middlewares/Third_Party/FreeRTOS/Source/queue.c **** 						if( listLIST_IS_EMPTY( &( pxQueue->xTasksWaitingToReceive ) ) == pdFALSE )
1202:Middlewares/Third_Party/FreeRTOS/Source/queue.c **** 						{
1203:Middlewares/Third_Party/FreeRTOS/Source/queue.c **** 							if( xTaskRemoveFromEventList( &( pxQueue->xTasksWaitingToReceive ) ) != pdFALSE )
1204:Middlewares/Third_Party/FreeRTOS/Source/queue.c **** 							{
1205:Middlewares/Third_Party/FreeRTOS/Source/queue.c **** 								/* The task waiting has a higher priority so
1206:Middlewares/Third_Party/FreeRTOS/Source/queue.c **** 								record that a context switch is required. */
1207:Middlewares/Third_Party/FreeRTOS/Source/queue.c **** 								if( pxHigherPriorityTaskWoken != NULL )
1208:Middlewares/Third_Party/FreeRTOS/Source/queue.c **** 								{
1209:Middlewares/Third_Party/FreeRTOS/Source/queue.c **** 									*pxHigherPriorityTaskWoken = pdTRUE;
1210:Middlewares/Third_Party/FreeRTOS/Source/queue.c **** 								}
1211:Middlewares/Third_Party/FreeRTOS/Source/queue.c **** 								else
1212:Middlewares/Third_Party/FreeRTOS/Source/queue.c **** 								{
1213:Middlewares/Third_Party/FreeRTOS/Source/queue.c **** 									mtCOVERAGE_TEST_MARKER();
1214:Middlewares/Third_Party/FreeRTOS/Source/queue.c **** 								}
1215:Middlewares/Third_Party/FreeRTOS/Source/queue.c **** 							}
1216:Middlewares/Third_Party/FreeRTOS/Source/queue.c **** 							else
1217:Middlewares/Third_Party/FreeRTOS/Source/queue.c **** 							{
1218:Middlewares/Third_Party/FreeRTOS/Source/queue.c **** 								mtCOVERAGE_TEST_MARKER();
1219:Middlewares/Third_Party/FreeRTOS/Source/queue.c **** 							}
1220:Middlewares/Third_Party/FreeRTOS/Source/queue.c **** 						}
1221:Middlewares/Third_Party/FreeRTOS/Source/queue.c **** 						else
1222:Middlewares/Third_Party/FreeRTOS/Source/queue.c **** 						{
1223:Middlewares/Third_Party/FreeRTOS/Source/queue.c **** 							mtCOVERAGE_TEST_MARKER();
1224:Middlewares/Third_Party/FreeRTOS/Source/queue.c **** 						}
1225:Middlewares/Third_Party/FreeRTOS/Source/queue.c **** 					}
1226:Middlewares/Third_Party/FreeRTOS/Source/queue.c **** 				}
1227:Middlewares/Third_Party/FreeRTOS/Source/queue.c **** 				#else /* configUSE_QUEUE_SETS */
1228:Middlewares/Third_Party/FreeRTOS/Source/queue.c **** 				{
1229:Middlewares/Third_Party/FreeRTOS/Source/queue.c **** 					if( listLIST_IS_EMPTY( &( pxQueue->xTasksWaitingToReceive ) ) == pdFALSE )
ARM GAS  C:\Users\subdia\AppData\Local\Temp\ccc2GLt8.s 			page 23


1230:Middlewares/Third_Party/FreeRTOS/Source/queue.c **** 					{
1231:Middlewares/Third_Party/FreeRTOS/Source/queue.c **** 						if( xTaskRemoveFromEventList( &( pxQueue->xTasksWaitingToReceive ) ) != pdFALSE )
1232:Middlewares/Third_Party/FreeRTOS/Source/queue.c **** 						{
1233:Middlewares/Third_Party/FreeRTOS/Source/queue.c **** 							/* The task waiting has a higher priority so record that a
1234:Middlewares/Third_Party/FreeRTOS/Source/queue.c **** 							context	switch is required. */
1235:Middlewares/Third_Party/FreeRTOS/Source/queue.c **** 							if( pxHigherPriorityTaskWoken != NULL )
1236:Middlewares/Third_Party/FreeRTOS/Source/queue.c **** 							{
1237:Middlewares/Third_Party/FreeRTOS/Source/queue.c **** 								*pxHigherPriorityTaskWoken = pdTRUE;
1238:Middlewares/Third_Party/FreeRTOS/Source/queue.c **** 							}
1239:Middlewares/Third_Party/FreeRTOS/Source/queue.c **** 							else
1240:Middlewares/Third_Party/FreeRTOS/Source/queue.c **** 							{
1241:Middlewares/Third_Party/FreeRTOS/Source/queue.c **** 								mtCOVERAGE_TEST_MARKER();
1242:Middlewares/Third_Party/FreeRTOS/Source/queue.c **** 							}
1243:Middlewares/Third_Party/FreeRTOS/Source/queue.c **** 						}
1244:Middlewares/Third_Party/FreeRTOS/Source/queue.c **** 						else
1245:Middlewares/Third_Party/FreeRTOS/Source/queue.c **** 						{
1246:Middlewares/Third_Party/FreeRTOS/Source/queue.c **** 							mtCOVERAGE_TEST_MARKER();
1247:Middlewares/Third_Party/FreeRTOS/Source/queue.c **** 						}
1248:Middlewares/Third_Party/FreeRTOS/Source/queue.c **** 					}
1249:Middlewares/Third_Party/FreeRTOS/Source/queue.c **** 					else
1250:Middlewares/Third_Party/FreeRTOS/Source/queue.c **** 					{
1251:Middlewares/Third_Party/FreeRTOS/Source/queue.c **** 						mtCOVERAGE_TEST_MARKER();
1252:Middlewares/Third_Party/FreeRTOS/Source/queue.c **** 					}
1253:Middlewares/Third_Party/FreeRTOS/Source/queue.c **** 				}
1254:Middlewares/Third_Party/FreeRTOS/Source/queue.c **** 				#endif /* configUSE_QUEUE_SETS */
1255:Middlewares/Third_Party/FreeRTOS/Source/queue.c **** 			}
1256:Middlewares/Third_Party/FreeRTOS/Source/queue.c **** 			else
1257:Middlewares/Third_Party/FreeRTOS/Source/queue.c **** 			{
1258:Middlewares/Third_Party/FreeRTOS/Source/queue.c **** 				/* Increment the lock count so the task that unlocks the queue
1259:Middlewares/Third_Party/FreeRTOS/Source/queue.c **** 				knows that data was posted while it was locked. */
1260:Middlewares/Third_Party/FreeRTOS/Source/queue.c **** 				pxQueue->cTxLock = ( int8_t ) ( cTxLock + 1 );
1261:Middlewares/Third_Party/FreeRTOS/Source/queue.c **** 			}
1262:Middlewares/Third_Party/FreeRTOS/Source/queue.c **** 
1263:Middlewares/Third_Party/FreeRTOS/Source/queue.c **** 			xReturn = pdPASS;
1264:Middlewares/Third_Party/FreeRTOS/Source/queue.c **** 		}
1265:Middlewares/Third_Party/FreeRTOS/Source/queue.c **** 		else
1266:Middlewares/Third_Party/FreeRTOS/Source/queue.c **** 		{
1267:Middlewares/Third_Party/FreeRTOS/Source/queue.c **** 			traceQUEUE_SEND_FROM_ISR_FAILED( pxQueue );
1268:Middlewares/Third_Party/FreeRTOS/Source/queue.c **** 			xReturn = errQUEUE_FULL;
1269:Middlewares/Third_Party/FreeRTOS/Source/queue.c **** 		}
1270:Middlewares/Third_Party/FreeRTOS/Source/queue.c **** 	}
1271:Middlewares/Third_Party/FreeRTOS/Source/queue.c **** 	portCLEAR_INTERRUPT_MASK_FROM_ISR( uxSavedInterruptStatus );
1272:Middlewares/Third_Party/FreeRTOS/Source/queue.c **** 
1273:Middlewares/Third_Party/FreeRTOS/Source/queue.c **** 	return xReturn;
1274:Middlewares/Third_Party/FreeRTOS/Source/queue.c **** }
1275:Middlewares/Third_Party/FreeRTOS/Source/queue.c **** /*-----------------------------------------------------------*/
1276:Middlewares/Third_Party/FreeRTOS/Source/queue.c **** 
1277:Middlewares/Third_Party/FreeRTOS/Source/queue.c **** BaseType_t xQueueReceive( QueueHandle_t xQueue, void * const pvBuffer, TickType_t xTicksToWait )
1278:Middlewares/Third_Party/FreeRTOS/Source/queue.c **** {
1279:Middlewares/Third_Party/FreeRTOS/Source/queue.c **** BaseType_t xEntryTimeSet = pdFALSE;
1280:Middlewares/Third_Party/FreeRTOS/Source/queue.c **** TimeOut_t xTimeOut;
1281:Middlewares/Third_Party/FreeRTOS/Source/queue.c **** Queue_t * const pxQueue = xQueue;
1282:Middlewares/Third_Party/FreeRTOS/Source/queue.c **** 
1283:Middlewares/Third_Party/FreeRTOS/Source/queue.c **** 	/* Check the pointer is not NULL. */
1284:Middlewares/Third_Party/FreeRTOS/Source/queue.c **** 	configASSERT( ( pxQueue ) );
1285:Middlewares/Third_Party/FreeRTOS/Source/queue.c **** 
1286:Middlewares/Third_Party/FreeRTOS/Source/queue.c **** 	/* The buffer into which data is received can only be NULL if the data size
ARM GAS  C:\Users\subdia\AppData\Local\Temp\ccc2GLt8.s 			page 24


1287:Middlewares/Third_Party/FreeRTOS/Source/queue.c **** 	is zero (so no data is copied into the buffer. */
1288:Middlewares/Third_Party/FreeRTOS/Source/queue.c **** 	configASSERT( !( ( ( pvBuffer ) == NULL ) && ( ( pxQueue )->uxItemSize != ( UBaseType_t ) 0U ) ) )
1289:Middlewares/Third_Party/FreeRTOS/Source/queue.c **** 
1290:Middlewares/Third_Party/FreeRTOS/Source/queue.c **** 	/* Cannot block if the scheduler is suspended. */
1291:Middlewares/Third_Party/FreeRTOS/Source/queue.c **** 	#if ( ( INCLUDE_xTaskGetSchedulerState == 1 ) || ( configUSE_TIMERS == 1 ) )
1292:Middlewares/Third_Party/FreeRTOS/Source/queue.c **** 	{
1293:Middlewares/Third_Party/FreeRTOS/Source/queue.c **** 		configASSERT( !( ( xTaskGetSchedulerState() == taskSCHEDULER_SUSPENDED ) && ( xTicksToWait != 0 )
1294:Middlewares/Third_Party/FreeRTOS/Source/queue.c **** 	}
1295:Middlewares/Third_Party/FreeRTOS/Source/queue.c **** 	#endif
1296:Middlewares/Third_Party/FreeRTOS/Source/queue.c **** 
1297:Middlewares/Third_Party/FreeRTOS/Source/queue.c **** 
1298:Middlewares/Third_Party/FreeRTOS/Source/queue.c **** 	/*lint -save -e904  This function relaxes the coding standard somewhat to
1299:Middlewares/Third_Party/FreeRTOS/Source/queue.c **** 	allow return statements within the function itself.  This is done in the
1300:Middlewares/Third_Party/FreeRTOS/Source/queue.c **** 	interest of execution time efficiency. */
1301:Middlewares/Third_Party/FreeRTOS/Source/queue.c **** 	for( ;; )
1302:Middlewares/Third_Party/FreeRTOS/Source/queue.c **** 	{
1303:Middlewares/Third_Party/FreeRTOS/Source/queue.c **** 		taskENTER_CRITICAL();
1304:Middlewares/Third_Party/FreeRTOS/Source/queue.c **** 		{
1305:Middlewares/Third_Party/FreeRTOS/Source/queue.c **** 			const UBaseType_t uxMessagesWaiting = pxQueue->uxMessagesWaiting;
1306:Middlewares/Third_Party/FreeRTOS/Source/queue.c **** 
1307:Middlewares/Third_Party/FreeRTOS/Source/queue.c **** 			/* Is there data in the queue now?  To be running the calling task
1308:Middlewares/Third_Party/FreeRTOS/Source/queue.c **** 			must be the highest priority task wanting to access the queue. */
1309:Middlewares/Third_Party/FreeRTOS/Source/queue.c **** 			if( uxMessagesWaiting > ( UBaseType_t ) 0 )
1310:Middlewares/Third_Party/FreeRTOS/Source/queue.c **** 			{
1311:Middlewares/Third_Party/FreeRTOS/Source/queue.c **** 				/* Data available, remove one item. */
1312:Middlewares/Third_Party/FreeRTOS/Source/queue.c **** 				prvCopyDataFromQueue( pxQueue, pvBuffer );
1313:Middlewares/Third_Party/FreeRTOS/Source/queue.c **** 				traceQUEUE_RECEIVE( pxQueue );
1314:Middlewares/Third_Party/FreeRTOS/Source/queue.c **** 				pxQueue->uxMessagesWaiting = uxMessagesWaiting - ( UBaseType_t ) 1;
1315:Middlewares/Third_Party/FreeRTOS/Source/queue.c **** 
1316:Middlewares/Third_Party/FreeRTOS/Source/queue.c **** 				/* There is now space in the queue, were any tasks waiting to
1317:Middlewares/Third_Party/FreeRTOS/Source/queue.c **** 				post to the queue?  If so, unblock the highest priority waiting
1318:Middlewares/Third_Party/FreeRTOS/Source/queue.c **** 				task. */
1319:Middlewares/Third_Party/FreeRTOS/Source/queue.c **** 				if( listLIST_IS_EMPTY( &( pxQueue->xTasksWaitingToSend ) ) == pdFALSE )
1320:Middlewares/Third_Party/FreeRTOS/Source/queue.c **** 				{
1321:Middlewares/Third_Party/FreeRTOS/Source/queue.c **** 					if( xTaskRemoveFromEventList( &( pxQueue->xTasksWaitingToSend ) ) != pdFALSE )
1322:Middlewares/Third_Party/FreeRTOS/Source/queue.c **** 					{
1323:Middlewares/Third_Party/FreeRTOS/Source/queue.c **** 						queueYIELD_IF_USING_PREEMPTION();
1324:Middlewares/Third_Party/FreeRTOS/Source/queue.c **** 					}
1325:Middlewares/Third_Party/FreeRTOS/Source/queue.c **** 					else
1326:Middlewares/Third_Party/FreeRTOS/Source/queue.c **** 					{
1327:Middlewares/Third_Party/FreeRTOS/Source/queue.c **** 						mtCOVERAGE_TEST_MARKER();
1328:Middlewares/Third_Party/FreeRTOS/Source/queue.c **** 					}
1329:Middlewares/Third_Party/FreeRTOS/Source/queue.c **** 				}
1330:Middlewares/Third_Party/FreeRTOS/Source/queue.c **** 				else
1331:Middlewares/Third_Party/FreeRTOS/Source/queue.c **** 				{
1332:Middlewares/Third_Party/FreeRTOS/Source/queue.c **** 					mtCOVERAGE_TEST_MARKER();
1333:Middlewares/Third_Party/FreeRTOS/Source/queue.c **** 				}
1334:Middlewares/Third_Party/FreeRTOS/Source/queue.c **** 
1335:Middlewares/Third_Party/FreeRTOS/Source/queue.c **** 				taskEXIT_CRITICAL();
1336:Middlewares/Third_Party/FreeRTOS/Source/queue.c **** 				return pdPASS;
1337:Middlewares/Third_Party/FreeRTOS/Source/queue.c **** 			}
1338:Middlewares/Third_Party/FreeRTOS/Source/queue.c **** 			else
1339:Middlewares/Third_Party/FreeRTOS/Source/queue.c **** 			{
1340:Middlewares/Third_Party/FreeRTOS/Source/queue.c **** 				if( xTicksToWait == ( TickType_t ) 0 )
1341:Middlewares/Third_Party/FreeRTOS/Source/queue.c **** 				{
1342:Middlewares/Third_Party/FreeRTOS/Source/queue.c **** 					/* The queue was empty and no block time is specified (or
1343:Middlewares/Third_Party/FreeRTOS/Source/queue.c **** 					the block time has expired) so leave now. */
ARM GAS  C:\Users\subdia\AppData\Local\Temp\ccc2GLt8.s 			page 25


1344:Middlewares/Third_Party/FreeRTOS/Source/queue.c **** 					taskEXIT_CRITICAL();
1345:Middlewares/Third_Party/FreeRTOS/Source/queue.c **** 					traceQUEUE_RECEIVE_FAILED( pxQueue );
1346:Middlewares/Third_Party/FreeRTOS/Source/queue.c **** 					return errQUEUE_EMPTY;
1347:Middlewares/Third_Party/FreeRTOS/Source/queue.c **** 				}
1348:Middlewares/Third_Party/FreeRTOS/Source/queue.c **** 				else if( xEntryTimeSet == pdFALSE )
1349:Middlewares/Third_Party/FreeRTOS/Source/queue.c **** 				{
1350:Middlewares/Third_Party/FreeRTOS/Source/queue.c **** 					/* The queue was empty and a block time was specified so
1351:Middlewares/Third_Party/FreeRTOS/Source/queue.c **** 					configure the timeout structure. */
1352:Middlewares/Third_Party/FreeRTOS/Source/queue.c **** 					vTaskInternalSetTimeOutState( &xTimeOut );
1353:Middlewares/Third_Party/FreeRTOS/Source/queue.c **** 					xEntryTimeSet = pdTRUE;
1354:Middlewares/Third_Party/FreeRTOS/Source/queue.c **** 				}
1355:Middlewares/Third_Party/FreeRTOS/Source/queue.c **** 				else
1356:Middlewares/Third_Party/FreeRTOS/Source/queue.c **** 				{
1357:Middlewares/Third_Party/FreeRTOS/Source/queue.c **** 					/* Entry time was already set. */
1358:Middlewares/Third_Party/FreeRTOS/Source/queue.c **** 					mtCOVERAGE_TEST_MARKER();
1359:Middlewares/Third_Party/FreeRTOS/Source/queue.c **** 				}
1360:Middlewares/Third_Party/FreeRTOS/Source/queue.c **** 			}
1361:Middlewares/Third_Party/FreeRTOS/Source/queue.c **** 		}
1362:Middlewares/Third_Party/FreeRTOS/Source/queue.c **** 		taskEXIT_CRITICAL();
1363:Middlewares/Third_Party/FreeRTOS/Source/queue.c **** 
1364:Middlewares/Third_Party/FreeRTOS/Source/queue.c **** 		/* Interrupts and other tasks can send to and receive from the queue
1365:Middlewares/Third_Party/FreeRTOS/Source/queue.c **** 		now the critical section has been exited. */
1366:Middlewares/Third_Party/FreeRTOS/Source/queue.c **** 
1367:Middlewares/Third_Party/FreeRTOS/Source/queue.c **** 		vTaskSuspendAll();
1368:Middlewares/Third_Party/FreeRTOS/Source/queue.c **** 		prvLockQueue( pxQueue );
1369:Middlewares/Third_Party/FreeRTOS/Source/queue.c **** 
1370:Middlewares/Third_Party/FreeRTOS/Source/queue.c **** 		/* Update the timeout state to see if it has expired yet. */
1371:Middlewares/Third_Party/FreeRTOS/Source/queue.c **** 		if( xTaskCheckForTimeOut( &xTimeOut, &xTicksToWait ) == pdFALSE )
1372:Middlewares/Third_Party/FreeRTOS/Source/queue.c **** 		{
1373:Middlewares/Third_Party/FreeRTOS/Source/queue.c **** 			/* The timeout has not expired.  If the queue is still empty place
1374:Middlewares/Third_Party/FreeRTOS/Source/queue.c **** 			the task on the list of tasks waiting to receive from the queue. */
1375:Middlewares/Third_Party/FreeRTOS/Source/queue.c **** 			if( prvIsQueueEmpty( pxQueue ) != pdFALSE )
1376:Middlewares/Third_Party/FreeRTOS/Source/queue.c **** 			{
1377:Middlewares/Third_Party/FreeRTOS/Source/queue.c **** 				traceBLOCKING_ON_QUEUE_RECEIVE( pxQueue );
1378:Middlewares/Third_Party/FreeRTOS/Source/queue.c **** 				vTaskPlaceOnEventList( &( pxQueue->xTasksWaitingToReceive ), xTicksToWait );
1379:Middlewares/Third_Party/FreeRTOS/Source/queue.c **** 				prvUnlockQueue( pxQueue );
1380:Middlewares/Third_Party/FreeRTOS/Source/queue.c **** 				if( xTaskResumeAll() == pdFALSE )
1381:Middlewares/Third_Party/FreeRTOS/Source/queue.c **** 				{
1382:Middlewares/Third_Party/FreeRTOS/Source/queue.c **** 					portYIELD_WITHIN_API();
1383:Middlewares/Third_Party/FreeRTOS/Source/queue.c **** 				}
1384:Middlewares/Third_Party/FreeRTOS/Source/queue.c **** 				else
1385:Middlewares/Third_Party/FreeRTOS/Source/queue.c **** 				{
1386:Middlewares/Third_Party/FreeRTOS/Source/queue.c **** 					mtCOVERAGE_TEST_MARKER();
1387:Middlewares/Third_Party/FreeRTOS/Source/queue.c **** 				}
1388:Middlewares/Third_Party/FreeRTOS/Source/queue.c **** 			}
1389:Middlewares/Third_Party/FreeRTOS/Source/queue.c **** 			else
1390:Middlewares/Third_Party/FreeRTOS/Source/queue.c **** 			{
1391:Middlewares/Third_Party/FreeRTOS/Source/queue.c **** 				/* The queue contains data again.  Loop back to try and read the
1392:Middlewares/Third_Party/FreeRTOS/Source/queue.c **** 				data. */
1393:Middlewares/Third_Party/FreeRTOS/Source/queue.c **** 				prvUnlockQueue( pxQueue );
1394:Middlewares/Third_Party/FreeRTOS/Source/queue.c **** 				( void ) xTaskResumeAll();
1395:Middlewares/Third_Party/FreeRTOS/Source/queue.c **** 			}
1396:Middlewares/Third_Party/FreeRTOS/Source/queue.c **** 		}
1397:Middlewares/Third_Party/FreeRTOS/Source/queue.c **** 		else
1398:Middlewares/Third_Party/FreeRTOS/Source/queue.c **** 		{
1399:Middlewares/Third_Party/FreeRTOS/Source/queue.c **** 			/* Timed out.  If there is no data in the queue exit, otherwise loop
1400:Middlewares/Third_Party/FreeRTOS/Source/queue.c **** 			back and attempt to read the data. */
ARM GAS  C:\Users\subdia\AppData\Local\Temp\ccc2GLt8.s 			page 26


1401:Middlewares/Third_Party/FreeRTOS/Source/queue.c **** 			prvUnlockQueue( pxQueue );
1402:Middlewares/Third_Party/FreeRTOS/Source/queue.c **** 			( void ) xTaskResumeAll();
1403:Middlewares/Third_Party/FreeRTOS/Source/queue.c **** 
1404:Middlewares/Third_Party/FreeRTOS/Source/queue.c **** 			if( prvIsQueueEmpty( pxQueue ) != pdFALSE )
1405:Middlewares/Third_Party/FreeRTOS/Source/queue.c **** 			{
1406:Middlewares/Third_Party/FreeRTOS/Source/queue.c **** 				traceQUEUE_RECEIVE_FAILED( pxQueue );
1407:Middlewares/Third_Party/FreeRTOS/Source/queue.c **** 				return errQUEUE_EMPTY;
1408:Middlewares/Third_Party/FreeRTOS/Source/queue.c **** 			}
1409:Middlewares/Third_Party/FreeRTOS/Source/queue.c **** 			else
1410:Middlewares/Third_Party/FreeRTOS/Source/queue.c **** 			{
1411:Middlewares/Third_Party/FreeRTOS/Source/queue.c **** 				mtCOVERAGE_TEST_MARKER();
1412:Middlewares/Third_Party/FreeRTOS/Source/queue.c **** 			}
1413:Middlewares/Third_Party/FreeRTOS/Source/queue.c **** 		}
1414:Middlewares/Third_Party/FreeRTOS/Source/queue.c **** 	} /*lint -restore */
1415:Middlewares/Third_Party/FreeRTOS/Source/queue.c **** }
1416:Middlewares/Third_Party/FreeRTOS/Source/queue.c **** /*-----------------------------------------------------------*/
1417:Middlewares/Third_Party/FreeRTOS/Source/queue.c **** 
1418:Middlewares/Third_Party/FreeRTOS/Source/queue.c **** BaseType_t xQueueSemaphoreTake( QueueHandle_t xQueue, TickType_t xTicksToWait )
1419:Middlewares/Third_Party/FreeRTOS/Source/queue.c **** {
1420:Middlewares/Third_Party/FreeRTOS/Source/queue.c **** BaseType_t xEntryTimeSet = pdFALSE;
1421:Middlewares/Third_Party/FreeRTOS/Source/queue.c **** TimeOut_t xTimeOut;
1422:Middlewares/Third_Party/FreeRTOS/Source/queue.c **** Queue_t * const pxQueue = xQueue;
1423:Middlewares/Third_Party/FreeRTOS/Source/queue.c **** 
1424:Middlewares/Third_Party/FreeRTOS/Source/queue.c **** #if( configUSE_MUTEXES == 1 )
1425:Middlewares/Third_Party/FreeRTOS/Source/queue.c **** 	BaseType_t xInheritanceOccurred = pdFALSE;
1426:Middlewares/Third_Party/FreeRTOS/Source/queue.c **** #endif
1427:Middlewares/Third_Party/FreeRTOS/Source/queue.c **** 
1428:Middlewares/Third_Party/FreeRTOS/Source/queue.c **** 	/* Check the queue pointer is not NULL. */
1429:Middlewares/Third_Party/FreeRTOS/Source/queue.c **** 	configASSERT( ( pxQueue ) );
1430:Middlewares/Third_Party/FreeRTOS/Source/queue.c **** 
1431:Middlewares/Third_Party/FreeRTOS/Source/queue.c **** 	/* Check this really is a semaphore, in which case the item size will be
1432:Middlewares/Third_Party/FreeRTOS/Source/queue.c **** 	0. */
1433:Middlewares/Third_Party/FreeRTOS/Source/queue.c **** 	configASSERT( pxQueue->uxItemSize == 0 );
1434:Middlewares/Third_Party/FreeRTOS/Source/queue.c **** 
1435:Middlewares/Third_Party/FreeRTOS/Source/queue.c **** 	/* Cannot block if the scheduler is suspended. */
1436:Middlewares/Third_Party/FreeRTOS/Source/queue.c **** 	#if ( ( INCLUDE_xTaskGetSchedulerState == 1 ) || ( configUSE_TIMERS == 1 ) )
1437:Middlewares/Third_Party/FreeRTOS/Source/queue.c **** 	{
1438:Middlewares/Third_Party/FreeRTOS/Source/queue.c **** 		configASSERT( !( ( xTaskGetSchedulerState() == taskSCHEDULER_SUSPENDED ) && ( xTicksToWait != 0 )
1439:Middlewares/Third_Party/FreeRTOS/Source/queue.c **** 	}
1440:Middlewares/Third_Party/FreeRTOS/Source/queue.c **** 	#endif
1441:Middlewares/Third_Party/FreeRTOS/Source/queue.c **** 
1442:Middlewares/Third_Party/FreeRTOS/Source/queue.c **** 
1443:Middlewares/Third_Party/FreeRTOS/Source/queue.c **** 	/*lint -save -e904 This function relaxes the coding standard somewhat to allow return
1444:Middlewares/Third_Party/FreeRTOS/Source/queue.c **** 	statements within the function itself.  This is done in the interest
1445:Middlewares/Third_Party/FreeRTOS/Source/queue.c **** 	of execution time efficiency. */
1446:Middlewares/Third_Party/FreeRTOS/Source/queue.c **** 	for( ;; )
1447:Middlewares/Third_Party/FreeRTOS/Source/queue.c **** 	{
1448:Middlewares/Third_Party/FreeRTOS/Source/queue.c **** 		taskENTER_CRITICAL();
1449:Middlewares/Third_Party/FreeRTOS/Source/queue.c **** 		{
1450:Middlewares/Third_Party/FreeRTOS/Source/queue.c **** 			/* Semaphores are queues with an item size of 0, and where the
1451:Middlewares/Third_Party/FreeRTOS/Source/queue.c **** 			number of messages in the queue is the semaphore's count value. */
1452:Middlewares/Third_Party/FreeRTOS/Source/queue.c **** 			const UBaseType_t uxSemaphoreCount = pxQueue->uxMessagesWaiting;
1453:Middlewares/Third_Party/FreeRTOS/Source/queue.c **** 
1454:Middlewares/Third_Party/FreeRTOS/Source/queue.c **** 			/* Is there data in the queue now?  To be running the calling task
1455:Middlewares/Third_Party/FreeRTOS/Source/queue.c **** 			must be the highest priority task wanting to access the queue. */
1456:Middlewares/Third_Party/FreeRTOS/Source/queue.c **** 			if( uxSemaphoreCount > ( UBaseType_t ) 0 )
1457:Middlewares/Third_Party/FreeRTOS/Source/queue.c **** 			{
ARM GAS  C:\Users\subdia\AppData\Local\Temp\ccc2GLt8.s 			page 27


1458:Middlewares/Third_Party/FreeRTOS/Source/queue.c **** 				traceQUEUE_RECEIVE( pxQueue );
1459:Middlewares/Third_Party/FreeRTOS/Source/queue.c **** 
1460:Middlewares/Third_Party/FreeRTOS/Source/queue.c **** 				/* Semaphores are queues with a data size of zero and where the
1461:Middlewares/Third_Party/FreeRTOS/Source/queue.c **** 				messages waiting is the semaphore's count.  Reduce the count. */
1462:Middlewares/Third_Party/FreeRTOS/Source/queue.c **** 				pxQueue->uxMessagesWaiting = uxSemaphoreCount - ( UBaseType_t ) 1;
1463:Middlewares/Third_Party/FreeRTOS/Source/queue.c **** 
1464:Middlewares/Third_Party/FreeRTOS/Source/queue.c **** 				#if ( configUSE_MUTEXES == 1 )
1465:Middlewares/Third_Party/FreeRTOS/Source/queue.c **** 				{
1466:Middlewares/Third_Party/FreeRTOS/Source/queue.c **** 					if( pxQueue->uxQueueType == queueQUEUE_IS_MUTEX )
1467:Middlewares/Third_Party/FreeRTOS/Source/queue.c **** 					{
1468:Middlewares/Third_Party/FreeRTOS/Source/queue.c **** 						/* Record the information required to implement
1469:Middlewares/Third_Party/FreeRTOS/Source/queue.c **** 						priority inheritance should it become necessary. */
1470:Middlewares/Third_Party/FreeRTOS/Source/queue.c **** 						pxQueue->u.xSemaphore.xMutexHolder = pvTaskIncrementMutexHeldCount();
1471:Middlewares/Third_Party/FreeRTOS/Source/queue.c **** 					}
1472:Middlewares/Third_Party/FreeRTOS/Source/queue.c **** 					else
1473:Middlewares/Third_Party/FreeRTOS/Source/queue.c **** 					{
1474:Middlewares/Third_Party/FreeRTOS/Source/queue.c **** 						mtCOVERAGE_TEST_MARKER();
1475:Middlewares/Third_Party/FreeRTOS/Source/queue.c **** 					}
1476:Middlewares/Third_Party/FreeRTOS/Source/queue.c **** 				}
1477:Middlewares/Third_Party/FreeRTOS/Source/queue.c **** 				#endif /* configUSE_MUTEXES */
1478:Middlewares/Third_Party/FreeRTOS/Source/queue.c **** 
1479:Middlewares/Third_Party/FreeRTOS/Source/queue.c **** 				/* Check to see if other tasks are blocked waiting to give the
1480:Middlewares/Third_Party/FreeRTOS/Source/queue.c **** 				semaphore, and if so, unblock the highest priority such task. */
1481:Middlewares/Third_Party/FreeRTOS/Source/queue.c **** 				if( listLIST_IS_EMPTY( &( pxQueue->xTasksWaitingToSend ) ) == pdFALSE )
1482:Middlewares/Third_Party/FreeRTOS/Source/queue.c **** 				{
1483:Middlewares/Third_Party/FreeRTOS/Source/queue.c **** 					if( xTaskRemoveFromEventList( &( pxQueue->xTasksWaitingToSend ) ) != pdFALSE )
1484:Middlewares/Third_Party/FreeRTOS/Source/queue.c **** 					{
1485:Middlewares/Third_Party/FreeRTOS/Source/queue.c **** 						queueYIELD_IF_USING_PREEMPTION();
1486:Middlewares/Third_Party/FreeRTOS/Source/queue.c **** 					}
1487:Middlewares/Third_Party/FreeRTOS/Source/queue.c **** 					else
1488:Middlewares/Third_Party/FreeRTOS/Source/queue.c **** 					{
1489:Middlewares/Third_Party/FreeRTOS/Source/queue.c **** 						mtCOVERAGE_TEST_MARKER();
1490:Middlewares/Third_Party/FreeRTOS/Source/queue.c **** 					}
1491:Middlewares/Third_Party/FreeRTOS/Source/queue.c **** 				}
1492:Middlewares/Third_Party/FreeRTOS/Source/queue.c **** 				else
1493:Middlewares/Third_Party/FreeRTOS/Source/queue.c **** 				{
1494:Middlewares/Third_Party/FreeRTOS/Source/queue.c **** 					mtCOVERAGE_TEST_MARKER();
1495:Middlewares/Third_Party/FreeRTOS/Source/queue.c **** 				}
1496:Middlewares/Third_Party/FreeRTOS/Source/queue.c **** 
1497:Middlewares/Third_Party/FreeRTOS/Source/queue.c **** 				taskEXIT_CRITICAL();
1498:Middlewares/Third_Party/FreeRTOS/Source/queue.c **** 				return pdPASS;
1499:Middlewares/Third_Party/FreeRTOS/Source/queue.c **** 			}
1500:Middlewares/Third_Party/FreeRTOS/Source/queue.c **** 			else
1501:Middlewares/Third_Party/FreeRTOS/Source/queue.c **** 			{
1502:Middlewares/Third_Party/FreeRTOS/Source/queue.c **** 				if( xTicksToWait == ( TickType_t ) 0 )
1503:Middlewares/Third_Party/FreeRTOS/Source/queue.c **** 				{
1504:Middlewares/Third_Party/FreeRTOS/Source/queue.c **** 					/* For inheritance to have occurred there must have been an
1505:Middlewares/Third_Party/FreeRTOS/Source/queue.c **** 					initial timeout, and an adjusted timeout cannot become 0, as
1506:Middlewares/Third_Party/FreeRTOS/Source/queue.c **** 					if it were 0 the function would have exited. */
1507:Middlewares/Third_Party/FreeRTOS/Source/queue.c **** 					#if( configUSE_MUTEXES == 1 )
1508:Middlewares/Third_Party/FreeRTOS/Source/queue.c **** 					{
1509:Middlewares/Third_Party/FreeRTOS/Source/queue.c **** 						configASSERT( xInheritanceOccurred == pdFALSE );
1510:Middlewares/Third_Party/FreeRTOS/Source/queue.c **** 					}
1511:Middlewares/Third_Party/FreeRTOS/Source/queue.c **** 					#endif /* configUSE_MUTEXES */
1512:Middlewares/Third_Party/FreeRTOS/Source/queue.c **** 
1513:Middlewares/Third_Party/FreeRTOS/Source/queue.c **** 					/* The semaphore count was 0 and no block time is specified
1514:Middlewares/Third_Party/FreeRTOS/Source/queue.c **** 					(or the block time has expired) so exit now. */
ARM GAS  C:\Users\subdia\AppData\Local\Temp\ccc2GLt8.s 			page 28


1515:Middlewares/Third_Party/FreeRTOS/Source/queue.c **** 					taskEXIT_CRITICAL();
1516:Middlewares/Third_Party/FreeRTOS/Source/queue.c **** 					traceQUEUE_RECEIVE_FAILED( pxQueue );
1517:Middlewares/Third_Party/FreeRTOS/Source/queue.c **** 					return errQUEUE_EMPTY;
1518:Middlewares/Third_Party/FreeRTOS/Source/queue.c **** 				}
1519:Middlewares/Third_Party/FreeRTOS/Source/queue.c **** 				else if( xEntryTimeSet == pdFALSE )
1520:Middlewares/Third_Party/FreeRTOS/Source/queue.c **** 				{
1521:Middlewares/Third_Party/FreeRTOS/Source/queue.c **** 					/* The semaphore count was 0 and a block time was specified
1522:Middlewares/Third_Party/FreeRTOS/Source/queue.c **** 					so configure the timeout structure ready to block. */
1523:Middlewares/Third_Party/FreeRTOS/Source/queue.c **** 					vTaskInternalSetTimeOutState( &xTimeOut );
1524:Middlewares/Third_Party/FreeRTOS/Source/queue.c **** 					xEntryTimeSet = pdTRUE;
1525:Middlewares/Third_Party/FreeRTOS/Source/queue.c **** 				}
1526:Middlewares/Third_Party/FreeRTOS/Source/queue.c **** 				else
1527:Middlewares/Third_Party/FreeRTOS/Source/queue.c **** 				{
1528:Middlewares/Third_Party/FreeRTOS/Source/queue.c **** 					/* Entry time was already set. */
1529:Middlewares/Third_Party/FreeRTOS/Source/queue.c **** 					mtCOVERAGE_TEST_MARKER();
1530:Middlewares/Third_Party/FreeRTOS/Source/queue.c **** 				}
1531:Middlewares/Third_Party/FreeRTOS/Source/queue.c **** 			}
1532:Middlewares/Third_Party/FreeRTOS/Source/queue.c **** 		}
1533:Middlewares/Third_Party/FreeRTOS/Source/queue.c **** 		taskEXIT_CRITICAL();
1534:Middlewares/Third_Party/FreeRTOS/Source/queue.c **** 
1535:Middlewares/Third_Party/FreeRTOS/Source/queue.c **** 		/* Interrupts and other tasks can give to and take from the semaphore
1536:Middlewares/Third_Party/FreeRTOS/Source/queue.c **** 		now the critical section has been exited. */
1537:Middlewares/Third_Party/FreeRTOS/Source/queue.c **** 
1538:Middlewares/Third_Party/FreeRTOS/Source/queue.c **** 		vTaskSuspendAll();
1539:Middlewares/Third_Party/FreeRTOS/Source/queue.c **** 		prvLockQueue( pxQueue );
1540:Middlewares/Third_Party/FreeRTOS/Source/queue.c **** 
1541:Middlewares/Third_Party/FreeRTOS/Source/queue.c **** 		/* Update the timeout state to see if it has expired yet. */
1542:Middlewares/Third_Party/FreeRTOS/Source/queue.c **** 		if( xTaskCheckForTimeOut( &xTimeOut, &xTicksToWait ) == pdFALSE )
1543:Middlewares/Third_Party/FreeRTOS/Source/queue.c **** 		{
1544:Middlewares/Third_Party/FreeRTOS/Source/queue.c **** 			/* A block time is specified and not expired.  If the semaphore
1545:Middlewares/Third_Party/FreeRTOS/Source/queue.c **** 			count is 0 then enter the Blocked state to wait for a semaphore to
1546:Middlewares/Third_Party/FreeRTOS/Source/queue.c **** 			become available.  As semaphores are implemented with queues the
1547:Middlewares/Third_Party/FreeRTOS/Source/queue.c **** 			queue being empty is equivalent to the semaphore count being 0. */
1548:Middlewares/Third_Party/FreeRTOS/Source/queue.c **** 			if( prvIsQueueEmpty( pxQueue ) != pdFALSE )
1549:Middlewares/Third_Party/FreeRTOS/Source/queue.c **** 			{
1550:Middlewares/Third_Party/FreeRTOS/Source/queue.c **** 				traceBLOCKING_ON_QUEUE_RECEIVE( pxQueue );
1551:Middlewares/Third_Party/FreeRTOS/Source/queue.c **** 
1552:Middlewares/Third_Party/FreeRTOS/Source/queue.c **** 				#if ( configUSE_MUTEXES == 1 )
1553:Middlewares/Third_Party/FreeRTOS/Source/queue.c **** 				{
1554:Middlewares/Third_Party/FreeRTOS/Source/queue.c **** 					if( pxQueue->uxQueueType == queueQUEUE_IS_MUTEX )
1555:Middlewares/Third_Party/FreeRTOS/Source/queue.c **** 					{
1556:Middlewares/Third_Party/FreeRTOS/Source/queue.c **** 						taskENTER_CRITICAL();
1557:Middlewares/Third_Party/FreeRTOS/Source/queue.c **** 						{
1558:Middlewares/Third_Party/FreeRTOS/Source/queue.c **** 							xInheritanceOccurred = xTaskPriorityInherit( pxQueue->u.xSemaphore.xMutexHolder );
1559:Middlewares/Third_Party/FreeRTOS/Source/queue.c **** 						}
1560:Middlewares/Third_Party/FreeRTOS/Source/queue.c **** 						taskEXIT_CRITICAL();
1561:Middlewares/Third_Party/FreeRTOS/Source/queue.c **** 					}
1562:Middlewares/Third_Party/FreeRTOS/Source/queue.c **** 					else
1563:Middlewares/Third_Party/FreeRTOS/Source/queue.c **** 					{
1564:Middlewares/Third_Party/FreeRTOS/Source/queue.c **** 						mtCOVERAGE_TEST_MARKER();
1565:Middlewares/Third_Party/FreeRTOS/Source/queue.c **** 					}
1566:Middlewares/Third_Party/FreeRTOS/Source/queue.c **** 				}
1567:Middlewares/Third_Party/FreeRTOS/Source/queue.c **** 				#endif
1568:Middlewares/Third_Party/FreeRTOS/Source/queue.c **** 
1569:Middlewares/Third_Party/FreeRTOS/Source/queue.c **** 				vTaskPlaceOnEventList( &( pxQueue->xTasksWaitingToReceive ), xTicksToWait );
1570:Middlewares/Third_Party/FreeRTOS/Source/queue.c **** 				prvUnlockQueue( pxQueue );
1571:Middlewares/Third_Party/FreeRTOS/Source/queue.c **** 				if( xTaskResumeAll() == pdFALSE )
ARM GAS  C:\Users\subdia\AppData\Local\Temp\ccc2GLt8.s 			page 29


1572:Middlewares/Third_Party/FreeRTOS/Source/queue.c **** 				{
1573:Middlewares/Third_Party/FreeRTOS/Source/queue.c **** 					portYIELD_WITHIN_API();
1574:Middlewares/Third_Party/FreeRTOS/Source/queue.c **** 				}
1575:Middlewares/Third_Party/FreeRTOS/Source/queue.c **** 				else
1576:Middlewares/Third_Party/FreeRTOS/Source/queue.c **** 				{
1577:Middlewares/Third_Party/FreeRTOS/Source/queue.c **** 					mtCOVERAGE_TEST_MARKER();
1578:Middlewares/Third_Party/FreeRTOS/Source/queue.c **** 				}
1579:Middlewares/Third_Party/FreeRTOS/Source/queue.c **** 			}
1580:Middlewares/Third_Party/FreeRTOS/Source/queue.c **** 			else
1581:Middlewares/Third_Party/FreeRTOS/Source/queue.c **** 			{
1582:Middlewares/Third_Party/FreeRTOS/Source/queue.c **** 				/* There was no timeout and the semaphore count was not 0, so
1583:Middlewares/Third_Party/FreeRTOS/Source/queue.c **** 				attempt to take the semaphore again. */
1584:Middlewares/Third_Party/FreeRTOS/Source/queue.c **** 				prvUnlockQueue( pxQueue );
1585:Middlewares/Third_Party/FreeRTOS/Source/queue.c **** 				( void ) xTaskResumeAll();
1586:Middlewares/Third_Party/FreeRTOS/Source/queue.c **** 			}
1587:Middlewares/Third_Party/FreeRTOS/Source/queue.c **** 		}
1588:Middlewares/Third_Party/FreeRTOS/Source/queue.c **** 		else
1589:Middlewares/Third_Party/FreeRTOS/Source/queue.c **** 		{
1590:Middlewares/Third_Party/FreeRTOS/Source/queue.c **** 			/* Timed out. */
1591:Middlewares/Third_Party/FreeRTOS/Source/queue.c **** 			prvUnlockQueue( pxQueue );
1592:Middlewares/Third_Party/FreeRTOS/Source/queue.c **** 			( void ) xTaskResumeAll();
1593:Middlewares/Third_Party/FreeRTOS/Source/queue.c **** 
1594:Middlewares/Third_Party/FreeRTOS/Source/queue.c **** 			/* If the semaphore count is 0 exit now as the timeout has
1595:Middlewares/Third_Party/FreeRTOS/Source/queue.c **** 			expired.  Otherwise return to attempt to take the semaphore that is
1596:Middlewares/Third_Party/FreeRTOS/Source/queue.c **** 			known to be available.  As semaphores are implemented by queues the
1597:Middlewares/Third_Party/FreeRTOS/Source/queue.c **** 			queue being empty is equivalent to the semaphore count being 0. */
1598:Middlewares/Third_Party/FreeRTOS/Source/queue.c **** 			if( prvIsQueueEmpty( pxQueue ) != pdFALSE )
1599:Middlewares/Third_Party/FreeRTOS/Source/queue.c **** 			{
1600:Middlewares/Third_Party/FreeRTOS/Source/queue.c **** 				#if ( configUSE_MUTEXES == 1 )
1601:Middlewares/Third_Party/FreeRTOS/Source/queue.c **** 				{
1602:Middlewares/Third_Party/FreeRTOS/Source/queue.c **** 					/* xInheritanceOccurred could only have be set if
1603:Middlewares/Third_Party/FreeRTOS/Source/queue.c **** 					pxQueue->uxQueueType == queueQUEUE_IS_MUTEX so no need to
1604:Middlewares/Third_Party/FreeRTOS/Source/queue.c **** 					test the mutex type again to check it is actually a mutex. */
1605:Middlewares/Third_Party/FreeRTOS/Source/queue.c **** 					if( xInheritanceOccurred != pdFALSE )
1606:Middlewares/Third_Party/FreeRTOS/Source/queue.c **** 					{
1607:Middlewares/Third_Party/FreeRTOS/Source/queue.c **** 						taskENTER_CRITICAL();
1608:Middlewares/Third_Party/FreeRTOS/Source/queue.c **** 						{
1609:Middlewares/Third_Party/FreeRTOS/Source/queue.c **** 							UBaseType_t uxHighestWaitingPriority;
1610:Middlewares/Third_Party/FreeRTOS/Source/queue.c **** 
1611:Middlewares/Third_Party/FreeRTOS/Source/queue.c **** 							/* This task blocking on the mutex caused another
1612:Middlewares/Third_Party/FreeRTOS/Source/queue.c **** 							task to inherit this task's priority.  Now this task
1613:Middlewares/Third_Party/FreeRTOS/Source/queue.c **** 							has timed out the priority should be disinherited
1614:Middlewares/Third_Party/FreeRTOS/Source/queue.c **** 							again, but only as low as the next highest priority
1615:Middlewares/Third_Party/FreeRTOS/Source/queue.c **** 							task that is waiting for the same mutex. */
1616:Middlewares/Third_Party/FreeRTOS/Source/queue.c **** 							uxHighestWaitingPriority = prvGetDisinheritPriorityAfterTimeout( pxQueue );
1617:Middlewares/Third_Party/FreeRTOS/Source/queue.c **** 							vTaskPriorityDisinheritAfterTimeout( pxQueue->u.xSemaphore.xMutexHolder, uxHighestWaitingPri
1618:Middlewares/Third_Party/FreeRTOS/Source/queue.c **** 						}
1619:Middlewares/Third_Party/FreeRTOS/Source/queue.c **** 						taskEXIT_CRITICAL();
1620:Middlewares/Third_Party/FreeRTOS/Source/queue.c **** 					}
1621:Middlewares/Third_Party/FreeRTOS/Source/queue.c **** 				}
1622:Middlewares/Third_Party/FreeRTOS/Source/queue.c **** 				#endif /* configUSE_MUTEXES */
1623:Middlewares/Third_Party/FreeRTOS/Source/queue.c **** 
1624:Middlewares/Third_Party/FreeRTOS/Source/queue.c **** 				traceQUEUE_RECEIVE_FAILED( pxQueue );
1625:Middlewares/Third_Party/FreeRTOS/Source/queue.c **** 				return errQUEUE_EMPTY;
1626:Middlewares/Third_Party/FreeRTOS/Source/queue.c **** 			}
1627:Middlewares/Third_Party/FreeRTOS/Source/queue.c **** 			else
1628:Middlewares/Third_Party/FreeRTOS/Source/queue.c **** 			{
ARM GAS  C:\Users\subdia\AppData\Local\Temp\ccc2GLt8.s 			page 30


1629:Middlewares/Third_Party/FreeRTOS/Source/queue.c **** 				mtCOVERAGE_TEST_MARKER();
1630:Middlewares/Third_Party/FreeRTOS/Source/queue.c **** 			}
1631:Middlewares/Third_Party/FreeRTOS/Source/queue.c **** 		}
1632:Middlewares/Third_Party/FreeRTOS/Source/queue.c **** 	} /*lint -restore */
1633:Middlewares/Third_Party/FreeRTOS/Source/queue.c **** }
1634:Middlewares/Third_Party/FreeRTOS/Source/queue.c **** /*-----------------------------------------------------------*/
1635:Middlewares/Third_Party/FreeRTOS/Source/queue.c **** 
1636:Middlewares/Third_Party/FreeRTOS/Source/queue.c **** BaseType_t xQueuePeek( QueueHandle_t xQueue, void * const pvBuffer, TickType_t xTicksToWait )
1637:Middlewares/Third_Party/FreeRTOS/Source/queue.c **** {
1638:Middlewares/Third_Party/FreeRTOS/Source/queue.c **** BaseType_t xEntryTimeSet = pdFALSE;
1639:Middlewares/Third_Party/FreeRTOS/Source/queue.c **** TimeOut_t xTimeOut;
1640:Middlewares/Third_Party/FreeRTOS/Source/queue.c **** int8_t *pcOriginalReadPosition;
1641:Middlewares/Third_Party/FreeRTOS/Source/queue.c **** Queue_t * const pxQueue = xQueue;
1642:Middlewares/Third_Party/FreeRTOS/Source/queue.c **** 
1643:Middlewares/Third_Party/FreeRTOS/Source/queue.c **** 	/* Check the pointer is not NULL. */
1644:Middlewares/Third_Party/FreeRTOS/Source/queue.c **** 	configASSERT( ( pxQueue ) );
1645:Middlewares/Third_Party/FreeRTOS/Source/queue.c **** 
1646:Middlewares/Third_Party/FreeRTOS/Source/queue.c **** 	/* The buffer into which data is received can only be NULL if the data size
1647:Middlewares/Third_Party/FreeRTOS/Source/queue.c **** 	is zero (so no data is copied into the buffer. */
1648:Middlewares/Third_Party/FreeRTOS/Source/queue.c **** 	configASSERT( !( ( ( pvBuffer ) == NULL ) && ( ( pxQueue )->uxItemSize != ( UBaseType_t ) 0U ) ) )
1649:Middlewares/Third_Party/FreeRTOS/Source/queue.c **** 
1650:Middlewares/Third_Party/FreeRTOS/Source/queue.c **** 	/* Cannot block if the scheduler is suspended. */
1651:Middlewares/Third_Party/FreeRTOS/Source/queue.c **** 	#if ( ( INCLUDE_xTaskGetSchedulerState == 1 ) || ( configUSE_TIMERS == 1 ) )
1652:Middlewares/Third_Party/FreeRTOS/Source/queue.c **** 	{
1653:Middlewares/Third_Party/FreeRTOS/Source/queue.c **** 		configASSERT( !( ( xTaskGetSchedulerState() == taskSCHEDULER_SUSPENDED ) && ( xTicksToWait != 0 )
1654:Middlewares/Third_Party/FreeRTOS/Source/queue.c **** 	}
1655:Middlewares/Third_Party/FreeRTOS/Source/queue.c **** 	#endif
1656:Middlewares/Third_Party/FreeRTOS/Source/queue.c **** 
1657:Middlewares/Third_Party/FreeRTOS/Source/queue.c **** 
1658:Middlewares/Third_Party/FreeRTOS/Source/queue.c **** 	/*lint -save -e904  This function relaxes the coding standard somewhat to
1659:Middlewares/Third_Party/FreeRTOS/Source/queue.c **** 	allow return statements within the function itself.  This is done in the
1660:Middlewares/Third_Party/FreeRTOS/Source/queue.c **** 	interest of execution time efficiency. */
1661:Middlewares/Third_Party/FreeRTOS/Source/queue.c **** 	for( ;; )
1662:Middlewares/Third_Party/FreeRTOS/Source/queue.c **** 	{
1663:Middlewares/Third_Party/FreeRTOS/Source/queue.c **** 		taskENTER_CRITICAL();
1664:Middlewares/Third_Party/FreeRTOS/Source/queue.c **** 		{
1665:Middlewares/Third_Party/FreeRTOS/Source/queue.c **** 			const UBaseType_t uxMessagesWaiting = pxQueue->uxMessagesWaiting;
1666:Middlewares/Third_Party/FreeRTOS/Source/queue.c **** 
1667:Middlewares/Third_Party/FreeRTOS/Source/queue.c **** 			/* Is there data in the queue now?  To be running the calling task
1668:Middlewares/Third_Party/FreeRTOS/Source/queue.c **** 			must be the highest priority task wanting to access the queue. */
1669:Middlewares/Third_Party/FreeRTOS/Source/queue.c **** 			if( uxMessagesWaiting > ( UBaseType_t ) 0 )
1670:Middlewares/Third_Party/FreeRTOS/Source/queue.c **** 			{
1671:Middlewares/Third_Party/FreeRTOS/Source/queue.c **** 				/* Remember the read position so it can be reset after the data
1672:Middlewares/Third_Party/FreeRTOS/Source/queue.c **** 				is read from the queue as this function is only peeking the
1673:Middlewares/Third_Party/FreeRTOS/Source/queue.c **** 				data, not removing it. */
1674:Middlewares/Third_Party/FreeRTOS/Source/queue.c **** 				pcOriginalReadPosition = pxQueue->u.xQueue.pcReadFrom;
1675:Middlewares/Third_Party/FreeRTOS/Source/queue.c **** 
1676:Middlewares/Third_Party/FreeRTOS/Source/queue.c **** 				prvCopyDataFromQueue( pxQueue, pvBuffer );
1677:Middlewares/Third_Party/FreeRTOS/Source/queue.c **** 				traceQUEUE_PEEK( pxQueue );
1678:Middlewares/Third_Party/FreeRTOS/Source/queue.c **** 
1679:Middlewares/Third_Party/FreeRTOS/Source/queue.c **** 				/* The data is not being removed, so reset the read pointer. */
1680:Middlewares/Third_Party/FreeRTOS/Source/queue.c **** 				pxQueue->u.xQueue.pcReadFrom = pcOriginalReadPosition;
1681:Middlewares/Third_Party/FreeRTOS/Source/queue.c **** 
1682:Middlewares/Third_Party/FreeRTOS/Source/queue.c **** 				/* The data is being left in the queue, so see if there are
1683:Middlewares/Third_Party/FreeRTOS/Source/queue.c **** 				any other tasks waiting for the data. */
1684:Middlewares/Third_Party/FreeRTOS/Source/queue.c **** 				if( listLIST_IS_EMPTY( &( pxQueue->xTasksWaitingToReceive ) ) == pdFALSE )
1685:Middlewares/Third_Party/FreeRTOS/Source/queue.c **** 				{
ARM GAS  C:\Users\subdia\AppData\Local\Temp\ccc2GLt8.s 			page 31


1686:Middlewares/Third_Party/FreeRTOS/Source/queue.c **** 					if( xTaskRemoveFromEventList( &( pxQueue->xTasksWaitingToReceive ) ) != pdFALSE )
1687:Middlewares/Third_Party/FreeRTOS/Source/queue.c **** 					{
1688:Middlewares/Third_Party/FreeRTOS/Source/queue.c **** 						/* The task waiting has a higher priority than this task. */
1689:Middlewares/Third_Party/FreeRTOS/Source/queue.c **** 						queueYIELD_IF_USING_PREEMPTION();
1690:Middlewares/Third_Party/FreeRTOS/Source/queue.c **** 					}
1691:Middlewares/Third_Party/FreeRTOS/Source/queue.c **** 					else
1692:Middlewares/Third_Party/FreeRTOS/Source/queue.c **** 					{
1693:Middlewares/Third_Party/FreeRTOS/Source/queue.c **** 						mtCOVERAGE_TEST_MARKER();
1694:Middlewares/Third_Party/FreeRTOS/Source/queue.c **** 					}
1695:Middlewares/Third_Party/FreeRTOS/Source/queue.c **** 				}
1696:Middlewares/Third_Party/FreeRTOS/Source/queue.c **** 				else
1697:Middlewares/Third_Party/FreeRTOS/Source/queue.c **** 				{
1698:Middlewares/Third_Party/FreeRTOS/Source/queue.c **** 					mtCOVERAGE_TEST_MARKER();
1699:Middlewares/Third_Party/FreeRTOS/Source/queue.c **** 				}
1700:Middlewares/Third_Party/FreeRTOS/Source/queue.c **** 
1701:Middlewares/Third_Party/FreeRTOS/Source/queue.c **** 				taskEXIT_CRITICAL();
1702:Middlewares/Third_Party/FreeRTOS/Source/queue.c **** 				return pdPASS;
1703:Middlewares/Third_Party/FreeRTOS/Source/queue.c **** 			}
1704:Middlewares/Third_Party/FreeRTOS/Source/queue.c **** 			else
1705:Middlewares/Third_Party/FreeRTOS/Source/queue.c **** 			{
1706:Middlewares/Third_Party/FreeRTOS/Source/queue.c **** 				if( xTicksToWait == ( TickType_t ) 0 )
1707:Middlewares/Third_Party/FreeRTOS/Source/queue.c **** 				{
1708:Middlewares/Third_Party/FreeRTOS/Source/queue.c **** 					/* The queue was empty and no block time is specified (or
1709:Middlewares/Third_Party/FreeRTOS/Source/queue.c **** 					the block time has expired) so leave now. */
1710:Middlewares/Third_Party/FreeRTOS/Source/queue.c **** 					taskEXIT_CRITICAL();
1711:Middlewares/Third_Party/FreeRTOS/Source/queue.c **** 					traceQUEUE_PEEK_FAILED( pxQueue );
1712:Middlewares/Third_Party/FreeRTOS/Source/queue.c **** 					return errQUEUE_EMPTY;
1713:Middlewares/Third_Party/FreeRTOS/Source/queue.c **** 				}
1714:Middlewares/Third_Party/FreeRTOS/Source/queue.c **** 				else if( xEntryTimeSet == pdFALSE )
1715:Middlewares/Third_Party/FreeRTOS/Source/queue.c **** 				{
1716:Middlewares/Third_Party/FreeRTOS/Source/queue.c **** 					/* The queue was empty and a block time was specified so
1717:Middlewares/Third_Party/FreeRTOS/Source/queue.c **** 					configure the timeout structure ready to enter the blocked
1718:Middlewares/Third_Party/FreeRTOS/Source/queue.c **** 					state. */
1719:Middlewares/Third_Party/FreeRTOS/Source/queue.c **** 					vTaskInternalSetTimeOutState( &xTimeOut );
1720:Middlewares/Third_Party/FreeRTOS/Source/queue.c **** 					xEntryTimeSet = pdTRUE;
1721:Middlewares/Third_Party/FreeRTOS/Source/queue.c **** 				}
1722:Middlewares/Third_Party/FreeRTOS/Source/queue.c **** 				else
1723:Middlewares/Third_Party/FreeRTOS/Source/queue.c **** 				{
1724:Middlewares/Third_Party/FreeRTOS/Source/queue.c **** 					/* Entry time was already set. */
1725:Middlewares/Third_Party/FreeRTOS/Source/queue.c **** 					mtCOVERAGE_TEST_MARKER();
1726:Middlewares/Third_Party/FreeRTOS/Source/queue.c **** 				}
1727:Middlewares/Third_Party/FreeRTOS/Source/queue.c **** 			}
1728:Middlewares/Third_Party/FreeRTOS/Source/queue.c **** 		}
1729:Middlewares/Third_Party/FreeRTOS/Source/queue.c **** 		taskEXIT_CRITICAL();
1730:Middlewares/Third_Party/FreeRTOS/Source/queue.c **** 
1731:Middlewares/Third_Party/FreeRTOS/Source/queue.c **** 		/* Interrupts and other tasks can send to and receive from the queue
1732:Middlewares/Third_Party/FreeRTOS/Source/queue.c **** 		now the critical section has been exited. */
1733:Middlewares/Third_Party/FreeRTOS/Source/queue.c **** 
1734:Middlewares/Third_Party/FreeRTOS/Source/queue.c **** 		vTaskSuspendAll();
1735:Middlewares/Third_Party/FreeRTOS/Source/queue.c **** 		prvLockQueue( pxQueue );
1736:Middlewares/Third_Party/FreeRTOS/Source/queue.c **** 
1737:Middlewares/Third_Party/FreeRTOS/Source/queue.c **** 		/* Update the timeout state to see if it has expired yet. */
1738:Middlewares/Third_Party/FreeRTOS/Source/queue.c **** 		if( xTaskCheckForTimeOut( &xTimeOut, &xTicksToWait ) == pdFALSE )
1739:Middlewares/Third_Party/FreeRTOS/Source/queue.c **** 		{
1740:Middlewares/Third_Party/FreeRTOS/Source/queue.c **** 			/* Timeout has not expired yet, check to see if there is data in the
1741:Middlewares/Third_Party/FreeRTOS/Source/queue.c **** 			queue now, and if not enter the Blocked state to wait for data. */
1742:Middlewares/Third_Party/FreeRTOS/Source/queue.c **** 			if( prvIsQueueEmpty( pxQueue ) != pdFALSE )
ARM GAS  C:\Users\subdia\AppData\Local\Temp\ccc2GLt8.s 			page 32


1743:Middlewares/Third_Party/FreeRTOS/Source/queue.c **** 			{
1744:Middlewares/Third_Party/FreeRTOS/Source/queue.c **** 				traceBLOCKING_ON_QUEUE_PEEK( pxQueue );
1745:Middlewares/Third_Party/FreeRTOS/Source/queue.c **** 				vTaskPlaceOnEventList( &( pxQueue->xTasksWaitingToReceive ), xTicksToWait );
1746:Middlewares/Third_Party/FreeRTOS/Source/queue.c **** 				prvUnlockQueue( pxQueue );
1747:Middlewares/Third_Party/FreeRTOS/Source/queue.c **** 				if( xTaskResumeAll() == pdFALSE )
1748:Middlewares/Third_Party/FreeRTOS/Source/queue.c **** 				{
1749:Middlewares/Third_Party/FreeRTOS/Source/queue.c **** 					portYIELD_WITHIN_API();
1750:Middlewares/Third_Party/FreeRTOS/Source/queue.c **** 				}
1751:Middlewares/Third_Party/FreeRTOS/Source/queue.c **** 				else
1752:Middlewares/Third_Party/FreeRTOS/Source/queue.c **** 				{
1753:Middlewares/Third_Party/FreeRTOS/Source/queue.c **** 					mtCOVERAGE_TEST_MARKER();
1754:Middlewares/Third_Party/FreeRTOS/Source/queue.c **** 				}
1755:Middlewares/Third_Party/FreeRTOS/Source/queue.c **** 			}
1756:Middlewares/Third_Party/FreeRTOS/Source/queue.c **** 			else
1757:Middlewares/Third_Party/FreeRTOS/Source/queue.c **** 			{
1758:Middlewares/Third_Party/FreeRTOS/Source/queue.c **** 				/* There is data in the queue now, so don't enter the blocked
1759:Middlewares/Third_Party/FreeRTOS/Source/queue.c **** 				state, instead return to try and obtain the data. */
1760:Middlewares/Third_Party/FreeRTOS/Source/queue.c **** 				prvUnlockQueue( pxQueue );
1761:Middlewares/Third_Party/FreeRTOS/Source/queue.c **** 				( void ) xTaskResumeAll();
1762:Middlewares/Third_Party/FreeRTOS/Source/queue.c **** 			}
1763:Middlewares/Third_Party/FreeRTOS/Source/queue.c **** 		}
1764:Middlewares/Third_Party/FreeRTOS/Source/queue.c **** 		else
1765:Middlewares/Third_Party/FreeRTOS/Source/queue.c **** 		{
1766:Middlewares/Third_Party/FreeRTOS/Source/queue.c **** 			/* The timeout has expired.  If there is still no data in the queue
1767:Middlewares/Third_Party/FreeRTOS/Source/queue.c **** 			exit, otherwise go back and try to read the data again. */
1768:Middlewares/Third_Party/FreeRTOS/Source/queue.c **** 			prvUnlockQueue( pxQueue );
1769:Middlewares/Third_Party/FreeRTOS/Source/queue.c **** 			( void ) xTaskResumeAll();
1770:Middlewares/Third_Party/FreeRTOS/Source/queue.c **** 
1771:Middlewares/Third_Party/FreeRTOS/Source/queue.c **** 			if( prvIsQueueEmpty( pxQueue ) != pdFALSE )
1772:Middlewares/Third_Party/FreeRTOS/Source/queue.c **** 			{
1773:Middlewares/Third_Party/FreeRTOS/Source/queue.c **** 				traceQUEUE_PEEK_FAILED( pxQueue );
1774:Middlewares/Third_Party/FreeRTOS/Source/queue.c **** 				return errQUEUE_EMPTY;
1775:Middlewares/Third_Party/FreeRTOS/Source/queue.c **** 			}
1776:Middlewares/Third_Party/FreeRTOS/Source/queue.c **** 			else
1777:Middlewares/Third_Party/FreeRTOS/Source/queue.c **** 			{
1778:Middlewares/Third_Party/FreeRTOS/Source/queue.c **** 				mtCOVERAGE_TEST_MARKER();
1779:Middlewares/Third_Party/FreeRTOS/Source/queue.c **** 			}
1780:Middlewares/Third_Party/FreeRTOS/Source/queue.c **** 		}
1781:Middlewares/Third_Party/FreeRTOS/Source/queue.c **** 	} /*lint -restore */
1782:Middlewares/Third_Party/FreeRTOS/Source/queue.c **** }
1783:Middlewares/Third_Party/FreeRTOS/Source/queue.c **** /*-----------------------------------------------------------*/
1784:Middlewares/Third_Party/FreeRTOS/Source/queue.c **** 
1785:Middlewares/Third_Party/FreeRTOS/Source/queue.c **** BaseType_t xQueueReceiveFromISR( QueueHandle_t xQueue, void * const pvBuffer, BaseType_t * const px
1786:Middlewares/Third_Party/FreeRTOS/Source/queue.c **** {
1787:Middlewares/Third_Party/FreeRTOS/Source/queue.c **** BaseType_t xReturn;
1788:Middlewares/Third_Party/FreeRTOS/Source/queue.c **** UBaseType_t uxSavedInterruptStatus;
1789:Middlewares/Third_Party/FreeRTOS/Source/queue.c **** Queue_t * const pxQueue = xQueue;
1790:Middlewares/Third_Party/FreeRTOS/Source/queue.c **** 
1791:Middlewares/Third_Party/FreeRTOS/Source/queue.c **** 	configASSERT( pxQueue );
1792:Middlewares/Third_Party/FreeRTOS/Source/queue.c **** 	configASSERT( !( ( pvBuffer == NULL ) && ( pxQueue->uxItemSize != ( UBaseType_t ) 0U ) ) );
1793:Middlewares/Third_Party/FreeRTOS/Source/queue.c **** 
1794:Middlewares/Third_Party/FreeRTOS/Source/queue.c **** 	/* RTOS ports that support interrupt nesting have the concept of a maximum
1795:Middlewares/Third_Party/FreeRTOS/Source/queue.c **** 	system call (or maximum API call) interrupt priority.  Interrupts that are
1796:Middlewares/Third_Party/FreeRTOS/Source/queue.c **** 	above the maximum system call priority are kept permanently enabled, even
1797:Middlewares/Third_Party/FreeRTOS/Source/queue.c **** 	when the RTOS kernel is in a critical section, but cannot make any calls to
1798:Middlewares/Third_Party/FreeRTOS/Source/queue.c **** 	FreeRTOS API functions.  If configASSERT() is defined in FreeRTOSConfig.h
1799:Middlewares/Third_Party/FreeRTOS/Source/queue.c **** 	then portASSERT_IF_INTERRUPT_PRIORITY_INVALID() will result in an assertion
ARM GAS  C:\Users\subdia\AppData\Local\Temp\ccc2GLt8.s 			page 33


1800:Middlewares/Third_Party/FreeRTOS/Source/queue.c **** 	failure if a FreeRTOS API function is called from an interrupt that has been
1801:Middlewares/Third_Party/FreeRTOS/Source/queue.c **** 	assigned a priority above the configured maximum system call priority.
1802:Middlewares/Third_Party/FreeRTOS/Source/queue.c **** 	Only FreeRTOS functions that end in FromISR can be called from interrupts
1803:Middlewares/Third_Party/FreeRTOS/Source/queue.c **** 	that have been assigned a priority at or (logically) below the maximum
1804:Middlewares/Third_Party/FreeRTOS/Source/queue.c **** 	system call	interrupt priority.  FreeRTOS maintains a separate interrupt
1805:Middlewares/Third_Party/FreeRTOS/Source/queue.c **** 	safe API to ensure interrupt entry is as fast and as simple as possible.
1806:Middlewares/Third_Party/FreeRTOS/Source/queue.c **** 	More information (albeit Cortex-M specific) is provided on the following
1807:Middlewares/Third_Party/FreeRTOS/Source/queue.c **** 	link: http://www.freertos.org/RTOS-Cortex-M3-M4.html */
1808:Middlewares/Third_Party/FreeRTOS/Source/queue.c **** 	portASSERT_IF_INTERRUPT_PRIORITY_INVALID();
1809:Middlewares/Third_Party/FreeRTOS/Source/queue.c **** 
1810:Middlewares/Third_Party/FreeRTOS/Source/queue.c **** 	uxSavedInterruptStatus = portSET_INTERRUPT_MASK_FROM_ISR();
1811:Middlewares/Third_Party/FreeRTOS/Source/queue.c **** 	{
1812:Middlewares/Third_Party/FreeRTOS/Source/queue.c **** 		const UBaseType_t uxMessagesWaiting = pxQueue->uxMessagesWaiting;
1813:Middlewares/Third_Party/FreeRTOS/Source/queue.c **** 
1814:Middlewares/Third_Party/FreeRTOS/Source/queue.c **** 		/* Cannot block in an ISR, so check there is data available. */
1815:Middlewares/Third_Party/FreeRTOS/Source/queue.c **** 		if( uxMessagesWaiting > ( UBaseType_t ) 0 )
1816:Middlewares/Third_Party/FreeRTOS/Source/queue.c **** 		{
1817:Middlewares/Third_Party/FreeRTOS/Source/queue.c **** 			const int8_t cRxLock = pxQueue->cRxLock;
1818:Middlewares/Third_Party/FreeRTOS/Source/queue.c **** 
1819:Middlewares/Third_Party/FreeRTOS/Source/queue.c **** 			traceQUEUE_RECEIVE_FROM_ISR( pxQueue );
1820:Middlewares/Third_Party/FreeRTOS/Source/queue.c **** 
1821:Middlewares/Third_Party/FreeRTOS/Source/queue.c **** 			prvCopyDataFromQueue( pxQueue, pvBuffer );
1822:Middlewares/Third_Party/FreeRTOS/Source/queue.c **** 			pxQueue->uxMessagesWaiting = uxMessagesWaiting - ( UBaseType_t ) 1;
1823:Middlewares/Third_Party/FreeRTOS/Source/queue.c **** 
1824:Middlewares/Third_Party/FreeRTOS/Source/queue.c **** 			/* If the queue is locked the event list will not be modified.
1825:Middlewares/Third_Party/FreeRTOS/Source/queue.c **** 			Instead update the lock count so the task that unlocks the queue
1826:Middlewares/Third_Party/FreeRTOS/Source/queue.c **** 			will know that an ISR has removed data while the queue was
1827:Middlewares/Third_Party/FreeRTOS/Source/queue.c **** 			locked. */
1828:Middlewares/Third_Party/FreeRTOS/Source/queue.c **** 			if( cRxLock == queueUNLOCKED )
1829:Middlewares/Third_Party/FreeRTOS/Source/queue.c **** 			{
1830:Middlewares/Third_Party/FreeRTOS/Source/queue.c **** 				if( listLIST_IS_EMPTY( &( pxQueue->xTasksWaitingToSend ) ) == pdFALSE )
1831:Middlewares/Third_Party/FreeRTOS/Source/queue.c **** 				{
1832:Middlewares/Third_Party/FreeRTOS/Source/queue.c **** 					if( xTaskRemoveFromEventList( &( pxQueue->xTasksWaitingToSend ) ) != pdFALSE )
1833:Middlewares/Third_Party/FreeRTOS/Source/queue.c **** 					{
1834:Middlewares/Third_Party/FreeRTOS/Source/queue.c **** 						/* The task waiting has a higher priority than us so
1835:Middlewares/Third_Party/FreeRTOS/Source/queue.c **** 						force a context switch. */
1836:Middlewares/Third_Party/FreeRTOS/Source/queue.c **** 						if( pxHigherPriorityTaskWoken != NULL )
1837:Middlewares/Third_Party/FreeRTOS/Source/queue.c **** 						{
1838:Middlewares/Third_Party/FreeRTOS/Source/queue.c **** 							*pxHigherPriorityTaskWoken = pdTRUE;
1839:Middlewares/Third_Party/FreeRTOS/Source/queue.c **** 						}
1840:Middlewares/Third_Party/FreeRTOS/Source/queue.c **** 						else
1841:Middlewares/Third_Party/FreeRTOS/Source/queue.c **** 						{
1842:Middlewares/Third_Party/FreeRTOS/Source/queue.c **** 							mtCOVERAGE_TEST_MARKER();
1843:Middlewares/Third_Party/FreeRTOS/Source/queue.c **** 						}
1844:Middlewares/Third_Party/FreeRTOS/Source/queue.c **** 					}
1845:Middlewares/Third_Party/FreeRTOS/Source/queue.c **** 					else
1846:Middlewares/Third_Party/FreeRTOS/Source/queue.c **** 					{
1847:Middlewares/Third_Party/FreeRTOS/Source/queue.c **** 						mtCOVERAGE_TEST_MARKER();
1848:Middlewares/Third_Party/FreeRTOS/Source/queue.c **** 					}
1849:Middlewares/Third_Party/FreeRTOS/Source/queue.c **** 				}
1850:Middlewares/Third_Party/FreeRTOS/Source/queue.c **** 				else
1851:Middlewares/Third_Party/FreeRTOS/Source/queue.c **** 				{
1852:Middlewares/Third_Party/FreeRTOS/Source/queue.c **** 					mtCOVERAGE_TEST_MARKER();
1853:Middlewares/Third_Party/FreeRTOS/Source/queue.c **** 				}
1854:Middlewares/Third_Party/FreeRTOS/Source/queue.c **** 			}
1855:Middlewares/Third_Party/FreeRTOS/Source/queue.c **** 			else
1856:Middlewares/Third_Party/FreeRTOS/Source/queue.c **** 			{
ARM GAS  C:\Users\subdia\AppData\Local\Temp\ccc2GLt8.s 			page 34


1857:Middlewares/Third_Party/FreeRTOS/Source/queue.c **** 				/* Increment the lock count so the task that unlocks the queue
1858:Middlewares/Third_Party/FreeRTOS/Source/queue.c **** 				knows that data was removed while it was locked. */
1859:Middlewares/Third_Party/FreeRTOS/Source/queue.c **** 				pxQueue->cRxLock = ( int8_t ) ( cRxLock + 1 );
1860:Middlewares/Third_Party/FreeRTOS/Source/queue.c **** 			}
1861:Middlewares/Third_Party/FreeRTOS/Source/queue.c **** 
1862:Middlewares/Third_Party/FreeRTOS/Source/queue.c **** 			xReturn = pdPASS;
1863:Middlewares/Third_Party/FreeRTOS/Source/queue.c **** 		}
1864:Middlewares/Third_Party/FreeRTOS/Source/queue.c **** 		else
1865:Middlewares/Third_Party/FreeRTOS/Source/queue.c **** 		{
1866:Middlewares/Third_Party/FreeRTOS/Source/queue.c **** 			xReturn = pdFAIL;
1867:Middlewares/Third_Party/FreeRTOS/Source/queue.c **** 			traceQUEUE_RECEIVE_FROM_ISR_FAILED( pxQueue );
1868:Middlewares/Third_Party/FreeRTOS/Source/queue.c **** 		}
1869:Middlewares/Third_Party/FreeRTOS/Source/queue.c **** 	}
1870:Middlewares/Third_Party/FreeRTOS/Source/queue.c **** 	portCLEAR_INTERRUPT_MASK_FROM_ISR( uxSavedInterruptStatus );
1871:Middlewares/Third_Party/FreeRTOS/Source/queue.c **** 
1872:Middlewares/Third_Party/FreeRTOS/Source/queue.c **** 	return xReturn;
1873:Middlewares/Third_Party/FreeRTOS/Source/queue.c **** }
1874:Middlewares/Third_Party/FreeRTOS/Source/queue.c **** /*-----------------------------------------------------------*/
1875:Middlewares/Third_Party/FreeRTOS/Source/queue.c **** 
1876:Middlewares/Third_Party/FreeRTOS/Source/queue.c **** BaseType_t xQueuePeekFromISR( QueueHandle_t xQueue,  void * const pvBuffer )
1877:Middlewares/Third_Party/FreeRTOS/Source/queue.c **** {
1878:Middlewares/Third_Party/FreeRTOS/Source/queue.c **** BaseType_t xReturn;
1879:Middlewares/Third_Party/FreeRTOS/Source/queue.c **** UBaseType_t uxSavedInterruptStatus;
1880:Middlewares/Third_Party/FreeRTOS/Source/queue.c **** int8_t *pcOriginalReadPosition;
1881:Middlewares/Third_Party/FreeRTOS/Source/queue.c **** Queue_t * const pxQueue = xQueue;
1882:Middlewares/Third_Party/FreeRTOS/Source/queue.c **** 
1883:Middlewares/Third_Party/FreeRTOS/Source/queue.c **** 	configASSERT( pxQueue );
1884:Middlewares/Third_Party/FreeRTOS/Source/queue.c **** 	configASSERT( !( ( pvBuffer == NULL ) && ( pxQueue->uxItemSize != ( UBaseType_t ) 0U ) ) );
1885:Middlewares/Third_Party/FreeRTOS/Source/queue.c **** 	configASSERT( pxQueue->uxItemSize != 0 ); /* Can't peek a semaphore. */
1886:Middlewares/Third_Party/FreeRTOS/Source/queue.c **** 
1887:Middlewares/Third_Party/FreeRTOS/Source/queue.c **** 	/* RTOS ports that support interrupt nesting have the concept of a maximum
1888:Middlewares/Third_Party/FreeRTOS/Source/queue.c **** 	system call (or maximum API call) interrupt priority.  Interrupts that are
1889:Middlewares/Third_Party/FreeRTOS/Source/queue.c **** 	above the maximum system call priority are kept permanently enabled, even
1890:Middlewares/Third_Party/FreeRTOS/Source/queue.c **** 	when the RTOS kernel is in a critical section, but cannot make any calls to
1891:Middlewares/Third_Party/FreeRTOS/Source/queue.c **** 	FreeRTOS API functions.  If configASSERT() is defined in FreeRTOSConfig.h
1892:Middlewares/Third_Party/FreeRTOS/Source/queue.c **** 	then portASSERT_IF_INTERRUPT_PRIORITY_INVALID() will result in an assertion
1893:Middlewares/Third_Party/FreeRTOS/Source/queue.c **** 	failure if a FreeRTOS API function is called from an interrupt that has been
1894:Middlewares/Third_Party/FreeRTOS/Source/queue.c **** 	assigned a priority above the configured maximum system call priority.
1895:Middlewares/Third_Party/FreeRTOS/Source/queue.c **** 	Only FreeRTOS functions that end in FromISR can be called from interrupts
1896:Middlewares/Third_Party/FreeRTOS/Source/queue.c **** 	that have been assigned a priority at or (logically) below the maximum
1897:Middlewares/Third_Party/FreeRTOS/Source/queue.c **** 	system call	interrupt priority.  FreeRTOS maintains a separate interrupt
1898:Middlewares/Third_Party/FreeRTOS/Source/queue.c **** 	safe API to ensure interrupt entry is as fast and as simple as possible.
1899:Middlewares/Third_Party/FreeRTOS/Source/queue.c **** 	More information (albeit Cortex-M specific) is provided on the following
1900:Middlewares/Third_Party/FreeRTOS/Source/queue.c **** 	link: http://www.freertos.org/RTOS-Cortex-M3-M4.html */
1901:Middlewares/Third_Party/FreeRTOS/Source/queue.c **** 	portASSERT_IF_INTERRUPT_PRIORITY_INVALID();
1902:Middlewares/Third_Party/FreeRTOS/Source/queue.c **** 
1903:Middlewares/Third_Party/FreeRTOS/Source/queue.c **** 	uxSavedInterruptStatus = portSET_INTERRUPT_MASK_FROM_ISR();
1904:Middlewares/Third_Party/FreeRTOS/Source/queue.c **** 	{
1905:Middlewares/Third_Party/FreeRTOS/Source/queue.c **** 		/* Cannot block in an ISR, so check there is data available. */
1906:Middlewares/Third_Party/FreeRTOS/Source/queue.c **** 		if( pxQueue->uxMessagesWaiting > ( UBaseType_t ) 0 )
1907:Middlewares/Third_Party/FreeRTOS/Source/queue.c **** 		{
1908:Middlewares/Third_Party/FreeRTOS/Source/queue.c **** 			traceQUEUE_PEEK_FROM_ISR( pxQueue );
1909:Middlewares/Third_Party/FreeRTOS/Source/queue.c **** 
1910:Middlewares/Third_Party/FreeRTOS/Source/queue.c **** 			/* Remember the read position so it can be reset as nothing is
1911:Middlewares/Third_Party/FreeRTOS/Source/queue.c **** 			actually being removed from the queue. */
1912:Middlewares/Third_Party/FreeRTOS/Source/queue.c **** 			pcOriginalReadPosition = pxQueue->u.xQueue.pcReadFrom;
1913:Middlewares/Third_Party/FreeRTOS/Source/queue.c **** 			prvCopyDataFromQueue( pxQueue, pvBuffer );
ARM GAS  C:\Users\subdia\AppData\Local\Temp\ccc2GLt8.s 			page 35


1914:Middlewares/Third_Party/FreeRTOS/Source/queue.c **** 			pxQueue->u.xQueue.pcReadFrom = pcOriginalReadPosition;
1915:Middlewares/Third_Party/FreeRTOS/Source/queue.c **** 
1916:Middlewares/Third_Party/FreeRTOS/Source/queue.c **** 			xReturn = pdPASS;
1917:Middlewares/Third_Party/FreeRTOS/Source/queue.c **** 		}
1918:Middlewares/Third_Party/FreeRTOS/Source/queue.c **** 		else
1919:Middlewares/Third_Party/FreeRTOS/Source/queue.c **** 		{
1920:Middlewares/Third_Party/FreeRTOS/Source/queue.c **** 			xReturn = pdFAIL;
1921:Middlewares/Third_Party/FreeRTOS/Source/queue.c **** 			traceQUEUE_PEEK_FROM_ISR_FAILED( pxQueue );
1922:Middlewares/Third_Party/FreeRTOS/Source/queue.c **** 		}
1923:Middlewares/Third_Party/FreeRTOS/Source/queue.c **** 	}
1924:Middlewares/Third_Party/FreeRTOS/Source/queue.c **** 	portCLEAR_INTERRUPT_MASK_FROM_ISR( uxSavedInterruptStatus );
1925:Middlewares/Third_Party/FreeRTOS/Source/queue.c **** 
1926:Middlewares/Third_Party/FreeRTOS/Source/queue.c **** 	return xReturn;
1927:Middlewares/Third_Party/FreeRTOS/Source/queue.c **** }
1928:Middlewares/Third_Party/FreeRTOS/Source/queue.c **** /*-----------------------------------------------------------*/
1929:Middlewares/Third_Party/FreeRTOS/Source/queue.c **** 
1930:Middlewares/Third_Party/FreeRTOS/Source/queue.c **** UBaseType_t uxQueueMessagesWaiting( const QueueHandle_t xQueue )
1931:Middlewares/Third_Party/FreeRTOS/Source/queue.c **** {
1932:Middlewares/Third_Party/FreeRTOS/Source/queue.c **** UBaseType_t uxReturn;
1933:Middlewares/Third_Party/FreeRTOS/Source/queue.c **** 
1934:Middlewares/Third_Party/FreeRTOS/Source/queue.c **** 	configASSERT( xQueue );
1935:Middlewares/Third_Party/FreeRTOS/Source/queue.c **** 
1936:Middlewares/Third_Party/FreeRTOS/Source/queue.c **** 	taskENTER_CRITICAL();
1937:Middlewares/Third_Party/FreeRTOS/Source/queue.c **** 	{
1938:Middlewares/Third_Party/FreeRTOS/Source/queue.c **** 		uxReturn = ( ( Queue_t * ) xQueue )->uxMessagesWaiting;
1939:Middlewares/Third_Party/FreeRTOS/Source/queue.c **** 	}
1940:Middlewares/Third_Party/FreeRTOS/Source/queue.c **** 	taskEXIT_CRITICAL();
1941:Middlewares/Third_Party/FreeRTOS/Source/queue.c **** 
1942:Middlewares/Third_Party/FreeRTOS/Source/queue.c **** 	return uxReturn;
1943:Middlewares/Third_Party/FreeRTOS/Source/queue.c **** } /*lint !e818 Pointer cannot be declared const as xQueue is a typedef not pointer. */
1944:Middlewares/Third_Party/FreeRTOS/Source/queue.c **** /*-----------------------------------------------------------*/
1945:Middlewares/Third_Party/FreeRTOS/Source/queue.c **** 
1946:Middlewares/Third_Party/FreeRTOS/Source/queue.c **** UBaseType_t uxQueueSpacesAvailable( const QueueHandle_t xQueue )
1947:Middlewares/Third_Party/FreeRTOS/Source/queue.c **** {
1948:Middlewares/Third_Party/FreeRTOS/Source/queue.c **** UBaseType_t uxReturn;
1949:Middlewares/Third_Party/FreeRTOS/Source/queue.c **** Queue_t * const pxQueue = xQueue;
1950:Middlewares/Third_Party/FreeRTOS/Source/queue.c **** 
1951:Middlewares/Third_Party/FreeRTOS/Source/queue.c **** 	configASSERT( pxQueue );
1952:Middlewares/Third_Party/FreeRTOS/Source/queue.c **** 
1953:Middlewares/Third_Party/FreeRTOS/Source/queue.c **** 	taskENTER_CRITICAL();
1954:Middlewares/Third_Party/FreeRTOS/Source/queue.c **** 	{
1955:Middlewares/Third_Party/FreeRTOS/Source/queue.c **** 		uxReturn = pxQueue->uxLength - pxQueue->uxMessagesWaiting;
1956:Middlewares/Third_Party/FreeRTOS/Source/queue.c **** 	}
1957:Middlewares/Third_Party/FreeRTOS/Source/queue.c **** 	taskEXIT_CRITICAL();
1958:Middlewares/Third_Party/FreeRTOS/Source/queue.c **** 
1959:Middlewares/Third_Party/FreeRTOS/Source/queue.c **** 	return uxReturn;
1960:Middlewares/Third_Party/FreeRTOS/Source/queue.c **** } /*lint !e818 Pointer cannot be declared const as xQueue is a typedef not pointer. */
1961:Middlewares/Third_Party/FreeRTOS/Source/queue.c **** /*-----------------------------------------------------------*/
1962:Middlewares/Third_Party/FreeRTOS/Source/queue.c **** 
1963:Middlewares/Third_Party/FreeRTOS/Source/queue.c **** UBaseType_t uxQueueMessagesWaitingFromISR( const QueueHandle_t xQueue )
1964:Middlewares/Third_Party/FreeRTOS/Source/queue.c **** {
1965:Middlewares/Third_Party/FreeRTOS/Source/queue.c **** UBaseType_t uxReturn;
1966:Middlewares/Third_Party/FreeRTOS/Source/queue.c **** Queue_t * const pxQueue = xQueue;
1967:Middlewares/Third_Party/FreeRTOS/Source/queue.c **** 
1968:Middlewares/Third_Party/FreeRTOS/Source/queue.c **** 	configASSERT( pxQueue );
1969:Middlewares/Third_Party/FreeRTOS/Source/queue.c **** 	uxReturn = pxQueue->uxMessagesWaiting;
1970:Middlewares/Third_Party/FreeRTOS/Source/queue.c **** 
ARM GAS  C:\Users\subdia\AppData\Local\Temp\ccc2GLt8.s 			page 36


1971:Middlewares/Third_Party/FreeRTOS/Source/queue.c **** 	return uxReturn;
1972:Middlewares/Third_Party/FreeRTOS/Source/queue.c **** } /*lint !e818 Pointer cannot be declared const as xQueue is a typedef not pointer. */
1973:Middlewares/Third_Party/FreeRTOS/Source/queue.c **** /*-----------------------------------------------------------*/
1974:Middlewares/Third_Party/FreeRTOS/Source/queue.c **** 
1975:Middlewares/Third_Party/FreeRTOS/Source/queue.c **** void vQueueDelete( QueueHandle_t xQueue )
1976:Middlewares/Third_Party/FreeRTOS/Source/queue.c **** {
1977:Middlewares/Third_Party/FreeRTOS/Source/queue.c **** Queue_t * const pxQueue = xQueue;
1978:Middlewares/Third_Party/FreeRTOS/Source/queue.c **** 
1979:Middlewares/Third_Party/FreeRTOS/Source/queue.c **** 	configASSERT( pxQueue );
1980:Middlewares/Third_Party/FreeRTOS/Source/queue.c **** 	traceQUEUE_DELETE( pxQueue );
1981:Middlewares/Third_Party/FreeRTOS/Source/queue.c **** 
1982:Middlewares/Third_Party/FreeRTOS/Source/queue.c **** 	#if ( configQUEUE_REGISTRY_SIZE > 0 )
1983:Middlewares/Third_Party/FreeRTOS/Source/queue.c **** 	{
1984:Middlewares/Third_Party/FreeRTOS/Source/queue.c **** 		vQueueUnregisterQueue( pxQueue );
1985:Middlewares/Third_Party/FreeRTOS/Source/queue.c **** 	}
1986:Middlewares/Third_Party/FreeRTOS/Source/queue.c **** 	#endif
1987:Middlewares/Third_Party/FreeRTOS/Source/queue.c **** 
1988:Middlewares/Third_Party/FreeRTOS/Source/queue.c **** 	#if( ( configSUPPORT_DYNAMIC_ALLOCATION == 1 ) && ( configSUPPORT_STATIC_ALLOCATION == 0 ) )
1989:Middlewares/Third_Party/FreeRTOS/Source/queue.c **** 	{
1990:Middlewares/Third_Party/FreeRTOS/Source/queue.c **** 		/* The queue can only have been allocated dynamically - free it
1991:Middlewares/Third_Party/FreeRTOS/Source/queue.c **** 		again. */
1992:Middlewares/Third_Party/FreeRTOS/Source/queue.c **** 		vPortFree( pxQueue );
1993:Middlewares/Third_Party/FreeRTOS/Source/queue.c **** 	}
1994:Middlewares/Third_Party/FreeRTOS/Source/queue.c **** 	#elif( ( configSUPPORT_DYNAMIC_ALLOCATION == 1 ) && ( configSUPPORT_STATIC_ALLOCATION == 1 ) )
1995:Middlewares/Third_Party/FreeRTOS/Source/queue.c **** 	{
1996:Middlewares/Third_Party/FreeRTOS/Source/queue.c **** 		/* The queue could have been allocated statically or dynamically, so
1997:Middlewares/Third_Party/FreeRTOS/Source/queue.c **** 		check before attempting to free the memory. */
1998:Middlewares/Third_Party/FreeRTOS/Source/queue.c **** 		if( pxQueue->ucStaticallyAllocated == ( uint8_t ) pdFALSE )
1999:Middlewares/Third_Party/FreeRTOS/Source/queue.c **** 		{
2000:Middlewares/Third_Party/FreeRTOS/Source/queue.c **** 			vPortFree( pxQueue );
2001:Middlewares/Third_Party/FreeRTOS/Source/queue.c **** 		}
2002:Middlewares/Third_Party/FreeRTOS/Source/queue.c **** 		else
2003:Middlewares/Third_Party/FreeRTOS/Source/queue.c **** 		{
2004:Middlewares/Third_Party/FreeRTOS/Source/queue.c **** 			mtCOVERAGE_TEST_MARKER();
2005:Middlewares/Third_Party/FreeRTOS/Source/queue.c **** 		}
2006:Middlewares/Third_Party/FreeRTOS/Source/queue.c **** 	}
2007:Middlewares/Third_Party/FreeRTOS/Source/queue.c **** 	#else
2008:Middlewares/Third_Party/FreeRTOS/Source/queue.c **** 	{
2009:Middlewares/Third_Party/FreeRTOS/Source/queue.c **** 		/* The queue must have been statically allocated, so is not going to be
2010:Middlewares/Third_Party/FreeRTOS/Source/queue.c **** 		deleted.  Avoid compiler warnings about the unused parameter. */
2011:Middlewares/Third_Party/FreeRTOS/Source/queue.c **** 		( void ) pxQueue;
2012:Middlewares/Third_Party/FreeRTOS/Source/queue.c **** 	}
2013:Middlewares/Third_Party/FreeRTOS/Source/queue.c **** 	#endif /* configSUPPORT_DYNAMIC_ALLOCATION */
2014:Middlewares/Third_Party/FreeRTOS/Source/queue.c **** }
2015:Middlewares/Third_Party/FreeRTOS/Source/queue.c **** /*-----------------------------------------------------------*/
2016:Middlewares/Third_Party/FreeRTOS/Source/queue.c **** 
2017:Middlewares/Third_Party/FreeRTOS/Source/queue.c **** #if ( configUSE_TRACE_FACILITY == 1 )
2018:Middlewares/Third_Party/FreeRTOS/Source/queue.c **** 
2019:Middlewares/Third_Party/FreeRTOS/Source/queue.c **** 	UBaseType_t uxQueueGetQueueNumber( QueueHandle_t xQueue )
2020:Middlewares/Third_Party/FreeRTOS/Source/queue.c **** 	{
2021:Middlewares/Third_Party/FreeRTOS/Source/queue.c **** 		return ( ( Queue_t * ) xQueue )->uxQueueNumber;
2022:Middlewares/Third_Party/FreeRTOS/Source/queue.c **** 	}
2023:Middlewares/Third_Party/FreeRTOS/Source/queue.c **** 
2024:Middlewares/Third_Party/FreeRTOS/Source/queue.c **** #endif /* configUSE_TRACE_FACILITY */
2025:Middlewares/Third_Party/FreeRTOS/Source/queue.c **** /*-----------------------------------------------------------*/
2026:Middlewares/Third_Party/FreeRTOS/Source/queue.c **** 
2027:Middlewares/Third_Party/FreeRTOS/Source/queue.c **** #if ( configUSE_TRACE_FACILITY == 1 )
ARM GAS  C:\Users\subdia\AppData\Local\Temp\ccc2GLt8.s 			page 37


2028:Middlewares/Third_Party/FreeRTOS/Source/queue.c **** 
2029:Middlewares/Third_Party/FreeRTOS/Source/queue.c **** 	void vQueueSetQueueNumber( QueueHandle_t xQueue, UBaseType_t uxQueueNumber )
2030:Middlewares/Third_Party/FreeRTOS/Source/queue.c **** 	{
2031:Middlewares/Third_Party/FreeRTOS/Source/queue.c **** 		( ( Queue_t * ) xQueue )->uxQueueNumber = uxQueueNumber;
2032:Middlewares/Third_Party/FreeRTOS/Source/queue.c **** 	}
2033:Middlewares/Third_Party/FreeRTOS/Source/queue.c **** 
2034:Middlewares/Third_Party/FreeRTOS/Source/queue.c **** #endif /* configUSE_TRACE_FACILITY */
2035:Middlewares/Third_Party/FreeRTOS/Source/queue.c **** /*-----------------------------------------------------------*/
2036:Middlewares/Third_Party/FreeRTOS/Source/queue.c **** 
2037:Middlewares/Third_Party/FreeRTOS/Source/queue.c **** #if ( configUSE_TRACE_FACILITY == 1 )
2038:Middlewares/Third_Party/FreeRTOS/Source/queue.c **** 
2039:Middlewares/Third_Party/FreeRTOS/Source/queue.c **** 	uint8_t ucQueueGetQueueType( QueueHandle_t xQueue )
2040:Middlewares/Third_Party/FreeRTOS/Source/queue.c **** 	{
2041:Middlewares/Third_Party/FreeRTOS/Source/queue.c **** 		return ( ( Queue_t * ) xQueue )->ucQueueType;
2042:Middlewares/Third_Party/FreeRTOS/Source/queue.c **** 	}
2043:Middlewares/Third_Party/FreeRTOS/Source/queue.c **** 
2044:Middlewares/Third_Party/FreeRTOS/Source/queue.c **** #endif /* configUSE_TRACE_FACILITY */
2045:Middlewares/Third_Party/FreeRTOS/Source/queue.c **** /*-----------------------------------------------------------*/
2046:Middlewares/Third_Party/FreeRTOS/Source/queue.c **** 
2047:Middlewares/Third_Party/FreeRTOS/Source/queue.c **** #if( configUSE_MUTEXES == 1 )
2048:Middlewares/Third_Party/FreeRTOS/Source/queue.c **** 
2049:Middlewares/Third_Party/FreeRTOS/Source/queue.c **** 	static UBaseType_t prvGetDisinheritPriorityAfterTimeout( const Queue_t * const pxQueue )
2050:Middlewares/Third_Party/FreeRTOS/Source/queue.c **** 	{
  27              		.loc 1 2050 2 view -0
  28              		.cfi_startproc
  29              		@ args = 0, pretend = 0, frame = 0
  30              		@ frame_needed = 0, uses_anonymous_args = 0
  31              		@ link register save eliminated.
  32              		.loc 1 2050 2 is_stmt 0 view .LVU1
  33 0000 0346     		mov	r3, r0
2051:Middlewares/Third_Party/FreeRTOS/Source/queue.c **** 	UBaseType_t uxHighestPriorityOfWaitingTasks;
  34              		.loc 1 2051 2 is_stmt 1 view .LVU2
2052:Middlewares/Third_Party/FreeRTOS/Source/queue.c **** 
2053:Middlewares/Third_Party/FreeRTOS/Source/queue.c **** 		/* If a task waiting for a mutex causes the mutex holder to inherit a
2054:Middlewares/Third_Party/FreeRTOS/Source/queue.c **** 		priority, but the waiting task times out, then the holder should
2055:Middlewares/Third_Party/FreeRTOS/Source/queue.c **** 		disinherit the priority - but only down to the highest priority of any
2056:Middlewares/Third_Party/FreeRTOS/Source/queue.c **** 		other tasks that are waiting for the same mutex.  For this purpose,
2057:Middlewares/Third_Party/FreeRTOS/Source/queue.c **** 		return the priority of the highest priority task that is waiting for the
2058:Middlewares/Third_Party/FreeRTOS/Source/queue.c **** 		mutex. */
2059:Middlewares/Third_Party/FreeRTOS/Source/queue.c **** 		if( listCURRENT_LIST_LENGTH( &( pxQueue->xTasksWaitingToReceive ) ) > 0U )
  35              		.loc 1 2059 3 view .LVU3
  36              		.loc 1 2059 7 is_stmt 0 view .LVU4
  37 0002 406A     		ldr	r0, [r0, #36]
  38              	.LVL1:
  39              		.loc 1 2059 5 view .LVU5
  40 0004 18B1     		cbz	r0, .L1
2060:Middlewares/Third_Party/FreeRTOS/Source/queue.c **** 		{
2061:Middlewares/Third_Party/FreeRTOS/Source/queue.c **** 			uxHighestPriorityOfWaitingTasks = ( UBaseType_t ) configMAX_PRIORITIES - ( UBaseType_t ) listGET
  41              		.loc 1 2061 4 is_stmt 1 view .LVU6
  42              		.loc 1 2061 93 is_stmt 0 view .LVU7
  43 0006 1B6B     		ldr	r3, [r3, #48]
  44              	.LVL2:
  45              		.loc 1 2061 93 view .LVU8
  46 0008 1868     		ldr	r0, [r3]
  47              		.loc 1 2061 36 view .LVU9
  48 000a C0F10700 		rsb	r0, r0, #7
  49              	.LVL3:
ARM GAS  C:\Users\subdia\AppData\Local\Temp\ccc2GLt8.s 			page 38


2062:Middlewares/Third_Party/FreeRTOS/Source/queue.c **** 		}
2063:Middlewares/Third_Party/FreeRTOS/Source/queue.c **** 		else
2064:Middlewares/Third_Party/FreeRTOS/Source/queue.c **** 		{
2065:Middlewares/Third_Party/FreeRTOS/Source/queue.c **** 			uxHighestPriorityOfWaitingTasks = tskIDLE_PRIORITY;
2066:Middlewares/Third_Party/FreeRTOS/Source/queue.c **** 		}
2067:Middlewares/Third_Party/FreeRTOS/Source/queue.c **** 
2068:Middlewares/Third_Party/FreeRTOS/Source/queue.c **** 		return uxHighestPriorityOfWaitingTasks;
  50              		.loc 1 2068 3 is_stmt 1 view .LVU10
  51              	.L1:
2069:Middlewares/Third_Party/FreeRTOS/Source/queue.c **** 	}
  52              		.loc 1 2069 2 is_stmt 0 view .LVU11
  53 000e 7047     		bx	lr
  54              		.cfi_endproc
  55              	.LFE24:
  57              		.section	.text.prvIsQueueFull,"ax",%progbits
  58              		.align	1
  59              		.syntax unified
  60              		.thumb
  61              		.thumb_func
  63              	prvIsQueueFull:
  64              	.LVL4:
  65              	.LFB30:
2070:Middlewares/Third_Party/FreeRTOS/Source/queue.c **** 
2071:Middlewares/Third_Party/FreeRTOS/Source/queue.c **** #endif /* configUSE_MUTEXES */
2072:Middlewares/Third_Party/FreeRTOS/Source/queue.c **** /*-----------------------------------------------------------*/
2073:Middlewares/Third_Party/FreeRTOS/Source/queue.c **** 
2074:Middlewares/Third_Party/FreeRTOS/Source/queue.c **** static BaseType_t prvCopyDataToQueue( Queue_t * const pxQueue, const void *pvItemToQueue, const Bas
2075:Middlewares/Third_Party/FreeRTOS/Source/queue.c **** {
2076:Middlewares/Third_Party/FreeRTOS/Source/queue.c **** BaseType_t xReturn = pdFALSE;
2077:Middlewares/Third_Party/FreeRTOS/Source/queue.c **** UBaseType_t uxMessagesWaiting;
2078:Middlewares/Third_Party/FreeRTOS/Source/queue.c **** 
2079:Middlewares/Third_Party/FreeRTOS/Source/queue.c **** 	/* This function is called from a critical section. */
2080:Middlewares/Third_Party/FreeRTOS/Source/queue.c **** 
2081:Middlewares/Third_Party/FreeRTOS/Source/queue.c **** 	uxMessagesWaiting = pxQueue->uxMessagesWaiting;
2082:Middlewares/Third_Party/FreeRTOS/Source/queue.c **** 
2083:Middlewares/Third_Party/FreeRTOS/Source/queue.c **** 	if( pxQueue->uxItemSize == ( UBaseType_t ) 0 )
2084:Middlewares/Third_Party/FreeRTOS/Source/queue.c **** 	{
2085:Middlewares/Third_Party/FreeRTOS/Source/queue.c **** 		#if ( configUSE_MUTEXES == 1 )
2086:Middlewares/Third_Party/FreeRTOS/Source/queue.c **** 		{
2087:Middlewares/Third_Party/FreeRTOS/Source/queue.c **** 			if( pxQueue->uxQueueType == queueQUEUE_IS_MUTEX )
2088:Middlewares/Third_Party/FreeRTOS/Source/queue.c **** 			{
2089:Middlewares/Third_Party/FreeRTOS/Source/queue.c **** 				/* The mutex is no longer being held. */
2090:Middlewares/Third_Party/FreeRTOS/Source/queue.c **** 				xReturn = xTaskPriorityDisinherit( pxQueue->u.xSemaphore.xMutexHolder );
2091:Middlewares/Third_Party/FreeRTOS/Source/queue.c **** 				pxQueue->u.xSemaphore.xMutexHolder = NULL;
2092:Middlewares/Third_Party/FreeRTOS/Source/queue.c **** 			}
2093:Middlewares/Third_Party/FreeRTOS/Source/queue.c **** 			else
2094:Middlewares/Third_Party/FreeRTOS/Source/queue.c **** 			{
2095:Middlewares/Third_Party/FreeRTOS/Source/queue.c **** 				mtCOVERAGE_TEST_MARKER();
2096:Middlewares/Third_Party/FreeRTOS/Source/queue.c **** 			}
2097:Middlewares/Third_Party/FreeRTOS/Source/queue.c **** 		}
2098:Middlewares/Third_Party/FreeRTOS/Source/queue.c **** 		#endif /* configUSE_MUTEXES */
2099:Middlewares/Third_Party/FreeRTOS/Source/queue.c **** 	}
2100:Middlewares/Third_Party/FreeRTOS/Source/queue.c **** 	else if( xPosition == queueSEND_TO_BACK )
2101:Middlewares/Third_Party/FreeRTOS/Source/queue.c **** 	{
2102:Middlewares/Third_Party/FreeRTOS/Source/queue.c **** 		( void ) memcpy( ( void * ) pxQueue->pcWriteTo, pvItemToQueue, ( size_t ) pxQueue->uxItemSize ); 
2103:Middlewares/Third_Party/FreeRTOS/Source/queue.c **** 		pxQueue->pcWriteTo += pxQueue->uxItemSize; /*lint !e9016 Pointer arithmetic on char types ok, esp
2104:Middlewares/Third_Party/FreeRTOS/Source/queue.c **** 		if( pxQueue->pcWriteTo >= pxQueue->u.xQueue.pcTail ) /*lint !e946 MISRA exception justified as co
ARM GAS  C:\Users\subdia\AppData\Local\Temp\ccc2GLt8.s 			page 39


2105:Middlewares/Third_Party/FreeRTOS/Source/queue.c **** 		{
2106:Middlewares/Third_Party/FreeRTOS/Source/queue.c **** 			pxQueue->pcWriteTo = pxQueue->pcHead;
2107:Middlewares/Third_Party/FreeRTOS/Source/queue.c **** 		}
2108:Middlewares/Third_Party/FreeRTOS/Source/queue.c **** 		else
2109:Middlewares/Third_Party/FreeRTOS/Source/queue.c **** 		{
2110:Middlewares/Third_Party/FreeRTOS/Source/queue.c **** 			mtCOVERAGE_TEST_MARKER();
2111:Middlewares/Third_Party/FreeRTOS/Source/queue.c **** 		}
2112:Middlewares/Third_Party/FreeRTOS/Source/queue.c **** 	}
2113:Middlewares/Third_Party/FreeRTOS/Source/queue.c **** 	else
2114:Middlewares/Third_Party/FreeRTOS/Source/queue.c **** 	{
2115:Middlewares/Third_Party/FreeRTOS/Source/queue.c **** 		( void ) memcpy( ( void * ) pxQueue->u.xQueue.pcReadFrom, pvItemToQueue, ( size_t ) pxQueue->uxIt
2116:Middlewares/Third_Party/FreeRTOS/Source/queue.c **** 		pxQueue->u.xQueue.pcReadFrom -= pxQueue->uxItemSize;
2117:Middlewares/Third_Party/FreeRTOS/Source/queue.c **** 		if( pxQueue->u.xQueue.pcReadFrom < pxQueue->pcHead ) /*lint !e946 MISRA exception justified as co
2118:Middlewares/Third_Party/FreeRTOS/Source/queue.c **** 		{
2119:Middlewares/Third_Party/FreeRTOS/Source/queue.c **** 			pxQueue->u.xQueue.pcReadFrom = ( pxQueue->u.xQueue.pcTail - pxQueue->uxItemSize );
2120:Middlewares/Third_Party/FreeRTOS/Source/queue.c **** 		}
2121:Middlewares/Third_Party/FreeRTOS/Source/queue.c **** 		else
2122:Middlewares/Third_Party/FreeRTOS/Source/queue.c **** 		{
2123:Middlewares/Third_Party/FreeRTOS/Source/queue.c **** 			mtCOVERAGE_TEST_MARKER();
2124:Middlewares/Third_Party/FreeRTOS/Source/queue.c **** 		}
2125:Middlewares/Third_Party/FreeRTOS/Source/queue.c **** 
2126:Middlewares/Third_Party/FreeRTOS/Source/queue.c **** 		if( xPosition == queueOVERWRITE )
2127:Middlewares/Third_Party/FreeRTOS/Source/queue.c **** 		{
2128:Middlewares/Third_Party/FreeRTOS/Source/queue.c **** 			if( uxMessagesWaiting > ( UBaseType_t ) 0 )
2129:Middlewares/Third_Party/FreeRTOS/Source/queue.c **** 			{
2130:Middlewares/Third_Party/FreeRTOS/Source/queue.c **** 				/* An item is not being added but overwritten, so subtract
2131:Middlewares/Third_Party/FreeRTOS/Source/queue.c **** 				one from the recorded number of items in the queue so when
2132:Middlewares/Third_Party/FreeRTOS/Source/queue.c **** 				one is added again below the number of recorded items remains
2133:Middlewares/Third_Party/FreeRTOS/Source/queue.c **** 				correct. */
2134:Middlewares/Third_Party/FreeRTOS/Source/queue.c **** 				--uxMessagesWaiting;
2135:Middlewares/Third_Party/FreeRTOS/Source/queue.c **** 			}
2136:Middlewares/Third_Party/FreeRTOS/Source/queue.c **** 			else
2137:Middlewares/Third_Party/FreeRTOS/Source/queue.c **** 			{
2138:Middlewares/Third_Party/FreeRTOS/Source/queue.c **** 				mtCOVERAGE_TEST_MARKER();
2139:Middlewares/Third_Party/FreeRTOS/Source/queue.c **** 			}
2140:Middlewares/Third_Party/FreeRTOS/Source/queue.c **** 		}
2141:Middlewares/Third_Party/FreeRTOS/Source/queue.c **** 		else
2142:Middlewares/Third_Party/FreeRTOS/Source/queue.c **** 		{
2143:Middlewares/Third_Party/FreeRTOS/Source/queue.c **** 			mtCOVERAGE_TEST_MARKER();
2144:Middlewares/Third_Party/FreeRTOS/Source/queue.c **** 		}
2145:Middlewares/Third_Party/FreeRTOS/Source/queue.c **** 	}
2146:Middlewares/Third_Party/FreeRTOS/Source/queue.c **** 
2147:Middlewares/Third_Party/FreeRTOS/Source/queue.c **** 	pxQueue->uxMessagesWaiting = uxMessagesWaiting + ( UBaseType_t ) 1;
2148:Middlewares/Third_Party/FreeRTOS/Source/queue.c **** 
2149:Middlewares/Third_Party/FreeRTOS/Source/queue.c **** 	return xReturn;
2150:Middlewares/Third_Party/FreeRTOS/Source/queue.c **** }
2151:Middlewares/Third_Party/FreeRTOS/Source/queue.c **** /*-----------------------------------------------------------*/
2152:Middlewares/Third_Party/FreeRTOS/Source/queue.c **** 
2153:Middlewares/Third_Party/FreeRTOS/Source/queue.c **** static void prvCopyDataFromQueue( Queue_t * const pxQueue, void * const pvBuffer )
2154:Middlewares/Third_Party/FreeRTOS/Source/queue.c **** {
2155:Middlewares/Third_Party/FreeRTOS/Source/queue.c **** 	if( pxQueue->uxItemSize != ( UBaseType_t ) 0 )
2156:Middlewares/Third_Party/FreeRTOS/Source/queue.c **** 	{
2157:Middlewares/Third_Party/FreeRTOS/Source/queue.c **** 		pxQueue->u.xQueue.pcReadFrom += pxQueue->uxItemSize; /*lint !e9016 Pointer arithmetic on char typ
2158:Middlewares/Third_Party/FreeRTOS/Source/queue.c **** 		if( pxQueue->u.xQueue.pcReadFrom >= pxQueue->u.xQueue.pcTail ) /*lint !e946 MISRA exception justi
2159:Middlewares/Third_Party/FreeRTOS/Source/queue.c **** 		{
2160:Middlewares/Third_Party/FreeRTOS/Source/queue.c **** 			pxQueue->u.xQueue.pcReadFrom = pxQueue->pcHead;
2161:Middlewares/Third_Party/FreeRTOS/Source/queue.c **** 		}
ARM GAS  C:\Users\subdia\AppData\Local\Temp\ccc2GLt8.s 			page 40


2162:Middlewares/Third_Party/FreeRTOS/Source/queue.c **** 		else
2163:Middlewares/Third_Party/FreeRTOS/Source/queue.c **** 		{
2164:Middlewares/Third_Party/FreeRTOS/Source/queue.c **** 			mtCOVERAGE_TEST_MARKER();
2165:Middlewares/Third_Party/FreeRTOS/Source/queue.c **** 		}
2166:Middlewares/Third_Party/FreeRTOS/Source/queue.c **** 		( void ) memcpy( ( void * ) pvBuffer, ( void * ) pxQueue->u.xQueue.pcReadFrom, ( size_t ) pxQueue
2167:Middlewares/Third_Party/FreeRTOS/Source/queue.c **** 	}
2168:Middlewares/Third_Party/FreeRTOS/Source/queue.c **** }
2169:Middlewares/Third_Party/FreeRTOS/Source/queue.c **** /*-----------------------------------------------------------*/
2170:Middlewares/Third_Party/FreeRTOS/Source/queue.c **** 
2171:Middlewares/Third_Party/FreeRTOS/Source/queue.c **** static void prvUnlockQueue( Queue_t * const pxQueue )
2172:Middlewares/Third_Party/FreeRTOS/Source/queue.c **** {
2173:Middlewares/Third_Party/FreeRTOS/Source/queue.c **** 	/* THIS FUNCTION MUST BE CALLED WITH THE SCHEDULER SUSPENDED. */
2174:Middlewares/Third_Party/FreeRTOS/Source/queue.c **** 
2175:Middlewares/Third_Party/FreeRTOS/Source/queue.c **** 	/* The lock counts contains the number of extra data items placed or
2176:Middlewares/Third_Party/FreeRTOS/Source/queue.c **** 	removed from the queue while the queue was locked.  When a queue is
2177:Middlewares/Third_Party/FreeRTOS/Source/queue.c **** 	locked items can be added or removed, but the event lists cannot be
2178:Middlewares/Third_Party/FreeRTOS/Source/queue.c **** 	updated. */
2179:Middlewares/Third_Party/FreeRTOS/Source/queue.c **** 	taskENTER_CRITICAL();
2180:Middlewares/Third_Party/FreeRTOS/Source/queue.c **** 	{
2181:Middlewares/Third_Party/FreeRTOS/Source/queue.c **** 		int8_t cTxLock = pxQueue->cTxLock;
2182:Middlewares/Third_Party/FreeRTOS/Source/queue.c **** 
2183:Middlewares/Third_Party/FreeRTOS/Source/queue.c **** 		/* See if data was added to the queue while it was locked. */
2184:Middlewares/Third_Party/FreeRTOS/Source/queue.c **** 		while( cTxLock > queueLOCKED_UNMODIFIED )
2185:Middlewares/Third_Party/FreeRTOS/Source/queue.c **** 		{
2186:Middlewares/Third_Party/FreeRTOS/Source/queue.c **** 			/* Data was posted while the queue was locked.  Are any tasks
2187:Middlewares/Third_Party/FreeRTOS/Source/queue.c **** 			blocked waiting for data to become available? */
2188:Middlewares/Third_Party/FreeRTOS/Source/queue.c **** 			#if ( configUSE_QUEUE_SETS == 1 )
2189:Middlewares/Third_Party/FreeRTOS/Source/queue.c **** 			{
2190:Middlewares/Third_Party/FreeRTOS/Source/queue.c **** 				if( pxQueue->pxQueueSetContainer != NULL )
2191:Middlewares/Third_Party/FreeRTOS/Source/queue.c **** 				{
2192:Middlewares/Third_Party/FreeRTOS/Source/queue.c **** 					if( prvNotifyQueueSetContainer( pxQueue ) != pdFALSE )
2193:Middlewares/Third_Party/FreeRTOS/Source/queue.c **** 					{
2194:Middlewares/Third_Party/FreeRTOS/Source/queue.c **** 						/* The queue is a member of a queue set, and posting to
2195:Middlewares/Third_Party/FreeRTOS/Source/queue.c **** 						the queue set caused a higher priority task to unblock.
2196:Middlewares/Third_Party/FreeRTOS/Source/queue.c **** 						A context switch is required. */
2197:Middlewares/Third_Party/FreeRTOS/Source/queue.c **** 						vTaskMissedYield();
2198:Middlewares/Third_Party/FreeRTOS/Source/queue.c **** 					}
2199:Middlewares/Third_Party/FreeRTOS/Source/queue.c **** 					else
2200:Middlewares/Third_Party/FreeRTOS/Source/queue.c **** 					{
2201:Middlewares/Third_Party/FreeRTOS/Source/queue.c **** 						mtCOVERAGE_TEST_MARKER();
2202:Middlewares/Third_Party/FreeRTOS/Source/queue.c **** 					}
2203:Middlewares/Third_Party/FreeRTOS/Source/queue.c **** 				}
2204:Middlewares/Third_Party/FreeRTOS/Source/queue.c **** 				else
2205:Middlewares/Third_Party/FreeRTOS/Source/queue.c **** 				{
2206:Middlewares/Third_Party/FreeRTOS/Source/queue.c **** 					/* Tasks that are removed from the event list will get
2207:Middlewares/Third_Party/FreeRTOS/Source/queue.c **** 					added to the pending ready list as the scheduler is still
2208:Middlewares/Third_Party/FreeRTOS/Source/queue.c **** 					suspended. */
2209:Middlewares/Third_Party/FreeRTOS/Source/queue.c **** 					if( listLIST_IS_EMPTY( &( pxQueue->xTasksWaitingToReceive ) ) == pdFALSE )
2210:Middlewares/Third_Party/FreeRTOS/Source/queue.c **** 					{
2211:Middlewares/Third_Party/FreeRTOS/Source/queue.c **** 						if( xTaskRemoveFromEventList( &( pxQueue->xTasksWaitingToReceive ) ) != pdFALSE )
2212:Middlewares/Third_Party/FreeRTOS/Source/queue.c **** 						{
2213:Middlewares/Third_Party/FreeRTOS/Source/queue.c **** 							/* The task waiting has a higher priority so record that a
2214:Middlewares/Third_Party/FreeRTOS/Source/queue.c **** 							context	switch is required. */
2215:Middlewares/Third_Party/FreeRTOS/Source/queue.c **** 							vTaskMissedYield();
2216:Middlewares/Third_Party/FreeRTOS/Source/queue.c **** 						}
2217:Middlewares/Third_Party/FreeRTOS/Source/queue.c **** 						else
2218:Middlewares/Third_Party/FreeRTOS/Source/queue.c **** 						{
ARM GAS  C:\Users\subdia\AppData\Local\Temp\ccc2GLt8.s 			page 41


2219:Middlewares/Third_Party/FreeRTOS/Source/queue.c **** 							mtCOVERAGE_TEST_MARKER();
2220:Middlewares/Third_Party/FreeRTOS/Source/queue.c **** 						}
2221:Middlewares/Third_Party/FreeRTOS/Source/queue.c **** 					}
2222:Middlewares/Third_Party/FreeRTOS/Source/queue.c **** 					else
2223:Middlewares/Third_Party/FreeRTOS/Source/queue.c **** 					{
2224:Middlewares/Third_Party/FreeRTOS/Source/queue.c **** 						break;
2225:Middlewares/Third_Party/FreeRTOS/Source/queue.c **** 					}
2226:Middlewares/Third_Party/FreeRTOS/Source/queue.c **** 				}
2227:Middlewares/Third_Party/FreeRTOS/Source/queue.c **** 			}
2228:Middlewares/Third_Party/FreeRTOS/Source/queue.c **** 			#else /* configUSE_QUEUE_SETS */
2229:Middlewares/Third_Party/FreeRTOS/Source/queue.c **** 			{
2230:Middlewares/Third_Party/FreeRTOS/Source/queue.c **** 				/* Tasks that are removed from the event list will get added to
2231:Middlewares/Third_Party/FreeRTOS/Source/queue.c **** 				the pending ready list as the scheduler is still suspended. */
2232:Middlewares/Third_Party/FreeRTOS/Source/queue.c **** 				if( listLIST_IS_EMPTY( &( pxQueue->xTasksWaitingToReceive ) ) == pdFALSE )
2233:Middlewares/Third_Party/FreeRTOS/Source/queue.c **** 				{
2234:Middlewares/Third_Party/FreeRTOS/Source/queue.c **** 					if( xTaskRemoveFromEventList( &( pxQueue->xTasksWaitingToReceive ) ) != pdFALSE )
2235:Middlewares/Third_Party/FreeRTOS/Source/queue.c **** 					{
2236:Middlewares/Third_Party/FreeRTOS/Source/queue.c **** 						/* The task waiting has a higher priority so record that
2237:Middlewares/Third_Party/FreeRTOS/Source/queue.c **** 						a context switch is required. */
2238:Middlewares/Third_Party/FreeRTOS/Source/queue.c **** 						vTaskMissedYield();
2239:Middlewares/Third_Party/FreeRTOS/Source/queue.c **** 					}
2240:Middlewares/Third_Party/FreeRTOS/Source/queue.c **** 					else
2241:Middlewares/Third_Party/FreeRTOS/Source/queue.c **** 					{
2242:Middlewares/Third_Party/FreeRTOS/Source/queue.c **** 						mtCOVERAGE_TEST_MARKER();
2243:Middlewares/Third_Party/FreeRTOS/Source/queue.c **** 					}
2244:Middlewares/Third_Party/FreeRTOS/Source/queue.c **** 				}
2245:Middlewares/Third_Party/FreeRTOS/Source/queue.c **** 				else
2246:Middlewares/Third_Party/FreeRTOS/Source/queue.c **** 				{
2247:Middlewares/Third_Party/FreeRTOS/Source/queue.c **** 					break;
2248:Middlewares/Third_Party/FreeRTOS/Source/queue.c **** 				}
2249:Middlewares/Third_Party/FreeRTOS/Source/queue.c **** 			}
2250:Middlewares/Third_Party/FreeRTOS/Source/queue.c **** 			#endif /* configUSE_QUEUE_SETS */
2251:Middlewares/Third_Party/FreeRTOS/Source/queue.c **** 
2252:Middlewares/Third_Party/FreeRTOS/Source/queue.c **** 			--cTxLock;
2253:Middlewares/Third_Party/FreeRTOS/Source/queue.c **** 		}
2254:Middlewares/Third_Party/FreeRTOS/Source/queue.c **** 
2255:Middlewares/Third_Party/FreeRTOS/Source/queue.c **** 		pxQueue->cTxLock = queueUNLOCKED;
2256:Middlewares/Third_Party/FreeRTOS/Source/queue.c **** 	}
2257:Middlewares/Third_Party/FreeRTOS/Source/queue.c **** 	taskEXIT_CRITICAL();
2258:Middlewares/Third_Party/FreeRTOS/Source/queue.c **** 
2259:Middlewares/Third_Party/FreeRTOS/Source/queue.c **** 	/* Do the same for the Rx lock. */
2260:Middlewares/Third_Party/FreeRTOS/Source/queue.c **** 	taskENTER_CRITICAL();
2261:Middlewares/Third_Party/FreeRTOS/Source/queue.c **** 	{
2262:Middlewares/Third_Party/FreeRTOS/Source/queue.c **** 		int8_t cRxLock = pxQueue->cRxLock;
2263:Middlewares/Third_Party/FreeRTOS/Source/queue.c **** 
2264:Middlewares/Third_Party/FreeRTOS/Source/queue.c **** 		while( cRxLock > queueLOCKED_UNMODIFIED )
2265:Middlewares/Third_Party/FreeRTOS/Source/queue.c **** 		{
2266:Middlewares/Third_Party/FreeRTOS/Source/queue.c **** 			if( listLIST_IS_EMPTY( &( pxQueue->xTasksWaitingToSend ) ) == pdFALSE )
2267:Middlewares/Third_Party/FreeRTOS/Source/queue.c **** 			{
2268:Middlewares/Third_Party/FreeRTOS/Source/queue.c **** 				if( xTaskRemoveFromEventList( &( pxQueue->xTasksWaitingToSend ) ) != pdFALSE )
2269:Middlewares/Third_Party/FreeRTOS/Source/queue.c **** 				{
2270:Middlewares/Third_Party/FreeRTOS/Source/queue.c **** 					vTaskMissedYield();
2271:Middlewares/Third_Party/FreeRTOS/Source/queue.c **** 				}
2272:Middlewares/Third_Party/FreeRTOS/Source/queue.c **** 				else
2273:Middlewares/Third_Party/FreeRTOS/Source/queue.c **** 				{
2274:Middlewares/Third_Party/FreeRTOS/Source/queue.c **** 					mtCOVERAGE_TEST_MARKER();
2275:Middlewares/Third_Party/FreeRTOS/Source/queue.c **** 				}
ARM GAS  C:\Users\subdia\AppData\Local\Temp\ccc2GLt8.s 			page 42


2276:Middlewares/Third_Party/FreeRTOS/Source/queue.c **** 
2277:Middlewares/Third_Party/FreeRTOS/Source/queue.c **** 				--cRxLock;
2278:Middlewares/Third_Party/FreeRTOS/Source/queue.c **** 			}
2279:Middlewares/Third_Party/FreeRTOS/Source/queue.c **** 			else
2280:Middlewares/Third_Party/FreeRTOS/Source/queue.c **** 			{
2281:Middlewares/Third_Party/FreeRTOS/Source/queue.c **** 				break;
2282:Middlewares/Third_Party/FreeRTOS/Source/queue.c **** 			}
2283:Middlewares/Third_Party/FreeRTOS/Source/queue.c **** 		}
2284:Middlewares/Third_Party/FreeRTOS/Source/queue.c **** 
2285:Middlewares/Third_Party/FreeRTOS/Source/queue.c **** 		pxQueue->cRxLock = queueUNLOCKED;
2286:Middlewares/Third_Party/FreeRTOS/Source/queue.c **** 	}
2287:Middlewares/Third_Party/FreeRTOS/Source/queue.c **** 	taskEXIT_CRITICAL();
2288:Middlewares/Third_Party/FreeRTOS/Source/queue.c **** }
2289:Middlewares/Third_Party/FreeRTOS/Source/queue.c **** /*-----------------------------------------------------------*/
2290:Middlewares/Third_Party/FreeRTOS/Source/queue.c **** 
2291:Middlewares/Third_Party/FreeRTOS/Source/queue.c **** static BaseType_t prvIsQueueEmpty( const Queue_t *pxQueue )
2292:Middlewares/Third_Party/FreeRTOS/Source/queue.c **** {
2293:Middlewares/Third_Party/FreeRTOS/Source/queue.c **** BaseType_t xReturn;
2294:Middlewares/Third_Party/FreeRTOS/Source/queue.c **** 
2295:Middlewares/Third_Party/FreeRTOS/Source/queue.c **** 	taskENTER_CRITICAL();
2296:Middlewares/Third_Party/FreeRTOS/Source/queue.c **** 	{
2297:Middlewares/Third_Party/FreeRTOS/Source/queue.c **** 		if( pxQueue->uxMessagesWaiting == ( UBaseType_t )  0 )
2298:Middlewares/Third_Party/FreeRTOS/Source/queue.c **** 		{
2299:Middlewares/Third_Party/FreeRTOS/Source/queue.c **** 			xReturn = pdTRUE;
2300:Middlewares/Third_Party/FreeRTOS/Source/queue.c **** 		}
2301:Middlewares/Third_Party/FreeRTOS/Source/queue.c **** 		else
2302:Middlewares/Third_Party/FreeRTOS/Source/queue.c **** 		{
2303:Middlewares/Third_Party/FreeRTOS/Source/queue.c **** 			xReturn = pdFALSE;
2304:Middlewares/Third_Party/FreeRTOS/Source/queue.c **** 		}
2305:Middlewares/Third_Party/FreeRTOS/Source/queue.c **** 	}
2306:Middlewares/Third_Party/FreeRTOS/Source/queue.c **** 	taskEXIT_CRITICAL();
2307:Middlewares/Third_Party/FreeRTOS/Source/queue.c **** 
2308:Middlewares/Third_Party/FreeRTOS/Source/queue.c **** 	return xReturn;
2309:Middlewares/Third_Party/FreeRTOS/Source/queue.c **** }
2310:Middlewares/Third_Party/FreeRTOS/Source/queue.c **** /*-----------------------------------------------------------*/
2311:Middlewares/Third_Party/FreeRTOS/Source/queue.c **** 
2312:Middlewares/Third_Party/FreeRTOS/Source/queue.c **** BaseType_t xQueueIsQueueEmptyFromISR( const QueueHandle_t xQueue )
2313:Middlewares/Third_Party/FreeRTOS/Source/queue.c **** {
2314:Middlewares/Third_Party/FreeRTOS/Source/queue.c **** BaseType_t xReturn;
2315:Middlewares/Third_Party/FreeRTOS/Source/queue.c **** Queue_t * const pxQueue = xQueue;
2316:Middlewares/Third_Party/FreeRTOS/Source/queue.c **** 
2317:Middlewares/Third_Party/FreeRTOS/Source/queue.c **** 	configASSERT( pxQueue );
2318:Middlewares/Third_Party/FreeRTOS/Source/queue.c **** 	if( pxQueue->uxMessagesWaiting == ( UBaseType_t ) 0 )
2319:Middlewares/Third_Party/FreeRTOS/Source/queue.c **** 	{
2320:Middlewares/Third_Party/FreeRTOS/Source/queue.c **** 		xReturn = pdTRUE;
2321:Middlewares/Third_Party/FreeRTOS/Source/queue.c **** 	}
2322:Middlewares/Third_Party/FreeRTOS/Source/queue.c **** 	else
2323:Middlewares/Third_Party/FreeRTOS/Source/queue.c **** 	{
2324:Middlewares/Third_Party/FreeRTOS/Source/queue.c **** 		xReturn = pdFALSE;
2325:Middlewares/Third_Party/FreeRTOS/Source/queue.c **** 	}
2326:Middlewares/Third_Party/FreeRTOS/Source/queue.c **** 
2327:Middlewares/Third_Party/FreeRTOS/Source/queue.c **** 	return xReturn;
2328:Middlewares/Third_Party/FreeRTOS/Source/queue.c **** } /*lint !e818 xQueue could not be pointer to const because it is a typedef. */
2329:Middlewares/Third_Party/FreeRTOS/Source/queue.c **** /*-----------------------------------------------------------*/
2330:Middlewares/Third_Party/FreeRTOS/Source/queue.c **** 
2331:Middlewares/Third_Party/FreeRTOS/Source/queue.c **** static BaseType_t prvIsQueueFull( const Queue_t *pxQueue )
2332:Middlewares/Third_Party/FreeRTOS/Source/queue.c **** {
ARM GAS  C:\Users\subdia\AppData\Local\Temp\ccc2GLt8.s 			page 43


  66              		.loc 1 2332 1 is_stmt 1 view -0
  67              		.cfi_startproc
  68              		@ args = 0, pretend = 0, frame = 0
  69              		@ frame_needed = 0, uses_anonymous_args = 0
  70              		.loc 1 2332 1 is_stmt 0 view .LVU13
  71 0000 10B5     		push	{r4, lr}
  72              	.LCFI0:
  73              		.cfi_def_cfa_offset 8
  74              		.cfi_offset 4, -8
  75              		.cfi_offset 14, -4
  76 0002 0446     		mov	r4, r0
2333:Middlewares/Third_Party/FreeRTOS/Source/queue.c **** BaseType_t xReturn;
  77              		.loc 1 2333 1 is_stmt 1 view .LVU14
2334:Middlewares/Third_Party/FreeRTOS/Source/queue.c **** 
2335:Middlewares/Third_Party/FreeRTOS/Source/queue.c **** 	taskENTER_CRITICAL();
  78              		.loc 1 2335 2 view .LVU15
  79 0004 FFF7FEFF 		bl	vPortEnterCritical
  80              	.LVL5:
2336:Middlewares/Third_Party/FreeRTOS/Source/queue.c **** 	{
2337:Middlewares/Third_Party/FreeRTOS/Source/queue.c **** 		if( pxQueue->uxMessagesWaiting == pxQueue->uxLength )
  81              		.loc 1 2337 3 view .LVU16
  82              		.loc 1 2337 14 is_stmt 0 view .LVU17
  83 0008 A26B     		ldr	r2, [r4, #56]
  84              		.loc 1 2337 44 view .LVU18
  85 000a E36B     		ldr	r3, [r4, #60]
  86              		.loc 1 2337 5 view .LVU19
  87 000c 9A42     		cmp	r2, r3
  88 000e 04D0     		beq	.L7
2338:Middlewares/Third_Party/FreeRTOS/Source/queue.c **** 		{
2339:Middlewares/Third_Party/FreeRTOS/Source/queue.c **** 			xReturn = pdTRUE;
2340:Middlewares/Third_Party/FreeRTOS/Source/queue.c **** 		}
2341:Middlewares/Third_Party/FreeRTOS/Source/queue.c **** 		else
2342:Middlewares/Third_Party/FreeRTOS/Source/queue.c **** 		{
2343:Middlewares/Third_Party/FreeRTOS/Source/queue.c **** 			xReturn = pdFALSE;
  89              		.loc 1 2343 12 view .LVU20
  90 0010 0024     		movs	r4, #0
  91              	.LVL6:
  92              	.L4:
2344:Middlewares/Third_Party/FreeRTOS/Source/queue.c **** 		}
2345:Middlewares/Third_Party/FreeRTOS/Source/queue.c **** 	}
2346:Middlewares/Third_Party/FreeRTOS/Source/queue.c **** 	taskEXIT_CRITICAL();
  93              		.loc 1 2346 2 is_stmt 1 view .LVU21
  94 0012 FFF7FEFF 		bl	vPortExitCritical
  95              	.LVL7:
2347:Middlewares/Third_Party/FreeRTOS/Source/queue.c **** 
2348:Middlewares/Third_Party/FreeRTOS/Source/queue.c **** 	return xReturn;
  96              		.loc 1 2348 2 view .LVU22
2349:Middlewares/Third_Party/FreeRTOS/Source/queue.c **** }
  97              		.loc 1 2349 1 is_stmt 0 view .LVU23
  98 0016 2046     		mov	r0, r4
  99 0018 10BD     		pop	{r4, pc}
 100              	.LVL8:
 101              	.L7:
2339:Middlewares/Third_Party/FreeRTOS/Source/queue.c **** 		}
 102              		.loc 1 2339 12 view .LVU24
 103 001a 0124     		movs	r4, #1
 104              	.LVL9:
ARM GAS  C:\Users\subdia\AppData\Local\Temp\ccc2GLt8.s 			page 44


2339:Middlewares/Third_Party/FreeRTOS/Source/queue.c **** 		}
 105              		.loc 1 2339 12 view .LVU25
 106 001c F9E7     		b	.L4
 107              		.cfi_endproc
 108              	.LFE30:
 110              		.section	.text.prvIsQueueEmpty,"ax",%progbits
 111              		.align	1
 112              		.syntax unified
 113              		.thumb
 114              		.thumb_func
 116              	prvIsQueueEmpty:
 117              	.LVL10:
 118              	.LFB28:
2292:Middlewares/Third_Party/FreeRTOS/Source/queue.c **** BaseType_t xReturn;
 119              		.loc 1 2292 1 is_stmt 1 view -0
 120              		.cfi_startproc
 121              		@ args = 0, pretend = 0, frame = 0
 122              		@ frame_needed = 0, uses_anonymous_args = 0
2292:Middlewares/Third_Party/FreeRTOS/Source/queue.c **** BaseType_t xReturn;
 123              		.loc 1 2292 1 is_stmt 0 view .LVU27
 124 0000 10B5     		push	{r4, lr}
 125              	.LCFI1:
 126              		.cfi_def_cfa_offset 8
 127              		.cfi_offset 4, -8
 128              		.cfi_offset 14, -4
 129 0002 0446     		mov	r4, r0
2293:Middlewares/Third_Party/FreeRTOS/Source/queue.c **** 
 130              		.loc 1 2293 1 is_stmt 1 view .LVU28
2295:Middlewares/Third_Party/FreeRTOS/Source/queue.c **** 	{
 131              		.loc 1 2295 2 view .LVU29
 132 0004 FFF7FEFF 		bl	vPortEnterCritical
 133              	.LVL11:
2297:Middlewares/Third_Party/FreeRTOS/Source/queue.c **** 		{
 134              		.loc 1 2297 3 view .LVU30
2297:Middlewares/Third_Party/FreeRTOS/Source/queue.c **** 		{
 135              		.loc 1 2297 14 is_stmt 0 view .LVU31
 136 0008 A36B     		ldr	r3, [r4, #56]
2297:Middlewares/Third_Party/FreeRTOS/Source/queue.c **** 		{
 137              		.loc 1 2297 5 view .LVU32
 138 000a 2BB9     		cbnz	r3, .L10
2299:Middlewares/Third_Party/FreeRTOS/Source/queue.c **** 		}
 139              		.loc 1 2299 12 view .LVU33
 140 000c 0123     		movs	r3, #1
 141 000e 1C46     		mov	r4, r3
 142              	.LVL12:
 143              	.L9:
2306:Middlewares/Third_Party/FreeRTOS/Source/queue.c **** 
 144              		.loc 1 2306 2 is_stmt 1 view .LVU34
 145 0010 FFF7FEFF 		bl	vPortExitCritical
 146              	.LVL13:
2308:Middlewares/Third_Party/FreeRTOS/Source/queue.c **** }
 147              		.loc 1 2308 2 view .LVU35
2309:Middlewares/Third_Party/FreeRTOS/Source/queue.c **** /*-----------------------------------------------------------*/
 148              		.loc 1 2309 1 is_stmt 0 view .LVU36
 149 0014 2046     		mov	r0, r4
 150 0016 10BD     		pop	{r4, pc}
 151              	.LVL14:
ARM GAS  C:\Users\subdia\AppData\Local\Temp\ccc2GLt8.s 			page 45


 152              	.L10:
2303:Middlewares/Third_Party/FreeRTOS/Source/queue.c **** 		}
 153              		.loc 1 2303 12 view .LVU37
 154 0018 0023     		movs	r3, #0
 155 001a 1C46     		mov	r4, r3
 156              	.LVL15:
2303:Middlewares/Third_Party/FreeRTOS/Source/queue.c **** 		}
 157              		.loc 1 2303 12 view .LVU38
 158 001c F8E7     		b	.L9
 159              		.cfi_endproc
 160              	.LFE28:
 162              		.section	.text.prvCopyDataToQueue,"ax",%progbits
 163              		.align	1
 164              		.syntax unified
 165              		.thumb
 166              		.thumb_func
 168              	prvCopyDataToQueue:
 169              	.LVL16:
 170              	.LFB25:
2075:Middlewares/Third_Party/FreeRTOS/Source/queue.c **** BaseType_t xReturn = pdFALSE;
 171              		.loc 1 2075 1 is_stmt 1 view -0
 172              		.cfi_startproc
 173              		@ args = 0, pretend = 0, frame = 0
 174              		@ frame_needed = 0, uses_anonymous_args = 0
2075:Middlewares/Third_Party/FreeRTOS/Source/queue.c **** BaseType_t xReturn = pdFALSE;
 175              		.loc 1 2075 1 is_stmt 0 view .LVU40
 176 0000 70B5     		push	{r4, r5, r6, lr}
 177              	.LCFI2:
 178              		.cfi_def_cfa_offset 16
 179              		.cfi_offset 4, -16
 180              		.cfi_offset 5, -12
 181              		.cfi_offset 6, -8
 182              		.cfi_offset 14, -4
 183 0002 0446     		mov	r4, r0
 184 0004 1646     		mov	r6, r2
2076:Middlewares/Third_Party/FreeRTOS/Source/queue.c **** UBaseType_t uxMessagesWaiting;
 185              		.loc 1 2076 1 is_stmt 1 view .LVU41
 186              	.LVL17:
2077:Middlewares/Third_Party/FreeRTOS/Source/queue.c **** 
 187              		.loc 1 2077 1 view .LVU42
2081:Middlewares/Third_Party/FreeRTOS/Source/queue.c **** 
 188              		.loc 1 2081 2 view .LVU43
2081:Middlewares/Third_Party/FreeRTOS/Source/queue.c **** 
 189              		.loc 1 2081 20 is_stmt 0 view .LVU44
 190 0006 856B     		ldr	r5, [r0, #56]
 191              	.LVL18:
2083:Middlewares/Third_Party/FreeRTOS/Source/queue.c **** 	{
 192              		.loc 1 2083 2 is_stmt 1 view .LVU45
2083:Middlewares/Third_Party/FreeRTOS/Source/queue.c **** 	{
 193              		.loc 1 2083 13 is_stmt 0 view .LVU46
 194 0008 026C     		ldr	r2, [r0, #64]
 195              	.LVL19:
2083:Middlewares/Third_Party/FreeRTOS/Source/queue.c **** 	{
 196              		.loc 1 2083 4 view .LVU47
 197 000a 5AB9     		cbnz	r2, .L13
2087:Middlewares/Third_Party/FreeRTOS/Source/queue.c **** 			{
 198              		.loc 1 2087 4 is_stmt 1 view .LVU48
ARM GAS  C:\Users\subdia\AppData\Local\Temp\ccc2GLt8.s 			page 46


2087:Middlewares/Third_Party/FreeRTOS/Source/queue.c **** 			{
 199              		.loc 1 2087 15 is_stmt 0 view .LVU49
 200 000c 0368     		ldr	r3, [r0]
2087:Middlewares/Third_Party/FreeRTOS/Source/queue.c **** 			{
 201              		.loc 1 2087 6 view .LVU50
 202 000e 1BB1     		cbz	r3, .L22
2076:Middlewares/Third_Party/FreeRTOS/Source/queue.c **** UBaseType_t uxMessagesWaiting;
 203              		.loc 1 2076 12 view .LVU51
 204 0010 0020     		movs	r0, #0
 205              	.LVL20:
 206              	.L14:
2143:Middlewares/Third_Party/FreeRTOS/Source/queue.c **** 		}
 207              		.loc 1 2143 28 is_stmt 1 view .LVU52
2147:Middlewares/Third_Party/FreeRTOS/Source/queue.c **** 
 208              		.loc 1 2147 2 view .LVU53
2147:Middlewares/Third_Party/FreeRTOS/Source/queue.c **** 
 209              		.loc 1 2147 49 is_stmt 0 view .LVU54
 210 0012 0135     		adds	r5, r5, #1
 211              	.LVL21:
2147:Middlewares/Third_Party/FreeRTOS/Source/queue.c **** 
 212              		.loc 1 2147 29 view .LVU55
 213 0014 A563     		str	r5, [r4, #56]
2149:Middlewares/Third_Party/FreeRTOS/Source/queue.c **** }
 214              		.loc 1 2149 2 is_stmt 1 view .LVU56
2150:Middlewares/Third_Party/FreeRTOS/Source/queue.c **** /*-----------------------------------------------------------*/
 215              		.loc 1 2150 1 is_stmt 0 view .LVU57
 216 0016 70BD     		pop	{r4, r5, r6, pc}
 217              	.LVL22:
 218              	.L22:
2090:Middlewares/Third_Party/FreeRTOS/Source/queue.c **** 				pxQueue->u.xSemaphore.xMutexHolder = NULL;
 219              		.loc 1 2090 5 is_stmt 1 view .LVU58
2090:Middlewares/Third_Party/FreeRTOS/Source/queue.c **** 				pxQueue->u.xSemaphore.xMutexHolder = NULL;
 220              		.loc 1 2090 15 is_stmt 0 view .LVU59
 221 0018 8068     		ldr	r0, [r0, #8]
 222              	.LVL23:
2090:Middlewares/Third_Party/FreeRTOS/Source/queue.c **** 				pxQueue->u.xSemaphore.xMutexHolder = NULL;
 223              		.loc 1 2090 15 view .LVU60
 224 001a FFF7FEFF 		bl	xTaskPriorityDisinherit
 225              	.LVL24:
2091:Middlewares/Third_Party/FreeRTOS/Source/queue.c **** 			}
 226              		.loc 1 2091 5 is_stmt 1 view .LVU61
2091:Middlewares/Third_Party/FreeRTOS/Source/queue.c **** 			}
 227              		.loc 1 2091 40 is_stmt 0 view .LVU62
 228 001e 0023     		movs	r3, #0
 229 0020 A360     		str	r3, [r4, #8]
 230 0022 F6E7     		b	.L14
 231              	.LVL25:
 232              	.L13:
2100:Middlewares/Third_Party/FreeRTOS/Source/queue.c **** 	{
 233              		.loc 1 2100 7 is_stmt 1 view .LVU63
2100:Middlewares/Third_Party/FreeRTOS/Source/queue.c **** 	{
 234              		.loc 1 2100 9 is_stmt 0 view .LVU64
 235 0024 6EB9     		cbnz	r6, .L15
2102:Middlewares/Third_Party/FreeRTOS/Source/queue.c **** 		pxQueue->pcWriteTo += pxQueue->uxItemSize; /*lint !e9016 Pointer arithmetic on char types ok, esp
 236              		.loc 1 2102 3 is_stmt 1 view .LVU65
2102:Middlewares/Third_Party/FreeRTOS/Source/queue.c **** 		pxQueue->pcWriteTo += pxQueue->uxItemSize; /*lint !e9016 Pointer arithmetic on char types ok, esp
 237              		.loc 1 2102 12 is_stmt 0 view .LVU66
ARM GAS  C:\Users\subdia\AppData\Local\Temp\ccc2GLt8.s 			page 47


 238 0026 4068     		ldr	r0, [r0, #4]
 239              	.LVL26:
2102:Middlewares/Third_Party/FreeRTOS/Source/queue.c **** 		pxQueue->pcWriteTo += pxQueue->uxItemSize; /*lint !e9016 Pointer arithmetic on char types ok, esp
 240              		.loc 1 2102 12 view .LVU67
 241 0028 FFF7FEFF 		bl	memcpy
 242              	.LVL27:
2103:Middlewares/Third_Party/FreeRTOS/Source/queue.c **** 		if( pxQueue->pcWriteTo >= pxQueue->u.xQueue.pcTail ) /*lint !e946 MISRA exception justified as co
 243              		.loc 1 2103 3 is_stmt 1 view .LVU68
2103:Middlewares/Third_Party/FreeRTOS/Source/queue.c **** 		if( pxQueue->pcWriteTo >= pxQueue->u.xQueue.pcTail ) /*lint !e946 MISRA exception justified as co
 244              		.loc 1 2103 10 is_stmt 0 view .LVU69
 245 002c 6368     		ldr	r3, [r4, #4]
2103:Middlewares/Third_Party/FreeRTOS/Source/queue.c **** 		if( pxQueue->pcWriteTo >= pxQueue->u.xQueue.pcTail ) /*lint !e946 MISRA exception justified as co
 246              		.loc 1 2103 32 view .LVU70
 247 002e 226C     		ldr	r2, [r4, #64]
2103:Middlewares/Third_Party/FreeRTOS/Source/queue.c **** 		if( pxQueue->pcWriteTo >= pxQueue->u.xQueue.pcTail ) /*lint !e946 MISRA exception justified as co
 248              		.loc 1 2103 22 view .LVU71
 249 0030 1344     		add	r3, r3, r2
 250 0032 6360     		str	r3, [r4, #4]
2104:Middlewares/Third_Party/FreeRTOS/Source/queue.c **** 		{
 251              		.loc 1 2104 3 is_stmt 1 view .LVU72
2104:Middlewares/Third_Party/FreeRTOS/Source/queue.c **** 		{
 252              		.loc 1 2104 46 is_stmt 0 view .LVU73
 253 0034 A268     		ldr	r2, [r4, #8]
2104:Middlewares/Third_Party/FreeRTOS/Source/queue.c **** 		{
 254              		.loc 1 2104 5 view .LVU74
 255 0036 9342     		cmp	r3, r2
 256 0038 19D3     		bcc	.L18
2106:Middlewares/Third_Party/FreeRTOS/Source/queue.c **** 		}
 257              		.loc 1 2106 4 is_stmt 1 view .LVU75
2106:Middlewares/Third_Party/FreeRTOS/Source/queue.c **** 		}
 258              		.loc 1 2106 32 is_stmt 0 view .LVU76
 259 003a 2368     		ldr	r3, [r4]
2106:Middlewares/Third_Party/FreeRTOS/Source/queue.c **** 		}
 260              		.loc 1 2106 23 view .LVU77
 261 003c 6360     		str	r3, [r4, #4]
2076:Middlewares/Third_Party/FreeRTOS/Source/queue.c **** UBaseType_t uxMessagesWaiting;
 262              		.loc 1 2076 12 view .LVU78
 263 003e 3046     		mov	r0, r6
 264 0040 E7E7     		b	.L14
 265              	.LVL28:
 266              	.L15:
2115:Middlewares/Third_Party/FreeRTOS/Source/queue.c **** 		pxQueue->u.xQueue.pcReadFrom -= pxQueue->uxItemSize;
 267              		.loc 1 2115 3 is_stmt 1 view .LVU79
2115:Middlewares/Third_Party/FreeRTOS/Source/queue.c **** 		pxQueue->u.xQueue.pcReadFrom -= pxQueue->uxItemSize;
 268              		.loc 1 2115 12 is_stmt 0 view .LVU80
 269 0042 C068     		ldr	r0, [r0, #12]
 270              	.LVL29:
2115:Middlewares/Third_Party/FreeRTOS/Source/queue.c **** 		pxQueue->u.xQueue.pcReadFrom -= pxQueue->uxItemSize;
 271              		.loc 1 2115 12 view .LVU81
 272 0044 FFF7FEFF 		bl	memcpy
 273              	.LVL30:
2116:Middlewares/Third_Party/FreeRTOS/Source/queue.c **** 		if( pxQueue->u.xQueue.pcReadFrom < pxQueue->pcHead ) /*lint !e946 MISRA exception justified as co
 274              		.loc 1 2116 3 is_stmt 1 view .LVU82
2116:Middlewares/Third_Party/FreeRTOS/Source/queue.c **** 		if( pxQueue->u.xQueue.pcReadFrom < pxQueue->pcHead ) /*lint !e946 MISRA exception justified as co
 275              		.loc 1 2116 20 is_stmt 0 view .LVU83
 276 0048 E368     		ldr	r3, [r4, #12]
2116:Middlewares/Third_Party/FreeRTOS/Source/queue.c **** 		if( pxQueue->u.xQueue.pcReadFrom < pxQueue->pcHead ) /*lint !e946 MISRA exception justified as co
ARM GAS  C:\Users\subdia\AppData\Local\Temp\ccc2GLt8.s 			page 48


 277              		.loc 1 2116 42 view .LVU84
 278 004a 226C     		ldr	r2, [r4, #64]
2116:Middlewares/Third_Party/FreeRTOS/Source/queue.c **** 		if( pxQueue->u.xQueue.pcReadFrom < pxQueue->pcHead ) /*lint !e946 MISRA exception justified as co
 279              		.loc 1 2116 32 view .LVU85
 280 004c 5142     		rsbs	r1, r2, #0
 281 004e 9B1A     		subs	r3, r3, r2
 282 0050 E360     		str	r3, [r4, #12]
2117:Middlewares/Third_Party/FreeRTOS/Source/queue.c **** 		{
 283              		.loc 1 2117 3 is_stmt 1 view .LVU86
2117:Middlewares/Third_Party/FreeRTOS/Source/queue.c **** 		{
 284              		.loc 1 2117 45 is_stmt 0 view .LVU87
 285 0052 2268     		ldr	r2, [r4]
2117:Middlewares/Third_Party/FreeRTOS/Source/queue.c **** 		{
 286              		.loc 1 2117 5 view .LVU88
 287 0054 9342     		cmp	r3, r2
 288 0056 02D2     		bcs	.L16
2119:Middlewares/Third_Party/FreeRTOS/Source/queue.c **** 		}
 289              		.loc 1 2119 4 is_stmt 1 view .LVU89
2119:Middlewares/Third_Party/FreeRTOS/Source/queue.c **** 		}
 290              		.loc 1 2119 54 is_stmt 0 view .LVU90
 291 0058 A368     		ldr	r3, [r4, #8]
2119:Middlewares/Third_Party/FreeRTOS/Source/queue.c **** 		}
 292              		.loc 1 2119 62 view .LVU91
 293 005a 0B44     		add	r3, r3, r1
2119:Middlewares/Third_Party/FreeRTOS/Source/queue.c **** 		}
 294              		.loc 1 2119 33 view .LVU92
 295 005c E360     		str	r3, [r4, #12]
 296              	.L16:
2123:Middlewares/Third_Party/FreeRTOS/Source/queue.c **** 		}
 297              		.loc 1 2123 28 is_stmt 1 view .LVU93
2126:Middlewares/Third_Party/FreeRTOS/Source/queue.c **** 		{
 298              		.loc 1 2126 3 view .LVU94
2126:Middlewares/Third_Party/FreeRTOS/Source/queue.c **** 		{
 299              		.loc 1 2126 5 is_stmt 0 view .LVU95
 300 005e 022E     		cmp	r6, #2
 301 0060 01D0     		beq	.L23
2076:Middlewares/Third_Party/FreeRTOS/Source/queue.c **** UBaseType_t uxMessagesWaiting;
 302              		.loc 1 2076 12 view .LVU96
 303 0062 0020     		movs	r0, #0
 304 0064 D5E7     		b	.L14
 305              	.L23:
2128:Middlewares/Third_Party/FreeRTOS/Source/queue.c **** 			{
 306              		.loc 1 2128 4 is_stmt 1 view .LVU97
2128:Middlewares/Third_Party/FreeRTOS/Source/queue.c **** 			{
 307              		.loc 1 2128 6 is_stmt 0 view .LVU98
 308 0066 25B1     		cbz	r5, .L20
2134:Middlewares/Third_Party/FreeRTOS/Source/queue.c **** 			}
 309              		.loc 1 2134 5 is_stmt 1 view .LVU99
 310 0068 013D     		subs	r5, r5, #1
 311              	.LVL31:
2076:Middlewares/Third_Party/FreeRTOS/Source/queue.c **** UBaseType_t uxMessagesWaiting;
 312              		.loc 1 2076 12 is_stmt 0 view .LVU100
 313 006a 0020     		movs	r0, #0
 314 006c D1E7     		b	.L14
 315              	.L18:
2076:Middlewares/Third_Party/FreeRTOS/Source/queue.c **** UBaseType_t uxMessagesWaiting;
 316              		.loc 1 2076 12 view .LVU101
ARM GAS  C:\Users\subdia\AppData\Local\Temp\ccc2GLt8.s 			page 49


 317 006e 3046     		mov	r0, r6
 318 0070 CFE7     		b	.L14
 319              	.L20:
2076:Middlewares/Third_Party/FreeRTOS/Source/queue.c **** UBaseType_t uxMessagesWaiting;
 320              		.loc 1 2076 12 view .LVU102
 321 0072 2846     		mov	r0, r5
 322 0074 CDE7     		b	.L14
 323              		.cfi_endproc
 324              	.LFE25:
 326              		.section	.text.prvCopyDataFromQueue,"ax",%progbits
 327              		.align	1
 328              		.syntax unified
 329              		.thumb
 330              		.thumb_func
 332              	prvCopyDataFromQueue:
 333              	.LVL32:
 334              	.LFB26:
2154:Middlewares/Third_Party/FreeRTOS/Source/queue.c **** 	if( pxQueue->uxItemSize != ( UBaseType_t ) 0 )
 335              		.loc 1 2154 1 is_stmt 1 view -0
 336              		.cfi_startproc
 337              		@ args = 0, pretend = 0, frame = 0
 338              		@ frame_needed = 0, uses_anonymous_args = 0
2154:Middlewares/Third_Party/FreeRTOS/Source/queue.c **** 	if( pxQueue->uxItemSize != ( UBaseType_t ) 0 )
 339              		.loc 1 2154 1 is_stmt 0 view .LVU104
 340 0000 08B5     		push	{r3, lr}
 341              	.LCFI3:
 342              		.cfi_def_cfa_offset 8
 343              		.cfi_offset 3, -8
 344              		.cfi_offset 14, -4
 345 0002 0346     		mov	r3, r0
2155:Middlewares/Third_Party/FreeRTOS/Source/queue.c **** 	{
 346              		.loc 1 2155 2 is_stmt 1 view .LVU105
2155:Middlewares/Third_Party/FreeRTOS/Source/queue.c **** 	{
 347              		.loc 1 2155 13 is_stmt 0 view .LVU106
 348 0004 026C     		ldr	r2, [r0, #64]
2155:Middlewares/Third_Party/FreeRTOS/Source/queue.c **** 	{
 349              		.loc 1 2155 4 view .LVU107
 350 0006 62B1     		cbz	r2, .L24
 351 0008 0846     		mov	r0, r1
 352              	.LVL33:
2157:Middlewares/Third_Party/FreeRTOS/Source/queue.c **** 		if( pxQueue->u.xQueue.pcReadFrom >= pxQueue->u.xQueue.pcTail ) /*lint !e946 MISRA exception justi
 353              		.loc 1 2157 3 is_stmt 1 view .LVU108
2157:Middlewares/Third_Party/FreeRTOS/Source/queue.c **** 		if( pxQueue->u.xQueue.pcReadFrom >= pxQueue->u.xQueue.pcTail ) /*lint !e946 MISRA exception justi
 354              		.loc 1 2157 20 is_stmt 0 view .LVU109
 355 000a D968     		ldr	r1, [r3, #12]
 356              	.LVL34:
2157:Middlewares/Third_Party/FreeRTOS/Source/queue.c **** 		if( pxQueue->u.xQueue.pcReadFrom >= pxQueue->u.xQueue.pcTail ) /*lint !e946 MISRA exception justi
 357              		.loc 1 2157 32 view .LVU110
 358 000c 1144     		add	r1, r1, r2
 359 000e D960     		str	r1, [r3, #12]
2158:Middlewares/Third_Party/FreeRTOS/Source/queue.c **** 		{
 360              		.loc 1 2158 3 is_stmt 1 view .LVU111
2158:Middlewares/Third_Party/FreeRTOS/Source/queue.c **** 		{
 361              		.loc 1 2158 5 is_stmt 0 view .LVU112
 362 0010 D3F808C0 		ldr	ip, [r3, #8]
 363 0014 6145     		cmp	r1, ip
 364 0016 01D3     		bcc	.L26
ARM GAS  C:\Users\subdia\AppData\Local\Temp\ccc2GLt8.s 			page 50


2160:Middlewares/Third_Party/FreeRTOS/Source/queue.c **** 		}
 365              		.loc 1 2160 4 is_stmt 1 view .LVU113
2160:Middlewares/Third_Party/FreeRTOS/Source/queue.c **** 		}
 366              		.loc 1 2160 42 is_stmt 0 view .LVU114
 367 0018 1968     		ldr	r1, [r3]
2160:Middlewares/Third_Party/FreeRTOS/Source/queue.c **** 		}
 368              		.loc 1 2160 33 view .LVU115
 369 001a D960     		str	r1, [r3, #12]
 370              	.L26:
2164:Middlewares/Third_Party/FreeRTOS/Source/queue.c **** 		}
 371              		.loc 1 2164 28 is_stmt 1 view .LVU116
2166:Middlewares/Third_Party/FreeRTOS/Source/queue.c **** 	}
 372              		.loc 1 2166 3 view .LVU117
2166:Middlewares/Third_Party/FreeRTOS/Source/queue.c **** 	}
 373              		.loc 1 2166 12 is_stmt 0 view .LVU118
 374 001c D968     		ldr	r1, [r3, #12]
 375 001e FFF7FEFF 		bl	memcpy
 376              	.LVL35:
 377              	.L24:
2168:Middlewares/Third_Party/FreeRTOS/Source/queue.c **** /*-----------------------------------------------------------*/
 378              		.loc 1 2168 1 view .LVU119
 379 0022 08BD     		pop	{r3, pc}
 380              		.cfi_endproc
 381              	.LFE26:
 383              		.section	.text.prvUnlockQueue,"ax",%progbits
 384              		.align	1
 385              		.syntax unified
 386              		.thumb
 387              		.thumb_func
 389              	prvUnlockQueue:
 390              	.LVL36:
 391              	.LFB27:
2172:Middlewares/Third_Party/FreeRTOS/Source/queue.c **** 	/* THIS FUNCTION MUST BE CALLED WITH THE SCHEDULER SUSPENDED. */
 392              		.loc 1 2172 1 is_stmt 1 view -0
 393              		.cfi_startproc
 394              		@ args = 0, pretend = 0, frame = 0
 395              		@ frame_needed = 0, uses_anonymous_args = 0
2172:Middlewares/Third_Party/FreeRTOS/Source/queue.c **** 	/* THIS FUNCTION MUST BE CALLED WITH THE SCHEDULER SUSPENDED. */
 396              		.loc 1 2172 1 is_stmt 0 view .LVU121
 397 0000 38B5     		push	{r3, r4, r5, lr}
 398              	.LCFI4:
 399              		.cfi_def_cfa_offset 16
 400              		.cfi_offset 3, -16
 401              		.cfi_offset 4, -12
 402              		.cfi_offset 5, -8
 403              		.cfi_offset 14, -4
 404 0002 0546     		mov	r5, r0
2179:Middlewares/Third_Party/FreeRTOS/Source/queue.c **** 	{
 405              		.loc 1 2179 2 is_stmt 1 view .LVU122
 406 0004 FFF7FEFF 		bl	vPortEnterCritical
 407              	.LVL37:
 408              	.LBB104:
2181:Middlewares/Third_Party/FreeRTOS/Source/queue.c **** 
 409              		.loc 1 2181 3 view .LVU123
2181:Middlewares/Third_Party/FreeRTOS/Source/queue.c **** 
 410              		.loc 1 2181 10 is_stmt 0 view .LVU124
 411 0008 95F84540 		ldrb	r4, [r5, #69]	@ zero_extendqisi2
ARM GAS  C:\Users\subdia\AppData\Local\Temp\ccc2GLt8.s 			page 51


 412 000c 64B2     		sxtb	r4, r4
 413              	.LVL38:
2184:Middlewares/Third_Party/FreeRTOS/Source/queue.c **** 		{
 414              		.loc 1 2184 3 is_stmt 1 view .LVU125
2184:Middlewares/Third_Party/FreeRTOS/Source/queue.c **** 		{
 415              		.loc 1 2184 8 is_stmt 0 view .LVU126
 416 000e 01E0     		b	.L29
 417              	.L31:
2242:Middlewares/Third_Party/FreeRTOS/Source/queue.c **** 					}
 418              		.loc 1 2242 31 is_stmt 1 view .LVU127
2252:Middlewares/Third_Party/FreeRTOS/Source/queue.c **** 		}
 419              		.loc 1 2252 4 view .LVU128
 420 0010 013C     		subs	r4, r4, #1
 421              	.LVL39:
2252:Middlewares/Third_Party/FreeRTOS/Source/queue.c **** 		}
 422              		.loc 1 2252 4 is_stmt 0 view .LVU129
 423 0012 64B2     		sxtb	r4, r4
 424              	.LVL40:
 425              	.L29:
2184:Middlewares/Third_Party/FreeRTOS/Source/queue.c **** 		{
 426              		.loc 1 2184 18 is_stmt 1 view .LVU130
 427 0014 002C     		cmp	r4, #0
 428 0016 0ADD     		ble	.L30
2232:Middlewares/Third_Party/FreeRTOS/Source/queue.c **** 				{
 429              		.loc 1 2232 5 view .LVU131
2232:Middlewares/Third_Party/FreeRTOS/Source/queue.c **** 				{
 430              		.loc 1 2232 9 is_stmt 0 view .LVU132
 431 0018 6B6A     		ldr	r3, [r5, #36]
2232:Middlewares/Third_Party/FreeRTOS/Source/queue.c **** 				{
 432              		.loc 1 2232 7 view .LVU133
 433 001a 43B1     		cbz	r3, .L30
2234:Middlewares/Third_Party/FreeRTOS/Source/queue.c **** 					{
 434              		.loc 1 2234 6 is_stmt 1 view .LVU134
2234:Middlewares/Third_Party/FreeRTOS/Source/queue.c **** 					{
 435              		.loc 1 2234 10 is_stmt 0 view .LVU135
 436 001c 05F12400 		add	r0, r5, #36
 437 0020 FFF7FEFF 		bl	xTaskRemoveFromEventList
 438              	.LVL41:
2234:Middlewares/Third_Party/FreeRTOS/Source/queue.c **** 					{
 439              		.loc 1 2234 8 discriminator 1 view .LVU136
 440 0024 0028     		cmp	r0, #0
 441 0026 F3D0     		beq	.L31
2238:Middlewares/Third_Party/FreeRTOS/Source/queue.c **** 					}
 442              		.loc 1 2238 7 is_stmt 1 view .LVU137
 443 0028 FFF7FEFF 		bl	vTaskMissedYield
 444              	.LVL42:
 445 002c F0E7     		b	.L31
 446              	.L30:
2255:Middlewares/Third_Party/FreeRTOS/Source/queue.c **** 	}
 447              		.loc 1 2255 3 view .LVU138
2255:Middlewares/Third_Party/FreeRTOS/Source/queue.c **** 	}
 448              		.loc 1 2255 20 is_stmt 0 view .LVU139
 449 002e FF23     		movs	r3, #255
 450 0030 85F84530 		strb	r3, [r5, #69]
 451              	.LBE104:
2257:Middlewares/Third_Party/FreeRTOS/Source/queue.c **** 
 452              		.loc 1 2257 2 is_stmt 1 view .LVU140
ARM GAS  C:\Users\subdia\AppData\Local\Temp\ccc2GLt8.s 			page 52


 453 0034 FFF7FEFF 		bl	vPortExitCritical
 454              	.LVL43:
2260:Middlewares/Third_Party/FreeRTOS/Source/queue.c **** 	{
 455              		.loc 1 2260 2 view .LVU141
 456 0038 FFF7FEFF 		bl	vPortEnterCritical
 457              	.LVL44:
 458              	.LBB105:
2262:Middlewares/Third_Party/FreeRTOS/Source/queue.c **** 
 459              		.loc 1 2262 3 view .LVU142
2262:Middlewares/Third_Party/FreeRTOS/Source/queue.c **** 
 460              		.loc 1 2262 10 is_stmt 0 view .LVU143
 461 003c 95F84440 		ldrb	r4, [r5, #68]	@ zero_extendqisi2
 462              	.LVL45:
2262:Middlewares/Third_Party/FreeRTOS/Source/queue.c **** 
 463              		.loc 1 2262 10 view .LVU144
 464 0040 64B2     		sxtb	r4, r4
 465              	.LVL46:
2264:Middlewares/Third_Party/FreeRTOS/Source/queue.c **** 		{
 466              		.loc 1 2264 3 is_stmt 1 view .LVU145
2264:Middlewares/Third_Party/FreeRTOS/Source/queue.c **** 		{
 467              		.loc 1 2264 8 is_stmt 0 view .LVU146
 468 0042 01E0     		b	.L33
 469              	.L35:
2274:Middlewares/Third_Party/FreeRTOS/Source/queue.c **** 				}
 470              		.loc 1 2274 30 is_stmt 1 view .LVU147
2277:Middlewares/Third_Party/FreeRTOS/Source/queue.c **** 			}
 471              		.loc 1 2277 5 view .LVU148
 472 0044 013C     		subs	r4, r4, #1
 473              	.LVL47:
2277:Middlewares/Third_Party/FreeRTOS/Source/queue.c **** 			}
 474              		.loc 1 2277 5 is_stmt 0 view .LVU149
 475 0046 64B2     		sxtb	r4, r4
 476              	.LVL48:
 477              	.L33:
2264:Middlewares/Third_Party/FreeRTOS/Source/queue.c **** 		{
 478              		.loc 1 2264 18 is_stmt 1 view .LVU150
 479 0048 002C     		cmp	r4, #0
 480 004a 0ADD     		ble	.L34
2266:Middlewares/Third_Party/FreeRTOS/Source/queue.c **** 			{
 481              		.loc 1 2266 4 view .LVU151
2266:Middlewares/Third_Party/FreeRTOS/Source/queue.c **** 			{
 482              		.loc 1 2266 8 is_stmt 0 view .LVU152
 483 004c 2B69     		ldr	r3, [r5, #16]
2266:Middlewares/Third_Party/FreeRTOS/Source/queue.c **** 			{
 484              		.loc 1 2266 6 view .LVU153
 485 004e 43B1     		cbz	r3, .L34
2268:Middlewares/Third_Party/FreeRTOS/Source/queue.c **** 				{
 486              		.loc 1 2268 5 is_stmt 1 view .LVU154
2268:Middlewares/Third_Party/FreeRTOS/Source/queue.c **** 				{
 487              		.loc 1 2268 9 is_stmt 0 view .LVU155
 488 0050 05F11000 		add	r0, r5, #16
 489 0054 FFF7FEFF 		bl	xTaskRemoveFromEventList
 490              	.LVL49:
2268:Middlewares/Third_Party/FreeRTOS/Source/queue.c **** 				{
 491              		.loc 1 2268 7 discriminator 1 view .LVU156
 492 0058 0028     		cmp	r0, #0
 493 005a F3D0     		beq	.L35
ARM GAS  C:\Users\subdia\AppData\Local\Temp\ccc2GLt8.s 			page 53


2270:Middlewares/Third_Party/FreeRTOS/Source/queue.c **** 				}
 494              		.loc 1 2270 6 is_stmt 1 view .LVU157
 495 005c FFF7FEFF 		bl	vTaskMissedYield
 496              	.LVL50:
 497 0060 F0E7     		b	.L35
 498              	.L34:
2285:Middlewares/Third_Party/FreeRTOS/Source/queue.c **** 	}
 499              		.loc 1 2285 3 view .LVU158
2285:Middlewares/Third_Party/FreeRTOS/Source/queue.c **** 	}
 500              		.loc 1 2285 20 is_stmt 0 view .LVU159
 501 0062 FF23     		movs	r3, #255
 502 0064 85F84430 		strb	r3, [r5, #68]
 503              	.LBE105:
2287:Middlewares/Third_Party/FreeRTOS/Source/queue.c **** }
 504              		.loc 1 2287 2 is_stmt 1 view .LVU160
 505 0068 FFF7FEFF 		bl	vPortExitCritical
 506              	.LVL51:
2288:Middlewares/Third_Party/FreeRTOS/Source/queue.c **** /*-----------------------------------------------------------*/
 507              		.loc 1 2288 1 is_stmt 0 view .LVU161
 508 006c 38BD     		pop	{r3, r4, r5, pc}
2288:Middlewares/Third_Party/FreeRTOS/Source/queue.c **** /*-----------------------------------------------------------*/
 509              		.loc 1 2288 1 view .LVU162
 510              		.cfi_endproc
 511              	.LFE27:
 513              		.section	.text.xQueueGenericReset,"ax",%progbits
 514              		.align	1
 515              		.global	xQueueGenericReset
 516              		.syntax unified
 517              		.thumb
 518              		.thumb_func
 520              	xQueueGenericReset:
 521              	.LVL52:
 522              	.LFB5:
 256:Middlewares/Third_Party/FreeRTOS/Source/queue.c **** Queue_t * const pxQueue = xQueue;
 523              		.loc 1 256 1 is_stmt 1 view -0
 524              		.cfi_startproc
 525              		@ args = 0, pretend = 0, frame = 0
 526              		@ frame_needed = 0, uses_anonymous_args = 0
 256:Middlewares/Third_Party/FreeRTOS/Source/queue.c **** Queue_t * const pxQueue = xQueue;
 527              		.loc 1 256 1 is_stmt 0 view .LVU164
 528 0000 38B5     		push	{r3, r4, r5, lr}
 529              	.LCFI5:
 530              		.cfi_def_cfa_offset 16
 531              		.cfi_offset 3, -16
 532              		.cfi_offset 4, -12
 533              		.cfi_offset 5, -8
 534              		.cfi_offset 14, -4
 257:Middlewares/Third_Party/FreeRTOS/Source/queue.c **** 
 535              		.loc 1 257 1 is_stmt 1 view .LVU165
 536              	.LVL53:
 259:Middlewares/Third_Party/FreeRTOS/Source/queue.c **** 
 537              		.loc 1 259 2 view .LVU166
 538 0002 E0B1     		cbz	r0, .L44
 539 0004 0D46     		mov	r5, r1
 540 0006 0446     		mov	r4, r0
 259:Middlewares/Third_Party/FreeRTOS/Source/queue.c **** 
 541              		.loc 1 259 25 view .LVU167
ARM GAS  C:\Users\subdia\AppData\Local\Temp\ccc2GLt8.s 			page 54


 261:Middlewares/Third_Party/FreeRTOS/Source/queue.c **** 	{
 542              		.loc 1 261 2 view .LVU168
 543 0008 FFF7FEFF 		bl	vPortEnterCritical
 544              	.LVL54:
 263:Middlewares/Third_Party/FreeRTOS/Source/queue.c **** 		pxQueue->uxMessagesWaiting = ( UBaseType_t ) 0U;
 545              		.loc 1 263 3 view .LVU169
 263:Middlewares/Third_Party/FreeRTOS/Source/queue.c **** 		pxQueue->uxMessagesWaiting = ( UBaseType_t ) 0U;
 546              		.loc 1 263 37 is_stmt 0 view .LVU170
 547 000c 2368     		ldr	r3, [r4]
 263:Middlewares/Third_Party/FreeRTOS/Source/queue.c **** 		pxQueue->uxMessagesWaiting = ( UBaseType_t ) 0U;
 548              		.loc 1 263 57 view .LVU171
 549 000e E26B     		ldr	r2, [r4, #60]
 263:Middlewares/Third_Party/FreeRTOS/Source/queue.c **** 		pxQueue->uxMessagesWaiting = ( UBaseType_t ) 0U;
 550              		.loc 1 263 77 view .LVU172
 551 0010 216C     		ldr	r1, [r4, #64]
 263:Middlewares/Third_Party/FreeRTOS/Source/queue.c **** 		pxQueue->uxMessagesWaiting = ( UBaseType_t ) 0U;
 552              		.loc 1 263 46 view .LVU173
 553 0012 01FB0230 		mla	r0, r1, r2, r3
 263:Middlewares/Third_Party/FreeRTOS/Source/queue.c **** 		pxQueue->uxMessagesWaiting = ( UBaseType_t ) 0U;
 554              		.loc 1 263 28 view .LVU174
 555 0016 A060     		str	r0, [r4, #8]
 264:Middlewares/Third_Party/FreeRTOS/Source/queue.c **** 		pxQueue->pcWriteTo = pxQueue->pcHead;
 556              		.loc 1 264 3 is_stmt 1 view .LVU175
 264:Middlewares/Third_Party/FreeRTOS/Source/queue.c **** 		pxQueue->pcWriteTo = pxQueue->pcHead;
 557              		.loc 1 264 30 is_stmt 0 view .LVU176
 558 0018 0020     		movs	r0, #0
 559 001a A063     		str	r0, [r4, #56]
 265:Middlewares/Third_Party/FreeRTOS/Source/queue.c **** 		pxQueue->u.xQueue.pcReadFrom = pxQueue->pcHead + ( ( pxQueue->uxLength - 1U ) * pxQueue->uxItemSi
 560              		.loc 1 265 3 is_stmt 1 view .LVU177
 265:Middlewares/Third_Party/FreeRTOS/Source/queue.c **** 		pxQueue->u.xQueue.pcReadFrom = pxQueue->pcHead + ( ( pxQueue->uxLength - 1U ) * pxQueue->uxItemSi
 561              		.loc 1 265 22 is_stmt 0 view .LVU178
 562 001c 6360     		str	r3, [r4, #4]
 266:Middlewares/Third_Party/FreeRTOS/Source/queue.c **** 		pxQueue->cRxLock = queueUNLOCKED;
 563              		.loc 1 266 3 is_stmt 1 view .LVU179
 266:Middlewares/Third_Party/FreeRTOS/Source/queue.c **** 		pxQueue->cRxLock = queueUNLOCKED;
 564              		.loc 1 266 74 is_stmt 0 view .LVU180
 565 001e 013A     		subs	r2, r2, #1
 266:Middlewares/Third_Party/FreeRTOS/Source/queue.c **** 		pxQueue->cRxLock = queueUNLOCKED;
 566              		.loc 1 266 50 view .LVU181
 567 0020 02FB0133 		mla	r3, r2, r1, r3
 266:Middlewares/Third_Party/FreeRTOS/Source/queue.c **** 		pxQueue->cRxLock = queueUNLOCKED;
 568              		.loc 1 266 32 view .LVU182
 569 0024 E360     		str	r3, [r4, #12]
 267:Middlewares/Third_Party/FreeRTOS/Source/queue.c **** 		pxQueue->cTxLock = queueUNLOCKED;
 570              		.loc 1 267 3 is_stmt 1 view .LVU183
 267:Middlewares/Third_Party/FreeRTOS/Source/queue.c **** 		pxQueue->cTxLock = queueUNLOCKED;
 571              		.loc 1 267 20 is_stmt 0 view .LVU184
 572 0026 FF23     		movs	r3, #255
 573 0028 84F84430 		strb	r3, [r4, #68]
 268:Middlewares/Third_Party/FreeRTOS/Source/queue.c **** 
 574              		.loc 1 268 3 is_stmt 1 view .LVU185
 268:Middlewares/Third_Party/FreeRTOS/Source/queue.c **** 
 575              		.loc 1 268 20 is_stmt 0 view .LVU186
 576 002c 84F84530 		strb	r3, [r4, #69]
 270:Middlewares/Third_Party/FreeRTOS/Source/queue.c **** 		{
 577              		.loc 1 270 3 is_stmt 1 view .LVU187
 270:Middlewares/Third_Party/FreeRTOS/Source/queue.c **** 		{
ARM GAS  C:\Users\subdia\AppData\Local\Temp\ccc2GLt8.s 			page 55


 578              		.loc 1 270 5 is_stmt 0 view .LVU188
 579 0030 FDB9     		cbnz	r5, .L41
 277:Middlewares/Third_Party/FreeRTOS/Source/queue.c **** 			{
 580              		.loc 1 277 4 is_stmt 1 view .LVU189
 277:Middlewares/Third_Party/FreeRTOS/Source/queue.c **** 			{
 581              		.loc 1 277 8 is_stmt 0 view .LVU190
 582 0032 2369     		ldr	r3, [r4, #16]
 277:Middlewares/Third_Party/FreeRTOS/Source/queue.c **** 			{
 583              		.loc 1 277 6 view .LVU191
 584 0034 63B9     		cbnz	r3, .L45
 585              	.L42:
 300:Middlewares/Third_Party/FreeRTOS/Source/queue.c **** 
 586              		.loc 1 300 2 is_stmt 1 view .LVU192
 587 0036 FFF7FEFF 		bl	vPortExitCritical
 588              	.LVL55:
 304:Middlewares/Third_Party/FreeRTOS/Source/queue.c **** }
 589              		.loc 1 304 2 view .LVU193
 305:Middlewares/Third_Party/FreeRTOS/Source/queue.c **** /*-----------------------------------------------------------*/
 590              		.loc 1 305 1 is_stmt 0 view .LVU194
 591 003a 0120     		movs	r0, #1
 592 003c 38BD     		pop	{r3, r4, r5, pc}
 593              	.LVL56:
 594              	.L44:
 259:Middlewares/Third_Party/FreeRTOS/Source/queue.c **** 
 595              		.loc 1 259 2 is_stmt 1 discriminator 1 view .LVU195
 596              	.LBB106:
 597              	.LBI106:
 598              		.file 2 "Middlewares/Third_Party/FreeRTOS/Source/portable/GCC/ARM_CM3/portmacro.h"
   1:Middlewares/Third_Party/FreeRTOS/Source/portable/GCC/ARM_CM3/portmacro.h **** /*
   2:Middlewares/Third_Party/FreeRTOS/Source/portable/GCC/ARM_CM3/portmacro.h ****  * FreeRTOS Kernel V10.3.1
   3:Middlewares/Third_Party/FreeRTOS/Source/portable/GCC/ARM_CM3/portmacro.h ****  * Copyright (C) 2020 Amazon.com, Inc. or its affiliates.  All Rights Reserved.
   4:Middlewares/Third_Party/FreeRTOS/Source/portable/GCC/ARM_CM3/portmacro.h ****  *
   5:Middlewares/Third_Party/FreeRTOS/Source/portable/GCC/ARM_CM3/portmacro.h ****  * Permission is hereby granted, free of charge, to any person obtaining a copy of
   6:Middlewares/Third_Party/FreeRTOS/Source/portable/GCC/ARM_CM3/portmacro.h ****  * this software and associated documentation files (the "Software"), to deal in
   7:Middlewares/Third_Party/FreeRTOS/Source/portable/GCC/ARM_CM3/portmacro.h ****  * the Software without restriction, including without limitation the rights to
   8:Middlewares/Third_Party/FreeRTOS/Source/portable/GCC/ARM_CM3/portmacro.h ****  * use, copy, modify, merge, publish, distribute, sublicense, and/or sell copies of
   9:Middlewares/Third_Party/FreeRTOS/Source/portable/GCC/ARM_CM3/portmacro.h ****  * the Software, and to permit persons to whom the Software is furnished to do so,
  10:Middlewares/Third_Party/FreeRTOS/Source/portable/GCC/ARM_CM3/portmacro.h ****  * subject to the following conditions:
  11:Middlewares/Third_Party/FreeRTOS/Source/portable/GCC/ARM_CM3/portmacro.h ****  *
  12:Middlewares/Third_Party/FreeRTOS/Source/portable/GCC/ARM_CM3/portmacro.h ****  * The above copyright notice and this permission notice shall be included in all
  13:Middlewares/Third_Party/FreeRTOS/Source/portable/GCC/ARM_CM3/portmacro.h ****  * copies or substantial portions of the Software.
  14:Middlewares/Third_Party/FreeRTOS/Source/portable/GCC/ARM_CM3/portmacro.h ****  *
  15:Middlewares/Third_Party/FreeRTOS/Source/portable/GCC/ARM_CM3/portmacro.h ****  * THE SOFTWARE IS PROVIDED "AS IS", WITHOUT WARRANTY OF ANY KIND, EXPRESS OR
  16:Middlewares/Third_Party/FreeRTOS/Source/portable/GCC/ARM_CM3/portmacro.h ****  * IMPLIED, INCLUDING BUT NOT LIMITED TO THE WARRANTIES OF MERCHANTABILITY, FITNESS
  17:Middlewares/Third_Party/FreeRTOS/Source/portable/GCC/ARM_CM3/portmacro.h ****  * FOR A PARTICULAR PURPOSE AND NONINFRINGEMENT. IN NO EVENT SHALL THE AUTHORS OR
  18:Middlewares/Third_Party/FreeRTOS/Source/portable/GCC/ARM_CM3/portmacro.h ****  * COPYRIGHT HOLDERS BE LIABLE FOR ANY CLAIM, DAMAGES OR OTHER LIABILITY, WHETHER
  19:Middlewares/Third_Party/FreeRTOS/Source/portable/GCC/ARM_CM3/portmacro.h ****  * IN AN ACTION OF CONTRACT, TORT OR OTHERWISE, ARISING FROM, OUT OF OR IN
  20:Middlewares/Third_Party/FreeRTOS/Source/portable/GCC/ARM_CM3/portmacro.h ****  * CONNECTION WITH THE SOFTWARE OR THE USE OR OTHER DEALINGS IN THE SOFTWARE.
  21:Middlewares/Third_Party/FreeRTOS/Source/portable/GCC/ARM_CM3/portmacro.h ****  *
  22:Middlewares/Third_Party/FreeRTOS/Source/portable/GCC/ARM_CM3/portmacro.h ****  * http://www.FreeRTOS.org
  23:Middlewares/Third_Party/FreeRTOS/Source/portable/GCC/ARM_CM3/portmacro.h ****  * http://aws.amazon.com/freertos
  24:Middlewares/Third_Party/FreeRTOS/Source/portable/GCC/ARM_CM3/portmacro.h ****  *
  25:Middlewares/Third_Party/FreeRTOS/Source/portable/GCC/ARM_CM3/portmacro.h ****  * 1 tab == 4 spaces!
  26:Middlewares/Third_Party/FreeRTOS/Source/portable/GCC/ARM_CM3/portmacro.h ****  */
  27:Middlewares/Third_Party/FreeRTOS/Source/portable/GCC/ARM_CM3/portmacro.h **** 
  28:Middlewares/Third_Party/FreeRTOS/Source/portable/GCC/ARM_CM3/portmacro.h **** 
  29:Middlewares/Third_Party/FreeRTOS/Source/portable/GCC/ARM_CM3/portmacro.h **** #ifndef PORTMACRO_H
ARM GAS  C:\Users\subdia\AppData\Local\Temp\ccc2GLt8.s 			page 56


  30:Middlewares/Third_Party/FreeRTOS/Source/portable/GCC/ARM_CM3/portmacro.h **** #define PORTMACRO_H
  31:Middlewares/Third_Party/FreeRTOS/Source/portable/GCC/ARM_CM3/portmacro.h **** 
  32:Middlewares/Third_Party/FreeRTOS/Source/portable/GCC/ARM_CM3/portmacro.h **** #ifdef __cplusplus
  33:Middlewares/Third_Party/FreeRTOS/Source/portable/GCC/ARM_CM3/portmacro.h **** extern "C" {
  34:Middlewares/Third_Party/FreeRTOS/Source/portable/GCC/ARM_CM3/portmacro.h **** #endif
  35:Middlewares/Third_Party/FreeRTOS/Source/portable/GCC/ARM_CM3/portmacro.h **** 
  36:Middlewares/Third_Party/FreeRTOS/Source/portable/GCC/ARM_CM3/portmacro.h **** /*-----------------------------------------------------------
  37:Middlewares/Third_Party/FreeRTOS/Source/portable/GCC/ARM_CM3/portmacro.h ****  * Port specific definitions.
  38:Middlewares/Third_Party/FreeRTOS/Source/portable/GCC/ARM_CM3/portmacro.h ****  *
  39:Middlewares/Third_Party/FreeRTOS/Source/portable/GCC/ARM_CM3/portmacro.h ****  * The settings in this file configure FreeRTOS correctly for the
  40:Middlewares/Third_Party/FreeRTOS/Source/portable/GCC/ARM_CM3/portmacro.h ****  * given hardware and compiler.
  41:Middlewares/Third_Party/FreeRTOS/Source/portable/GCC/ARM_CM3/portmacro.h ****  *
  42:Middlewares/Third_Party/FreeRTOS/Source/portable/GCC/ARM_CM3/portmacro.h ****  * These settings should not be altered.
  43:Middlewares/Third_Party/FreeRTOS/Source/portable/GCC/ARM_CM3/portmacro.h ****  *-----------------------------------------------------------
  44:Middlewares/Third_Party/FreeRTOS/Source/portable/GCC/ARM_CM3/portmacro.h ****  */
  45:Middlewares/Third_Party/FreeRTOS/Source/portable/GCC/ARM_CM3/portmacro.h **** 
  46:Middlewares/Third_Party/FreeRTOS/Source/portable/GCC/ARM_CM3/portmacro.h **** /* Type definitions. */
  47:Middlewares/Third_Party/FreeRTOS/Source/portable/GCC/ARM_CM3/portmacro.h **** #define portCHAR		char
  48:Middlewares/Third_Party/FreeRTOS/Source/portable/GCC/ARM_CM3/portmacro.h **** #define portFLOAT		float
  49:Middlewares/Third_Party/FreeRTOS/Source/portable/GCC/ARM_CM3/portmacro.h **** #define portDOUBLE		double
  50:Middlewares/Third_Party/FreeRTOS/Source/portable/GCC/ARM_CM3/portmacro.h **** #define portLONG		long
  51:Middlewares/Third_Party/FreeRTOS/Source/portable/GCC/ARM_CM3/portmacro.h **** #define portSHORT		short
  52:Middlewares/Third_Party/FreeRTOS/Source/portable/GCC/ARM_CM3/portmacro.h **** #define portSTACK_TYPE	uint32_t
  53:Middlewares/Third_Party/FreeRTOS/Source/portable/GCC/ARM_CM3/portmacro.h **** #define portBASE_TYPE	long
  54:Middlewares/Third_Party/FreeRTOS/Source/portable/GCC/ARM_CM3/portmacro.h **** 
  55:Middlewares/Third_Party/FreeRTOS/Source/portable/GCC/ARM_CM3/portmacro.h **** typedef portSTACK_TYPE StackType_t;
  56:Middlewares/Third_Party/FreeRTOS/Source/portable/GCC/ARM_CM3/portmacro.h **** typedef long BaseType_t;
  57:Middlewares/Third_Party/FreeRTOS/Source/portable/GCC/ARM_CM3/portmacro.h **** typedef unsigned long UBaseType_t;
  58:Middlewares/Third_Party/FreeRTOS/Source/portable/GCC/ARM_CM3/portmacro.h **** 
  59:Middlewares/Third_Party/FreeRTOS/Source/portable/GCC/ARM_CM3/portmacro.h **** #if( configUSE_16_BIT_TICKS == 1 )
  60:Middlewares/Third_Party/FreeRTOS/Source/portable/GCC/ARM_CM3/portmacro.h **** 	typedef uint16_t TickType_t;
  61:Middlewares/Third_Party/FreeRTOS/Source/portable/GCC/ARM_CM3/portmacro.h **** 	#define portMAX_DELAY ( TickType_t ) 0xffff
  62:Middlewares/Third_Party/FreeRTOS/Source/portable/GCC/ARM_CM3/portmacro.h **** #else
  63:Middlewares/Third_Party/FreeRTOS/Source/portable/GCC/ARM_CM3/portmacro.h **** 	typedef uint32_t TickType_t;
  64:Middlewares/Third_Party/FreeRTOS/Source/portable/GCC/ARM_CM3/portmacro.h **** 	#define portMAX_DELAY ( TickType_t ) 0xffffffffUL
  65:Middlewares/Third_Party/FreeRTOS/Source/portable/GCC/ARM_CM3/portmacro.h **** 
  66:Middlewares/Third_Party/FreeRTOS/Source/portable/GCC/ARM_CM3/portmacro.h **** 	/* 32-bit tick type on a 32-bit architecture, so reads of the tick count do
  67:Middlewares/Third_Party/FreeRTOS/Source/portable/GCC/ARM_CM3/portmacro.h **** 	not need to be guarded with a critical section. */
  68:Middlewares/Third_Party/FreeRTOS/Source/portable/GCC/ARM_CM3/portmacro.h **** 	#define portTICK_TYPE_IS_ATOMIC 1
  69:Middlewares/Third_Party/FreeRTOS/Source/portable/GCC/ARM_CM3/portmacro.h **** #endif
  70:Middlewares/Third_Party/FreeRTOS/Source/portable/GCC/ARM_CM3/portmacro.h **** /*-----------------------------------------------------------*/
  71:Middlewares/Third_Party/FreeRTOS/Source/portable/GCC/ARM_CM3/portmacro.h **** 
  72:Middlewares/Third_Party/FreeRTOS/Source/portable/GCC/ARM_CM3/portmacro.h **** /* Architecture specifics. */
  73:Middlewares/Third_Party/FreeRTOS/Source/portable/GCC/ARM_CM3/portmacro.h **** #define portSTACK_GROWTH			( -1 )
  74:Middlewares/Third_Party/FreeRTOS/Source/portable/GCC/ARM_CM3/portmacro.h **** #define portTICK_PERIOD_MS			( ( TickType_t ) 1000 / configTICK_RATE_HZ )
  75:Middlewares/Third_Party/FreeRTOS/Source/portable/GCC/ARM_CM3/portmacro.h **** #define portBYTE_ALIGNMENT			8
  76:Middlewares/Third_Party/FreeRTOS/Source/portable/GCC/ARM_CM3/portmacro.h **** /*-----------------------------------------------------------*/
  77:Middlewares/Third_Party/FreeRTOS/Source/portable/GCC/ARM_CM3/portmacro.h **** 
  78:Middlewares/Third_Party/FreeRTOS/Source/portable/GCC/ARM_CM3/portmacro.h **** /* Scheduler utilities. */
  79:Middlewares/Third_Party/FreeRTOS/Source/portable/GCC/ARM_CM3/portmacro.h **** #define portYIELD() 															\
  80:Middlewares/Third_Party/FreeRTOS/Source/portable/GCC/ARM_CM3/portmacro.h **** {																				\
  81:Middlewares/Third_Party/FreeRTOS/Source/portable/GCC/ARM_CM3/portmacro.h **** 	/* Set a PendSV to request a context switch. */								\
  82:Middlewares/Third_Party/FreeRTOS/Source/portable/GCC/ARM_CM3/portmacro.h **** 	portNVIC_INT_CTRL_REG = portNVIC_PENDSVSET_BIT;								\
  83:Middlewares/Third_Party/FreeRTOS/Source/portable/GCC/ARM_CM3/portmacro.h **** 																				\
  84:Middlewares/Third_Party/FreeRTOS/Source/portable/GCC/ARM_CM3/portmacro.h **** 	/* Barriers are normally not required but do ensure the code is completely	\
  85:Middlewares/Third_Party/FreeRTOS/Source/portable/GCC/ARM_CM3/portmacro.h **** 	within the specified behaviour for the architecture. */						\
  86:Middlewares/Third_Party/FreeRTOS/Source/portable/GCC/ARM_CM3/portmacro.h **** 	__asm volatile( "dsb" ::: "memory" );										\
ARM GAS  C:\Users\subdia\AppData\Local\Temp\ccc2GLt8.s 			page 57


  87:Middlewares/Third_Party/FreeRTOS/Source/portable/GCC/ARM_CM3/portmacro.h **** 	__asm volatile( "isb" );													\
  88:Middlewares/Third_Party/FreeRTOS/Source/portable/GCC/ARM_CM3/portmacro.h **** }
  89:Middlewares/Third_Party/FreeRTOS/Source/portable/GCC/ARM_CM3/portmacro.h **** 
  90:Middlewares/Third_Party/FreeRTOS/Source/portable/GCC/ARM_CM3/portmacro.h **** #define portNVIC_INT_CTRL_REG		( * ( ( volatile uint32_t * ) 0xe000ed04 ) )
  91:Middlewares/Third_Party/FreeRTOS/Source/portable/GCC/ARM_CM3/portmacro.h **** #define portNVIC_PENDSVSET_BIT		( 1UL << 28UL )
  92:Middlewares/Third_Party/FreeRTOS/Source/portable/GCC/ARM_CM3/portmacro.h **** #define portEND_SWITCHING_ISR( xSwitchRequired ) if( xSwitchRequired != pdFALSE ) portYIELD()
  93:Middlewares/Third_Party/FreeRTOS/Source/portable/GCC/ARM_CM3/portmacro.h **** #define portYIELD_FROM_ISR( x ) portEND_SWITCHING_ISR( x )
  94:Middlewares/Third_Party/FreeRTOS/Source/portable/GCC/ARM_CM3/portmacro.h **** /*-----------------------------------------------------------*/
  95:Middlewares/Third_Party/FreeRTOS/Source/portable/GCC/ARM_CM3/portmacro.h **** 
  96:Middlewares/Third_Party/FreeRTOS/Source/portable/GCC/ARM_CM3/portmacro.h **** /* Critical section management. */
  97:Middlewares/Third_Party/FreeRTOS/Source/portable/GCC/ARM_CM3/portmacro.h **** extern void vPortEnterCritical( void );
  98:Middlewares/Third_Party/FreeRTOS/Source/portable/GCC/ARM_CM3/portmacro.h **** extern void vPortExitCritical( void );
  99:Middlewares/Third_Party/FreeRTOS/Source/portable/GCC/ARM_CM3/portmacro.h **** #define portSET_INTERRUPT_MASK_FROM_ISR()		ulPortRaiseBASEPRI()
 100:Middlewares/Third_Party/FreeRTOS/Source/portable/GCC/ARM_CM3/portmacro.h **** #define portCLEAR_INTERRUPT_MASK_FROM_ISR(x)	vPortSetBASEPRI(x)
 101:Middlewares/Third_Party/FreeRTOS/Source/portable/GCC/ARM_CM3/portmacro.h **** #define portDISABLE_INTERRUPTS()				vPortRaiseBASEPRI()
 102:Middlewares/Third_Party/FreeRTOS/Source/portable/GCC/ARM_CM3/portmacro.h **** #define portENABLE_INTERRUPTS()					vPortSetBASEPRI(0)
 103:Middlewares/Third_Party/FreeRTOS/Source/portable/GCC/ARM_CM3/portmacro.h **** #define portENTER_CRITICAL()					vPortEnterCritical()
 104:Middlewares/Third_Party/FreeRTOS/Source/portable/GCC/ARM_CM3/portmacro.h **** #define portEXIT_CRITICAL()						vPortExitCritical()
 105:Middlewares/Third_Party/FreeRTOS/Source/portable/GCC/ARM_CM3/portmacro.h **** 
 106:Middlewares/Third_Party/FreeRTOS/Source/portable/GCC/ARM_CM3/portmacro.h **** /*-----------------------------------------------------------*/
 107:Middlewares/Third_Party/FreeRTOS/Source/portable/GCC/ARM_CM3/portmacro.h **** 
 108:Middlewares/Third_Party/FreeRTOS/Source/portable/GCC/ARM_CM3/portmacro.h **** /* Task function macros as described on the FreeRTOS.org WEB site.  These are
 109:Middlewares/Third_Party/FreeRTOS/Source/portable/GCC/ARM_CM3/portmacro.h **** not necessary for to use this port.  They are defined so the common demo files
 110:Middlewares/Third_Party/FreeRTOS/Source/portable/GCC/ARM_CM3/portmacro.h **** (which build with all the ports) will build. */
 111:Middlewares/Third_Party/FreeRTOS/Source/portable/GCC/ARM_CM3/portmacro.h **** #define portTASK_FUNCTION_PROTO( vFunction, pvParameters ) void vFunction( void *pvParameters )
 112:Middlewares/Third_Party/FreeRTOS/Source/portable/GCC/ARM_CM3/portmacro.h **** #define portTASK_FUNCTION( vFunction, pvParameters ) void vFunction( void *pvParameters )
 113:Middlewares/Third_Party/FreeRTOS/Source/portable/GCC/ARM_CM3/portmacro.h **** /*-----------------------------------------------------------*/
 114:Middlewares/Third_Party/FreeRTOS/Source/portable/GCC/ARM_CM3/portmacro.h **** 
 115:Middlewares/Third_Party/FreeRTOS/Source/portable/GCC/ARM_CM3/portmacro.h **** /* Tickless idle/low power functionality. */
 116:Middlewares/Third_Party/FreeRTOS/Source/portable/GCC/ARM_CM3/portmacro.h **** #ifndef portSUPPRESS_TICKS_AND_SLEEP
 117:Middlewares/Third_Party/FreeRTOS/Source/portable/GCC/ARM_CM3/portmacro.h **** 	extern void vPortSuppressTicksAndSleep( TickType_t xExpectedIdleTime );
 118:Middlewares/Third_Party/FreeRTOS/Source/portable/GCC/ARM_CM3/portmacro.h **** 	#define portSUPPRESS_TICKS_AND_SLEEP( xExpectedIdleTime ) vPortSuppressTicksAndSleep( xExpectedIdl
 119:Middlewares/Third_Party/FreeRTOS/Source/portable/GCC/ARM_CM3/portmacro.h **** #endif
 120:Middlewares/Third_Party/FreeRTOS/Source/portable/GCC/ARM_CM3/portmacro.h **** /*-----------------------------------------------------------*/
 121:Middlewares/Third_Party/FreeRTOS/Source/portable/GCC/ARM_CM3/portmacro.h **** 
 122:Middlewares/Third_Party/FreeRTOS/Source/portable/GCC/ARM_CM3/portmacro.h **** /* Architecture specific optimisations. */
 123:Middlewares/Third_Party/FreeRTOS/Source/portable/GCC/ARM_CM3/portmacro.h **** #ifndef configUSE_PORT_OPTIMISED_TASK_SELECTION
 124:Middlewares/Third_Party/FreeRTOS/Source/portable/GCC/ARM_CM3/portmacro.h **** 	#define configUSE_PORT_OPTIMISED_TASK_SELECTION 1
 125:Middlewares/Third_Party/FreeRTOS/Source/portable/GCC/ARM_CM3/portmacro.h **** #endif
 126:Middlewares/Third_Party/FreeRTOS/Source/portable/GCC/ARM_CM3/portmacro.h **** 
 127:Middlewares/Third_Party/FreeRTOS/Source/portable/GCC/ARM_CM3/portmacro.h **** #if configUSE_PORT_OPTIMISED_TASK_SELECTION == 1
 128:Middlewares/Third_Party/FreeRTOS/Source/portable/GCC/ARM_CM3/portmacro.h **** 
 129:Middlewares/Third_Party/FreeRTOS/Source/portable/GCC/ARM_CM3/portmacro.h **** 	/* Generic helper function. */
 130:Middlewares/Third_Party/FreeRTOS/Source/portable/GCC/ARM_CM3/portmacro.h **** 	__attribute__( ( always_inline ) ) static inline uint8_t ucPortCountLeadingZeros( uint32_t ulBitma
 131:Middlewares/Third_Party/FreeRTOS/Source/portable/GCC/ARM_CM3/portmacro.h **** 	{
 132:Middlewares/Third_Party/FreeRTOS/Source/portable/GCC/ARM_CM3/portmacro.h **** 	uint8_t ucReturn;
 133:Middlewares/Third_Party/FreeRTOS/Source/portable/GCC/ARM_CM3/portmacro.h **** 
 134:Middlewares/Third_Party/FreeRTOS/Source/portable/GCC/ARM_CM3/portmacro.h **** 		__asm volatile ( "clz %0, %1" : "=r" ( ucReturn ) : "r" ( ulBitmap ) : "memory" );
 135:Middlewares/Third_Party/FreeRTOS/Source/portable/GCC/ARM_CM3/portmacro.h **** 		return ucReturn;
 136:Middlewares/Third_Party/FreeRTOS/Source/portable/GCC/ARM_CM3/portmacro.h **** 	}
 137:Middlewares/Third_Party/FreeRTOS/Source/portable/GCC/ARM_CM3/portmacro.h **** 
 138:Middlewares/Third_Party/FreeRTOS/Source/portable/GCC/ARM_CM3/portmacro.h **** 	/* Check the configuration. */
 139:Middlewares/Third_Party/FreeRTOS/Source/portable/GCC/ARM_CM3/portmacro.h **** 	#if( configMAX_PRIORITIES > 32 )
 140:Middlewares/Third_Party/FreeRTOS/Source/portable/GCC/ARM_CM3/portmacro.h **** 		#error configUSE_PORT_OPTIMISED_TASK_SELECTION can only be set to 1 when configMAX_PRIORITIES is 
 141:Middlewares/Third_Party/FreeRTOS/Source/portable/GCC/ARM_CM3/portmacro.h **** 	#endif
 142:Middlewares/Third_Party/FreeRTOS/Source/portable/GCC/ARM_CM3/portmacro.h **** 
 143:Middlewares/Third_Party/FreeRTOS/Source/portable/GCC/ARM_CM3/portmacro.h **** 	/* Store/clear the ready priorities in a bit map. */
ARM GAS  C:\Users\subdia\AppData\Local\Temp\ccc2GLt8.s 			page 58


 144:Middlewares/Third_Party/FreeRTOS/Source/portable/GCC/ARM_CM3/portmacro.h **** 	#define portRECORD_READY_PRIORITY( uxPriority, uxReadyPriorities ) ( uxReadyPriorities ) |= ( 1UL 
 145:Middlewares/Third_Party/FreeRTOS/Source/portable/GCC/ARM_CM3/portmacro.h **** 	#define portRESET_READY_PRIORITY( uxPriority, uxReadyPriorities ) ( uxReadyPriorities ) &= ~( 1UL 
 146:Middlewares/Third_Party/FreeRTOS/Source/portable/GCC/ARM_CM3/portmacro.h **** 
 147:Middlewares/Third_Party/FreeRTOS/Source/portable/GCC/ARM_CM3/portmacro.h **** 	/*-----------------------------------------------------------*/
 148:Middlewares/Third_Party/FreeRTOS/Source/portable/GCC/ARM_CM3/portmacro.h **** 
 149:Middlewares/Third_Party/FreeRTOS/Source/portable/GCC/ARM_CM3/portmacro.h **** 	#define portGET_HIGHEST_PRIORITY( uxTopPriority, uxReadyPriorities ) uxTopPriority = ( 31UL - ( ui
 150:Middlewares/Third_Party/FreeRTOS/Source/portable/GCC/ARM_CM3/portmacro.h **** 
 151:Middlewares/Third_Party/FreeRTOS/Source/portable/GCC/ARM_CM3/portmacro.h **** #endif /* configUSE_PORT_OPTIMISED_TASK_SELECTION */
 152:Middlewares/Third_Party/FreeRTOS/Source/portable/GCC/ARM_CM3/portmacro.h **** 
 153:Middlewares/Third_Party/FreeRTOS/Source/portable/GCC/ARM_CM3/portmacro.h **** /*-----------------------------------------------------------*/
 154:Middlewares/Third_Party/FreeRTOS/Source/portable/GCC/ARM_CM3/portmacro.h **** 
 155:Middlewares/Third_Party/FreeRTOS/Source/portable/GCC/ARM_CM3/portmacro.h **** #ifdef configASSERT
 156:Middlewares/Third_Party/FreeRTOS/Source/portable/GCC/ARM_CM3/portmacro.h **** 	void vPortValidateInterruptPriority( void );
 157:Middlewares/Third_Party/FreeRTOS/Source/portable/GCC/ARM_CM3/portmacro.h **** 	#define portASSERT_IF_INTERRUPT_PRIORITY_INVALID() 	vPortValidateInterruptPriority()
 158:Middlewares/Third_Party/FreeRTOS/Source/portable/GCC/ARM_CM3/portmacro.h **** #endif
 159:Middlewares/Third_Party/FreeRTOS/Source/portable/GCC/ARM_CM3/portmacro.h **** 
 160:Middlewares/Third_Party/FreeRTOS/Source/portable/GCC/ARM_CM3/portmacro.h **** /* portNOP() is not required by this port. */
 161:Middlewares/Third_Party/FreeRTOS/Source/portable/GCC/ARM_CM3/portmacro.h **** #define portNOP()
 162:Middlewares/Third_Party/FreeRTOS/Source/portable/GCC/ARM_CM3/portmacro.h **** 
 163:Middlewares/Third_Party/FreeRTOS/Source/portable/GCC/ARM_CM3/portmacro.h **** #define portINLINE	__inline
 164:Middlewares/Third_Party/FreeRTOS/Source/portable/GCC/ARM_CM3/portmacro.h **** 
 165:Middlewares/Third_Party/FreeRTOS/Source/portable/GCC/ARM_CM3/portmacro.h **** #ifndef portFORCE_INLINE
 166:Middlewares/Third_Party/FreeRTOS/Source/portable/GCC/ARM_CM3/portmacro.h **** 	#define portFORCE_INLINE inline __attribute__(( always_inline))
 167:Middlewares/Third_Party/FreeRTOS/Source/portable/GCC/ARM_CM3/portmacro.h **** #endif
 168:Middlewares/Third_Party/FreeRTOS/Source/portable/GCC/ARM_CM3/portmacro.h **** 
 169:Middlewares/Third_Party/FreeRTOS/Source/portable/GCC/ARM_CM3/portmacro.h **** /*-----------------------------------------------------------*/
 170:Middlewares/Third_Party/FreeRTOS/Source/portable/GCC/ARM_CM3/portmacro.h **** 
 171:Middlewares/Third_Party/FreeRTOS/Source/portable/GCC/ARM_CM3/portmacro.h **** portFORCE_INLINE static BaseType_t xPortIsInsideInterrupt( void )
 172:Middlewares/Third_Party/FreeRTOS/Source/portable/GCC/ARM_CM3/portmacro.h **** {
 173:Middlewares/Third_Party/FreeRTOS/Source/portable/GCC/ARM_CM3/portmacro.h **** uint32_t ulCurrentInterrupt;
 174:Middlewares/Third_Party/FreeRTOS/Source/portable/GCC/ARM_CM3/portmacro.h **** BaseType_t xReturn;
 175:Middlewares/Third_Party/FreeRTOS/Source/portable/GCC/ARM_CM3/portmacro.h **** 
 176:Middlewares/Third_Party/FreeRTOS/Source/portable/GCC/ARM_CM3/portmacro.h **** 	/* Obtain the number of the currently executing interrupt. */
 177:Middlewares/Third_Party/FreeRTOS/Source/portable/GCC/ARM_CM3/portmacro.h **** 	__asm volatile( "mrs %0, ipsr" : "=r"( ulCurrentInterrupt ) :: "memory" );
 178:Middlewares/Third_Party/FreeRTOS/Source/portable/GCC/ARM_CM3/portmacro.h **** 
 179:Middlewares/Third_Party/FreeRTOS/Source/portable/GCC/ARM_CM3/portmacro.h **** 	if( ulCurrentInterrupt == 0 )
 180:Middlewares/Third_Party/FreeRTOS/Source/portable/GCC/ARM_CM3/portmacro.h **** 	{
 181:Middlewares/Third_Party/FreeRTOS/Source/portable/GCC/ARM_CM3/portmacro.h **** 		xReturn = pdFALSE;
 182:Middlewares/Third_Party/FreeRTOS/Source/portable/GCC/ARM_CM3/portmacro.h **** 	}
 183:Middlewares/Third_Party/FreeRTOS/Source/portable/GCC/ARM_CM3/portmacro.h **** 	else
 184:Middlewares/Third_Party/FreeRTOS/Source/portable/GCC/ARM_CM3/portmacro.h **** 	{
 185:Middlewares/Third_Party/FreeRTOS/Source/portable/GCC/ARM_CM3/portmacro.h **** 		xReturn = pdTRUE;
 186:Middlewares/Third_Party/FreeRTOS/Source/portable/GCC/ARM_CM3/portmacro.h **** 	}
 187:Middlewares/Third_Party/FreeRTOS/Source/portable/GCC/ARM_CM3/portmacro.h **** 
 188:Middlewares/Third_Party/FreeRTOS/Source/portable/GCC/ARM_CM3/portmacro.h **** 	return xReturn;
 189:Middlewares/Third_Party/FreeRTOS/Source/portable/GCC/ARM_CM3/portmacro.h **** }
 190:Middlewares/Third_Party/FreeRTOS/Source/portable/GCC/ARM_CM3/portmacro.h **** 
 191:Middlewares/Third_Party/FreeRTOS/Source/portable/GCC/ARM_CM3/portmacro.h **** /*-----------------------------------------------------------*/
 192:Middlewares/Third_Party/FreeRTOS/Source/portable/GCC/ARM_CM3/portmacro.h **** 
 193:Middlewares/Third_Party/FreeRTOS/Source/portable/GCC/ARM_CM3/portmacro.h **** portFORCE_INLINE static void vPortRaiseBASEPRI( void )
 599              		.loc 2 193 30 view .LVU196
 600              	.LBB107:
 194:Middlewares/Third_Party/FreeRTOS/Source/portable/GCC/ARM_CM3/portmacro.h **** {
 195:Middlewares/Third_Party/FreeRTOS/Source/portable/GCC/ARM_CM3/portmacro.h **** uint32_t ulNewBASEPRI;
 601              		.loc 2 195 1 view .LVU197
 196:Middlewares/Third_Party/FreeRTOS/Source/portable/GCC/ARM_CM3/portmacro.h **** 
 197:Middlewares/Third_Party/FreeRTOS/Source/portable/GCC/ARM_CM3/portmacro.h **** 	__asm volatile
ARM GAS  C:\Users\subdia\AppData\Local\Temp\ccc2GLt8.s 			page 59


 602              		.loc 2 197 2 view .LVU198
 603              		.syntax unified
 604              	@ 197 "Middlewares/Third_Party/FreeRTOS/Source/portable/GCC/ARM_CM3/portmacro.h" 1
 605 003e 4FF05003 			mov r3, #80												
 606 0042 83F31188 		msr basepri, r3											
 607 0046 BFF36F8F 		isb														
 608 004a BFF34F8F 		dsb														
 609              	
 610              	@ 0 "" 2
 611              		.thumb
 612              		.syntax unified
 613              	.L40:
 614              	.LBE107:
 615              	.LBE106:
 259:Middlewares/Third_Party/FreeRTOS/Source/queue.c **** 
 616              		.loc 1 259 2 view .LVU199
 617 004e FEE7     		b	.L40
 618              	.LVL57:
 619              	.L45:
 279:Middlewares/Third_Party/FreeRTOS/Source/queue.c **** 				{
 620              		.loc 1 279 5 view .LVU200
 279:Middlewares/Third_Party/FreeRTOS/Source/queue.c **** 				{
 621              		.loc 1 279 9 is_stmt 0 view .LVU201
 622 0050 04F11000 		add	r0, r4, #16
 623 0054 FFF7FEFF 		bl	xTaskRemoveFromEventList
 624              	.LVL58:
 279:Middlewares/Third_Party/FreeRTOS/Source/queue.c **** 				{
 625              		.loc 1 279 7 discriminator 1 view .LVU202
 626 0058 0028     		cmp	r0, #0
 627 005a ECD0     		beq	.L42
 281:Middlewares/Third_Party/FreeRTOS/Source/queue.c **** 				}
 628              		.loc 1 281 6 is_stmt 1 view .LVU203
 629 005c 4FF0E023 		mov	r3, #-536813568
 630 0060 4FF08052 		mov	r2, #268435456
 631 0064 C3F8042D 		str	r2, [r3, #3332]
 281:Middlewares/Third_Party/FreeRTOS/Source/queue.c **** 				}
 632              		.loc 1 281 6 view .LVU204
 633              		.syntax unified
 634              	@ 281 "Middlewares/Third_Party/FreeRTOS/Source/queue.c" 1
 635 0068 BFF34F8F 		dsb
 636              	@ 0 "" 2
 281:Middlewares/Third_Party/FreeRTOS/Source/queue.c **** 				}
 637              		.loc 1 281 6 view .LVU205
 638              	@ 281 "Middlewares/Third_Party/FreeRTOS/Source/queue.c" 1
 639 006c BFF36F8F 		isb
 640              	@ 0 "" 2
 281:Middlewares/Third_Party/FreeRTOS/Source/queue.c **** 				}
 641              		.loc 1 281 38 view .LVU206
 642              		.thumb
 643              		.syntax unified
 644 0070 E1E7     		b	.L42
 645              	.L41:
 296:Middlewares/Third_Party/FreeRTOS/Source/queue.c **** 			vListInitialise( &( pxQueue->xTasksWaitingToReceive ) );
 646              		.loc 1 296 4 view .LVU207
 647 0072 04F11000 		add	r0, r4, #16
 648 0076 FFF7FEFF 		bl	vListInitialise
 649              	.LVL59:
ARM GAS  C:\Users\subdia\AppData\Local\Temp\ccc2GLt8.s 			page 60


 297:Middlewares/Third_Party/FreeRTOS/Source/queue.c **** 		}
 650              		.loc 1 297 4 view .LVU208
 651 007a 04F12400 		add	r0, r4, #36
 652 007e FFF7FEFF 		bl	vListInitialise
 653              	.LVL60:
 654 0082 D8E7     		b	.L42
 655              		.cfi_endproc
 656              	.LFE5:
 658              		.section	.text.prvInitialiseNewQueue,"ax",%progbits
 659              		.align	1
 660              		.syntax unified
 661              		.thumb
 662              		.thumb_func
 664              	prvInitialiseNewQueue:
 665              	.LVL61:
 666              	.LFB8:
 423:Middlewares/Third_Party/FreeRTOS/Source/queue.c **** 	/* Remove compiler warnings about unused parameters should
 667              		.loc 1 423 1 view -0
 668              		.cfi_startproc
 669              		@ args = 4, pretend = 0, frame = 0
 670              		@ frame_needed = 0, uses_anonymous_args = 0
 423:Middlewares/Third_Party/FreeRTOS/Source/queue.c **** 	/* Remove compiler warnings about unused parameters should
 671              		.loc 1 423 1 is_stmt 0 view .LVU210
 672 0000 08B5     		push	{r3, lr}
 673              	.LCFI6:
 674              		.cfi_def_cfa_offset 8
 675              		.cfi_offset 3, -8
 676              		.cfi_offset 14, -4
 677 0002 0346     		mov	r3, r0
 678              	.LVL62:
 423:Middlewares/Third_Party/FreeRTOS/Source/queue.c **** 	/* Remove compiler warnings about unused parameters should
 679              		.loc 1 423 1 view .LVU211
 680 0004 0298     		ldr	r0, [sp, #8]
 681              	.LVL63:
 426:Middlewares/Third_Party/FreeRTOS/Source/queue.c **** 
 682              		.loc 1 426 2 is_stmt 1 view .LVU212
 428:Middlewares/Third_Party/FreeRTOS/Source/queue.c **** 	{
 683              		.loc 1 428 2 view .LVU213
 428:Middlewares/Third_Party/FreeRTOS/Source/queue.c **** 	{
 684              		.loc 1 428 4 is_stmt 0 view .LVU214
 685 0006 8C46     		mov	ip, r1
 686 0008 39B9     		cbnz	r1, .L47
 434:Middlewares/Third_Party/FreeRTOS/Source/queue.c **** 	}
 687              		.loc 1 434 3 is_stmt 1 view .LVU215
 434:Middlewares/Third_Party/FreeRTOS/Source/queue.c **** 	}
 688              		.loc 1 434 22 is_stmt 0 view .LVU216
 689 000a 0060     		str	r0, [r0]
 690              	.L48:
 444:Middlewares/Third_Party/FreeRTOS/Source/queue.c **** 	pxNewQueue->uxItemSize = uxItemSize;
 691              		.loc 1 444 2 is_stmt 1 view .LVU217
 444:Middlewares/Third_Party/FreeRTOS/Source/queue.c **** 	pxNewQueue->uxItemSize = uxItemSize;
 692              		.loc 1 444 23 is_stmt 0 view .LVU218
 693 000c C363     		str	r3, [r0, #60]
 445:Middlewares/Third_Party/FreeRTOS/Source/queue.c **** 	( void ) xQueueGenericReset( pxNewQueue, pdTRUE );
 694              		.loc 1 445 2 is_stmt 1 view .LVU219
 445:Middlewares/Third_Party/FreeRTOS/Source/queue.c **** 	( void ) xQueueGenericReset( pxNewQueue, pdTRUE );
 695              		.loc 1 445 25 is_stmt 0 view .LVU220
ARM GAS  C:\Users\subdia\AppData\Local\Temp\ccc2GLt8.s 			page 61


 696 000e C0F840C0 		str	ip, [r0, #64]
 446:Middlewares/Third_Party/FreeRTOS/Source/queue.c **** 
 697              		.loc 1 446 2 is_stmt 1 view .LVU221
 446:Middlewares/Third_Party/FreeRTOS/Source/queue.c **** 
 698              		.loc 1 446 11 is_stmt 0 view .LVU222
 699 0012 0121     		movs	r1, #1
 700              	.LVL64:
 446:Middlewares/Third_Party/FreeRTOS/Source/queue.c **** 
 701              		.loc 1 446 11 view .LVU223
 702 0014 FFF7FEFF 		bl	xQueueGenericReset
 703              	.LVL65:
 460:Middlewares/Third_Party/FreeRTOS/Source/queue.c **** }
 704              		.loc 1 460 33 is_stmt 1 view .LVU224
 461:Middlewares/Third_Party/FreeRTOS/Source/queue.c **** /*-----------------------------------------------------------*/
 705              		.loc 1 461 1 is_stmt 0 view .LVU225
 706 0018 08BD     		pop	{r3, pc}
 707              	.LVL66:
 708              	.L47:
 439:Middlewares/Third_Party/FreeRTOS/Source/queue.c **** 	}
 709              		.loc 1 439 3 is_stmt 1 view .LVU226
 439:Middlewares/Third_Party/FreeRTOS/Source/queue.c **** 	}
 710              		.loc 1 439 22 is_stmt 0 view .LVU227
 711 001a 0260     		str	r2, [r0]
 712 001c F6E7     		b	.L48
 713              		.cfi_endproc
 714              	.LFE8:
 716              		.section	.text.xQueueGenericCreateStatic,"ax",%progbits
 717              		.align	1
 718              		.global	xQueueGenericCreateStatic
 719              		.syntax unified
 720              		.thumb
 721              		.thumb_func
 723              	xQueueGenericCreateStatic:
 724              	.LVL67:
 725              	.LFB6:
 311:Middlewares/Third_Party/FreeRTOS/Source/queue.c **** 	Queue_t *pxNewQueue;
 726              		.loc 1 311 2 is_stmt 1 view -0
 727              		.cfi_startproc
 728              		@ args = 4, pretend = 0, frame = 8
 729              		@ frame_needed = 0, uses_anonymous_args = 0
 312:Middlewares/Third_Party/FreeRTOS/Source/queue.c **** 
 730              		.loc 1 312 2 view .LVU229
 314:Middlewares/Third_Party/FreeRTOS/Source/queue.c **** 
 731              		.loc 1 314 3 view .LVU230
 732 0000 40B9     		cbnz	r0, .L51
 314:Middlewares/Third_Party/FreeRTOS/Source/queue.c **** 
 733              		.loc 1 314 3 discriminator 1 view .LVU231
 734              	.LBB108:
 735              	.LBI108:
 193:Middlewares/Third_Party/FreeRTOS/Source/portable/GCC/ARM_CM3/portmacro.h **** {
 736              		.loc 2 193 30 view .LVU232
 737              	.LBB109:
 195:Middlewares/Third_Party/FreeRTOS/Source/portable/GCC/ARM_CM3/portmacro.h **** 
 738              		.loc 2 195 1 view .LVU233
 739              		.loc 2 197 2 view .LVU234
 740              		.syntax unified
 741              	@ 197 "Middlewares/Third_Party/FreeRTOS/Source/portable/GCC/ARM_CM3/portmacro.h" 1
ARM GAS  C:\Users\subdia\AppData\Local\Temp\ccc2GLt8.s 			page 62


 742 0002 4FF05003 			mov r3, #80												
 743 0006 83F31188 		msr basepri, r3											
 744 000a BFF36F8F 		isb														
 745 000e BFF34F8F 		dsb														
 746              	
 747              	@ 0 "" 2
 748              	.LVL68:
 749              		.thumb
 750              		.syntax unified
 751              	.L52:
 752              		.loc 2 197 2 is_stmt 0 view .LVU235
 753              	.LBE109:
 754              	.LBE108:
 314:Middlewares/Third_Party/FreeRTOS/Source/queue.c **** 
 755              		.loc 1 314 3 is_stmt 1 view .LVU236
 756 0012 FEE7     		b	.L52
 757              	.LVL69:
 758              	.L51:
 311:Middlewares/Third_Party/FreeRTOS/Source/queue.c **** 	Queue_t *pxNewQueue;
 759              		.loc 1 311 2 is_stmt 0 view .LVU237
 760 0014 10B5     		push	{r4, lr}
 761              	.LCFI7:
 762              		.cfi_def_cfa_offset 8
 763              		.cfi_offset 4, -8
 764              		.cfi_offset 14, -4
 765 0016 84B0     		sub	sp, sp, #16
 766              	.LCFI8:
 767              		.cfi_def_cfa_offset 24
 768 0018 1C46     		mov	r4, r3
 769 001a 8446     		mov	ip, r0
 314:Middlewares/Third_Party/FreeRTOS/Source/queue.c **** 
 770              		.loc 1 314 52 is_stmt 1 view .LVU238
 318:Middlewares/Third_Party/FreeRTOS/Source/queue.c **** 
 771              		.loc 1 318 3 view .LVU239
 772 001c 53B1     		cbz	r3, .L63
 318:Middlewares/Third_Party/FreeRTOS/Source/queue.c **** 
 773              		.loc 1 318 40 view .LVU240
 322:Middlewares/Third_Party/FreeRTOS/Source/queue.c **** 		configASSERT( !( ( pucQueueStorage == NULL ) && ( uxItemSize != 0 ) ) );
 774              		.loc 1 322 3 view .LVU241
 775 001e 92B1     		cbz	r2, .L55
 322:Middlewares/Third_Party/FreeRTOS/Source/queue.c **** 		configASSERT( !( ( pucQueueStorage == NULL ) && ( uxItemSize != 0 ) ) );
 776              		.loc 1 322 3 is_stmt 0 discriminator 2 view .LVU242
 777 0020 89B9     		cbnz	r1, .L55
 322:Middlewares/Third_Party/FreeRTOS/Source/queue.c **** 		configASSERT( !( ( pucQueueStorage == NULL ) && ( uxItemSize != 0 ) ) );
 778              		.loc 1 322 3 is_stmt 1 discriminator 7 view .LVU243
 779              	.LBB110:
 780              	.LBI110:
 193:Middlewares/Third_Party/FreeRTOS/Source/portable/GCC/ARM_CM3/portmacro.h **** {
 781              		.loc 2 193 30 view .LVU244
 782              	.LBB111:
 195:Middlewares/Third_Party/FreeRTOS/Source/portable/GCC/ARM_CM3/portmacro.h **** 
 783              		.loc 2 195 1 view .LVU245
 784              		.loc 2 197 2 view .LVU246
 785              		.syntax unified
 786              	@ 197 "Middlewares/Third_Party/FreeRTOS/Source/portable/GCC/ARM_CM3/portmacro.h" 1
 787 0022 4FF05003 			mov r3, #80												
 788 0026 83F31188 		msr basepri, r3											
ARM GAS  C:\Users\subdia\AppData\Local\Temp\ccc2GLt8.s 			page 63


 789 002a BFF36F8F 		isb														
 790 002e BFF34F8F 		dsb														
 791              	
 792              	@ 0 "" 2
 793              	.LVL70:
 794              		.thumb
 795              		.syntax unified
 796              	.L56:
 797              		.loc 2 197 2 is_stmt 0 view .LVU247
 798              	.LBE111:
 799              	.LBE110:
 322:Middlewares/Third_Party/FreeRTOS/Source/queue.c **** 		configASSERT( !( ( pucQueueStorage == NULL ) && ( uxItemSize != 0 ) ) );
 800              		.loc 1 322 3 is_stmt 1 view .LVU248
 801 0032 FEE7     		b	.L56
 802              	.LVL71:
 803              	.L63:
 318:Middlewares/Third_Party/FreeRTOS/Source/queue.c **** 
 804              		.loc 1 318 3 discriminator 1 view .LVU249
 805              	.LBB112:
 806              	.LBI112:
 193:Middlewares/Third_Party/FreeRTOS/Source/portable/GCC/ARM_CM3/portmacro.h **** {
 807              		.loc 2 193 30 view .LVU250
 808              	.LBB113:
 195:Middlewares/Third_Party/FreeRTOS/Source/portable/GCC/ARM_CM3/portmacro.h **** 
 809              		.loc 2 195 1 view .LVU251
 810              		.loc 2 197 2 view .LVU252
 811              		.syntax unified
 812              	@ 197 "Middlewares/Third_Party/FreeRTOS/Source/portable/GCC/ARM_CM3/portmacro.h" 1
 813 0034 4FF05003 			mov r3, #80												
 814 0038 83F31188 		msr basepri, r3											
 815 003c BFF36F8F 		isb														
 816 0040 BFF34F8F 		dsb														
 817              	
 818              	@ 0 "" 2
 819              	.LVL72:
 820              		.thumb
 821              		.syntax unified
 822              	.L54:
 823              		.loc 2 197 2 is_stmt 0 view .LVU253
 824              	.LBE113:
 825              	.LBE112:
 318:Middlewares/Third_Party/FreeRTOS/Source/queue.c **** 
 826              		.loc 1 318 3 is_stmt 1 view .LVU254
 827 0044 FEE7     		b	.L54
 828              	.LVL73:
 829              	.L55:
 322:Middlewares/Third_Party/FreeRTOS/Source/queue.c **** 		configASSERT( !( ( pucQueueStorage == NULL ) && ( uxItemSize != 0 ) ) );
 830              		.loc 1 322 74 view .LVU255
 323:Middlewares/Third_Party/FreeRTOS/Source/queue.c **** 
 831              		.loc 1 323 3 view .LVU256
 832 0046 6AB1     		cbz	r2, .L64
 833              	.L57:
 323:Middlewares/Third_Party/FreeRTOS/Source/queue.c **** 
 834              		.loc 1 323 74 view .LVU257
 835              	.LBB114:
 330:Middlewares/Third_Party/FreeRTOS/Source/queue.c **** 			configASSERT( xSize == sizeof( Queue_t ) );
 836              		.loc 1 330 4 view .LVU258
ARM GAS  C:\Users\subdia\AppData\Local\Temp\ccc2GLt8.s 			page 64


 330:Middlewares/Third_Party/FreeRTOS/Source/queue.c **** 			configASSERT( xSize == sizeof( Queue_t ) );
 837              		.loc 1 330 20 is_stmt 0 view .LVU259
 838 0048 4823     		movs	r3, #72
 839              	.LVL74:
 330:Middlewares/Third_Party/FreeRTOS/Source/queue.c **** 			configASSERT( xSize == sizeof( Queue_t ) );
 840              		.loc 1 330 20 view .LVU260
 841 004a 0393     		str	r3, [sp, #12]
 331:Middlewares/Third_Party/FreeRTOS/Source/queue.c **** 			( void ) xSize; /* Keeps lint quiet when configASSERT() is not defined. */
 842              		.loc 1 331 4 is_stmt 1 view .LVU261
 843 004c 039B     		ldr	r3, [sp, #12]
 844 004e 482B     		cmp	r3, #72
 845 0050 13D0     		beq	.L59
 331:Middlewares/Third_Party/FreeRTOS/Source/queue.c **** 			( void ) xSize; /* Keeps lint quiet when configASSERT() is not defined. */
 846              		.loc 1 331 4 discriminator 1 view .LVU262
 847              	.LBB115:
 848              	.LBI115:
 193:Middlewares/Third_Party/FreeRTOS/Source/portable/GCC/ARM_CM3/portmacro.h **** {
 849              		.loc 2 193 30 view .LVU263
 850              	.LBB116:
 195:Middlewares/Third_Party/FreeRTOS/Source/portable/GCC/ARM_CM3/portmacro.h **** 
 851              		.loc 2 195 1 view .LVU264
 852              		.loc 2 197 2 view .LVU265
 853              		.syntax unified
 854              	@ 197 "Middlewares/Third_Party/FreeRTOS/Source/portable/GCC/ARM_CM3/portmacro.h" 1
 855 0052 4FF05003 			mov r3, #80												
 856 0056 83F31188 		msr basepri, r3											
 857 005a BFF36F8F 		isb														
 858 005e BFF34F8F 		dsb														
 859              	
 860              	@ 0 "" 2
 861              		.thumb
 862              		.syntax unified
 863              	.L60:
 864              	.LBE116:
 865              	.LBE115:
 331:Middlewares/Third_Party/FreeRTOS/Source/queue.c **** 			( void ) xSize; /* Keeps lint quiet when configASSERT() is not defined. */
 866              		.loc 1 331 4 view .LVU266
 867 0062 FEE7     		b	.L60
 868              	.LVL75:
 869              	.L64:
 331:Middlewares/Third_Party/FreeRTOS/Source/queue.c **** 			( void ) xSize; /* Keeps lint quiet when configASSERT() is not defined. */
 870              		.loc 1 331 4 is_stmt 0 view .LVU267
 871              	.LBE114:
 323:Middlewares/Third_Party/FreeRTOS/Source/queue.c **** 
 872              		.loc 1 323 3 discriminator 2 view .LVU268
 873 0064 0029     		cmp	r1, #0
 874 0066 EFD0     		beq	.L57
 323:Middlewares/Third_Party/FreeRTOS/Source/queue.c **** 
 875              		.loc 1 323 3 is_stmt 1 discriminator 7 view .LVU269
 876              	.LBB117:
 877              	.LBI117:
 193:Middlewares/Third_Party/FreeRTOS/Source/portable/GCC/ARM_CM3/portmacro.h **** {
 878              		.loc 2 193 30 view .LVU270
 879              	.LBB118:
 195:Middlewares/Third_Party/FreeRTOS/Source/portable/GCC/ARM_CM3/portmacro.h **** 
 880              		.loc 2 195 1 view .LVU271
 881              		.loc 2 197 2 view .LVU272
ARM GAS  C:\Users\subdia\AppData\Local\Temp\ccc2GLt8.s 			page 65


 882              		.syntax unified
 883              	@ 197 "Middlewares/Third_Party/FreeRTOS/Source/portable/GCC/ARM_CM3/portmacro.h" 1
 884 0068 4FF05003 			mov r3, #80												
 885 006c 83F31188 		msr basepri, r3											
 886 0070 BFF36F8F 		isb														
 887 0074 BFF34F8F 		dsb														
 888              	
 889              	@ 0 "" 2
 890              	.LVL76:
 891              		.thumb
 892              		.syntax unified
 893              	.L58:
 894              		.loc 2 197 2 is_stmt 0 view .LVU273
 895              	.LBE118:
 896              	.LBE117:
 323:Middlewares/Third_Party/FreeRTOS/Source/queue.c **** 
 897              		.loc 1 323 3 is_stmt 1 view .LVU274
 898 0078 FEE7     		b	.L58
 899              	.L59:
 900              	.LBB119:
 331:Middlewares/Third_Party/FreeRTOS/Source/queue.c **** 			( void ) xSize; /* Keeps lint quiet when configASSERT() is not defined. */
 901              		.loc 1 331 46 view .LVU275
 332:Middlewares/Third_Party/FreeRTOS/Source/queue.c **** 		}
 902              		.loc 1 332 4 view .LVU276
 903 007a 039B     		ldr	r3, [sp, #12]
 904              	.LBE119:
 339:Middlewares/Third_Party/FreeRTOS/Source/queue.c **** 
 905              		.loc 1 339 3 view .LVU277
 906              	.LVL77:
 341:Middlewares/Third_Party/FreeRTOS/Source/queue.c **** 		{
 907              		.loc 1 341 3 view .LVU278
 348:Middlewares/Third_Party/FreeRTOS/Source/queue.c **** 			}
 908              		.loc 1 348 5 view .LVU279
 348:Middlewares/Third_Party/FreeRTOS/Source/queue.c **** 			}
 909              		.loc 1 348 39 is_stmt 0 view .LVU280
 910 007c 0123     		movs	r3, #1
 911 007e 84F84630 		strb	r3, [r4, #70]
 352:Middlewares/Third_Party/FreeRTOS/Source/queue.c **** 		}
 912              		.loc 1 352 4 is_stmt 1 view .LVU281
 913 0082 0094     		str	r4, [sp]
 914 0084 9DF81830 		ldrb	r3, [sp, #24]	@ zero_extendqisi2
 915 0088 6046     		mov	r0, ip
 916              	.LVL78:
 352:Middlewares/Third_Party/FreeRTOS/Source/queue.c **** 		}
 917              		.loc 1 352 4 is_stmt 0 view .LVU282
 918 008a FFF7FEFF 		bl	prvInitialiseNewQueue
 919              	.LVL79:
 356:Middlewares/Third_Party/FreeRTOS/Source/queue.c **** 			mtCOVERAGE_TEST_MARKER();
 920              		.loc 1 356 43 is_stmt 1 view .LVU283
 357:Middlewares/Third_Party/FreeRTOS/Source/queue.c **** 		}
 921              		.loc 1 357 28 view .LVU284
 360:Middlewares/Third_Party/FreeRTOS/Source/queue.c **** 	}
 922              		.loc 1 360 3 view .LVU285
 361:Middlewares/Third_Party/FreeRTOS/Source/queue.c **** 
 923              		.loc 1 361 2 is_stmt 0 view .LVU286
 924 008e 2046     		mov	r0, r4
 925 0090 04B0     		add	sp, sp, #16
ARM GAS  C:\Users\subdia\AppData\Local\Temp\ccc2GLt8.s 			page 66


 926              	.LCFI9:
 927              		.cfi_def_cfa_offset 8
 928              		@ sp needed
 929 0092 10BD     		pop	{r4, pc}
 361:Middlewares/Third_Party/FreeRTOS/Source/queue.c **** 
 930              		.loc 1 361 2 view .LVU287
 931              		.cfi_endproc
 932              	.LFE6:
 934              		.section	.text.xQueueGenericCreate,"ax",%progbits
 935              		.align	1
 936              		.global	xQueueGenericCreate
 937              		.syntax unified
 938              		.thumb
 939              		.thumb_func
 941              	xQueueGenericCreate:
 942              	.LVL80:
 943              	.LFB7:
 369:Middlewares/Third_Party/FreeRTOS/Source/queue.c **** 	Queue_t *pxNewQueue;
 944              		.loc 1 369 2 is_stmt 1 view -0
 945              		.cfi_startproc
 946              		@ args = 0, pretend = 0, frame = 0
 947              		@ frame_needed = 0, uses_anonymous_args = 0
 370:Middlewares/Third_Party/FreeRTOS/Source/queue.c **** 	size_t xQueueSizeInBytes;
 948              		.loc 1 370 2 view .LVU289
 371:Middlewares/Third_Party/FreeRTOS/Source/queue.c **** 	uint8_t *pucQueueStorage;
 949              		.loc 1 371 2 view .LVU290
 372:Middlewares/Third_Party/FreeRTOS/Source/queue.c **** 
 950              		.loc 1 372 2 view .LVU291
 374:Middlewares/Third_Party/FreeRTOS/Source/queue.c **** 
 951              		.loc 1 374 3 view .LVU292
 952 0000 40B9     		cbnz	r0, .L66
 374:Middlewares/Third_Party/FreeRTOS/Source/queue.c **** 
 953              		.loc 1 374 3 discriminator 1 view .LVU293
 954              	.LBB120:
 955              	.LBI120:
 193:Middlewares/Third_Party/FreeRTOS/Source/portable/GCC/ARM_CM3/portmacro.h **** {
 956              		.loc 2 193 30 view .LVU294
 957              	.LBB121:
 195:Middlewares/Third_Party/FreeRTOS/Source/portable/GCC/ARM_CM3/portmacro.h **** 
 958              		.loc 2 195 1 view .LVU295
 959              		.loc 2 197 2 view .LVU296
 960              		.syntax unified
 961              	@ 197 "Middlewares/Third_Party/FreeRTOS/Source/portable/GCC/ARM_CM3/portmacro.h" 1
 962 0002 4FF05003 			mov r3, #80												
 963 0006 83F31188 		msr basepri, r3											
 964 000a BFF36F8F 		isb														
 965 000e BFF34F8F 		dsb														
 966              	
 967              	@ 0 "" 2
 968              		.thumb
 969              		.syntax unified
 970              	.L67:
 971              	.LBE121:
 972              	.LBE120:
 374:Middlewares/Third_Party/FreeRTOS/Source/queue.c **** 
 973              		.loc 1 374 3 view .LVU297
 974 0012 FEE7     		b	.L67
ARM GAS  C:\Users\subdia\AppData\Local\Temp\ccc2GLt8.s 			page 67


 975              	.L66:
 369:Middlewares/Third_Party/FreeRTOS/Source/queue.c **** 	Queue_t *pxNewQueue;
 976              		.loc 1 369 2 is_stmt 0 view .LVU298
 977 0014 F0B5     		push	{r4, r5, r6, r7, lr}
 978              	.LCFI10:
 979              		.cfi_def_cfa_offset 20
 980              		.cfi_offset 4, -20
 981              		.cfi_offset 5, -16
 982              		.cfi_offset 6, -12
 983              		.cfi_offset 7, -8
 984              		.cfi_offset 14, -4
 985 0016 83B0     		sub	sp, sp, #12
 986              	.LCFI11:
 987              		.cfi_def_cfa_offset 32
 988 0018 1646     		mov	r6, r2
 374:Middlewares/Third_Party/FreeRTOS/Source/queue.c **** 
 989              		.loc 1 374 52 is_stmt 1 view .LVU299
 379:Middlewares/Third_Party/FreeRTOS/Source/queue.c **** 
 990              		.loc 1 379 3 view .LVU300
 379:Middlewares/Third_Party/FreeRTOS/Source/queue.c **** 
 991              		.loc 1 379 21 is_stmt 0 view .LVU301
 992 001a 0446     		mov	r4, r0
 993 001c 0D46     		mov	r5, r1
 994 001e 01FB00F0 		mul	r0, r1, r0
 995              	.LVL81:
 390:Middlewares/Third_Party/FreeRTOS/Source/queue.c **** 
 996              		.loc 1 390 3 is_stmt 1 view .LVU302
 390:Middlewares/Third_Party/FreeRTOS/Source/queue.c **** 
 997              		.loc 1 390 30 is_stmt 0 view .LVU303
 998 0022 4830     		adds	r0, r0, #72
 999              	.LVL82:
 390:Middlewares/Third_Party/FreeRTOS/Source/queue.c **** 
 1000              		.loc 1 390 30 view .LVU304
 1001 0024 FFF7FEFF 		bl	pvPortMalloc
 1002              	.LVL83:
 392:Middlewares/Third_Party/FreeRTOS/Source/queue.c **** 		{
 1003              		.loc 1 392 3 is_stmt 1 view .LVU305
 392:Middlewares/Third_Party/FreeRTOS/Source/queue.c **** 		{
 1004              		.loc 1 392 5 is_stmt 0 view .LVU306
 1005 0028 0246     		mov	r2, r0
 1006 002a 0746     		mov	r7, r0
 1007 002c 48B1     		cbz	r0, .L65
 396:Middlewares/Third_Party/FreeRTOS/Source/queue.c **** 			pucQueueStorage += sizeof( Queue_t ); /*lint !e9016 Pointer arithmetic allowed on char types, es
 1008              		.loc 1 396 4 is_stmt 1 view .LVU307
 1009              	.LVL84:
 397:Middlewares/Third_Party/FreeRTOS/Source/queue.c **** 
 1010              		.loc 1 397 4 view .LVU308
 404:Middlewares/Third_Party/FreeRTOS/Source/queue.c **** 			}
 1011              		.loc 1 404 5 view .LVU309
 404:Middlewares/Third_Party/FreeRTOS/Source/queue.c **** 			}
 1012              		.loc 1 404 39 is_stmt 0 view .LVU310
 1013 002e 0023     		movs	r3, #0
 1014 0030 80F84630 		strb	r3, [r0, #70]
 408:Middlewares/Third_Party/FreeRTOS/Source/queue.c **** 		}
 1015              		.loc 1 408 4 is_stmt 1 view .LVU311
 1016 0034 0090     		str	r0, [sp]
 1017 0036 3346     		mov	r3, r6
ARM GAS  C:\Users\subdia\AppData\Local\Temp\ccc2GLt8.s 			page 68


 1018 0038 4832     		adds	r2, r2, #72
 1019              	.LVL85:
 408:Middlewares/Third_Party/FreeRTOS/Source/queue.c **** 		}
 1020              		.loc 1 408 4 is_stmt 0 view .LVU312
 1021 003a 2946     		mov	r1, r5
 1022 003c 2046     		mov	r0, r4
 1023              	.LVL86:
 408:Middlewares/Third_Party/FreeRTOS/Source/queue.c **** 		}
 1024              		.loc 1 408 4 view .LVU313
 1025 003e FFF7FEFF 		bl	prvInitialiseNewQueue
 1026              	.LVL87:
 412:Middlewares/Third_Party/FreeRTOS/Source/queue.c **** 			mtCOVERAGE_TEST_MARKER();
 1027              		.loc 1 412 43 is_stmt 1 view .LVU314
 413:Middlewares/Third_Party/FreeRTOS/Source/queue.c **** 		}
 1028              		.loc 1 413 28 view .LVU315
 416:Middlewares/Third_Party/FreeRTOS/Source/queue.c **** 	}
 1029              		.loc 1 416 3 view .LVU316
 1030              	.L65:
 417:Middlewares/Third_Party/FreeRTOS/Source/queue.c **** 
 1031              		.loc 1 417 2 is_stmt 0 view .LVU317
 1032 0042 3846     		mov	r0, r7
 1033 0044 03B0     		add	sp, sp, #12
 1034              	.LCFI12:
 1035              		.cfi_def_cfa_offset 20
 1036              		@ sp needed
 1037 0046 F0BD     		pop	{r4, r5, r6, r7, pc}
 417:Middlewares/Third_Party/FreeRTOS/Source/queue.c **** 
 1038              		.loc 1 417 2 view .LVU318
 1039              		.cfi_endproc
 1040              	.LFE7:
 1042              		.section	.text.xQueueGenericSend,"ax",%progbits
 1043              		.align	1
 1044              		.global	xQueueGenericSend
 1045              		.syntax unified
 1046              		.thumb
 1047              		.thumb_func
 1049              	xQueueGenericSend:
 1050              	.LVL88:
 1051              	.LFB12:
 741:Middlewares/Third_Party/FreeRTOS/Source/queue.c **** BaseType_t xEntryTimeSet = pdFALSE, xYieldRequired;
 1052              		.loc 1 741 1 is_stmt 1 view -0
 1053              		.cfi_startproc
 1054              		@ args = 0, pretend = 0, frame = 16
 1055              		@ frame_needed = 0, uses_anonymous_args = 0
 741:Middlewares/Third_Party/FreeRTOS/Source/queue.c **** BaseType_t xEntryTimeSet = pdFALSE, xYieldRequired;
 1056              		.loc 1 741 1 is_stmt 0 view .LVU320
 1057 0000 F0B5     		push	{r4, r5, r6, r7, lr}
 1058              	.LCFI13:
 1059              		.cfi_def_cfa_offset 20
 1060              		.cfi_offset 4, -20
 1061              		.cfi_offset 5, -16
 1062              		.cfi_offset 6, -12
 1063              		.cfi_offset 7, -8
 1064              		.cfi_offset 14, -4
 1065 0002 85B0     		sub	sp, sp, #20
 1066              	.LCFI14:
 1067              		.cfi_def_cfa_offset 40
ARM GAS  C:\Users\subdia\AppData\Local\Temp\ccc2GLt8.s 			page 69


 1068 0004 0192     		str	r2, [sp, #4]
 742:Middlewares/Third_Party/FreeRTOS/Source/queue.c **** TimeOut_t xTimeOut;
 1069              		.loc 1 742 1 is_stmt 1 view .LVU321
 1070              	.LVL89:
 743:Middlewares/Third_Party/FreeRTOS/Source/queue.c **** Queue_t * const pxQueue = xQueue;
 1071              		.loc 1 743 1 view .LVU322
 744:Middlewares/Third_Party/FreeRTOS/Source/queue.c **** 
 1072              		.loc 1 744 1 view .LVU323
 746:Middlewares/Third_Party/FreeRTOS/Source/queue.c **** 	configASSERT( !( ( pvItemToQueue == NULL ) && ( pxQueue->uxItemSize != ( UBaseType_t ) 0U ) ) );
 1073              		.loc 1 746 2 view .LVU324
 1074 0006 88B1     		cbz	r0, .L95
 1075 0008 0F46     		mov	r7, r1
 1076 000a 1D46     		mov	r5, r3
 1077 000c 0446     		mov	r4, r0
 746:Middlewares/Third_Party/FreeRTOS/Source/queue.c **** 	configASSERT( !( ( pvItemToQueue == NULL ) && ( pxQueue->uxItemSize != ( UBaseType_t ) 0U ) ) );
 1078              		.loc 1 746 25 view .LVU325
 747:Middlewares/Third_Party/FreeRTOS/Source/queue.c **** 	configASSERT( !( ( xCopyPosition == queueOVERWRITE ) && ( pxQueue->uxLength != 1 ) ) );
 1079              		.loc 1 747 2 view .LVU326
 1080 000e B1B1     		cbz	r1, .L96
 1081              	.LVL90:
 1082              	.L74:
 747:Middlewares/Third_Party/FreeRTOS/Source/queue.c **** 	configASSERT( !( ( xCopyPosition == queueOVERWRITE ) && ( pxQueue->uxLength != 1 ) ) );
 1083              		.loc 1 747 97 view .LVU327
 748:Middlewares/Third_Party/FreeRTOS/Source/queue.c **** 	#if ( ( INCLUDE_xTaskGetSchedulerState == 1 ) || ( configUSE_TIMERS == 1 ) )
 1084              		.loc 1 748 2 view .LVU328
 1085 0010 022D     		cmp	r5, #2
 1086 0012 20D1     		bne	.L76
 748:Middlewares/Third_Party/FreeRTOS/Source/queue.c **** 	#if ( ( INCLUDE_xTaskGetSchedulerState == 1 ) || ( configUSE_TIMERS == 1 ) )
 1087              		.loc 1 748 2 is_stmt 0 discriminator 2 view .LVU329
 1088 0014 E36B     		ldr	r3, [r4, #60]
 1089 0016 012B     		cmp	r3, #1
 1090 0018 1DD0     		beq	.L76
 748:Middlewares/Third_Party/FreeRTOS/Source/queue.c **** 	#if ( ( INCLUDE_xTaskGetSchedulerState == 1 ) || ( configUSE_TIMERS == 1 ) )
 1091              		.loc 1 748 2 is_stmt 1 discriminator 7 view .LVU330
 1092              	.LBB122:
 1093              	.LBI122:
 193:Middlewares/Third_Party/FreeRTOS/Source/portable/GCC/ARM_CM3/portmacro.h **** {
 1094              		.loc 2 193 30 view .LVU331
 1095              	.LBB123:
 195:Middlewares/Third_Party/FreeRTOS/Source/portable/GCC/ARM_CM3/portmacro.h **** 
 1096              		.loc 2 195 1 view .LVU332
 1097              		.loc 2 197 2 view .LVU333
 1098              		.syntax unified
 1099              	@ 197 "Middlewares/Third_Party/FreeRTOS/Source/portable/GCC/ARM_CM3/portmacro.h" 1
 1100 001a 4FF05003 			mov r3, #80												
 1101 001e 83F31188 		msr basepri, r3											
 1102 0022 BFF36F8F 		isb														
 1103 0026 BFF34F8F 		dsb														
 1104              	
 1105              	@ 0 "" 2
 1106              		.thumb
 1107              		.syntax unified
 1108              	.L77:
 1109              	.LBE123:
 1110              	.LBE122:
 748:Middlewares/Third_Party/FreeRTOS/Source/queue.c **** 	#if ( ( INCLUDE_xTaskGetSchedulerState == 1 ) || ( configUSE_TIMERS == 1 ) )
 1111              		.loc 1 748 2 view .LVU334
ARM GAS  C:\Users\subdia\AppData\Local\Temp\ccc2GLt8.s 			page 70


 1112 002a FEE7     		b	.L77
 1113              	.LVL91:
 1114              	.L95:
 746:Middlewares/Third_Party/FreeRTOS/Source/queue.c **** 	configASSERT( !( ( pvItemToQueue == NULL ) && ( pxQueue->uxItemSize != ( UBaseType_t ) 0U ) ) );
 1115              		.loc 1 746 2 discriminator 1 view .LVU335
 1116              	.LBB124:
 1117              	.LBI124:
 193:Middlewares/Third_Party/FreeRTOS/Source/portable/GCC/ARM_CM3/portmacro.h **** {
 1118              		.loc 2 193 30 view .LVU336
 1119              	.LBB125:
 195:Middlewares/Third_Party/FreeRTOS/Source/portable/GCC/ARM_CM3/portmacro.h **** 
 1120              		.loc 2 195 1 view .LVU337
 1121              		.loc 2 197 2 view .LVU338
 1122              		.syntax unified
 1123              	@ 197 "Middlewares/Third_Party/FreeRTOS/Source/portable/GCC/ARM_CM3/portmacro.h" 1
 1124 002c 4FF05003 			mov r3, #80												
 1125 0030 83F31188 		msr basepri, r3											
 1126 0034 BFF36F8F 		isb														
 1127 0038 BFF34F8F 		dsb														
 1128              	
 1129              	@ 0 "" 2
 1130              	.LVL92:
 1131              		.thumb
 1132              		.syntax unified
 1133              	.L73:
 1134              		.loc 2 197 2 is_stmt 0 view .LVU339
 1135              	.LBE125:
 1136              	.LBE124:
 746:Middlewares/Third_Party/FreeRTOS/Source/queue.c **** 	configASSERT( !( ( pvItemToQueue == NULL ) && ( pxQueue->uxItemSize != ( UBaseType_t ) 0U ) ) );
 1137              		.loc 1 746 2 is_stmt 1 view .LVU340
 1138 003c FEE7     		b	.L73
 1139              	.LVL93:
 1140              	.L96:
 747:Middlewares/Third_Party/FreeRTOS/Source/queue.c **** 	configASSERT( !( ( xCopyPosition == queueOVERWRITE ) && ( pxQueue->uxLength != 1 ) ) );
 1141              		.loc 1 747 2 is_stmt 0 discriminator 2 view .LVU341
 1142 003e 036C     		ldr	r3, [r0, #64]
 1143              	.LVL94:
 747:Middlewares/Third_Party/FreeRTOS/Source/queue.c **** 	configASSERT( !( ( xCopyPosition == queueOVERWRITE ) && ( pxQueue->uxLength != 1 ) ) );
 1144              		.loc 1 747 2 discriminator 2 view .LVU342
 1145 0040 002B     		cmp	r3, #0
 1146 0042 E5D0     		beq	.L74
 747:Middlewares/Third_Party/FreeRTOS/Source/queue.c **** 	configASSERT( !( ( xCopyPosition == queueOVERWRITE ) && ( pxQueue->uxLength != 1 ) ) );
 1147              		.loc 1 747 2 is_stmt 1 discriminator 7 view .LVU343
 1148              	.LBB126:
 1149              	.LBI126:
 193:Middlewares/Third_Party/FreeRTOS/Source/portable/GCC/ARM_CM3/portmacro.h **** {
 1150              		.loc 2 193 30 view .LVU344
 1151              	.LBB127:
 195:Middlewares/Third_Party/FreeRTOS/Source/portable/GCC/ARM_CM3/portmacro.h **** 
 1152              		.loc 2 195 1 view .LVU345
 1153              		.loc 2 197 2 view .LVU346
 1154              		.syntax unified
 1155              	@ 197 "Middlewares/Third_Party/FreeRTOS/Source/portable/GCC/ARM_CM3/portmacro.h" 1
 1156 0044 4FF05003 			mov r3, #80												
 1157 0048 83F31188 		msr basepri, r3											
 1158 004c BFF36F8F 		isb														
 1159 0050 BFF34F8F 		dsb														
ARM GAS  C:\Users\subdia\AppData\Local\Temp\ccc2GLt8.s 			page 71


 1160              	
 1161              	@ 0 "" 2
 1162              		.thumb
 1163              		.syntax unified
 1164              	.L75:
 1165              	.LBE127:
 1166              	.LBE126:
 747:Middlewares/Third_Party/FreeRTOS/Source/queue.c **** 	configASSERT( !( ( xCopyPosition == queueOVERWRITE ) && ( pxQueue->uxLength != 1 ) ) );
 1167              		.loc 1 747 2 view .LVU347
 1168 0054 FEE7     		b	.L75
 1169              	.L76:
 748:Middlewares/Third_Party/FreeRTOS/Source/queue.c **** 	#if ( ( INCLUDE_xTaskGetSchedulerState == 1 ) || ( configUSE_TIMERS == 1 ) )
 1170              		.loc 1 748 88 view .LVU348
 751:Middlewares/Third_Party/FreeRTOS/Source/queue.c **** 	}
 1171              		.loc 1 751 3 view .LVU349
 1172 0056 FFF7FEFF 		bl	xTaskGetSchedulerState
 1173              	.LVL95:
 751:Middlewares/Third_Party/FreeRTOS/Source/queue.c **** 	}
 1174              		.loc 1 751 3 is_stmt 0 discriminator 1 view .LVU350
 1175 005a 0646     		mov	r6, r0
 1176 005c 58B9     		cbnz	r0, .L93
 751:Middlewares/Third_Party/FreeRTOS/Source/queue.c **** 	}
 1177              		.loc 1 751 3 discriminator 3 view .LVU351
 1178 005e 019B     		ldr	r3, [sp, #4]
 1179 0060 002B     		cmp	r3, #0
 1180 0062 48D0     		beq	.L80
 751:Middlewares/Third_Party/FreeRTOS/Source/queue.c **** 	}
 1181              		.loc 1 751 3 is_stmt 1 discriminator 8 view .LVU352
 1182              	.LBB128:
 1183              	.LBI128:
 193:Middlewares/Third_Party/FreeRTOS/Source/portable/GCC/ARM_CM3/portmacro.h **** {
 1184              		.loc 2 193 30 view .LVU353
 1185              	.LBB129:
 195:Middlewares/Third_Party/FreeRTOS/Source/portable/GCC/ARM_CM3/portmacro.h **** 
 1186              		.loc 2 195 1 view .LVU354
 1187              		.loc 2 197 2 view .LVU355
 1188              		.syntax unified
 1189              	@ 197 "Middlewares/Third_Party/FreeRTOS/Source/portable/GCC/ARM_CM3/portmacro.h" 1
 1190 0064 4FF05003 			mov r3, #80												
 1191 0068 83F31188 		msr basepri, r3											
 1192 006c BFF36F8F 		isb														
 1193 0070 BFF34F8F 		dsb														
 1194              	
 1195              	@ 0 "" 2
 1196              		.thumb
 1197              		.syntax unified
 1198              	.L79:
 1199              	.LBE129:
 1200              	.LBE128:
 751:Middlewares/Third_Party/FreeRTOS/Source/queue.c **** 	}
 1201              		.loc 1 751 3 view .LVU356
 1202 0074 FEE7     		b	.L79
 1203              	.L93:
 1204 0076 0026     		movs	r6, #0
 1205 0078 3DE0     		b	.L80
 1206              	.LVL96:
 1207              	.L81:
ARM GAS  C:\Users\subdia\AppData\Local\Temp\ccc2GLt8.s 			page 72


 769:Middlewares/Third_Party/FreeRTOS/Source/queue.c **** 
 1208              		.loc 1 769 31 view .LVU357
 833:Middlewares/Third_Party/FreeRTOS/Source/queue.c **** 
 1209              		.loc 1 833 6 view .LVU358
 833:Middlewares/Third_Party/FreeRTOS/Source/queue.c **** 
 1210              		.loc 1 833 23 is_stmt 0 view .LVU359
 1211 007a 2A46     		mov	r2, r5
 1212 007c 3946     		mov	r1, r7
 1213 007e 2046     		mov	r0, r4
 1214 0080 FFF7FEFF 		bl	prvCopyDataToQueue
 1215              	.LVL97:
 837:Middlewares/Third_Party/FreeRTOS/Source/queue.c **** 					{
 1216              		.loc 1 837 6 is_stmt 1 view .LVU360
 837:Middlewares/Third_Party/FreeRTOS/Source/queue.c **** 					{
 1217              		.loc 1 837 10 is_stmt 0 view .LVU361
 1218 0084 636A     		ldr	r3, [r4, #36]
 837:Middlewares/Third_Party/FreeRTOS/Source/queue.c **** 					{
 1219              		.loc 1 837 8 view .LVU362
 1220 0086 7BB9     		cbnz	r3, .L97
 852:Middlewares/Third_Party/FreeRTOS/Source/queue.c **** 					{
 1221              		.loc 1 852 11 is_stmt 1 view .LVU363
 852:Middlewares/Third_Party/FreeRTOS/Source/queue.c **** 					{
 1222              		.loc 1 852 13 is_stmt 0 view .LVU364
 1223 0088 48B1     		cbz	r0, .L84
 858:Middlewares/Third_Party/FreeRTOS/Source/queue.c **** 					}
 1224              		.loc 1 858 7 is_stmt 1 view .LVU365
 1225 008a 4FF0E023 		mov	r3, #-536813568
 1226 008e 4FF08052 		mov	r2, #268435456
 1227 0092 C3F8042D 		str	r2, [r3, #3332]
 858:Middlewares/Third_Party/FreeRTOS/Source/queue.c **** 					}
 1228              		.loc 1 858 7 view .LVU366
 1229              		.syntax unified
 1230              	@ 858 "Middlewares/Third_Party/FreeRTOS/Source/queue.c" 1
 1231 0096 BFF34F8F 		dsb
 1232              	@ 0 "" 2
 858:Middlewares/Third_Party/FreeRTOS/Source/queue.c **** 					}
 1233              		.loc 1 858 7 view .LVU367
 1234              	@ 858 "Middlewares/Third_Party/FreeRTOS/Source/queue.c" 1
 1235 009a BFF36F8F 		isb
 1236              	@ 0 "" 2
 858:Middlewares/Third_Party/FreeRTOS/Source/queue.c **** 					}
 1237              		.loc 1 858 39 view .LVU368
 1238              	.LVL98:
 1239              		.thumb
 1240              		.syntax unified
 1241              	.L84:
 862:Middlewares/Third_Party/FreeRTOS/Source/queue.c **** 					}
 1242              		.loc 1 862 31 view .LVU369
 867:Middlewares/Third_Party/FreeRTOS/Source/queue.c **** 				return pdPASS;
 1243              		.loc 1 867 5 view .LVU370
 1244 009e FFF7FEFF 		bl	vPortExitCritical
 1245              	.LVL99:
 868:Middlewares/Third_Party/FreeRTOS/Source/queue.c **** 			}
 1246              		.loc 1 868 5 view .LVU371
 868:Middlewares/Third_Party/FreeRTOS/Source/queue.c **** 			}
 1247              		.loc 1 868 12 is_stmt 0 view .LVU372
 1248 00a2 0120     		movs	r0, #1
ARM GAS  C:\Users\subdia\AppData\Local\Temp\ccc2GLt8.s 			page 73


 1249              	.LVL100:
 1250              	.L71:
 947:Middlewares/Third_Party/FreeRTOS/Source/queue.c **** /*-----------------------------------------------------------*/
 1251              		.loc 1 947 1 view .LVU373
 1252 00a4 05B0     		add	sp, sp, #20
 1253              	.LCFI15:
 1254              		.cfi_remember_state
 1255              		.cfi_def_cfa_offset 20
 1256              		@ sp needed
 1257 00a6 F0BD     		pop	{r4, r5, r6, r7, pc}
 1258              	.LVL101:
 1259              	.L97:
 1260              	.LCFI16:
 1261              		.cfi_restore_state
 839:Middlewares/Third_Party/FreeRTOS/Source/queue.c **** 						{
 1262              		.loc 1 839 7 is_stmt 1 view .LVU374
 839:Middlewares/Third_Party/FreeRTOS/Source/queue.c **** 						{
 1263              		.loc 1 839 11 is_stmt 0 view .LVU375
 1264 00a8 04F12400 		add	r0, r4, #36
 1265              	.LVL102:
 839:Middlewares/Third_Party/FreeRTOS/Source/queue.c **** 						{
 1266              		.loc 1 839 11 view .LVU376
 1267 00ac FFF7FEFF 		bl	xTaskRemoveFromEventList
 1268              	.LVL103:
 839:Middlewares/Third_Party/FreeRTOS/Source/queue.c **** 						{
 1269              		.loc 1 839 9 discriminator 1 view .LVU377
 1270 00b0 0028     		cmp	r0, #0
 1271 00b2 F4D0     		beq	.L84
 845:Middlewares/Third_Party/FreeRTOS/Source/queue.c **** 						}
 1272              		.loc 1 845 8 is_stmt 1 view .LVU378
 1273 00b4 4FF0E023 		mov	r3, #-536813568
 1274 00b8 4FF08052 		mov	r2, #268435456
 1275 00bc C3F8042D 		str	r2, [r3, #3332]
 845:Middlewares/Third_Party/FreeRTOS/Source/queue.c **** 						}
 1276              		.loc 1 845 8 view .LVU379
 1277              		.syntax unified
 1278              	@ 845 "Middlewares/Third_Party/FreeRTOS/Source/queue.c" 1
 1279 00c0 BFF34F8F 		dsb
 1280              	@ 0 "" 2
 845:Middlewares/Third_Party/FreeRTOS/Source/queue.c **** 						}
 1281              		.loc 1 845 8 view .LVU380
 1282              	@ 845 "Middlewares/Third_Party/FreeRTOS/Source/queue.c" 1
 1283 00c4 BFF36F8F 		isb
 1284              	@ 0 "" 2
 845:Middlewares/Third_Party/FreeRTOS/Source/queue.c **** 						}
 1285              		.loc 1 845 40 view .LVU381
 1286              		.thumb
 1287              		.syntax unified
 1288 00c8 E9E7     		b	.L84
 1289              	.LVL104:
 1290              	.L98:
 876:Middlewares/Third_Party/FreeRTOS/Source/queue.c **** 
 1291              		.loc 1 876 6 view .LVU382
 1292 00ca FFF7FEFF 		bl	vPortExitCritical
 1293              	.LVL105:
 880:Middlewares/Third_Party/FreeRTOS/Source/queue.c **** 					return errQUEUE_FULL;
 1294              		.loc 1 880 39 view .LVU383
ARM GAS  C:\Users\subdia\AppData\Local\Temp\ccc2GLt8.s 			page 74


 881:Middlewares/Third_Party/FreeRTOS/Source/queue.c **** 				}
 1295              		.loc 1 881 6 view .LVU384
 881:Middlewares/Third_Party/FreeRTOS/Source/queue.c **** 				}
 1296              		.loc 1 881 13 is_stmt 0 view .LVU385
 1297 00ce 0020     		movs	r0, #0
 1298 00d0 E8E7     		b	.L71
 1299              	.L99:
 887:Middlewares/Third_Party/FreeRTOS/Source/queue.c **** 					xEntryTimeSet = pdTRUE;
 1300              		.loc 1 887 6 is_stmt 1 view .LVU386
 1301 00d2 02A8     		add	r0, sp, #8
 1302 00d4 FFF7FEFF 		bl	vTaskInternalSetTimeOutState
 1303              	.LVL106:
 888:Middlewares/Third_Party/FreeRTOS/Source/queue.c **** 				}
 1304              		.loc 1 888 6 view .LVU387
 888:Middlewares/Third_Party/FreeRTOS/Source/queue.c **** 				}
 1305              		.loc 1 888 20 is_stmt 0 view .LVU388
 1306 00d8 0126     		movs	r6, #1
 1307 00da 19E0     		b	.L87
 1308              	.LVL107:
 1309              	.L100:
 903:Middlewares/Third_Party/FreeRTOS/Source/queue.c **** 
 1310              		.loc 1 903 3 is_stmt 1 discriminator 2 view .LVU389
 1311 00dc 0023     		movs	r3, #0
 1312 00de 84F84430 		strb	r3, [r4, #68]
 1313 00e2 21E0     		b	.L88
 1314              	.L101:
 903:Middlewares/Third_Party/FreeRTOS/Source/queue.c **** 
 1315              		.loc 1 903 3 discriminator 5 view .LVU390
 1316 00e4 0023     		movs	r3, #0
 1317 00e6 84F84530 		strb	r3, [r4, #69]
 1318 00ea 23E0     		b	.L89
 1319              	.L91:
 933:Middlewares/Third_Party/FreeRTOS/Source/queue.c **** 				( void ) xTaskResumeAll();
 1320              		.loc 1 933 5 view .LVU391
 1321 00ec 2046     		mov	r0, r4
 1322 00ee FFF7FEFF 		bl	prvUnlockQueue
 1323              	.LVL108:
 934:Middlewares/Third_Party/FreeRTOS/Source/queue.c **** 			}
 1324              		.loc 1 934 5 view .LVU392
 934:Middlewares/Third_Party/FreeRTOS/Source/queue.c **** 			}
 1325              		.loc 1 934 14 is_stmt 0 view .LVU393
 1326 00f2 FFF7FEFF 		bl	xTaskResumeAll
 1327              	.LVL109:
 1328              	.L80:
 751:Middlewares/Third_Party/FreeRTOS/Source/queue.c **** 	}
 1329              		.loc 1 751 104 is_stmt 1 view .LVU394
 759:Middlewares/Third_Party/FreeRTOS/Source/queue.c **** 	{
 1330              		.loc 1 759 2 view .LVU395
 761:Middlewares/Third_Party/FreeRTOS/Source/queue.c **** 		{
 1331              		.loc 1 761 3 view .LVU396
 1332 00f6 FFF7FEFF 		bl	vPortEnterCritical
 1333              	.LVL110:
 767:Middlewares/Third_Party/FreeRTOS/Source/queue.c **** 			{
 1334              		.loc 1 767 4 view .LVU397
 767:Middlewares/Third_Party/FreeRTOS/Source/queue.c **** 			{
 1335              		.loc 1 767 17 is_stmt 0 view .LVU398
 1336 00fa A26B     		ldr	r2, [r4, #56]
ARM GAS  C:\Users\subdia\AppData\Local\Temp\ccc2GLt8.s 			page 75


 767:Middlewares/Third_Party/FreeRTOS/Source/queue.c **** 			{
 1337              		.loc 1 767 46 view .LVU399
 1338 00fc E36B     		ldr	r3, [r4, #60]
 767:Middlewares/Third_Party/FreeRTOS/Source/queue.c **** 			{
 1339              		.loc 1 767 6 view .LVU400
 1340 00fe 9A42     		cmp	r2, r3
 1341 0100 BBD3     		bcc	.L81
 767:Middlewares/Third_Party/FreeRTOS/Source/queue.c **** 			{
 1342              		.loc 1 767 59 discriminator 1 view .LVU401
 1343 0102 022D     		cmp	r5, #2
 1344 0104 B9D0     		beq	.L81
 872:Middlewares/Third_Party/FreeRTOS/Source/queue.c **** 				{
 1345              		.loc 1 872 5 is_stmt 1 view .LVU402
 872:Middlewares/Third_Party/FreeRTOS/Source/queue.c **** 				{
 1346              		.loc 1 872 22 is_stmt 0 view .LVU403
 1347 0106 019B     		ldr	r3, [sp, #4]
 872:Middlewares/Third_Party/FreeRTOS/Source/queue.c **** 				{
 1348              		.loc 1 872 7 view .LVU404
 1349 0108 002B     		cmp	r3, #0
 1350 010a DED0     		beq	.L98
 883:Middlewares/Third_Party/FreeRTOS/Source/queue.c **** 				{
 1351              		.loc 1 883 10 is_stmt 1 view .LVU405
 883:Middlewares/Third_Party/FreeRTOS/Source/queue.c **** 				{
 1352              		.loc 1 883 12 is_stmt 0 view .LVU406
 1353 010c 002E     		cmp	r6, #0
 1354 010e E0D0     		beq	.L99
 1355              	.LVL111:
 1356              	.L87:
 893:Middlewares/Third_Party/FreeRTOS/Source/queue.c **** 				}
 1357              		.loc 1 893 30 is_stmt 1 view .LVU407
 897:Middlewares/Third_Party/FreeRTOS/Source/queue.c **** 
 1358              		.loc 1 897 3 view .LVU408
 1359 0110 FFF7FEFF 		bl	vPortExitCritical
 1360              	.LVL112:
 902:Middlewares/Third_Party/FreeRTOS/Source/queue.c **** 		prvLockQueue( pxQueue );
 1361              		.loc 1 902 3 view .LVU409
 1362 0114 FFF7FEFF 		bl	vTaskSuspendAll
 1363              	.LVL113:
 903:Middlewares/Third_Party/FreeRTOS/Source/queue.c **** 
 1364              		.loc 1 903 3 view .LVU410
 1365 0118 FFF7FEFF 		bl	vPortEnterCritical
 1366              	.LVL114:
 903:Middlewares/Third_Party/FreeRTOS/Source/queue.c **** 
 1367              		.loc 1 903 3 discriminator 1 view .LVU411
 1368 011c 94F84420 		ldrb	r2, [r4, #68]	@ zero_extendqisi2
 1369 0120 52B2     		sxtb	r2, r2
 1370 0122 B2F1FF3F 		cmp	r2, #-1
 1371 0126 D9D0     		beq	.L100
 1372              	.L88:
 903:Middlewares/Third_Party/FreeRTOS/Source/queue.c **** 
 1373              		.loc 1 903 3 discriminator 4 view .LVU412
 1374 0128 94F84520 		ldrb	r2, [r4, #69]	@ zero_extendqisi2
 1375 012c 52B2     		sxtb	r2, r2
 1376 012e B2F1FF3F 		cmp	r2, #-1
 1377 0132 D7D0     		beq	.L101
 1378              	.L89:
 903:Middlewares/Third_Party/FreeRTOS/Source/queue.c **** 
ARM GAS  C:\Users\subdia\AppData\Local\Temp\ccc2GLt8.s 			page 76


 1379              		.loc 1 903 3 discriminator 7 view .LVU413
 1380 0134 FFF7FEFF 		bl	vPortExitCritical
 1381              	.LVL115:
 906:Middlewares/Third_Party/FreeRTOS/Source/queue.c **** 		{
 1382              		.loc 1 906 3 view .LVU414
 906:Middlewares/Third_Party/FreeRTOS/Source/queue.c **** 		{
 1383              		.loc 1 906 7 is_stmt 0 view .LVU415
 1384 0138 01A9     		add	r1, sp, #4
 1385 013a 02A8     		add	r0, sp, #8
 1386 013c FFF7FEFF 		bl	xTaskCheckForTimeOut
 1387              	.LVL116:
 906:Middlewares/Third_Party/FreeRTOS/Source/queue.c **** 		{
 1388              		.loc 1 906 5 discriminator 1 view .LVU416
 1389 0140 D8B9     		cbnz	r0, .L90
 908:Middlewares/Third_Party/FreeRTOS/Source/queue.c **** 			{
 1390              		.loc 1 908 4 is_stmt 1 view .LVU417
 908:Middlewares/Third_Party/FreeRTOS/Source/queue.c **** 			{
 1391              		.loc 1 908 8 is_stmt 0 view .LVU418
 1392 0142 2046     		mov	r0, r4
 1393 0144 FFF7FEFF 		bl	prvIsQueueFull
 1394              	.LVL117:
 908:Middlewares/Third_Party/FreeRTOS/Source/queue.c **** 			{
 1395              		.loc 1 908 6 discriminator 1 view .LVU419
 1396 0148 0028     		cmp	r0, #0
 1397 014a CFD0     		beq	.L91
 910:Middlewares/Third_Party/FreeRTOS/Source/queue.c **** 				vTaskPlaceOnEventList( &( pxQueue->xTasksWaitingToSend ), xTicksToWait );
 1398              		.loc 1 910 43 is_stmt 1 view .LVU420
 911:Middlewares/Third_Party/FreeRTOS/Source/queue.c **** 
 1399              		.loc 1 911 5 view .LVU421
 1400 014c 0199     		ldr	r1, [sp, #4]
 1401 014e 04F11000 		add	r0, r4, #16
 1402 0152 FFF7FEFF 		bl	vTaskPlaceOnEventList
 1403              	.LVL118:
 918:Middlewares/Third_Party/FreeRTOS/Source/queue.c **** 
 1404              		.loc 1 918 5 view .LVU422
 1405 0156 2046     		mov	r0, r4
 1406 0158 FFF7FEFF 		bl	prvUnlockQueue
 1407              	.LVL119:
 925:Middlewares/Third_Party/FreeRTOS/Source/queue.c **** 				{
 1408              		.loc 1 925 5 view .LVU423
 925:Middlewares/Third_Party/FreeRTOS/Source/queue.c **** 				{
 1409              		.loc 1 925 9 is_stmt 0 view .LVU424
 1410 015c FFF7FEFF 		bl	xTaskResumeAll
 1411              	.LVL120:
 925:Middlewares/Third_Party/FreeRTOS/Source/queue.c **** 				{
 1412              		.loc 1 925 7 discriminator 1 view .LVU425
 1413 0160 0028     		cmp	r0, #0
 1414 0162 C8D1     		bne	.L80
 927:Middlewares/Third_Party/FreeRTOS/Source/queue.c **** 				}
 1415              		.loc 1 927 6 is_stmt 1 view .LVU426
 1416 0164 4FF0E023 		mov	r3, #-536813568
 1417 0168 4FF08052 		mov	r2, #268435456
 1418 016c C3F8042D 		str	r2, [r3, #3332]
 927:Middlewares/Third_Party/FreeRTOS/Source/queue.c **** 				}
 1419              		.loc 1 927 6 view .LVU427
 1420              		.syntax unified
 1421              	@ 927 "Middlewares/Third_Party/FreeRTOS/Source/queue.c" 1
ARM GAS  C:\Users\subdia\AppData\Local\Temp\ccc2GLt8.s 			page 77


 1422 0170 BFF34F8F 		dsb
 1423              	@ 0 "" 2
 927:Middlewares/Third_Party/FreeRTOS/Source/queue.c **** 				}
 1424              		.loc 1 927 6 view .LVU428
 1425              	@ 927 "Middlewares/Third_Party/FreeRTOS/Source/queue.c" 1
 1426 0174 BFF36F8F 		isb
 1427              	@ 0 "" 2
 1428              		.thumb
 1429              		.syntax unified
 1430 0178 BDE7     		b	.L80
 1431              	.L90:
 940:Middlewares/Third_Party/FreeRTOS/Source/queue.c **** 			( void ) xTaskResumeAll();
 1432              		.loc 1 940 4 view .LVU429
 1433 017a 2046     		mov	r0, r4
 1434 017c FFF7FEFF 		bl	prvUnlockQueue
 1435              	.LVL121:
 941:Middlewares/Third_Party/FreeRTOS/Source/queue.c **** 
 1436              		.loc 1 941 4 view .LVU430
 941:Middlewares/Third_Party/FreeRTOS/Source/queue.c **** 
 1437              		.loc 1 941 13 is_stmt 0 view .LVU431
 1438 0180 FFF7FEFF 		bl	xTaskResumeAll
 1439              	.LVL122:
 943:Middlewares/Third_Party/FreeRTOS/Source/queue.c **** 			return errQUEUE_FULL;
 1440              		.loc 1 943 37 is_stmt 1 view .LVU432
 944:Middlewares/Third_Party/FreeRTOS/Source/queue.c **** 		}
 1441              		.loc 1 944 4 view .LVU433
 944:Middlewares/Third_Party/FreeRTOS/Source/queue.c **** 		}
 1442              		.loc 1 944 11 is_stmt 0 view .LVU434
 1443 0184 0020     		movs	r0, #0
 1444 0186 8DE7     		b	.L71
 1445              		.cfi_endproc
 1446              	.LFE12:
 1448              		.section	.text.prvInitialiseMutex,"ax",%progbits
 1449              		.align	1
 1450              		.syntax unified
 1451              		.thumb
 1452              		.thumb_func
 1454              	prvInitialiseMutex:
 1455              	.LVL123:
 1456              	.LFB9:
 467:Middlewares/Third_Party/FreeRTOS/Source/queue.c **** 		if( pxNewQueue != NULL )
 1457              		.loc 1 467 2 is_stmt 1 view -0
 1458              		.cfi_startproc
 1459              		@ args = 0, pretend = 0, frame = 0
 1460              		@ frame_needed = 0, uses_anonymous_args = 0
 468:Middlewares/Third_Party/FreeRTOS/Source/queue.c **** 		{
 1461              		.loc 1 468 3 view .LVU436
 468:Middlewares/Third_Party/FreeRTOS/Source/queue.c **** 		{
 1462              		.loc 1 468 5 is_stmt 0 view .LVU437
 1463 0000 48B1     		cbz	r0, .L105
 467:Middlewares/Third_Party/FreeRTOS/Source/queue.c **** 		if( pxNewQueue != NULL )
 1464              		.loc 1 467 2 view .LVU438
 1465 0002 08B5     		push	{r3, lr}
 1466              	.LCFI17:
 1467              		.cfi_def_cfa_offset 8
 1468              		.cfi_offset 3, -8
 1469              		.cfi_offset 14, -4
ARM GAS  C:\Users\subdia\AppData\Local\Temp\ccc2GLt8.s 			page 78


 474:Middlewares/Third_Party/FreeRTOS/Source/queue.c **** 			pxNewQueue->uxQueueType = queueQUEUE_IS_MUTEX;
 1470              		.loc 1 474 4 is_stmt 1 view .LVU439
 474:Middlewares/Third_Party/FreeRTOS/Source/queue.c **** 			pxNewQueue->uxQueueType = queueQUEUE_IS_MUTEX;
 1471              		.loc 1 474 42 is_stmt 0 view .LVU440
 1472 0004 0021     		movs	r1, #0
 1473 0006 8160     		str	r1, [r0, #8]
 475:Middlewares/Third_Party/FreeRTOS/Source/queue.c **** 
 1474              		.loc 1 475 4 is_stmt 1 view .LVU441
 475:Middlewares/Third_Party/FreeRTOS/Source/queue.c **** 
 1475              		.loc 1 475 28 is_stmt 0 view .LVU442
 1476 0008 0160     		str	r1, [r0]
 478:Middlewares/Third_Party/FreeRTOS/Source/queue.c **** 
 1477              		.loc 1 478 4 is_stmt 1 view .LVU443
 478:Middlewares/Third_Party/FreeRTOS/Source/queue.c **** 
 1478              		.loc 1 478 50 is_stmt 0 view .LVU444
 1479 000a C160     		str	r1, [r0, #12]
 480:Middlewares/Third_Party/FreeRTOS/Source/queue.c **** 
 1480              		.loc 1 480 35 is_stmt 1 view .LVU445
 483:Middlewares/Third_Party/FreeRTOS/Source/queue.c **** 		}
 1481              		.loc 1 483 4 view .LVU446
 483:Middlewares/Third_Party/FreeRTOS/Source/queue.c **** 		}
 1482              		.loc 1 483 13 is_stmt 0 view .LVU447
 1483 000c 0B46     		mov	r3, r1
 1484 000e 0A46     		mov	r2, r1
 1485 0010 FFF7FEFF 		bl	xQueueGenericSend
 1486              	.LVL124:
 487:Middlewares/Third_Party/FreeRTOS/Source/queue.c **** 		}
 1487              		.loc 1 487 30 is_stmt 1 view .LVU448
 489:Middlewares/Third_Party/FreeRTOS/Source/queue.c **** 
 1488              		.loc 1 489 2 is_stmt 0 view .LVU449
 1489 0014 08BD     		pop	{r3, pc}
 1490              	.LVL125:
 1491              	.L105:
 1492              	.LCFI18:
 1493              		.cfi_def_cfa_offset 0
 1494              		.cfi_restore 3
 1495              		.cfi_restore 14
 489:Middlewares/Third_Party/FreeRTOS/Source/queue.c **** 
 1496              		.loc 1 489 2 view .LVU450
 1497 0016 7047     		bx	lr
 1498              		.cfi_endproc
 1499              	.LFE9:
 1501              		.section	.text.xQueueCreateMutex,"ax",%progbits
 1502              		.align	1
 1503              		.global	xQueueCreateMutex
 1504              		.syntax unified
 1505              		.thumb
 1506              		.thumb_func
 1508              	xQueueCreateMutex:
 1509              	.LVL126:
 1510              	.LFB10:
 497:Middlewares/Third_Party/FreeRTOS/Source/queue.c **** 	QueueHandle_t xNewQueue;
 1511              		.loc 1 497 2 is_stmt 1 view -0
 1512              		.cfi_startproc
 1513              		@ args = 0, pretend = 0, frame = 0
 1514              		@ frame_needed = 0, uses_anonymous_args = 0
 497:Middlewares/Third_Party/FreeRTOS/Source/queue.c **** 	QueueHandle_t xNewQueue;
ARM GAS  C:\Users\subdia\AppData\Local\Temp\ccc2GLt8.s 			page 79


 1515              		.loc 1 497 2 is_stmt 0 view .LVU452
 1516 0000 10B5     		push	{r4, lr}
 1517              	.LCFI19:
 1518              		.cfi_def_cfa_offset 8
 1519              		.cfi_offset 4, -8
 1520              		.cfi_offset 14, -4
 1521 0002 0246     		mov	r2, r0
 498:Middlewares/Third_Party/FreeRTOS/Source/queue.c **** 	const UBaseType_t uxMutexLength = ( UBaseType_t ) 1, uxMutexSize = ( UBaseType_t ) 0;
 1522              		.loc 1 498 2 is_stmt 1 view .LVU453
 499:Middlewares/Third_Party/FreeRTOS/Source/queue.c **** 
 1523              		.loc 1 499 2 view .LVU454
 1524              	.LVL127:
 501:Middlewares/Third_Party/FreeRTOS/Source/queue.c **** 		prvInitialiseMutex( ( Queue_t * ) xNewQueue );
 1525              		.loc 1 501 3 view .LVU455
 501:Middlewares/Third_Party/FreeRTOS/Source/queue.c **** 		prvInitialiseMutex( ( Queue_t * ) xNewQueue );
 1526              		.loc 1 501 15 is_stmt 0 view .LVU456
 1527 0004 0021     		movs	r1, #0
 1528 0006 0120     		movs	r0, #1
 1529              	.LVL128:
 501:Middlewares/Third_Party/FreeRTOS/Source/queue.c **** 		prvInitialiseMutex( ( Queue_t * ) xNewQueue );
 1530              		.loc 1 501 15 view .LVU457
 1531 0008 FFF7FEFF 		bl	xQueueGenericCreate
 1532              	.LVL129:
 501:Middlewares/Third_Party/FreeRTOS/Source/queue.c **** 		prvInitialiseMutex( ( Queue_t * ) xNewQueue );
 1533              		.loc 1 501 15 view .LVU458
 1534 000c 0446     		mov	r4, r0
 1535              	.LVL130:
 502:Middlewares/Third_Party/FreeRTOS/Source/queue.c **** 
 1536              		.loc 1 502 3 is_stmt 1 view .LVU459
 1537 000e FFF7FEFF 		bl	prvInitialiseMutex
 1538              	.LVL131:
 504:Middlewares/Third_Party/FreeRTOS/Source/queue.c **** 	}
 1539              		.loc 1 504 3 view .LVU460
 505:Middlewares/Third_Party/FreeRTOS/Source/queue.c **** 
 1540              		.loc 1 505 2 is_stmt 0 view .LVU461
 1541 0012 2046     		mov	r0, r4
 1542 0014 10BD     		pop	{r4, pc}
 505:Middlewares/Third_Party/FreeRTOS/Source/queue.c **** 
 1543              		.loc 1 505 2 view .LVU462
 1544              		.cfi_endproc
 1545              	.LFE10:
 1547              		.section	.text.xQueueCreateMutexStatic,"ax",%progbits
 1548              		.align	1
 1549              		.global	xQueueCreateMutexStatic
 1550              		.syntax unified
 1551              		.thumb
 1552              		.thumb_func
 1554              	xQueueCreateMutexStatic:
 1555              	.LVL132:
 1556              	.LFB11:
 513:Middlewares/Third_Party/FreeRTOS/Source/queue.c **** 	QueueHandle_t xNewQueue;
 1557              		.loc 1 513 2 is_stmt 1 view -0
 1558              		.cfi_startproc
 1559              		@ args = 0, pretend = 0, frame = 0
 1560              		@ frame_needed = 0, uses_anonymous_args = 0
 513:Middlewares/Third_Party/FreeRTOS/Source/queue.c **** 	QueueHandle_t xNewQueue;
 1561              		.loc 1 513 2 is_stmt 0 view .LVU464
ARM GAS  C:\Users\subdia\AppData\Local\Temp\ccc2GLt8.s 			page 80


 1562 0000 10B5     		push	{r4, lr}
 1563              	.LCFI20:
 1564              		.cfi_def_cfa_offset 8
 1565              		.cfi_offset 4, -8
 1566              		.cfi_offset 14, -4
 1567 0002 82B0     		sub	sp, sp, #8
 1568              	.LCFI21:
 1569              		.cfi_def_cfa_offset 16
 1570 0004 0B46     		mov	r3, r1
 514:Middlewares/Third_Party/FreeRTOS/Source/queue.c **** 	const UBaseType_t uxMutexLength = ( UBaseType_t ) 1, uxMutexSize = ( UBaseType_t ) 0;
 1571              		.loc 1 514 2 is_stmt 1 view .LVU465
 515:Middlewares/Third_Party/FreeRTOS/Source/queue.c **** 
 1572              		.loc 1 515 2 view .LVU466
 1573              	.LVL133:
 519:Middlewares/Third_Party/FreeRTOS/Source/queue.c **** 
 1574              		.loc 1 519 3 view .LVU467
 521:Middlewares/Third_Party/FreeRTOS/Source/queue.c **** 		prvInitialiseMutex( ( Queue_t * ) xNewQueue );
 1575              		.loc 1 521 3 view .LVU468
 521:Middlewares/Third_Party/FreeRTOS/Source/queue.c **** 		prvInitialiseMutex( ( Queue_t * ) xNewQueue );
 1576              		.loc 1 521 15 is_stmt 0 view .LVU469
 1577 0006 0090     		str	r0, [sp]
 1578 0008 0022     		movs	r2, #0
 1579 000a 1146     		mov	r1, r2
 1580              	.LVL134:
 521:Middlewares/Third_Party/FreeRTOS/Source/queue.c **** 		prvInitialiseMutex( ( Queue_t * ) xNewQueue );
 1581              		.loc 1 521 15 view .LVU470
 1582 000c 0120     		movs	r0, #1
 1583              	.LVL135:
 521:Middlewares/Third_Party/FreeRTOS/Source/queue.c **** 		prvInitialiseMutex( ( Queue_t * ) xNewQueue );
 1584              		.loc 1 521 15 view .LVU471
 1585 000e FFF7FEFF 		bl	xQueueGenericCreateStatic
 1586              	.LVL136:
 521:Middlewares/Third_Party/FreeRTOS/Source/queue.c **** 		prvInitialiseMutex( ( Queue_t * ) xNewQueue );
 1587              		.loc 1 521 15 view .LVU472
 1588 0012 0446     		mov	r4, r0
 1589              	.LVL137:
 522:Middlewares/Third_Party/FreeRTOS/Source/queue.c **** 
 1590              		.loc 1 522 3 is_stmt 1 view .LVU473
 1591 0014 FFF7FEFF 		bl	prvInitialiseMutex
 1592              	.LVL138:
 524:Middlewares/Third_Party/FreeRTOS/Source/queue.c **** 	}
 1593              		.loc 1 524 3 view .LVU474
 525:Middlewares/Third_Party/FreeRTOS/Source/queue.c **** 
 1594              		.loc 1 525 2 is_stmt 0 view .LVU475
 1595 0018 2046     		mov	r0, r4
 1596 001a 02B0     		add	sp, sp, #8
 1597              	.LCFI22:
 1598              		.cfi_def_cfa_offset 8
 1599              		@ sp needed
 1600 001c 10BD     		pop	{r4, pc}
 525:Middlewares/Third_Party/FreeRTOS/Source/queue.c **** 
 1601              		.loc 1 525 2 view .LVU476
 1602              		.cfi_endproc
 1603              	.LFE11:
 1605              		.section	.text.xQueueGenericSendFromISR,"ax",%progbits
 1606              		.align	1
 1607              		.global	xQueueGenericSendFromISR
ARM GAS  C:\Users\subdia\AppData\Local\Temp\ccc2GLt8.s 			page 81


 1608              		.syntax unified
 1609              		.thumb
 1610              		.thumb_func
 1612              	xQueueGenericSendFromISR:
 1613              	.LVL139:
 1614              	.LFB13:
 951:Middlewares/Third_Party/FreeRTOS/Source/queue.c **** BaseType_t xReturn;
 1615              		.loc 1 951 1 is_stmt 1 view -0
 1616              		.cfi_startproc
 1617              		@ args = 0, pretend = 0, frame = 0
 1618              		@ frame_needed = 0, uses_anonymous_args = 0
 951:Middlewares/Third_Party/FreeRTOS/Source/queue.c **** BaseType_t xReturn;
 1619              		.loc 1 951 1 is_stmt 0 view .LVU478
 1620 0000 2DE9F843 		push	{r3, r4, r5, r6, r7, r8, r9, lr}
 1621              	.LCFI23:
 1622              		.cfi_def_cfa_offset 32
 1623              		.cfi_offset 3, -32
 1624              		.cfi_offset 4, -28
 1625              		.cfi_offset 5, -24
 1626              		.cfi_offset 6, -20
 1627              		.cfi_offset 7, -16
 1628              		.cfi_offset 8, -12
 1629              		.cfi_offset 9, -8
 1630              		.cfi_offset 14, -4
 952:Middlewares/Third_Party/FreeRTOS/Source/queue.c **** UBaseType_t uxSavedInterruptStatus;
 1631              		.loc 1 952 1 is_stmt 1 view .LVU479
 953:Middlewares/Third_Party/FreeRTOS/Source/queue.c **** Queue_t * const pxQueue = xQueue;
 1632              		.loc 1 953 1 view .LVU480
 954:Middlewares/Third_Party/FreeRTOS/Source/queue.c **** 
 1633              		.loc 1 954 1 view .LVU481
 1634              	.LVL140:
 956:Middlewares/Third_Party/FreeRTOS/Source/queue.c **** 	configASSERT( !( ( pvItemToQueue == NULL ) && ( pxQueue->uxItemSize != ( UBaseType_t ) 0U ) ) );
 1635              		.loc 1 956 2 view .LVU482
 1636 0004 90B1     		cbz	r0, .L127
 1637 0006 0F46     		mov	r7, r1
 1638 0008 9046     		mov	r8, r2
 1639 000a 1E46     		mov	r6, r3
 1640 000c 0446     		mov	r4, r0
 956:Middlewares/Third_Party/FreeRTOS/Source/queue.c **** 	configASSERT( !( ( pvItemToQueue == NULL ) && ( pxQueue->uxItemSize != ( UBaseType_t ) 0U ) ) );
 1641              		.loc 1 956 25 view .LVU483
 957:Middlewares/Third_Party/FreeRTOS/Source/queue.c **** 	configASSERT( !( ( xCopyPosition == queueOVERWRITE ) && ( pxQueue->uxLength != 1 ) ) );
 1642              		.loc 1 957 2 view .LVU484
 1643 000e B1B1     		cbz	r1, .L128
 1644              	.LVL141:
 1645              	.L115:
 957:Middlewares/Third_Party/FreeRTOS/Source/queue.c **** 	configASSERT( !( ( xCopyPosition == queueOVERWRITE ) && ( pxQueue->uxLength != 1 ) ) );
 1646              		.loc 1 957 97 view .LVU485
 958:Middlewares/Third_Party/FreeRTOS/Source/queue.c **** 
 1647              		.loc 1 958 2 view .LVU486
 1648 0010 022E     		cmp	r6, #2
 1649 0012 20D1     		bne	.L117
 958:Middlewares/Third_Party/FreeRTOS/Source/queue.c **** 
 1650              		.loc 1 958 2 is_stmt 0 discriminator 2 view .LVU487
 1651 0014 E36B     		ldr	r3, [r4, #60]
 1652 0016 012B     		cmp	r3, #1
 1653 0018 1DD0     		beq	.L117
 958:Middlewares/Third_Party/FreeRTOS/Source/queue.c **** 
ARM GAS  C:\Users\subdia\AppData\Local\Temp\ccc2GLt8.s 			page 82


 1654              		.loc 1 958 2 is_stmt 1 discriminator 7 view .LVU488
 1655              	.LBB130:
 1656              	.LBI130:
 193:Middlewares/Third_Party/FreeRTOS/Source/portable/GCC/ARM_CM3/portmacro.h **** {
 1657              		.loc 2 193 30 view .LVU489
 1658              	.LBB131:
 195:Middlewares/Third_Party/FreeRTOS/Source/portable/GCC/ARM_CM3/portmacro.h **** 
 1659              		.loc 2 195 1 view .LVU490
 1660              		.loc 2 197 2 view .LVU491
 1661              		.syntax unified
 1662              	@ 197 "Middlewares/Third_Party/FreeRTOS/Source/portable/GCC/ARM_CM3/portmacro.h" 1
 1663 001a 4FF05003 			mov r3, #80												
 1664 001e 83F31188 		msr basepri, r3											
 1665 0022 BFF36F8F 		isb														
 1666 0026 BFF34F8F 		dsb														
 1667              	
 1668              	@ 0 "" 2
 1669              		.thumb
 1670              		.syntax unified
 1671              	.L118:
 1672              	.LBE131:
 1673              	.LBE130:
 958:Middlewares/Third_Party/FreeRTOS/Source/queue.c **** 
 1674              		.loc 1 958 2 view .LVU492
 1675 002a FEE7     		b	.L118
 1676              	.LVL142:
 1677              	.L127:
 956:Middlewares/Third_Party/FreeRTOS/Source/queue.c **** 	configASSERT( !( ( pvItemToQueue == NULL ) && ( pxQueue->uxItemSize != ( UBaseType_t ) 0U ) ) );
 1678              		.loc 1 956 2 discriminator 1 view .LVU493
 1679              	.LBB132:
 1680              	.LBI132:
 193:Middlewares/Third_Party/FreeRTOS/Source/portable/GCC/ARM_CM3/portmacro.h **** {
 1681              		.loc 2 193 30 view .LVU494
 1682              	.LBB133:
 195:Middlewares/Third_Party/FreeRTOS/Source/portable/GCC/ARM_CM3/portmacro.h **** 
 1683              		.loc 2 195 1 view .LVU495
 1684              		.loc 2 197 2 view .LVU496
 1685              		.syntax unified
 1686              	@ 197 "Middlewares/Third_Party/FreeRTOS/Source/portable/GCC/ARM_CM3/portmacro.h" 1
 1687 002c 4FF05003 			mov r3, #80												
 1688 0030 83F31188 		msr basepri, r3											
 1689 0034 BFF36F8F 		isb														
 1690 0038 BFF34F8F 		dsb														
 1691              	
 1692              	@ 0 "" 2
 1693              	.LVL143:
 1694              		.thumb
 1695              		.syntax unified
 1696              	.L114:
 1697              		.loc 2 197 2 is_stmt 0 view .LVU497
 1698              	.LBE133:
 1699              	.LBE132:
 956:Middlewares/Third_Party/FreeRTOS/Source/queue.c **** 	configASSERT( !( ( pvItemToQueue == NULL ) && ( pxQueue->uxItemSize != ( UBaseType_t ) 0U ) ) );
 1700              		.loc 1 956 2 is_stmt 1 view .LVU498
 1701 003c FEE7     		b	.L114
 1702              	.LVL144:
 1703              	.L128:
ARM GAS  C:\Users\subdia\AppData\Local\Temp\ccc2GLt8.s 			page 83


 957:Middlewares/Third_Party/FreeRTOS/Source/queue.c **** 	configASSERT( !( ( xCopyPosition == queueOVERWRITE ) && ( pxQueue->uxLength != 1 ) ) );
 1704              		.loc 1 957 2 is_stmt 0 discriminator 2 view .LVU499
 1705 003e 036C     		ldr	r3, [r0, #64]
 1706              	.LVL145:
 957:Middlewares/Third_Party/FreeRTOS/Source/queue.c **** 	configASSERT( !( ( xCopyPosition == queueOVERWRITE ) && ( pxQueue->uxLength != 1 ) ) );
 1707              		.loc 1 957 2 discriminator 2 view .LVU500
 1708 0040 002B     		cmp	r3, #0
 1709 0042 E5D0     		beq	.L115
 957:Middlewares/Third_Party/FreeRTOS/Source/queue.c **** 	configASSERT( !( ( xCopyPosition == queueOVERWRITE ) && ( pxQueue->uxLength != 1 ) ) );
 1710              		.loc 1 957 2 is_stmt 1 discriminator 7 view .LVU501
 1711              	.LBB134:
 1712              	.LBI134:
 193:Middlewares/Third_Party/FreeRTOS/Source/portable/GCC/ARM_CM3/portmacro.h **** {
 1713              		.loc 2 193 30 view .LVU502
 1714              	.LBB135:
 195:Middlewares/Third_Party/FreeRTOS/Source/portable/GCC/ARM_CM3/portmacro.h **** 
 1715              		.loc 2 195 1 view .LVU503
 1716              		.loc 2 197 2 view .LVU504
 1717              		.syntax unified
 1718              	@ 197 "Middlewares/Third_Party/FreeRTOS/Source/portable/GCC/ARM_CM3/portmacro.h" 1
 1719 0044 4FF05003 			mov r3, #80												
 1720 0048 83F31188 		msr basepri, r3											
 1721 004c BFF36F8F 		isb														
 1722 0050 BFF34F8F 		dsb														
 1723              	
 1724              	@ 0 "" 2
 1725              		.thumb
 1726              		.syntax unified
 1727              	.L116:
 1728              	.LBE135:
 1729              	.LBE134:
 957:Middlewares/Third_Party/FreeRTOS/Source/queue.c **** 	configASSERT( !( ( xCopyPosition == queueOVERWRITE ) && ( pxQueue->uxLength != 1 ) ) );
 1730              		.loc 1 957 2 view .LVU505
 1731 0054 FEE7     		b	.L116
 1732              	.L117:
 958:Middlewares/Third_Party/FreeRTOS/Source/queue.c **** 
 1733              		.loc 1 958 88 view .LVU506
 974:Middlewares/Third_Party/FreeRTOS/Source/queue.c **** 
 1734              		.loc 1 974 2 view .LVU507
 1735 0056 FFF7FEFF 		bl	vPortValidateInterruptPriority
 1736              	.LVL146:
 981:Middlewares/Third_Party/FreeRTOS/Source/queue.c **** 	{
 1737              		.loc 1 981 2 view .LVU508
 1738              	.LBB136:
 1739              	.LBI136:
 198:Middlewares/Third_Party/FreeRTOS/Source/portable/GCC/ARM_CM3/portmacro.h **** 	(
 199:Middlewares/Third_Party/FreeRTOS/Source/portable/GCC/ARM_CM3/portmacro.h **** 		"	mov %0, %1												\n" \
 200:Middlewares/Third_Party/FreeRTOS/Source/portable/GCC/ARM_CM3/portmacro.h **** 		"	msr basepri, %0											\n" \
 201:Middlewares/Third_Party/FreeRTOS/Source/portable/GCC/ARM_CM3/portmacro.h **** 		"	isb														\n" \
 202:Middlewares/Third_Party/FreeRTOS/Source/portable/GCC/ARM_CM3/portmacro.h **** 		"	dsb														\n" \
 203:Middlewares/Third_Party/FreeRTOS/Source/portable/GCC/ARM_CM3/portmacro.h **** 		:"=r" (ulNewBASEPRI) : "i" ( configMAX_SYSCALL_INTERRUPT_PRIORITY ) : "memory"
 204:Middlewares/Third_Party/FreeRTOS/Source/portable/GCC/ARM_CM3/portmacro.h **** 	);
 205:Middlewares/Third_Party/FreeRTOS/Source/portable/GCC/ARM_CM3/portmacro.h **** }
 206:Middlewares/Third_Party/FreeRTOS/Source/portable/GCC/ARM_CM3/portmacro.h **** 
 207:Middlewares/Third_Party/FreeRTOS/Source/portable/GCC/ARM_CM3/portmacro.h **** /*-----------------------------------------------------------*/
 208:Middlewares/Third_Party/FreeRTOS/Source/portable/GCC/ARM_CM3/portmacro.h **** 
 209:Middlewares/Third_Party/FreeRTOS/Source/portable/GCC/ARM_CM3/portmacro.h **** portFORCE_INLINE static uint32_t ulPortRaiseBASEPRI( void )
ARM GAS  C:\Users\subdia\AppData\Local\Temp\ccc2GLt8.s 			page 84


 1740              		.loc 2 209 34 view .LVU509
 1741              	.LBB137:
 210:Middlewares/Third_Party/FreeRTOS/Source/portable/GCC/ARM_CM3/portmacro.h **** {
 211:Middlewares/Third_Party/FreeRTOS/Source/portable/GCC/ARM_CM3/portmacro.h **** uint32_t ulOriginalBASEPRI, ulNewBASEPRI;
 1742              		.loc 2 211 1 view .LVU510
 212:Middlewares/Third_Party/FreeRTOS/Source/portable/GCC/ARM_CM3/portmacro.h **** 
 213:Middlewares/Third_Party/FreeRTOS/Source/portable/GCC/ARM_CM3/portmacro.h **** 	__asm volatile
 1743              		.loc 2 213 2 view .LVU511
 1744              		.syntax unified
 1745              	@ 213 "Middlewares/Third_Party/FreeRTOS/Source/portable/GCC/ARM_CM3/portmacro.h" 1
 1746 005a EFF31183 			mrs r3, basepri											
 1747 005e 4FF05002 		mov r2, #80												
 1748 0062 82F31188 		msr basepri, r2											
 1749 0066 BFF36F8F 		isb														
 1750 006a BFF34F8F 		dsb														
 1751              	
 1752              	@ 0 "" 2
 1753              		.thumb
 1754              		.syntax unified
 1755 006e 9946     		mov	r9, r3
 214:Middlewares/Third_Party/FreeRTOS/Source/portable/GCC/ARM_CM3/portmacro.h **** 	(
 215:Middlewares/Third_Party/FreeRTOS/Source/portable/GCC/ARM_CM3/portmacro.h **** 		"	mrs %0, basepri											\n" \
 216:Middlewares/Third_Party/FreeRTOS/Source/portable/GCC/ARM_CM3/portmacro.h **** 		"	mov %1, %2												\n" \
 217:Middlewares/Third_Party/FreeRTOS/Source/portable/GCC/ARM_CM3/portmacro.h **** 		"	msr basepri, %1											\n" \
 218:Middlewares/Third_Party/FreeRTOS/Source/portable/GCC/ARM_CM3/portmacro.h **** 		"	isb														\n" \
 219:Middlewares/Third_Party/FreeRTOS/Source/portable/GCC/ARM_CM3/portmacro.h **** 		"	dsb														\n" \
 220:Middlewares/Third_Party/FreeRTOS/Source/portable/GCC/ARM_CM3/portmacro.h **** 		:"=r" (ulOriginalBASEPRI), "=r" (ulNewBASEPRI) : "i" ( configMAX_SYSCALL_INTERRUPT_PRIORITY ) : "
 221:Middlewares/Third_Party/FreeRTOS/Source/portable/GCC/ARM_CM3/portmacro.h **** 	);
 222:Middlewares/Third_Party/FreeRTOS/Source/portable/GCC/ARM_CM3/portmacro.h **** 
 223:Middlewares/Third_Party/FreeRTOS/Source/portable/GCC/ARM_CM3/portmacro.h **** 	/* This return will not be reached but is necessary to prevent compiler
 224:Middlewares/Third_Party/FreeRTOS/Source/portable/GCC/ARM_CM3/portmacro.h **** 	warnings. */
 225:Middlewares/Third_Party/FreeRTOS/Source/portable/GCC/ARM_CM3/portmacro.h **** 	return ulOriginalBASEPRI;
 1756              		.loc 2 225 2 view .LVU512
 1757              	.LVL147:
 1758              		.loc 2 225 2 is_stmt 0 view .LVU513
 1759              	.LBE137:
 1760              	.LBE136:
 983:Middlewares/Third_Party/FreeRTOS/Source/queue.c **** 		{
 1761              		.loc 1 983 3 is_stmt 1 view .LVU514
 983:Middlewares/Third_Party/FreeRTOS/Source/queue.c **** 		{
 1762              		.loc 1 983 16 is_stmt 0 view .LVU515
 1763 0070 A26B     		ldr	r2, [r4, #56]
 983:Middlewares/Third_Party/FreeRTOS/Source/queue.c **** 		{
 1764              		.loc 1 983 45 view .LVU516
 1765 0072 E36B     		ldr	r3, [r4, #60]
 1766              	.LVL148:
 983:Middlewares/Third_Party/FreeRTOS/Source/queue.c **** 		{
 1767              		.loc 1 983 5 view .LVU517
 1768 0074 9A42     		cmp	r2, r3
 1769 0076 06D3     		bcc	.L119
 983:Middlewares/Third_Party/FreeRTOS/Source/queue.c **** 		{
 1770              		.loc 1 983 58 discriminator 1 view .LVU518
 1771 0078 022E     		cmp	r6, #2
 1772 007a 04D0     		beq	.L119
1103:Middlewares/Third_Party/FreeRTOS/Source/queue.c **** 		}
 1773              		.loc 1 1103 12 view .LVU519
 1774 007c 0020     		movs	r0, #0
ARM GAS  C:\Users\subdia\AppData\Local\Temp\ccc2GLt8.s 			page 85


 1775              	.L120:
 1776              	.LVL149:
1106:Middlewares/Third_Party/FreeRTOS/Source/queue.c **** 
 1777              		.loc 1 1106 2 is_stmt 1 view .LVU520
 1778              	.LBB138:
 1779              	.LBI138:
 226:Middlewares/Third_Party/FreeRTOS/Source/portable/GCC/ARM_CM3/portmacro.h **** }
 227:Middlewares/Third_Party/FreeRTOS/Source/portable/GCC/ARM_CM3/portmacro.h **** /*-----------------------------------------------------------*/
 228:Middlewares/Third_Party/FreeRTOS/Source/portable/GCC/ARM_CM3/portmacro.h **** 
 229:Middlewares/Third_Party/FreeRTOS/Source/portable/GCC/ARM_CM3/portmacro.h **** portFORCE_INLINE static void vPortSetBASEPRI( uint32_t ulNewMaskValue )
 1780              		.loc 2 229 30 view .LVU521
 1781              	.LBB139:
 230:Middlewares/Third_Party/FreeRTOS/Source/portable/GCC/ARM_CM3/portmacro.h **** {
 231:Middlewares/Third_Party/FreeRTOS/Source/portable/GCC/ARM_CM3/portmacro.h **** 	__asm volatile
 1782              		.loc 2 231 2 view .LVU522
 1783              		.syntax unified
 1784              	@ 231 "Middlewares/Third_Party/FreeRTOS/Source/portable/GCC/ARM_CM3/portmacro.h" 1
 1785 007e 89F31188 			msr basepri, r9	
 1786              	@ 0 "" 2
 1787              		.thumb
 1788              		.syntax unified
 1789              	.LBE139:
 1790              	.LBE138:
1108:Middlewares/Third_Party/FreeRTOS/Source/queue.c **** }
 1791              		.loc 1 1108 2 view .LVU523
1109:Middlewares/Third_Party/FreeRTOS/Source/queue.c **** /*-----------------------------------------------------------*/
 1792              		.loc 1 1109 1 is_stmt 0 view .LVU524
 1793 0082 BDE8F883 		pop	{r3, r4, r5, r6, r7, r8, r9, pc}
 1794              	.LVL150:
 1795              	.L119:
 1796              	.LBB140:
 985:Middlewares/Third_Party/FreeRTOS/Source/queue.c **** 			const UBaseType_t uxPreviousMessagesWaiting = pxQueue->uxMessagesWaiting;
 1797              		.loc 1 985 4 is_stmt 1 view .LVU525
 985:Middlewares/Third_Party/FreeRTOS/Source/queue.c **** 			const UBaseType_t uxPreviousMessagesWaiting = pxQueue->uxMessagesWaiting;
 1798              		.loc 1 985 17 is_stmt 0 view .LVU526
 1799 0086 94F84530 		ldrb	r3, [r4, #69]	@ zero_extendqisi2
 1800 008a 5DB2     		sxtb	r5, r3
 1801              	.LVL151:
 986:Middlewares/Third_Party/FreeRTOS/Source/queue.c **** 
 1802              		.loc 1 986 4 is_stmt 1 view .LVU527
 986:Middlewares/Third_Party/FreeRTOS/Source/queue.c **** 
 1803              		.loc 1 986 22 is_stmt 0 view .LVU528
 1804 008c A36B     		ldr	r3, [r4, #56]
 988:Middlewares/Third_Party/FreeRTOS/Source/queue.c **** 
 1805              		.loc 1 988 39 is_stmt 1 view .LVU529
 995:Middlewares/Third_Party/FreeRTOS/Source/queue.c **** 
 1806              		.loc 1 995 4 view .LVU530
 995:Middlewares/Third_Party/FreeRTOS/Source/queue.c **** 
 1807              		.loc 1 995 13 is_stmt 0 view .LVU531
 1808 008e 3246     		mov	r2, r6
 1809 0090 3946     		mov	r1, r7
 1810 0092 2046     		mov	r0, r4
 1811 0094 FFF7FEFF 		bl	prvCopyDataToQueue
 1812              	.LVL152:
 999:Middlewares/Third_Party/FreeRTOS/Source/queue.c **** 			{
 1813              		.loc 1 999 4 is_stmt 1 view .LVU532
 999:Middlewares/Third_Party/FreeRTOS/Source/queue.c **** 			{
ARM GAS  C:\Users\subdia\AppData\Local\Temp\ccc2GLt8.s 			page 86


 1814              		.loc 1 999 6 is_stmt 0 view .LVU533
 1815 0098 B5F1FF3F 		cmp	r5, #-1
 1816 009c 06D0     		beq	.L129
1095:Middlewares/Third_Party/FreeRTOS/Source/queue.c **** 			}
 1817              		.loc 1 1095 5 is_stmt 1 view .LVU534
1095:Middlewares/Third_Party/FreeRTOS/Source/queue.c **** 			}
 1818              		.loc 1 1095 45 is_stmt 0 view .LVU535
 1819 009e 2B46     		mov	r3, r5
 1820 00a0 0133     		adds	r3, r3, #1
1095:Middlewares/Third_Party/FreeRTOS/Source/queue.c **** 			}
 1821              		.loc 1 1095 24 view .LVU536
 1822 00a2 5BB2     		sxtb	r3, r3
1095:Middlewares/Third_Party/FreeRTOS/Source/queue.c **** 			}
 1823              		.loc 1 1095 22 view .LVU537
 1824 00a4 84F84530 		strb	r3, [r4, #69]
1098:Middlewares/Third_Party/FreeRTOS/Source/queue.c **** 		}
 1825              		.loc 1 1098 12 view .LVU538
 1826 00a8 0120     		movs	r0, #1
 1827 00aa E8E7     		b	.L120
 1828              	.L129:
1061:Middlewares/Third_Party/FreeRTOS/Source/queue.c **** 					{
 1829              		.loc 1 1061 6 is_stmt 1 view .LVU539
1061:Middlewares/Third_Party/FreeRTOS/Source/queue.c **** 					{
 1830              		.loc 1 1061 10 is_stmt 0 view .LVU540
 1831 00ac 636A     		ldr	r3, [r4, #36]
1061:Middlewares/Third_Party/FreeRTOS/Source/queue.c **** 					{
 1832              		.loc 1 1061 8 view .LVU541
 1833 00ae 0BB9     		cbnz	r3, .L130
1098:Middlewares/Third_Party/FreeRTOS/Source/queue.c **** 		}
 1834              		.loc 1 1098 12 view .LVU542
 1835 00b0 0120     		movs	r0, #1
 1836 00b2 E4E7     		b	.L120
 1837              	.L130:
1063:Middlewares/Third_Party/FreeRTOS/Source/queue.c **** 						{
 1838              		.loc 1 1063 7 is_stmt 1 view .LVU543
1063:Middlewares/Third_Party/FreeRTOS/Source/queue.c **** 						{
 1839              		.loc 1 1063 11 is_stmt 0 view .LVU544
 1840 00b4 04F12400 		add	r0, r4, #36
 1841 00b8 FFF7FEFF 		bl	xTaskRemoveFromEventList
 1842              	.LVL153:
1063:Middlewares/Third_Party/FreeRTOS/Source/queue.c **** 						{
 1843              		.loc 1 1063 9 discriminator 1 view .LVU545
 1844 00bc 28B1     		cbz	r0, .L124
1067:Middlewares/Third_Party/FreeRTOS/Source/queue.c **** 							{
 1845              		.loc 1 1067 8 is_stmt 1 view .LVU546
1067:Middlewares/Third_Party/FreeRTOS/Source/queue.c **** 							{
 1846              		.loc 1 1067 10 is_stmt 0 view .LVU547
 1847 00be 4346     		mov	r3, r8
 1848 00c0 2BB1     		cbz	r3, .L125
 1849              	.LVL154:
1069:Middlewares/Third_Party/FreeRTOS/Source/queue.c **** 							}
 1850              		.loc 1 1069 9 is_stmt 1 view .LVU548
1069:Middlewares/Third_Party/FreeRTOS/Source/queue.c **** 							}
 1851              		.loc 1 1069 36 is_stmt 0 view .LVU549
 1852 00c2 0120     		movs	r0, #1
 1853 00c4 C8F80000 		str	r0, [r8]
 1854 00c8 D9E7     		b	.L120
ARM GAS  C:\Users\subdia\AppData\Local\Temp\ccc2GLt8.s 			page 87


 1855              	.LVL155:
 1856              	.L124:
1098:Middlewares/Third_Party/FreeRTOS/Source/queue.c **** 		}
 1857              		.loc 1 1098 12 view .LVU550
 1858 00ca 0120     		movs	r0, #1
 1859 00cc D7E7     		b	.L120
 1860              	.LVL156:
 1861              	.L125:
1098:Middlewares/Third_Party/FreeRTOS/Source/queue.c **** 		}
 1862              		.loc 1 1098 12 view .LVU551
 1863 00ce 0120     		movs	r0, #1
 1864 00d0 D5E7     		b	.L120
 1865              	.LBE140:
 1866              		.cfi_endproc
 1867              	.LFE13:
 1869              		.section	.text.xQueueGiveFromISR,"ax",%progbits
 1870              		.align	1
 1871              		.global	xQueueGiveFromISR
 1872              		.syntax unified
 1873              		.thumb
 1874              		.thumb_func
 1876              	xQueueGiveFromISR:
 1877              	.LVL157:
 1878              	.LFB14:
1113:Middlewares/Third_Party/FreeRTOS/Source/queue.c **** BaseType_t xReturn;
 1879              		.loc 1 1113 1 is_stmt 1 view -0
 1880              		.cfi_startproc
 1881              		@ args = 0, pretend = 0, frame = 0
 1882              		@ frame_needed = 0, uses_anonymous_args = 0
1114:Middlewares/Third_Party/FreeRTOS/Source/queue.c **** UBaseType_t uxSavedInterruptStatus;
 1883              		.loc 1 1114 1 view .LVU553
1115:Middlewares/Third_Party/FreeRTOS/Source/queue.c **** Queue_t * const pxQueue = xQueue;
 1884              		.loc 1 1115 1 view .LVU554
1116:Middlewares/Third_Party/FreeRTOS/Source/queue.c **** 
 1885              		.loc 1 1116 1 view .LVU555
1124:Middlewares/Third_Party/FreeRTOS/Source/queue.c **** 
 1886              		.loc 1 1124 2 view .LVU556
 1887 0000 68B1     		cbz	r0, .L146
1113:Middlewares/Third_Party/FreeRTOS/Source/queue.c **** BaseType_t xReturn;
 1888              		.loc 1 1113 1 is_stmt 0 view .LVU557
 1889 0002 70B5     		push	{r4, r5, r6, lr}
 1890              	.LCFI24:
 1891              		.cfi_def_cfa_offset 16
 1892              		.cfi_offset 4, -16
 1893              		.cfi_offset 5, -12
 1894              		.cfi_offset 6, -8
 1895              		.cfi_offset 14, -4
 1896 0004 0D46     		mov	r5, r1
 1897 0006 0446     		mov	r4, r0
1124:Middlewares/Third_Party/FreeRTOS/Source/queue.c **** 
 1898              		.loc 1 1124 25 is_stmt 1 view .LVU558
1128:Middlewares/Third_Party/FreeRTOS/Source/queue.c **** 
 1899              		.loc 1 1128 2 view .LVU559
 1900 0008 036C     		ldr	r3, [r0, #64]
 1901 000a 8BB1     		cbz	r3, .L134
1128:Middlewares/Third_Party/FreeRTOS/Source/queue.c **** 
 1902              		.loc 1 1128 2 discriminator 1 view .LVU560
ARM GAS  C:\Users\subdia\AppData\Local\Temp\ccc2GLt8.s 			page 88


 1903              	.LBB141:
 1904              	.LBI141:
 193:Middlewares/Third_Party/FreeRTOS/Source/portable/GCC/ARM_CM3/portmacro.h **** {
 1905              		.loc 2 193 30 view .LVU561
 1906              	.LBB142:
 195:Middlewares/Third_Party/FreeRTOS/Source/portable/GCC/ARM_CM3/portmacro.h **** 
 1907              		.loc 2 195 1 view .LVU562
 197:Middlewares/Third_Party/FreeRTOS/Source/portable/GCC/ARM_CM3/portmacro.h **** 	(
 1908              		.loc 2 197 2 view .LVU563
 1909              		.syntax unified
 1910              	@ 197 "Middlewares/Third_Party/FreeRTOS/Source/portable/GCC/ARM_CM3/portmacro.h" 1
 1911 000c 4FF05003 			mov r3, #80												
 1912 0010 83F31188 		msr basepri, r3											
 1913 0014 BFF36F8F 		isb														
 1914 0018 BFF34F8F 		dsb														
 1915              	
 1916              	@ 0 "" 2
 1917              		.thumb
 1918              		.syntax unified
 1919              	.L135:
 1920              	.LBE142:
 1921              	.LBE141:
1128:Middlewares/Third_Party/FreeRTOS/Source/queue.c **** 
 1922              		.loc 1 1128 2 view .LVU564
 1923 001c FEE7     		b	.L135
 1924              	.L146:
 1925              	.LCFI25:
 1926              		.cfi_def_cfa_offset 0
 1927              		.cfi_restore 4
 1928              		.cfi_restore 5
 1929              		.cfi_restore 6
 1930              		.cfi_restore 14
1124:Middlewares/Third_Party/FreeRTOS/Source/queue.c **** 
 1931              		.loc 1 1124 2 discriminator 1 view .LVU565
 1932              	.LBB143:
 1933              	.LBI143:
 193:Middlewares/Third_Party/FreeRTOS/Source/portable/GCC/ARM_CM3/portmacro.h **** {
 1934              		.loc 2 193 30 view .LVU566
 1935              	.LBB144:
 195:Middlewares/Third_Party/FreeRTOS/Source/portable/GCC/ARM_CM3/portmacro.h **** 
 1936              		.loc 2 195 1 view .LVU567
 197:Middlewares/Third_Party/FreeRTOS/Source/portable/GCC/ARM_CM3/portmacro.h **** 	(
 1937              		.loc 2 197 2 view .LVU568
 1938              		.syntax unified
 1939              	@ 197 "Middlewares/Third_Party/FreeRTOS/Source/portable/GCC/ARM_CM3/portmacro.h" 1
 1940 001e 4FF05003 			mov r3, #80												
 1941 0022 83F31188 		msr basepri, r3											
 1942 0026 BFF36F8F 		isb														
 1943 002a BFF34F8F 		dsb														
 1944              	
 1945              	@ 0 "" 2
 1946              		.thumb
 1947              		.syntax unified
 1948              	.L133:
 1949              	.LBE144:
 1950              	.LBE143:
1124:Middlewares/Third_Party/FreeRTOS/Source/queue.c **** 
ARM GAS  C:\Users\subdia\AppData\Local\Temp\ccc2GLt8.s 			page 89


 1951              		.loc 1 1124 2 view .LVU569
 1952 002e FEE7     		b	.L133
 1953              	.L134:
 1954              	.LCFI26:
 1955              		.cfi_def_cfa_offset 16
 1956              		.cfi_offset 4, -16
 1957              		.cfi_offset 5, -12
 1958              		.cfi_offset 6, -8
 1959              		.cfi_offset 14, -4
1128:Middlewares/Third_Party/FreeRTOS/Source/queue.c **** 
 1960              		.loc 1 1128 42 view .LVU570
1133:Middlewares/Third_Party/FreeRTOS/Source/queue.c **** 
 1961              		.loc 1 1133 2 view .LVU571
 1962 0030 0368     		ldr	r3, [r0]
 1963 0032 F3B1     		cbz	r3, .L147
 1964              	.L136:
1133:Middlewares/Third_Party/FreeRTOS/Source/queue.c **** 
 1965              		.loc 1 1133 120 view .LVU572
1149:Middlewares/Third_Party/FreeRTOS/Source/queue.c **** 
 1966              		.loc 1 1149 2 view .LVU573
 1967 0034 FFF7FEFF 		bl	vPortValidateInterruptPriority
 1968              	.LVL158:
1151:Middlewares/Third_Party/FreeRTOS/Source/queue.c **** 	{
 1969              		.loc 1 1151 2 view .LVU574
 1970              	.LBB145:
 1971              	.LBI145:
 209:Middlewares/Third_Party/FreeRTOS/Source/portable/GCC/ARM_CM3/portmacro.h **** {
 1972              		.loc 2 209 34 view .LVU575
 1973              	.LBB146:
 211:Middlewares/Third_Party/FreeRTOS/Source/portable/GCC/ARM_CM3/portmacro.h **** 
 1974              		.loc 2 211 1 view .LVU576
 213:Middlewares/Third_Party/FreeRTOS/Source/portable/GCC/ARM_CM3/portmacro.h **** 	(
 1975              		.loc 2 213 2 view .LVU577
 1976              		.syntax unified
 1977              	@ 213 "Middlewares/Third_Party/FreeRTOS/Source/portable/GCC/ARM_CM3/portmacro.h" 1
 1978 0038 EFF31183 			mrs r3, basepri											
 1979 003c 4FF05002 		mov r2, #80												
 1980 0040 82F31188 		msr basepri, r2											
 1981 0044 BFF36F8F 		isb														
 1982 0048 BFF34F8F 		dsb														
 1983              	
 1984              	@ 0 "" 2
 1985              		.thumb
 1986              		.syntax unified
 1987 004c 1E46     		mov	r6, r3
 225:Middlewares/Third_Party/FreeRTOS/Source/portable/GCC/ARM_CM3/portmacro.h **** }
 1988              		.loc 2 225 2 view .LVU578
 1989              	.LVL159:
 225:Middlewares/Third_Party/FreeRTOS/Source/portable/GCC/ARM_CM3/portmacro.h **** }
 1990              		.loc 2 225 2 is_stmt 0 view .LVU579
 1991              	.LBE146:
 1992              	.LBE145:
 1993              	.LBB147:
1153:Middlewares/Third_Party/FreeRTOS/Source/queue.c **** 
 1994              		.loc 1 1153 3 is_stmt 1 view .LVU580
1153:Middlewares/Third_Party/FreeRTOS/Source/queue.c **** 
 1995              		.loc 1 1153 21 is_stmt 0 view .LVU581
ARM GAS  C:\Users\subdia\AppData\Local\Temp\ccc2GLt8.s 			page 90


 1996 004e A26B     		ldr	r2, [r4, #56]
 1997              	.LVL160:
1158:Middlewares/Third_Party/FreeRTOS/Source/queue.c **** 		{
 1998              		.loc 1 1158 3 is_stmt 1 view .LVU582
1158:Middlewares/Third_Party/FreeRTOS/Source/queue.c **** 		{
 1999              		.loc 1 1158 34 is_stmt 0 view .LVU583
 2000 0050 E36B     		ldr	r3, [r4, #60]
 2001              	.LVL161:
1158:Middlewares/Third_Party/FreeRTOS/Source/queue.c **** 		{
 2002              		.loc 1 1158 5 view .LVU584
 2003 0052 9342     		cmp	r3, r2
 2004 0054 26D9     		bls	.L140
 2005              	.LBB148:
1160:Middlewares/Third_Party/FreeRTOS/Source/queue.c **** 
 2006              		.loc 1 1160 4 is_stmt 1 view .LVU585
1160:Middlewares/Third_Party/FreeRTOS/Source/queue.c **** 
 2007              		.loc 1 1160 17 is_stmt 0 view .LVU586
 2008 0056 94F84530 		ldrb	r3, [r4, #69]	@ zero_extendqisi2
 2009 005a 5BB2     		sxtb	r3, r3
 2010              	.LVL162:
1162:Middlewares/Third_Party/FreeRTOS/Source/queue.c **** 
 2011              		.loc 1 1162 39 is_stmt 1 view .LVU587
1170:Middlewares/Third_Party/FreeRTOS/Source/queue.c **** 
 2012              		.loc 1 1170 4 view .LVU588
1170:Middlewares/Third_Party/FreeRTOS/Source/queue.c **** 
 2013              		.loc 1 1170 51 is_stmt 0 view .LVU589
 2014 005c 0132     		adds	r2, r2, #1
 2015              	.LVL163:
1170:Middlewares/Third_Party/FreeRTOS/Source/queue.c **** 
 2016              		.loc 1 1170 31 view .LVU590
 2017 005e A263     		str	r2, [r4, #56]
1174:Middlewares/Third_Party/FreeRTOS/Source/queue.c **** 			{
 2018              		.loc 1 1174 4 is_stmt 1 view .LVU591
1174:Middlewares/Third_Party/FreeRTOS/Source/queue.c **** 			{
 2019              		.loc 1 1174 6 is_stmt 0 view .LVU592
 2020 0060 B3F1FF3F 		cmp	r3, #-1
 2021 0064 11D0     		beq	.L148
1260:Middlewares/Third_Party/FreeRTOS/Source/queue.c **** 			}
 2022              		.loc 1 1260 5 is_stmt 1 view .LVU593
1260:Middlewares/Third_Party/FreeRTOS/Source/queue.c **** 			}
 2023              		.loc 1 1260 45 is_stmt 0 view .LVU594
 2024 0066 0133     		adds	r3, r3, #1
 2025              	.LVL164:
1260:Middlewares/Third_Party/FreeRTOS/Source/queue.c **** 			}
 2026              		.loc 1 1260 24 view .LVU595
 2027 0068 5BB2     		sxtb	r3, r3
 2028              	.LVL165:
1260:Middlewares/Third_Party/FreeRTOS/Source/queue.c **** 			}
 2029              		.loc 1 1260 22 view .LVU596
 2030 006a 84F84530 		strb	r3, [r4, #69]
1263:Middlewares/Third_Party/FreeRTOS/Source/queue.c **** 		}
 2031              		.loc 1 1263 12 view .LVU597
 2032 006e 0120     		movs	r0, #1
 2033 0070 19E0     		b	.L138
 2034              	.LVL166:
 2035              	.L147:
1263:Middlewares/Third_Party/FreeRTOS/Source/queue.c **** 		}
ARM GAS  C:\Users\subdia\AppData\Local\Temp\ccc2GLt8.s 			page 91


 2036              		.loc 1 1263 12 view .LVU598
 2037              	.LBE148:
 2038              	.LBE147:
1133:Middlewares/Third_Party/FreeRTOS/Source/queue.c **** 
 2039              		.loc 1 1133 2 discriminator 2 view .LVU599
 2040 0072 8368     		ldr	r3, [r0, #8]
 2041 0074 002B     		cmp	r3, #0
 2042 0076 DDD0     		beq	.L136
1133:Middlewares/Third_Party/FreeRTOS/Source/queue.c **** 
 2043              		.loc 1 1133 2 is_stmt 1 discriminator 7 view .LVU600
 2044              	.LBB151:
 2045              	.LBI151:
 193:Middlewares/Third_Party/FreeRTOS/Source/portable/GCC/ARM_CM3/portmacro.h **** {
 2046              		.loc 2 193 30 view .LVU601
 2047              	.LBB152:
 195:Middlewares/Third_Party/FreeRTOS/Source/portable/GCC/ARM_CM3/portmacro.h **** 
 2048              		.loc 2 195 1 view .LVU602
 197:Middlewares/Third_Party/FreeRTOS/Source/portable/GCC/ARM_CM3/portmacro.h **** 	(
 2049              		.loc 2 197 2 view .LVU603
 2050              		.syntax unified
 2051              	@ 197 "Middlewares/Third_Party/FreeRTOS/Source/portable/GCC/ARM_CM3/portmacro.h" 1
 2052 0078 4FF05003 			mov r3, #80												
 2053 007c 83F31188 		msr basepri, r3											
 2054 0080 BFF36F8F 		isb														
 2055 0084 BFF34F8F 		dsb														
 2056              	
 2057              	@ 0 "" 2
 2058              		.thumb
 2059              		.syntax unified
 2060              	.L137:
 2061              	.LBE152:
 2062              	.LBE151:
1133:Middlewares/Third_Party/FreeRTOS/Source/queue.c **** 
 2063              		.loc 1 1133 2 view .LVU604
 2064 0088 FEE7     		b	.L137
 2065              	.LVL167:
 2066              	.L148:
 2067              	.LBB153:
 2068              	.LBB149:
1229:Middlewares/Third_Party/FreeRTOS/Source/queue.c **** 					{
 2069              		.loc 1 1229 6 view .LVU605
1229:Middlewares/Third_Party/FreeRTOS/Source/queue.c **** 					{
 2070              		.loc 1 1229 10 is_stmt 0 view .LVU606
 2071 008a 636A     		ldr	r3, [r4, #36]
 2072              	.LVL168:
1229:Middlewares/Third_Party/FreeRTOS/Source/queue.c **** 					{
 2073              		.loc 1 1229 8 view .LVU607
 2074 008c 0BB9     		cbnz	r3, .L149
1263:Middlewares/Third_Party/FreeRTOS/Source/queue.c **** 		}
 2075              		.loc 1 1263 12 view .LVU608
 2076 008e 0120     		movs	r0, #1
 2077 0090 09E0     		b	.L138
 2078              	.L149:
1231:Middlewares/Third_Party/FreeRTOS/Source/queue.c **** 						{
 2079              		.loc 1 1231 7 is_stmt 1 view .LVU609
1231:Middlewares/Third_Party/FreeRTOS/Source/queue.c **** 						{
 2080              		.loc 1 1231 11 is_stmt 0 view .LVU610
ARM GAS  C:\Users\subdia\AppData\Local\Temp\ccc2GLt8.s 			page 92


 2081 0092 04F12400 		add	r0, r4, #36
 2082 0096 FFF7FEFF 		bl	xTaskRemoveFromEventList
 2083              	.LVL169:
1231:Middlewares/Third_Party/FreeRTOS/Source/queue.c **** 						{
 2084              		.loc 1 1231 9 discriminator 1 view .LVU611
 2085 009a 38B1     		cbz	r0, .L142
1235:Middlewares/Third_Party/FreeRTOS/Source/queue.c **** 							{
 2086              		.loc 1 1235 8 is_stmt 1 view .LVU612
1235:Middlewares/Third_Party/FreeRTOS/Source/queue.c **** 							{
 2087              		.loc 1 1235 10 is_stmt 0 view .LVU613
 2088 009c 45B1     		cbz	r5, .L143
1237:Middlewares/Third_Party/FreeRTOS/Source/queue.c **** 							}
 2089              		.loc 1 1237 9 is_stmt 1 view .LVU614
1237:Middlewares/Third_Party/FreeRTOS/Source/queue.c **** 							}
 2090              		.loc 1 1237 36 is_stmt 0 view .LVU615
 2091 009e 0120     		movs	r0, #1
 2092 00a0 2860     		str	r0, [r5]
 2093 00a2 00E0     		b	.L138
 2094              	.LVL170:
 2095              	.L140:
1237:Middlewares/Third_Party/FreeRTOS/Source/queue.c **** 							}
 2096              		.loc 1 1237 36 view .LVU616
 2097              	.LBE149:
1268:Middlewares/Third_Party/FreeRTOS/Source/queue.c **** 		}
 2098              		.loc 1 1268 12 view .LVU617
 2099 00a4 0020     		movs	r0, #0
 2100              	.LVL171:
 2101              	.L138:
1268:Middlewares/Third_Party/FreeRTOS/Source/queue.c **** 		}
 2102              		.loc 1 1268 12 view .LVU618
 2103              	.LBE153:
1271:Middlewares/Third_Party/FreeRTOS/Source/queue.c **** 
 2104              		.loc 1 1271 2 is_stmt 1 view .LVU619
 2105              	.LBB154:
 2106              	.LBI154:
 229:Middlewares/Third_Party/FreeRTOS/Source/portable/GCC/ARM_CM3/portmacro.h **** {
 2107              		.loc 2 229 30 view .LVU620
 2108              	.LBB155:
 2109              		.loc 2 231 2 view .LVU621
 2110              		.syntax unified
 2111              	@ 231 "Middlewares/Third_Party/FreeRTOS/Source/portable/GCC/ARM_CM3/portmacro.h" 1
 2112 00a6 86F31188 			msr basepri, r6	
 2113              	@ 0 "" 2
 2114              		.thumb
 2115              		.syntax unified
 2116              	.LBE155:
 2117              	.LBE154:
1273:Middlewares/Third_Party/FreeRTOS/Source/queue.c **** }
 2118              		.loc 1 1273 2 view .LVU622
1274:Middlewares/Third_Party/FreeRTOS/Source/queue.c **** /*-----------------------------------------------------------*/
 2119              		.loc 1 1274 1 is_stmt 0 view .LVU623
 2120 00aa 70BD     		pop	{r4, r5, r6, pc}
 2121              	.LVL172:
 2122              	.L142:
 2123              	.LBB156:
 2124              	.LBB150:
1263:Middlewares/Third_Party/FreeRTOS/Source/queue.c **** 		}
ARM GAS  C:\Users\subdia\AppData\Local\Temp\ccc2GLt8.s 			page 93


 2125              		.loc 1 1263 12 view .LVU624
 2126 00ac 0120     		movs	r0, #1
 2127 00ae FAE7     		b	.L138
 2128              	.L143:
 2129 00b0 0120     		movs	r0, #1
 2130 00b2 F8E7     		b	.L138
 2131              	.LBE150:
 2132              	.LBE156:
 2133              		.cfi_endproc
 2134              	.LFE14:
 2136              		.section	.text.xQueueReceive,"ax",%progbits
 2137              		.align	1
 2138              		.global	xQueueReceive
 2139              		.syntax unified
 2140              		.thumb
 2141              		.thumb_func
 2143              	xQueueReceive:
 2144              	.LVL173:
 2145              	.LFB15:
1278:Middlewares/Third_Party/FreeRTOS/Source/queue.c **** BaseType_t xEntryTimeSet = pdFALSE;
 2146              		.loc 1 1278 1 is_stmt 1 view -0
 2147              		.cfi_startproc
 2148              		@ args = 0, pretend = 0, frame = 16
 2149              		@ frame_needed = 0, uses_anonymous_args = 0
1278:Middlewares/Third_Party/FreeRTOS/Source/queue.c **** BaseType_t xEntryTimeSet = pdFALSE;
 2150              		.loc 1 1278 1 is_stmt 0 view .LVU626
 2151 0000 F0B5     		push	{r4, r5, r6, r7, lr}
 2152              	.LCFI27:
 2153              		.cfi_def_cfa_offset 20
 2154              		.cfi_offset 4, -20
 2155              		.cfi_offset 5, -16
 2156              		.cfi_offset 6, -12
 2157              		.cfi_offset 7, -8
 2158              		.cfi_offset 14, -4
 2159 0002 85B0     		sub	sp, sp, #20
 2160              	.LCFI28:
 2161              		.cfi_def_cfa_offset 40
 2162 0004 0192     		str	r2, [sp, #4]
1279:Middlewares/Third_Party/FreeRTOS/Source/queue.c **** TimeOut_t xTimeOut;
 2163              		.loc 1 1279 1 is_stmt 1 view .LVU627
 2164              	.LVL174:
1280:Middlewares/Third_Party/FreeRTOS/Source/queue.c **** Queue_t * const pxQueue = xQueue;
 2165              		.loc 1 1280 1 view .LVU628
1281:Middlewares/Third_Party/FreeRTOS/Source/queue.c **** 
 2166              		.loc 1 1281 1 view .LVU629
1284:Middlewares/Third_Party/FreeRTOS/Source/queue.c **** 
 2167              		.loc 1 1284 2 view .LVU630
 2168 0006 90B1     		cbz	r0, .L170
 2169 0008 0F46     		mov	r7, r1
 2170 000a 0446     		mov	r4, r0
1284:Middlewares/Third_Party/FreeRTOS/Source/queue.c **** 
 2171              		.loc 1 1284 29 view .LVU631
1288:Middlewares/Third_Party/FreeRTOS/Source/queue.c **** 
 2172              		.loc 1 1288 2 view .LVU632
 2173 000c C1B1     		cbz	r1, .L171
 2174              	.L153:
1288:Middlewares/Third_Party/FreeRTOS/Source/queue.c **** 
ARM GAS  C:\Users\subdia\AppData\Local\Temp\ccc2GLt8.s 			page 94


 2175              		.loc 1 1288 100 view .LVU633
1293:Middlewares/Third_Party/FreeRTOS/Source/queue.c **** 	}
 2176              		.loc 1 1293 3 view .LVU634
 2177 000e FFF7FEFF 		bl	xTaskGetSchedulerState
 2178              	.LVL175:
1293:Middlewares/Third_Party/FreeRTOS/Source/queue.c **** 	}
 2179              		.loc 1 1293 3 is_stmt 0 discriminator 1 view .LVU635
 2180 0012 0646     		mov	r6, r0
 2181 0014 00BB     		cbnz	r0, .L168
1293:Middlewares/Third_Party/FreeRTOS/Source/queue.c **** 	}
 2182              		.loc 1 1293 3 discriminator 3 view .LVU636
 2183 0016 019B     		ldr	r3, [sp, #4]
 2184 0018 002B     		cmp	r3, #0
 2185 001a 5ED0     		beq	.L157
1293:Middlewares/Third_Party/FreeRTOS/Source/queue.c **** 	}
 2186              		.loc 1 1293 3 is_stmt 1 discriminator 8 view .LVU637
 2187              	.LBB157:
 2188              	.LBI157:
 193:Middlewares/Third_Party/FreeRTOS/Source/portable/GCC/ARM_CM3/portmacro.h **** {
 2189              		.loc 2 193 30 view .LVU638
 2190              	.LBB158:
 195:Middlewares/Third_Party/FreeRTOS/Source/portable/GCC/ARM_CM3/portmacro.h **** 
 2191              		.loc 2 195 1 view .LVU639
 197:Middlewares/Third_Party/FreeRTOS/Source/portable/GCC/ARM_CM3/portmacro.h **** 	(
 2192              		.loc 2 197 2 view .LVU640
 2193              		.syntax unified
 2194              	@ 197 "Middlewares/Third_Party/FreeRTOS/Source/portable/GCC/ARM_CM3/portmacro.h" 1
 2195 001c 4FF05003 			mov r3, #80												
 2196 0020 83F31188 		msr basepri, r3											
 2197 0024 BFF36F8F 		isb														
 2198 0028 BFF34F8F 		dsb														
 2199              	
 2200              	@ 0 "" 2
 2201              		.thumb
 2202              		.syntax unified
 2203              	.L156:
 2204              	.LBE158:
 2205              	.LBE157:
1293:Middlewares/Third_Party/FreeRTOS/Source/queue.c **** 	}
 2206              		.loc 1 1293 3 view .LVU641
 2207 002c FEE7     		b	.L156
 2208              	.LVL176:
 2209              	.L170:
1284:Middlewares/Third_Party/FreeRTOS/Source/queue.c **** 
 2210              		.loc 1 1284 2 discriminator 1 view .LVU642
 2211              	.LBB159:
 2212              	.LBI159:
 193:Middlewares/Third_Party/FreeRTOS/Source/portable/GCC/ARM_CM3/portmacro.h **** {
 2213              		.loc 2 193 30 view .LVU643
 2214              	.LBB160:
 195:Middlewares/Third_Party/FreeRTOS/Source/portable/GCC/ARM_CM3/portmacro.h **** 
 2215              		.loc 2 195 1 view .LVU644
 197:Middlewares/Third_Party/FreeRTOS/Source/portable/GCC/ARM_CM3/portmacro.h **** 	(
 2216              		.loc 2 197 2 view .LVU645
 2217              		.syntax unified
 2218              	@ 197 "Middlewares/Third_Party/FreeRTOS/Source/portable/GCC/ARM_CM3/portmacro.h" 1
 2219 002e 4FF05003 			mov r3, #80												
ARM GAS  C:\Users\subdia\AppData\Local\Temp\ccc2GLt8.s 			page 95


 2220 0032 83F31188 		msr basepri, r3											
 2221 0036 BFF36F8F 		isb														
 2222 003a BFF34F8F 		dsb														
 2223              	
 2224              	@ 0 "" 2
 2225              		.thumb
 2226              		.syntax unified
 2227              	.L152:
 2228              	.LBE160:
 2229              	.LBE159:
1284:Middlewares/Third_Party/FreeRTOS/Source/queue.c **** 
 2230              		.loc 1 1284 2 view .LVU646
 2231 003e FEE7     		b	.L152
 2232              	.L171:
1288:Middlewares/Third_Party/FreeRTOS/Source/queue.c **** 
 2233              		.loc 1 1288 2 is_stmt 0 discriminator 2 view .LVU647
 2234 0040 036C     		ldr	r3, [r0, #64]
 2235 0042 002B     		cmp	r3, #0
 2236 0044 E3D0     		beq	.L153
1288:Middlewares/Third_Party/FreeRTOS/Source/queue.c **** 
 2237              		.loc 1 1288 2 is_stmt 1 discriminator 7 view .LVU648
 2238              	.LBB161:
 2239              	.LBI161:
 193:Middlewares/Third_Party/FreeRTOS/Source/portable/GCC/ARM_CM3/portmacro.h **** {
 2240              		.loc 2 193 30 view .LVU649
 2241              	.LBB162:
 195:Middlewares/Third_Party/FreeRTOS/Source/portable/GCC/ARM_CM3/portmacro.h **** 
 2242              		.loc 2 195 1 view .LVU650
 197:Middlewares/Third_Party/FreeRTOS/Source/portable/GCC/ARM_CM3/portmacro.h **** 	(
 2243              		.loc 2 197 2 view .LVU651
 2244              		.syntax unified
 2245              	@ 197 "Middlewares/Third_Party/FreeRTOS/Source/portable/GCC/ARM_CM3/portmacro.h" 1
 2246 0046 4FF05003 			mov r3, #80												
 2247 004a 83F31188 		msr basepri, r3											
 2248 004e BFF36F8F 		isb														
 2249 0052 BFF34F8F 		dsb														
 2250              	
 2251              	@ 0 "" 2
 2252              		.thumb
 2253              		.syntax unified
 2254              	.L154:
 2255              	.LBE162:
 2256              	.LBE161:
1288:Middlewares/Third_Party/FreeRTOS/Source/queue.c **** 
 2257              		.loc 1 1288 2 view .LVU652
 2258 0056 FEE7     		b	.L154
 2259              	.LVL177:
 2260              	.L168:
1288:Middlewares/Third_Party/FreeRTOS/Source/queue.c **** 
 2261              		.loc 1 1288 2 is_stmt 0 view .LVU653
 2262 0058 0026     		movs	r6, #0
 2263 005a 3EE0     		b	.L157
 2264              	.LVL178:
 2265              	.L174:
 2266              	.LBB163:
1312:Middlewares/Third_Party/FreeRTOS/Source/queue.c **** 				traceQUEUE_RECEIVE( pxQueue );
 2267              		.loc 1 1312 5 is_stmt 1 view .LVU654
ARM GAS  C:\Users\subdia\AppData\Local\Temp\ccc2GLt8.s 			page 96


 2268 005c 3946     		mov	r1, r7
 2269 005e 2046     		mov	r0, r4
 2270 0060 FFF7FEFF 		bl	prvCopyDataFromQueue
 2271              	.LVL179:
1313:Middlewares/Third_Party/FreeRTOS/Source/queue.c **** 				pxQueue->uxMessagesWaiting = uxMessagesWaiting - ( UBaseType_t ) 1;
 2272              		.loc 1 1313 34 view .LVU655
1314:Middlewares/Third_Party/FreeRTOS/Source/queue.c **** 
 2273              		.loc 1 1314 5 view .LVU656
1314:Middlewares/Third_Party/FreeRTOS/Source/queue.c **** 
 2274              		.loc 1 1314 52 is_stmt 0 view .LVU657
 2275 0064 013D     		subs	r5, r5, #1
 2276              	.LVL180:
1314:Middlewares/Third_Party/FreeRTOS/Source/queue.c **** 
 2277              		.loc 1 1314 32 view .LVU658
 2278 0066 A563     		str	r5, [r4, #56]
1319:Middlewares/Third_Party/FreeRTOS/Source/queue.c **** 				{
 2279              		.loc 1 1319 5 is_stmt 1 view .LVU659
1319:Middlewares/Third_Party/FreeRTOS/Source/queue.c **** 				{
 2280              		.loc 1 1319 9 is_stmt 0 view .LVU660
 2281 0068 2369     		ldr	r3, [r4, #16]
1319:Middlewares/Third_Party/FreeRTOS/Source/queue.c **** 				{
 2282              		.loc 1 1319 7 view .LVU661
 2283 006a 23B9     		cbnz	r3, .L172
 2284              	.L159:
1332:Middlewares/Third_Party/FreeRTOS/Source/queue.c **** 				}
 2285              		.loc 1 1332 30 is_stmt 1 view .LVU662
1335:Middlewares/Third_Party/FreeRTOS/Source/queue.c **** 				return pdPASS;
 2286              		.loc 1 1335 5 view .LVU663
 2287 006c FFF7FEFF 		bl	vPortExitCritical
 2288              	.LVL181:
1336:Middlewares/Third_Party/FreeRTOS/Source/queue.c **** 			}
 2289              		.loc 1 1336 5 view .LVU664
1336:Middlewares/Third_Party/FreeRTOS/Source/queue.c **** 			}
 2290              		.loc 1 1336 12 is_stmt 0 view .LVU665
 2291 0070 0120     		movs	r0, #1
 2292              	.LVL182:
 2293              	.L150:
1336:Middlewares/Third_Party/FreeRTOS/Source/queue.c **** 			}
 2294              		.loc 1 1336 12 view .LVU666
 2295              	.LBE163:
1415:Middlewares/Third_Party/FreeRTOS/Source/queue.c **** /*-----------------------------------------------------------*/
 2296              		.loc 1 1415 1 view .LVU667
 2297 0072 05B0     		add	sp, sp, #20
 2298              	.LCFI29:
 2299              		.cfi_remember_state
 2300              		.cfi_def_cfa_offset 20
 2301              		@ sp needed
 2302 0074 F0BD     		pop	{r4, r5, r6, r7, pc}
 2303              	.LVL183:
 2304              	.L172:
 2305              	.LCFI30:
 2306              		.cfi_restore_state
 2307              	.LBB164:
1321:Middlewares/Third_Party/FreeRTOS/Source/queue.c **** 					{
 2308              		.loc 1 1321 6 is_stmt 1 view .LVU668
1321:Middlewares/Third_Party/FreeRTOS/Source/queue.c **** 					{
 2309              		.loc 1 1321 10 is_stmt 0 view .LVU669
ARM GAS  C:\Users\subdia\AppData\Local\Temp\ccc2GLt8.s 			page 97


 2310 0076 04F11000 		add	r0, r4, #16
 2311 007a FFF7FEFF 		bl	xTaskRemoveFromEventList
 2312              	.LVL184:
1321:Middlewares/Third_Party/FreeRTOS/Source/queue.c **** 					{
 2313              		.loc 1 1321 8 discriminator 1 view .LVU670
 2314 007e 0028     		cmp	r0, #0
 2315 0080 F4D0     		beq	.L159
1323:Middlewares/Third_Party/FreeRTOS/Source/queue.c **** 					}
 2316              		.loc 1 1323 7 is_stmt 1 view .LVU671
 2317 0082 4FF0E023 		mov	r3, #-536813568
 2318 0086 4FF08052 		mov	r2, #268435456
 2319 008a C3F8042D 		str	r2, [r3, #3332]
1323:Middlewares/Third_Party/FreeRTOS/Source/queue.c **** 					}
 2320              		.loc 1 1323 7 view .LVU672
 2321              		.syntax unified
 2322              	@ 1323 "Middlewares/Third_Party/FreeRTOS/Source/queue.c" 1
 2323 008e BFF34F8F 		dsb
 2324              	@ 0 "" 2
1323:Middlewares/Third_Party/FreeRTOS/Source/queue.c **** 					}
 2325              		.loc 1 1323 7 view .LVU673
 2326              	@ 1323 "Middlewares/Third_Party/FreeRTOS/Source/queue.c" 1
 2327 0092 BFF36F8F 		isb
 2328              	@ 0 "" 2
1323:Middlewares/Third_Party/FreeRTOS/Source/queue.c **** 					}
 2329              		.loc 1 1323 39 view .LVU674
 2330              		.thumb
 2331              		.syntax unified
 2332 0096 E9E7     		b	.L159
 2333              	.LVL185:
 2334              	.L175:
1344:Middlewares/Third_Party/FreeRTOS/Source/queue.c **** 					traceQUEUE_RECEIVE_FAILED( pxQueue );
 2335              		.loc 1 1344 6 view .LVU675
 2336 0098 FFF7FEFF 		bl	vPortExitCritical
 2337              	.LVL186:
1345:Middlewares/Third_Party/FreeRTOS/Source/queue.c **** 					return errQUEUE_EMPTY;
 2338              		.loc 1 1345 42 view .LVU676
1346:Middlewares/Third_Party/FreeRTOS/Source/queue.c **** 				}
 2339              		.loc 1 1346 6 view .LVU677
1346:Middlewares/Third_Party/FreeRTOS/Source/queue.c **** 				}
 2340              		.loc 1 1346 13 is_stmt 0 view .LVU678
 2341 009c 2846     		mov	r0, r5
 2342 009e E8E7     		b	.L150
 2343              	.L176:
1352:Middlewares/Third_Party/FreeRTOS/Source/queue.c **** 					xEntryTimeSet = pdTRUE;
 2344              		.loc 1 1352 6 is_stmt 1 view .LVU679
 2345 00a0 02A8     		add	r0, sp, #8
 2346 00a2 FFF7FEFF 		bl	vTaskInternalSetTimeOutState
 2347              	.LVL187:
1353:Middlewares/Third_Party/FreeRTOS/Source/queue.c **** 				}
 2348              		.loc 1 1353 6 view .LVU680
1353:Middlewares/Third_Party/FreeRTOS/Source/queue.c **** 				}
 2349              		.loc 1 1353 20 is_stmt 0 view .LVU681
 2350 00a6 0126     		movs	r6, #1
 2351 00a8 21E0     		b	.L162
 2352              	.LVL188:
 2353              	.L177:
1353:Middlewares/Third_Party/FreeRTOS/Source/queue.c **** 				}
ARM GAS  C:\Users\subdia\AppData\Local\Temp\ccc2GLt8.s 			page 98


 2354              		.loc 1 1353 20 view .LVU682
 2355              	.LBE164:
1368:Middlewares/Third_Party/FreeRTOS/Source/queue.c **** 
 2356              		.loc 1 1368 3 is_stmt 1 discriminator 2 view .LVU683
 2357 00aa 0023     		movs	r3, #0
 2358 00ac 84F84430 		strb	r3, [r4, #68]
 2359 00b0 29E0     		b	.L163
 2360              	.L178:
1368:Middlewares/Third_Party/FreeRTOS/Source/queue.c **** 
 2361              		.loc 1 1368 3 discriminator 5 view .LVU684
 2362 00b2 0023     		movs	r3, #0
 2363 00b4 84F84530 		strb	r3, [r4, #69]
 2364 00b8 2BE0     		b	.L164
 2365              	.L166:
1393:Middlewares/Third_Party/FreeRTOS/Source/queue.c **** 				( void ) xTaskResumeAll();
 2366              		.loc 1 1393 5 view .LVU685
 2367 00ba 2046     		mov	r0, r4
 2368 00bc FFF7FEFF 		bl	prvUnlockQueue
 2369              	.LVL189:
1394:Middlewares/Third_Party/FreeRTOS/Source/queue.c **** 			}
 2370              		.loc 1 1394 5 view .LVU686
1394:Middlewares/Third_Party/FreeRTOS/Source/queue.c **** 			}
 2371              		.loc 1 1394 14 is_stmt 0 view .LVU687
 2372 00c0 FFF7FEFF 		bl	xTaskResumeAll
 2373              	.LVL190:
 2374 00c4 09E0     		b	.L157
 2375              	.L165:
1401:Middlewares/Third_Party/FreeRTOS/Source/queue.c **** 			( void ) xTaskResumeAll();
 2376              		.loc 1 1401 4 is_stmt 1 view .LVU688
 2377 00c6 2046     		mov	r0, r4
 2378 00c8 FFF7FEFF 		bl	prvUnlockQueue
 2379              	.LVL191:
1402:Middlewares/Third_Party/FreeRTOS/Source/queue.c **** 
 2380              		.loc 1 1402 4 view .LVU689
1402:Middlewares/Third_Party/FreeRTOS/Source/queue.c **** 
 2381              		.loc 1 1402 13 is_stmt 0 view .LVU690
 2382 00cc FFF7FEFF 		bl	xTaskResumeAll
 2383              	.LVL192:
1404:Middlewares/Third_Party/FreeRTOS/Source/queue.c **** 			{
 2384              		.loc 1 1404 4 is_stmt 1 view .LVU691
1404:Middlewares/Third_Party/FreeRTOS/Source/queue.c **** 			{
 2385              		.loc 1 1404 8 is_stmt 0 view .LVU692
 2386 00d0 2046     		mov	r0, r4
 2387 00d2 FFF7FEFF 		bl	prvIsQueueEmpty
 2388              	.LVL193:
1404:Middlewares/Third_Party/FreeRTOS/Source/queue.c **** 			{
 2389              		.loc 1 1404 6 discriminator 1 view .LVU693
 2390 00d6 0028     		cmp	r0, #0
 2391 00d8 3FD1     		bne	.L173
 2392              	.LVL194:
 2393              	.L157:
1293:Middlewares/Third_Party/FreeRTOS/Source/queue.c **** 	}
 2394              		.loc 1 1293 104 is_stmt 1 view .LVU694
1301:Middlewares/Third_Party/FreeRTOS/Source/queue.c **** 	{
 2395              		.loc 1 1301 2 view .LVU695
1303:Middlewares/Third_Party/FreeRTOS/Source/queue.c **** 		{
 2396              		.loc 1 1303 3 view .LVU696
ARM GAS  C:\Users\subdia\AppData\Local\Temp\ccc2GLt8.s 			page 99


 2397 00da FFF7FEFF 		bl	vPortEnterCritical
 2398              	.LVL195:
 2399              	.LBB165:
1305:Middlewares/Third_Party/FreeRTOS/Source/queue.c **** 
 2400              		.loc 1 1305 4 view .LVU697
1305:Middlewares/Third_Party/FreeRTOS/Source/queue.c **** 
 2401              		.loc 1 1305 22 is_stmt 0 view .LVU698
 2402 00de A56B     		ldr	r5, [r4, #56]
 2403              	.LVL196:
1309:Middlewares/Third_Party/FreeRTOS/Source/queue.c **** 			{
 2404              		.loc 1 1309 4 is_stmt 1 view .LVU699
1309:Middlewares/Third_Party/FreeRTOS/Source/queue.c **** 			{
 2405              		.loc 1 1309 6 is_stmt 0 view .LVU700
 2406 00e0 002D     		cmp	r5, #0
 2407 00e2 BBD1     		bne	.L174
1340:Middlewares/Third_Party/FreeRTOS/Source/queue.c **** 				{
 2408              		.loc 1 1340 5 is_stmt 1 view .LVU701
1340:Middlewares/Third_Party/FreeRTOS/Source/queue.c **** 				{
 2409              		.loc 1 1340 22 is_stmt 0 view .LVU702
 2410 00e4 019B     		ldr	r3, [sp, #4]
1340:Middlewares/Third_Party/FreeRTOS/Source/queue.c **** 				{
 2411              		.loc 1 1340 7 view .LVU703
 2412 00e6 002B     		cmp	r3, #0
 2413 00e8 D6D0     		beq	.L175
1348:Middlewares/Third_Party/FreeRTOS/Source/queue.c **** 				{
 2414              		.loc 1 1348 10 is_stmt 1 view .LVU704
1348:Middlewares/Third_Party/FreeRTOS/Source/queue.c **** 				{
 2415              		.loc 1 1348 12 is_stmt 0 view .LVU705
 2416 00ea 002E     		cmp	r6, #0
 2417 00ec D8D0     		beq	.L176
 2418              	.LVL197:
 2419              	.L162:
1358:Middlewares/Third_Party/FreeRTOS/Source/queue.c **** 				}
 2420              		.loc 1 1358 30 is_stmt 1 view .LVU706
 2421              	.LBE165:
1362:Middlewares/Third_Party/FreeRTOS/Source/queue.c **** 
 2422              		.loc 1 1362 3 view .LVU707
 2423 00ee FFF7FEFF 		bl	vPortExitCritical
 2424              	.LVL198:
1367:Middlewares/Third_Party/FreeRTOS/Source/queue.c **** 		prvLockQueue( pxQueue );
 2425              		.loc 1 1367 3 view .LVU708
 2426 00f2 FFF7FEFF 		bl	vTaskSuspendAll
 2427              	.LVL199:
1368:Middlewares/Third_Party/FreeRTOS/Source/queue.c **** 
 2428              		.loc 1 1368 3 view .LVU709
 2429 00f6 FFF7FEFF 		bl	vPortEnterCritical
 2430              	.LVL200:
1368:Middlewares/Third_Party/FreeRTOS/Source/queue.c **** 
 2431              		.loc 1 1368 3 discriminator 1 view .LVU710
 2432 00fa 94F84430 		ldrb	r3, [r4, #68]	@ zero_extendqisi2
 2433 00fe 5BB2     		sxtb	r3, r3
 2434 0100 B3F1FF3F 		cmp	r3, #-1
 2435 0104 D1D0     		beq	.L177
 2436              	.L163:
1368:Middlewares/Third_Party/FreeRTOS/Source/queue.c **** 
 2437              		.loc 1 1368 3 discriminator 4 view .LVU711
 2438 0106 94F84530 		ldrb	r3, [r4, #69]	@ zero_extendqisi2
ARM GAS  C:\Users\subdia\AppData\Local\Temp\ccc2GLt8.s 			page 100


 2439 010a 5BB2     		sxtb	r3, r3
 2440 010c B3F1FF3F 		cmp	r3, #-1
 2441 0110 CFD0     		beq	.L178
 2442              	.L164:
1368:Middlewares/Third_Party/FreeRTOS/Source/queue.c **** 
 2443              		.loc 1 1368 3 discriminator 7 view .LVU712
 2444 0112 FFF7FEFF 		bl	vPortExitCritical
 2445              	.LVL201:
1371:Middlewares/Third_Party/FreeRTOS/Source/queue.c **** 		{
 2446              		.loc 1 1371 3 view .LVU713
1371:Middlewares/Third_Party/FreeRTOS/Source/queue.c **** 		{
 2447              		.loc 1 1371 7 is_stmt 0 view .LVU714
 2448 0116 01A9     		add	r1, sp, #4
 2449 0118 02A8     		add	r0, sp, #8
 2450 011a FFF7FEFF 		bl	xTaskCheckForTimeOut
 2451              	.LVL202:
1371:Middlewares/Third_Party/FreeRTOS/Source/queue.c **** 		{
 2452              		.loc 1 1371 5 discriminator 1 view .LVU715
 2453 011e 0028     		cmp	r0, #0
 2454 0120 D1D1     		bne	.L165
1375:Middlewares/Third_Party/FreeRTOS/Source/queue.c **** 			{
 2455              		.loc 1 1375 4 is_stmt 1 view .LVU716
1375:Middlewares/Third_Party/FreeRTOS/Source/queue.c **** 			{
 2456              		.loc 1 1375 8 is_stmt 0 view .LVU717
 2457 0122 2046     		mov	r0, r4
 2458 0124 FFF7FEFF 		bl	prvIsQueueEmpty
 2459              	.LVL203:
1375:Middlewares/Third_Party/FreeRTOS/Source/queue.c **** 			{
 2460              		.loc 1 1375 6 discriminator 1 view .LVU718
 2461 0128 0028     		cmp	r0, #0
 2462 012a C6D0     		beq	.L166
1377:Middlewares/Third_Party/FreeRTOS/Source/queue.c **** 				vTaskPlaceOnEventList( &( pxQueue->xTasksWaitingToReceive ), xTicksToWait );
 2463              		.loc 1 1377 46 is_stmt 1 view .LVU719
1378:Middlewares/Third_Party/FreeRTOS/Source/queue.c **** 				prvUnlockQueue( pxQueue );
 2464              		.loc 1 1378 5 view .LVU720
 2465 012c 0199     		ldr	r1, [sp, #4]
 2466 012e 04F12400 		add	r0, r4, #36
 2467 0132 FFF7FEFF 		bl	vTaskPlaceOnEventList
 2468              	.LVL204:
1379:Middlewares/Third_Party/FreeRTOS/Source/queue.c **** 				if( xTaskResumeAll() == pdFALSE )
 2469              		.loc 1 1379 5 view .LVU721
 2470 0136 2046     		mov	r0, r4
 2471 0138 FFF7FEFF 		bl	prvUnlockQueue
 2472              	.LVL205:
1380:Middlewares/Third_Party/FreeRTOS/Source/queue.c **** 				{
 2473              		.loc 1 1380 5 view .LVU722
1380:Middlewares/Third_Party/FreeRTOS/Source/queue.c **** 				{
 2474              		.loc 1 1380 9 is_stmt 0 view .LVU723
 2475 013c FFF7FEFF 		bl	xTaskResumeAll
 2476              	.LVL206:
1380:Middlewares/Third_Party/FreeRTOS/Source/queue.c **** 				{
 2477              		.loc 1 1380 7 discriminator 1 view .LVU724
 2478 0140 0028     		cmp	r0, #0
 2479 0142 CAD1     		bne	.L157
1382:Middlewares/Third_Party/FreeRTOS/Source/queue.c **** 				}
 2480              		.loc 1 1382 6 is_stmt 1 view .LVU725
 2481 0144 4FF0E023 		mov	r3, #-536813568
ARM GAS  C:\Users\subdia\AppData\Local\Temp\ccc2GLt8.s 			page 101


 2482 0148 4FF08052 		mov	r2, #268435456
 2483 014c C3F8042D 		str	r2, [r3, #3332]
1382:Middlewares/Third_Party/FreeRTOS/Source/queue.c **** 				}
 2484              		.loc 1 1382 6 view .LVU726
 2485              		.syntax unified
 2486              	@ 1382 "Middlewares/Third_Party/FreeRTOS/Source/queue.c" 1
 2487 0150 BFF34F8F 		dsb
 2488              	@ 0 "" 2
1382:Middlewares/Third_Party/FreeRTOS/Source/queue.c **** 				}
 2489              		.loc 1 1382 6 view .LVU727
 2490              	@ 1382 "Middlewares/Third_Party/FreeRTOS/Source/queue.c" 1
 2491 0154 BFF36F8F 		isb
 2492              	@ 0 "" 2
1382:Middlewares/Third_Party/FreeRTOS/Source/queue.c **** 				}
 2493              		.loc 1 1382 28 view .LVU728
 2494              		.thumb
 2495              		.syntax unified
 2496 0158 BFE7     		b	.L157
 2497              	.L173:
1407:Middlewares/Third_Party/FreeRTOS/Source/queue.c **** 			}
 2498              		.loc 1 1407 12 is_stmt 0 view .LVU729
 2499 015a 0020     		movs	r0, #0
 2500 015c 89E7     		b	.L150
 2501              		.cfi_endproc
 2502              	.LFE15:
 2504              		.section	.text.xQueueSemaphoreTake,"ax",%progbits
 2505              		.align	1
 2506              		.global	xQueueSemaphoreTake
 2507              		.syntax unified
 2508              		.thumb
 2509              		.thumb_func
 2511              	xQueueSemaphoreTake:
 2512              	.LVL207:
 2513              	.LFB16:
1419:Middlewares/Third_Party/FreeRTOS/Source/queue.c **** BaseType_t xEntryTimeSet = pdFALSE;
 2514              		.loc 1 1419 1 is_stmt 1 view -0
 2515              		.cfi_startproc
 2516              		@ args = 0, pretend = 0, frame = 16
 2517              		@ frame_needed = 0, uses_anonymous_args = 0
1419:Middlewares/Third_Party/FreeRTOS/Source/queue.c **** BaseType_t xEntryTimeSet = pdFALSE;
 2518              		.loc 1 1419 1 is_stmt 0 view .LVU731
 2519 0000 70B5     		push	{r4, r5, r6, lr}
 2520              	.LCFI31:
 2521              		.cfi_def_cfa_offset 16
 2522              		.cfi_offset 4, -16
 2523              		.cfi_offset 5, -12
 2524              		.cfi_offset 6, -8
 2525              		.cfi_offset 14, -4
 2526 0002 84B0     		sub	sp, sp, #16
 2527              	.LCFI32:
 2528              		.cfi_def_cfa_offset 32
 2529 0004 0191     		str	r1, [sp, #4]
1420:Middlewares/Third_Party/FreeRTOS/Source/queue.c **** TimeOut_t xTimeOut;
 2530              		.loc 1 1420 1 is_stmt 1 view .LVU732
 2531              	.LVL208:
1421:Middlewares/Third_Party/FreeRTOS/Source/queue.c **** Queue_t * const pxQueue = xQueue;
 2532              		.loc 1 1421 1 view .LVU733
ARM GAS  C:\Users\subdia\AppData\Local\Temp\ccc2GLt8.s 			page 102


1422:Middlewares/Third_Party/FreeRTOS/Source/queue.c **** 
 2533              		.loc 1 1422 1 view .LVU734
1425:Middlewares/Third_Party/FreeRTOS/Source/queue.c **** #endif
 2534              		.loc 1 1425 2 view .LVU735
1429:Middlewares/Third_Party/FreeRTOS/Source/queue.c **** 
 2535              		.loc 1 1429 2 view .LVU736
 2536 0006 58B1     		cbz	r0, .L205
 2537 0008 0446     		mov	r4, r0
1429:Middlewares/Third_Party/FreeRTOS/Source/queue.c **** 
 2538              		.loc 1 1429 29 view .LVU737
1433:Middlewares/Third_Party/FreeRTOS/Source/queue.c **** 
 2539              		.loc 1 1433 2 view .LVU738
 2540 000a 036C     		ldr	r3, [r0, #64]
 2541 000c 8BB1     		cbz	r3, .L182
1433:Middlewares/Third_Party/FreeRTOS/Source/queue.c **** 
 2542              		.loc 1 1433 2 discriminator 1 view .LVU739
 2543              	.LBB166:
 2544              	.LBI166:
 193:Middlewares/Third_Party/FreeRTOS/Source/portable/GCC/ARM_CM3/portmacro.h **** {
 2545              		.loc 2 193 30 view .LVU740
 2546              	.LBB167:
 195:Middlewares/Third_Party/FreeRTOS/Source/portable/GCC/ARM_CM3/portmacro.h **** 
 2547              		.loc 2 195 1 view .LVU741
 197:Middlewares/Third_Party/FreeRTOS/Source/portable/GCC/ARM_CM3/portmacro.h **** 	(
 2548              		.loc 2 197 2 view .LVU742
 2549              		.syntax unified
 2550              	@ 197 "Middlewares/Third_Party/FreeRTOS/Source/portable/GCC/ARM_CM3/portmacro.h" 1
 2551 000e 4FF05003 			mov r3, #80												
 2552 0012 83F31188 		msr basepri, r3											
 2553 0016 BFF36F8F 		isb														
 2554 001a BFF34F8F 		dsb														
 2555              	
 2556              	@ 0 "" 2
 2557              		.thumb
 2558              		.syntax unified
 2559              	.L183:
 2560              	.LBE167:
 2561              	.LBE166:
1433:Middlewares/Third_Party/FreeRTOS/Source/queue.c **** 
 2562              		.loc 1 1433 2 view .LVU743
 2563 001e FEE7     		b	.L183
 2564              	.L205:
1429:Middlewares/Third_Party/FreeRTOS/Source/queue.c **** 
 2565              		.loc 1 1429 2 discriminator 1 view .LVU744
 2566              	.LBB168:
 2567              	.LBI168:
 193:Middlewares/Third_Party/FreeRTOS/Source/portable/GCC/ARM_CM3/portmacro.h **** {
 2568              		.loc 2 193 30 view .LVU745
 2569              	.LBB169:
 195:Middlewares/Third_Party/FreeRTOS/Source/portable/GCC/ARM_CM3/portmacro.h **** 
 2570              		.loc 2 195 1 view .LVU746
 197:Middlewares/Third_Party/FreeRTOS/Source/portable/GCC/ARM_CM3/portmacro.h **** 	(
 2571              		.loc 2 197 2 view .LVU747
 2572              		.syntax unified
 2573              	@ 197 "Middlewares/Third_Party/FreeRTOS/Source/portable/GCC/ARM_CM3/portmacro.h" 1
 2574 0020 4FF05003 			mov r3, #80												
 2575 0024 83F31188 		msr basepri, r3											
ARM GAS  C:\Users\subdia\AppData\Local\Temp\ccc2GLt8.s 			page 103


 2576 0028 BFF36F8F 		isb														
 2577 002c BFF34F8F 		dsb														
 2578              	
 2579              	@ 0 "" 2
 2580              		.thumb
 2581              		.syntax unified
 2582              	.L181:
 2583              	.LBE169:
 2584              	.LBE168:
1429:Middlewares/Third_Party/FreeRTOS/Source/queue.c **** 
 2585              		.loc 1 1429 2 view .LVU748
 2586 0030 FEE7     		b	.L181
 2587              	.L182:
1433:Middlewares/Third_Party/FreeRTOS/Source/queue.c **** 
 2588              		.loc 1 1433 42 view .LVU749
1438:Middlewares/Third_Party/FreeRTOS/Source/queue.c **** 	}
 2589              		.loc 1 1438 3 view .LVU750
 2590 0032 FFF7FEFF 		bl	xTaskGetSchedulerState
 2591              	.LVL209:
1438:Middlewares/Third_Party/FreeRTOS/Source/queue.c **** 	}
 2592              		.loc 1 1438 3 is_stmt 0 discriminator 1 view .LVU751
 2593 0036 0546     		mov	r5, r0
 2594 0038 50B9     		cbnz	r0, .L202
1438:Middlewares/Third_Party/FreeRTOS/Source/queue.c **** 	}
 2595              		.loc 1 1438 3 discriminator 3 view .LVU752
 2596 003a 019B     		ldr	r3, [sp, #4]
 2597 003c 63B1     		cbz	r3, .L203
1438:Middlewares/Third_Party/FreeRTOS/Source/queue.c **** 	}
 2598              		.loc 1 1438 3 is_stmt 1 discriminator 8 view .LVU753
 2599              	.LBB170:
 2600              	.LBI170:
 193:Middlewares/Third_Party/FreeRTOS/Source/portable/GCC/ARM_CM3/portmacro.h **** {
 2601              		.loc 2 193 30 view .LVU754
 2602              	.LBB171:
 195:Middlewares/Third_Party/FreeRTOS/Source/portable/GCC/ARM_CM3/portmacro.h **** 
 2603              		.loc 2 195 1 view .LVU755
 197:Middlewares/Third_Party/FreeRTOS/Source/portable/GCC/ARM_CM3/portmacro.h **** 	(
 2604              		.loc 2 197 2 view .LVU756
 2605              		.syntax unified
 2606              	@ 197 "Middlewares/Third_Party/FreeRTOS/Source/portable/GCC/ARM_CM3/portmacro.h" 1
 2607 003e 4FF05003 			mov r3, #80												
 2608 0042 83F31188 		msr basepri, r3											
 2609 0046 BFF36F8F 		isb														
 2610 004a BFF34F8F 		dsb														
 2611              	
 2612              	@ 0 "" 2
 2613              		.thumb
 2614              		.syntax unified
 2615              	.L185:
 2616              	.LBE171:
 2617              	.LBE170:
1438:Middlewares/Third_Party/FreeRTOS/Source/queue.c **** 	}
 2618              		.loc 1 1438 3 view .LVU757
 2619 004e FEE7     		b	.L185
 2620              	.L202:
 2621 0050 0023     		movs	r3, #0
 2622 0052 1E46     		mov	r6, r3
ARM GAS  C:\Users\subdia\AppData\Local\Temp\ccc2GLt8.s 			page 104


 2623 0054 1D46     		mov	r5, r3
 2624 0056 56E0     		b	.L186
 2625              	.L203:
 2626 0058 0646     		mov	r6, r0
 2627 005a 54E0     		b	.L186
 2628              	.LVL210:
 2629              	.L209:
 2630              	.LBB172:
1458:Middlewares/Third_Party/FreeRTOS/Source/queue.c **** 
 2631              		.loc 1 1458 34 view .LVU758
1462:Middlewares/Third_Party/FreeRTOS/Source/queue.c **** 
 2632              		.loc 1 1462 5 view .LVU759
1462:Middlewares/Third_Party/FreeRTOS/Source/queue.c **** 
 2633              		.loc 1 1462 51 is_stmt 0 view .LVU760
 2634 005c 013B     		subs	r3, r3, #1
 2635              	.LVL211:
1462:Middlewares/Third_Party/FreeRTOS/Source/queue.c **** 
 2636              		.loc 1 1462 32 view .LVU761
 2637 005e A363     		str	r3, [r4, #56]
1466:Middlewares/Third_Party/FreeRTOS/Source/queue.c **** 					{
 2638              		.loc 1 1466 6 is_stmt 1 view .LVU762
1466:Middlewares/Third_Party/FreeRTOS/Source/queue.c **** 					{
 2639              		.loc 1 1466 17 is_stmt 0 view .LVU763
 2640 0060 2368     		ldr	r3, [r4]
 2641              	.LVL212:
1466:Middlewares/Third_Party/FreeRTOS/Source/queue.c **** 					{
 2642              		.loc 1 1466 8 view .LVU764
 2643 0062 43B1     		cbz	r3, .L206
 2644              	.LVL213:
 2645              	.L188:
1474:Middlewares/Third_Party/FreeRTOS/Source/queue.c **** 					}
 2646              		.loc 1 1474 31 is_stmt 1 view .LVU765
1481:Middlewares/Third_Party/FreeRTOS/Source/queue.c **** 				{
 2647              		.loc 1 1481 5 view .LVU766
1481:Middlewares/Third_Party/FreeRTOS/Source/queue.c **** 				{
 2648              		.loc 1 1481 9 is_stmt 0 view .LVU767
 2649 0064 2369     		ldr	r3, [r4, #16]
1481:Middlewares/Third_Party/FreeRTOS/Source/queue.c **** 				{
 2650              		.loc 1 1481 7 view .LVU768
 2651 0066 53B9     		cbnz	r3, .L207
 2652              	.L189:
1494:Middlewares/Third_Party/FreeRTOS/Source/queue.c **** 				}
 2653              		.loc 1 1494 30 is_stmt 1 view .LVU769
1497:Middlewares/Third_Party/FreeRTOS/Source/queue.c **** 				return pdPASS;
 2654              		.loc 1 1497 5 view .LVU770
 2655 0068 FFF7FEFF 		bl	vPortExitCritical
 2656              	.LVL214:
1498:Middlewares/Third_Party/FreeRTOS/Source/queue.c **** 			}
 2657              		.loc 1 1498 5 view .LVU771
1498:Middlewares/Third_Party/FreeRTOS/Source/queue.c **** 			}
 2658              		.loc 1 1498 12 is_stmt 0 view .LVU772
 2659 006c 0123     		movs	r3, #1
 2660 006e 1E46     		mov	r6, r3
 2661              	.LVL215:
 2662              	.L179:
1498:Middlewares/Third_Party/FreeRTOS/Source/queue.c **** 			}
 2663              		.loc 1 1498 12 view .LVU773
ARM GAS  C:\Users\subdia\AppData\Local\Temp\ccc2GLt8.s 			page 105


 2664              	.LBE172:
1633:Middlewares/Third_Party/FreeRTOS/Source/queue.c **** /*-----------------------------------------------------------*/
 2665              		.loc 1 1633 1 view .LVU774
 2666 0070 3046     		mov	r0, r6
 2667 0072 04B0     		add	sp, sp, #16
 2668              	.LCFI33:
 2669              		.cfi_remember_state
 2670              		.cfi_def_cfa_offset 16
 2671              		@ sp needed
 2672 0074 70BD     		pop	{r4, r5, r6, pc}
 2673              	.LVL216:
 2674              	.L206:
 2675              	.LCFI34:
 2676              		.cfi_restore_state
 2677              	.LBB175:
1470:Middlewares/Third_Party/FreeRTOS/Source/queue.c **** 					}
 2678              		.loc 1 1470 7 is_stmt 1 view .LVU775
1470:Middlewares/Third_Party/FreeRTOS/Source/queue.c **** 					}
 2679              		.loc 1 1470 44 is_stmt 0 view .LVU776
 2680 0076 FFF7FEFF 		bl	pvTaskIncrementMutexHeldCount
 2681              	.LVL217:
1470:Middlewares/Third_Party/FreeRTOS/Source/queue.c **** 					}
 2682              		.loc 1 1470 42 discriminator 1 view .LVU777
 2683 007a A060     		str	r0, [r4, #8]
 2684 007c F2E7     		b	.L188
 2685              	.L207:
1483:Middlewares/Third_Party/FreeRTOS/Source/queue.c **** 					{
 2686              		.loc 1 1483 6 is_stmt 1 view .LVU778
1483:Middlewares/Third_Party/FreeRTOS/Source/queue.c **** 					{
 2687              		.loc 1 1483 10 is_stmt 0 view .LVU779
 2688 007e 04F11000 		add	r0, r4, #16
 2689 0082 FFF7FEFF 		bl	xTaskRemoveFromEventList
 2690              	.LVL218:
1483:Middlewares/Third_Party/FreeRTOS/Source/queue.c **** 					{
 2691              		.loc 1 1483 8 discriminator 1 view .LVU780
 2692 0086 0028     		cmp	r0, #0
 2693 0088 EED0     		beq	.L189
1485:Middlewares/Third_Party/FreeRTOS/Source/queue.c **** 					}
 2694              		.loc 1 1485 7 is_stmt 1 view .LVU781
 2695 008a 4FF0E023 		mov	r3, #-536813568
 2696 008e 4FF08052 		mov	r2, #268435456
 2697 0092 C3F8042D 		str	r2, [r3, #3332]
1485:Middlewares/Third_Party/FreeRTOS/Source/queue.c **** 					}
 2698              		.loc 1 1485 7 view .LVU782
 2699              		.syntax unified
 2700              	@ 1485 "Middlewares/Third_Party/FreeRTOS/Source/queue.c" 1
 2701 0096 BFF34F8F 		dsb
 2702              	@ 0 "" 2
1485:Middlewares/Third_Party/FreeRTOS/Source/queue.c **** 					}
 2703              		.loc 1 1485 7 view .LVU783
 2704              	@ 1485 "Middlewares/Third_Party/FreeRTOS/Source/queue.c" 1
 2705 009a BFF36F8F 		isb
 2706              	@ 0 "" 2
1485:Middlewares/Third_Party/FreeRTOS/Source/queue.c **** 					}
 2707              		.loc 1 1485 39 view .LVU784
 2708              		.thumb
 2709              		.syntax unified
ARM GAS  C:\Users\subdia\AppData\Local\Temp\ccc2GLt8.s 			page 106


 2710 009e E3E7     		b	.L189
 2711              	.L210:
1509:Middlewares/Third_Party/FreeRTOS/Source/queue.c **** 					}
 2712              		.loc 1 1509 7 view .LVU785
 2713 00a0 46B1     		cbz	r6, .L192
1509:Middlewares/Third_Party/FreeRTOS/Source/queue.c **** 					}
 2714              		.loc 1 1509 7 discriminator 1 view .LVU786
 2715              	.LBB173:
 2716              	.LBI173:
 193:Middlewares/Third_Party/FreeRTOS/Source/portable/GCC/ARM_CM3/portmacro.h **** {
 2717              		.loc 2 193 30 view .LVU787
 2718              	.LBB174:
 195:Middlewares/Third_Party/FreeRTOS/Source/portable/GCC/ARM_CM3/portmacro.h **** 
 2719              		.loc 2 195 1 view .LVU788
 197:Middlewares/Third_Party/FreeRTOS/Source/portable/GCC/ARM_CM3/portmacro.h **** 	(
 2720              		.loc 2 197 2 view .LVU789
 2721              		.syntax unified
 2722              	@ 197 "Middlewares/Third_Party/FreeRTOS/Source/portable/GCC/ARM_CM3/portmacro.h" 1
 2723 00a2 4FF05003 			mov r3, #80												
 2724 00a6 83F31188 		msr basepri, r3											
 2725 00aa BFF36F8F 		isb														
 2726 00ae BFF34F8F 		dsb														
 2727              	
 2728              	@ 0 "" 2
 2729              		.thumb
 2730              		.syntax unified
 2731              	.L193:
 2732              	.LBE174:
 2733              	.LBE173:
1509:Middlewares/Third_Party/FreeRTOS/Source/queue.c **** 					}
 2734              		.loc 1 1509 7 view .LVU790
 2735 00b2 FEE7     		b	.L193
 2736              	.L192:
1509:Middlewares/Third_Party/FreeRTOS/Source/queue.c **** 					}
 2737              		.loc 1 1509 54 view .LVU791
1515:Middlewares/Third_Party/FreeRTOS/Source/queue.c **** 					traceQUEUE_RECEIVE_FAILED( pxQueue );
 2738              		.loc 1 1515 6 view .LVU792
 2739 00b4 FFF7FEFF 		bl	vPortExitCritical
 2740              	.LVL219:
1516:Middlewares/Third_Party/FreeRTOS/Source/queue.c **** 					return errQUEUE_EMPTY;
 2741              		.loc 1 1516 42 view .LVU793
1517:Middlewares/Third_Party/FreeRTOS/Source/queue.c **** 				}
 2742              		.loc 1 1517 6 view .LVU794
1517:Middlewares/Third_Party/FreeRTOS/Source/queue.c **** 				}
 2743              		.loc 1 1517 13 is_stmt 0 view .LVU795
 2744 00b8 DAE7     		b	.L179
 2745              	.L211:
1523:Middlewares/Third_Party/FreeRTOS/Source/queue.c **** 					xEntryTimeSet = pdTRUE;
 2746              		.loc 1 1523 6 is_stmt 1 view .LVU796
 2747 00ba 02A8     		add	r0, sp, #8
 2748 00bc FFF7FEFF 		bl	vTaskInternalSetTimeOutState
 2749              	.LVL220:
1524:Middlewares/Third_Party/FreeRTOS/Source/queue.c **** 				}
 2750              		.loc 1 1524 6 view .LVU797
1524:Middlewares/Third_Party/FreeRTOS/Source/queue.c **** 				}
 2751              		.loc 1 1524 20 is_stmt 0 view .LVU798
 2752 00c0 0125     		movs	r5, #1
ARM GAS  C:\Users\subdia\AppData\Local\Temp\ccc2GLt8.s 			page 107


 2753 00c2 2AE0     		b	.L194
 2754              	.LVL221:
 2755              	.L212:
1524:Middlewares/Third_Party/FreeRTOS/Source/queue.c **** 				}
 2756              		.loc 1 1524 20 view .LVU799
 2757              	.LBE175:
1539:Middlewares/Third_Party/FreeRTOS/Source/queue.c **** 
 2758              		.loc 1 1539 3 is_stmt 1 discriminator 2 view .LVU800
 2759 00c4 0023     		movs	r3, #0
 2760 00c6 84F84430 		strb	r3, [r4, #68]
 2761 00ca 32E0     		b	.L195
 2762              	.L213:
1539:Middlewares/Third_Party/FreeRTOS/Source/queue.c **** 
 2763              		.loc 1 1539 3 discriminator 5 view .LVU801
 2764 00cc 0023     		movs	r3, #0
 2765 00ce 84F84530 		strb	r3, [r4, #69]
 2766 00d2 34E0     		b	.L196
 2767              	.L214:
1556:Middlewares/Third_Party/FreeRTOS/Source/queue.c **** 						{
 2768              		.loc 1 1556 7 view .LVU802
 2769 00d4 FFF7FEFF 		bl	vPortEnterCritical
 2770              	.LVL222:
1558:Middlewares/Third_Party/FreeRTOS/Source/queue.c **** 						}
 2771              		.loc 1 1558 8 view .LVU803
1558:Middlewares/Third_Party/FreeRTOS/Source/queue.c **** 						}
 2772              		.loc 1 1558 31 is_stmt 0 view .LVU804
 2773 00d8 A068     		ldr	r0, [r4, #8]
 2774 00da FFF7FEFF 		bl	xTaskPriorityInherit
 2775              	.LVL223:
 2776 00de 0646     		mov	r6, r0
 2777              	.LVL224:
1560:Middlewares/Third_Party/FreeRTOS/Source/queue.c **** 					}
 2778              		.loc 1 1560 7 is_stmt 1 view .LVU805
 2779 00e0 FFF7FEFF 		bl	vPortExitCritical
 2780              	.LVL225:
1560:Middlewares/Third_Party/FreeRTOS/Source/queue.c **** 					}
 2781              		.loc 1 1560 7 is_stmt 0 view .LVU806
 2782 00e4 3BE0     		b	.L199
 2783              	.L198:
1584:Middlewares/Third_Party/FreeRTOS/Source/queue.c **** 				( void ) xTaskResumeAll();
 2784              		.loc 1 1584 5 is_stmt 1 view .LVU807
 2785 00e6 2046     		mov	r0, r4
 2786 00e8 FFF7FEFF 		bl	prvUnlockQueue
 2787              	.LVL226:
1585:Middlewares/Third_Party/FreeRTOS/Source/queue.c **** 			}
 2788              		.loc 1 1585 5 view .LVU808
1585:Middlewares/Third_Party/FreeRTOS/Source/queue.c **** 			}
 2789              		.loc 1 1585 14 is_stmt 0 view .LVU809
 2790 00ec FFF7FEFF 		bl	xTaskResumeAll
 2791              	.LVL227:
 2792 00f0 09E0     		b	.L186
 2793              	.L197:
1591:Middlewares/Third_Party/FreeRTOS/Source/queue.c **** 			( void ) xTaskResumeAll();
 2794              		.loc 1 1591 4 is_stmt 1 view .LVU810
 2795 00f2 2046     		mov	r0, r4
 2796 00f4 FFF7FEFF 		bl	prvUnlockQueue
 2797              	.LVL228:
ARM GAS  C:\Users\subdia\AppData\Local\Temp\ccc2GLt8.s 			page 108


1592:Middlewares/Third_Party/FreeRTOS/Source/queue.c **** 
 2798              		.loc 1 1592 4 view .LVU811
1592:Middlewares/Third_Party/FreeRTOS/Source/queue.c **** 
 2799              		.loc 1 1592 13 is_stmt 0 view .LVU812
 2800 00f8 FFF7FEFF 		bl	xTaskResumeAll
 2801              	.LVL229:
1598:Middlewares/Third_Party/FreeRTOS/Source/queue.c **** 			{
 2802              		.loc 1 1598 4 is_stmt 1 view .LVU813
1598:Middlewares/Third_Party/FreeRTOS/Source/queue.c **** 			{
 2803              		.loc 1 1598 8 is_stmt 0 view .LVU814
 2804 00fc 2046     		mov	r0, r4
 2805 00fe FFF7FEFF 		bl	prvIsQueueEmpty
 2806              	.LVL230:
1598:Middlewares/Third_Party/FreeRTOS/Source/queue.c **** 			{
 2807              		.loc 1 1598 6 discriminator 1 view .LVU815
 2808 0102 0028     		cmp	r0, #0
 2809 0104 42D1     		bne	.L208
 2810              	.LVL231:
 2811              	.L186:
1438:Middlewares/Third_Party/FreeRTOS/Source/queue.c **** 	}
 2812              		.loc 1 1438 104 is_stmt 1 view .LVU816
1446:Middlewares/Third_Party/FreeRTOS/Source/queue.c **** 	{
 2813              		.loc 1 1446 2 view .LVU817
1448:Middlewares/Third_Party/FreeRTOS/Source/queue.c **** 		{
 2814              		.loc 1 1448 3 view .LVU818
 2815 0106 FFF7FEFF 		bl	vPortEnterCritical
 2816              	.LVL232:
 2817              	.LBB176:
1452:Middlewares/Third_Party/FreeRTOS/Source/queue.c **** 
 2818              		.loc 1 1452 4 view .LVU819
1452:Middlewares/Third_Party/FreeRTOS/Source/queue.c **** 
 2819              		.loc 1 1452 22 is_stmt 0 view .LVU820
 2820 010a A36B     		ldr	r3, [r4, #56]
 2821              	.LVL233:
1456:Middlewares/Third_Party/FreeRTOS/Source/queue.c **** 			{
 2822              		.loc 1 1456 4 is_stmt 1 view .LVU821
1456:Middlewares/Third_Party/FreeRTOS/Source/queue.c **** 			{
 2823              		.loc 1 1456 6 is_stmt 0 view .LVU822
 2824 010c 002B     		cmp	r3, #0
 2825 010e A5D1     		bne	.L209
1502:Middlewares/Third_Party/FreeRTOS/Source/queue.c **** 				{
 2826              		.loc 1 1502 5 is_stmt 1 view .LVU823
1502:Middlewares/Third_Party/FreeRTOS/Source/queue.c **** 				{
 2827              		.loc 1 1502 22 is_stmt 0 view .LVU824
 2828 0110 019B     		ldr	r3, [sp, #4]
 2829              	.LVL234:
1502:Middlewares/Third_Party/FreeRTOS/Source/queue.c **** 				{
 2830              		.loc 1 1502 7 view .LVU825
 2831 0112 002B     		cmp	r3, #0
 2832 0114 C4D0     		beq	.L210
1519:Middlewares/Third_Party/FreeRTOS/Source/queue.c **** 				{
 2833              		.loc 1 1519 10 is_stmt 1 view .LVU826
1519:Middlewares/Third_Party/FreeRTOS/Source/queue.c **** 				{
 2834              		.loc 1 1519 12 is_stmt 0 view .LVU827
 2835 0116 002D     		cmp	r5, #0
 2836 0118 CFD0     		beq	.L211
 2837              	.LVL235:
ARM GAS  C:\Users\subdia\AppData\Local\Temp\ccc2GLt8.s 			page 109


 2838              	.L194:
1529:Middlewares/Third_Party/FreeRTOS/Source/queue.c **** 				}
 2839              		.loc 1 1529 30 is_stmt 1 view .LVU828
 2840              	.LBE176:
1533:Middlewares/Third_Party/FreeRTOS/Source/queue.c **** 
 2841              		.loc 1 1533 3 view .LVU829
 2842 011a FFF7FEFF 		bl	vPortExitCritical
 2843              	.LVL236:
1538:Middlewares/Third_Party/FreeRTOS/Source/queue.c **** 		prvLockQueue( pxQueue );
 2844              		.loc 1 1538 3 view .LVU830
 2845 011e FFF7FEFF 		bl	vTaskSuspendAll
 2846              	.LVL237:
1539:Middlewares/Third_Party/FreeRTOS/Source/queue.c **** 
 2847              		.loc 1 1539 3 view .LVU831
 2848 0122 FFF7FEFF 		bl	vPortEnterCritical
 2849              	.LVL238:
1539:Middlewares/Third_Party/FreeRTOS/Source/queue.c **** 
 2850              		.loc 1 1539 3 discriminator 1 view .LVU832
 2851 0126 94F84430 		ldrb	r3, [r4, #68]	@ zero_extendqisi2
 2852 012a 5BB2     		sxtb	r3, r3
 2853 012c B3F1FF3F 		cmp	r3, #-1
 2854 0130 C8D0     		beq	.L212
 2855              	.L195:
1539:Middlewares/Third_Party/FreeRTOS/Source/queue.c **** 
 2856              		.loc 1 1539 3 discriminator 4 view .LVU833
 2857 0132 94F84530 		ldrb	r3, [r4, #69]	@ zero_extendqisi2
 2858 0136 5BB2     		sxtb	r3, r3
 2859 0138 B3F1FF3F 		cmp	r3, #-1
 2860 013c C6D0     		beq	.L213
 2861              	.L196:
1539:Middlewares/Third_Party/FreeRTOS/Source/queue.c **** 
 2862              		.loc 1 1539 3 discriminator 7 view .LVU834
 2863 013e FFF7FEFF 		bl	vPortExitCritical
 2864              	.LVL239:
1542:Middlewares/Third_Party/FreeRTOS/Source/queue.c **** 		{
 2865              		.loc 1 1542 3 view .LVU835
1542:Middlewares/Third_Party/FreeRTOS/Source/queue.c **** 		{
 2866              		.loc 1 1542 7 is_stmt 0 view .LVU836
 2867 0142 01A9     		add	r1, sp, #4
 2868 0144 02A8     		add	r0, sp, #8
 2869 0146 FFF7FEFF 		bl	xTaskCheckForTimeOut
 2870              	.LVL240:
1542:Middlewares/Third_Party/FreeRTOS/Source/queue.c **** 		{
 2871              		.loc 1 1542 5 discriminator 1 view .LVU837
 2872 014a 0028     		cmp	r0, #0
 2873 014c D1D1     		bne	.L197
1548:Middlewares/Third_Party/FreeRTOS/Source/queue.c **** 			{
 2874              		.loc 1 1548 4 is_stmt 1 view .LVU838
1548:Middlewares/Third_Party/FreeRTOS/Source/queue.c **** 			{
 2875              		.loc 1 1548 8 is_stmt 0 view .LVU839
 2876 014e 2046     		mov	r0, r4
 2877 0150 FFF7FEFF 		bl	prvIsQueueEmpty
 2878              	.LVL241:
1548:Middlewares/Third_Party/FreeRTOS/Source/queue.c **** 			{
 2879              		.loc 1 1548 6 discriminator 1 view .LVU840
 2880 0154 0028     		cmp	r0, #0
 2881 0156 C6D0     		beq	.L198
ARM GAS  C:\Users\subdia\AppData\Local\Temp\ccc2GLt8.s 			page 110


1550:Middlewares/Third_Party/FreeRTOS/Source/queue.c **** 
 2882              		.loc 1 1550 46 is_stmt 1 view .LVU841
1554:Middlewares/Third_Party/FreeRTOS/Source/queue.c **** 					{
 2883              		.loc 1 1554 6 view .LVU842
1554:Middlewares/Third_Party/FreeRTOS/Source/queue.c **** 					{
 2884              		.loc 1 1554 17 is_stmt 0 view .LVU843
 2885 0158 2368     		ldr	r3, [r4]
1554:Middlewares/Third_Party/FreeRTOS/Source/queue.c **** 					{
 2886              		.loc 1 1554 8 view .LVU844
 2887 015a 002B     		cmp	r3, #0
 2888 015c BAD0     		beq	.L214
 2889              	.L199:
1564:Middlewares/Third_Party/FreeRTOS/Source/queue.c **** 					}
 2890              		.loc 1 1564 31 is_stmt 1 view .LVU845
1569:Middlewares/Third_Party/FreeRTOS/Source/queue.c **** 				prvUnlockQueue( pxQueue );
 2891              		.loc 1 1569 5 view .LVU846
 2892 015e 0199     		ldr	r1, [sp, #4]
 2893 0160 04F12400 		add	r0, r4, #36
 2894 0164 FFF7FEFF 		bl	vTaskPlaceOnEventList
 2895              	.LVL242:
1570:Middlewares/Third_Party/FreeRTOS/Source/queue.c **** 				if( xTaskResumeAll() == pdFALSE )
 2896              		.loc 1 1570 5 view .LVU847
 2897 0168 2046     		mov	r0, r4
 2898 016a FFF7FEFF 		bl	prvUnlockQueue
 2899              	.LVL243:
1571:Middlewares/Third_Party/FreeRTOS/Source/queue.c **** 				{
 2900              		.loc 1 1571 5 view .LVU848
1571:Middlewares/Third_Party/FreeRTOS/Source/queue.c **** 				{
 2901              		.loc 1 1571 9 is_stmt 0 view .LVU849
 2902 016e FFF7FEFF 		bl	xTaskResumeAll
 2903              	.LVL244:
1571:Middlewares/Third_Party/FreeRTOS/Source/queue.c **** 				{
 2904              		.loc 1 1571 7 discriminator 1 view .LVU850
 2905 0172 0028     		cmp	r0, #0
 2906 0174 C7D1     		bne	.L186
1573:Middlewares/Third_Party/FreeRTOS/Source/queue.c **** 				}
 2907              		.loc 1 1573 6 is_stmt 1 view .LVU851
 2908 0176 4FF0E023 		mov	r3, #-536813568
 2909 017a 4FF08052 		mov	r2, #268435456
 2910 017e C3F8042D 		str	r2, [r3, #3332]
1573:Middlewares/Third_Party/FreeRTOS/Source/queue.c **** 				}
 2911              		.loc 1 1573 6 view .LVU852
 2912              		.syntax unified
 2913              	@ 1573 "Middlewares/Third_Party/FreeRTOS/Source/queue.c" 1
 2914 0182 BFF34F8F 		dsb
 2915              	@ 0 "" 2
1573:Middlewares/Third_Party/FreeRTOS/Source/queue.c **** 				}
 2916              		.loc 1 1573 6 view .LVU853
 2917              	@ 1573 "Middlewares/Third_Party/FreeRTOS/Source/queue.c" 1
 2918 0186 BFF36F8F 		isb
 2919              	@ 0 "" 2
1573:Middlewares/Third_Party/FreeRTOS/Source/queue.c **** 				}
 2920              		.loc 1 1573 28 view .LVU854
 2921              		.thumb
 2922              		.syntax unified
 2923 018a BCE7     		b	.L186
 2924              	.L208:
ARM GAS  C:\Users\subdia\AppData\Local\Temp\ccc2GLt8.s 			page 111


1605:Middlewares/Third_Party/FreeRTOS/Source/queue.c **** 					{
 2925              		.loc 1 1605 6 view .LVU855
1605:Middlewares/Third_Party/FreeRTOS/Source/queue.c **** 					{
 2926              		.loc 1 1605 8 is_stmt 0 view .LVU856
 2927 018c 16B9     		cbnz	r6, .L215
 2928              	.L201:
1624:Middlewares/Third_Party/FreeRTOS/Source/queue.c **** 				return errQUEUE_EMPTY;
 2929              		.loc 1 1624 41 is_stmt 1 view .LVU857
1625:Middlewares/Third_Party/FreeRTOS/Source/queue.c **** 			}
 2930              		.loc 1 1625 5 view .LVU858
1625:Middlewares/Third_Party/FreeRTOS/Source/queue.c **** 			}
 2931              		.loc 1 1625 12 is_stmt 0 view .LVU859
 2932 018e 0023     		movs	r3, #0
 2933 0190 1E46     		mov	r6, r3
 2934              	.LVL245:
1625:Middlewares/Third_Party/FreeRTOS/Source/queue.c **** 			}
 2935              		.loc 1 1625 12 view .LVU860
 2936 0192 6DE7     		b	.L179
 2937              	.LVL246:
 2938              	.L215:
1607:Middlewares/Third_Party/FreeRTOS/Source/queue.c **** 						{
 2939              		.loc 1 1607 7 is_stmt 1 view .LVU861
 2940 0194 FFF7FEFF 		bl	vPortEnterCritical
 2941              	.LVL247:
 2942              	.LBB177:
1609:Middlewares/Third_Party/FreeRTOS/Source/queue.c **** 
 2943              		.loc 1 1609 8 view .LVU862
1616:Middlewares/Third_Party/FreeRTOS/Source/queue.c **** 							vTaskPriorityDisinheritAfterTimeout( pxQueue->u.xSemaphore.xMutexHolder, uxHighestWaitingPri
 2944              		.loc 1 1616 8 view .LVU863
1616:Middlewares/Third_Party/FreeRTOS/Source/queue.c **** 							vTaskPriorityDisinheritAfterTimeout( pxQueue->u.xSemaphore.xMutexHolder, uxHighestWaitingPri
 2945              		.loc 1 1616 35 is_stmt 0 view .LVU864
 2946 0198 2046     		mov	r0, r4
 2947 019a FFF7FEFF 		bl	prvGetDisinheritPriorityAfterTimeout
 2948              	.LVL248:
 2949 019e 0146     		mov	r1, r0
 2950              	.LVL249:
1617:Middlewares/Third_Party/FreeRTOS/Source/queue.c **** 						}
 2951              		.loc 1 1617 8 is_stmt 1 view .LVU865
 2952 01a0 A068     		ldr	r0, [r4, #8]
 2953              	.LVL250:
1617:Middlewares/Third_Party/FreeRTOS/Source/queue.c **** 						}
 2954              		.loc 1 1617 8 is_stmt 0 view .LVU866
 2955 01a2 FFF7FEFF 		bl	vTaskPriorityDisinheritAfterTimeout
 2956              	.LVL251:
1617:Middlewares/Third_Party/FreeRTOS/Source/queue.c **** 						}
 2957              		.loc 1 1617 8 view .LVU867
 2958              	.LBE177:
1619:Middlewares/Third_Party/FreeRTOS/Source/queue.c **** 					}
 2959              		.loc 1 1619 7 is_stmt 1 view .LVU868
 2960 01a6 FFF7FEFF 		bl	vPortExitCritical
 2961              	.LVL252:
 2962 01aa F0E7     		b	.L201
 2963              		.cfi_endproc
 2964              	.LFE16:
 2966              		.section	.text.xQueuePeek,"ax",%progbits
 2967              		.align	1
 2968              		.global	xQueuePeek
ARM GAS  C:\Users\subdia\AppData\Local\Temp\ccc2GLt8.s 			page 112


 2969              		.syntax unified
 2970              		.thumb
 2971              		.thumb_func
 2973              	xQueuePeek:
 2974              	.LVL253:
 2975              	.LFB17:
1637:Middlewares/Third_Party/FreeRTOS/Source/queue.c **** BaseType_t xEntryTimeSet = pdFALSE;
 2976              		.loc 1 1637 1 view -0
 2977              		.cfi_startproc
 2978              		@ args = 0, pretend = 0, frame = 16
 2979              		@ frame_needed = 0, uses_anonymous_args = 0
1637:Middlewares/Third_Party/FreeRTOS/Source/queue.c **** BaseType_t xEntryTimeSet = pdFALSE;
 2980              		.loc 1 1637 1 is_stmt 0 view .LVU870
 2981 0000 70B5     		push	{r4, r5, r6, lr}
 2982              	.LCFI35:
 2983              		.cfi_def_cfa_offset 16
 2984              		.cfi_offset 4, -16
 2985              		.cfi_offset 5, -12
 2986              		.cfi_offset 6, -8
 2987              		.cfi_offset 14, -4
 2988 0002 84B0     		sub	sp, sp, #16
 2989              	.LCFI36:
 2990              		.cfi_def_cfa_offset 32
 2991 0004 0192     		str	r2, [sp, #4]
1638:Middlewares/Third_Party/FreeRTOS/Source/queue.c **** TimeOut_t xTimeOut;
 2992              		.loc 1 1638 1 is_stmt 1 view .LVU871
 2993              	.LVL254:
1639:Middlewares/Third_Party/FreeRTOS/Source/queue.c **** int8_t *pcOriginalReadPosition;
 2994              		.loc 1 1639 1 view .LVU872
1640:Middlewares/Third_Party/FreeRTOS/Source/queue.c **** Queue_t * const pxQueue = xQueue;
 2995              		.loc 1 1640 1 view .LVU873
1641:Middlewares/Third_Party/FreeRTOS/Source/queue.c **** 
 2996              		.loc 1 1641 1 view .LVU874
1644:Middlewares/Third_Party/FreeRTOS/Source/queue.c **** 
 2997              		.loc 1 1644 2 view .LVU875
 2998 0006 90B1     		cbz	r0, .L236
 2999 0008 0E46     		mov	r6, r1
 3000 000a 0446     		mov	r4, r0
1644:Middlewares/Third_Party/FreeRTOS/Source/queue.c **** 
 3001              		.loc 1 1644 29 view .LVU876
1648:Middlewares/Third_Party/FreeRTOS/Source/queue.c **** 
 3002              		.loc 1 1648 2 view .LVU877
 3003 000c C1B1     		cbz	r1, .L237
 3004              	.L219:
1648:Middlewares/Third_Party/FreeRTOS/Source/queue.c **** 
 3005              		.loc 1 1648 100 view .LVU878
1653:Middlewares/Third_Party/FreeRTOS/Source/queue.c **** 	}
 3006              		.loc 1 1653 3 view .LVU879
 3007 000e FFF7FEFF 		bl	xTaskGetSchedulerState
 3008              	.LVL255:
1653:Middlewares/Third_Party/FreeRTOS/Source/queue.c **** 	}
 3009              		.loc 1 1653 3 is_stmt 0 discriminator 1 view .LVU880
 3010 0012 0546     		mov	r5, r0
 3011 0014 00BB     		cbnz	r0, .L234
1653:Middlewares/Third_Party/FreeRTOS/Source/queue.c **** 	}
 3012              		.loc 1 1653 3 discriminator 3 view .LVU881
 3013 0016 019B     		ldr	r3, [sp, #4]
ARM GAS  C:\Users\subdia\AppData\Local\Temp\ccc2GLt8.s 			page 113


 3014 0018 002B     		cmp	r3, #0
 3015 001a 5ED0     		beq	.L223
1653:Middlewares/Third_Party/FreeRTOS/Source/queue.c **** 	}
 3016              		.loc 1 1653 3 is_stmt 1 discriminator 8 view .LVU882
 3017              	.LBB178:
 3018              	.LBI178:
 193:Middlewares/Third_Party/FreeRTOS/Source/portable/GCC/ARM_CM3/portmacro.h **** {
 3019              		.loc 2 193 30 view .LVU883
 3020              	.LBB179:
 195:Middlewares/Third_Party/FreeRTOS/Source/portable/GCC/ARM_CM3/portmacro.h **** 
 3021              		.loc 2 195 1 view .LVU884
 197:Middlewares/Third_Party/FreeRTOS/Source/portable/GCC/ARM_CM3/portmacro.h **** 	(
 3022              		.loc 2 197 2 view .LVU885
 3023              		.syntax unified
 3024              	@ 197 "Middlewares/Third_Party/FreeRTOS/Source/portable/GCC/ARM_CM3/portmacro.h" 1
 3025 001c 4FF05003 			mov r3, #80												
 3026 0020 83F31188 		msr basepri, r3											
 3027 0024 BFF36F8F 		isb														
 3028 0028 BFF34F8F 		dsb														
 3029              	
 3030              	@ 0 "" 2
 3031              		.thumb
 3032              		.syntax unified
 3033              	.L222:
 3034              	.LBE179:
 3035              	.LBE178:
1653:Middlewares/Third_Party/FreeRTOS/Source/queue.c **** 	}
 3036              		.loc 1 1653 3 view .LVU886
 3037 002c FEE7     		b	.L222
 3038              	.LVL256:
 3039              	.L236:
1644:Middlewares/Third_Party/FreeRTOS/Source/queue.c **** 
 3040              		.loc 1 1644 2 discriminator 1 view .LVU887
 3041              	.LBB180:
 3042              	.LBI180:
 193:Middlewares/Third_Party/FreeRTOS/Source/portable/GCC/ARM_CM3/portmacro.h **** {
 3043              		.loc 2 193 30 view .LVU888
 3044              	.LBB181:
 195:Middlewares/Third_Party/FreeRTOS/Source/portable/GCC/ARM_CM3/portmacro.h **** 
 3045              		.loc 2 195 1 view .LVU889
 197:Middlewares/Third_Party/FreeRTOS/Source/portable/GCC/ARM_CM3/portmacro.h **** 	(
 3046              		.loc 2 197 2 view .LVU890
 3047              		.syntax unified
 3048              	@ 197 "Middlewares/Third_Party/FreeRTOS/Source/portable/GCC/ARM_CM3/portmacro.h" 1
 3049 002e 4FF05003 			mov r3, #80												
 3050 0032 83F31188 		msr basepri, r3											
 3051 0036 BFF36F8F 		isb														
 3052 003a BFF34F8F 		dsb														
 3053              	
 3054              	@ 0 "" 2
 3055              		.thumb
 3056              		.syntax unified
 3057              	.L218:
 3058              	.LBE181:
 3059              	.LBE180:
1644:Middlewares/Third_Party/FreeRTOS/Source/queue.c **** 
 3060              		.loc 1 1644 2 view .LVU891
ARM GAS  C:\Users\subdia\AppData\Local\Temp\ccc2GLt8.s 			page 114


 3061 003e FEE7     		b	.L218
 3062              	.L237:
1648:Middlewares/Third_Party/FreeRTOS/Source/queue.c **** 
 3063              		.loc 1 1648 2 is_stmt 0 discriminator 2 view .LVU892
 3064 0040 036C     		ldr	r3, [r0, #64]
 3065 0042 002B     		cmp	r3, #0
 3066 0044 E3D0     		beq	.L219
1648:Middlewares/Third_Party/FreeRTOS/Source/queue.c **** 
 3067              		.loc 1 1648 2 is_stmt 1 discriminator 7 view .LVU893
 3068              	.LBB182:
 3069              	.LBI182:
 193:Middlewares/Third_Party/FreeRTOS/Source/portable/GCC/ARM_CM3/portmacro.h **** {
 3070              		.loc 2 193 30 view .LVU894
 3071              	.LBB183:
 195:Middlewares/Third_Party/FreeRTOS/Source/portable/GCC/ARM_CM3/portmacro.h **** 
 3072              		.loc 2 195 1 view .LVU895
 197:Middlewares/Third_Party/FreeRTOS/Source/portable/GCC/ARM_CM3/portmacro.h **** 	(
 3073              		.loc 2 197 2 view .LVU896
 3074              		.syntax unified
 3075              	@ 197 "Middlewares/Third_Party/FreeRTOS/Source/portable/GCC/ARM_CM3/portmacro.h" 1
 3076 0046 4FF05003 			mov r3, #80												
 3077 004a 83F31188 		msr basepri, r3											
 3078 004e BFF36F8F 		isb														
 3079 0052 BFF34F8F 		dsb														
 3080              	
 3081              	@ 0 "" 2
 3082              		.thumb
 3083              		.syntax unified
 3084              	.L220:
 3085              	.LBE183:
 3086              	.LBE182:
1648:Middlewares/Third_Party/FreeRTOS/Source/queue.c **** 
 3087              		.loc 1 1648 2 view .LVU897
 3088 0056 FEE7     		b	.L220
 3089              	.LVL257:
 3090              	.L234:
1648:Middlewares/Third_Party/FreeRTOS/Source/queue.c **** 
 3091              		.loc 1 1648 2 is_stmt 0 view .LVU898
 3092 0058 0025     		movs	r5, #0
 3093 005a 3EE0     		b	.L223
 3094              	.LVL258:
 3095              	.L240:
 3096              	.LBB184:
1674:Middlewares/Third_Party/FreeRTOS/Source/queue.c **** 
 3097              		.loc 1 1674 5 is_stmt 1 view .LVU899
1674:Middlewares/Third_Party/FreeRTOS/Source/queue.c **** 
 3098              		.loc 1 1674 28 is_stmt 0 view .LVU900
 3099 005c E568     		ldr	r5, [r4, #12]
 3100              	.LVL259:
1676:Middlewares/Third_Party/FreeRTOS/Source/queue.c **** 				traceQUEUE_PEEK( pxQueue );
 3101              		.loc 1 1676 5 is_stmt 1 view .LVU901
 3102 005e 3146     		mov	r1, r6
 3103 0060 2046     		mov	r0, r4
 3104 0062 FFF7FEFF 		bl	prvCopyDataFromQueue
 3105              	.LVL260:
1677:Middlewares/Third_Party/FreeRTOS/Source/queue.c **** 
 3106              		.loc 1 1677 31 view .LVU902
ARM GAS  C:\Users\subdia\AppData\Local\Temp\ccc2GLt8.s 			page 115


1680:Middlewares/Third_Party/FreeRTOS/Source/queue.c **** 
 3107              		.loc 1 1680 5 view .LVU903
1680:Middlewares/Third_Party/FreeRTOS/Source/queue.c **** 
 3108              		.loc 1 1680 34 is_stmt 0 view .LVU904
 3109 0066 E560     		str	r5, [r4, #12]
1684:Middlewares/Third_Party/FreeRTOS/Source/queue.c **** 				{
 3110              		.loc 1 1684 5 is_stmt 1 view .LVU905
1684:Middlewares/Third_Party/FreeRTOS/Source/queue.c **** 				{
 3111              		.loc 1 1684 9 is_stmt 0 view .LVU906
 3112 0068 636A     		ldr	r3, [r4, #36]
1684:Middlewares/Third_Party/FreeRTOS/Source/queue.c **** 				{
 3113              		.loc 1 1684 7 view .LVU907
 3114 006a 23B9     		cbnz	r3, .L238
 3115              	.L225:
1698:Middlewares/Third_Party/FreeRTOS/Source/queue.c **** 				}
 3116              		.loc 1 1698 30 is_stmt 1 view .LVU908
1701:Middlewares/Third_Party/FreeRTOS/Source/queue.c **** 				return pdPASS;
 3117              		.loc 1 1701 5 view .LVU909
 3118 006c FFF7FEFF 		bl	vPortExitCritical
 3119              	.LVL261:
1702:Middlewares/Third_Party/FreeRTOS/Source/queue.c **** 			}
 3120              		.loc 1 1702 5 view .LVU910
1702:Middlewares/Third_Party/FreeRTOS/Source/queue.c **** 			}
 3121              		.loc 1 1702 12 is_stmt 0 view .LVU911
 3122 0070 0120     		movs	r0, #1
 3123              	.LVL262:
 3124              	.L216:
1702:Middlewares/Third_Party/FreeRTOS/Source/queue.c **** 			}
 3125              		.loc 1 1702 12 view .LVU912
 3126              	.LBE184:
1782:Middlewares/Third_Party/FreeRTOS/Source/queue.c **** /*-----------------------------------------------------------*/
 3127              		.loc 1 1782 1 view .LVU913
 3128 0072 04B0     		add	sp, sp, #16
 3129              	.LCFI37:
 3130              		.cfi_remember_state
 3131              		.cfi_def_cfa_offset 16
 3132              		@ sp needed
 3133 0074 70BD     		pop	{r4, r5, r6, pc}
 3134              	.LVL263:
 3135              	.L238:
 3136              	.LCFI38:
 3137              		.cfi_restore_state
 3138              	.LBB185:
1686:Middlewares/Third_Party/FreeRTOS/Source/queue.c **** 					{
 3139              		.loc 1 1686 6 is_stmt 1 view .LVU914
1686:Middlewares/Third_Party/FreeRTOS/Source/queue.c **** 					{
 3140              		.loc 1 1686 10 is_stmt 0 view .LVU915
 3141 0076 04F12400 		add	r0, r4, #36
 3142 007a FFF7FEFF 		bl	xTaskRemoveFromEventList
 3143              	.LVL264:
1686:Middlewares/Third_Party/FreeRTOS/Source/queue.c **** 					{
 3144              		.loc 1 1686 8 discriminator 1 view .LVU916
 3145 007e 0028     		cmp	r0, #0
 3146 0080 F4D0     		beq	.L225
1689:Middlewares/Third_Party/FreeRTOS/Source/queue.c **** 					}
 3147              		.loc 1 1689 7 is_stmt 1 view .LVU917
 3148 0082 4FF0E023 		mov	r3, #-536813568
ARM GAS  C:\Users\subdia\AppData\Local\Temp\ccc2GLt8.s 			page 116


 3149 0086 4FF08052 		mov	r2, #268435456
 3150 008a C3F8042D 		str	r2, [r3, #3332]
1689:Middlewares/Third_Party/FreeRTOS/Source/queue.c **** 					}
 3151              		.loc 1 1689 7 view .LVU918
 3152              		.syntax unified
 3153              	@ 1689 "Middlewares/Third_Party/FreeRTOS/Source/queue.c" 1
 3154 008e BFF34F8F 		dsb
 3155              	@ 0 "" 2
1689:Middlewares/Third_Party/FreeRTOS/Source/queue.c **** 					}
 3156              		.loc 1 1689 7 view .LVU919
 3157              	@ 1689 "Middlewares/Third_Party/FreeRTOS/Source/queue.c" 1
 3158 0092 BFF36F8F 		isb
 3159              	@ 0 "" 2
1689:Middlewares/Third_Party/FreeRTOS/Source/queue.c **** 					}
 3160              		.loc 1 1689 39 view .LVU920
 3161              		.thumb
 3162              		.syntax unified
 3163 0096 E9E7     		b	.L225
 3164              	.LVL265:
 3165              	.L241:
1710:Middlewares/Third_Party/FreeRTOS/Source/queue.c **** 					traceQUEUE_PEEK_FAILED( pxQueue );
 3166              		.loc 1 1710 6 view .LVU921
 3167 0098 FFF7FEFF 		bl	vPortExitCritical
 3168              	.LVL266:
1711:Middlewares/Third_Party/FreeRTOS/Source/queue.c **** 					return errQUEUE_EMPTY;
 3169              		.loc 1 1711 39 view .LVU922
1712:Middlewares/Third_Party/FreeRTOS/Source/queue.c **** 				}
 3170              		.loc 1 1712 6 view .LVU923
1712:Middlewares/Third_Party/FreeRTOS/Source/queue.c **** 				}
 3171              		.loc 1 1712 13 is_stmt 0 view .LVU924
 3172 009c 0020     		movs	r0, #0
 3173 009e E8E7     		b	.L216
 3174              	.L242:
1719:Middlewares/Third_Party/FreeRTOS/Source/queue.c **** 					xEntryTimeSet = pdTRUE;
 3175              		.loc 1 1719 6 is_stmt 1 view .LVU925
 3176 00a0 02A8     		add	r0, sp, #8
 3177 00a2 FFF7FEFF 		bl	vTaskInternalSetTimeOutState
 3178              	.LVL267:
1720:Middlewares/Third_Party/FreeRTOS/Source/queue.c **** 				}
 3179              		.loc 1 1720 6 view .LVU926
1720:Middlewares/Third_Party/FreeRTOS/Source/queue.c **** 				}
 3180              		.loc 1 1720 20 is_stmt 0 view .LVU927
 3181 00a6 0125     		movs	r5, #1
 3182 00a8 21E0     		b	.L228
 3183              	.LVL268:
 3184              	.L243:
1720:Middlewares/Third_Party/FreeRTOS/Source/queue.c **** 				}
 3185              		.loc 1 1720 20 view .LVU928
 3186              	.LBE185:
1735:Middlewares/Third_Party/FreeRTOS/Source/queue.c **** 
 3187              		.loc 1 1735 3 is_stmt 1 discriminator 2 view .LVU929
 3188 00aa 0023     		movs	r3, #0
 3189 00ac 84F84430 		strb	r3, [r4, #68]
 3190 00b0 29E0     		b	.L229
 3191              	.L244:
1735:Middlewares/Third_Party/FreeRTOS/Source/queue.c **** 
 3192              		.loc 1 1735 3 discriminator 5 view .LVU930
ARM GAS  C:\Users\subdia\AppData\Local\Temp\ccc2GLt8.s 			page 117


 3193 00b2 0023     		movs	r3, #0
 3194 00b4 84F84530 		strb	r3, [r4, #69]
 3195 00b8 2BE0     		b	.L230
 3196              	.L232:
1760:Middlewares/Third_Party/FreeRTOS/Source/queue.c **** 				( void ) xTaskResumeAll();
 3197              		.loc 1 1760 5 view .LVU931
 3198 00ba 2046     		mov	r0, r4
 3199 00bc FFF7FEFF 		bl	prvUnlockQueue
 3200              	.LVL269:
1761:Middlewares/Third_Party/FreeRTOS/Source/queue.c **** 			}
 3201              		.loc 1 1761 5 view .LVU932
1761:Middlewares/Third_Party/FreeRTOS/Source/queue.c **** 			}
 3202              		.loc 1 1761 14 is_stmt 0 view .LVU933
 3203 00c0 FFF7FEFF 		bl	xTaskResumeAll
 3204              	.LVL270:
 3205 00c4 09E0     		b	.L223
 3206              	.L231:
1768:Middlewares/Third_Party/FreeRTOS/Source/queue.c **** 			( void ) xTaskResumeAll();
 3207              		.loc 1 1768 4 is_stmt 1 view .LVU934
 3208 00c6 2046     		mov	r0, r4
 3209 00c8 FFF7FEFF 		bl	prvUnlockQueue
 3210              	.LVL271:
1769:Middlewares/Third_Party/FreeRTOS/Source/queue.c **** 
 3211              		.loc 1 1769 4 view .LVU935
1769:Middlewares/Third_Party/FreeRTOS/Source/queue.c **** 
 3212              		.loc 1 1769 13 is_stmt 0 view .LVU936
 3213 00cc FFF7FEFF 		bl	xTaskResumeAll
 3214              	.LVL272:
1771:Middlewares/Third_Party/FreeRTOS/Source/queue.c **** 			{
 3215              		.loc 1 1771 4 is_stmt 1 view .LVU937
1771:Middlewares/Third_Party/FreeRTOS/Source/queue.c **** 			{
 3216              		.loc 1 1771 8 is_stmt 0 view .LVU938
 3217 00d0 2046     		mov	r0, r4
 3218 00d2 FFF7FEFF 		bl	prvIsQueueEmpty
 3219              	.LVL273:
1771:Middlewares/Third_Party/FreeRTOS/Source/queue.c **** 			{
 3220              		.loc 1 1771 6 discriminator 1 view .LVU939
 3221 00d6 0028     		cmp	r0, #0
 3222 00d8 3FD1     		bne	.L239
 3223              	.LVL274:
 3224              	.L223:
1653:Middlewares/Third_Party/FreeRTOS/Source/queue.c **** 	}
 3225              		.loc 1 1653 104 is_stmt 1 view .LVU940
1661:Middlewares/Third_Party/FreeRTOS/Source/queue.c **** 	{
 3226              		.loc 1 1661 2 view .LVU941
1663:Middlewares/Third_Party/FreeRTOS/Source/queue.c **** 		{
 3227              		.loc 1 1663 3 view .LVU942
 3228 00da FFF7FEFF 		bl	vPortEnterCritical
 3229              	.LVL275:
 3230              	.LBB186:
1665:Middlewares/Third_Party/FreeRTOS/Source/queue.c **** 
 3231              		.loc 1 1665 4 view .LVU943
1665:Middlewares/Third_Party/FreeRTOS/Source/queue.c **** 
 3232              		.loc 1 1665 22 is_stmt 0 view .LVU944
 3233 00de A36B     		ldr	r3, [r4, #56]
 3234              	.LVL276:
1669:Middlewares/Third_Party/FreeRTOS/Source/queue.c **** 			{
ARM GAS  C:\Users\subdia\AppData\Local\Temp\ccc2GLt8.s 			page 118


 3235              		.loc 1 1669 4 is_stmt 1 view .LVU945
1669:Middlewares/Third_Party/FreeRTOS/Source/queue.c **** 			{
 3236              		.loc 1 1669 6 is_stmt 0 view .LVU946
 3237 00e0 002B     		cmp	r3, #0
 3238 00e2 BBD1     		bne	.L240
1706:Middlewares/Third_Party/FreeRTOS/Source/queue.c **** 				{
 3239              		.loc 1 1706 5 is_stmt 1 view .LVU947
1706:Middlewares/Third_Party/FreeRTOS/Source/queue.c **** 				{
 3240              		.loc 1 1706 22 is_stmt 0 view .LVU948
 3241 00e4 019B     		ldr	r3, [sp, #4]
 3242              	.LVL277:
1706:Middlewares/Third_Party/FreeRTOS/Source/queue.c **** 				{
 3243              		.loc 1 1706 7 view .LVU949
 3244 00e6 002B     		cmp	r3, #0
 3245 00e8 D6D0     		beq	.L241
1714:Middlewares/Third_Party/FreeRTOS/Source/queue.c **** 				{
 3246              		.loc 1 1714 10 is_stmt 1 view .LVU950
1714:Middlewares/Third_Party/FreeRTOS/Source/queue.c **** 				{
 3247              		.loc 1 1714 12 is_stmt 0 view .LVU951
 3248 00ea 002D     		cmp	r5, #0
 3249 00ec D8D0     		beq	.L242
 3250              	.LVL278:
 3251              	.L228:
1725:Middlewares/Third_Party/FreeRTOS/Source/queue.c **** 				}
 3252              		.loc 1 1725 30 is_stmt 1 view .LVU952
 3253              	.LBE186:
1729:Middlewares/Third_Party/FreeRTOS/Source/queue.c **** 
 3254              		.loc 1 1729 3 view .LVU953
 3255 00ee FFF7FEFF 		bl	vPortExitCritical
 3256              	.LVL279:
1734:Middlewares/Third_Party/FreeRTOS/Source/queue.c **** 		prvLockQueue( pxQueue );
 3257              		.loc 1 1734 3 view .LVU954
 3258 00f2 FFF7FEFF 		bl	vTaskSuspendAll
 3259              	.LVL280:
1735:Middlewares/Third_Party/FreeRTOS/Source/queue.c **** 
 3260              		.loc 1 1735 3 view .LVU955
 3261 00f6 FFF7FEFF 		bl	vPortEnterCritical
 3262              	.LVL281:
1735:Middlewares/Third_Party/FreeRTOS/Source/queue.c **** 
 3263              		.loc 1 1735 3 discriminator 1 view .LVU956
 3264 00fa 94F84430 		ldrb	r3, [r4, #68]	@ zero_extendqisi2
 3265 00fe 5BB2     		sxtb	r3, r3
 3266 0100 B3F1FF3F 		cmp	r3, #-1
 3267 0104 D1D0     		beq	.L243
 3268              	.L229:
1735:Middlewares/Third_Party/FreeRTOS/Source/queue.c **** 
 3269              		.loc 1 1735 3 discriminator 4 view .LVU957
 3270 0106 94F84530 		ldrb	r3, [r4, #69]	@ zero_extendqisi2
 3271 010a 5BB2     		sxtb	r3, r3
 3272 010c B3F1FF3F 		cmp	r3, #-1
 3273 0110 CFD0     		beq	.L244
 3274              	.L230:
1735:Middlewares/Third_Party/FreeRTOS/Source/queue.c **** 
 3275              		.loc 1 1735 3 discriminator 7 view .LVU958
 3276 0112 FFF7FEFF 		bl	vPortExitCritical
 3277              	.LVL282:
1738:Middlewares/Third_Party/FreeRTOS/Source/queue.c **** 		{
ARM GAS  C:\Users\subdia\AppData\Local\Temp\ccc2GLt8.s 			page 119


 3278              		.loc 1 1738 3 view .LVU959
1738:Middlewares/Third_Party/FreeRTOS/Source/queue.c **** 		{
 3279              		.loc 1 1738 7 is_stmt 0 view .LVU960
 3280 0116 01A9     		add	r1, sp, #4
 3281 0118 02A8     		add	r0, sp, #8
 3282 011a FFF7FEFF 		bl	xTaskCheckForTimeOut
 3283              	.LVL283:
1738:Middlewares/Third_Party/FreeRTOS/Source/queue.c **** 		{
 3284              		.loc 1 1738 5 discriminator 1 view .LVU961
 3285 011e 0028     		cmp	r0, #0
 3286 0120 D1D1     		bne	.L231
1742:Middlewares/Third_Party/FreeRTOS/Source/queue.c **** 			{
 3287              		.loc 1 1742 4 is_stmt 1 view .LVU962
1742:Middlewares/Third_Party/FreeRTOS/Source/queue.c **** 			{
 3288              		.loc 1 1742 8 is_stmt 0 view .LVU963
 3289 0122 2046     		mov	r0, r4
 3290 0124 FFF7FEFF 		bl	prvIsQueueEmpty
 3291              	.LVL284:
1742:Middlewares/Third_Party/FreeRTOS/Source/queue.c **** 			{
 3292              		.loc 1 1742 6 discriminator 1 view .LVU964
 3293 0128 0028     		cmp	r0, #0
 3294 012a C6D0     		beq	.L232
1744:Middlewares/Third_Party/FreeRTOS/Source/queue.c **** 				vTaskPlaceOnEventList( &( pxQueue->xTasksWaitingToReceive ), xTicksToWait );
 3295              		.loc 1 1744 43 is_stmt 1 view .LVU965
1745:Middlewares/Third_Party/FreeRTOS/Source/queue.c **** 				prvUnlockQueue( pxQueue );
 3296              		.loc 1 1745 5 view .LVU966
 3297 012c 0199     		ldr	r1, [sp, #4]
 3298 012e 04F12400 		add	r0, r4, #36
 3299 0132 FFF7FEFF 		bl	vTaskPlaceOnEventList
 3300              	.LVL285:
1746:Middlewares/Third_Party/FreeRTOS/Source/queue.c **** 				if( xTaskResumeAll() == pdFALSE )
 3301              		.loc 1 1746 5 view .LVU967
 3302 0136 2046     		mov	r0, r4
 3303 0138 FFF7FEFF 		bl	prvUnlockQueue
 3304              	.LVL286:
1747:Middlewares/Third_Party/FreeRTOS/Source/queue.c **** 				{
 3305              		.loc 1 1747 5 view .LVU968
1747:Middlewares/Third_Party/FreeRTOS/Source/queue.c **** 				{
 3306              		.loc 1 1747 9 is_stmt 0 view .LVU969
 3307 013c FFF7FEFF 		bl	xTaskResumeAll
 3308              	.LVL287:
1747:Middlewares/Third_Party/FreeRTOS/Source/queue.c **** 				{
 3309              		.loc 1 1747 7 discriminator 1 view .LVU970
 3310 0140 0028     		cmp	r0, #0
 3311 0142 CAD1     		bne	.L223
1749:Middlewares/Third_Party/FreeRTOS/Source/queue.c **** 				}
 3312              		.loc 1 1749 6 is_stmt 1 view .LVU971
 3313 0144 4FF0E023 		mov	r3, #-536813568
 3314 0148 4FF08052 		mov	r2, #268435456
 3315 014c C3F8042D 		str	r2, [r3, #3332]
1749:Middlewares/Third_Party/FreeRTOS/Source/queue.c **** 				}
 3316              		.loc 1 1749 6 view .LVU972
 3317              		.syntax unified
 3318              	@ 1749 "Middlewares/Third_Party/FreeRTOS/Source/queue.c" 1
 3319 0150 BFF34F8F 		dsb
 3320              	@ 0 "" 2
1749:Middlewares/Third_Party/FreeRTOS/Source/queue.c **** 				}
ARM GAS  C:\Users\subdia\AppData\Local\Temp\ccc2GLt8.s 			page 120


 3321              		.loc 1 1749 6 view .LVU973
 3322              	@ 1749 "Middlewares/Third_Party/FreeRTOS/Source/queue.c" 1
 3323 0154 BFF36F8F 		isb
 3324              	@ 0 "" 2
1749:Middlewares/Third_Party/FreeRTOS/Source/queue.c **** 				}
 3325              		.loc 1 1749 28 view .LVU974
 3326              		.thumb
 3327              		.syntax unified
 3328 0158 BFE7     		b	.L223
 3329              	.L239:
1774:Middlewares/Third_Party/FreeRTOS/Source/queue.c **** 			}
 3330              		.loc 1 1774 12 is_stmt 0 view .LVU975
 3331 015a 0020     		movs	r0, #0
 3332 015c 89E7     		b	.L216
 3333              		.cfi_endproc
 3334              	.LFE17:
 3336              		.section	.text.xQueueReceiveFromISR,"ax",%progbits
 3337              		.align	1
 3338              		.global	xQueueReceiveFromISR
 3339              		.syntax unified
 3340              		.thumb
 3341              		.thumb_func
 3343              	xQueueReceiveFromISR:
 3344              	.LVL288:
 3345              	.LFB18:
1786:Middlewares/Third_Party/FreeRTOS/Source/queue.c **** BaseType_t xReturn;
 3346              		.loc 1 1786 1 is_stmt 1 view -0
 3347              		.cfi_startproc
 3348              		@ args = 0, pretend = 0, frame = 0
 3349              		@ frame_needed = 0, uses_anonymous_args = 0
1786:Middlewares/Third_Party/FreeRTOS/Source/queue.c **** BaseType_t xReturn;
 3350              		.loc 1 1786 1 is_stmt 0 view .LVU977
 3351 0000 2DE9F843 		push	{r3, r4, r5, r6, r7, r8, r9, lr}
 3352              	.LCFI39:
 3353              		.cfi_def_cfa_offset 32
 3354              		.cfi_offset 3, -32
 3355              		.cfi_offset 4, -28
 3356              		.cfi_offset 5, -24
 3357              		.cfi_offset 6, -20
 3358              		.cfi_offset 7, -16
 3359              		.cfi_offset 8, -12
 3360              		.cfi_offset 9, -8
 3361              		.cfi_offset 14, -4
1787:Middlewares/Third_Party/FreeRTOS/Source/queue.c **** UBaseType_t uxSavedInterruptStatus;
 3362              		.loc 1 1787 1 is_stmt 1 view .LVU978
1788:Middlewares/Third_Party/FreeRTOS/Source/queue.c **** Queue_t * const pxQueue = xQueue;
 3363              		.loc 1 1788 1 view .LVU979
1789:Middlewares/Third_Party/FreeRTOS/Source/queue.c **** 
 3364              		.loc 1 1789 1 view .LVU980
 3365              	.LVL289:
1791:Middlewares/Third_Party/FreeRTOS/Source/queue.c **** 	configASSERT( !( ( pvBuffer == NULL ) && ( pxQueue->uxItemSize != ( UBaseType_t ) 0U ) ) );
 3366              		.loc 1 1791 2 view .LVU981
 3367 0004 C0B1     		cbz	r0, .L257
 3368 0006 0E46     		mov	r6, r1
 3369 0008 9046     		mov	r8, r2
 3370 000a 0446     		mov	r4, r0
1791:Middlewares/Third_Party/FreeRTOS/Source/queue.c **** 	configASSERT( !( ( pvBuffer == NULL ) && ( pxQueue->uxItemSize != ( UBaseType_t ) 0U ) ) );
ARM GAS  C:\Users\subdia\AppData\Local\Temp\ccc2GLt8.s 			page 121


 3371              		.loc 1 1791 25 view .LVU982
1792:Middlewares/Third_Party/FreeRTOS/Source/queue.c **** 
 3372              		.loc 1 1792 2 view .LVU983
 3373 000c E9B1     		cbz	r1, .L258
 3374              	.L248:
1792:Middlewares/Third_Party/FreeRTOS/Source/queue.c **** 
 3375              		.loc 1 1792 92 view .LVU984
1808:Middlewares/Third_Party/FreeRTOS/Source/queue.c **** 
 3376              		.loc 1 1808 2 view .LVU985
 3377 000e FFF7FEFF 		bl	vPortValidateInterruptPriority
 3378              	.LVL290:
1810:Middlewares/Third_Party/FreeRTOS/Source/queue.c **** 	{
 3379              		.loc 1 1810 2 view .LVU986
 3380              	.LBB187:
 3381              	.LBI187:
 209:Middlewares/Third_Party/FreeRTOS/Source/portable/GCC/ARM_CM3/portmacro.h **** {
 3382              		.loc 2 209 34 view .LVU987
 3383              	.LBB188:
 211:Middlewares/Third_Party/FreeRTOS/Source/portable/GCC/ARM_CM3/portmacro.h **** 
 3384              		.loc 2 211 1 view .LVU988
 213:Middlewares/Third_Party/FreeRTOS/Source/portable/GCC/ARM_CM3/portmacro.h **** 	(
 3385              		.loc 2 213 2 view .LVU989
 3386              		.syntax unified
 3387              	@ 213 "Middlewares/Third_Party/FreeRTOS/Source/portable/GCC/ARM_CM3/portmacro.h" 1
 3388 0012 EFF31183 			mrs r3, basepri											
 3389 0016 4FF05002 		mov r2, #80												
 3390 001a 82F31188 		msr basepri, r2											
 3391 001e BFF36F8F 		isb														
 3392 0022 BFF34F8F 		dsb														
 3393              	
 3394              	@ 0 "" 2
 3395              		.thumb
 3396              		.syntax unified
 3397 0026 1F46     		mov	r7, r3
 225:Middlewares/Third_Party/FreeRTOS/Source/portable/GCC/ARM_CM3/portmacro.h **** }
 3398              		.loc 2 225 2 view .LVU990
 3399              	.LVL291:
 225:Middlewares/Third_Party/FreeRTOS/Source/portable/GCC/ARM_CM3/portmacro.h **** }
 3400              		.loc 2 225 2 is_stmt 0 view .LVU991
 3401              	.LBE188:
 3402              	.LBE187:
 3403              	.LBB189:
1812:Middlewares/Third_Party/FreeRTOS/Source/queue.c **** 
 3404              		.loc 1 1812 3 is_stmt 1 view .LVU992
1812:Middlewares/Third_Party/FreeRTOS/Source/queue.c **** 
 3405              		.loc 1 1812 21 is_stmt 0 view .LVU993
 3406 0028 A36B     		ldr	r3, [r4, #56]
 3407              	.LVL292:
1812:Middlewares/Third_Party/FreeRTOS/Source/queue.c **** 
 3408              		.loc 1 1812 21 view .LVU994
 3409 002a 9946     		mov	r9, r3
 3410              	.LVL293:
1815:Middlewares/Third_Party/FreeRTOS/Source/queue.c **** 		{
 3411              		.loc 1 1815 3 is_stmt 1 view .LVU995
1815:Middlewares/Third_Party/FreeRTOS/Source/queue.c **** 		{
 3412              		.loc 1 1815 5 is_stmt 0 view .LVU996
 3413 002c CBB9     		cbnz	r3, .L259
ARM GAS  C:\Users\subdia\AppData\Local\Temp\ccc2GLt8.s 			page 122


1866:Middlewares/Third_Party/FreeRTOS/Source/queue.c **** 			traceQUEUE_RECEIVE_FROM_ISR_FAILED( pxQueue );
 3414              		.loc 1 1866 12 view .LVU997
 3415 002e 1846     		mov	r0, r3
 3416              	.LVL294:
 3417              	.L250:
1867:Middlewares/Third_Party/FreeRTOS/Source/queue.c **** 		}
 3418              		.loc 1 1867 49 is_stmt 1 view .LVU998
 3419              	.LBE189:
1870:Middlewares/Third_Party/FreeRTOS/Source/queue.c **** 
 3420              		.loc 1 1870 2 view .LVU999
 3421              	.LBB191:
 3422              	.LBI191:
 229:Middlewares/Third_Party/FreeRTOS/Source/portable/GCC/ARM_CM3/portmacro.h **** {
 3423              		.loc 2 229 30 view .LVU1000
 3424              	.LBB192:
 3425              		.loc 2 231 2 view .LVU1001
 3426              		.syntax unified
 3427              	@ 231 "Middlewares/Third_Party/FreeRTOS/Source/portable/GCC/ARM_CM3/portmacro.h" 1
 3428 0030 87F31188 			msr basepri, r7	
 3429              	@ 0 "" 2
 3430              		.thumb
 3431              		.syntax unified
 3432              	.LBE192:
 3433              	.LBE191:
1872:Middlewares/Third_Party/FreeRTOS/Source/queue.c **** }
 3434              		.loc 1 1872 2 view .LVU1002
1873:Middlewares/Third_Party/FreeRTOS/Source/queue.c **** /*-----------------------------------------------------------*/
 3435              		.loc 1 1873 1 is_stmt 0 view .LVU1003
 3436 0034 BDE8F883 		pop	{r3, r4, r5, r6, r7, r8, r9, pc}
 3437              	.LVL295:
 3438              	.L257:
1791:Middlewares/Third_Party/FreeRTOS/Source/queue.c **** 	configASSERT( !( ( pvBuffer == NULL ) && ( pxQueue->uxItemSize != ( UBaseType_t ) 0U ) ) );
 3439              		.loc 1 1791 2 is_stmt 1 discriminator 1 view .LVU1004
 3440              	.LBB193:
 3441              	.LBI193:
 193:Middlewares/Third_Party/FreeRTOS/Source/portable/GCC/ARM_CM3/portmacro.h **** {
 3442              		.loc 2 193 30 view .LVU1005
 3443              	.LBB194:
 195:Middlewares/Third_Party/FreeRTOS/Source/portable/GCC/ARM_CM3/portmacro.h **** 
 3444              		.loc 2 195 1 view .LVU1006
 197:Middlewares/Third_Party/FreeRTOS/Source/portable/GCC/ARM_CM3/portmacro.h **** 	(
 3445              		.loc 2 197 2 view .LVU1007
 3446              		.syntax unified
 3447              	@ 197 "Middlewares/Third_Party/FreeRTOS/Source/portable/GCC/ARM_CM3/portmacro.h" 1
 3448 0038 4FF05003 			mov r3, #80												
 3449 003c 83F31188 		msr basepri, r3											
 3450 0040 BFF36F8F 		isb														
 3451 0044 BFF34F8F 		dsb														
 3452              	
 3453              	@ 0 "" 2
 3454              		.thumb
 3455              		.syntax unified
 3456              	.L247:
 3457              	.LBE194:
 3458              	.LBE193:
1791:Middlewares/Third_Party/FreeRTOS/Source/queue.c **** 	configASSERT( !( ( pvBuffer == NULL ) && ( pxQueue->uxItemSize != ( UBaseType_t ) 0U ) ) );
 3459              		.loc 1 1791 2 view .LVU1008
ARM GAS  C:\Users\subdia\AppData\Local\Temp\ccc2GLt8.s 			page 123


 3460 0048 FEE7     		b	.L247
 3461              	.L258:
1792:Middlewares/Third_Party/FreeRTOS/Source/queue.c **** 
 3462              		.loc 1 1792 2 is_stmt 0 discriminator 2 view .LVU1009
 3463 004a 036C     		ldr	r3, [r0, #64]
 3464 004c 002B     		cmp	r3, #0
 3465 004e DED0     		beq	.L248
1792:Middlewares/Third_Party/FreeRTOS/Source/queue.c **** 
 3466              		.loc 1 1792 2 is_stmt 1 discriminator 7 view .LVU1010
 3467              	.LBB195:
 3468              	.LBI195:
 193:Middlewares/Third_Party/FreeRTOS/Source/portable/GCC/ARM_CM3/portmacro.h **** {
 3469              		.loc 2 193 30 view .LVU1011
 3470              	.LBB196:
 195:Middlewares/Third_Party/FreeRTOS/Source/portable/GCC/ARM_CM3/portmacro.h **** 
 3471              		.loc 2 195 1 view .LVU1012
 197:Middlewares/Third_Party/FreeRTOS/Source/portable/GCC/ARM_CM3/portmacro.h **** 	(
 3472              		.loc 2 197 2 view .LVU1013
 3473              		.syntax unified
 3474              	@ 197 "Middlewares/Third_Party/FreeRTOS/Source/portable/GCC/ARM_CM3/portmacro.h" 1
 3475 0050 4FF05003 			mov r3, #80												
 3476 0054 83F31188 		msr basepri, r3											
 3477 0058 BFF36F8F 		isb														
 3478 005c BFF34F8F 		dsb														
 3479              	
 3480              	@ 0 "" 2
 3481              		.thumb
 3482              		.syntax unified
 3483              	.L249:
 3484              	.LBE196:
 3485              	.LBE195:
1792:Middlewares/Third_Party/FreeRTOS/Source/queue.c **** 
 3486              		.loc 1 1792 2 view .LVU1014
 3487 0060 FEE7     		b	.L249
 3488              	.LVL296:
 3489              	.L259:
 3490              	.LBB197:
 3491              	.LBB190:
1817:Middlewares/Third_Party/FreeRTOS/Source/queue.c **** 
 3492              		.loc 1 1817 4 view .LVU1015
1817:Middlewares/Third_Party/FreeRTOS/Source/queue.c **** 
 3493              		.loc 1 1817 17 is_stmt 0 view .LVU1016
 3494 0062 94F84430 		ldrb	r3, [r4, #68]	@ zero_extendqisi2
 3495              	.LVL297:
1817:Middlewares/Third_Party/FreeRTOS/Source/queue.c **** 
 3496              		.loc 1 1817 17 view .LVU1017
 3497 0066 5DB2     		sxtb	r5, r3
 3498              	.LVL298:
1819:Middlewares/Third_Party/FreeRTOS/Source/queue.c **** 
 3499              		.loc 1 1819 42 is_stmt 1 view .LVU1018
1821:Middlewares/Third_Party/FreeRTOS/Source/queue.c **** 			pxQueue->uxMessagesWaiting = uxMessagesWaiting - ( UBaseType_t ) 1;
 3500              		.loc 1 1821 4 view .LVU1019
 3501 0068 3146     		mov	r1, r6
 3502 006a 2046     		mov	r0, r4
 3503 006c FFF7FEFF 		bl	prvCopyDataFromQueue
 3504              	.LVL299:
1822:Middlewares/Third_Party/FreeRTOS/Source/queue.c **** 
ARM GAS  C:\Users\subdia\AppData\Local\Temp\ccc2GLt8.s 			page 124


 3505              		.loc 1 1822 4 view .LVU1020
1822:Middlewares/Third_Party/FreeRTOS/Source/queue.c **** 
 3506              		.loc 1 1822 51 is_stmt 0 view .LVU1021
 3507 0070 09F1FF33 		add	r3, r9, #-1
1822:Middlewares/Third_Party/FreeRTOS/Source/queue.c **** 
 3508              		.loc 1 1822 31 view .LVU1022
 3509 0074 A363     		str	r3, [r4, #56]
1828:Middlewares/Third_Party/FreeRTOS/Source/queue.c **** 			{
 3510              		.loc 1 1828 4 is_stmt 1 view .LVU1023
1828:Middlewares/Third_Party/FreeRTOS/Source/queue.c **** 			{
 3511              		.loc 1 1828 6 is_stmt 0 view .LVU1024
 3512 0076 B5F1FF3F 		cmp	r5, #-1
 3513 007a 06D0     		beq	.L260
1859:Middlewares/Third_Party/FreeRTOS/Source/queue.c **** 			}
 3514              		.loc 1 1859 5 is_stmt 1 view .LVU1025
1859:Middlewares/Third_Party/FreeRTOS/Source/queue.c **** 			}
 3515              		.loc 1 1859 45 is_stmt 0 view .LVU1026
 3516 007c 2B46     		mov	r3, r5
 3517 007e 0133     		adds	r3, r3, #1
1859:Middlewares/Third_Party/FreeRTOS/Source/queue.c **** 			}
 3518              		.loc 1 1859 24 view .LVU1027
 3519 0080 5BB2     		sxtb	r3, r3
1859:Middlewares/Third_Party/FreeRTOS/Source/queue.c **** 			}
 3520              		.loc 1 1859 22 view .LVU1028
 3521 0082 84F84430 		strb	r3, [r4, #68]
1862:Middlewares/Third_Party/FreeRTOS/Source/queue.c **** 		}
 3522              		.loc 1 1862 12 view .LVU1029
 3523 0086 0120     		movs	r0, #1
 3524 0088 D2E7     		b	.L250
 3525              	.L260:
1830:Middlewares/Third_Party/FreeRTOS/Source/queue.c **** 				{
 3526              		.loc 1 1830 5 is_stmt 1 view .LVU1030
1830:Middlewares/Third_Party/FreeRTOS/Source/queue.c **** 				{
 3527              		.loc 1 1830 9 is_stmt 0 view .LVU1031
 3528 008a 2369     		ldr	r3, [r4, #16]
1830:Middlewares/Third_Party/FreeRTOS/Source/queue.c **** 				{
 3529              		.loc 1 1830 7 view .LVU1032
 3530 008c 0BB9     		cbnz	r3, .L261
1862:Middlewares/Third_Party/FreeRTOS/Source/queue.c **** 		}
 3531              		.loc 1 1862 12 view .LVU1033
 3532 008e 0120     		movs	r0, #1
 3533 0090 CEE7     		b	.L250
 3534              	.L261:
1832:Middlewares/Third_Party/FreeRTOS/Source/queue.c **** 					{
 3535              		.loc 1 1832 6 is_stmt 1 view .LVU1034
1832:Middlewares/Third_Party/FreeRTOS/Source/queue.c **** 					{
 3536              		.loc 1 1832 10 is_stmt 0 view .LVU1035
 3537 0092 04F11000 		add	r0, r4, #16
 3538 0096 FFF7FEFF 		bl	xTaskRemoveFromEventList
 3539              	.LVL300:
1832:Middlewares/Third_Party/FreeRTOS/Source/queue.c **** 					{
 3540              		.loc 1 1832 8 discriminator 1 view .LVU1036
 3541 009a 28B1     		cbz	r0, .L254
1836:Middlewares/Third_Party/FreeRTOS/Source/queue.c **** 						{
 3542              		.loc 1 1836 7 is_stmt 1 view .LVU1037
1836:Middlewares/Third_Party/FreeRTOS/Source/queue.c **** 						{
 3543              		.loc 1 1836 9 is_stmt 0 view .LVU1038
ARM GAS  C:\Users\subdia\AppData\Local\Temp\ccc2GLt8.s 			page 125


 3544 009c 4346     		mov	r3, r8
 3545 009e 2BB1     		cbz	r3, .L255
 3546              	.LVL301:
1838:Middlewares/Third_Party/FreeRTOS/Source/queue.c **** 						}
 3547              		.loc 1 1838 8 is_stmt 1 view .LVU1039
1838:Middlewares/Third_Party/FreeRTOS/Source/queue.c **** 						}
 3548              		.loc 1 1838 35 is_stmt 0 view .LVU1040
 3549 00a0 0120     		movs	r0, #1
 3550 00a2 C8F80000 		str	r0, [r8]
 3551 00a6 C3E7     		b	.L250
 3552              	.LVL302:
 3553              	.L254:
1862:Middlewares/Third_Party/FreeRTOS/Source/queue.c **** 		}
 3554              		.loc 1 1862 12 view .LVU1041
 3555 00a8 0120     		movs	r0, #1
 3556 00aa C1E7     		b	.L250
 3557              	.LVL303:
 3558              	.L255:
1862:Middlewares/Third_Party/FreeRTOS/Source/queue.c **** 		}
 3559              		.loc 1 1862 12 view .LVU1042
 3560 00ac 0120     		movs	r0, #1
 3561 00ae BFE7     		b	.L250
 3562              	.LBE190:
 3563              	.LBE197:
 3564              		.cfi_endproc
 3565              	.LFE18:
 3567              		.section	.text.xQueuePeekFromISR,"ax",%progbits
 3568              		.align	1
 3569              		.global	xQueuePeekFromISR
 3570              		.syntax unified
 3571              		.thumb
 3572              		.thumb_func
 3574              	xQueuePeekFromISR:
 3575              	.LVL304:
 3576              	.LFB19:
1877:Middlewares/Third_Party/FreeRTOS/Source/queue.c **** BaseType_t xReturn;
 3577              		.loc 1 1877 1 is_stmt 1 view -0
 3578              		.cfi_startproc
 3579              		@ args = 0, pretend = 0, frame = 0
 3580              		@ frame_needed = 0, uses_anonymous_args = 0
1877:Middlewares/Third_Party/FreeRTOS/Source/queue.c **** BaseType_t xReturn;
 3581              		.loc 1 1877 1 is_stmt 0 view .LVU1044
 3582 0000 F8B5     		push	{r3, r4, r5, r6, r7, lr}
 3583              	.LCFI40:
 3584              		.cfi_def_cfa_offset 24
 3585              		.cfi_offset 3, -24
 3586              		.cfi_offset 4, -20
 3587              		.cfi_offset 5, -16
 3588              		.cfi_offset 6, -12
 3589              		.cfi_offset 7, -8
 3590              		.cfi_offset 14, -4
1878:Middlewares/Third_Party/FreeRTOS/Source/queue.c **** UBaseType_t uxSavedInterruptStatus;
 3591              		.loc 1 1878 1 is_stmt 1 view .LVU1045
1879:Middlewares/Third_Party/FreeRTOS/Source/queue.c **** int8_t *pcOriginalReadPosition;
 3592              		.loc 1 1879 1 view .LVU1046
1880:Middlewares/Third_Party/FreeRTOS/Source/queue.c **** Queue_t * const pxQueue = xQueue;
 3593              		.loc 1 1880 1 view .LVU1047
ARM GAS  C:\Users\subdia\AppData\Local\Temp\ccc2GLt8.s 			page 126


1881:Middlewares/Third_Party/FreeRTOS/Source/queue.c **** 
 3594              		.loc 1 1881 1 view .LVU1048
 3595              	.LVL305:
1883:Middlewares/Third_Party/FreeRTOS/Source/queue.c **** 	configASSERT( !( ( pvBuffer == NULL ) && ( pxQueue->uxItemSize != ( UBaseType_t ) 0U ) ) );
 3596              		.loc 1 1883 2 view .LVU1049
 3597 0002 68B1     		cbz	r0, .L272
 3598 0004 0E46     		mov	r6, r1
 3599 0006 0446     		mov	r4, r0
1883:Middlewares/Third_Party/FreeRTOS/Source/queue.c **** 	configASSERT( !( ( pvBuffer == NULL ) && ( pxQueue->uxItemSize != ( UBaseType_t ) 0U ) ) );
 3600              		.loc 1 1883 25 view .LVU1050
1884:Middlewares/Third_Party/FreeRTOS/Source/queue.c **** 	configASSERT( pxQueue->uxItemSize != 0 ); /* Can't peek a semaphore. */
 3601              		.loc 1 1884 2 view .LVU1051
 3602 0008 99B1     		cbz	r1, .L273
 3603              	.L265:
1884:Middlewares/Third_Party/FreeRTOS/Source/queue.c **** 	configASSERT( pxQueue->uxItemSize != 0 ); /* Can't peek a semaphore. */
 3604              		.loc 1 1884 92 view .LVU1052
1885:Middlewares/Third_Party/FreeRTOS/Source/queue.c **** 
 3605              		.loc 1 1885 2 view .LVU1053
 3606 000a 236C     		ldr	r3, [r4, #64]
 3607 000c EBB9     		cbnz	r3, .L267
1885:Middlewares/Third_Party/FreeRTOS/Source/queue.c **** 
 3608              		.loc 1 1885 2 discriminator 1 view .LVU1054
 3609              	.LBB198:
 3610              	.LBI198:
 193:Middlewares/Third_Party/FreeRTOS/Source/portable/GCC/ARM_CM3/portmacro.h **** {
 3611              		.loc 2 193 30 view .LVU1055
 3612              	.LBB199:
 195:Middlewares/Third_Party/FreeRTOS/Source/portable/GCC/ARM_CM3/portmacro.h **** 
 3613              		.loc 2 195 1 view .LVU1056
 197:Middlewares/Third_Party/FreeRTOS/Source/portable/GCC/ARM_CM3/portmacro.h **** 	(
 3614              		.loc 2 197 2 view .LVU1057
 3615              		.syntax unified
 3616              	@ 197 "Middlewares/Third_Party/FreeRTOS/Source/portable/GCC/ARM_CM3/portmacro.h" 1
 3617 000e 4FF05003 			mov r3, #80												
 3618 0012 83F31188 		msr basepri, r3											
 3619 0016 BFF36F8F 		isb														
 3620 001a BFF34F8F 		dsb														
 3621              	
 3622              	@ 0 "" 2
 3623              		.thumb
 3624              		.syntax unified
 3625              	.L268:
 3626              	.LBE199:
 3627              	.LBE198:
1885:Middlewares/Third_Party/FreeRTOS/Source/queue.c **** 
 3628              		.loc 1 1885 2 view .LVU1058
 3629 001e FEE7     		b	.L268
 3630              	.L272:
1883:Middlewares/Third_Party/FreeRTOS/Source/queue.c **** 	configASSERT( !( ( pvBuffer == NULL ) && ( pxQueue->uxItemSize != ( UBaseType_t ) 0U ) ) );
 3631              		.loc 1 1883 2 discriminator 1 view .LVU1059
 3632              	.LBB200:
 3633              	.LBI200:
 193:Middlewares/Third_Party/FreeRTOS/Source/portable/GCC/ARM_CM3/portmacro.h **** {
 3634              		.loc 2 193 30 view .LVU1060
 3635              	.LBB201:
 195:Middlewares/Third_Party/FreeRTOS/Source/portable/GCC/ARM_CM3/portmacro.h **** 
 3636              		.loc 2 195 1 view .LVU1061
ARM GAS  C:\Users\subdia\AppData\Local\Temp\ccc2GLt8.s 			page 127


 197:Middlewares/Third_Party/FreeRTOS/Source/portable/GCC/ARM_CM3/portmacro.h **** 	(
 3637              		.loc 2 197 2 view .LVU1062
 3638              		.syntax unified
 3639              	@ 197 "Middlewares/Third_Party/FreeRTOS/Source/portable/GCC/ARM_CM3/portmacro.h" 1
 3640 0020 4FF05003 			mov r3, #80												
 3641 0024 83F31188 		msr basepri, r3											
 3642 0028 BFF36F8F 		isb														
 3643 002c BFF34F8F 		dsb														
 3644              	
 3645              	@ 0 "" 2
 3646              		.thumb
 3647              		.syntax unified
 3648              	.L264:
 3649              	.LBE201:
 3650              	.LBE200:
1883:Middlewares/Third_Party/FreeRTOS/Source/queue.c **** 	configASSERT( !( ( pvBuffer == NULL ) && ( pxQueue->uxItemSize != ( UBaseType_t ) 0U ) ) );
 3651              		.loc 1 1883 2 view .LVU1063
 3652 0030 FEE7     		b	.L264
 3653              	.L273:
1884:Middlewares/Third_Party/FreeRTOS/Source/queue.c **** 	configASSERT( pxQueue->uxItemSize != 0 ); /* Can't peek a semaphore. */
 3654              		.loc 1 1884 2 is_stmt 0 discriminator 2 view .LVU1064
 3655 0032 036C     		ldr	r3, [r0, #64]
 3656 0034 002B     		cmp	r3, #0
 3657 0036 E8D0     		beq	.L265
1884:Middlewares/Third_Party/FreeRTOS/Source/queue.c **** 	configASSERT( pxQueue->uxItemSize != 0 ); /* Can't peek a semaphore. */
 3658              		.loc 1 1884 2 is_stmt 1 discriminator 7 view .LVU1065
 3659              	.LBB202:
 3660              	.LBI202:
 193:Middlewares/Third_Party/FreeRTOS/Source/portable/GCC/ARM_CM3/portmacro.h **** {
 3661              		.loc 2 193 30 view .LVU1066
 3662              	.LBB203:
 195:Middlewares/Third_Party/FreeRTOS/Source/portable/GCC/ARM_CM3/portmacro.h **** 
 3663              		.loc 2 195 1 view .LVU1067
 197:Middlewares/Third_Party/FreeRTOS/Source/portable/GCC/ARM_CM3/portmacro.h **** 	(
 3664              		.loc 2 197 2 view .LVU1068
 3665              		.syntax unified
 3666              	@ 197 "Middlewares/Third_Party/FreeRTOS/Source/portable/GCC/ARM_CM3/portmacro.h" 1
 3667 0038 4FF05003 			mov r3, #80												
 3668 003c 83F31188 		msr basepri, r3											
 3669 0040 BFF36F8F 		isb														
 3670 0044 BFF34F8F 		dsb														
 3671              	
 3672              	@ 0 "" 2
 3673              		.thumb
 3674              		.syntax unified
 3675              	.L266:
 3676              	.LBE203:
 3677              	.LBE202:
1884:Middlewares/Third_Party/FreeRTOS/Source/queue.c **** 	configASSERT( pxQueue->uxItemSize != 0 ); /* Can't peek a semaphore. */
 3678              		.loc 1 1884 2 view .LVU1069
 3679 0048 FEE7     		b	.L266
 3680              	.L267:
1885:Middlewares/Third_Party/FreeRTOS/Source/queue.c **** 
 3681              		.loc 1 1885 42 view .LVU1070
1901:Middlewares/Third_Party/FreeRTOS/Source/queue.c **** 
 3682              		.loc 1 1901 2 view .LVU1071
 3683 004a FFF7FEFF 		bl	vPortValidateInterruptPriority
ARM GAS  C:\Users\subdia\AppData\Local\Temp\ccc2GLt8.s 			page 128


 3684              	.LVL306:
1903:Middlewares/Third_Party/FreeRTOS/Source/queue.c **** 	{
 3685              		.loc 1 1903 2 view .LVU1072
 3686              	.LBB204:
 3687              	.LBI204:
 209:Middlewares/Third_Party/FreeRTOS/Source/portable/GCC/ARM_CM3/portmacro.h **** {
 3688              		.loc 2 209 34 view .LVU1073
 3689              	.LBB205:
 211:Middlewares/Third_Party/FreeRTOS/Source/portable/GCC/ARM_CM3/portmacro.h **** 
 3690              		.loc 2 211 1 view .LVU1074
 213:Middlewares/Third_Party/FreeRTOS/Source/portable/GCC/ARM_CM3/portmacro.h **** 	(
 3691              		.loc 2 213 2 view .LVU1075
 3692              		.syntax unified
 3693              	@ 213 "Middlewares/Third_Party/FreeRTOS/Source/portable/GCC/ARM_CM3/portmacro.h" 1
 3694 004e EFF31183 			mrs r3, basepri											
 3695 0052 4FF05002 		mov r2, #80												
 3696 0056 82F31188 		msr basepri, r2											
 3697 005a BFF36F8F 		isb														
 3698 005e BFF34F8F 		dsb														
 3699              	
 3700              	@ 0 "" 2
 3701              		.thumb
 3702              		.syntax unified
 3703 0062 1F46     		mov	r7, r3
 225:Middlewares/Third_Party/FreeRTOS/Source/portable/GCC/ARM_CM3/portmacro.h **** }
 3704              		.loc 2 225 2 view .LVU1076
 3705              	.LVL307:
 225:Middlewares/Third_Party/FreeRTOS/Source/portable/GCC/ARM_CM3/portmacro.h **** }
 3706              		.loc 2 225 2 is_stmt 0 view .LVU1077
 3707              	.LBE205:
 3708              	.LBE204:
1906:Middlewares/Third_Party/FreeRTOS/Source/queue.c **** 		{
 3709              		.loc 1 1906 3 is_stmt 1 view .LVU1078
1906:Middlewares/Third_Party/FreeRTOS/Source/queue.c **** 		{
 3710              		.loc 1 1906 14 is_stmt 0 view .LVU1079
 3711 0064 A36B     		ldr	r3, [r4, #56]
 3712              	.LVL308:
1906:Middlewares/Third_Party/FreeRTOS/Source/queue.c **** 		{
 3713              		.loc 1 1906 5 view .LVU1080
 3714 0066 1BB9     		cbnz	r3, .L274
1920:Middlewares/Third_Party/FreeRTOS/Source/queue.c **** 			traceQUEUE_PEEK_FROM_ISR_FAILED( pxQueue );
 3715              		.loc 1 1920 12 view .LVU1081
 3716 0068 1846     		mov	r0, r3
 3717              	.L269:
 3718              	.LVL309:
1921:Middlewares/Third_Party/FreeRTOS/Source/queue.c **** 		}
 3719              		.loc 1 1921 46 is_stmt 1 view .LVU1082
1924:Middlewares/Third_Party/FreeRTOS/Source/queue.c **** 
 3720              		.loc 1 1924 2 view .LVU1083
 3721              	.LBB206:
 3722              	.LBI206:
 229:Middlewares/Third_Party/FreeRTOS/Source/portable/GCC/ARM_CM3/portmacro.h **** {
 3723              		.loc 2 229 30 view .LVU1084
 3724              	.LBB207:
 3725              		.loc 2 231 2 view .LVU1085
 3726              		.syntax unified
 3727              	@ 231 "Middlewares/Third_Party/FreeRTOS/Source/portable/GCC/ARM_CM3/portmacro.h" 1
ARM GAS  C:\Users\subdia\AppData\Local\Temp\ccc2GLt8.s 			page 129


 3728 006a 87F31188 			msr basepri, r7	
 3729              	@ 0 "" 2
 3730              		.thumb
 3731              		.syntax unified
 3732              	.LBE207:
 3733              	.LBE206:
1926:Middlewares/Third_Party/FreeRTOS/Source/queue.c **** }
 3734              		.loc 1 1926 2 view .LVU1086
1927:Middlewares/Third_Party/FreeRTOS/Source/queue.c **** /*-----------------------------------------------------------*/
 3735              		.loc 1 1927 1 is_stmt 0 view .LVU1087
 3736 006e F8BD     		pop	{r3, r4, r5, r6, r7, pc}
 3737              	.LVL310:
 3738              	.L274:
1908:Middlewares/Third_Party/FreeRTOS/Source/queue.c **** 
 3739              		.loc 1 1908 39 is_stmt 1 view .LVU1088
1912:Middlewares/Third_Party/FreeRTOS/Source/queue.c **** 			prvCopyDataFromQueue( pxQueue, pvBuffer );
 3740              		.loc 1 1912 4 view .LVU1089
1912:Middlewares/Third_Party/FreeRTOS/Source/queue.c **** 			prvCopyDataFromQueue( pxQueue, pvBuffer );
 3741              		.loc 1 1912 27 is_stmt 0 view .LVU1090
 3742 0070 E368     		ldr	r3, [r4, #12]
 3743 0072 1D46     		mov	r5, r3
 3744              	.LVL311:
1913:Middlewares/Third_Party/FreeRTOS/Source/queue.c **** 			pxQueue->u.xQueue.pcReadFrom = pcOriginalReadPosition;
 3745              		.loc 1 1913 4 is_stmt 1 view .LVU1091
 3746 0074 3146     		mov	r1, r6
 3747 0076 2046     		mov	r0, r4
 3748 0078 FFF7FEFF 		bl	prvCopyDataFromQueue
 3749              	.LVL312:
1914:Middlewares/Third_Party/FreeRTOS/Source/queue.c **** 
 3750              		.loc 1 1914 4 view .LVU1092
1914:Middlewares/Third_Party/FreeRTOS/Source/queue.c **** 
 3751              		.loc 1 1914 33 is_stmt 0 view .LVU1093
 3752 007c E560     		str	r5, [r4, #12]
1916:Middlewares/Third_Party/FreeRTOS/Source/queue.c **** 		}
 3753              		.loc 1 1916 4 is_stmt 1 view .LVU1094
 3754              	.LVL313:
1916:Middlewares/Third_Party/FreeRTOS/Source/queue.c **** 		}
 3755              		.loc 1 1916 12 is_stmt 0 view .LVU1095
 3756 007e 0120     		movs	r0, #1
 3757 0080 F3E7     		b	.L269
 3758              		.cfi_endproc
 3759              	.LFE19:
 3761              		.section	.text.uxQueueMessagesWaiting,"ax",%progbits
 3762              		.align	1
 3763              		.global	uxQueueMessagesWaiting
 3764              		.syntax unified
 3765              		.thumb
 3766              		.thumb_func
 3768              	uxQueueMessagesWaiting:
 3769              	.LVL314:
 3770              	.LFB20:
1931:Middlewares/Third_Party/FreeRTOS/Source/queue.c **** UBaseType_t uxReturn;
 3771              		.loc 1 1931 1 is_stmt 1 view -0
 3772              		.cfi_startproc
 3773              		@ args = 0, pretend = 0, frame = 0
 3774              		@ frame_needed = 0, uses_anonymous_args = 0
1932:Middlewares/Third_Party/FreeRTOS/Source/queue.c **** 
ARM GAS  C:\Users\subdia\AppData\Local\Temp\ccc2GLt8.s 			page 130


 3775              		.loc 1 1932 1 view .LVU1097
1934:Middlewares/Third_Party/FreeRTOS/Source/queue.c **** 
 3776              		.loc 1 1934 2 view .LVU1098
 3777 0000 48B1     		cbz	r0, .L280
1931:Middlewares/Third_Party/FreeRTOS/Source/queue.c **** UBaseType_t uxReturn;
 3778              		.loc 1 1931 1 is_stmt 0 view .LVU1099
 3779 0002 10B5     		push	{r4, lr}
 3780              	.LCFI41:
 3781              		.cfi_def_cfa_offset 8
 3782              		.cfi_offset 4, -8
 3783              		.cfi_offset 14, -4
 3784 0004 0446     		mov	r4, r0
1934:Middlewares/Third_Party/FreeRTOS/Source/queue.c **** 
 3785              		.loc 1 1934 24 is_stmt 1 view .LVU1100
1936:Middlewares/Third_Party/FreeRTOS/Source/queue.c **** 	{
 3786              		.loc 1 1936 2 view .LVU1101
 3787 0006 FFF7FEFF 		bl	vPortEnterCritical
 3788              	.LVL315:
1938:Middlewares/Third_Party/FreeRTOS/Source/queue.c **** 	}
 3789              		.loc 1 1938 3 view .LVU1102
1938:Middlewares/Third_Party/FreeRTOS/Source/queue.c **** 	}
 3790              		.loc 1 1938 12 is_stmt 0 view .LVU1103
 3791 000a A36B     		ldr	r3, [r4, #56]
 3792 000c 1C46     		mov	r4, r3
 3793              	.LVL316:
1940:Middlewares/Third_Party/FreeRTOS/Source/queue.c **** 
 3794              		.loc 1 1940 2 is_stmt 1 view .LVU1104
 3795 000e FFF7FEFF 		bl	vPortExitCritical
 3796              	.LVL317:
1942:Middlewares/Third_Party/FreeRTOS/Source/queue.c **** } /*lint !e818 Pointer cannot be declared const as xQueue is a typedef not pointer. */
 3797              		.loc 1 1942 2 view .LVU1105
1943:Middlewares/Third_Party/FreeRTOS/Source/queue.c **** /*-----------------------------------------------------------*/
 3798              		.loc 1 1943 1 is_stmt 0 view .LVU1106
 3799 0012 2046     		mov	r0, r4
 3800 0014 10BD     		pop	{r4, pc}
 3801              	.LVL318:
 3802              	.L280:
 3803              	.LCFI42:
 3804              		.cfi_def_cfa_offset 0
 3805              		.cfi_restore 4
 3806              		.cfi_restore 14
1934:Middlewares/Third_Party/FreeRTOS/Source/queue.c **** 
 3807              		.loc 1 1934 2 is_stmt 1 discriminator 1 view .LVU1107
 3808              	.LBB208:
 3809              	.LBI208:
 193:Middlewares/Third_Party/FreeRTOS/Source/portable/GCC/ARM_CM3/portmacro.h **** {
 3810              		.loc 2 193 30 view .LVU1108
 3811              	.LBB209:
 195:Middlewares/Third_Party/FreeRTOS/Source/portable/GCC/ARM_CM3/portmacro.h **** 
 3812              		.loc 2 195 1 view .LVU1109
 197:Middlewares/Third_Party/FreeRTOS/Source/portable/GCC/ARM_CM3/portmacro.h **** 	(
 3813              		.loc 2 197 2 view .LVU1110
 3814              		.syntax unified
 3815              	@ 197 "Middlewares/Third_Party/FreeRTOS/Source/portable/GCC/ARM_CM3/portmacro.h" 1
 3816 0016 4FF05003 			mov r3, #80												
 3817 001a 83F31188 		msr basepri, r3											
 3818 001e BFF36F8F 		isb														
ARM GAS  C:\Users\subdia\AppData\Local\Temp\ccc2GLt8.s 			page 131


 3819 0022 BFF34F8F 		dsb														
 3820              	
 3821              	@ 0 "" 2
 3822              		.thumb
 3823              		.syntax unified
 3824              	.L277:
 3825              	.LBE209:
 3826              	.LBE208:
1934:Middlewares/Third_Party/FreeRTOS/Source/queue.c **** 
 3827              		.loc 1 1934 2 view .LVU1111
 3828 0026 FEE7     		b	.L277
 3829              		.cfi_endproc
 3830              	.LFE20:
 3832              		.section	.text.uxQueueSpacesAvailable,"ax",%progbits
 3833              		.align	1
 3834              		.global	uxQueueSpacesAvailable
 3835              		.syntax unified
 3836              		.thumb
 3837              		.thumb_func
 3839              	uxQueueSpacesAvailable:
 3840              	.LVL319:
 3841              	.LFB21:
1947:Middlewares/Third_Party/FreeRTOS/Source/queue.c **** UBaseType_t uxReturn;
 3842              		.loc 1 1947 1 view -0
 3843              		.cfi_startproc
 3844              		@ args = 0, pretend = 0, frame = 0
 3845              		@ frame_needed = 0, uses_anonymous_args = 0
1948:Middlewares/Third_Party/FreeRTOS/Source/queue.c **** Queue_t * const pxQueue = xQueue;
 3846              		.loc 1 1948 1 view .LVU1113
1949:Middlewares/Third_Party/FreeRTOS/Source/queue.c **** 
 3847              		.loc 1 1949 1 view .LVU1114
1951:Middlewares/Third_Party/FreeRTOS/Source/queue.c **** 
 3848              		.loc 1 1951 2 view .LVU1115
 3849 0000 58B1     		cbz	r0, .L286
1947:Middlewares/Third_Party/FreeRTOS/Source/queue.c **** UBaseType_t uxReturn;
 3850              		.loc 1 1947 1 is_stmt 0 view .LVU1116
 3851 0002 10B5     		push	{r4, lr}
 3852              	.LCFI43:
 3853              		.cfi_def_cfa_offset 8
 3854              		.cfi_offset 4, -8
 3855              		.cfi_offset 14, -4
 3856 0004 0446     		mov	r4, r0
1951:Middlewares/Third_Party/FreeRTOS/Source/queue.c **** 
 3857              		.loc 1 1951 25 is_stmt 1 view .LVU1117
1953:Middlewares/Third_Party/FreeRTOS/Source/queue.c **** 	{
 3858              		.loc 1 1953 2 view .LVU1118
 3859 0006 FFF7FEFF 		bl	vPortEnterCritical
 3860              	.LVL320:
1955:Middlewares/Third_Party/FreeRTOS/Source/queue.c **** 	}
 3861              		.loc 1 1955 3 view .LVU1119
1955:Middlewares/Third_Party/FreeRTOS/Source/queue.c **** 	}
 3862              		.loc 1 1955 21 is_stmt 0 view .LVU1120
 3863 000a E36B     		ldr	r3, [r4, #60]
1955:Middlewares/Third_Party/FreeRTOS/Source/queue.c **** 	}
 3864              		.loc 1 1955 41 view .LVU1121
 3865 000c A26B     		ldr	r2, [r4, #56]
1955:Middlewares/Third_Party/FreeRTOS/Source/queue.c **** 	}
ARM GAS  C:\Users\subdia\AppData\Local\Temp\ccc2GLt8.s 			page 132


 3866              		.loc 1 1955 12 view .LVU1122
 3867 000e 9B1A     		subs	r3, r3, r2
 3868 0010 1C46     		mov	r4, r3
 3869              	.LVL321:
1957:Middlewares/Third_Party/FreeRTOS/Source/queue.c **** 
 3870              		.loc 1 1957 2 is_stmt 1 view .LVU1123
 3871 0012 FFF7FEFF 		bl	vPortExitCritical
 3872              	.LVL322:
1959:Middlewares/Third_Party/FreeRTOS/Source/queue.c **** } /*lint !e818 Pointer cannot be declared const as xQueue is a typedef not pointer. */
 3873              		.loc 1 1959 2 view .LVU1124
1960:Middlewares/Third_Party/FreeRTOS/Source/queue.c **** /*-----------------------------------------------------------*/
 3874              		.loc 1 1960 1 is_stmt 0 view .LVU1125
 3875 0016 2046     		mov	r0, r4
 3876 0018 10BD     		pop	{r4, pc}
 3877              	.LVL323:
 3878              	.L286:
 3879              	.LCFI44:
 3880              		.cfi_def_cfa_offset 0
 3881              		.cfi_restore 4
 3882              		.cfi_restore 14
1951:Middlewares/Third_Party/FreeRTOS/Source/queue.c **** 
 3883              		.loc 1 1951 2 is_stmt 1 discriminator 1 view .LVU1126
 3884              	.LBB210:
 3885              	.LBI210:
 193:Middlewares/Third_Party/FreeRTOS/Source/portable/GCC/ARM_CM3/portmacro.h **** {
 3886              		.loc 2 193 30 view .LVU1127
 3887              	.LBB211:
 195:Middlewares/Third_Party/FreeRTOS/Source/portable/GCC/ARM_CM3/portmacro.h **** 
 3888              		.loc 2 195 1 view .LVU1128
 197:Middlewares/Third_Party/FreeRTOS/Source/portable/GCC/ARM_CM3/portmacro.h **** 	(
 3889              		.loc 2 197 2 view .LVU1129
 3890              		.syntax unified
 3891              	@ 197 "Middlewares/Third_Party/FreeRTOS/Source/portable/GCC/ARM_CM3/portmacro.h" 1
 3892 001a 4FF05003 			mov r3, #80												
 3893 001e 83F31188 		msr basepri, r3											
 3894 0022 BFF36F8F 		isb														
 3895 0026 BFF34F8F 		dsb														
 3896              	
 3897              	@ 0 "" 2
 3898              		.thumb
 3899              		.syntax unified
 3900              	.L283:
 3901              	.LBE211:
 3902              	.LBE210:
1951:Middlewares/Third_Party/FreeRTOS/Source/queue.c **** 
 3903              		.loc 1 1951 2 view .LVU1130
 3904 002a FEE7     		b	.L283
 3905              		.cfi_endproc
 3906              	.LFE21:
 3908              		.section	.text.uxQueueMessagesWaitingFromISR,"ax",%progbits
 3909              		.align	1
 3910              		.global	uxQueueMessagesWaitingFromISR
 3911              		.syntax unified
 3912              		.thumb
 3913              		.thumb_func
 3915              	uxQueueMessagesWaitingFromISR:
 3916              	.LVL324:
ARM GAS  C:\Users\subdia\AppData\Local\Temp\ccc2GLt8.s 			page 133


 3917              	.LFB22:
1964:Middlewares/Third_Party/FreeRTOS/Source/queue.c **** UBaseType_t uxReturn;
 3918              		.loc 1 1964 1 view -0
 3919              		.cfi_startproc
 3920              		@ args = 0, pretend = 0, frame = 0
 3921              		@ frame_needed = 0, uses_anonymous_args = 0
 3922              		@ link register save eliminated.
1965:Middlewares/Third_Party/FreeRTOS/Source/queue.c **** Queue_t * const pxQueue = xQueue;
 3923              		.loc 1 1965 1 view .LVU1132
1966:Middlewares/Third_Party/FreeRTOS/Source/queue.c **** 
 3924              		.loc 1 1966 1 view .LVU1133
1968:Middlewares/Third_Party/FreeRTOS/Source/queue.c **** 	uxReturn = pxQueue->uxMessagesWaiting;
 3925              		.loc 1 1968 2 view .LVU1134
 3926 0000 08B1     		cbz	r0, .L290
1968:Middlewares/Third_Party/FreeRTOS/Source/queue.c **** 	uxReturn = pxQueue->uxMessagesWaiting;
 3927              		.loc 1 1968 25 view .LVU1135
1969:Middlewares/Third_Party/FreeRTOS/Source/queue.c **** 
 3928              		.loc 1 1969 2 view .LVU1136
1969:Middlewares/Third_Party/FreeRTOS/Source/queue.c **** 
 3929              		.loc 1 1969 11 is_stmt 0 view .LVU1137
 3930 0002 806B     		ldr	r0, [r0, #56]
 3931              	.LVL325:
1971:Middlewares/Third_Party/FreeRTOS/Source/queue.c **** } /*lint !e818 Pointer cannot be declared const as xQueue is a typedef not pointer. */
 3932              		.loc 1 1971 2 is_stmt 1 view .LVU1138
1972:Middlewares/Third_Party/FreeRTOS/Source/queue.c **** /*-----------------------------------------------------------*/
 3933              		.loc 1 1972 1 is_stmt 0 view .LVU1139
 3934 0004 7047     		bx	lr
 3935              	.LVL326:
 3936              	.L290:
1968:Middlewares/Third_Party/FreeRTOS/Source/queue.c **** 	uxReturn = pxQueue->uxMessagesWaiting;
 3937              		.loc 1 1968 2 is_stmt 1 discriminator 1 view .LVU1140
 3938              	.LBB212:
 3939              	.LBI212:
 193:Middlewares/Third_Party/FreeRTOS/Source/portable/GCC/ARM_CM3/portmacro.h **** {
 3940              		.loc 2 193 30 view .LVU1141
 3941              	.LBB213:
 195:Middlewares/Third_Party/FreeRTOS/Source/portable/GCC/ARM_CM3/portmacro.h **** 
 3942              		.loc 2 195 1 view .LVU1142
 197:Middlewares/Third_Party/FreeRTOS/Source/portable/GCC/ARM_CM3/portmacro.h **** 	(
 3943              		.loc 2 197 2 view .LVU1143
 3944              		.syntax unified
 3945              	@ 197 "Middlewares/Third_Party/FreeRTOS/Source/portable/GCC/ARM_CM3/portmacro.h" 1
 3946 0006 4FF05003 			mov r3, #80												
 3947 000a 83F31188 		msr basepri, r3											
 3948 000e BFF36F8F 		isb														
 3949 0012 BFF34F8F 		dsb														
 3950              	
 3951              	@ 0 "" 2
 3952              		.thumb
 3953              		.syntax unified
 3954              	.L289:
 3955              	.LBE213:
 3956              	.LBE212:
1968:Middlewares/Third_Party/FreeRTOS/Source/queue.c **** 	uxReturn = pxQueue->uxMessagesWaiting;
 3957              		.loc 1 1968 2 view .LVU1144
 3958 0016 FEE7     		b	.L289
 3959              		.cfi_endproc
ARM GAS  C:\Users\subdia\AppData\Local\Temp\ccc2GLt8.s 			page 134


 3960              	.LFE22:
 3962              		.section	.text.xQueueIsQueueEmptyFromISR,"ax",%progbits
 3963              		.align	1
 3964              		.global	xQueueIsQueueEmptyFromISR
 3965              		.syntax unified
 3966              		.thumb
 3967              		.thumb_func
 3969              	xQueueIsQueueEmptyFromISR:
 3970              	.LVL327:
 3971              	.LFB29:
2313:Middlewares/Third_Party/FreeRTOS/Source/queue.c **** BaseType_t xReturn;
 3972              		.loc 1 2313 1 view -0
 3973              		.cfi_startproc
 3974              		@ args = 0, pretend = 0, frame = 0
 3975              		@ frame_needed = 0, uses_anonymous_args = 0
 3976              		@ link register save eliminated.
2314:Middlewares/Third_Party/FreeRTOS/Source/queue.c **** Queue_t * const pxQueue = xQueue;
 3977              		.loc 1 2314 1 view .LVU1146
2315:Middlewares/Third_Party/FreeRTOS/Source/queue.c **** 
 3978              		.loc 1 2315 1 view .LVU1147
2317:Middlewares/Third_Party/FreeRTOS/Source/queue.c **** 	if( pxQueue->uxMessagesWaiting == ( UBaseType_t ) 0 )
 3979              		.loc 1 2317 2 view .LVU1148
 3980 0000 18B1     		cbz	r0, .L296
2317:Middlewares/Third_Party/FreeRTOS/Source/queue.c **** 	if( pxQueue->uxMessagesWaiting == ( UBaseType_t ) 0 )
 3981              		.loc 1 2317 25 view .LVU1149
2318:Middlewares/Third_Party/FreeRTOS/Source/queue.c **** 	{
 3982              		.loc 1 2318 2 view .LVU1150
2318:Middlewares/Third_Party/FreeRTOS/Source/queue.c **** 	{
 3983              		.loc 1 2318 13 is_stmt 0 view .LVU1151
 3984 0002 836B     		ldr	r3, [r0, #56]
2318:Middlewares/Third_Party/FreeRTOS/Source/queue.c **** 	{
 3985              		.loc 1 2318 4 view .LVU1152
 3986 0004 53B9     		cbnz	r3, .L295
2320:Middlewares/Third_Party/FreeRTOS/Source/queue.c **** 	}
 3987              		.loc 1 2320 11 view .LVU1153
 3988 0006 0120     		movs	r0, #1
 3989              	.LVL328:
2320:Middlewares/Third_Party/FreeRTOS/Source/queue.c **** 	}
 3990              		.loc 1 2320 11 view .LVU1154
 3991 0008 7047     		bx	lr
 3992              	.LVL329:
 3993              	.L296:
2317:Middlewares/Third_Party/FreeRTOS/Source/queue.c **** 	if( pxQueue->uxMessagesWaiting == ( UBaseType_t ) 0 )
 3994              		.loc 1 2317 2 is_stmt 1 discriminator 1 view .LVU1155
 3995              	.LBB214:
 3996              	.LBI214:
 193:Middlewares/Third_Party/FreeRTOS/Source/portable/GCC/ARM_CM3/portmacro.h **** {
 3997              		.loc 2 193 30 view .LVU1156
 3998              	.LBB215:
 195:Middlewares/Third_Party/FreeRTOS/Source/portable/GCC/ARM_CM3/portmacro.h **** 
 3999              		.loc 2 195 1 view .LVU1157
 197:Middlewares/Third_Party/FreeRTOS/Source/portable/GCC/ARM_CM3/portmacro.h **** 	(
 4000              		.loc 2 197 2 view .LVU1158
 4001              		.syntax unified
 4002              	@ 197 "Middlewares/Third_Party/FreeRTOS/Source/portable/GCC/ARM_CM3/portmacro.h" 1
 4003 000a 4FF05003 			mov r3, #80												
 4004 000e 83F31188 		msr basepri, r3											
ARM GAS  C:\Users\subdia\AppData\Local\Temp\ccc2GLt8.s 			page 135


 4005 0012 BFF36F8F 		isb														
 4006 0016 BFF34F8F 		dsb														
 4007              	
 4008              	@ 0 "" 2
 4009              		.thumb
 4010              		.syntax unified
 4011              	.L293:
 4012              	.LBE215:
 4013              	.LBE214:
2317:Middlewares/Third_Party/FreeRTOS/Source/queue.c **** 	if( pxQueue->uxMessagesWaiting == ( UBaseType_t ) 0 )
 4014              		.loc 1 2317 2 view .LVU1159
 4015 001a FEE7     		b	.L293
 4016              	.L295:
2324:Middlewares/Third_Party/FreeRTOS/Source/queue.c **** 	}
 4017              		.loc 1 2324 11 is_stmt 0 view .LVU1160
 4018 001c 0020     		movs	r0, #0
 4019              	.LVL330:
2327:Middlewares/Third_Party/FreeRTOS/Source/queue.c **** } /*lint !e818 xQueue could not be pointer to const because it is a typedef. */
 4020              		.loc 1 2327 2 is_stmt 1 view .LVU1161
2328:Middlewares/Third_Party/FreeRTOS/Source/queue.c **** /*-----------------------------------------------------------*/
 4021              		.loc 1 2328 1 is_stmt 0 view .LVU1162
 4022 001e 7047     		bx	lr
 4023              		.cfi_endproc
 4024              	.LFE29:
 4026              		.section	.text.xQueueIsQueueFullFromISR,"ax",%progbits
 4027              		.align	1
 4028              		.global	xQueueIsQueueFullFromISR
 4029              		.syntax unified
 4030              		.thumb
 4031              		.thumb_func
 4033              	xQueueIsQueueFullFromISR:
 4034              	.LVL331:
 4035              	.LFB31:
2350:Middlewares/Third_Party/FreeRTOS/Source/queue.c **** /*-----------------------------------------------------------*/
2351:Middlewares/Third_Party/FreeRTOS/Source/queue.c **** 
2352:Middlewares/Third_Party/FreeRTOS/Source/queue.c **** BaseType_t xQueueIsQueueFullFromISR( const QueueHandle_t xQueue )
2353:Middlewares/Third_Party/FreeRTOS/Source/queue.c **** {
 4036              		.loc 1 2353 1 is_stmt 1 view -0
 4037              		.cfi_startproc
 4038              		@ args = 0, pretend = 0, frame = 0
 4039              		@ frame_needed = 0, uses_anonymous_args = 0
 4040              		@ link register save eliminated.
2354:Middlewares/Third_Party/FreeRTOS/Source/queue.c **** BaseType_t xReturn;
 4041              		.loc 1 2354 1 view .LVU1164
2355:Middlewares/Third_Party/FreeRTOS/Source/queue.c **** Queue_t * const pxQueue = xQueue;
 4042              		.loc 1 2355 1 view .LVU1165
2356:Middlewares/Third_Party/FreeRTOS/Source/queue.c **** 
2357:Middlewares/Third_Party/FreeRTOS/Source/queue.c **** 	configASSERT( pxQueue );
 4043              		.loc 1 2357 2 view .LVU1166
 4044 0000 28B1     		cbz	r0, .L302
 4045              		.loc 1 2357 25 view .LVU1167
2358:Middlewares/Third_Party/FreeRTOS/Source/queue.c **** 	if( pxQueue->uxMessagesWaiting == pxQueue->uxLength )
 4046              		.loc 1 2358 2 view .LVU1168
 4047              		.loc 1 2358 13 is_stmt 0 view .LVU1169
 4048 0002 826B     		ldr	r2, [r0, #56]
 4049              		.loc 1 2358 43 view .LVU1170
 4050 0004 C36B     		ldr	r3, [r0, #60]
ARM GAS  C:\Users\subdia\AppData\Local\Temp\ccc2GLt8.s 			page 136


 4051              		.loc 1 2358 4 view .LVU1171
 4052 0006 9A42     		cmp	r2, r3
 4053 0008 0AD0     		beq	.L303
2359:Middlewares/Third_Party/FreeRTOS/Source/queue.c **** 	{
2360:Middlewares/Third_Party/FreeRTOS/Source/queue.c **** 		xReturn = pdTRUE;
2361:Middlewares/Third_Party/FreeRTOS/Source/queue.c **** 	}
2362:Middlewares/Third_Party/FreeRTOS/Source/queue.c **** 	else
2363:Middlewares/Third_Party/FreeRTOS/Source/queue.c **** 	{
2364:Middlewares/Third_Party/FreeRTOS/Source/queue.c **** 		xReturn = pdFALSE;
 4054              		.loc 1 2364 11 view .LVU1172
 4055 000a 0020     		movs	r0, #0
 4056              	.LVL332:
2365:Middlewares/Third_Party/FreeRTOS/Source/queue.c **** 	}
2366:Middlewares/Third_Party/FreeRTOS/Source/queue.c **** 
2367:Middlewares/Third_Party/FreeRTOS/Source/queue.c **** 	return xReturn;
 4057              		.loc 1 2367 2 is_stmt 1 view .LVU1173
2368:Middlewares/Third_Party/FreeRTOS/Source/queue.c **** } /*lint !e818 xQueue could not be pointer to const because it is a typedef. */
 4058              		.loc 1 2368 1 is_stmt 0 view .LVU1174
 4059 000c 7047     		bx	lr
 4060              	.LVL333:
 4061              	.L302:
2357:Middlewares/Third_Party/FreeRTOS/Source/queue.c **** 	if( pxQueue->uxMessagesWaiting == pxQueue->uxLength )
 4062              		.loc 1 2357 2 is_stmt 1 discriminator 1 view .LVU1175
 4063              	.LBB216:
 4064              	.LBI216:
 193:Middlewares/Third_Party/FreeRTOS/Source/portable/GCC/ARM_CM3/portmacro.h **** {
 4065              		.loc 2 193 30 view .LVU1176
 4066              	.LBB217:
 195:Middlewares/Third_Party/FreeRTOS/Source/portable/GCC/ARM_CM3/portmacro.h **** 
 4067              		.loc 2 195 1 view .LVU1177
 197:Middlewares/Third_Party/FreeRTOS/Source/portable/GCC/ARM_CM3/portmacro.h **** 	(
 4068              		.loc 2 197 2 view .LVU1178
 4069              		.syntax unified
 4070              	@ 197 "Middlewares/Third_Party/FreeRTOS/Source/portable/GCC/ARM_CM3/portmacro.h" 1
 4071 000e 4FF05003 			mov r3, #80												
 4072 0012 83F31188 		msr basepri, r3											
 4073 0016 BFF36F8F 		isb														
 4074 001a BFF34F8F 		dsb														
 4075              	
 4076              	@ 0 "" 2
 4077              		.thumb
 4078              		.syntax unified
 4079              	.L299:
 4080              	.LBE217:
 4081              	.LBE216:
2357:Middlewares/Third_Party/FreeRTOS/Source/queue.c **** 	if( pxQueue->uxMessagesWaiting == pxQueue->uxLength )
 4082              		.loc 1 2357 2 view .LVU1179
 4083 001e FEE7     		b	.L299
 4084              	.L303:
2360:Middlewares/Third_Party/FreeRTOS/Source/queue.c **** 	}
 4085              		.loc 1 2360 11 is_stmt 0 view .LVU1180
 4086 0020 0120     		movs	r0, #1
 4087              	.LVL334:
2360:Middlewares/Third_Party/FreeRTOS/Source/queue.c **** 	}
 4088              		.loc 1 2360 11 view .LVU1181
 4089 0022 7047     		bx	lr
 4090              		.cfi_endproc
ARM GAS  C:\Users\subdia\AppData\Local\Temp\ccc2GLt8.s 			page 137


 4091              	.LFE31:
 4093              		.section	.text.vQueueAddToRegistry,"ax",%progbits
 4094              		.align	1
 4095              		.global	vQueueAddToRegistry
 4096              		.syntax unified
 4097              		.thumb
 4098              		.thumb_func
 4100              	vQueueAddToRegistry:
 4101              	.LVL335:
 4102              	.LFB32:
2369:Middlewares/Third_Party/FreeRTOS/Source/queue.c **** /*-----------------------------------------------------------*/
2370:Middlewares/Third_Party/FreeRTOS/Source/queue.c **** 
2371:Middlewares/Third_Party/FreeRTOS/Source/queue.c **** #if ( configUSE_CO_ROUTINES == 1 )
2372:Middlewares/Third_Party/FreeRTOS/Source/queue.c **** 
2373:Middlewares/Third_Party/FreeRTOS/Source/queue.c **** 	BaseType_t xQueueCRSend( QueueHandle_t xQueue, const void *pvItemToQueue, TickType_t xTicksToWait 
2374:Middlewares/Third_Party/FreeRTOS/Source/queue.c **** 	{
2375:Middlewares/Third_Party/FreeRTOS/Source/queue.c **** 	BaseType_t xReturn;
2376:Middlewares/Third_Party/FreeRTOS/Source/queue.c **** 	Queue_t * const pxQueue = xQueue;
2377:Middlewares/Third_Party/FreeRTOS/Source/queue.c **** 
2378:Middlewares/Third_Party/FreeRTOS/Source/queue.c **** 		/* If the queue is already full we may have to block.  A critical section
2379:Middlewares/Third_Party/FreeRTOS/Source/queue.c **** 		is required to prevent an interrupt removing something from the queue
2380:Middlewares/Third_Party/FreeRTOS/Source/queue.c **** 		between the check to see if the queue is full and blocking on the queue. */
2381:Middlewares/Third_Party/FreeRTOS/Source/queue.c **** 		portDISABLE_INTERRUPTS();
2382:Middlewares/Third_Party/FreeRTOS/Source/queue.c **** 		{
2383:Middlewares/Third_Party/FreeRTOS/Source/queue.c **** 			if( prvIsQueueFull( pxQueue ) != pdFALSE )
2384:Middlewares/Third_Party/FreeRTOS/Source/queue.c **** 			{
2385:Middlewares/Third_Party/FreeRTOS/Source/queue.c **** 				/* The queue is full - do we want to block or just leave without
2386:Middlewares/Third_Party/FreeRTOS/Source/queue.c **** 				posting? */
2387:Middlewares/Third_Party/FreeRTOS/Source/queue.c **** 				if( xTicksToWait > ( TickType_t ) 0 )
2388:Middlewares/Third_Party/FreeRTOS/Source/queue.c **** 				{
2389:Middlewares/Third_Party/FreeRTOS/Source/queue.c **** 					/* As this is called from a coroutine we cannot block directly, but
2390:Middlewares/Third_Party/FreeRTOS/Source/queue.c **** 					return indicating that we need to block. */
2391:Middlewares/Third_Party/FreeRTOS/Source/queue.c **** 					vCoRoutineAddToDelayedList( xTicksToWait, &( pxQueue->xTasksWaitingToSend ) );
2392:Middlewares/Third_Party/FreeRTOS/Source/queue.c **** 					portENABLE_INTERRUPTS();
2393:Middlewares/Third_Party/FreeRTOS/Source/queue.c **** 					return errQUEUE_BLOCKED;
2394:Middlewares/Third_Party/FreeRTOS/Source/queue.c **** 				}
2395:Middlewares/Third_Party/FreeRTOS/Source/queue.c **** 				else
2396:Middlewares/Third_Party/FreeRTOS/Source/queue.c **** 				{
2397:Middlewares/Third_Party/FreeRTOS/Source/queue.c **** 					portENABLE_INTERRUPTS();
2398:Middlewares/Third_Party/FreeRTOS/Source/queue.c **** 					return errQUEUE_FULL;
2399:Middlewares/Third_Party/FreeRTOS/Source/queue.c **** 				}
2400:Middlewares/Third_Party/FreeRTOS/Source/queue.c **** 			}
2401:Middlewares/Third_Party/FreeRTOS/Source/queue.c **** 		}
2402:Middlewares/Third_Party/FreeRTOS/Source/queue.c **** 		portENABLE_INTERRUPTS();
2403:Middlewares/Third_Party/FreeRTOS/Source/queue.c **** 
2404:Middlewares/Third_Party/FreeRTOS/Source/queue.c **** 		portDISABLE_INTERRUPTS();
2405:Middlewares/Third_Party/FreeRTOS/Source/queue.c **** 		{
2406:Middlewares/Third_Party/FreeRTOS/Source/queue.c **** 			if( pxQueue->uxMessagesWaiting < pxQueue->uxLength )
2407:Middlewares/Third_Party/FreeRTOS/Source/queue.c **** 			{
2408:Middlewares/Third_Party/FreeRTOS/Source/queue.c **** 				/* There is room in the queue, copy the data into the queue. */
2409:Middlewares/Third_Party/FreeRTOS/Source/queue.c **** 				prvCopyDataToQueue( pxQueue, pvItemToQueue, queueSEND_TO_BACK );
2410:Middlewares/Third_Party/FreeRTOS/Source/queue.c **** 				xReturn = pdPASS;
2411:Middlewares/Third_Party/FreeRTOS/Source/queue.c **** 
2412:Middlewares/Third_Party/FreeRTOS/Source/queue.c **** 				/* Were any co-routines waiting for data to become available? */
2413:Middlewares/Third_Party/FreeRTOS/Source/queue.c **** 				if( listLIST_IS_EMPTY( &( pxQueue->xTasksWaitingToReceive ) ) == pdFALSE )
2414:Middlewares/Third_Party/FreeRTOS/Source/queue.c **** 				{
2415:Middlewares/Third_Party/FreeRTOS/Source/queue.c **** 					/* In this instance the co-routine could be placed directly
ARM GAS  C:\Users\subdia\AppData\Local\Temp\ccc2GLt8.s 			page 138


2416:Middlewares/Third_Party/FreeRTOS/Source/queue.c **** 					into the ready list as we are within a critical section.
2417:Middlewares/Third_Party/FreeRTOS/Source/queue.c **** 					Instead the same pending ready list mechanism is used as if
2418:Middlewares/Third_Party/FreeRTOS/Source/queue.c **** 					the event were caused from within an interrupt. */
2419:Middlewares/Third_Party/FreeRTOS/Source/queue.c **** 					if( xCoRoutineRemoveFromEventList( &( pxQueue->xTasksWaitingToReceive ) ) != pdFALSE )
2420:Middlewares/Third_Party/FreeRTOS/Source/queue.c **** 					{
2421:Middlewares/Third_Party/FreeRTOS/Source/queue.c **** 						/* The co-routine waiting has a higher priority so record
2422:Middlewares/Third_Party/FreeRTOS/Source/queue.c **** 						that a yield might be appropriate. */
2423:Middlewares/Third_Party/FreeRTOS/Source/queue.c **** 						xReturn = errQUEUE_YIELD;
2424:Middlewares/Third_Party/FreeRTOS/Source/queue.c **** 					}
2425:Middlewares/Third_Party/FreeRTOS/Source/queue.c **** 					else
2426:Middlewares/Third_Party/FreeRTOS/Source/queue.c **** 					{
2427:Middlewares/Third_Party/FreeRTOS/Source/queue.c **** 						mtCOVERAGE_TEST_MARKER();
2428:Middlewares/Third_Party/FreeRTOS/Source/queue.c **** 					}
2429:Middlewares/Third_Party/FreeRTOS/Source/queue.c **** 				}
2430:Middlewares/Third_Party/FreeRTOS/Source/queue.c **** 				else
2431:Middlewares/Third_Party/FreeRTOS/Source/queue.c **** 				{
2432:Middlewares/Third_Party/FreeRTOS/Source/queue.c **** 					mtCOVERAGE_TEST_MARKER();
2433:Middlewares/Third_Party/FreeRTOS/Source/queue.c **** 				}
2434:Middlewares/Third_Party/FreeRTOS/Source/queue.c **** 			}
2435:Middlewares/Third_Party/FreeRTOS/Source/queue.c **** 			else
2436:Middlewares/Third_Party/FreeRTOS/Source/queue.c **** 			{
2437:Middlewares/Third_Party/FreeRTOS/Source/queue.c **** 				xReturn = errQUEUE_FULL;
2438:Middlewares/Third_Party/FreeRTOS/Source/queue.c **** 			}
2439:Middlewares/Third_Party/FreeRTOS/Source/queue.c **** 		}
2440:Middlewares/Third_Party/FreeRTOS/Source/queue.c **** 		portENABLE_INTERRUPTS();
2441:Middlewares/Third_Party/FreeRTOS/Source/queue.c **** 
2442:Middlewares/Third_Party/FreeRTOS/Source/queue.c **** 		return xReturn;
2443:Middlewares/Third_Party/FreeRTOS/Source/queue.c **** 	}
2444:Middlewares/Third_Party/FreeRTOS/Source/queue.c **** 
2445:Middlewares/Third_Party/FreeRTOS/Source/queue.c **** #endif /* configUSE_CO_ROUTINES */
2446:Middlewares/Third_Party/FreeRTOS/Source/queue.c **** /*-----------------------------------------------------------*/
2447:Middlewares/Third_Party/FreeRTOS/Source/queue.c **** 
2448:Middlewares/Third_Party/FreeRTOS/Source/queue.c **** #if ( configUSE_CO_ROUTINES == 1 )
2449:Middlewares/Third_Party/FreeRTOS/Source/queue.c **** 
2450:Middlewares/Third_Party/FreeRTOS/Source/queue.c **** 	BaseType_t xQueueCRReceive( QueueHandle_t xQueue, void *pvBuffer, TickType_t xTicksToWait )
2451:Middlewares/Third_Party/FreeRTOS/Source/queue.c **** 	{
2452:Middlewares/Third_Party/FreeRTOS/Source/queue.c **** 	BaseType_t xReturn;
2453:Middlewares/Third_Party/FreeRTOS/Source/queue.c **** 	Queue_t * const pxQueue = xQueue;
2454:Middlewares/Third_Party/FreeRTOS/Source/queue.c **** 
2455:Middlewares/Third_Party/FreeRTOS/Source/queue.c **** 		/* If the queue is already empty we may have to block.  A critical section
2456:Middlewares/Third_Party/FreeRTOS/Source/queue.c **** 		is required to prevent an interrupt adding something to the queue
2457:Middlewares/Third_Party/FreeRTOS/Source/queue.c **** 		between the check to see if the queue is empty and blocking on the queue. */
2458:Middlewares/Third_Party/FreeRTOS/Source/queue.c **** 		portDISABLE_INTERRUPTS();
2459:Middlewares/Third_Party/FreeRTOS/Source/queue.c **** 		{
2460:Middlewares/Third_Party/FreeRTOS/Source/queue.c **** 			if( pxQueue->uxMessagesWaiting == ( UBaseType_t ) 0 )
2461:Middlewares/Third_Party/FreeRTOS/Source/queue.c **** 			{
2462:Middlewares/Third_Party/FreeRTOS/Source/queue.c **** 				/* There are no messages in the queue, do we want to block or just
2463:Middlewares/Third_Party/FreeRTOS/Source/queue.c **** 				leave with nothing? */
2464:Middlewares/Third_Party/FreeRTOS/Source/queue.c **** 				if( xTicksToWait > ( TickType_t ) 0 )
2465:Middlewares/Third_Party/FreeRTOS/Source/queue.c **** 				{
2466:Middlewares/Third_Party/FreeRTOS/Source/queue.c **** 					/* As this is a co-routine we cannot block directly, but return
2467:Middlewares/Third_Party/FreeRTOS/Source/queue.c **** 					indicating that we need to block. */
2468:Middlewares/Third_Party/FreeRTOS/Source/queue.c **** 					vCoRoutineAddToDelayedList( xTicksToWait, &( pxQueue->xTasksWaitingToReceive ) );
2469:Middlewares/Third_Party/FreeRTOS/Source/queue.c **** 					portENABLE_INTERRUPTS();
2470:Middlewares/Third_Party/FreeRTOS/Source/queue.c **** 					return errQUEUE_BLOCKED;
2471:Middlewares/Third_Party/FreeRTOS/Source/queue.c **** 				}
2472:Middlewares/Third_Party/FreeRTOS/Source/queue.c **** 				else
ARM GAS  C:\Users\subdia\AppData\Local\Temp\ccc2GLt8.s 			page 139


2473:Middlewares/Third_Party/FreeRTOS/Source/queue.c **** 				{
2474:Middlewares/Third_Party/FreeRTOS/Source/queue.c **** 					portENABLE_INTERRUPTS();
2475:Middlewares/Third_Party/FreeRTOS/Source/queue.c **** 					return errQUEUE_FULL;
2476:Middlewares/Third_Party/FreeRTOS/Source/queue.c **** 				}
2477:Middlewares/Third_Party/FreeRTOS/Source/queue.c **** 			}
2478:Middlewares/Third_Party/FreeRTOS/Source/queue.c **** 			else
2479:Middlewares/Third_Party/FreeRTOS/Source/queue.c **** 			{
2480:Middlewares/Third_Party/FreeRTOS/Source/queue.c **** 				mtCOVERAGE_TEST_MARKER();
2481:Middlewares/Third_Party/FreeRTOS/Source/queue.c **** 			}
2482:Middlewares/Third_Party/FreeRTOS/Source/queue.c **** 		}
2483:Middlewares/Third_Party/FreeRTOS/Source/queue.c **** 		portENABLE_INTERRUPTS();
2484:Middlewares/Third_Party/FreeRTOS/Source/queue.c **** 
2485:Middlewares/Third_Party/FreeRTOS/Source/queue.c **** 		portDISABLE_INTERRUPTS();
2486:Middlewares/Third_Party/FreeRTOS/Source/queue.c **** 		{
2487:Middlewares/Third_Party/FreeRTOS/Source/queue.c **** 			if( pxQueue->uxMessagesWaiting > ( UBaseType_t ) 0 )
2488:Middlewares/Third_Party/FreeRTOS/Source/queue.c **** 			{
2489:Middlewares/Third_Party/FreeRTOS/Source/queue.c **** 				/* Data is available from the queue. */
2490:Middlewares/Third_Party/FreeRTOS/Source/queue.c **** 				pxQueue->u.xQueue.pcReadFrom += pxQueue->uxItemSize;
2491:Middlewares/Third_Party/FreeRTOS/Source/queue.c **** 				if( pxQueue->u.xQueue.pcReadFrom >= pxQueue->u.xQueue.pcTail )
2492:Middlewares/Third_Party/FreeRTOS/Source/queue.c **** 				{
2493:Middlewares/Third_Party/FreeRTOS/Source/queue.c **** 					pxQueue->u.xQueue.pcReadFrom = pxQueue->pcHead;
2494:Middlewares/Third_Party/FreeRTOS/Source/queue.c **** 				}
2495:Middlewares/Third_Party/FreeRTOS/Source/queue.c **** 				else
2496:Middlewares/Third_Party/FreeRTOS/Source/queue.c **** 				{
2497:Middlewares/Third_Party/FreeRTOS/Source/queue.c **** 					mtCOVERAGE_TEST_MARKER();
2498:Middlewares/Third_Party/FreeRTOS/Source/queue.c **** 				}
2499:Middlewares/Third_Party/FreeRTOS/Source/queue.c **** 				--( pxQueue->uxMessagesWaiting );
2500:Middlewares/Third_Party/FreeRTOS/Source/queue.c **** 				( void ) memcpy( ( void * ) pvBuffer, ( void * ) pxQueue->u.xQueue.pcReadFrom, ( unsigned ) pxQ
2501:Middlewares/Third_Party/FreeRTOS/Source/queue.c **** 
2502:Middlewares/Third_Party/FreeRTOS/Source/queue.c **** 				xReturn = pdPASS;
2503:Middlewares/Third_Party/FreeRTOS/Source/queue.c **** 
2504:Middlewares/Third_Party/FreeRTOS/Source/queue.c **** 				/* Were any co-routines waiting for space to become available? */
2505:Middlewares/Third_Party/FreeRTOS/Source/queue.c **** 				if( listLIST_IS_EMPTY( &( pxQueue->xTasksWaitingToSend ) ) == pdFALSE )
2506:Middlewares/Third_Party/FreeRTOS/Source/queue.c **** 				{
2507:Middlewares/Third_Party/FreeRTOS/Source/queue.c **** 					/* In this instance the co-routine could be placed directly
2508:Middlewares/Third_Party/FreeRTOS/Source/queue.c **** 					into the ready list as we are within a critical section.
2509:Middlewares/Third_Party/FreeRTOS/Source/queue.c **** 					Instead the same pending ready list mechanism is used as if
2510:Middlewares/Third_Party/FreeRTOS/Source/queue.c **** 					the event were caused from within an interrupt. */
2511:Middlewares/Third_Party/FreeRTOS/Source/queue.c **** 					if( xCoRoutineRemoveFromEventList( &( pxQueue->xTasksWaitingToSend ) ) != pdFALSE )
2512:Middlewares/Third_Party/FreeRTOS/Source/queue.c **** 					{
2513:Middlewares/Third_Party/FreeRTOS/Source/queue.c **** 						xReturn = errQUEUE_YIELD;
2514:Middlewares/Third_Party/FreeRTOS/Source/queue.c **** 					}
2515:Middlewares/Third_Party/FreeRTOS/Source/queue.c **** 					else
2516:Middlewares/Third_Party/FreeRTOS/Source/queue.c **** 					{
2517:Middlewares/Third_Party/FreeRTOS/Source/queue.c **** 						mtCOVERAGE_TEST_MARKER();
2518:Middlewares/Third_Party/FreeRTOS/Source/queue.c **** 					}
2519:Middlewares/Third_Party/FreeRTOS/Source/queue.c **** 				}
2520:Middlewares/Third_Party/FreeRTOS/Source/queue.c **** 				else
2521:Middlewares/Third_Party/FreeRTOS/Source/queue.c **** 				{
2522:Middlewares/Third_Party/FreeRTOS/Source/queue.c **** 					mtCOVERAGE_TEST_MARKER();
2523:Middlewares/Third_Party/FreeRTOS/Source/queue.c **** 				}
2524:Middlewares/Third_Party/FreeRTOS/Source/queue.c **** 			}
2525:Middlewares/Third_Party/FreeRTOS/Source/queue.c **** 			else
2526:Middlewares/Third_Party/FreeRTOS/Source/queue.c **** 			{
2527:Middlewares/Third_Party/FreeRTOS/Source/queue.c **** 				xReturn = pdFAIL;
2528:Middlewares/Third_Party/FreeRTOS/Source/queue.c **** 			}
2529:Middlewares/Third_Party/FreeRTOS/Source/queue.c **** 		}
ARM GAS  C:\Users\subdia\AppData\Local\Temp\ccc2GLt8.s 			page 140


2530:Middlewares/Third_Party/FreeRTOS/Source/queue.c **** 		portENABLE_INTERRUPTS();
2531:Middlewares/Third_Party/FreeRTOS/Source/queue.c **** 
2532:Middlewares/Third_Party/FreeRTOS/Source/queue.c **** 		return xReturn;
2533:Middlewares/Third_Party/FreeRTOS/Source/queue.c **** 	}
2534:Middlewares/Third_Party/FreeRTOS/Source/queue.c **** 
2535:Middlewares/Third_Party/FreeRTOS/Source/queue.c **** #endif /* configUSE_CO_ROUTINES */
2536:Middlewares/Third_Party/FreeRTOS/Source/queue.c **** /*-----------------------------------------------------------*/
2537:Middlewares/Third_Party/FreeRTOS/Source/queue.c **** 
2538:Middlewares/Third_Party/FreeRTOS/Source/queue.c **** #if ( configUSE_CO_ROUTINES == 1 )
2539:Middlewares/Third_Party/FreeRTOS/Source/queue.c **** 
2540:Middlewares/Third_Party/FreeRTOS/Source/queue.c **** 	BaseType_t xQueueCRSendFromISR( QueueHandle_t xQueue, const void *pvItemToQueue, BaseType_t xCoRou
2541:Middlewares/Third_Party/FreeRTOS/Source/queue.c **** 	{
2542:Middlewares/Third_Party/FreeRTOS/Source/queue.c **** 	Queue_t * const pxQueue = xQueue;
2543:Middlewares/Third_Party/FreeRTOS/Source/queue.c **** 
2544:Middlewares/Third_Party/FreeRTOS/Source/queue.c **** 		/* Cannot block within an ISR so if there is no space on the queue then
2545:Middlewares/Third_Party/FreeRTOS/Source/queue.c **** 		exit without doing anything. */
2546:Middlewares/Third_Party/FreeRTOS/Source/queue.c **** 		if( pxQueue->uxMessagesWaiting < pxQueue->uxLength )
2547:Middlewares/Third_Party/FreeRTOS/Source/queue.c **** 		{
2548:Middlewares/Third_Party/FreeRTOS/Source/queue.c **** 			prvCopyDataToQueue( pxQueue, pvItemToQueue, queueSEND_TO_BACK );
2549:Middlewares/Third_Party/FreeRTOS/Source/queue.c **** 
2550:Middlewares/Third_Party/FreeRTOS/Source/queue.c **** 			/* We only want to wake one co-routine per ISR, so check that a
2551:Middlewares/Third_Party/FreeRTOS/Source/queue.c **** 			co-routine has not already been woken. */
2552:Middlewares/Third_Party/FreeRTOS/Source/queue.c **** 			if( xCoRoutinePreviouslyWoken == pdFALSE )
2553:Middlewares/Third_Party/FreeRTOS/Source/queue.c **** 			{
2554:Middlewares/Third_Party/FreeRTOS/Source/queue.c **** 				if( listLIST_IS_EMPTY( &( pxQueue->xTasksWaitingToReceive ) ) == pdFALSE )
2555:Middlewares/Third_Party/FreeRTOS/Source/queue.c **** 				{
2556:Middlewares/Third_Party/FreeRTOS/Source/queue.c **** 					if( xCoRoutineRemoveFromEventList( &( pxQueue->xTasksWaitingToReceive ) ) != pdFALSE )
2557:Middlewares/Third_Party/FreeRTOS/Source/queue.c **** 					{
2558:Middlewares/Third_Party/FreeRTOS/Source/queue.c **** 						return pdTRUE;
2559:Middlewares/Third_Party/FreeRTOS/Source/queue.c **** 					}
2560:Middlewares/Third_Party/FreeRTOS/Source/queue.c **** 					else
2561:Middlewares/Third_Party/FreeRTOS/Source/queue.c **** 					{
2562:Middlewares/Third_Party/FreeRTOS/Source/queue.c **** 						mtCOVERAGE_TEST_MARKER();
2563:Middlewares/Third_Party/FreeRTOS/Source/queue.c **** 					}
2564:Middlewares/Third_Party/FreeRTOS/Source/queue.c **** 				}
2565:Middlewares/Third_Party/FreeRTOS/Source/queue.c **** 				else
2566:Middlewares/Third_Party/FreeRTOS/Source/queue.c **** 				{
2567:Middlewares/Third_Party/FreeRTOS/Source/queue.c **** 					mtCOVERAGE_TEST_MARKER();
2568:Middlewares/Third_Party/FreeRTOS/Source/queue.c **** 				}
2569:Middlewares/Third_Party/FreeRTOS/Source/queue.c **** 			}
2570:Middlewares/Third_Party/FreeRTOS/Source/queue.c **** 			else
2571:Middlewares/Third_Party/FreeRTOS/Source/queue.c **** 			{
2572:Middlewares/Third_Party/FreeRTOS/Source/queue.c **** 				mtCOVERAGE_TEST_MARKER();
2573:Middlewares/Third_Party/FreeRTOS/Source/queue.c **** 			}
2574:Middlewares/Third_Party/FreeRTOS/Source/queue.c **** 		}
2575:Middlewares/Third_Party/FreeRTOS/Source/queue.c **** 		else
2576:Middlewares/Third_Party/FreeRTOS/Source/queue.c **** 		{
2577:Middlewares/Third_Party/FreeRTOS/Source/queue.c **** 			mtCOVERAGE_TEST_MARKER();
2578:Middlewares/Third_Party/FreeRTOS/Source/queue.c **** 		}
2579:Middlewares/Third_Party/FreeRTOS/Source/queue.c **** 
2580:Middlewares/Third_Party/FreeRTOS/Source/queue.c **** 		return xCoRoutinePreviouslyWoken;
2581:Middlewares/Third_Party/FreeRTOS/Source/queue.c **** 	}
2582:Middlewares/Third_Party/FreeRTOS/Source/queue.c **** 
2583:Middlewares/Third_Party/FreeRTOS/Source/queue.c **** #endif /* configUSE_CO_ROUTINES */
2584:Middlewares/Third_Party/FreeRTOS/Source/queue.c **** /*-----------------------------------------------------------*/
2585:Middlewares/Third_Party/FreeRTOS/Source/queue.c **** 
2586:Middlewares/Third_Party/FreeRTOS/Source/queue.c **** #if ( configUSE_CO_ROUTINES == 1 )
ARM GAS  C:\Users\subdia\AppData\Local\Temp\ccc2GLt8.s 			page 141


2587:Middlewares/Third_Party/FreeRTOS/Source/queue.c **** 
2588:Middlewares/Third_Party/FreeRTOS/Source/queue.c **** 	BaseType_t xQueueCRReceiveFromISR( QueueHandle_t xQueue, void *pvBuffer, BaseType_t *pxCoRoutineWo
2589:Middlewares/Third_Party/FreeRTOS/Source/queue.c **** 	{
2590:Middlewares/Third_Party/FreeRTOS/Source/queue.c **** 	BaseType_t xReturn;
2591:Middlewares/Third_Party/FreeRTOS/Source/queue.c **** 	Queue_t * const pxQueue = xQueue;
2592:Middlewares/Third_Party/FreeRTOS/Source/queue.c **** 
2593:Middlewares/Third_Party/FreeRTOS/Source/queue.c **** 		/* We cannot block from an ISR, so check there is data available. If
2594:Middlewares/Third_Party/FreeRTOS/Source/queue.c **** 		not then just leave without doing anything. */
2595:Middlewares/Third_Party/FreeRTOS/Source/queue.c **** 		if( pxQueue->uxMessagesWaiting > ( UBaseType_t ) 0 )
2596:Middlewares/Third_Party/FreeRTOS/Source/queue.c **** 		{
2597:Middlewares/Third_Party/FreeRTOS/Source/queue.c **** 			/* Copy the data from the queue. */
2598:Middlewares/Third_Party/FreeRTOS/Source/queue.c **** 			pxQueue->u.xQueue.pcReadFrom += pxQueue->uxItemSize;
2599:Middlewares/Third_Party/FreeRTOS/Source/queue.c **** 			if( pxQueue->u.xQueue.pcReadFrom >= pxQueue->u.xQueue.pcTail )
2600:Middlewares/Third_Party/FreeRTOS/Source/queue.c **** 			{
2601:Middlewares/Third_Party/FreeRTOS/Source/queue.c **** 				pxQueue->u.xQueue.pcReadFrom = pxQueue->pcHead;
2602:Middlewares/Third_Party/FreeRTOS/Source/queue.c **** 			}
2603:Middlewares/Third_Party/FreeRTOS/Source/queue.c **** 			else
2604:Middlewares/Third_Party/FreeRTOS/Source/queue.c **** 			{
2605:Middlewares/Third_Party/FreeRTOS/Source/queue.c **** 				mtCOVERAGE_TEST_MARKER();
2606:Middlewares/Third_Party/FreeRTOS/Source/queue.c **** 			}
2607:Middlewares/Third_Party/FreeRTOS/Source/queue.c **** 			--( pxQueue->uxMessagesWaiting );
2608:Middlewares/Third_Party/FreeRTOS/Source/queue.c **** 			( void ) memcpy( ( void * ) pvBuffer, ( void * ) pxQueue->u.xQueue.pcReadFrom, ( unsigned ) pxQu
2609:Middlewares/Third_Party/FreeRTOS/Source/queue.c **** 
2610:Middlewares/Third_Party/FreeRTOS/Source/queue.c **** 			if( ( *pxCoRoutineWoken ) == pdFALSE )
2611:Middlewares/Third_Party/FreeRTOS/Source/queue.c **** 			{
2612:Middlewares/Third_Party/FreeRTOS/Source/queue.c **** 				if( listLIST_IS_EMPTY( &( pxQueue->xTasksWaitingToSend ) ) == pdFALSE )
2613:Middlewares/Third_Party/FreeRTOS/Source/queue.c **** 				{
2614:Middlewares/Third_Party/FreeRTOS/Source/queue.c **** 					if( xCoRoutineRemoveFromEventList( &( pxQueue->xTasksWaitingToSend ) ) != pdFALSE )
2615:Middlewares/Third_Party/FreeRTOS/Source/queue.c **** 					{
2616:Middlewares/Third_Party/FreeRTOS/Source/queue.c **** 						*pxCoRoutineWoken = pdTRUE;
2617:Middlewares/Third_Party/FreeRTOS/Source/queue.c **** 					}
2618:Middlewares/Third_Party/FreeRTOS/Source/queue.c **** 					else
2619:Middlewares/Third_Party/FreeRTOS/Source/queue.c **** 					{
2620:Middlewares/Third_Party/FreeRTOS/Source/queue.c **** 						mtCOVERAGE_TEST_MARKER();
2621:Middlewares/Third_Party/FreeRTOS/Source/queue.c **** 					}
2622:Middlewares/Third_Party/FreeRTOS/Source/queue.c **** 				}
2623:Middlewares/Third_Party/FreeRTOS/Source/queue.c **** 				else
2624:Middlewares/Third_Party/FreeRTOS/Source/queue.c **** 				{
2625:Middlewares/Third_Party/FreeRTOS/Source/queue.c **** 					mtCOVERAGE_TEST_MARKER();
2626:Middlewares/Third_Party/FreeRTOS/Source/queue.c **** 				}
2627:Middlewares/Third_Party/FreeRTOS/Source/queue.c **** 			}
2628:Middlewares/Third_Party/FreeRTOS/Source/queue.c **** 			else
2629:Middlewares/Third_Party/FreeRTOS/Source/queue.c **** 			{
2630:Middlewares/Third_Party/FreeRTOS/Source/queue.c **** 				mtCOVERAGE_TEST_MARKER();
2631:Middlewares/Third_Party/FreeRTOS/Source/queue.c **** 			}
2632:Middlewares/Third_Party/FreeRTOS/Source/queue.c **** 
2633:Middlewares/Third_Party/FreeRTOS/Source/queue.c **** 			xReturn = pdPASS;
2634:Middlewares/Third_Party/FreeRTOS/Source/queue.c **** 		}
2635:Middlewares/Third_Party/FreeRTOS/Source/queue.c **** 		else
2636:Middlewares/Third_Party/FreeRTOS/Source/queue.c **** 		{
2637:Middlewares/Third_Party/FreeRTOS/Source/queue.c **** 			xReturn = pdFAIL;
2638:Middlewares/Third_Party/FreeRTOS/Source/queue.c **** 		}
2639:Middlewares/Third_Party/FreeRTOS/Source/queue.c **** 
2640:Middlewares/Third_Party/FreeRTOS/Source/queue.c **** 		return xReturn;
2641:Middlewares/Third_Party/FreeRTOS/Source/queue.c **** 	}
2642:Middlewares/Third_Party/FreeRTOS/Source/queue.c **** 
2643:Middlewares/Third_Party/FreeRTOS/Source/queue.c **** #endif /* configUSE_CO_ROUTINES */
ARM GAS  C:\Users\subdia\AppData\Local\Temp\ccc2GLt8.s 			page 142


2644:Middlewares/Third_Party/FreeRTOS/Source/queue.c **** /*-----------------------------------------------------------*/
2645:Middlewares/Third_Party/FreeRTOS/Source/queue.c **** 
2646:Middlewares/Third_Party/FreeRTOS/Source/queue.c **** #if ( configQUEUE_REGISTRY_SIZE > 0 )
2647:Middlewares/Third_Party/FreeRTOS/Source/queue.c **** 
2648:Middlewares/Third_Party/FreeRTOS/Source/queue.c **** 	void vQueueAddToRegistry( QueueHandle_t xQueue, const char *pcQueueName ) /*lint !e971 Unqualified
2649:Middlewares/Third_Party/FreeRTOS/Source/queue.c **** 	{
 4103              		.loc 1 2649 2 is_stmt 1 view -0
 4104              		.cfi_startproc
 4105              		@ args = 0, pretend = 0, frame = 0
 4106              		@ frame_needed = 0, uses_anonymous_args = 0
 4107              		@ link register save eliminated.
2650:Middlewares/Third_Party/FreeRTOS/Source/queue.c **** 	UBaseType_t ux;
 4108              		.loc 1 2650 2 view .LVU1183
2651:Middlewares/Third_Party/FreeRTOS/Source/queue.c **** 
2652:Middlewares/Third_Party/FreeRTOS/Source/queue.c **** 		/* See if there is an empty space in the registry.  A NULL name denotes
2653:Middlewares/Third_Party/FreeRTOS/Source/queue.c **** 		a free slot. */
2654:Middlewares/Third_Party/FreeRTOS/Source/queue.c **** 		for( ux = ( UBaseType_t ) 0U; ux < ( UBaseType_t ) configQUEUE_REGISTRY_SIZE; ux++ )
 4109              		.loc 1 2654 3 view .LVU1184
 4110              		.loc 1 2654 11 is_stmt 0 view .LVU1185
 4111 0000 0023     		movs	r3, #0
 4112              	.LVL336:
 4113              	.L305:
 4114              		.loc 1 2654 36 is_stmt 1 discriminator 1 view .LVU1186
 4115 0002 072B     		cmp	r3, #7
 4116 0004 0CD8     		bhi	.L309
2655:Middlewares/Third_Party/FreeRTOS/Source/queue.c **** 		{
2656:Middlewares/Third_Party/FreeRTOS/Source/queue.c **** 			if( xQueueRegistry[ ux ].pcQueueName == NULL )
 4117              		.loc 1 2656 4 view .LVU1187
 4118              		.loc 1 2656 28 is_stmt 0 view .LVU1188
 4119 0006 074A     		ldr	r2, .L311
 4120 0008 52F83320 		ldr	r2, [r2, r3, lsl #3]
 4121              		.loc 1 2656 6 view .LVU1189
 4122 000c 0AB1     		cbz	r2, .L310
2657:Middlewares/Third_Party/FreeRTOS/Source/queue.c **** 			{
2658:Middlewares/Third_Party/FreeRTOS/Source/queue.c **** 				/* Store the information on this queue. */
2659:Middlewares/Third_Party/FreeRTOS/Source/queue.c **** 				xQueueRegistry[ ux ].pcQueueName = pcQueueName;
2660:Middlewares/Third_Party/FreeRTOS/Source/queue.c **** 				xQueueRegistry[ ux ].xHandle = xQueue;
2661:Middlewares/Third_Party/FreeRTOS/Source/queue.c **** 
2662:Middlewares/Third_Party/FreeRTOS/Source/queue.c **** 				traceQUEUE_REGISTRY_ADD( xQueue, pcQueueName );
2663:Middlewares/Third_Party/FreeRTOS/Source/queue.c **** 				break;
2664:Middlewares/Third_Party/FreeRTOS/Source/queue.c **** 			}
2665:Middlewares/Third_Party/FreeRTOS/Source/queue.c **** 			else
2666:Middlewares/Third_Party/FreeRTOS/Source/queue.c **** 			{
2667:Middlewares/Third_Party/FreeRTOS/Source/queue.c **** 				mtCOVERAGE_TEST_MARKER();
 4123              		.loc 1 2667 29 is_stmt 1 view .LVU1190
2654:Middlewares/Third_Party/FreeRTOS/Source/queue.c **** 		{
 4124              		.loc 1 2654 83 discriminator 2 view .LVU1191
 4125 000e 0133     		adds	r3, r3, #1
 4126              	.LVL337:
2654:Middlewares/Third_Party/FreeRTOS/Source/queue.c **** 		{
 4127              		.loc 1 2654 83 is_stmt 0 discriminator 2 view .LVU1192
 4128 0010 F7E7     		b	.L305
 4129              	.LVL338:
 4130              	.L310:
2659:Middlewares/Third_Party/FreeRTOS/Source/queue.c **** 				xQueueRegistry[ ux ].xHandle = xQueue;
 4131              		.loc 1 2659 5 is_stmt 1 view .LVU1193
2659:Middlewares/Third_Party/FreeRTOS/Source/queue.c **** 				xQueueRegistry[ ux ].xHandle = xQueue;
ARM GAS  C:\Users\subdia\AppData\Local\Temp\ccc2GLt8.s 			page 143


 4132              		.loc 1 2659 38 is_stmt 0 view .LVU1194
 4133 0012 044A     		ldr	r2, .L311
 4134 0014 42F83310 		str	r1, [r2, r3, lsl #3]
2660:Middlewares/Third_Party/FreeRTOS/Source/queue.c **** 
 4135              		.loc 1 2660 5 is_stmt 1 view .LVU1195
2660:Middlewares/Third_Party/FreeRTOS/Source/queue.c **** 
 4136              		.loc 1 2660 34 is_stmt 0 view .LVU1196
 4137 0018 02EBC302 		add	r2, r2, r3, lsl #3
 4138 001c 5060     		str	r0, [r2, #4]
2662:Middlewares/Third_Party/FreeRTOS/Source/queue.c **** 				break;
 4139              		.loc 1 2662 51 is_stmt 1 view .LVU1197
2663:Middlewares/Third_Party/FreeRTOS/Source/queue.c **** 			}
 4140              		.loc 1 2663 5 view .LVU1198
 4141 001e 7047     		bx	lr
 4142              	.L309:
2668:Middlewares/Third_Party/FreeRTOS/Source/queue.c **** 			}
2669:Middlewares/Third_Party/FreeRTOS/Source/queue.c **** 		}
2670:Middlewares/Third_Party/FreeRTOS/Source/queue.c **** 	}
 4143              		.loc 1 2670 2 is_stmt 0 view .LVU1199
 4144 0020 7047     		bx	lr
 4145              	.L312:
 4146 0022 00BF     		.align	2
 4147              	.L311:
 4148 0024 00000000 		.word	xQueueRegistry
 4149              		.cfi_endproc
 4150              	.LFE32:
 4152              		.section	.text.pcQueueGetName,"ax",%progbits
 4153              		.align	1
 4154              		.global	pcQueueGetName
 4155              		.syntax unified
 4156              		.thumb
 4157              		.thumb_func
 4159              	pcQueueGetName:
 4160              	.LVL339:
 4161              	.LFB33:
2671:Middlewares/Third_Party/FreeRTOS/Source/queue.c **** 
2672:Middlewares/Third_Party/FreeRTOS/Source/queue.c **** #endif /* configQUEUE_REGISTRY_SIZE */
2673:Middlewares/Third_Party/FreeRTOS/Source/queue.c **** /*-----------------------------------------------------------*/
2674:Middlewares/Third_Party/FreeRTOS/Source/queue.c **** 
2675:Middlewares/Third_Party/FreeRTOS/Source/queue.c **** #if ( configQUEUE_REGISTRY_SIZE > 0 )
2676:Middlewares/Third_Party/FreeRTOS/Source/queue.c **** 
2677:Middlewares/Third_Party/FreeRTOS/Source/queue.c **** 	const char *pcQueueGetName( QueueHandle_t xQueue ) /*lint !e971 Unqualified char types are allowed
2678:Middlewares/Third_Party/FreeRTOS/Source/queue.c **** 	{
 4162              		.loc 1 2678 2 is_stmt 1 view -0
 4163              		.cfi_startproc
 4164              		@ args = 0, pretend = 0, frame = 0
 4165              		@ frame_needed = 0, uses_anonymous_args = 0
 4166              		@ link register save eliminated.
2679:Middlewares/Third_Party/FreeRTOS/Source/queue.c **** 	UBaseType_t ux;
 4167              		.loc 1 2679 2 view .LVU1201
2680:Middlewares/Third_Party/FreeRTOS/Source/queue.c **** 	const char *pcReturn = NULL; /*lint !e971 Unqualified char types are allowed for strings and singl
 4168              		.loc 1 2680 2 view .LVU1202
2681:Middlewares/Third_Party/FreeRTOS/Source/queue.c **** 
2682:Middlewares/Third_Party/FreeRTOS/Source/queue.c **** 		/* Note there is nothing here to protect against another task adding or
2683:Middlewares/Third_Party/FreeRTOS/Source/queue.c **** 		removing entries from the registry while it is being searched. */
2684:Middlewares/Third_Party/FreeRTOS/Source/queue.c **** 		for( ux = ( UBaseType_t ) 0U; ux < ( UBaseType_t ) configQUEUE_REGISTRY_SIZE; ux++ )
 4169              		.loc 1 2684 3 view .LVU1203
ARM GAS  C:\Users\subdia\AppData\Local\Temp\ccc2GLt8.s 			page 144


 4170              		.loc 1 2684 11 is_stmt 0 view .LVU1204
 4171 0000 0023     		movs	r3, #0
 4172              	.LVL340:
 4173              	.L314:
 4174              		.loc 1 2684 36 is_stmt 1 discriminator 1 view .LVU1205
 4175 0002 072B     		cmp	r3, #7
 4176 0004 0BD8     		bhi	.L318
2685:Middlewares/Third_Party/FreeRTOS/Source/queue.c **** 		{
2686:Middlewares/Third_Party/FreeRTOS/Source/queue.c **** 			if( xQueueRegistry[ ux ].xHandle == xQueue )
 4177              		.loc 1 2686 4 view .LVU1206
 4178              		.loc 1 2686 28 is_stmt 0 view .LVU1207
 4179 0006 074A     		ldr	r2, .L320
 4180 0008 02EBC302 		add	r2, r2, r3, lsl #3
 4181 000c 5268     		ldr	r2, [r2, #4]
 4182              		.loc 1 2686 6 view .LVU1208
 4183 000e 8242     		cmp	r2, r0
 4184 0010 01D0     		beq	.L319
2687:Middlewares/Third_Party/FreeRTOS/Source/queue.c **** 			{
2688:Middlewares/Third_Party/FreeRTOS/Source/queue.c **** 				pcReturn = xQueueRegistry[ ux ].pcQueueName;
2689:Middlewares/Third_Party/FreeRTOS/Source/queue.c **** 				break;
2690:Middlewares/Third_Party/FreeRTOS/Source/queue.c **** 			}
2691:Middlewares/Third_Party/FreeRTOS/Source/queue.c **** 			else
2692:Middlewares/Third_Party/FreeRTOS/Source/queue.c **** 			{
2693:Middlewares/Third_Party/FreeRTOS/Source/queue.c **** 				mtCOVERAGE_TEST_MARKER();
 4185              		.loc 1 2693 29 is_stmt 1 view .LVU1209
2684:Middlewares/Third_Party/FreeRTOS/Source/queue.c **** 		{
 4186              		.loc 1 2684 83 discriminator 2 view .LVU1210
 4187 0012 0133     		adds	r3, r3, #1
 4188              	.LVL341:
2684:Middlewares/Third_Party/FreeRTOS/Source/queue.c **** 		{
 4189              		.loc 1 2684 83 is_stmt 0 discriminator 2 view .LVU1211
 4190 0014 F5E7     		b	.L314
 4191              	.LVL342:
 4192              	.L319:
2688:Middlewares/Third_Party/FreeRTOS/Source/queue.c **** 				break;
 4193              		.loc 1 2688 5 is_stmt 1 view .LVU1212
2688:Middlewares/Third_Party/FreeRTOS/Source/queue.c **** 				break;
 4194              		.loc 1 2688 14 is_stmt 0 view .LVU1213
 4195 0016 034A     		ldr	r2, .L320
 4196 0018 52F83300 		ldr	r0, [r2, r3, lsl #3]
 4197              	.LVL343:
2689:Middlewares/Third_Party/FreeRTOS/Source/queue.c **** 			}
 4198              		.loc 1 2689 5 is_stmt 1 view .LVU1214
 4199 001c 7047     		bx	lr
 4200              	.LVL344:
 4201              	.L318:
2680:Middlewares/Third_Party/FreeRTOS/Source/queue.c **** 
 4202              		.loc 1 2680 14 is_stmt 0 view .LVU1215
 4203 001e 0020     		movs	r0, #0
 4204              	.LVL345:
2694:Middlewares/Third_Party/FreeRTOS/Source/queue.c **** 			}
2695:Middlewares/Third_Party/FreeRTOS/Source/queue.c **** 		}
2696:Middlewares/Third_Party/FreeRTOS/Source/queue.c **** 
2697:Middlewares/Third_Party/FreeRTOS/Source/queue.c **** 		return pcReturn;
 4205              		.loc 1 2697 3 is_stmt 1 view .LVU1216
2698:Middlewares/Third_Party/FreeRTOS/Source/queue.c **** 	} /*lint !e818 xQueue cannot be a pointer to const because it is a typedef. */
 4206              		.loc 1 2698 2 is_stmt 0 view .LVU1217
ARM GAS  C:\Users\subdia\AppData\Local\Temp\ccc2GLt8.s 			page 145


 4207 0020 7047     		bx	lr
 4208              	.L321:
 4209 0022 00BF     		.align	2
 4210              	.L320:
 4211 0024 00000000 		.word	xQueueRegistry
 4212              		.cfi_endproc
 4213              	.LFE33:
 4215              		.section	.text.vQueueUnregisterQueue,"ax",%progbits
 4216              		.align	1
 4217              		.global	vQueueUnregisterQueue
 4218              		.syntax unified
 4219              		.thumb
 4220              		.thumb_func
 4222              	vQueueUnregisterQueue:
 4223              	.LVL346:
 4224              	.LFB34:
2699:Middlewares/Third_Party/FreeRTOS/Source/queue.c **** 
2700:Middlewares/Third_Party/FreeRTOS/Source/queue.c **** #endif /* configQUEUE_REGISTRY_SIZE */
2701:Middlewares/Third_Party/FreeRTOS/Source/queue.c **** /*-----------------------------------------------------------*/
2702:Middlewares/Third_Party/FreeRTOS/Source/queue.c **** 
2703:Middlewares/Third_Party/FreeRTOS/Source/queue.c **** #if ( configQUEUE_REGISTRY_SIZE > 0 )
2704:Middlewares/Third_Party/FreeRTOS/Source/queue.c **** 
2705:Middlewares/Third_Party/FreeRTOS/Source/queue.c **** 	void vQueueUnregisterQueue( QueueHandle_t xQueue )
2706:Middlewares/Third_Party/FreeRTOS/Source/queue.c **** 	{
 4225              		.loc 1 2706 2 is_stmt 1 view -0
 4226              		.cfi_startproc
 4227              		@ args = 0, pretend = 0, frame = 0
 4228              		@ frame_needed = 0, uses_anonymous_args = 0
 4229              		@ link register save eliminated.
2707:Middlewares/Third_Party/FreeRTOS/Source/queue.c **** 	UBaseType_t ux;
 4230              		.loc 1 2707 2 view .LVU1219
2708:Middlewares/Third_Party/FreeRTOS/Source/queue.c **** 
2709:Middlewares/Third_Party/FreeRTOS/Source/queue.c **** 		/* See if the handle of the queue being unregistered in actually in the
2710:Middlewares/Third_Party/FreeRTOS/Source/queue.c **** 		registry. */
2711:Middlewares/Third_Party/FreeRTOS/Source/queue.c **** 		for( ux = ( UBaseType_t ) 0U; ux < ( UBaseType_t ) configQUEUE_REGISTRY_SIZE; ux++ )
 4231              		.loc 1 2711 3 view .LVU1220
 4232              		.loc 1 2711 11 is_stmt 0 view .LVU1221
 4233 0000 0023     		movs	r3, #0
 4234              	.LVL347:
 4235              	.L323:
 4236              		.loc 1 2711 36 is_stmt 1 discriminator 1 view .LVU1222
 4237 0002 072B     		cmp	r3, #7
 4238 0004 0FD8     		bhi	.L327
2712:Middlewares/Third_Party/FreeRTOS/Source/queue.c **** 		{
2713:Middlewares/Third_Party/FreeRTOS/Source/queue.c **** 			if( xQueueRegistry[ ux ].xHandle == xQueue )
 4239              		.loc 1 2713 4 view .LVU1223
 4240              		.loc 1 2713 28 is_stmt 0 view .LVU1224
 4241 0006 084A     		ldr	r2, .L329
 4242 0008 02EBC302 		add	r2, r2, r3, lsl #3
 4243 000c 5268     		ldr	r2, [r2, #4]
 4244              		.loc 1 2713 6 view .LVU1225
 4245 000e 8242     		cmp	r2, r0
 4246 0010 01D0     		beq	.L328
2714:Middlewares/Third_Party/FreeRTOS/Source/queue.c **** 			{
2715:Middlewares/Third_Party/FreeRTOS/Source/queue.c **** 				/* Set the name to NULL to show that this slot if free again. */
2716:Middlewares/Third_Party/FreeRTOS/Source/queue.c **** 				xQueueRegistry[ ux ].pcQueueName = NULL;
2717:Middlewares/Third_Party/FreeRTOS/Source/queue.c **** 
ARM GAS  C:\Users\subdia\AppData\Local\Temp\ccc2GLt8.s 			page 146


2718:Middlewares/Third_Party/FreeRTOS/Source/queue.c **** 				/* Set the handle to NULL to ensure the same queue handle cannot
2719:Middlewares/Third_Party/FreeRTOS/Source/queue.c **** 				appear in the registry twice if it is added, removed, then
2720:Middlewares/Third_Party/FreeRTOS/Source/queue.c **** 				added again. */
2721:Middlewares/Third_Party/FreeRTOS/Source/queue.c **** 				xQueueRegistry[ ux ].xHandle = ( QueueHandle_t ) 0;
2722:Middlewares/Third_Party/FreeRTOS/Source/queue.c **** 				break;
2723:Middlewares/Third_Party/FreeRTOS/Source/queue.c **** 			}
2724:Middlewares/Third_Party/FreeRTOS/Source/queue.c **** 			else
2725:Middlewares/Third_Party/FreeRTOS/Source/queue.c **** 			{
2726:Middlewares/Third_Party/FreeRTOS/Source/queue.c **** 				mtCOVERAGE_TEST_MARKER();
 4247              		.loc 1 2726 29 is_stmt 1 view .LVU1226
2711:Middlewares/Third_Party/FreeRTOS/Source/queue.c **** 		{
 4248              		.loc 1 2711 83 discriminator 2 view .LVU1227
 4249 0012 0133     		adds	r3, r3, #1
 4250              	.LVL348:
2711:Middlewares/Third_Party/FreeRTOS/Source/queue.c **** 		{
 4251              		.loc 1 2711 83 is_stmt 0 discriminator 2 view .LVU1228
 4252 0014 F5E7     		b	.L323
 4253              	.LVL349:
 4254              	.L328:
2716:Middlewares/Third_Party/FreeRTOS/Source/queue.c **** 
 4255              		.loc 1 2716 5 is_stmt 1 view .LVU1229
2716:Middlewares/Third_Party/FreeRTOS/Source/queue.c **** 
 4256              		.loc 1 2716 38 is_stmt 0 view .LVU1230
 4257 0016 044A     		ldr	r2, .L329
 4258 0018 0021     		movs	r1, #0
 4259 001a 42F83310 		str	r1, [r2, r3, lsl #3]
2721:Middlewares/Third_Party/FreeRTOS/Source/queue.c **** 				break;
 4260              		.loc 1 2721 5 is_stmt 1 view .LVU1231
2721:Middlewares/Third_Party/FreeRTOS/Source/queue.c **** 				break;
 4261              		.loc 1 2721 34 is_stmt 0 view .LVU1232
 4262 001e 02EBC302 		add	r2, r2, r3, lsl #3
 4263 0022 5160     		str	r1, [r2, #4]
2722:Middlewares/Third_Party/FreeRTOS/Source/queue.c **** 			}
 4264              		.loc 1 2722 5 is_stmt 1 view .LVU1233
 4265 0024 7047     		bx	lr
 4266              	.L327:
2727:Middlewares/Third_Party/FreeRTOS/Source/queue.c **** 			}
2728:Middlewares/Third_Party/FreeRTOS/Source/queue.c **** 		}
2729:Middlewares/Third_Party/FreeRTOS/Source/queue.c **** 
2730:Middlewares/Third_Party/FreeRTOS/Source/queue.c **** 	} /*lint !e818 xQueue could not be pointer to const because it is a typedef. */
 4267              		.loc 1 2730 2 is_stmt 0 view .LVU1234
 4268 0026 7047     		bx	lr
 4269              	.L330:
 4270              		.align	2
 4271              	.L329:
 4272 0028 00000000 		.word	xQueueRegistry
 4273              		.cfi_endproc
 4274              	.LFE34:
 4276              		.section	.text.vQueueDelete,"ax",%progbits
 4277              		.align	1
 4278              		.global	vQueueDelete
 4279              		.syntax unified
 4280              		.thumb
 4281              		.thumb_func
 4283              	vQueueDelete:
 4284              	.LVL350:
 4285              	.LFB23:
ARM GAS  C:\Users\subdia\AppData\Local\Temp\ccc2GLt8.s 			page 147


1976:Middlewares/Third_Party/FreeRTOS/Source/queue.c **** Queue_t * const pxQueue = xQueue;
 4286              		.loc 1 1976 1 is_stmt 1 view -0
 4287              		.cfi_startproc
 4288              		@ args = 0, pretend = 0, frame = 0
 4289              		@ frame_needed = 0, uses_anonymous_args = 0
1977:Middlewares/Third_Party/FreeRTOS/Source/queue.c **** 
 4290              		.loc 1 1977 1 view .LVU1236
1979:Middlewares/Third_Party/FreeRTOS/Source/queue.c **** 	traceQUEUE_DELETE( pxQueue );
 4291              		.loc 1 1979 2 view .LVU1237
 4292 0000 38B1     		cbz	r0, .L337
1976:Middlewares/Third_Party/FreeRTOS/Source/queue.c **** Queue_t * const pxQueue = xQueue;
 4293              		.loc 1 1976 1 is_stmt 0 view .LVU1238
 4294 0002 10B5     		push	{r4, lr}
 4295              	.LCFI45:
 4296              		.cfi_def_cfa_offset 8
 4297              		.cfi_offset 4, -8
 4298              		.cfi_offset 14, -4
 4299 0004 0446     		mov	r4, r0
1979:Middlewares/Third_Party/FreeRTOS/Source/queue.c **** 	traceQUEUE_DELETE( pxQueue );
 4300              		.loc 1 1979 25 is_stmt 1 view .LVU1239
1980:Middlewares/Third_Party/FreeRTOS/Source/queue.c **** 
 4301              		.loc 1 1980 30 view .LVU1240
1984:Middlewares/Third_Party/FreeRTOS/Source/queue.c **** 	}
 4302              		.loc 1 1984 3 view .LVU1241
 4303 0006 FFF7FEFF 		bl	vQueueUnregisterQueue
 4304              	.LVL351:
1998:Middlewares/Third_Party/FreeRTOS/Source/queue.c **** 		{
 4305              		.loc 1 1998 3 view .LVU1242
1998:Middlewares/Third_Party/FreeRTOS/Source/queue.c **** 		{
 4306              		.loc 1 1998 14 is_stmt 0 view .LVU1243
 4307 000a 94F84630 		ldrb	r3, [r4, #70]	@ zero_extendqisi2
1998:Middlewares/Third_Party/FreeRTOS/Source/queue.c **** 		{
 4308              		.loc 1 1998 5 view .LVU1244
 4309 000e 4BB1     		cbz	r3, .L338
 4310              	.L331:
2014:Middlewares/Third_Party/FreeRTOS/Source/queue.c **** /*-----------------------------------------------------------*/
 4311              		.loc 1 2014 1 view .LVU1245
 4312 0010 10BD     		pop	{r4, pc}
 4313              	.LVL352:
 4314              	.L337:
 4315              	.LCFI46:
 4316              		.cfi_def_cfa_offset 0
 4317              		.cfi_restore 4
 4318              		.cfi_restore 14
1979:Middlewares/Third_Party/FreeRTOS/Source/queue.c **** 	traceQUEUE_DELETE( pxQueue );
 4319              		.loc 1 1979 2 is_stmt 1 discriminator 1 view .LVU1246
 4320              	.LBB218:
 4321              	.LBI218:
 193:Middlewares/Third_Party/FreeRTOS/Source/portable/GCC/ARM_CM3/portmacro.h **** {
 4322              		.loc 2 193 30 view .LVU1247
 4323              	.LBB219:
 195:Middlewares/Third_Party/FreeRTOS/Source/portable/GCC/ARM_CM3/portmacro.h **** 
 4324              		.loc 2 195 1 view .LVU1248
 197:Middlewares/Third_Party/FreeRTOS/Source/portable/GCC/ARM_CM3/portmacro.h **** 	(
 4325              		.loc 2 197 2 view .LVU1249
 4326              		.syntax unified
 4327              	@ 197 "Middlewares/Third_Party/FreeRTOS/Source/portable/GCC/ARM_CM3/portmacro.h" 1
ARM GAS  C:\Users\subdia\AppData\Local\Temp\ccc2GLt8.s 			page 148


 4328 0012 4FF05003 			mov r3, #80												
 4329 0016 83F31188 		msr basepri, r3											
 4330 001a BFF36F8F 		isb														
 4331 001e BFF34F8F 		dsb														
 4332              	
 4333              	@ 0 "" 2
 4334              		.thumb
 4335              		.syntax unified
 4336              	.L333:
 4337              	.LBE219:
 4338              	.LBE218:
1979:Middlewares/Third_Party/FreeRTOS/Source/queue.c **** 	traceQUEUE_DELETE( pxQueue );
 4339              		.loc 1 1979 2 view .LVU1250
 4340 0022 FEE7     		b	.L333
 4341              	.LVL353:
 4342              	.L338:
 4343              	.LCFI47:
 4344              		.cfi_def_cfa_offset 8
 4345              		.cfi_offset 4, -8
 4346              		.cfi_offset 14, -4
2000:Middlewares/Third_Party/FreeRTOS/Source/queue.c **** 		}
 4347              		.loc 1 2000 4 view .LVU1251
 4348 0024 2046     		mov	r0, r4
 4349 0026 FFF7FEFF 		bl	vPortFree
 4350              	.LVL354:
2004:Middlewares/Third_Party/FreeRTOS/Source/queue.c **** 		}
 4351              		.loc 1 2004 28 view .LVU1252
2014:Middlewares/Third_Party/FreeRTOS/Source/queue.c **** /*-----------------------------------------------------------*/
 4352              		.loc 1 2014 1 is_stmt 0 view .LVU1253
 4353 002a F1E7     		b	.L331
 4354              		.cfi_endproc
 4355              	.LFE23:
 4357              		.global	xQueueRegistry
 4358              		.section	.bss.xQueueRegistry,"aw",%nobits
 4359              		.align	2
 4362              	xQueueRegistry:
 4363 0000 00000000 		.space	64
 4363      00000000 
 4363      00000000 
 4363      00000000 
 4363      00000000 
 4364              		.text
 4365              	.Letext0:
 4366              		.file 3 "C:/GNUArmToolchain/arm-none-eabi-gcc-15.2.1/lib/gcc/arm-none-eabi/15.2.1/include/stddef.h
 4367              		.file 4 "C:/GNUArmToolchain/arm-none-eabi-gcc-15.2.1/arm-none-eabi/include/machine/_default_types.
 4368              		.file 5 "C:/GNUArmToolchain/arm-none-eabi-gcc-15.2.1/arm-none-eabi/include/sys/_stdint.h"
 4369              		.file 6 "Middlewares/Third_Party/FreeRTOS/Source/include/FreeRTOS.h"
 4370              		.file 7 "Middlewares/Third_Party/FreeRTOS/Source/include/list.h"
 4371              		.file 8 "Middlewares/Third_Party/FreeRTOS/Source/include/task.h"
 4372              		.file 9 "Middlewares/Third_Party/FreeRTOS/Source/include/queue.h"
 4373              		.file 10 "Middlewares/Third_Party/FreeRTOS/Source/include/portable.h"
 4374              		.file 11 "C:/GNUArmToolchain/arm-none-eabi-gcc-15.2.1/arm-none-eabi/include/string.h"
 4375              		.file 12 "<built-in>"
ARM GAS  C:\Users\subdia\AppData\Local\Temp\ccc2GLt8.s 			page 149


DEFINED SYMBOLS
                            *ABS*:00000000 queue.c
C:\Users\subdia\AppData\Local\Temp\ccc2GLt8.s:19     .text.prvGetDisinheritPriorityAfterTimeout:00000000 $t
C:\Users\subdia\AppData\Local\Temp\ccc2GLt8.s:24     .text.prvGetDisinheritPriorityAfterTimeout:00000000 prvGetDisinheritPriorityAfterTimeout
C:\Users\subdia\AppData\Local\Temp\ccc2GLt8.s:58     .text.prvIsQueueFull:00000000 $t
C:\Users\subdia\AppData\Local\Temp\ccc2GLt8.s:63     .text.prvIsQueueFull:00000000 prvIsQueueFull
C:\Users\subdia\AppData\Local\Temp\ccc2GLt8.s:111    .text.prvIsQueueEmpty:00000000 $t
C:\Users\subdia\AppData\Local\Temp\ccc2GLt8.s:116    .text.prvIsQueueEmpty:00000000 prvIsQueueEmpty
C:\Users\subdia\AppData\Local\Temp\ccc2GLt8.s:163    .text.prvCopyDataToQueue:00000000 $t
C:\Users\subdia\AppData\Local\Temp\ccc2GLt8.s:168    .text.prvCopyDataToQueue:00000000 prvCopyDataToQueue
C:\Users\subdia\AppData\Local\Temp\ccc2GLt8.s:327    .text.prvCopyDataFromQueue:00000000 $t
C:\Users\subdia\AppData\Local\Temp\ccc2GLt8.s:332    .text.prvCopyDataFromQueue:00000000 prvCopyDataFromQueue
C:\Users\subdia\AppData\Local\Temp\ccc2GLt8.s:384    .text.prvUnlockQueue:00000000 $t
C:\Users\subdia\AppData\Local\Temp\ccc2GLt8.s:389    .text.prvUnlockQueue:00000000 prvUnlockQueue
C:\Users\subdia\AppData\Local\Temp\ccc2GLt8.s:514    .text.xQueueGenericReset:00000000 $t
C:\Users\subdia\AppData\Local\Temp\ccc2GLt8.s:520    .text.xQueueGenericReset:00000000 xQueueGenericReset
C:\Users\subdia\AppData\Local\Temp\ccc2GLt8.s:659    .text.prvInitialiseNewQueue:00000000 $t
C:\Users\subdia\AppData\Local\Temp\ccc2GLt8.s:664    .text.prvInitialiseNewQueue:00000000 prvInitialiseNewQueue
C:\Users\subdia\AppData\Local\Temp\ccc2GLt8.s:717    .text.xQueueGenericCreateStatic:00000000 $t
C:\Users\subdia\AppData\Local\Temp\ccc2GLt8.s:723    .text.xQueueGenericCreateStatic:00000000 xQueueGenericCreateStatic
C:\Users\subdia\AppData\Local\Temp\ccc2GLt8.s:935    .text.xQueueGenericCreate:00000000 $t
C:\Users\subdia\AppData\Local\Temp\ccc2GLt8.s:941    .text.xQueueGenericCreate:00000000 xQueueGenericCreate
C:\Users\subdia\AppData\Local\Temp\ccc2GLt8.s:1043   .text.xQueueGenericSend:00000000 $t
C:\Users\subdia\AppData\Local\Temp\ccc2GLt8.s:1049   .text.xQueueGenericSend:00000000 xQueueGenericSend
C:\Users\subdia\AppData\Local\Temp\ccc2GLt8.s:1449   .text.prvInitialiseMutex:00000000 $t
C:\Users\subdia\AppData\Local\Temp\ccc2GLt8.s:1454   .text.prvInitialiseMutex:00000000 prvInitialiseMutex
C:\Users\subdia\AppData\Local\Temp\ccc2GLt8.s:1502   .text.xQueueCreateMutex:00000000 $t
C:\Users\subdia\AppData\Local\Temp\ccc2GLt8.s:1508   .text.xQueueCreateMutex:00000000 xQueueCreateMutex
C:\Users\subdia\AppData\Local\Temp\ccc2GLt8.s:1548   .text.xQueueCreateMutexStatic:00000000 $t
C:\Users\subdia\AppData\Local\Temp\ccc2GLt8.s:1554   .text.xQueueCreateMutexStatic:00000000 xQueueCreateMutexStatic
C:\Users\subdia\AppData\Local\Temp\ccc2GLt8.s:1606   .text.xQueueGenericSendFromISR:00000000 $t
C:\Users\subdia\AppData\Local\Temp\ccc2GLt8.s:1612   .text.xQueueGenericSendFromISR:00000000 xQueueGenericSendFromISR
C:\Users\subdia\AppData\Local\Temp\ccc2GLt8.s:1870   .text.xQueueGiveFromISR:00000000 $t
C:\Users\subdia\AppData\Local\Temp\ccc2GLt8.s:1876   .text.xQueueGiveFromISR:00000000 xQueueGiveFromISR
C:\Users\subdia\AppData\Local\Temp\ccc2GLt8.s:2137   .text.xQueueReceive:00000000 $t
C:\Users\subdia\AppData\Local\Temp\ccc2GLt8.s:2143   .text.xQueueReceive:00000000 xQueueReceive
C:\Users\subdia\AppData\Local\Temp\ccc2GLt8.s:2505   .text.xQueueSemaphoreTake:00000000 $t
C:\Users\subdia\AppData\Local\Temp\ccc2GLt8.s:2511   .text.xQueueSemaphoreTake:00000000 xQueueSemaphoreTake
C:\Users\subdia\AppData\Local\Temp\ccc2GLt8.s:2967   .text.xQueuePeek:00000000 $t
C:\Users\subdia\AppData\Local\Temp\ccc2GLt8.s:2973   .text.xQueuePeek:00000000 xQueuePeek
C:\Users\subdia\AppData\Local\Temp\ccc2GLt8.s:3337   .text.xQueueReceiveFromISR:00000000 $t
C:\Users\subdia\AppData\Local\Temp\ccc2GLt8.s:3343   .text.xQueueReceiveFromISR:00000000 xQueueReceiveFromISR
C:\Users\subdia\AppData\Local\Temp\ccc2GLt8.s:3568   .text.xQueuePeekFromISR:00000000 $t
C:\Users\subdia\AppData\Local\Temp\ccc2GLt8.s:3574   .text.xQueuePeekFromISR:00000000 xQueuePeekFromISR
C:\Users\subdia\AppData\Local\Temp\ccc2GLt8.s:3762   .text.uxQueueMessagesWaiting:00000000 $t
C:\Users\subdia\AppData\Local\Temp\ccc2GLt8.s:3768   .text.uxQueueMessagesWaiting:00000000 uxQueueMessagesWaiting
C:\Users\subdia\AppData\Local\Temp\ccc2GLt8.s:3833   .text.uxQueueSpacesAvailable:00000000 $t
C:\Users\subdia\AppData\Local\Temp\ccc2GLt8.s:3839   .text.uxQueueSpacesAvailable:00000000 uxQueueSpacesAvailable
C:\Users\subdia\AppData\Local\Temp\ccc2GLt8.s:3909   .text.uxQueueMessagesWaitingFromISR:00000000 $t
C:\Users\subdia\AppData\Local\Temp\ccc2GLt8.s:3915   .text.uxQueueMessagesWaitingFromISR:00000000 uxQueueMessagesWaitingFromISR
C:\Users\subdia\AppData\Local\Temp\ccc2GLt8.s:3963   .text.xQueueIsQueueEmptyFromISR:00000000 $t
C:\Users\subdia\AppData\Local\Temp\ccc2GLt8.s:3969   .text.xQueueIsQueueEmptyFromISR:00000000 xQueueIsQueueEmptyFromISR
C:\Users\subdia\AppData\Local\Temp\ccc2GLt8.s:4027   .text.xQueueIsQueueFullFromISR:00000000 $t
C:\Users\subdia\AppData\Local\Temp\ccc2GLt8.s:4033   .text.xQueueIsQueueFullFromISR:00000000 xQueueIsQueueFullFromISR
C:\Users\subdia\AppData\Local\Temp\ccc2GLt8.s:4094   .text.vQueueAddToRegistry:00000000 $t
C:\Users\subdia\AppData\Local\Temp\ccc2GLt8.s:4100   .text.vQueueAddToRegistry:00000000 vQueueAddToRegistry
C:\Users\subdia\AppData\Local\Temp\ccc2GLt8.s:4148   .text.vQueueAddToRegistry:00000024 $d
ARM GAS  C:\Users\subdia\AppData\Local\Temp\ccc2GLt8.s 			page 150


C:\Users\subdia\AppData\Local\Temp\ccc2GLt8.s:4362   .bss.xQueueRegistry:00000000 xQueueRegistry
C:\Users\subdia\AppData\Local\Temp\ccc2GLt8.s:4153   .text.pcQueueGetName:00000000 $t
C:\Users\subdia\AppData\Local\Temp\ccc2GLt8.s:4159   .text.pcQueueGetName:00000000 pcQueueGetName
C:\Users\subdia\AppData\Local\Temp\ccc2GLt8.s:4211   .text.pcQueueGetName:00000024 $d
C:\Users\subdia\AppData\Local\Temp\ccc2GLt8.s:4216   .text.vQueueUnregisterQueue:00000000 $t
C:\Users\subdia\AppData\Local\Temp\ccc2GLt8.s:4222   .text.vQueueUnregisterQueue:00000000 vQueueUnregisterQueue
C:\Users\subdia\AppData\Local\Temp\ccc2GLt8.s:4272   .text.vQueueUnregisterQueue:00000028 $d
C:\Users\subdia\AppData\Local\Temp\ccc2GLt8.s:4277   .text.vQueueDelete:00000000 $t
C:\Users\subdia\AppData\Local\Temp\ccc2GLt8.s:4283   .text.vQueueDelete:00000000 vQueueDelete
C:\Users\subdia\AppData\Local\Temp\ccc2GLt8.s:4359   .bss.xQueueRegistry:00000000 $d

UNDEFINED SYMBOLS
vPortEnterCritical
vPortExitCritical
xTaskPriorityDisinherit
memcpy
xTaskRemoveFromEventList
vTaskMissedYield
vListInitialise
pvPortMalloc
xTaskGetSchedulerState
vTaskInternalSetTimeOutState
xTaskResumeAll
vTaskSuspendAll
xTaskCheckForTimeOut
vTaskPlaceOnEventList
vPortValidateInterruptPriority
pvTaskIncrementMutexHeldCount
xTaskPriorityInherit
vTaskPriorityDisinheritAfterTimeout
vPortFree
