ARM GAS  C:\Users\subdia\AppData\Local\Temp\ccmLEiFj.s 			page 1


   1              		.cpu cortex-m3
   2              		.arch armv7-m
   3              		.fpu softvfp
   4              		.eabi_attribute 20, 1
   5              		.eabi_attribute 21, 1
   6              		.eabi_attribute 23, 3
   7              		.eabi_attribute 24, 1
   8              		.eabi_attribute 25, 1
   9              		.eabi_attribute 26, 1
  10              		.eabi_attribute 30, 1
  11              		.eabi_attribute 34, 1
  12              		.eabi_attribute 18, 4
  13              		.file	"stm32f1xx_ll_usb.c"
  14              		.text
  15              	.Ltext0:
  16              		.cfi_sections	.debug_frame
  17              		.file 1 "Drivers/STM32F1xx_HAL_Driver/Src/stm32f1xx_ll_usb.c"
  18              		.section	.text.USB_CoreInit,"ax",%progbits
  19              		.align	1
  20              		.global	USB_CoreInit
  21              		.syntax unified
  22              		.thumb
  23              		.thumb_func
  25              	USB_CoreInit:
  26              	.LVL0:
  27              	.LFB65:
   1:Drivers/STM32F1xx_HAL_Driver/Src/stm32f1xx_ll_usb.c **** /**
   2:Drivers/STM32F1xx_HAL_Driver/Src/stm32f1xx_ll_usb.c ****   ******************************************************************************
   3:Drivers/STM32F1xx_HAL_Driver/Src/stm32f1xx_ll_usb.c ****   * @file    stm32f1xx_ll_usb.c
   4:Drivers/STM32F1xx_HAL_Driver/Src/stm32f1xx_ll_usb.c ****   * @author  MCD Application Team
   5:Drivers/STM32F1xx_HAL_Driver/Src/stm32f1xx_ll_usb.c ****   * @brief   USB Low Layer HAL module driver.
   6:Drivers/STM32F1xx_HAL_Driver/Src/stm32f1xx_ll_usb.c ****   *
   7:Drivers/STM32F1xx_HAL_Driver/Src/stm32f1xx_ll_usb.c ****   *          This file provides firmware functions to manage the following
   8:Drivers/STM32F1xx_HAL_Driver/Src/stm32f1xx_ll_usb.c ****   *          functionalities of the USB Peripheral Controller:
   9:Drivers/STM32F1xx_HAL_Driver/Src/stm32f1xx_ll_usb.c ****   *           + Initialization/de-initialization functions
  10:Drivers/STM32F1xx_HAL_Driver/Src/stm32f1xx_ll_usb.c ****   *           + I/O operation functions
  11:Drivers/STM32F1xx_HAL_Driver/Src/stm32f1xx_ll_usb.c ****   *           + Peripheral Control functions
  12:Drivers/STM32F1xx_HAL_Driver/Src/stm32f1xx_ll_usb.c ****   *           + Peripheral State functions
  13:Drivers/STM32F1xx_HAL_Driver/Src/stm32f1xx_ll_usb.c ****   *
  14:Drivers/STM32F1xx_HAL_Driver/Src/stm32f1xx_ll_usb.c ****   ******************************************************************************
  15:Drivers/STM32F1xx_HAL_Driver/Src/stm32f1xx_ll_usb.c ****   * @attention
  16:Drivers/STM32F1xx_HAL_Driver/Src/stm32f1xx_ll_usb.c ****   *
  17:Drivers/STM32F1xx_HAL_Driver/Src/stm32f1xx_ll_usb.c ****   * Copyright (c) 2016 STMicroelectronics.
  18:Drivers/STM32F1xx_HAL_Driver/Src/stm32f1xx_ll_usb.c ****   * All rights reserved.
  19:Drivers/STM32F1xx_HAL_Driver/Src/stm32f1xx_ll_usb.c ****   *
  20:Drivers/STM32F1xx_HAL_Driver/Src/stm32f1xx_ll_usb.c ****   * This software is licensed under terms that can be found in the LICENSE file
  21:Drivers/STM32F1xx_HAL_Driver/Src/stm32f1xx_ll_usb.c ****   * in the root directory of this software component.
  22:Drivers/STM32F1xx_HAL_Driver/Src/stm32f1xx_ll_usb.c ****   * If no LICENSE file comes with this software, it is provided AS-IS.
  23:Drivers/STM32F1xx_HAL_Driver/Src/stm32f1xx_ll_usb.c ****   *
  24:Drivers/STM32F1xx_HAL_Driver/Src/stm32f1xx_ll_usb.c ****   ******************************************************************************
  25:Drivers/STM32F1xx_HAL_Driver/Src/stm32f1xx_ll_usb.c ****   @verbatim
  26:Drivers/STM32F1xx_HAL_Driver/Src/stm32f1xx_ll_usb.c ****   ==============================================================================
  27:Drivers/STM32F1xx_HAL_Driver/Src/stm32f1xx_ll_usb.c ****                     ##### How to use this driver #####
  28:Drivers/STM32F1xx_HAL_Driver/Src/stm32f1xx_ll_usb.c ****   ==============================================================================
  29:Drivers/STM32F1xx_HAL_Driver/Src/stm32f1xx_ll_usb.c ****     [..]
  30:Drivers/STM32F1xx_HAL_Driver/Src/stm32f1xx_ll_usb.c ****       (#) Fill parameters of Init structure in USB_CfgTypeDef structure.
  31:Drivers/STM32F1xx_HAL_Driver/Src/stm32f1xx_ll_usb.c **** 
ARM GAS  C:\Users\subdia\AppData\Local\Temp\ccmLEiFj.s 			page 2


  32:Drivers/STM32F1xx_HAL_Driver/Src/stm32f1xx_ll_usb.c ****       (#) Call USB_CoreInit() API to initialize the USB Core peripheral.
  33:Drivers/STM32F1xx_HAL_Driver/Src/stm32f1xx_ll_usb.c **** 
  34:Drivers/STM32F1xx_HAL_Driver/Src/stm32f1xx_ll_usb.c ****       (#) The upper HAL HCD/PCD driver will call the right routines for its internal processes.
  35:Drivers/STM32F1xx_HAL_Driver/Src/stm32f1xx_ll_usb.c **** 
  36:Drivers/STM32F1xx_HAL_Driver/Src/stm32f1xx_ll_usb.c ****   @endverbatim
  37:Drivers/STM32F1xx_HAL_Driver/Src/stm32f1xx_ll_usb.c **** 
  38:Drivers/STM32F1xx_HAL_Driver/Src/stm32f1xx_ll_usb.c ****   ******************************************************************************
  39:Drivers/STM32F1xx_HAL_Driver/Src/stm32f1xx_ll_usb.c ****   */
  40:Drivers/STM32F1xx_HAL_Driver/Src/stm32f1xx_ll_usb.c **** 
  41:Drivers/STM32F1xx_HAL_Driver/Src/stm32f1xx_ll_usb.c **** /* Includes ------------------------------------------------------------------*/
  42:Drivers/STM32F1xx_HAL_Driver/Src/stm32f1xx_ll_usb.c **** #include "stm32f1xx_hal.h"
  43:Drivers/STM32F1xx_HAL_Driver/Src/stm32f1xx_ll_usb.c **** 
  44:Drivers/STM32F1xx_HAL_Driver/Src/stm32f1xx_ll_usb.c **** /** @addtogroup STM32F1xx_LL_USB_DRIVER
  45:Drivers/STM32F1xx_HAL_Driver/Src/stm32f1xx_ll_usb.c ****   * @{
  46:Drivers/STM32F1xx_HAL_Driver/Src/stm32f1xx_ll_usb.c ****   */
  47:Drivers/STM32F1xx_HAL_Driver/Src/stm32f1xx_ll_usb.c **** 
  48:Drivers/STM32F1xx_HAL_Driver/Src/stm32f1xx_ll_usb.c **** #if defined (HAL_PCD_MODULE_ENABLED) || defined (HAL_HCD_MODULE_ENABLED)
  49:Drivers/STM32F1xx_HAL_Driver/Src/stm32f1xx_ll_usb.c **** #if defined (USB) || defined (USB_OTG_FS)
  50:Drivers/STM32F1xx_HAL_Driver/Src/stm32f1xx_ll_usb.c **** /* Private typedef -----------------------------------------------------------*/
  51:Drivers/STM32F1xx_HAL_Driver/Src/stm32f1xx_ll_usb.c **** /* Private define ------------------------------------------------------------*/
  52:Drivers/STM32F1xx_HAL_Driver/Src/stm32f1xx_ll_usb.c **** /* Private macro -------------------------------------------------------------*/
  53:Drivers/STM32F1xx_HAL_Driver/Src/stm32f1xx_ll_usb.c **** /* Private variables ---------------------------------------------------------*/
  54:Drivers/STM32F1xx_HAL_Driver/Src/stm32f1xx_ll_usb.c **** /* Private function prototypes -----------------------------------------------*/
  55:Drivers/STM32F1xx_HAL_Driver/Src/stm32f1xx_ll_usb.c **** /* Private functions ---------------------------------------------------------*/
  56:Drivers/STM32F1xx_HAL_Driver/Src/stm32f1xx_ll_usb.c **** #if defined (USB_OTG_FS)
  57:Drivers/STM32F1xx_HAL_Driver/Src/stm32f1xx_ll_usb.c **** static HAL_StatusTypeDef USB_CoreReset(USB_OTG_GlobalTypeDef *USBx);
  58:Drivers/STM32F1xx_HAL_Driver/Src/stm32f1xx_ll_usb.c **** 
  59:Drivers/STM32F1xx_HAL_Driver/Src/stm32f1xx_ll_usb.c **** /* Exported functions --------------------------------------------------------*/
  60:Drivers/STM32F1xx_HAL_Driver/Src/stm32f1xx_ll_usb.c **** /** @defgroup USB_LL_Exported_Functions USB Low Layer Exported Functions
  61:Drivers/STM32F1xx_HAL_Driver/Src/stm32f1xx_ll_usb.c ****   * @{
  62:Drivers/STM32F1xx_HAL_Driver/Src/stm32f1xx_ll_usb.c ****   */
  63:Drivers/STM32F1xx_HAL_Driver/Src/stm32f1xx_ll_usb.c **** 
  64:Drivers/STM32F1xx_HAL_Driver/Src/stm32f1xx_ll_usb.c **** /** @defgroup USB_LL_Exported_Functions_Group1 Initialization/de-initialization functions
  65:Drivers/STM32F1xx_HAL_Driver/Src/stm32f1xx_ll_usb.c ****   *  @brief    Initialization and Configuration functions
  66:Drivers/STM32F1xx_HAL_Driver/Src/stm32f1xx_ll_usb.c ****   *
  67:Drivers/STM32F1xx_HAL_Driver/Src/stm32f1xx_ll_usb.c **** @verbatim
  68:Drivers/STM32F1xx_HAL_Driver/Src/stm32f1xx_ll_usb.c ****  ===============================================================================
  69:Drivers/STM32F1xx_HAL_Driver/Src/stm32f1xx_ll_usb.c ****                       ##### Initialization/de-initialization functions #####
  70:Drivers/STM32F1xx_HAL_Driver/Src/stm32f1xx_ll_usb.c ****  ===============================================================================
  71:Drivers/STM32F1xx_HAL_Driver/Src/stm32f1xx_ll_usb.c **** 
  72:Drivers/STM32F1xx_HAL_Driver/Src/stm32f1xx_ll_usb.c **** @endverbatim
  73:Drivers/STM32F1xx_HAL_Driver/Src/stm32f1xx_ll_usb.c ****   * @{
  74:Drivers/STM32F1xx_HAL_Driver/Src/stm32f1xx_ll_usb.c ****   */
  75:Drivers/STM32F1xx_HAL_Driver/Src/stm32f1xx_ll_usb.c **** 
  76:Drivers/STM32F1xx_HAL_Driver/Src/stm32f1xx_ll_usb.c **** /**
  77:Drivers/STM32F1xx_HAL_Driver/Src/stm32f1xx_ll_usb.c ****   * @brief  Initializes the USB Core
  78:Drivers/STM32F1xx_HAL_Driver/Src/stm32f1xx_ll_usb.c ****   * @param  USBx USB Instance
  79:Drivers/STM32F1xx_HAL_Driver/Src/stm32f1xx_ll_usb.c ****   * @param  cfg pointer to a USB_OTG_CfgTypeDef structure that contains
  80:Drivers/STM32F1xx_HAL_Driver/Src/stm32f1xx_ll_usb.c ****   *         the configuration information for the specified USBx peripheral.
  81:Drivers/STM32F1xx_HAL_Driver/Src/stm32f1xx_ll_usb.c ****   * @retval HAL status
  82:Drivers/STM32F1xx_HAL_Driver/Src/stm32f1xx_ll_usb.c ****   */
  83:Drivers/STM32F1xx_HAL_Driver/Src/stm32f1xx_ll_usb.c **** HAL_StatusTypeDef USB_CoreInit(USB_OTG_GlobalTypeDef *USBx, USB_OTG_CfgTypeDef cfg)
  84:Drivers/STM32F1xx_HAL_Driver/Src/stm32f1xx_ll_usb.c **** {
  85:Drivers/STM32F1xx_HAL_Driver/Src/stm32f1xx_ll_usb.c ****   HAL_StatusTypeDef ret;
  86:Drivers/STM32F1xx_HAL_Driver/Src/stm32f1xx_ll_usb.c **** 
  87:Drivers/STM32F1xx_HAL_Driver/Src/stm32f1xx_ll_usb.c ****   /* Select FS Embedded PHY */
  88:Drivers/STM32F1xx_HAL_Driver/Src/stm32f1xx_ll_usb.c ****   USBx->GUSBCFG |= USB_OTG_GUSBCFG_PHYSEL;
ARM GAS  C:\Users\subdia\AppData\Local\Temp\ccmLEiFj.s 			page 3


  89:Drivers/STM32F1xx_HAL_Driver/Src/stm32f1xx_ll_usb.c **** 
  90:Drivers/STM32F1xx_HAL_Driver/Src/stm32f1xx_ll_usb.c ****   /* Reset after a PHY select */
  91:Drivers/STM32F1xx_HAL_Driver/Src/stm32f1xx_ll_usb.c ****   ret = USB_CoreReset(USBx);
  92:Drivers/STM32F1xx_HAL_Driver/Src/stm32f1xx_ll_usb.c **** 
  93:Drivers/STM32F1xx_HAL_Driver/Src/stm32f1xx_ll_usb.c ****   /* Activate the USB Transceiver */
  94:Drivers/STM32F1xx_HAL_Driver/Src/stm32f1xx_ll_usb.c ****   USBx->GCCFG |= USB_OTG_GCCFG_PWRDWN;
  95:Drivers/STM32F1xx_HAL_Driver/Src/stm32f1xx_ll_usb.c **** 
  96:Drivers/STM32F1xx_HAL_Driver/Src/stm32f1xx_ll_usb.c ****   return ret;
  97:Drivers/STM32F1xx_HAL_Driver/Src/stm32f1xx_ll_usb.c **** }
  98:Drivers/STM32F1xx_HAL_Driver/Src/stm32f1xx_ll_usb.c **** 
  99:Drivers/STM32F1xx_HAL_Driver/Src/stm32f1xx_ll_usb.c **** 
 100:Drivers/STM32F1xx_HAL_Driver/Src/stm32f1xx_ll_usb.c **** /**
 101:Drivers/STM32F1xx_HAL_Driver/Src/stm32f1xx_ll_usb.c ****   * @brief  Set the USB turnaround time
 102:Drivers/STM32F1xx_HAL_Driver/Src/stm32f1xx_ll_usb.c ****   * @param  USBx USB Instance
 103:Drivers/STM32F1xx_HAL_Driver/Src/stm32f1xx_ll_usb.c ****   * @param  hclk: AHB clock frequency
 104:Drivers/STM32F1xx_HAL_Driver/Src/stm32f1xx_ll_usb.c ****   * @retval USB turnaround time In PHY Clocks number
 105:Drivers/STM32F1xx_HAL_Driver/Src/stm32f1xx_ll_usb.c ****   */
 106:Drivers/STM32F1xx_HAL_Driver/Src/stm32f1xx_ll_usb.c **** HAL_StatusTypeDef USB_SetTurnaroundTime(USB_OTG_GlobalTypeDef *USBx,
 107:Drivers/STM32F1xx_HAL_Driver/Src/stm32f1xx_ll_usb.c ****                                         uint32_t hclk, uint8_t speed)
 108:Drivers/STM32F1xx_HAL_Driver/Src/stm32f1xx_ll_usb.c **** {
 109:Drivers/STM32F1xx_HAL_Driver/Src/stm32f1xx_ll_usb.c ****   uint32_t UsbTrd;
 110:Drivers/STM32F1xx_HAL_Driver/Src/stm32f1xx_ll_usb.c **** 
 111:Drivers/STM32F1xx_HAL_Driver/Src/stm32f1xx_ll_usb.c ****   /* The USBTRD is configured according to the tables below, depending on AHB frequency
 112:Drivers/STM32F1xx_HAL_Driver/Src/stm32f1xx_ll_usb.c ****   used by application. In the low AHB frequency range it is used to stretch enough the USB response
 113:Drivers/STM32F1xx_HAL_Driver/Src/stm32f1xx_ll_usb.c ****   time to IN tokens, the USB turnaround time, so to compensate for the longer AHB read access
 114:Drivers/STM32F1xx_HAL_Driver/Src/stm32f1xx_ll_usb.c ****   latency to the Data FIFO */
 115:Drivers/STM32F1xx_HAL_Driver/Src/stm32f1xx_ll_usb.c ****   if (speed == USBD_FS_SPEED)
 116:Drivers/STM32F1xx_HAL_Driver/Src/stm32f1xx_ll_usb.c ****   {
 117:Drivers/STM32F1xx_HAL_Driver/Src/stm32f1xx_ll_usb.c ****     if ((hclk >= 14200000U) && (hclk < 15000000U))
 118:Drivers/STM32F1xx_HAL_Driver/Src/stm32f1xx_ll_usb.c ****     {
 119:Drivers/STM32F1xx_HAL_Driver/Src/stm32f1xx_ll_usb.c ****       /* hclk Clock Range between 14.2-15 MHz */
 120:Drivers/STM32F1xx_HAL_Driver/Src/stm32f1xx_ll_usb.c ****       UsbTrd = 0xFU;
 121:Drivers/STM32F1xx_HAL_Driver/Src/stm32f1xx_ll_usb.c ****     }
 122:Drivers/STM32F1xx_HAL_Driver/Src/stm32f1xx_ll_usb.c ****     else if ((hclk >= 15000000U) && (hclk < 16000000U))
 123:Drivers/STM32F1xx_HAL_Driver/Src/stm32f1xx_ll_usb.c ****     {
 124:Drivers/STM32F1xx_HAL_Driver/Src/stm32f1xx_ll_usb.c ****       /* hclk Clock Range between 15-16 MHz */
 125:Drivers/STM32F1xx_HAL_Driver/Src/stm32f1xx_ll_usb.c ****       UsbTrd = 0xEU;
 126:Drivers/STM32F1xx_HAL_Driver/Src/stm32f1xx_ll_usb.c ****     }
 127:Drivers/STM32F1xx_HAL_Driver/Src/stm32f1xx_ll_usb.c ****     else if ((hclk >= 16000000U) && (hclk < 17200000U))
 128:Drivers/STM32F1xx_HAL_Driver/Src/stm32f1xx_ll_usb.c ****     {
 129:Drivers/STM32F1xx_HAL_Driver/Src/stm32f1xx_ll_usb.c ****       /* hclk Clock Range between 16-17.2 MHz */
 130:Drivers/STM32F1xx_HAL_Driver/Src/stm32f1xx_ll_usb.c ****       UsbTrd = 0xDU;
 131:Drivers/STM32F1xx_HAL_Driver/Src/stm32f1xx_ll_usb.c ****     }
 132:Drivers/STM32F1xx_HAL_Driver/Src/stm32f1xx_ll_usb.c ****     else if ((hclk >= 17200000U) && (hclk < 18500000U))
 133:Drivers/STM32F1xx_HAL_Driver/Src/stm32f1xx_ll_usb.c ****     {
 134:Drivers/STM32F1xx_HAL_Driver/Src/stm32f1xx_ll_usb.c ****       /* hclk Clock Range between 17.2-18.5 MHz */
 135:Drivers/STM32F1xx_HAL_Driver/Src/stm32f1xx_ll_usb.c ****       UsbTrd = 0xCU;
 136:Drivers/STM32F1xx_HAL_Driver/Src/stm32f1xx_ll_usb.c ****     }
 137:Drivers/STM32F1xx_HAL_Driver/Src/stm32f1xx_ll_usb.c ****     else if ((hclk >= 18500000U) && (hclk < 20000000U))
 138:Drivers/STM32F1xx_HAL_Driver/Src/stm32f1xx_ll_usb.c ****     {
 139:Drivers/STM32F1xx_HAL_Driver/Src/stm32f1xx_ll_usb.c ****       /* hclk Clock Range between 18.5-20 MHz */
 140:Drivers/STM32F1xx_HAL_Driver/Src/stm32f1xx_ll_usb.c ****       UsbTrd = 0xBU;
 141:Drivers/STM32F1xx_HAL_Driver/Src/stm32f1xx_ll_usb.c ****     }
 142:Drivers/STM32F1xx_HAL_Driver/Src/stm32f1xx_ll_usb.c ****     else if ((hclk >= 20000000U) && (hclk < 21800000U))
 143:Drivers/STM32F1xx_HAL_Driver/Src/stm32f1xx_ll_usb.c ****     {
 144:Drivers/STM32F1xx_HAL_Driver/Src/stm32f1xx_ll_usb.c ****       /* hclk Clock Range between 20-21.8 MHz */
 145:Drivers/STM32F1xx_HAL_Driver/Src/stm32f1xx_ll_usb.c ****       UsbTrd = 0xAU;
ARM GAS  C:\Users\subdia\AppData\Local\Temp\ccmLEiFj.s 			page 4


 146:Drivers/STM32F1xx_HAL_Driver/Src/stm32f1xx_ll_usb.c ****     }
 147:Drivers/STM32F1xx_HAL_Driver/Src/stm32f1xx_ll_usb.c ****     else if ((hclk >= 21800000U) && (hclk < 24000000U))
 148:Drivers/STM32F1xx_HAL_Driver/Src/stm32f1xx_ll_usb.c ****     {
 149:Drivers/STM32F1xx_HAL_Driver/Src/stm32f1xx_ll_usb.c ****       /* hclk Clock Range between 21.8-24 MHz */
 150:Drivers/STM32F1xx_HAL_Driver/Src/stm32f1xx_ll_usb.c ****       UsbTrd = 0x9U;
 151:Drivers/STM32F1xx_HAL_Driver/Src/stm32f1xx_ll_usb.c ****     }
 152:Drivers/STM32F1xx_HAL_Driver/Src/stm32f1xx_ll_usb.c ****     else if ((hclk >= 24000000U) && (hclk < 27700000U))
 153:Drivers/STM32F1xx_HAL_Driver/Src/stm32f1xx_ll_usb.c ****     {
 154:Drivers/STM32F1xx_HAL_Driver/Src/stm32f1xx_ll_usb.c ****       /* hclk Clock Range between 24-27.7 MHz */
 155:Drivers/STM32F1xx_HAL_Driver/Src/stm32f1xx_ll_usb.c ****       UsbTrd = 0x8U;
 156:Drivers/STM32F1xx_HAL_Driver/Src/stm32f1xx_ll_usb.c ****     }
 157:Drivers/STM32F1xx_HAL_Driver/Src/stm32f1xx_ll_usb.c ****     else if ((hclk >= 27700000U) && (hclk < 32000000U))
 158:Drivers/STM32F1xx_HAL_Driver/Src/stm32f1xx_ll_usb.c ****     {
 159:Drivers/STM32F1xx_HAL_Driver/Src/stm32f1xx_ll_usb.c ****       /* hclk Clock Range between 27.7-32 MHz */
 160:Drivers/STM32F1xx_HAL_Driver/Src/stm32f1xx_ll_usb.c ****       UsbTrd = 0x7U;
 161:Drivers/STM32F1xx_HAL_Driver/Src/stm32f1xx_ll_usb.c ****     }
 162:Drivers/STM32F1xx_HAL_Driver/Src/stm32f1xx_ll_usb.c ****     else /* if(hclk >= 32000000) */
 163:Drivers/STM32F1xx_HAL_Driver/Src/stm32f1xx_ll_usb.c ****     {
 164:Drivers/STM32F1xx_HAL_Driver/Src/stm32f1xx_ll_usb.c ****       /* hclk Clock Range between 32-200 MHz */
 165:Drivers/STM32F1xx_HAL_Driver/Src/stm32f1xx_ll_usb.c ****       UsbTrd = 0x6U;
 166:Drivers/STM32F1xx_HAL_Driver/Src/stm32f1xx_ll_usb.c ****     }
 167:Drivers/STM32F1xx_HAL_Driver/Src/stm32f1xx_ll_usb.c ****   }
 168:Drivers/STM32F1xx_HAL_Driver/Src/stm32f1xx_ll_usb.c ****   else
 169:Drivers/STM32F1xx_HAL_Driver/Src/stm32f1xx_ll_usb.c ****   {
 170:Drivers/STM32F1xx_HAL_Driver/Src/stm32f1xx_ll_usb.c ****     UsbTrd = USBD_DEFAULT_TRDT_VALUE;
 171:Drivers/STM32F1xx_HAL_Driver/Src/stm32f1xx_ll_usb.c ****   }
 172:Drivers/STM32F1xx_HAL_Driver/Src/stm32f1xx_ll_usb.c **** 
 173:Drivers/STM32F1xx_HAL_Driver/Src/stm32f1xx_ll_usb.c ****   USBx->GUSBCFG &= ~USB_OTG_GUSBCFG_TRDT;
 174:Drivers/STM32F1xx_HAL_Driver/Src/stm32f1xx_ll_usb.c ****   USBx->GUSBCFG |= (uint32_t)((UsbTrd << 10) & USB_OTG_GUSBCFG_TRDT);
 175:Drivers/STM32F1xx_HAL_Driver/Src/stm32f1xx_ll_usb.c **** 
 176:Drivers/STM32F1xx_HAL_Driver/Src/stm32f1xx_ll_usb.c ****   return HAL_OK;
 177:Drivers/STM32F1xx_HAL_Driver/Src/stm32f1xx_ll_usb.c **** }
 178:Drivers/STM32F1xx_HAL_Driver/Src/stm32f1xx_ll_usb.c **** 
 179:Drivers/STM32F1xx_HAL_Driver/Src/stm32f1xx_ll_usb.c **** /**
 180:Drivers/STM32F1xx_HAL_Driver/Src/stm32f1xx_ll_usb.c ****   * @brief  USB_EnableGlobalInt
 181:Drivers/STM32F1xx_HAL_Driver/Src/stm32f1xx_ll_usb.c ****   *         Enables the controller's Global Int in the AHB Config reg
 182:Drivers/STM32F1xx_HAL_Driver/Src/stm32f1xx_ll_usb.c ****   * @param  USBx  Selected device
 183:Drivers/STM32F1xx_HAL_Driver/Src/stm32f1xx_ll_usb.c ****   * @retval HAL status
 184:Drivers/STM32F1xx_HAL_Driver/Src/stm32f1xx_ll_usb.c ****   */
 185:Drivers/STM32F1xx_HAL_Driver/Src/stm32f1xx_ll_usb.c **** HAL_StatusTypeDef USB_EnableGlobalInt(USB_OTG_GlobalTypeDef *USBx)
 186:Drivers/STM32F1xx_HAL_Driver/Src/stm32f1xx_ll_usb.c **** {
 187:Drivers/STM32F1xx_HAL_Driver/Src/stm32f1xx_ll_usb.c ****   USBx->GAHBCFG |= USB_OTG_GAHBCFG_GINT;
 188:Drivers/STM32F1xx_HAL_Driver/Src/stm32f1xx_ll_usb.c ****   return HAL_OK;
 189:Drivers/STM32F1xx_HAL_Driver/Src/stm32f1xx_ll_usb.c **** }
 190:Drivers/STM32F1xx_HAL_Driver/Src/stm32f1xx_ll_usb.c **** 
 191:Drivers/STM32F1xx_HAL_Driver/Src/stm32f1xx_ll_usb.c **** /**
 192:Drivers/STM32F1xx_HAL_Driver/Src/stm32f1xx_ll_usb.c ****   * @brief  USB_DisableGlobalInt
 193:Drivers/STM32F1xx_HAL_Driver/Src/stm32f1xx_ll_usb.c ****   *         Disable the controller's Global Int in the AHB Config reg
 194:Drivers/STM32F1xx_HAL_Driver/Src/stm32f1xx_ll_usb.c ****   * @param  USBx  Selected device
 195:Drivers/STM32F1xx_HAL_Driver/Src/stm32f1xx_ll_usb.c ****   * @retval HAL status
 196:Drivers/STM32F1xx_HAL_Driver/Src/stm32f1xx_ll_usb.c ****   */
 197:Drivers/STM32F1xx_HAL_Driver/Src/stm32f1xx_ll_usb.c **** HAL_StatusTypeDef USB_DisableGlobalInt(USB_OTG_GlobalTypeDef *USBx)
 198:Drivers/STM32F1xx_HAL_Driver/Src/stm32f1xx_ll_usb.c **** {
 199:Drivers/STM32F1xx_HAL_Driver/Src/stm32f1xx_ll_usb.c ****   USBx->GAHBCFG &= ~USB_OTG_GAHBCFG_GINT;
 200:Drivers/STM32F1xx_HAL_Driver/Src/stm32f1xx_ll_usb.c ****   return HAL_OK;
 201:Drivers/STM32F1xx_HAL_Driver/Src/stm32f1xx_ll_usb.c **** }
 202:Drivers/STM32F1xx_HAL_Driver/Src/stm32f1xx_ll_usb.c **** 
ARM GAS  C:\Users\subdia\AppData\Local\Temp\ccmLEiFj.s 			page 5


 203:Drivers/STM32F1xx_HAL_Driver/Src/stm32f1xx_ll_usb.c **** /**
 204:Drivers/STM32F1xx_HAL_Driver/Src/stm32f1xx_ll_usb.c ****   * @brief  USB_SetCurrentMode Set functional mode
 205:Drivers/STM32F1xx_HAL_Driver/Src/stm32f1xx_ll_usb.c ****   * @param  USBx  Selected device
 206:Drivers/STM32F1xx_HAL_Driver/Src/stm32f1xx_ll_usb.c ****   * @param  mode  current core mode
 207:Drivers/STM32F1xx_HAL_Driver/Src/stm32f1xx_ll_usb.c ****   *          This parameter can be one of these values:
 208:Drivers/STM32F1xx_HAL_Driver/Src/stm32f1xx_ll_usb.c ****   *            @arg USB_DEVICE_MODE Peripheral mode
 209:Drivers/STM32F1xx_HAL_Driver/Src/stm32f1xx_ll_usb.c ****   *            @arg USB_HOST_MODE Host mode
 210:Drivers/STM32F1xx_HAL_Driver/Src/stm32f1xx_ll_usb.c ****   * @retval HAL status
 211:Drivers/STM32F1xx_HAL_Driver/Src/stm32f1xx_ll_usb.c ****   */
 212:Drivers/STM32F1xx_HAL_Driver/Src/stm32f1xx_ll_usb.c **** HAL_StatusTypeDef USB_SetCurrentMode(USB_OTG_GlobalTypeDef *USBx, USB_ModeTypeDef mode)
 213:Drivers/STM32F1xx_HAL_Driver/Src/stm32f1xx_ll_usb.c **** {
 214:Drivers/STM32F1xx_HAL_Driver/Src/stm32f1xx_ll_usb.c ****   uint32_t ms = 0U;
 215:Drivers/STM32F1xx_HAL_Driver/Src/stm32f1xx_ll_usb.c **** 
 216:Drivers/STM32F1xx_HAL_Driver/Src/stm32f1xx_ll_usb.c ****   USBx->GUSBCFG &= ~(USB_OTG_GUSBCFG_FHMOD | USB_OTG_GUSBCFG_FDMOD);
 217:Drivers/STM32F1xx_HAL_Driver/Src/stm32f1xx_ll_usb.c **** 
 218:Drivers/STM32F1xx_HAL_Driver/Src/stm32f1xx_ll_usb.c ****   if (mode == USB_HOST_MODE)
 219:Drivers/STM32F1xx_HAL_Driver/Src/stm32f1xx_ll_usb.c ****   {
 220:Drivers/STM32F1xx_HAL_Driver/Src/stm32f1xx_ll_usb.c ****     USBx->GUSBCFG |= USB_OTG_GUSBCFG_FHMOD;
 221:Drivers/STM32F1xx_HAL_Driver/Src/stm32f1xx_ll_usb.c **** 
 222:Drivers/STM32F1xx_HAL_Driver/Src/stm32f1xx_ll_usb.c ****     do
 223:Drivers/STM32F1xx_HAL_Driver/Src/stm32f1xx_ll_usb.c ****     {
 224:Drivers/STM32F1xx_HAL_Driver/Src/stm32f1xx_ll_usb.c ****       HAL_Delay(10U);
 225:Drivers/STM32F1xx_HAL_Driver/Src/stm32f1xx_ll_usb.c ****       ms += 10U;
 226:Drivers/STM32F1xx_HAL_Driver/Src/stm32f1xx_ll_usb.c ****     } while ((USB_GetMode(USBx) != (uint32_t)USB_HOST_MODE) && (ms < HAL_USB_CURRENT_MODE_MAX_DELAY
 227:Drivers/STM32F1xx_HAL_Driver/Src/stm32f1xx_ll_usb.c ****   }
 228:Drivers/STM32F1xx_HAL_Driver/Src/stm32f1xx_ll_usb.c ****   else if (mode == USB_DEVICE_MODE)
 229:Drivers/STM32F1xx_HAL_Driver/Src/stm32f1xx_ll_usb.c ****   {
 230:Drivers/STM32F1xx_HAL_Driver/Src/stm32f1xx_ll_usb.c ****     USBx->GUSBCFG |= USB_OTG_GUSBCFG_FDMOD;
 231:Drivers/STM32F1xx_HAL_Driver/Src/stm32f1xx_ll_usb.c **** 
 232:Drivers/STM32F1xx_HAL_Driver/Src/stm32f1xx_ll_usb.c ****     do
 233:Drivers/STM32F1xx_HAL_Driver/Src/stm32f1xx_ll_usb.c ****     {
 234:Drivers/STM32F1xx_HAL_Driver/Src/stm32f1xx_ll_usb.c ****       HAL_Delay(10U);
 235:Drivers/STM32F1xx_HAL_Driver/Src/stm32f1xx_ll_usb.c ****       ms += 10U;
 236:Drivers/STM32F1xx_HAL_Driver/Src/stm32f1xx_ll_usb.c ****     } while ((USB_GetMode(USBx) != (uint32_t)USB_DEVICE_MODE) && (ms < HAL_USB_CURRENT_MODE_MAX_DEL
 237:Drivers/STM32F1xx_HAL_Driver/Src/stm32f1xx_ll_usb.c ****   }
 238:Drivers/STM32F1xx_HAL_Driver/Src/stm32f1xx_ll_usb.c ****   else
 239:Drivers/STM32F1xx_HAL_Driver/Src/stm32f1xx_ll_usb.c ****   {
 240:Drivers/STM32F1xx_HAL_Driver/Src/stm32f1xx_ll_usb.c ****     return HAL_ERROR;
 241:Drivers/STM32F1xx_HAL_Driver/Src/stm32f1xx_ll_usb.c ****   }
 242:Drivers/STM32F1xx_HAL_Driver/Src/stm32f1xx_ll_usb.c **** 
 243:Drivers/STM32F1xx_HAL_Driver/Src/stm32f1xx_ll_usb.c ****   if (ms == HAL_USB_CURRENT_MODE_MAX_DELAY_MS)
 244:Drivers/STM32F1xx_HAL_Driver/Src/stm32f1xx_ll_usb.c ****   {
 245:Drivers/STM32F1xx_HAL_Driver/Src/stm32f1xx_ll_usb.c ****     return HAL_ERROR;
 246:Drivers/STM32F1xx_HAL_Driver/Src/stm32f1xx_ll_usb.c ****   }
 247:Drivers/STM32F1xx_HAL_Driver/Src/stm32f1xx_ll_usb.c **** 
 248:Drivers/STM32F1xx_HAL_Driver/Src/stm32f1xx_ll_usb.c ****   return HAL_OK;
 249:Drivers/STM32F1xx_HAL_Driver/Src/stm32f1xx_ll_usb.c **** }
 250:Drivers/STM32F1xx_HAL_Driver/Src/stm32f1xx_ll_usb.c **** 
 251:Drivers/STM32F1xx_HAL_Driver/Src/stm32f1xx_ll_usb.c **** /**
 252:Drivers/STM32F1xx_HAL_Driver/Src/stm32f1xx_ll_usb.c ****   * @brief  USB_DevInit Initializes the USB_OTG controller registers
 253:Drivers/STM32F1xx_HAL_Driver/Src/stm32f1xx_ll_usb.c ****   *         for device mode
 254:Drivers/STM32F1xx_HAL_Driver/Src/stm32f1xx_ll_usb.c ****   * @param  USBx  Selected device
 255:Drivers/STM32F1xx_HAL_Driver/Src/stm32f1xx_ll_usb.c ****   * @param  cfg   pointer to a USB_OTG_CfgTypeDef structure that contains
 256:Drivers/STM32F1xx_HAL_Driver/Src/stm32f1xx_ll_usb.c ****   *         the configuration information for the specified USBx peripheral.
 257:Drivers/STM32F1xx_HAL_Driver/Src/stm32f1xx_ll_usb.c ****   * @retval HAL status
 258:Drivers/STM32F1xx_HAL_Driver/Src/stm32f1xx_ll_usb.c ****   */
 259:Drivers/STM32F1xx_HAL_Driver/Src/stm32f1xx_ll_usb.c **** HAL_StatusTypeDef USB_DevInit(USB_OTG_GlobalTypeDef *USBx, USB_OTG_CfgTypeDef cfg)
ARM GAS  C:\Users\subdia\AppData\Local\Temp\ccmLEiFj.s 			page 6


 260:Drivers/STM32F1xx_HAL_Driver/Src/stm32f1xx_ll_usb.c **** {
 261:Drivers/STM32F1xx_HAL_Driver/Src/stm32f1xx_ll_usb.c ****   HAL_StatusTypeDef ret = HAL_OK;
 262:Drivers/STM32F1xx_HAL_Driver/Src/stm32f1xx_ll_usb.c ****   uint32_t USBx_BASE = (uint32_t)USBx;
 263:Drivers/STM32F1xx_HAL_Driver/Src/stm32f1xx_ll_usb.c ****   uint32_t i;
 264:Drivers/STM32F1xx_HAL_Driver/Src/stm32f1xx_ll_usb.c **** 
 265:Drivers/STM32F1xx_HAL_Driver/Src/stm32f1xx_ll_usb.c ****   for (i = 0U; i < 15U; i++)
 266:Drivers/STM32F1xx_HAL_Driver/Src/stm32f1xx_ll_usb.c ****   {
 267:Drivers/STM32F1xx_HAL_Driver/Src/stm32f1xx_ll_usb.c ****     USBx->DIEPTXF[i] = 0U;
 268:Drivers/STM32F1xx_HAL_Driver/Src/stm32f1xx_ll_usb.c ****   }
 269:Drivers/STM32F1xx_HAL_Driver/Src/stm32f1xx_ll_usb.c **** 
 270:Drivers/STM32F1xx_HAL_Driver/Src/stm32f1xx_ll_usb.c ****   /* Enable HW VBUS sensing */
 271:Drivers/STM32F1xx_HAL_Driver/Src/stm32f1xx_ll_usb.c ****   USBx->GCCFG |= USB_OTG_GCCFG_VBUSBSEN;
 272:Drivers/STM32F1xx_HAL_Driver/Src/stm32f1xx_ll_usb.c **** 
 273:Drivers/STM32F1xx_HAL_Driver/Src/stm32f1xx_ll_usb.c ****   /* Restart the Phy Clock */
 274:Drivers/STM32F1xx_HAL_Driver/Src/stm32f1xx_ll_usb.c ****   USBx_PCGCCTL = 0U;
 275:Drivers/STM32F1xx_HAL_Driver/Src/stm32f1xx_ll_usb.c **** 
 276:Drivers/STM32F1xx_HAL_Driver/Src/stm32f1xx_ll_usb.c ****   /* Set Core speed to Full speed mode */
 277:Drivers/STM32F1xx_HAL_Driver/Src/stm32f1xx_ll_usb.c ****   (void)USB_SetDevSpeed(USBx, USB_OTG_SPEED_FULL);
 278:Drivers/STM32F1xx_HAL_Driver/Src/stm32f1xx_ll_usb.c **** 
 279:Drivers/STM32F1xx_HAL_Driver/Src/stm32f1xx_ll_usb.c ****   /* Flush the FIFOs */
 280:Drivers/STM32F1xx_HAL_Driver/Src/stm32f1xx_ll_usb.c ****   if (USB_FlushTxFifo(USBx, 0x10U) != HAL_OK) /* all Tx FIFOs */
 281:Drivers/STM32F1xx_HAL_Driver/Src/stm32f1xx_ll_usb.c ****   {
 282:Drivers/STM32F1xx_HAL_Driver/Src/stm32f1xx_ll_usb.c ****     ret = HAL_ERROR;
 283:Drivers/STM32F1xx_HAL_Driver/Src/stm32f1xx_ll_usb.c ****   }
 284:Drivers/STM32F1xx_HAL_Driver/Src/stm32f1xx_ll_usb.c **** 
 285:Drivers/STM32F1xx_HAL_Driver/Src/stm32f1xx_ll_usb.c ****   if (USB_FlushRxFifo(USBx) != HAL_OK)
 286:Drivers/STM32F1xx_HAL_Driver/Src/stm32f1xx_ll_usb.c ****   {
 287:Drivers/STM32F1xx_HAL_Driver/Src/stm32f1xx_ll_usb.c ****     ret = HAL_ERROR;
 288:Drivers/STM32F1xx_HAL_Driver/Src/stm32f1xx_ll_usb.c ****   }
 289:Drivers/STM32F1xx_HAL_Driver/Src/stm32f1xx_ll_usb.c **** 
 290:Drivers/STM32F1xx_HAL_Driver/Src/stm32f1xx_ll_usb.c ****   /* Clear all pending Device Interrupts */
 291:Drivers/STM32F1xx_HAL_Driver/Src/stm32f1xx_ll_usb.c ****   USBx_DEVICE->DIEPMSK = 0U;
 292:Drivers/STM32F1xx_HAL_Driver/Src/stm32f1xx_ll_usb.c ****   USBx_DEVICE->DOEPMSK = 0U;
 293:Drivers/STM32F1xx_HAL_Driver/Src/stm32f1xx_ll_usb.c ****   USBx_DEVICE->DAINTMSK = 0U;
 294:Drivers/STM32F1xx_HAL_Driver/Src/stm32f1xx_ll_usb.c **** 
 295:Drivers/STM32F1xx_HAL_Driver/Src/stm32f1xx_ll_usb.c ****   for (i = 0U; i < cfg.dev_endpoints; i++)
 296:Drivers/STM32F1xx_HAL_Driver/Src/stm32f1xx_ll_usb.c ****   {
 297:Drivers/STM32F1xx_HAL_Driver/Src/stm32f1xx_ll_usb.c ****     if ((USBx_INEP(i)->DIEPCTL & USB_OTG_DIEPCTL_EPENA) == USB_OTG_DIEPCTL_EPENA)
 298:Drivers/STM32F1xx_HAL_Driver/Src/stm32f1xx_ll_usb.c ****     {
 299:Drivers/STM32F1xx_HAL_Driver/Src/stm32f1xx_ll_usb.c ****       if (i == 0U)
 300:Drivers/STM32F1xx_HAL_Driver/Src/stm32f1xx_ll_usb.c ****       {
 301:Drivers/STM32F1xx_HAL_Driver/Src/stm32f1xx_ll_usb.c ****         USBx_INEP(i)->DIEPCTL = USB_OTG_DIEPCTL_SNAK;
 302:Drivers/STM32F1xx_HAL_Driver/Src/stm32f1xx_ll_usb.c ****       }
 303:Drivers/STM32F1xx_HAL_Driver/Src/stm32f1xx_ll_usb.c ****       else
 304:Drivers/STM32F1xx_HAL_Driver/Src/stm32f1xx_ll_usb.c ****       {
 305:Drivers/STM32F1xx_HAL_Driver/Src/stm32f1xx_ll_usb.c ****         USBx_INEP(i)->DIEPCTL = USB_OTG_DIEPCTL_EPDIS | USB_OTG_DIEPCTL_SNAK;
 306:Drivers/STM32F1xx_HAL_Driver/Src/stm32f1xx_ll_usb.c ****       }
 307:Drivers/STM32F1xx_HAL_Driver/Src/stm32f1xx_ll_usb.c ****     }
 308:Drivers/STM32F1xx_HAL_Driver/Src/stm32f1xx_ll_usb.c ****     else
 309:Drivers/STM32F1xx_HAL_Driver/Src/stm32f1xx_ll_usb.c ****     {
 310:Drivers/STM32F1xx_HAL_Driver/Src/stm32f1xx_ll_usb.c ****       USBx_INEP(i)->DIEPCTL = 0U;
 311:Drivers/STM32F1xx_HAL_Driver/Src/stm32f1xx_ll_usb.c ****     }
 312:Drivers/STM32F1xx_HAL_Driver/Src/stm32f1xx_ll_usb.c **** 
 313:Drivers/STM32F1xx_HAL_Driver/Src/stm32f1xx_ll_usb.c ****     USBx_INEP(i)->DIEPTSIZ = 0U;
 314:Drivers/STM32F1xx_HAL_Driver/Src/stm32f1xx_ll_usb.c ****     USBx_INEP(i)->DIEPINT  = 0xFB7FU;
 315:Drivers/STM32F1xx_HAL_Driver/Src/stm32f1xx_ll_usb.c ****   }
 316:Drivers/STM32F1xx_HAL_Driver/Src/stm32f1xx_ll_usb.c **** 
ARM GAS  C:\Users\subdia\AppData\Local\Temp\ccmLEiFj.s 			page 7


 317:Drivers/STM32F1xx_HAL_Driver/Src/stm32f1xx_ll_usb.c ****   for (i = 0U; i < cfg.dev_endpoints; i++)
 318:Drivers/STM32F1xx_HAL_Driver/Src/stm32f1xx_ll_usb.c ****   {
 319:Drivers/STM32F1xx_HAL_Driver/Src/stm32f1xx_ll_usb.c ****     if ((USBx_OUTEP(i)->DOEPCTL & USB_OTG_DOEPCTL_EPENA) == USB_OTG_DOEPCTL_EPENA)
 320:Drivers/STM32F1xx_HAL_Driver/Src/stm32f1xx_ll_usb.c ****     {
 321:Drivers/STM32F1xx_HAL_Driver/Src/stm32f1xx_ll_usb.c ****       if (i == 0U)
 322:Drivers/STM32F1xx_HAL_Driver/Src/stm32f1xx_ll_usb.c ****       {
 323:Drivers/STM32F1xx_HAL_Driver/Src/stm32f1xx_ll_usb.c ****         USBx_OUTEP(i)->DOEPCTL = USB_OTG_DOEPCTL_SNAK;
 324:Drivers/STM32F1xx_HAL_Driver/Src/stm32f1xx_ll_usb.c ****       }
 325:Drivers/STM32F1xx_HAL_Driver/Src/stm32f1xx_ll_usb.c ****       else
 326:Drivers/STM32F1xx_HAL_Driver/Src/stm32f1xx_ll_usb.c ****       {
 327:Drivers/STM32F1xx_HAL_Driver/Src/stm32f1xx_ll_usb.c ****         USBx_OUTEP(i)->DOEPCTL = USB_OTG_DOEPCTL_EPDIS | USB_OTG_DOEPCTL_SNAK;
 328:Drivers/STM32F1xx_HAL_Driver/Src/stm32f1xx_ll_usb.c ****       }
 329:Drivers/STM32F1xx_HAL_Driver/Src/stm32f1xx_ll_usb.c ****     }
 330:Drivers/STM32F1xx_HAL_Driver/Src/stm32f1xx_ll_usb.c ****     else
 331:Drivers/STM32F1xx_HAL_Driver/Src/stm32f1xx_ll_usb.c ****     {
 332:Drivers/STM32F1xx_HAL_Driver/Src/stm32f1xx_ll_usb.c ****       USBx_OUTEP(i)->DOEPCTL = 0U;
 333:Drivers/STM32F1xx_HAL_Driver/Src/stm32f1xx_ll_usb.c ****     }
 334:Drivers/STM32F1xx_HAL_Driver/Src/stm32f1xx_ll_usb.c **** 
 335:Drivers/STM32F1xx_HAL_Driver/Src/stm32f1xx_ll_usb.c ****     USBx_OUTEP(i)->DOEPTSIZ = 0U;
 336:Drivers/STM32F1xx_HAL_Driver/Src/stm32f1xx_ll_usb.c ****     USBx_OUTEP(i)->DOEPINT  = 0xFB7FU;
 337:Drivers/STM32F1xx_HAL_Driver/Src/stm32f1xx_ll_usb.c ****   }
 338:Drivers/STM32F1xx_HAL_Driver/Src/stm32f1xx_ll_usb.c **** 
 339:Drivers/STM32F1xx_HAL_Driver/Src/stm32f1xx_ll_usb.c ****   USBx_DEVICE->DIEPMSK &= ~(USB_OTG_DIEPMSK_TXFURM);
 340:Drivers/STM32F1xx_HAL_Driver/Src/stm32f1xx_ll_usb.c **** 
 341:Drivers/STM32F1xx_HAL_Driver/Src/stm32f1xx_ll_usb.c ****   /* Disable all interrupts. */
 342:Drivers/STM32F1xx_HAL_Driver/Src/stm32f1xx_ll_usb.c ****   USBx->GINTMSK = 0U;
 343:Drivers/STM32F1xx_HAL_Driver/Src/stm32f1xx_ll_usb.c **** 
 344:Drivers/STM32F1xx_HAL_Driver/Src/stm32f1xx_ll_usb.c ****   /* Clear any pending interrupts */
 345:Drivers/STM32F1xx_HAL_Driver/Src/stm32f1xx_ll_usb.c ****   USBx->GINTSTS = 0xBFFFFFFFU;
 346:Drivers/STM32F1xx_HAL_Driver/Src/stm32f1xx_ll_usb.c **** 
 347:Drivers/STM32F1xx_HAL_Driver/Src/stm32f1xx_ll_usb.c ****   /* Enable the common interrupts */
 348:Drivers/STM32F1xx_HAL_Driver/Src/stm32f1xx_ll_usb.c ****   USBx->GINTMSK |= USB_OTG_GINTMSK_RXFLVLM;
 349:Drivers/STM32F1xx_HAL_Driver/Src/stm32f1xx_ll_usb.c **** 
 350:Drivers/STM32F1xx_HAL_Driver/Src/stm32f1xx_ll_usb.c ****   /* Enable interrupts matching to the Device mode ONLY */
 351:Drivers/STM32F1xx_HAL_Driver/Src/stm32f1xx_ll_usb.c ****   USBx->GINTMSK |= USB_OTG_GINTMSK_USBSUSPM | USB_OTG_GINTMSK_USBRST |
 352:Drivers/STM32F1xx_HAL_Driver/Src/stm32f1xx_ll_usb.c ****                    USB_OTG_GINTMSK_ENUMDNEM | USB_OTG_GINTMSK_IEPINT |
 353:Drivers/STM32F1xx_HAL_Driver/Src/stm32f1xx_ll_usb.c ****                    USB_OTG_GINTMSK_OEPINT   | USB_OTG_GINTMSK_IISOIXFRM |
 354:Drivers/STM32F1xx_HAL_Driver/Src/stm32f1xx_ll_usb.c ****                    USB_OTG_GINTMSK_PXFRM_IISOOXFRM | USB_OTG_GINTMSK_WUIM;
 355:Drivers/STM32F1xx_HAL_Driver/Src/stm32f1xx_ll_usb.c **** 
 356:Drivers/STM32F1xx_HAL_Driver/Src/stm32f1xx_ll_usb.c ****   if (cfg.Sof_enable != 0U)
 357:Drivers/STM32F1xx_HAL_Driver/Src/stm32f1xx_ll_usb.c ****   {
 358:Drivers/STM32F1xx_HAL_Driver/Src/stm32f1xx_ll_usb.c ****     USBx->GINTMSK |= USB_OTG_GINTMSK_SOFM;
 359:Drivers/STM32F1xx_HAL_Driver/Src/stm32f1xx_ll_usb.c ****   }
 360:Drivers/STM32F1xx_HAL_Driver/Src/stm32f1xx_ll_usb.c **** 
 361:Drivers/STM32F1xx_HAL_Driver/Src/stm32f1xx_ll_usb.c ****   if (cfg.vbus_sensing_enable == 1U)
 362:Drivers/STM32F1xx_HAL_Driver/Src/stm32f1xx_ll_usb.c ****   {
 363:Drivers/STM32F1xx_HAL_Driver/Src/stm32f1xx_ll_usb.c ****     USBx->GINTMSK |= (USB_OTG_GINTMSK_SRQIM | USB_OTG_GINTMSK_OTGINT);
 364:Drivers/STM32F1xx_HAL_Driver/Src/stm32f1xx_ll_usb.c ****   }
 365:Drivers/STM32F1xx_HAL_Driver/Src/stm32f1xx_ll_usb.c **** 
 366:Drivers/STM32F1xx_HAL_Driver/Src/stm32f1xx_ll_usb.c ****   return ret;
 367:Drivers/STM32F1xx_HAL_Driver/Src/stm32f1xx_ll_usb.c **** }
 368:Drivers/STM32F1xx_HAL_Driver/Src/stm32f1xx_ll_usb.c **** 
 369:Drivers/STM32F1xx_HAL_Driver/Src/stm32f1xx_ll_usb.c **** /**
 370:Drivers/STM32F1xx_HAL_Driver/Src/stm32f1xx_ll_usb.c ****   * @brief  USB_FlushTxFifo Flush a Tx FIFO
 371:Drivers/STM32F1xx_HAL_Driver/Src/stm32f1xx_ll_usb.c ****   * @param  USBx  Selected device
 372:Drivers/STM32F1xx_HAL_Driver/Src/stm32f1xx_ll_usb.c ****   * @param  num  FIFO number
 373:Drivers/STM32F1xx_HAL_Driver/Src/stm32f1xx_ll_usb.c ****   *         This parameter can be a value from 1 to 15
ARM GAS  C:\Users\subdia\AppData\Local\Temp\ccmLEiFj.s 			page 8


 374:Drivers/STM32F1xx_HAL_Driver/Src/stm32f1xx_ll_usb.c ****             15 means Flush all Tx FIFOs
 375:Drivers/STM32F1xx_HAL_Driver/Src/stm32f1xx_ll_usb.c ****   * @retval HAL status
 376:Drivers/STM32F1xx_HAL_Driver/Src/stm32f1xx_ll_usb.c ****   */
 377:Drivers/STM32F1xx_HAL_Driver/Src/stm32f1xx_ll_usb.c **** HAL_StatusTypeDef USB_FlushTxFifo(USB_OTG_GlobalTypeDef *USBx, uint32_t num)
 378:Drivers/STM32F1xx_HAL_Driver/Src/stm32f1xx_ll_usb.c **** {
 379:Drivers/STM32F1xx_HAL_Driver/Src/stm32f1xx_ll_usb.c ****   __IO uint32_t count = 0U;
 380:Drivers/STM32F1xx_HAL_Driver/Src/stm32f1xx_ll_usb.c **** 
 381:Drivers/STM32F1xx_HAL_Driver/Src/stm32f1xx_ll_usb.c ****   /* Wait for AHB master IDLE state. */
 382:Drivers/STM32F1xx_HAL_Driver/Src/stm32f1xx_ll_usb.c ****   do
 383:Drivers/STM32F1xx_HAL_Driver/Src/stm32f1xx_ll_usb.c ****   {
 384:Drivers/STM32F1xx_HAL_Driver/Src/stm32f1xx_ll_usb.c ****     count++;
 385:Drivers/STM32F1xx_HAL_Driver/Src/stm32f1xx_ll_usb.c **** 
 386:Drivers/STM32F1xx_HAL_Driver/Src/stm32f1xx_ll_usb.c ****     if (count > HAL_USB_TIMEOUT)
 387:Drivers/STM32F1xx_HAL_Driver/Src/stm32f1xx_ll_usb.c ****     {
 388:Drivers/STM32F1xx_HAL_Driver/Src/stm32f1xx_ll_usb.c ****       return HAL_TIMEOUT;
 389:Drivers/STM32F1xx_HAL_Driver/Src/stm32f1xx_ll_usb.c ****     }
 390:Drivers/STM32F1xx_HAL_Driver/Src/stm32f1xx_ll_usb.c ****   } while ((USBx->GRSTCTL & USB_OTG_GRSTCTL_AHBIDL) == 0U);
 391:Drivers/STM32F1xx_HAL_Driver/Src/stm32f1xx_ll_usb.c **** 
 392:Drivers/STM32F1xx_HAL_Driver/Src/stm32f1xx_ll_usb.c ****   /* Flush TX Fifo */
 393:Drivers/STM32F1xx_HAL_Driver/Src/stm32f1xx_ll_usb.c ****   count = 0U;
 394:Drivers/STM32F1xx_HAL_Driver/Src/stm32f1xx_ll_usb.c ****   USBx->GRSTCTL = (USB_OTG_GRSTCTL_TXFFLSH | (num << 6));
 395:Drivers/STM32F1xx_HAL_Driver/Src/stm32f1xx_ll_usb.c **** 
 396:Drivers/STM32F1xx_HAL_Driver/Src/stm32f1xx_ll_usb.c ****   do
 397:Drivers/STM32F1xx_HAL_Driver/Src/stm32f1xx_ll_usb.c ****   {
 398:Drivers/STM32F1xx_HAL_Driver/Src/stm32f1xx_ll_usb.c ****     count++;
 399:Drivers/STM32F1xx_HAL_Driver/Src/stm32f1xx_ll_usb.c **** 
 400:Drivers/STM32F1xx_HAL_Driver/Src/stm32f1xx_ll_usb.c ****     if (count > HAL_USB_TIMEOUT)
 401:Drivers/STM32F1xx_HAL_Driver/Src/stm32f1xx_ll_usb.c ****     {
 402:Drivers/STM32F1xx_HAL_Driver/Src/stm32f1xx_ll_usb.c ****       return HAL_TIMEOUT;
 403:Drivers/STM32F1xx_HAL_Driver/Src/stm32f1xx_ll_usb.c ****     }
 404:Drivers/STM32F1xx_HAL_Driver/Src/stm32f1xx_ll_usb.c ****   } while ((USBx->GRSTCTL & USB_OTG_GRSTCTL_TXFFLSH) == USB_OTG_GRSTCTL_TXFFLSH);
 405:Drivers/STM32F1xx_HAL_Driver/Src/stm32f1xx_ll_usb.c **** 
 406:Drivers/STM32F1xx_HAL_Driver/Src/stm32f1xx_ll_usb.c ****   return HAL_OK;
 407:Drivers/STM32F1xx_HAL_Driver/Src/stm32f1xx_ll_usb.c **** }
 408:Drivers/STM32F1xx_HAL_Driver/Src/stm32f1xx_ll_usb.c **** 
 409:Drivers/STM32F1xx_HAL_Driver/Src/stm32f1xx_ll_usb.c **** /**
 410:Drivers/STM32F1xx_HAL_Driver/Src/stm32f1xx_ll_usb.c ****   * @brief  USB_FlushRxFifo  Flush Rx FIFO
 411:Drivers/STM32F1xx_HAL_Driver/Src/stm32f1xx_ll_usb.c ****   * @param  USBx  Selected device
 412:Drivers/STM32F1xx_HAL_Driver/Src/stm32f1xx_ll_usb.c ****   * @retval HAL status
 413:Drivers/STM32F1xx_HAL_Driver/Src/stm32f1xx_ll_usb.c ****   */
 414:Drivers/STM32F1xx_HAL_Driver/Src/stm32f1xx_ll_usb.c **** HAL_StatusTypeDef USB_FlushRxFifo(USB_OTG_GlobalTypeDef *USBx)
 415:Drivers/STM32F1xx_HAL_Driver/Src/stm32f1xx_ll_usb.c **** {
 416:Drivers/STM32F1xx_HAL_Driver/Src/stm32f1xx_ll_usb.c ****   __IO uint32_t count = 0U;
 417:Drivers/STM32F1xx_HAL_Driver/Src/stm32f1xx_ll_usb.c **** 
 418:Drivers/STM32F1xx_HAL_Driver/Src/stm32f1xx_ll_usb.c ****   /* Wait for AHB master IDLE state. */
 419:Drivers/STM32F1xx_HAL_Driver/Src/stm32f1xx_ll_usb.c ****   do
 420:Drivers/STM32F1xx_HAL_Driver/Src/stm32f1xx_ll_usb.c ****   {
 421:Drivers/STM32F1xx_HAL_Driver/Src/stm32f1xx_ll_usb.c ****     count++;
 422:Drivers/STM32F1xx_HAL_Driver/Src/stm32f1xx_ll_usb.c **** 
 423:Drivers/STM32F1xx_HAL_Driver/Src/stm32f1xx_ll_usb.c ****     if (count > HAL_USB_TIMEOUT)
 424:Drivers/STM32F1xx_HAL_Driver/Src/stm32f1xx_ll_usb.c ****     {
 425:Drivers/STM32F1xx_HAL_Driver/Src/stm32f1xx_ll_usb.c ****       return HAL_TIMEOUT;
 426:Drivers/STM32F1xx_HAL_Driver/Src/stm32f1xx_ll_usb.c ****     }
 427:Drivers/STM32F1xx_HAL_Driver/Src/stm32f1xx_ll_usb.c ****   } while ((USBx->GRSTCTL & USB_OTG_GRSTCTL_AHBIDL) == 0U);
 428:Drivers/STM32F1xx_HAL_Driver/Src/stm32f1xx_ll_usb.c **** 
 429:Drivers/STM32F1xx_HAL_Driver/Src/stm32f1xx_ll_usb.c ****   /* Flush RX Fifo */
 430:Drivers/STM32F1xx_HAL_Driver/Src/stm32f1xx_ll_usb.c ****   count = 0U;
ARM GAS  C:\Users\subdia\AppData\Local\Temp\ccmLEiFj.s 			page 9


 431:Drivers/STM32F1xx_HAL_Driver/Src/stm32f1xx_ll_usb.c ****   USBx->GRSTCTL = USB_OTG_GRSTCTL_RXFFLSH;
 432:Drivers/STM32F1xx_HAL_Driver/Src/stm32f1xx_ll_usb.c **** 
 433:Drivers/STM32F1xx_HAL_Driver/Src/stm32f1xx_ll_usb.c ****   do
 434:Drivers/STM32F1xx_HAL_Driver/Src/stm32f1xx_ll_usb.c ****   {
 435:Drivers/STM32F1xx_HAL_Driver/Src/stm32f1xx_ll_usb.c ****     count++;
 436:Drivers/STM32F1xx_HAL_Driver/Src/stm32f1xx_ll_usb.c **** 
 437:Drivers/STM32F1xx_HAL_Driver/Src/stm32f1xx_ll_usb.c ****     if (count > HAL_USB_TIMEOUT)
 438:Drivers/STM32F1xx_HAL_Driver/Src/stm32f1xx_ll_usb.c ****     {
 439:Drivers/STM32F1xx_HAL_Driver/Src/stm32f1xx_ll_usb.c ****       return HAL_TIMEOUT;
 440:Drivers/STM32F1xx_HAL_Driver/Src/stm32f1xx_ll_usb.c ****     }
 441:Drivers/STM32F1xx_HAL_Driver/Src/stm32f1xx_ll_usb.c ****   } while ((USBx->GRSTCTL & USB_OTG_GRSTCTL_RXFFLSH) == USB_OTG_GRSTCTL_RXFFLSH);
 442:Drivers/STM32F1xx_HAL_Driver/Src/stm32f1xx_ll_usb.c **** 
 443:Drivers/STM32F1xx_HAL_Driver/Src/stm32f1xx_ll_usb.c ****   return HAL_OK;
 444:Drivers/STM32F1xx_HAL_Driver/Src/stm32f1xx_ll_usb.c **** }
 445:Drivers/STM32F1xx_HAL_Driver/Src/stm32f1xx_ll_usb.c **** 
 446:Drivers/STM32F1xx_HAL_Driver/Src/stm32f1xx_ll_usb.c **** /**
 447:Drivers/STM32F1xx_HAL_Driver/Src/stm32f1xx_ll_usb.c ****   * @brief  USB_SetDevSpeed  Initializes the DevSpd field of DCFG register
 448:Drivers/STM32F1xx_HAL_Driver/Src/stm32f1xx_ll_usb.c ****   *         depending the PHY type and the enumeration speed of the device.
 449:Drivers/STM32F1xx_HAL_Driver/Src/stm32f1xx_ll_usb.c ****   * @param  USBx  Selected device
 450:Drivers/STM32F1xx_HAL_Driver/Src/stm32f1xx_ll_usb.c ****   * @param  speed  device speed
 451:Drivers/STM32F1xx_HAL_Driver/Src/stm32f1xx_ll_usb.c ****   *          This parameter can be one of these values:
 452:Drivers/STM32F1xx_HAL_Driver/Src/stm32f1xx_ll_usb.c ****   *            @arg USB_OTG_SPEED_FULL: Full speed mode
 453:Drivers/STM32F1xx_HAL_Driver/Src/stm32f1xx_ll_usb.c ****   * @retval  Hal status
 454:Drivers/STM32F1xx_HAL_Driver/Src/stm32f1xx_ll_usb.c ****   */
 455:Drivers/STM32F1xx_HAL_Driver/Src/stm32f1xx_ll_usb.c **** HAL_StatusTypeDef USB_SetDevSpeed(const USB_OTG_GlobalTypeDef *USBx, uint8_t speed)
 456:Drivers/STM32F1xx_HAL_Driver/Src/stm32f1xx_ll_usb.c **** {
 457:Drivers/STM32F1xx_HAL_Driver/Src/stm32f1xx_ll_usb.c ****   uint32_t USBx_BASE = (uint32_t)USBx;
 458:Drivers/STM32F1xx_HAL_Driver/Src/stm32f1xx_ll_usb.c **** 
 459:Drivers/STM32F1xx_HAL_Driver/Src/stm32f1xx_ll_usb.c ****   USBx_DEVICE->DCFG |= speed;
 460:Drivers/STM32F1xx_HAL_Driver/Src/stm32f1xx_ll_usb.c ****   return HAL_OK;
 461:Drivers/STM32F1xx_HAL_Driver/Src/stm32f1xx_ll_usb.c **** }
 462:Drivers/STM32F1xx_HAL_Driver/Src/stm32f1xx_ll_usb.c **** 
 463:Drivers/STM32F1xx_HAL_Driver/Src/stm32f1xx_ll_usb.c **** /**
 464:Drivers/STM32F1xx_HAL_Driver/Src/stm32f1xx_ll_usb.c ****   * @brief  USB_GetDevSpeed  Return the Dev Speed
 465:Drivers/STM32F1xx_HAL_Driver/Src/stm32f1xx_ll_usb.c ****   * @param  USBx  Selected device
 466:Drivers/STM32F1xx_HAL_Driver/Src/stm32f1xx_ll_usb.c ****   * @retval speed  device speed
 467:Drivers/STM32F1xx_HAL_Driver/Src/stm32f1xx_ll_usb.c ****   *          This parameter can be one of these values:
 468:Drivers/STM32F1xx_HAL_Driver/Src/stm32f1xx_ll_usb.c ****   *            @arg USBD_FS_SPEED: Full speed mode
 469:Drivers/STM32F1xx_HAL_Driver/Src/stm32f1xx_ll_usb.c ****   */
 470:Drivers/STM32F1xx_HAL_Driver/Src/stm32f1xx_ll_usb.c **** uint8_t USB_GetDevSpeed(const USB_OTG_GlobalTypeDef *USBx)
 471:Drivers/STM32F1xx_HAL_Driver/Src/stm32f1xx_ll_usb.c **** {
 472:Drivers/STM32F1xx_HAL_Driver/Src/stm32f1xx_ll_usb.c ****   uint32_t USBx_BASE = (uint32_t)USBx;
 473:Drivers/STM32F1xx_HAL_Driver/Src/stm32f1xx_ll_usb.c ****   uint8_t speed;
 474:Drivers/STM32F1xx_HAL_Driver/Src/stm32f1xx_ll_usb.c ****   uint32_t DevEnumSpeed = USBx_DEVICE->DSTS & USB_OTG_DSTS_ENUMSPD;
 475:Drivers/STM32F1xx_HAL_Driver/Src/stm32f1xx_ll_usb.c **** 
 476:Drivers/STM32F1xx_HAL_Driver/Src/stm32f1xx_ll_usb.c ****   if ((DevEnumSpeed == DSTS_ENUMSPD_FS_PHY_30MHZ_OR_60MHZ) ||
 477:Drivers/STM32F1xx_HAL_Driver/Src/stm32f1xx_ll_usb.c ****       (DevEnumSpeed == DSTS_ENUMSPD_FS_PHY_48MHZ))
 478:Drivers/STM32F1xx_HAL_Driver/Src/stm32f1xx_ll_usb.c ****   {
 479:Drivers/STM32F1xx_HAL_Driver/Src/stm32f1xx_ll_usb.c ****     speed = USBD_FS_SPEED;
 480:Drivers/STM32F1xx_HAL_Driver/Src/stm32f1xx_ll_usb.c ****   }
 481:Drivers/STM32F1xx_HAL_Driver/Src/stm32f1xx_ll_usb.c ****   else
 482:Drivers/STM32F1xx_HAL_Driver/Src/stm32f1xx_ll_usb.c ****   {
 483:Drivers/STM32F1xx_HAL_Driver/Src/stm32f1xx_ll_usb.c ****     speed = 0xFU;
 484:Drivers/STM32F1xx_HAL_Driver/Src/stm32f1xx_ll_usb.c ****   }
 485:Drivers/STM32F1xx_HAL_Driver/Src/stm32f1xx_ll_usb.c **** 
 486:Drivers/STM32F1xx_HAL_Driver/Src/stm32f1xx_ll_usb.c ****   return speed;
 487:Drivers/STM32F1xx_HAL_Driver/Src/stm32f1xx_ll_usb.c **** }
ARM GAS  C:\Users\subdia\AppData\Local\Temp\ccmLEiFj.s 			page 10


 488:Drivers/STM32F1xx_HAL_Driver/Src/stm32f1xx_ll_usb.c **** 
 489:Drivers/STM32F1xx_HAL_Driver/Src/stm32f1xx_ll_usb.c **** /**
 490:Drivers/STM32F1xx_HAL_Driver/Src/stm32f1xx_ll_usb.c ****   * @brief  Activate and configure an endpoint
 491:Drivers/STM32F1xx_HAL_Driver/Src/stm32f1xx_ll_usb.c ****   * @param  USBx  Selected device
 492:Drivers/STM32F1xx_HAL_Driver/Src/stm32f1xx_ll_usb.c ****   * @param  ep pointer to endpoint structure
 493:Drivers/STM32F1xx_HAL_Driver/Src/stm32f1xx_ll_usb.c ****   * @retval HAL status
 494:Drivers/STM32F1xx_HAL_Driver/Src/stm32f1xx_ll_usb.c ****   */
 495:Drivers/STM32F1xx_HAL_Driver/Src/stm32f1xx_ll_usb.c **** HAL_StatusTypeDef USB_ActivateEndpoint(const USB_OTG_GlobalTypeDef *USBx, const USB_OTG_EPTypeDef *
 496:Drivers/STM32F1xx_HAL_Driver/Src/stm32f1xx_ll_usb.c **** {
 497:Drivers/STM32F1xx_HAL_Driver/Src/stm32f1xx_ll_usb.c ****   uint32_t USBx_BASE = (uint32_t)USBx;
 498:Drivers/STM32F1xx_HAL_Driver/Src/stm32f1xx_ll_usb.c ****   uint32_t epnum = (uint32_t)ep->num;
 499:Drivers/STM32F1xx_HAL_Driver/Src/stm32f1xx_ll_usb.c **** 
 500:Drivers/STM32F1xx_HAL_Driver/Src/stm32f1xx_ll_usb.c ****   if (ep->is_in == 1U)
 501:Drivers/STM32F1xx_HAL_Driver/Src/stm32f1xx_ll_usb.c ****   {
 502:Drivers/STM32F1xx_HAL_Driver/Src/stm32f1xx_ll_usb.c ****     USBx_DEVICE->DAINTMSK |= USB_OTG_DAINTMSK_IEPM & (uint32_t)(1UL << (ep->num & EP_ADDR_MSK));
 503:Drivers/STM32F1xx_HAL_Driver/Src/stm32f1xx_ll_usb.c **** 
 504:Drivers/STM32F1xx_HAL_Driver/Src/stm32f1xx_ll_usb.c ****     if ((USBx_INEP(epnum)->DIEPCTL & USB_OTG_DIEPCTL_USBAEP) == 0U)
 505:Drivers/STM32F1xx_HAL_Driver/Src/stm32f1xx_ll_usb.c ****     {
 506:Drivers/STM32F1xx_HAL_Driver/Src/stm32f1xx_ll_usb.c ****       USBx_INEP(epnum)->DIEPCTL |= (ep->maxpacket & USB_OTG_DIEPCTL_MPSIZ) |
 507:Drivers/STM32F1xx_HAL_Driver/Src/stm32f1xx_ll_usb.c ****                                    ((uint32_t)ep->type << 18) | (epnum << 22) |
 508:Drivers/STM32F1xx_HAL_Driver/Src/stm32f1xx_ll_usb.c ****                                    USB_OTG_DIEPCTL_SD0PID_SEVNFRM |
 509:Drivers/STM32F1xx_HAL_Driver/Src/stm32f1xx_ll_usb.c ****                                    USB_OTG_DIEPCTL_USBAEP;
 510:Drivers/STM32F1xx_HAL_Driver/Src/stm32f1xx_ll_usb.c ****     }
 511:Drivers/STM32F1xx_HAL_Driver/Src/stm32f1xx_ll_usb.c ****   }
 512:Drivers/STM32F1xx_HAL_Driver/Src/stm32f1xx_ll_usb.c ****   else
 513:Drivers/STM32F1xx_HAL_Driver/Src/stm32f1xx_ll_usb.c ****   {
 514:Drivers/STM32F1xx_HAL_Driver/Src/stm32f1xx_ll_usb.c ****     USBx_DEVICE->DAINTMSK |= USB_OTG_DAINTMSK_OEPM & ((uint32_t)(1UL << (ep->num & EP_ADDR_MSK)) <<
 515:Drivers/STM32F1xx_HAL_Driver/Src/stm32f1xx_ll_usb.c **** 
 516:Drivers/STM32F1xx_HAL_Driver/Src/stm32f1xx_ll_usb.c ****     if (((USBx_OUTEP(epnum)->DOEPCTL) & USB_OTG_DOEPCTL_USBAEP) == 0U)
 517:Drivers/STM32F1xx_HAL_Driver/Src/stm32f1xx_ll_usb.c ****     {
 518:Drivers/STM32F1xx_HAL_Driver/Src/stm32f1xx_ll_usb.c ****       USBx_OUTEP(epnum)->DOEPCTL |= (ep->maxpacket & USB_OTG_DOEPCTL_MPSIZ) |
 519:Drivers/STM32F1xx_HAL_Driver/Src/stm32f1xx_ll_usb.c ****                                     ((uint32_t)ep->type << 18) |
 520:Drivers/STM32F1xx_HAL_Driver/Src/stm32f1xx_ll_usb.c ****                                     USB_OTG_DIEPCTL_SD0PID_SEVNFRM |
 521:Drivers/STM32F1xx_HAL_Driver/Src/stm32f1xx_ll_usb.c ****                                     USB_OTG_DOEPCTL_USBAEP;
 522:Drivers/STM32F1xx_HAL_Driver/Src/stm32f1xx_ll_usb.c ****     }
 523:Drivers/STM32F1xx_HAL_Driver/Src/stm32f1xx_ll_usb.c ****   }
 524:Drivers/STM32F1xx_HAL_Driver/Src/stm32f1xx_ll_usb.c ****   return HAL_OK;
 525:Drivers/STM32F1xx_HAL_Driver/Src/stm32f1xx_ll_usb.c **** }
 526:Drivers/STM32F1xx_HAL_Driver/Src/stm32f1xx_ll_usb.c **** 
 527:Drivers/STM32F1xx_HAL_Driver/Src/stm32f1xx_ll_usb.c **** /**
 528:Drivers/STM32F1xx_HAL_Driver/Src/stm32f1xx_ll_usb.c ****   * @brief  Activate and configure a dedicated endpoint
 529:Drivers/STM32F1xx_HAL_Driver/Src/stm32f1xx_ll_usb.c ****   * @param  USBx  Selected device
 530:Drivers/STM32F1xx_HAL_Driver/Src/stm32f1xx_ll_usb.c ****   * @param  ep pointer to endpoint structure
 531:Drivers/STM32F1xx_HAL_Driver/Src/stm32f1xx_ll_usb.c ****   * @retval HAL status
 532:Drivers/STM32F1xx_HAL_Driver/Src/stm32f1xx_ll_usb.c ****   */
 533:Drivers/STM32F1xx_HAL_Driver/Src/stm32f1xx_ll_usb.c **** HAL_StatusTypeDef USB_ActivateDedicatedEndpoint(const USB_OTG_GlobalTypeDef *USBx, const USB_OTG_EP
 534:Drivers/STM32F1xx_HAL_Driver/Src/stm32f1xx_ll_usb.c **** {
 535:Drivers/STM32F1xx_HAL_Driver/Src/stm32f1xx_ll_usb.c ****   uint32_t USBx_BASE = (uint32_t)USBx;
 536:Drivers/STM32F1xx_HAL_Driver/Src/stm32f1xx_ll_usb.c ****   uint32_t epnum = (uint32_t)ep->num;
 537:Drivers/STM32F1xx_HAL_Driver/Src/stm32f1xx_ll_usb.c **** 
 538:Drivers/STM32F1xx_HAL_Driver/Src/stm32f1xx_ll_usb.c ****   /* Read DEPCTLn register */
 539:Drivers/STM32F1xx_HAL_Driver/Src/stm32f1xx_ll_usb.c ****   if (ep->is_in == 1U)
 540:Drivers/STM32F1xx_HAL_Driver/Src/stm32f1xx_ll_usb.c ****   {
 541:Drivers/STM32F1xx_HAL_Driver/Src/stm32f1xx_ll_usb.c ****     if (((USBx_INEP(epnum)->DIEPCTL) & USB_OTG_DIEPCTL_USBAEP) == 0U)
 542:Drivers/STM32F1xx_HAL_Driver/Src/stm32f1xx_ll_usb.c ****     {
 543:Drivers/STM32F1xx_HAL_Driver/Src/stm32f1xx_ll_usb.c ****       USBx_INEP(epnum)->DIEPCTL |= (ep->maxpacket & USB_OTG_DIEPCTL_MPSIZ) |
 544:Drivers/STM32F1xx_HAL_Driver/Src/stm32f1xx_ll_usb.c ****                                    ((uint32_t)ep->type << 18) | (epnum << 22) |
ARM GAS  C:\Users\subdia\AppData\Local\Temp\ccmLEiFj.s 			page 11


 545:Drivers/STM32F1xx_HAL_Driver/Src/stm32f1xx_ll_usb.c ****                                    USB_OTG_DIEPCTL_SD0PID_SEVNFRM |
 546:Drivers/STM32F1xx_HAL_Driver/Src/stm32f1xx_ll_usb.c ****                                    USB_OTG_DIEPCTL_USBAEP;
 547:Drivers/STM32F1xx_HAL_Driver/Src/stm32f1xx_ll_usb.c ****     }
 548:Drivers/STM32F1xx_HAL_Driver/Src/stm32f1xx_ll_usb.c **** 
 549:Drivers/STM32F1xx_HAL_Driver/Src/stm32f1xx_ll_usb.c ****     USBx_DEVICE->DEACHMSK |= USB_OTG_DAINTMSK_IEPM & (uint32_t)(1UL << (ep->num & EP_ADDR_MSK));
 550:Drivers/STM32F1xx_HAL_Driver/Src/stm32f1xx_ll_usb.c ****   }
 551:Drivers/STM32F1xx_HAL_Driver/Src/stm32f1xx_ll_usb.c ****   else
 552:Drivers/STM32F1xx_HAL_Driver/Src/stm32f1xx_ll_usb.c ****   {
 553:Drivers/STM32F1xx_HAL_Driver/Src/stm32f1xx_ll_usb.c ****     if (((USBx_OUTEP(epnum)->DOEPCTL) & USB_OTG_DOEPCTL_USBAEP) == 0U)
 554:Drivers/STM32F1xx_HAL_Driver/Src/stm32f1xx_ll_usb.c ****     {
 555:Drivers/STM32F1xx_HAL_Driver/Src/stm32f1xx_ll_usb.c ****       USBx_OUTEP(epnum)->DOEPCTL |= (ep->maxpacket & USB_OTG_DOEPCTL_MPSIZ) |
 556:Drivers/STM32F1xx_HAL_Driver/Src/stm32f1xx_ll_usb.c ****                                     ((uint32_t)ep->type << 18) | (epnum << 22) |
 557:Drivers/STM32F1xx_HAL_Driver/Src/stm32f1xx_ll_usb.c ****                                     USB_OTG_DOEPCTL_USBAEP;
 558:Drivers/STM32F1xx_HAL_Driver/Src/stm32f1xx_ll_usb.c ****     }
 559:Drivers/STM32F1xx_HAL_Driver/Src/stm32f1xx_ll_usb.c **** 
 560:Drivers/STM32F1xx_HAL_Driver/Src/stm32f1xx_ll_usb.c ****     USBx_DEVICE->DEACHMSK |= USB_OTG_DAINTMSK_OEPM & ((uint32_t)(1UL << (ep->num & EP_ADDR_MSK)) <<
 561:Drivers/STM32F1xx_HAL_Driver/Src/stm32f1xx_ll_usb.c ****   }
 562:Drivers/STM32F1xx_HAL_Driver/Src/stm32f1xx_ll_usb.c **** 
 563:Drivers/STM32F1xx_HAL_Driver/Src/stm32f1xx_ll_usb.c ****   return HAL_OK;
 564:Drivers/STM32F1xx_HAL_Driver/Src/stm32f1xx_ll_usb.c **** }
 565:Drivers/STM32F1xx_HAL_Driver/Src/stm32f1xx_ll_usb.c **** 
 566:Drivers/STM32F1xx_HAL_Driver/Src/stm32f1xx_ll_usb.c **** /**
 567:Drivers/STM32F1xx_HAL_Driver/Src/stm32f1xx_ll_usb.c ****   * @brief  De-activate and de-initialize an endpoint
 568:Drivers/STM32F1xx_HAL_Driver/Src/stm32f1xx_ll_usb.c ****   * @param  USBx  Selected device
 569:Drivers/STM32F1xx_HAL_Driver/Src/stm32f1xx_ll_usb.c ****   * @param  ep pointer to endpoint structure
 570:Drivers/STM32F1xx_HAL_Driver/Src/stm32f1xx_ll_usb.c ****   * @retval HAL status
 571:Drivers/STM32F1xx_HAL_Driver/Src/stm32f1xx_ll_usb.c ****   */
 572:Drivers/STM32F1xx_HAL_Driver/Src/stm32f1xx_ll_usb.c **** HAL_StatusTypeDef USB_DeactivateEndpoint(const USB_OTG_GlobalTypeDef *USBx, const USB_OTG_EPTypeDef
 573:Drivers/STM32F1xx_HAL_Driver/Src/stm32f1xx_ll_usb.c **** {
 574:Drivers/STM32F1xx_HAL_Driver/Src/stm32f1xx_ll_usb.c ****   uint32_t USBx_BASE = (uint32_t)USBx;
 575:Drivers/STM32F1xx_HAL_Driver/Src/stm32f1xx_ll_usb.c ****   uint32_t epnum = (uint32_t)ep->num;
 576:Drivers/STM32F1xx_HAL_Driver/Src/stm32f1xx_ll_usb.c **** 
 577:Drivers/STM32F1xx_HAL_Driver/Src/stm32f1xx_ll_usb.c ****   /* Read DEPCTLn register */
 578:Drivers/STM32F1xx_HAL_Driver/Src/stm32f1xx_ll_usb.c ****   if (ep->is_in == 1U)
 579:Drivers/STM32F1xx_HAL_Driver/Src/stm32f1xx_ll_usb.c ****   {
 580:Drivers/STM32F1xx_HAL_Driver/Src/stm32f1xx_ll_usb.c ****     if ((USBx_INEP(epnum)->DIEPCTL & USB_OTG_DIEPCTL_EPENA) == USB_OTG_DIEPCTL_EPENA)
 581:Drivers/STM32F1xx_HAL_Driver/Src/stm32f1xx_ll_usb.c ****     {
 582:Drivers/STM32F1xx_HAL_Driver/Src/stm32f1xx_ll_usb.c ****       USBx_INEP(epnum)->DIEPCTL |= USB_OTG_DIEPCTL_SNAK;
 583:Drivers/STM32F1xx_HAL_Driver/Src/stm32f1xx_ll_usb.c ****       USBx_INEP(epnum)->DIEPCTL |= USB_OTG_DIEPCTL_EPDIS;
 584:Drivers/STM32F1xx_HAL_Driver/Src/stm32f1xx_ll_usb.c ****     }
 585:Drivers/STM32F1xx_HAL_Driver/Src/stm32f1xx_ll_usb.c **** 
 586:Drivers/STM32F1xx_HAL_Driver/Src/stm32f1xx_ll_usb.c ****     USBx_DEVICE->DEACHMSK &= ~(USB_OTG_DAINTMSK_IEPM & (uint32_t)(1UL << (ep->num & EP_ADDR_MSK)));
 587:Drivers/STM32F1xx_HAL_Driver/Src/stm32f1xx_ll_usb.c ****     USBx_DEVICE->DAINTMSK &= ~(USB_OTG_DAINTMSK_IEPM & (uint32_t)(1UL << (ep->num & EP_ADDR_MSK)));
 588:Drivers/STM32F1xx_HAL_Driver/Src/stm32f1xx_ll_usb.c ****     USBx_INEP(epnum)->DIEPCTL &= ~(USB_OTG_DIEPCTL_USBAEP |
 589:Drivers/STM32F1xx_HAL_Driver/Src/stm32f1xx_ll_usb.c ****                                    USB_OTG_DIEPCTL_MPSIZ |
 590:Drivers/STM32F1xx_HAL_Driver/Src/stm32f1xx_ll_usb.c ****                                    USB_OTG_DIEPCTL_TXFNUM |
 591:Drivers/STM32F1xx_HAL_Driver/Src/stm32f1xx_ll_usb.c ****                                    USB_OTG_DIEPCTL_SD0PID_SEVNFRM |
 592:Drivers/STM32F1xx_HAL_Driver/Src/stm32f1xx_ll_usb.c ****                                    USB_OTG_DIEPCTL_EPTYP);
 593:Drivers/STM32F1xx_HAL_Driver/Src/stm32f1xx_ll_usb.c ****   }
 594:Drivers/STM32F1xx_HAL_Driver/Src/stm32f1xx_ll_usb.c ****   else
 595:Drivers/STM32F1xx_HAL_Driver/Src/stm32f1xx_ll_usb.c ****   {
 596:Drivers/STM32F1xx_HAL_Driver/Src/stm32f1xx_ll_usb.c ****     if ((USBx_OUTEP(epnum)->DOEPCTL & USB_OTG_DOEPCTL_EPENA) == USB_OTG_DOEPCTL_EPENA)
 597:Drivers/STM32F1xx_HAL_Driver/Src/stm32f1xx_ll_usb.c ****     {
 598:Drivers/STM32F1xx_HAL_Driver/Src/stm32f1xx_ll_usb.c ****       USBx_OUTEP(epnum)->DOEPCTL |= USB_OTG_DOEPCTL_SNAK;
 599:Drivers/STM32F1xx_HAL_Driver/Src/stm32f1xx_ll_usb.c ****       USBx_OUTEP(epnum)->DOEPCTL |= USB_OTG_DOEPCTL_EPDIS;
 600:Drivers/STM32F1xx_HAL_Driver/Src/stm32f1xx_ll_usb.c ****     }
 601:Drivers/STM32F1xx_HAL_Driver/Src/stm32f1xx_ll_usb.c **** 
ARM GAS  C:\Users\subdia\AppData\Local\Temp\ccmLEiFj.s 			page 12


 602:Drivers/STM32F1xx_HAL_Driver/Src/stm32f1xx_ll_usb.c ****     USBx_DEVICE->DEACHMSK &= ~(USB_OTG_DAINTMSK_OEPM & ((uint32_t)(1UL << (ep->num & EP_ADDR_MSK)) 
 603:Drivers/STM32F1xx_HAL_Driver/Src/stm32f1xx_ll_usb.c ****     USBx_DEVICE->DAINTMSK &= ~(USB_OTG_DAINTMSK_OEPM & ((uint32_t)(1UL << (ep->num & EP_ADDR_MSK)) 
 604:Drivers/STM32F1xx_HAL_Driver/Src/stm32f1xx_ll_usb.c ****     USBx_OUTEP(epnum)->DOEPCTL &= ~(USB_OTG_DOEPCTL_USBAEP |
 605:Drivers/STM32F1xx_HAL_Driver/Src/stm32f1xx_ll_usb.c ****                                     USB_OTG_DOEPCTL_MPSIZ |
 606:Drivers/STM32F1xx_HAL_Driver/Src/stm32f1xx_ll_usb.c ****                                     USB_OTG_DOEPCTL_SD0PID_SEVNFRM |
 607:Drivers/STM32F1xx_HAL_Driver/Src/stm32f1xx_ll_usb.c ****                                     USB_OTG_DOEPCTL_EPTYP);
 608:Drivers/STM32F1xx_HAL_Driver/Src/stm32f1xx_ll_usb.c ****   }
 609:Drivers/STM32F1xx_HAL_Driver/Src/stm32f1xx_ll_usb.c **** 
 610:Drivers/STM32F1xx_HAL_Driver/Src/stm32f1xx_ll_usb.c ****   return HAL_OK;
 611:Drivers/STM32F1xx_HAL_Driver/Src/stm32f1xx_ll_usb.c **** }
 612:Drivers/STM32F1xx_HAL_Driver/Src/stm32f1xx_ll_usb.c **** 
 613:Drivers/STM32F1xx_HAL_Driver/Src/stm32f1xx_ll_usb.c **** /**
 614:Drivers/STM32F1xx_HAL_Driver/Src/stm32f1xx_ll_usb.c ****   * @brief  De-activate and de-initialize a dedicated endpoint
 615:Drivers/STM32F1xx_HAL_Driver/Src/stm32f1xx_ll_usb.c ****   * @param  USBx  Selected device
 616:Drivers/STM32F1xx_HAL_Driver/Src/stm32f1xx_ll_usb.c ****   * @param  ep pointer to endpoint structure
 617:Drivers/STM32F1xx_HAL_Driver/Src/stm32f1xx_ll_usb.c ****   * @retval HAL status
 618:Drivers/STM32F1xx_HAL_Driver/Src/stm32f1xx_ll_usb.c ****   */
 619:Drivers/STM32F1xx_HAL_Driver/Src/stm32f1xx_ll_usb.c **** HAL_StatusTypeDef USB_DeactivateDedicatedEndpoint(const USB_OTG_GlobalTypeDef *USBx, const USB_OTG_
 620:Drivers/STM32F1xx_HAL_Driver/Src/stm32f1xx_ll_usb.c **** {
 621:Drivers/STM32F1xx_HAL_Driver/Src/stm32f1xx_ll_usb.c ****   uint32_t USBx_BASE = (uint32_t)USBx;
 622:Drivers/STM32F1xx_HAL_Driver/Src/stm32f1xx_ll_usb.c ****   uint32_t epnum = (uint32_t)ep->num;
 623:Drivers/STM32F1xx_HAL_Driver/Src/stm32f1xx_ll_usb.c **** 
 624:Drivers/STM32F1xx_HAL_Driver/Src/stm32f1xx_ll_usb.c ****   /* Read DEPCTLn register */
 625:Drivers/STM32F1xx_HAL_Driver/Src/stm32f1xx_ll_usb.c ****   if (ep->is_in == 1U)
 626:Drivers/STM32F1xx_HAL_Driver/Src/stm32f1xx_ll_usb.c ****   {
 627:Drivers/STM32F1xx_HAL_Driver/Src/stm32f1xx_ll_usb.c ****     if ((USBx_INEP(epnum)->DIEPCTL & USB_OTG_DIEPCTL_EPENA) == USB_OTG_DIEPCTL_EPENA)
 628:Drivers/STM32F1xx_HAL_Driver/Src/stm32f1xx_ll_usb.c ****     {
 629:Drivers/STM32F1xx_HAL_Driver/Src/stm32f1xx_ll_usb.c ****       USBx_INEP(epnum)->DIEPCTL  |= USB_OTG_DIEPCTL_SNAK;
 630:Drivers/STM32F1xx_HAL_Driver/Src/stm32f1xx_ll_usb.c ****       USBx_INEP(epnum)->DIEPCTL  |= USB_OTG_DIEPCTL_EPDIS;
 631:Drivers/STM32F1xx_HAL_Driver/Src/stm32f1xx_ll_usb.c ****     }
 632:Drivers/STM32F1xx_HAL_Driver/Src/stm32f1xx_ll_usb.c **** 
 633:Drivers/STM32F1xx_HAL_Driver/Src/stm32f1xx_ll_usb.c ****     USBx_INEP(epnum)->DIEPCTL &= ~ USB_OTG_DIEPCTL_USBAEP;
 634:Drivers/STM32F1xx_HAL_Driver/Src/stm32f1xx_ll_usb.c ****     USBx_DEVICE->DAINTMSK &= ~(USB_OTG_DAINTMSK_IEPM & (uint32_t)(1UL << (ep->num & EP_ADDR_MSK)));
 635:Drivers/STM32F1xx_HAL_Driver/Src/stm32f1xx_ll_usb.c ****   }
 636:Drivers/STM32F1xx_HAL_Driver/Src/stm32f1xx_ll_usb.c ****   else
 637:Drivers/STM32F1xx_HAL_Driver/Src/stm32f1xx_ll_usb.c ****   {
 638:Drivers/STM32F1xx_HAL_Driver/Src/stm32f1xx_ll_usb.c ****     if ((USBx_OUTEP(epnum)->DOEPCTL & USB_OTG_DOEPCTL_EPENA) == USB_OTG_DOEPCTL_EPENA)
 639:Drivers/STM32F1xx_HAL_Driver/Src/stm32f1xx_ll_usb.c ****     {
 640:Drivers/STM32F1xx_HAL_Driver/Src/stm32f1xx_ll_usb.c ****       USBx_OUTEP(epnum)->DOEPCTL  |= USB_OTG_DOEPCTL_SNAK;
 641:Drivers/STM32F1xx_HAL_Driver/Src/stm32f1xx_ll_usb.c ****       USBx_OUTEP(epnum)->DOEPCTL  |= USB_OTG_DOEPCTL_EPDIS;
 642:Drivers/STM32F1xx_HAL_Driver/Src/stm32f1xx_ll_usb.c ****     }
 643:Drivers/STM32F1xx_HAL_Driver/Src/stm32f1xx_ll_usb.c **** 
 644:Drivers/STM32F1xx_HAL_Driver/Src/stm32f1xx_ll_usb.c ****     USBx_OUTEP(epnum)->DOEPCTL &= ~USB_OTG_DOEPCTL_USBAEP;
 645:Drivers/STM32F1xx_HAL_Driver/Src/stm32f1xx_ll_usb.c ****     USBx_DEVICE->DAINTMSK &= ~(USB_OTG_DAINTMSK_OEPM & ((uint32_t)(1UL << (ep->num & EP_ADDR_MSK)) 
 646:Drivers/STM32F1xx_HAL_Driver/Src/stm32f1xx_ll_usb.c ****   }
 647:Drivers/STM32F1xx_HAL_Driver/Src/stm32f1xx_ll_usb.c **** 
 648:Drivers/STM32F1xx_HAL_Driver/Src/stm32f1xx_ll_usb.c ****   return HAL_OK;
 649:Drivers/STM32F1xx_HAL_Driver/Src/stm32f1xx_ll_usb.c **** }
 650:Drivers/STM32F1xx_HAL_Driver/Src/stm32f1xx_ll_usb.c **** 
 651:Drivers/STM32F1xx_HAL_Driver/Src/stm32f1xx_ll_usb.c **** /**
 652:Drivers/STM32F1xx_HAL_Driver/Src/stm32f1xx_ll_usb.c ****   * @brief  USB_EPStartXfer : setup and starts a transfer over an EP
 653:Drivers/STM32F1xx_HAL_Driver/Src/stm32f1xx_ll_usb.c ****   * @param  USBx  Selected device
 654:Drivers/STM32F1xx_HAL_Driver/Src/stm32f1xx_ll_usb.c ****   * @param  ep pointer to endpoint structure
 655:Drivers/STM32F1xx_HAL_Driver/Src/stm32f1xx_ll_usb.c ****   * @retval HAL status
 656:Drivers/STM32F1xx_HAL_Driver/Src/stm32f1xx_ll_usb.c ****   */
 657:Drivers/STM32F1xx_HAL_Driver/Src/stm32f1xx_ll_usb.c **** HAL_StatusTypeDef USB_EPStartXfer(USB_OTG_GlobalTypeDef *USBx, USB_OTG_EPTypeDef *ep)
 658:Drivers/STM32F1xx_HAL_Driver/Src/stm32f1xx_ll_usb.c **** {
ARM GAS  C:\Users\subdia\AppData\Local\Temp\ccmLEiFj.s 			page 13


 659:Drivers/STM32F1xx_HAL_Driver/Src/stm32f1xx_ll_usb.c ****   uint32_t USBx_BASE = (uint32_t)USBx;
 660:Drivers/STM32F1xx_HAL_Driver/Src/stm32f1xx_ll_usb.c ****   uint32_t epnum = (uint32_t)ep->num;
 661:Drivers/STM32F1xx_HAL_Driver/Src/stm32f1xx_ll_usb.c ****   uint16_t pktcnt;
 662:Drivers/STM32F1xx_HAL_Driver/Src/stm32f1xx_ll_usb.c **** 
 663:Drivers/STM32F1xx_HAL_Driver/Src/stm32f1xx_ll_usb.c ****   /* IN endpoint */
 664:Drivers/STM32F1xx_HAL_Driver/Src/stm32f1xx_ll_usb.c ****   if (ep->is_in == 1U)
 665:Drivers/STM32F1xx_HAL_Driver/Src/stm32f1xx_ll_usb.c ****   {
 666:Drivers/STM32F1xx_HAL_Driver/Src/stm32f1xx_ll_usb.c ****     /* Zero Length Packet? */
 667:Drivers/STM32F1xx_HAL_Driver/Src/stm32f1xx_ll_usb.c ****     if (ep->xfer_len == 0U)
 668:Drivers/STM32F1xx_HAL_Driver/Src/stm32f1xx_ll_usb.c ****     {
 669:Drivers/STM32F1xx_HAL_Driver/Src/stm32f1xx_ll_usb.c ****       USBx_INEP(epnum)->DIEPTSIZ &= ~(USB_OTG_DIEPTSIZ_PKTCNT);
 670:Drivers/STM32F1xx_HAL_Driver/Src/stm32f1xx_ll_usb.c ****       USBx_INEP(epnum)->DIEPTSIZ |= (USB_OTG_DIEPTSIZ_PKTCNT & (1U << 19));
 671:Drivers/STM32F1xx_HAL_Driver/Src/stm32f1xx_ll_usb.c ****       USBx_INEP(epnum)->DIEPTSIZ &= ~(USB_OTG_DIEPTSIZ_XFRSIZ);
 672:Drivers/STM32F1xx_HAL_Driver/Src/stm32f1xx_ll_usb.c ****     }
 673:Drivers/STM32F1xx_HAL_Driver/Src/stm32f1xx_ll_usb.c ****     else
 674:Drivers/STM32F1xx_HAL_Driver/Src/stm32f1xx_ll_usb.c ****     {
 675:Drivers/STM32F1xx_HAL_Driver/Src/stm32f1xx_ll_usb.c ****       /* Program the transfer size and packet count
 676:Drivers/STM32F1xx_HAL_Driver/Src/stm32f1xx_ll_usb.c ****       * as follows: xfersize = N * maxpacket +
 677:Drivers/STM32F1xx_HAL_Driver/Src/stm32f1xx_ll_usb.c ****       * short_packet pktcnt = N + (short_packet
 678:Drivers/STM32F1xx_HAL_Driver/Src/stm32f1xx_ll_usb.c ****       * exist ? 1 : 0)
 679:Drivers/STM32F1xx_HAL_Driver/Src/stm32f1xx_ll_usb.c ****       */
 680:Drivers/STM32F1xx_HAL_Driver/Src/stm32f1xx_ll_usb.c ****       USBx_INEP(epnum)->DIEPTSIZ &= ~(USB_OTG_DIEPTSIZ_XFRSIZ);
 681:Drivers/STM32F1xx_HAL_Driver/Src/stm32f1xx_ll_usb.c ****       USBx_INEP(epnum)->DIEPTSIZ &= ~(USB_OTG_DIEPTSIZ_PKTCNT);
 682:Drivers/STM32F1xx_HAL_Driver/Src/stm32f1xx_ll_usb.c **** 
 683:Drivers/STM32F1xx_HAL_Driver/Src/stm32f1xx_ll_usb.c ****       if (epnum == 0U)
 684:Drivers/STM32F1xx_HAL_Driver/Src/stm32f1xx_ll_usb.c ****       {
 685:Drivers/STM32F1xx_HAL_Driver/Src/stm32f1xx_ll_usb.c ****         if (ep->xfer_len > ep->maxpacket)
 686:Drivers/STM32F1xx_HAL_Driver/Src/stm32f1xx_ll_usb.c ****         {
 687:Drivers/STM32F1xx_HAL_Driver/Src/stm32f1xx_ll_usb.c ****           ep->xfer_len = ep->maxpacket;
 688:Drivers/STM32F1xx_HAL_Driver/Src/stm32f1xx_ll_usb.c ****         }
 689:Drivers/STM32F1xx_HAL_Driver/Src/stm32f1xx_ll_usb.c **** 
 690:Drivers/STM32F1xx_HAL_Driver/Src/stm32f1xx_ll_usb.c ****         USBx_INEP(epnum)->DIEPTSIZ |= (USB_OTG_DIEPTSIZ_PKTCNT & (1U << 19));
 691:Drivers/STM32F1xx_HAL_Driver/Src/stm32f1xx_ll_usb.c ****       }
 692:Drivers/STM32F1xx_HAL_Driver/Src/stm32f1xx_ll_usb.c ****       else
 693:Drivers/STM32F1xx_HAL_Driver/Src/stm32f1xx_ll_usb.c ****       {
 694:Drivers/STM32F1xx_HAL_Driver/Src/stm32f1xx_ll_usb.c ****         USBx_INEP(epnum)->DIEPTSIZ |= (USB_OTG_DIEPTSIZ_PKTCNT &
 695:Drivers/STM32F1xx_HAL_Driver/Src/stm32f1xx_ll_usb.c ****                                        (((ep->xfer_len + ep->maxpacket - 1U) / ep->maxpacket) << 19
 696:Drivers/STM32F1xx_HAL_Driver/Src/stm32f1xx_ll_usb.c ****       }
 697:Drivers/STM32F1xx_HAL_Driver/Src/stm32f1xx_ll_usb.c **** 
 698:Drivers/STM32F1xx_HAL_Driver/Src/stm32f1xx_ll_usb.c ****       USBx_INEP(epnum)->DIEPTSIZ |= (USB_OTG_DIEPTSIZ_XFRSIZ & ep->xfer_len);
 699:Drivers/STM32F1xx_HAL_Driver/Src/stm32f1xx_ll_usb.c **** 
 700:Drivers/STM32F1xx_HAL_Driver/Src/stm32f1xx_ll_usb.c ****       if (ep->type == EP_TYPE_ISOC)
 701:Drivers/STM32F1xx_HAL_Driver/Src/stm32f1xx_ll_usb.c ****       {
 702:Drivers/STM32F1xx_HAL_Driver/Src/stm32f1xx_ll_usb.c ****         USBx_INEP(epnum)->DIEPTSIZ &= ~(USB_OTG_DIEPTSIZ_MULCNT);
 703:Drivers/STM32F1xx_HAL_Driver/Src/stm32f1xx_ll_usb.c ****         USBx_INEP(epnum)->DIEPTSIZ |= (USB_OTG_DIEPTSIZ_MULCNT & (1U << 29));
 704:Drivers/STM32F1xx_HAL_Driver/Src/stm32f1xx_ll_usb.c ****       }
 705:Drivers/STM32F1xx_HAL_Driver/Src/stm32f1xx_ll_usb.c ****     }
 706:Drivers/STM32F1xx_HAL_Driver/Src/stm32f1xx_ll_usb.c ****     /* EP enable, IN data in FIFO */
 707:Drivers/STM32F1xx_HAL_Driver/Src/stm32f1xx_ll_usb.c ****     USBx_INEP(epnum)->DIEPCTL |= (USB_OTG_DIEPCTL_CNAK | USB_OTG_DIEPCTL_EPENA);
 708:Drivers/STM32F1xx_HAL_Driver/Src/stm32f1xx_ll_usb.c **** 
 709:Drivers/STM32F1xx_HAL_Driver/Src/stm32f1xx_ll_usb.c ****     if (ep->type != EP_TYPE_ISOC)
 710:Drivers/STM32F1xx_HAL_Driver/Src/stm32f1xx_ll_usb.c ****     {
 711:Drivers/STM32F1xx_HAL_Driver/Src/stm32f1xx_ll_usb.c ****       /* Enable the Tx FIFO Empty Interrupt for this EP */
 712:Drivers/STM32F1xx_HAL_Driver/Src/stm32f1xx_ll_usb.c ****       if (ep->xfer_len > 0U)
 713:Drivers/STM32F1xx_HAL_Driver/Src/stm32f1xx_ll_usb.c ****       {
 714:Drivers/STM32F1xx_HAL_Driver/Src/stm32f1xx_ll_usb.c ****         USBx_DEVICE->DIEPEMPMSK |= 1UL << (ep->num & EP_ADDR_MSK);
 715:Drivers/STM32F1xx_HAL_Driver/Src/stm32f1xx_ll_usb.c ****       }
ARM GAS  C:\Users\subdia\AppData\Local\Temp\ccmLEiFj.s 			page 14


 716:Drivers/STM32F1xx_HAL_Driver/Src/stm32f1xx_ll_usb.c ****     }
 717:Drivers/STM32F1xx_HAL_Driver/Src/stm32f1xx_ll_usb.c ****     else
 718:Drivers/STM32F1xx_HAL_Driver/Src/stm32f1xx_ll_usb.c ****     {
 719:Drivers/STM32F1xx_HAL_Driver/Src/stm32f1xx_ll_usb.c ****       if ((USBx_DEVICE->DSTS & (1U << 8)) == 0U)
 720:Drivers/STM32F1xx_HAL_Driver/Src/stm32f1xx_ll_usb.c ****       {
 721:Drivers/STM32F1xx_HAL_Driver/Src/stm32f1xx_ll_usb.c ****         USBx_INEP(epnum)->DIEPCTL |= USB_OTG_DIEPCTL_SODDFRM;
 722:Drivers/STM32F1xx_HAL_Driver/Src/stm32f1xx_ll_usb.c ****       }
 723:Drivers/STM32F1xx_HAL_Driver/Src/stm32f1xx_ll_usb.c ****       else
 724:Drivers/STM32F1xx_HAL_Driver/Src/stm32f1xx_ll_usb.c ****       {
 725:Drivers/STM32F1xx_HAL_Driver/Src/stm32f1xx_ll_usb.c ****         USBx_INEP(epnum)->DIEPCTL |= USB_OTG_DIEPCTL_SD0PID_SEVNFRM;
 726:Drivers/STM32F1xx_HAL_Driver/Src/stm32f1xx_ll_usb.c ****       }
 727:Drivers/STM32F1xx_HAL_Driver/Src/stm32f1xx_ll_usb.c **** 
 728:Drivers/STM32F1xx_HAL_Driver/Src/stm32f1xx_ll_usb.c ****       (void)USB_WritePacket(USBx, ep->xfer_buff, ep->num, (uint16_t)ep->xfer_len);
 729:Drivers/STM32F1xx_HAL_Driver/Src/stm32f1xx_ll_usb.c ****     }
 730:Drivers/STM32F1xx_HAL_Driver/Src/stm32f1xx_ll_usb.c ****   }
 731:Drivers/STM32F1xx_HAL_Driver/Src/stm32f1xx_ll_usb.c ****   else /* OUT endpoint */
 732:Drivers/STM32F1xx_HAL_Driver/Src/stm32f1xx_ll_usb.c ****   {
 733:Drivers/STM32F1xx_HAL_Driver/Src/stm32f1xx_ll_usb.c ****     /* Program the transfer size and packet count as follows:
 734:Drivers/STM32F1xx_HAL_Driver/Src/stm32f1xx_ll_usb.c ****     * pktcnt = N
 735:Drivers/STM32F1xx_HAL_Driver/Src/stm32f1xx_ll_usb.c ****     * xfersize = N * maxpacket
 736:Drivers/STM32F1xx_HAL_Driver/Src/stm32f1xx_ll_usb.c ****     */
 737:Drivers/STM32F1xx_HAL_Driver/Src/stm32f1xx_ll_usb.c ****     USBx_OUTEP(epnum)->DOEPTSIZ &= ~(USB_OTG_DOEPTSIZ_XFRSIZ);
 738:Drivers/STM32F1xx_HAL_Driver/Src/stm32f1xx_ll_usb.c ****     USBx_OUTEP(epnum)->DOEPTSIZ &= ~(USB_OTG_DOEPTSIZ_PKTCNT);
 739:Drivers/STM32F1xx_HAL_Driver/Src/stm32f1xx_ll_usb.c **** 
 740:Drivers/STM32F1xx_HAL_Driver/Src/stm32f1xx_ll_usb.c ****     if (epnum == 0U)
 741:Drivers/STM32F1xx_HAL_Driver/Src/stm32f1xx_ll_usb.c ****     {
 742:Drivers/STM32F1xx_HAL_Driver/Src/stm32f1xx_ll_usb.c ****       if (ep->xfer_len > 0U)
 743:Drivers/STM32F1xx_HAL_Driver/Src/stm32f1xx_ll_usb.c ****       {
 744:Drivers/STM32F1xx_HAL_Driver/Src/stm32f1xx_ll_usb.c ****         ep->xfer_len = ep->maxpacket;
 745:Drivers/STM32F1xx_HAL_Driver/Src/stm32f1xx_ll_usb.c ****       }
 746:Drivers/STM32F1xx_HAL_Driver/Src/stm32f1xx_ll_usb.c **** 
 747:Drivers/STM32F1xx_HAL_Driver/Src/stm32f1xx_ll_usb.c ****       /* Store transfer size, for EP0 this is equal to endpoint max packet size */
 748:Drivers/STM32F1xx_HAL_Driver/Src/stm32f1xx_ll_usb.c ****       ep->xfer_size = ep->maxpacket;
 749:Drivers/STM32F1xx_HAL_Driver/Src/stm32f1xx_ll_usb.c **** 
 750:Drivers/STM32F1xx_HAL_Driver/Src/stm32f1xx_ll_usb.c ****       USBx_OUTEP(epnum)->DOEPTSIZ |= (USB_OTG_DOEPTSIZ_XFRSIZ & ep->xfer_size);
 751:Drivers/STM32F1xx_HAL_Driver/Src/stm32f1xx_ll_usb.c ****       USBx_OUTEP(epnum)->DOEPTSIZ |= (USB_OTG_DOEPTSIZ_PKTCNT & (1U << 19));
 752:Drivers/STM32F1xx_HAL_Driver/Src/stm32f1xx_ll_usb.c ****     }
 753:Drivers/STM32F1xx_HAL_Driver/Src/stm32f1xx_ll_usb.c ****     else
 754:Drivers/STM32F1xx_HAL_Driver/Src/stm32f1xx_ll_usb.c ****     {
 755:Drivers/STM32F1xx_HAL_Driver/Src/stm32f1xx_ll_usb.c ****       if (ep->xfer_len == 0U)
 756:Drivers/STM32F1xx_HAL_Driver/Src/stm32f1xx_ll_usb.c ****       {
 757:Drivers/STM32F1xx_HAL_Driver/Src/stm32f1xx_ll_usb.c ****         USBx_OUTEP(epnum)->DOEPTSIZ |= (USB_OTG_DOEPTSIZ_XFRSIZ & ep->maxpacket);
 758:Drivers/STM32F1xx_HAL_Driver/Src/stm32f1xx_ll_usb.c ****         USBx_OUTEP(epnum)->DOEPTSIZ |= (USB_OTG_DOEPTSIZ_PKTCNT & (1U << 19));
 759:Drivers/STM32F1xx_HAL_Driver/Src/stm32f1xx_ll_usb.c ****       }
 760:Drivers/STM32F1xx_HAL_Driver/Src/stm32f1xx_ll_usb.c ****       else
 761:Drivers/STM32F1xx_HAL_Driver/Src/stm32f1xx_ll_usb.c ****       {
 762:Drivers/STM32F1xx_HAL_Driver/Src/stm32f1xx_ll_usb.c ****         pktcnt = (uint16_t)((ep->xfer_len + ep->maxpacket - 1U) / ep->maxpacket);
 763:Drivers/STM32F1xx_HAL_Driver/Src/stm32f1xx_ll_usb.c ****         ep->xfer_size = ep->maxpacket * pktcnt;
 764:Drivers/STM32F1xx_HAL_Driver/Src/stm32f1xx_ll_usb.c **** 
 765:Drivers/STM32F1xx_HAL_Driver/Src/stm32f1xx_ll_usb.c ****         USBx_OUTEP(epnum)->DOEPTSIZ |= USB_OTG_DOEPTSIZ_PKTCNT & ((uint32_t)pktcnt << 19);
 766:Drivers/STM32F1xx_HAL_Driver/Src/stm32f1xx_ll_usb.c ****         USBx_OUTEP(epnum)->DOEPTSIZ |= USB_OTG_DOEPTSIZ_XFRSIZ & ep->xfer_size;
 767:Drivers/STM32F1xx_HAL_Driver/Src/stm32f1xx_ll_usb.c ****       }
 768:Drivers/STM32F1xx_HAL_Driver/Src/stm32f1xx_ll_usb.c ****     }
 769:Drivers/STM32F1xx_HAL_Driver/Src/stm32f1xx_ll_usb.c **** 
 770:Drivers/STM32F1xx_HAL_Driver/Src/stm32f1xx_ll_usb.c ****     if (ep->type == EP_TYPE_ISOC)
 771:Drivers/STM32F1xx_HAL_Driver/Src/stm32f1xx_ll_usb.c ****     {
 772:Drivers/STM32F1xx_HAL_Driver/Src/stm32f1xx_ll_usb.c ****       if ((USBx_DEVICE->DSTS & (1U << 8)) == 0U)
ARM GAS  C:\Users\subdia\AppData\Local\Temp\ccmLEiFj.s 			page 15


 773:Drivers/STM32F1xx_HAL_Driver/Src/stm32f1xx_ll_usb.c ****       {
 774:Drivers/STM32F1xx_HAL_Driver/Src/stm32f1xx_ll_usb.c ****         USBx_OUTEP(epnum)->DOEPCTL |= USB_OTG_DOEPCTL_SODDFRM;
 775:Drivers/STM32F1xx_HAL_Driver/Src/stm32f1xx_ll_usb.c ****       }
 776:Drivers/STM32F1xx_HAL_Driver/Src/stm32f1xx_ll_usb.c ****       else
 777:Drivers/STM32F1xx_HAL_Driver/Src/stm32f1xx_ll_usb.c ****       {
 778:Drivers/STM32F1xx_HAL_Driver/Src/stm32f1xx_ll_usb.c ****         USBx_OUTEP(epnum)->DOEPCTL |= USB_OTG_DOEPCTL_SD0PID_SEVNFRM;
 779:Drivers/STM32F1xx_HAL_Driver/Src/stm32f1xx_ll_usb.c ****       }
 780:Drivers/STM32F1xx_HAL_Driver/Src/stm32f1xx_ll_usb.c ****     }
 781:Drivers/STM32F1xx_HAL_Driver/Src/stm32f1xx_ll_usb.c ****     /* EP enable */
 782:Drivers/STM32F1xx_HAL_Driver/Src/stm32f1xx_ll_usb.c ****     USBx_OUTEP(epnum)->DOEPCTL |= (USB_OTG_DOEPCTL_CNAK | USB_OTG_DOEPCTL_EPENA);
 783:Drivers/STM32F1xx_HAL_Driver/Src/stm32f1xx_ll_usb.c ****   }
 784:Drivers/STM32F1xx_HAL_Driver/Src/stm32f1xx_ll_usb.c **** 
 785:Drivers/STM32F1xx_HAL_Driver/Src/stm32f1xx_ll_usb.c ****   return HAL_OK;
 786:Drivers/STM32F1xx_HAL_Driver/Src/stm32f1xx_ll_usb.c **** }
 787:Drivers/STM32F1xx_HAL_Driver/Src/stm32f1xx_ll_usb.c **** 
 788:Drivers/STM32F1xx_HAL_Driver/Src/stm32f1xx_ll_usb.c **** 
 789:Drivers/STM32F1xx_HAL_Driver/Src/stm32f1xx_ll_usb.c **** /**
 790:Drivers/STM32F1xx_HAL_Driver/Src/stm32f1xx_ll_usb.c ****    * @brief  USB_EPStoptXfer  Stop transfer on an EP
 791:Drivers/STM32F1xx_HAL_Driver/Src/stm32f1xx_ll_usb.c ****    * @param  USBx  usb device instance
 792:Drivers/STM32F1xx_HAL_Driver/Src/stm32f1xx_ll_usb.c ****    * @param  ep pointer to endpoint structure
 793:Drivers/STM32F1xx_HAL_Driver/Src/stm32f1xx_ll_usb.c ****    * @retval HAL status
 794:Drivers/STM32F1xx_HAL_Driver/Src/stm32f1xx_ll_usb.c ****    */
 795:Drivers/STM32F1xx_HAL_Driver/Src/stm32f1xx_ll_usb.c **** HAL_StatusTypeDef USB_EPStopXfer(const USB_OTG_GlobalTypeDef *USBx, USB_OTG_EPTypeDef *ep)
 796:Drivers/STM32F1xx_HAL_Driver/Src/stm32f1xx_ll_usb.c **** {
 797:Drivers/STM32F1xx_HAL_Driver/Src/stm32f1xx_ll_usb.c ****   __IO uint32_t count = 0U;
 798:Drivers/STM32F1xx_HAL_Driver/Src/stm32f1xx_ll_usb.c ****   HAL_StatusTypeDef ret = HAL_OK;
 799:Drivers/STM32F1xx_HAL_Driver/Src/stm32f1xx_ll_usb.c ****   uint32_t USBx_BASE = (uint32_t)USBx;
 800:Drivers/STM32F1xx_HAL_Driver/Src/stm32f1xx_ll_usb.c **** 
 801:Drivers/STM32F1xx_HAL_Driver/Src/stm32f1xx_ll_usb.c ****   /* IN endpoint */
 802:Drivers/STM32F1xx_HAL_Driver/Src/stm32f1xx_ll_usb.c ****   if (ep->is_in == 1U)
 803:Drivers/STM32F1xx_HAL_Driver/Src/stm32f1xx_ll_usb.c ****   {
 804:Drivers/STM32F1xx_HAL_Driver/Src/stm32f1xx_ll_usb.c ****     /* EP enable, IN data in FIFO */
 805:Drivers/STM32F1xx_HAL_Driver/Src/stm32f1xx_ll_usb.c ****     if (((USBx_INEP(ep->num)->DIEPCTL) & USB_OTG_DIEPCTL_EPENA) == USB_OTG_DIEPCTL_EPENA)
 806:Drivers/STM32F1xx_HAL_Driver/Src/stm32f1xx_ll_usb.c ****     {
 807:Drivers/STM32F1xx_HAL_Driver/Src/stm32f1xx_ll_usb.c ****       USBx_INEP(ep->num)->DIEPCTL |= (USB_OTG_DIEPCTL_SNAK);
 808:Drivers/STM32F1xx_HAL_Driver/Src/stm32f1xx_ll_usb.c ****       USBx_INEP(ep->num)->DIEPCTL |= (USB_OTG_DIEPCTL_EPDIS);
 809:Drivers/STM32F1xx_HAL_Driver/Src/stm32f1xx_ll_usb.c **** 
 810:Drivers/STM32F1xx_HAL_Driver/Src/stm32f1xx_ll_usb.c ****       do
 811:Drivers/STM32F1xx_HAL_Driver/Src/stm32f1xx_ll_usb.c ****       {
 812:Drivers/STM32F1xx_HAL_Driver/Src/stm32f1xx_ll_usb.c ****         count++;
 813:Drivers/STM32F1xx_HAL_Driver/Src/stm32f1xx_ll_usb.c **** 
 814:Drivers/STM32F1xx_HAL_Driver/Src/stm32f1xx_ll_usb.c ****         if (count > 10000U)
 815:Drivers/STM32F1xx_HAL_Driver/Src/stm32f1xx_ll_usb.c ****         {
 816:Drivers/STM32F1xx_HAL_Driver/Src/stm32f1xx_ll_usb.c ****           ret = HAL_ERROR;
 817:Drivers/STM32F1xx_HAL_Driver/Src/stm32f1xx_ll_usb.c ****           break;
 818:Drivers/STM32F1xx_HAL_Driver/Src/stm32f1xx_ll_usb.c ****         }
 819:Drivers/STM32F1xx_HAL_Driver/Src/stm32f1xx_ll_usb.c ****       } while (((USBx_INEP(ep->num)->DIEPCTL) & USB_OTG_DIEPCTL_EPENA) ==  USB_OTG_DIEPCTL_EPENA);
 820:Drivers/STM32F1xx_HAL_Driver/Src/stm32f1xx_ll_usb.c ****     }
 821:Drivers/STM32F1xx_HAL_Driver/Src/stm32f1xx_ll_usb.c ****   }
 822:Drivers/STM32F1xx_HAL_Driver/Src/stm32f1xx_ll_usb.c ****   else /* OUT endpoint */
 823:Drivers/STM32F1xx_HAL_Driver/Src/stm32f1xx_ll_usb.c ****   {
 824:Drivers/STM32F1xx_HAL_Driver/Src/stm32f1xx_ll_usb.c ****     if (((USBx_OUTEP(ep->num)->DOEPCTL) & USB_OTG_DOEPCTL_EPENA) == USB_OTG_DOEPCTL_EPENA)
 825:Drivers/STM32F1xx_HAL_Driver/Src/stm32f1xx_ll_usb.c ****     {
 826:Drivers/STM32F1xx_HAL_Driver/Src/stm32f1xx_ll_usb.c ****       USBx_OUTEP(ep->num)->DOEPCTL |= (USB_OTG_DOEPCTL_SNAK);
 827:Drivers/STM32F1xx_HAL_Driver/Src/stm32f1xx_ll_usb.c ****       USBx_OUTEP(ep->num)->DOEPCTL |= (USB_OTG_DOEPCTL_EPDIS);
 828:Drivers/STM32F1xx_HAL_Driver/Src/stm32f1xx_ll_usb.c **** 
 829:Drivers/STM32F1xx_HAL_Driver/Src/stm32f1xx_ll_usb.c ****       do
ARM GAS  C:\Users\subdia\AppData\Local\Temp\ccmLEiFj.s 			page 16


 830:Drivers/STM32F1xx_HAL_Driver/Src/stm32f1xx_ll_usb.c ****       {
 831:Drivers/STM32F1xx_HAL_Driver/Src/stm32f1xx_ll_usb.c ****         count++;
 832:Drivers/STM32F1xx_HAL_Driver/Src/stm32f1xx_ll_usb.c **** 
 833:Drivers/STM32F1xx_HAL_Driver/Src/stm32f1xx_ll_usb.c ****         if (count > 10000U)
 834:Drivers/STM32F1xx_HAL_Driver/Src/stm32f1xx_ll_usb.c ****         {
 835:Drivers/STM32F1xx_HAL_Driver/Src/stm32f1xx_ll_usb.c ****           ret = HAL_ERROR;
 836:Drivers/STM32F1xx_HAL_Driver/Src/stm32f1xx_ll_usb.c ****           break;
 837:Drivers/STM32F1xx_HAL_Driver/Src/stm32f1xx_ll_usb.c ****         }
 838:Drivers/STM32F1xx_HAL_Driver/Src/stm32f1xx_ll_usb.c ****       } while (((USBx_OUTEP(ep->num)->DOEPCTL) & USB_OTG_DOEPCTL_EPENA) ==  USB_OTG_DOEPCTL_EPENA);
 839:Drivers/STM32F1xx_HAL_Driver/Src/stm32f1xx_ll_usb.c ****     }
 840:Drivers/STM32F1xx_HAL_Driver/Src/stm32f1xx_ll_usb.c ****   }
 841:Drivers/STM32F1xx_HAL_Driver/Src/stm32f1xx_ll_usb.c **** 
 842:Drivers/STM32F1xx_HAL_Driver/Src/stm32f1xx_ll_usb.c ****   return ret;
 843:Drivers/STM32F1xx_HAL_Driver/Src/stm32f1xx_ll_usb.c **** }
 844:Drivers/STM32F1xx_HAL_Driver/Src/stm32f1xx_ll_usb.c **** 
 845:Drivers/STM32F1xx_HAL_Driver/Src/stm32f1xx_ll_usb.c **** 
 846:Drivers/STM32F1xx_HAL_Driver/Src/stm32f1xx_ll_usb.c **** /**
 847:Drivers/STM32F1xx_HAL_Driver/Src/stm32f1xx_ll_usb.c ****   * @brief  USB_WritePacket : Writes a packet into the Tx FIFO associated
 848:Drivers/STM32F1xx_HAL_Driver/Src/stm32f1xx_ll_usb.c ****   *         with the EP/channel
 849:Drivers/STM32F1xx_HAL_Driver/Src/stm32f1xx_ll_usb.c ****   * @param  USBx  Selected device
 850:Drivers/STM32F1xx_HAL_Driver/Src/stm32f1xx_ll_usb.c ****   * @param  src   pointer to source buffer
 851:Drivers/STM32F1xx_HAL_Driver/Src/stm32f1xx_ll_usb.c ****   * @param  ch_ep_num  endpoint or host channel number
 852:Drivers/STM32F1xx_HAL_Driver/Src/stm32f1xx_ll_usb.c ****   * @param  len  Number of bytes to write
 853:Drivers/STM32F1xx_HAL_Driver/Src/stm32f1xx_ll_usb.c ****   * @retval HAL status
 854:Drivers/STM32F1xx_HAL_Driver/Src/stm32f1xx_ll_usb.c ****   */
 855:Drivers/STM32F1xx_HAL_Driver/Src/stm32f1xx_ll_usb.c **** HAL_StatusTypeDef USB_WritePacket(const USB_OTG_GlobalTypeDef *USBx, uint8_t *src,
 856:Drivers/STM32F1xx_HAL_Driver/Src/stm32f1xx_ll_usb.c ****                                   uint8_t ch_ep_num, uint16_t len)
 857:Drivers/STM32F1xx_HAL_Driver/Src/stm32f1xx_ll_usb.c **** {
 858:Drivers/STM32F1xx_HAL_Driver/Src/stm32f1xx_ll_usb.c ****   uint32_t USBx_BASE = (uint32_t)USBx;
 859:Drivers/STM32F1xx_HAL_Driver/Src/stm32f1xx_ll_usb.c ****   uint8_t *pSrc = src;
 860:Drivers/STM32F1xx_HAL_Driver/Src/stm32f1xx_ll_usb.c ****   uint32_t count32b;
 861:Drivers/STM32F1xx_HAL_Driver/Src/stm32f1xx_ll_usb.c ****   uint32_t i;
 862:Drivers/STM32F1xx_HAL_Driver/Src/stm32f1xx_ll_usb.c **** 
 863:Drivers/STM32F1xx_HAL_Driver/Src/stm32f1xx_ll_usb.c ****   count32b = ((uint32_t)len + 3U) / 4U;
 864:Drivers/STM32F1xx_HAL_Driver/Src/stm32f1xx_ll_usb.c ****   for (i = 0U; i < count32b; i++)
 865:Drivers/STM32F1xx_HAL_Driver/Src/stm32f1xx_ll_usb.c ****   {
 866:Drivers/STM32F1xx_HAL_Driver/Src/stm32f1xx_ll_usb.c ****     USBx_DFIFO((uint32_t)ch_ep_num) = __UNALIGNED_UINT32_READ(pSrc);
 867:Drivers/STM32F1xx_HAL_Driver/Src/stm32f1xx_ll_usb.c ****     pSrc++;
 868:Drivers/STM32F1xx_HAL_Driver/Src/stm32f1xx_ll_usb.c ****     pSrc++;
 869:Drivers/STM32F1xx_HAL_Driver/Src/stm32f1xx_ll_usb.c ****     pSrc++;
 870:Drivers/STM32F1xx_HAL_Driver/Src/stm32f1xx_ll_usb.c ****     pSrc++;
 871:Drivers/STM32F1xx_HAL_Driver/Src/stm32f1xx_ll_usb.c ****   }
 872:Drivers/STM32F1xx_HAL_Driver/Src/stm32f1xx_ll_usb.c **** 
 873:Drivers/STM32F1xx_HAL_Driver/Src/stm32f1xx_ll_usb.c ****   return HAL_OK;
 874:Drivers/STM32F1xx_HAL_Driver/Src/stm32f1xx_ll_usb.c **** }
 875:Drivers/STM32F1xx_HAL_Driver/Src/stm32f1xx_ll_usb.c **** 
 876:Drivers/STM32F1xx_HAL_Driver/Src/stm32f1xx_ll_usb.c **** /**
 877:Drivers/STM32F1xx_HAL_Driver/Src/stm32f1xx_ll_usb.c ****   * @brief  USB_ReadPacket : read a packet from the RX FIFO
 878:Drivers/STM32F1xx_HAL_Driver/Src/stm32f1xx_ll_usb.c ****   * @param  USBx  Selected device
 879:Drivers/STM32F1xx_HAL_Driver/Src/stm32f1xx_ll_usb.c ****   * @param  dest  source pointer
 880:Drivers/STM32F1xx_HAL_Driver/Src/stm32f1xx_ll_usb.c ****   * @param  len  Number of bytes to read
 881:Drivers/STM32F1xx_HAL_Driver/Src/stm32f1xx_ll_usb.c ****   * @retval pointer to destination buffer
 882:Drivers/STM32F1xx_HAL_Driver/Src/stm32f1xx_ll_usb.c ****   */
 883:Drivers/STM32F1xx_HAL_Driver/Src/stm32f1xx_ll_usb.c **** void *USB_ReadPacket(const USB_OTG_GlobalTypeDef *USBx, uint8_t *dest, uint16_t len)
 884:Drivers/STM32F1xx_HAL_Driver/Src/stm32f1xx_ll_usb.c **** {
 885:Drivers/STM32F1xx_HAL_Driver/Src/stm32f1xx_ll_usb.c ****   uint32_t USBx_BASE = (uint32_t)USBx;
 886:Drivers/STM32F1xx_HAL_Driver/Src/stm32f1xx_ll_usb.c ****   uint8_t *pDest = dest;
ARM GAS  C:\Users\subdia\AppData\Local\Temp\ccmLEiFj.s 			page 17


 887:Drivers/STM32F1xx_HAL_Driver/Src/stm32f1xx_ll_usb.c ****   uint32_t pData;
 888:Drivers/STM32F1xx_HAL_Driver/Src/stm32f1xx_ll_usb.c ****   uint32_t i;
 889:Drivers/STM32F1xx_HAL_Driver/Src/stm32f1xx_ll_usb.c ****   uint32_t count32b = (uint32_t)len >> 2U;
 890:Drivers/STM32F1xx_HAL_Driver/Src/stm32f1xx_ll_usb.c ****   uint16_t remaining_bytes = len % 4U;
 891:Drivers/STM32F1xx_HAL_Driver/Src/stm32f1xx_ll_usb.c **** 
 892:Drivers/STM32F1xx_HAL_Driver/Src/stm32f1xx_ll_usb.c ****   for (i = 0U; i < count32b; i++)
 893:Drivers/STM32F1xx_HAL_Driver/Src/stm32f1xx_ll_usb.c ****   {
 894:Drivers/STM32F1xx_HAL_Driver/Src/stm32f1xx_ll_usb.c ****     __UNALIGNED_UINT32_WRITE(pDest, USBx_DFIFO(0U));
 895:Drivers/STM32F1xx_HAL_Driver/Src/stm32f1xx_ll_usb.c ****     pDest++;
 896:Drivers/STM32F1xx_HAL_Driver/Src/stm32f1xx_ll_usb.c ****     pDest++;
 897:Drivers/STM32F1xx_HAL_Driver/Src/stm32f1xx_ll_usb.c ****     pDest++;
 898:Drivers/STM32F1xx_HAL_Driver/Src/stm32f1xx_ll_usb.c ****     pDest++;
 899:Drivers/STM32F1xx_HAL_Driver/Src/stm32f1xx_ll_usb.c ****   }
 900:Drivers/STM32F1xx_HAL_Driver/Src/stm32f1xx_ll_usb.c **** 
 901:Drivers/STM32F1xx_HAL_Driver/Src/stm32f1xx_ll_usb.c ****   /* When Number of data is not word aligned, read the remaining byte */
 902:Drivers/STM32F1xx_HAL_Driver/Src/stm32f1xx_ll_usb.c ****   if (remaining_bytes != 0U)
 903:Drivers/STM32F1xx_HAL_Driver/Src/stm32f1xx_ll_usb.c ****   {
 904:Drivers/STM32F1xx_HAL_Driver/Src/stm32f1xx_ll_usb.c ****     i = 0U;
 905:Drivers/STM32F1xx_HAL_Driver/Src/stm32f1xx_ll_usb.c ****     __UNALIGNED_UINT32_WRITE(&pData, USBx_DFIFO(0U));
 906:Drivers/STM32F1xx_HAL_Driver/Src/stm32f1xx_ll_usb.c **** 
 907:Drivers/STM32F1xx_HAL_Driver/Src/stm32f1xx_ll_usb.c ****     do
 908:Drivers/STM32F1xx_HAL_Driver/Src/stm32f1xx_ll_usb.c ****     {
 909:Drivers/STM32F1xx_HAL_Driver/Src/stm32f1xx_ll_usb.c ****       *(uint8_t *)pDest = (uint8_t)(pData >> (8U * (uint8_t)(i)));
 910:Drivers/STM32F1xx_HAL_Driver/Src/stm32f1xx_ll_usb.c ****       i++;
 911:Drivers/STM32F1xx_HAL_Driver/Src/stm32f1xx_ll_usb.c ****       pDest++;
 912:Drivers/STM32F1xx_HAL_Driver/Src/stm32f1xx_ll_usb.c ****       remaining_bytes--;
 913:Drivers/STM32F1xx_HAL_Driver/Src/stm32f1xx_ll_usb.c ****     } while (remaining_bytes != 0U);
 914:Drivers/STM32F1xx_HAL_Driver/Src/stm32f1xx_ll_usb.c ****   }
 915:Drivers/STM32F1xx_HAL_Driver/Src/stm32f1xx_ll_usb.c **** 
 916:Drivers/STM32F1xx_HAL_Driver/Src/stm32f1xx_ll_usb.c ****   return ((void *)pDest);
 917:Drivers/STM32F1xx_HAL_Driver/Src/stm32f1xx_ll_usb.c **** }
 918:Drivers/STM32F1xx_HAL_Driver/Src/stm32f1xx_ll_usb.c **** 
 919:Drivers/STM32F1xx_HAL_Driver/Src/stm32f1xx_ll_usb.c **** /**
 920:Drivers/STM32F1xx_HAL_Driver/Src/stm32f1xx_ll_usb.c ****   * @brief  USB_EPSetStall : set a stall condition over an EP
 921:Drivers/STM32F1xx_HAL_Driver/Src/stm32f1xx_ll_usb.c ****   * @param  USBx  Selected device
 922:Drivers/STM32F1xx_HAL_Driver/Src/stm32f1xx_ll_usb.c ****   * @param  ep pointer to endpoint structure
 923:Drivers/STM32F1xx_HAL_Driver/Src/stm32f1xx_ll_usb.c ****   * @retval HAL status
 924:Drivers/STM32F1xx_HAL_Driver/Src/stm32f1xx_ll_usb.c ****   */
 925:Drivers/STM32F1xx_HAL_Driver/Src/stm32f1xx_ll_usb.c **** HAL_StatusTypeDef USB_EPSetStall(const USB_OTG_GlobalTypeDef *USBx, const USB_OTG_EPTypeDef *ep)
 926:Drivers/STM32F1xx_HAL_Driver/Src/stm32f1xx_ll_usb.c **** {
 927:Drivers/STM32F1xx_HAL_Driver/Src/stm32f1xx_ll_usb.c ****   uint32_t USBx_BASE = (uint32_t)USBx;
 928:Drivers/STM32F1xx_HAL_Driver/Src/stm32f1xx_ll_usb.c ****   uint32_t epnum = (uint32_t)ep->num;
 929:Drivers/STM32F1xx_HAL_Driver/Src/stm32f1xx_ll_usb.c **** 
 930:Drivers/STM32F1xx_HAL_Driver/Src/stm32f1xx_ll_usb.c ****   if (ep->is_in == 1U)
 931:Drivers/STM32F1xx_HAL_Driver/Src/stm32f1xx_ll_usb.c ****   {
 932:Drivers/STM32F1xx_HAL_Driver/Src/stm32f1xx_ll_usb.c ****     if (((USBx_INEP(epnum)->DIEPCTL & USB_OTG_DIEPCTL_EPENA) == 0U) && (epnum != 0U))
 933:Drivers/STM32F1xx_HAL_Driver/Src/stm32f1xx_ll_usb.c ****     {
 934:Drivers/STM32F1xx_HAL_Driver/Src/stm32f1xx_ll_usb.c ****       USBx_INEP(epnum)->DIEPCTL &= ~(USB_OTG_DIEPCTL_EPDIS);
 935:Drivers/STM32F1xx_HAL_Driver/Src/stm32f1xx_ll_usb.c ****     }
 936:Drivers/STM32F1xx_HAL_Driver/Src/stm32f1xx_ll_usb.c ****     USBx_INEP(epnum)->DIEPCTL |= USB_OTG_DIEPCTL_STALL;
 937:Drivers/STM32F1xx_HAL_Driver/Src/stm32f1xx_ll_usb.c ****   }
 938:Drivers/STM32F1xx_HAL_Driver/Src/stm32f1xx_ll_usb.c ****   else
 939:Drivers/STM32F1xx_HAL_Driver/Src/stm32f1xx_ll_usb.c ****   {
 940:Drivers/STM32F1xx_HAL_Driver/Src/stm32f1xx_ll_usb.c ****     if (((USBx_OUTEP(epnum)->DOEPCTL & USB_OTG_DOEPCTL_EPENA) == 0U) && (epnum != 0U))
 941:Drivers/STM32F1xx_HAL_Driver/Src/stm32f1xx_ll_usb.c ****     {
 942:Drivers/STM32F1xx_HAL_Driver/Src/stm32f1xx_ll_usb.c ****       USBx_OUTEP(epnum)->DOEPCTL &= ~(USB_OTG_DOEPCTL_EPDIS);
 943:Drivers/STM32F1xx_HAL_Driver/Src/stm32f1xx_ll_usb.c ****     }
ARM GAS  C:\Users\subdia\AppData\Local\Temp\ccmLEiFj.s 			page 18


 944:Drivers/STM32F1xx_HAL_Driver/Src/stm32f1xx_ll_usb.c ****     USBx_OUTEP(epnum)->DOEPCTL |= USB_OTG_DOEPCTL_STALL;
 945:Drivers/STM32F1xx_HAL_Driver/Src/stm32f1xx_ll_usb.c ****   }
 946:Drivers/STM32F1xx_HAL_Driver/Src/stm32f1xx_ll_usb.c **** 
 947:Drivers/STM32F1xx_HAL_Driver/Src/stm32f1xx_ll_usb.c ****   return HAL_OK;
 948:Drivers/STM32F1xx_HAL_Driver/Src/stm32f1xx_ll_usb.c **** }
 949:Drivers/STM32F1xx_HAL_Driver/Src/stm32f1xx_ll_usb.c **** 
 950:Drivers/STM32F1xx_HAL_Driver/Src/stm32f1xx_ll_usb.c **** /**
 951:Drivers/STM32F1xx_HAL_Driver/Src/stm32f1xx_ll_usb.c ****   * @brief  USB_EPClearStall : Clear a stall condition over an EP
 952:Drivers/STM32F1xx_HAL_Driver/Src/stm32f1xx_ll_usb.c ****   * @param  USBx  Selected device
 953:Drivers/STM32F1xx_HAL_Driver/Src/stm32f1xx_ll_usb.c ****   * @param  ep pointer to endpoint structure
 954:Drivers/STM32F1xx_HAL_Driver/Src/stm32f1xx_ll_usb.c ****   * @retval HAL status
 955:Drivers/STM32F1xx_HAL_Driver/Src/stm32f1xx_ll_usb.c ****   */
 956:Drivers/STM32F1xx_HAL_Driver/Src/stm32f1xx_ll_usb.c **** HAL_StatusTypeDef USB_EPClearStall(const USB_OTG_GlobalTypeDef *USBx, const USB_OTG_EPTypeDef *ep)
 957:Drivers/STM32F1xx_HAL_Driver/Src/stm32f1xx_ll_usb.c **** {
 958:Drivers/STM32F1xx_HAL_Driver/Src/stm32f1xx_ll_usb.c ****   uint32_t USBx_BASE = (uint32_t)USBx;
 959:Drivers/STM32F1xx_HAL_Driver/Src/stm32f1xx_ll_usb.c ****   uint32_t epnum = (uint32_t)ep->num;
 960:Drivers/STM32F1xx_HAL_Driver/Src/stm32f1xx_ll_usb.c **** 
 961:Drivers/STM32F1xx_HAL_Driver/Src/stm32f1xx_ll_usb.c ****   if (ep->is_in == 1U)
 962:Drivers/STM32F1xx_HAL_Driver/Src/stm32f1xx_ll_usb.c ****   {
 963:Drivers/STM32F1xx_HAL_Driver/Src/stm32f1xx_ll_usb.c ****     USBx_INEP(epnum)->DIEPCTL &= ~USB_OTG_DIEPCTL_STALL;
 964:Drivers/STM32F1xx_HAL_Driver/Src/stm32f1xx_ll_usb.c ****     if ((ep->type == EP_TYPE_INTR) || (ep->type == EP_TYPE_BULK))
 965:Drivers/STM32F1xx_HAL_Driver/Src/stm32f1xx_ll_usb.c ****     {
 966:Drivers/STM32F1xx_HAL_Driver/Src/stm32f1xx_ll_usb.c ****       USBx_INEP(epnum)->DIEPCTL |= USB_OTG_DIEPCTL_SD0PID_SEVNFRM; /* DATA0 */
 967:Drivers/STM32F1xx_HAL_Driver/Src/stm32f1xx_ll_usb.c ****     }
 968:Drivers/STM32F1xx_HAL_Driver/Src/stm32f1xx_ll_usb.c ****   }
 969:Drivers/STM32F1xx_HAL_Driver/Src/stm32f1xx_ll_usb.c ****   else
 970:Drivers/STM32F1xx_HAL_Driver/Src/stm32f1xx_ll_usb.c ****   {
 971:Drivers/STM32F1xx_HAL_Driver/Src/stm32f1xx_ll_usb.c ****     USBx_OUTEP(epnum)->DOEPCTL &= ~USB_OTG_DOEPCTL_STALL;
 972:Drivers/STM32F1xx_HAL_Driver/Src/stm32f1xx_ll_usb.c ****     if ((ep->type == EP_TYPE_INTR) || (ep->type == EP_TYPE_BULK))
 973:Drivers/STM32F1xx_HAL_Driver/Src/stm32f1xx_ll_usb.c ****     {
 974:Drivers/STM32F1xx_HAL_Driver/Src/stm32f1xx_ll_usb.c ****       USBx_OUTEP(epnum)->DOEPCTL |= USB_OTG_DOEPCTL_SD0PID_SEVNFRM; /* DATA0 */
 975:Drivers/STM32F1xx_HAL_Driver/Src/stm32f1xx_ll_usb.c ****     }
 976:Drivers/STM32F1xx_HAL_Driver/Src/stm32f1xx_ll_usb.c ****   }
 977:Drivers/STM32F1xx_HAL_Driver/Src/stm32f1xx_ll_usb.c ****   return HAL_OK;
 978:Drivers/STM32F1xx_HAL_Driver/Src/stm32f1xx_ll_usb.c **** }
 979:Drivers/STM32F1xx_HAL_Driver/Src/stm32f1xx_ll_usb.c **** 
 980:Drivers/STM32F1xx_HAL_Driver/Src/stm32f1xx_ll_usb.c **** /**
 981:Drivers/STM32F1xx_HAL_Driver/Src/stm32f1xx_ll_usb.c ****   * @brief  USB_StopDevice : Stop the usb device mode
 982:Drivers/STM32F1xx_HAL_Driver/Src/stm32f1xx_ll_usb.c ****   * @param  USBx  Selected device
 983:Drivers/STM32F1xx_HAL_Driver/Src/stm32f1xx_ll_usb.c ****   * @retval HAL status
 984:Drivers/STM32F1xx_HAL_Driver/Src/stm32f1xx_ll_usb.c ****   */
 985:Drivers/STM32F1xx_HAL_Driver/Src/stm32f1xx_ll_usb.c **** HAL_StatusTypeDef USB_StopDevice(USB_OTG_GlobalTypeDef *USBx)
 986:Drivers/STM32F1xx_HAL_Driver/Src/stm32f1xx_ll_usb.c **** {
 987:Drivers/STM32F1xx_HAL_Driver/Src/stm32f1xx_ll_usb.c ****   HAL_StatusTypeDef ret;
 988:Drivers/STM32F1xx_HAL_Driver/Src/stm32f1xx_ll_usb.c ****   uint32_t USBx_BASE = (uint32_t)USBx;
 989:Drivers/STM32F1xx_HAL_Driver/Src/stm32f1xx_ll_usb.c ****   uint32_t i;
 990:Drivers/STM32F1xx_HAL_Driver/Src/stm32f1xx_ll_usb.c **** 
 991:Drivers/STM32F1xx_HAL_Driver/Src/stm32f1xx_ll_usb.c ****   /* Clear Pending interrupt */
 992:Drivers/STM32F1xx_HAL_Driver/Src/stm32f1xx_ll_usb.c ****   for (i = 0U; i < 15U; i++)
 993:Drivers/STM32F1xx_HAL_Driver/Src/stm32f1xx_ll_usb.c ****   {
 994:Drivers/STM32F1xx_HAL_Driver/Src/stm32f1xx_ll_usb.c ****     USBx_INEP(i)->DIEPINT = 0xFB7FU;
 995:Drivers/STM32F1xx_HAL_Driver/Src/stm32f1xx_ll_usb.c ****     USBx_OUTEP(i)->DOEPINT = 0xFB7FU;
 996:Drivers/STM32F1xx_HAL_Driver/Src/stm32f1xx_ll_usb.c ****   }
 997:Drivers/STM32F1xx_HAL_Driver/Src/stm32f1xx_ll_usb.c **** 
 998:Drivers/STM32F1xx_HAL_Driver/Src/stm32f1xx_ll_usb.c ****   /* Clear interrupt masks */
 999:Drivers/STM32F1xx_HAL_Driver/Src/stm32f1xx_ll_usb.c ****   USBx_DEVICE->DIEPMSK  = 0U;
1000:Drivers/STM32F1xx_HAL_Driver/Src/stm32f1xx_ll_usb.c ****   USBx_DEVICE->DOEPMSK  = 0U;
ARM GAS  C:\Users\subdia\AppData\Local\Temp\ccmLEiFj.s 			page 19


1001:Drivers/STM32F1xx_HAL_Driver/Src/stm32f1xx_ll_usb.c ****   USBx_DEVICE->DAINTMSK = 0U;
1002:Drivers/STM32F1xx_HAL_Driver/Src/stm32f1xx_ll_usb.c **** 
1003:Drivers/STM32F1xx_HAL_Driver/Src/stm32f1xx_ll_usb.c ****   /* Flush the FIFO */
1004:Drivers/STM32F1xx_HAL_Driver/Src/stm32f1xx_ll_usb.c ****   ret = USB_FlushRxFifo(USBx);
1005:Drivers/STM32F1xx_HAL_Driver/Src/stm32f1xx_ll_usb.c ****   if (ret != HAL_OK)
1006:Drivers/STM32F1xx_HAL_Driver/Src/stm32f1xx_ll_usb.c ****   {
1007:Drivers/STM32F1xx_HAL_Driver/Src/stm32f1xx_ll_usb.c ****     return ret;
1008:Drivers/STM32F1xx_HAL_Driver/Src/stm32f1xx_ll_usb.c ****   }
1009:Drivers/STM32F1xx_HAL_Driver/Src/stm32f1xx_ll_usb.c **** 
1010:Drivers/STM32F1xx_HAL_Driver/Src/stm32f1xx_ll_usb.c ****   ret = USB_FlushTxFifo(USBx,  0x10U);
1011:Drivers/STM32F1xx_HAL_Driver/Src/stm32f1xx_ll_usb.c ****   if (ret != HAL_OK)
1012:Drivers/STM32F1xx_HAL_Driver/Src/stm32f1xx_ll_usb.c ****   {
1013:Drivers/STM32F1xx_HAL_Driver/Src/stm32f1xx_ll_usb.c ****     return ret;
1014:Drivers/STM32F1xx_HAL_Driver/Src/stm32f1xx_ll_usb.c ****   }
1015:Drivers/STM32F1xx_HAL_Driver/Src/stm32f1xx_ll_usb.c **** 
1016:Drivers/STM32F1xx_HAL_Driver/Src/stm32f1xx_ll_usb.c ****   return ret;
1017:Drivers/STM32F1xx_HAL_Driver/Src/stm32f1xx_ll_usb.c **** }
1018:Drivers/STM32F1xx_HAL_Driver/Src/stm32f1xx_ll_usb.c **** 
1019:Drivers/STM32F1xx_HAL_Driver/Src/stm32f1xx_ll_usb.c **** /**
1020:Drivers/STM32F1xx_HAL_Driver/Src/stm32f1xx_ll_usb.c ****   * @brief  USB_SetDevAddress : Stop the usb device mode
1021:Drivers/STM32F1xx_HAL_Driver/Src/stm32f1xx_ll_usb.c ****   * @param  USBx  Selected device
1022:Drivers/STM32F1xx_HAL_Driver/Src/stm32f1xx_ll_usb.c ****   * @param  address  new device address to be assigned
1023:Drivers/STM32F1xx_HAL_Driver/Src/stm32f1xx_ll_usb.c ****   *          This parameter can be a value from 0 to 255
1024:Drivers/STM32F1xx_HAL_Driver/Src/stm32f1xx_ll_usb.c ****   * @retval HAL status
1025:Drivers/STM32F1xx_HAL_Driver/Src/stm32f1xx_ll_usb.c ****   */
1026:Drivers/STM32F1xx_HAL_Driver/Src/stm32f1xx_ll_usb.c **** HAL_StatusTypeDef USB_SetDevAddress(const USB_OTG_GlobalTypeDef *USBx, uint8_t address)
1027:Drivers/STM32F1xx_HAL_Driver/Src/stm32f1xx_ll_usb.c **** {
1028:Drivers/STM32F1xx_HAL_Driver/Src/stm32f1xx_ll_usb.c ****   uint32_t USBx_BASE = (uint32_t)USBx;
1029:Drivers/STM32F1xx_HAL_Driver/Src/stm32f1xx_ll_usb.c **** 
1030:Drivers/STM32F1xx_HAL_Driver/Src/stm32f1xx_ll_usb.c ****   USBx_DEVICE->DCFG &= ~(USB_OTG_DCFG_DAD);
1031:Drivers/STM32F1xx_HAL_Driver/Src/stm32f1xx_ll_usb.c ****   USBx_DEVICE->DCFG |= ((uint32_t)address << 4) & USB_OTG_DCFG_DAD;
1032:Drivers/STM32F1xx_HAL_Driver/Src/stm32f1xx_ll_usb.c **** 
1033:Drivers/STM32F1xx_HAL_Driver/Src/stm32f1xx_ll_usb.c ****   return HAL_OK;
1034:Drivers/STM32F1xx_HAL_Driver/Src/stm32f1xx_ll_usb.c **** }
1035:Drivers/STM32F1xx_HAL_Driver/Src/stm32f1xx_ll_usb.c **** 
1036:Drivers/STM32F1xx_HAL_Driver/Src/stm32f1xx_ll_usb.c **** /**
1037:Drivers/STM32F1xx_HAL_Driver/Src/stm32f1xx_ll_usb.c ****   * @brief  USB_DevConnect : Connect the USB device by enabling Rpu
1038:Drivers/STM32F1xx_HAL_Driver/Src/stm32f1xx_ll_usb.c ****   * @param  USBx  Selected device
1039:Drivers/STM32F1xx_HAL_Driver/Src/stm32f1xx_ll_usb.c ****   * @retval HAL status
1040:Drivers/STM32F1xx_HAL_Driver/Src/stm32f1xx_ll_usb.c ****   */
1041:Drivers/STM32F1xx_HAL_Driver/Src/stm32f1xx_ll_usb.c **** HAL_StatusTypeDef USB_DevConnect(const USB_OTG_GlobalTypeDef *USBx)
1042:Drivers/STM32F1xx_HAL_Driver/Src/stm32f1xx_ll_usb.c **** {
1043:Drivers/STM32F1xx_HAL_Driver/Src/stm32f1xx_ll_usb.c ****   uint32_t USBx_BASE = (uint32_t)USBx;
1044:Drivers/STM32F1xx_HAL_Driver/Src/stm32f1xx_ll_usb.c **** 
1045:Drivers/STM32F1xx_HAL_Driver/Src/stm32f1xx_ll_usb.c ****   /* In case phy is stopped, ensure to ungate and restore the phy CLK */
1046:Drivers/STM32F1xx_HAL_Driver/Src/stm32f1xx_ll_usb.c ****   USBx_PCGCCTL &= ~(USB_OTG_PCGCCTL_STOPCLK | USB_OTG_PCGCCTL_GATECLK);
1047:Drivers/STM32F1xx_HAL_Driver/Src/stm32f1xx_ll_usb.c **** 
1048:Drivers/STM32F1xx_HAL_Driver/Src/stm32f1xx_ll_usb.c ****   USBx_DEVICE->DCTL &= ~USB_OTG_DCTL_SDIS;
1049:Drivers/STM32F1xx_HAL_Driver/Src/stm32f1xx_ll_usb.c **** 
1050:Drivers/STM32F1xx_HAL_Driver/Src/stm32f1xx_ll_usb.c ****   return HAL_OK;
1051:Drivers/STM32F1xx_HAL_Driver/Src/stm32f1xx_ll_usb.c **** }
1052:Drivers/STM32F1xx_HAL_Driver/Src/stm32f1xx_ll_usb.c **** 
1053:Drivers/STM32F1xx_HAL_Driver/Src/stm32f1xx_ll_usb.c **** /**
1054:Drivers/STM32F1xx_HAL_Driver/Src/stm32f1xx_ll_usb.c ****   * @brief  USB_DevDisconnect : Disconnect the USB device by disabling Rpu
1055:Drivers/STM32F1xx_HAL_Driver/Src/stm32f1xx_ll_usb.c ****   * @param  USBx  Selected device
1056:Drivers/STM32F1xx_HAL_Driver/Src/stm32f1xx_ll_usb.c ****   * @retval HAL status
1057:Drivers/STM32F1xx_HAL_Driver/Src/stm32f1xx_ll_usb.c ****   */
ARM GAS  C:\Users\subdia\AppData\Local\Temp\ccmLEiFj.s 			page 20


1058:Drivers/STM32F1xx_HAL_Driver/Src/stm32f1xx_ll_usb.c **** HAL_StatusTypeDef USB_DevDisconnect(const USB_OTG_GlobalTypeDef *USBx)
1059:Drivers/STM32F1xx_HAL_Driver/Src/stm32f1xx_ll_usb.c **** {
1060:Drivers/STM32F1xx_HAL_Driver/Src/stm32f1xx_ll_usb.c ****   uint32_t USBx_BASE = (uint32_t)USBx;
1061:Drivers/STM32F1xx_HAL_Driver/Src/stm32f1xx_ll_usb.c **** 
1062:Drivers/STM32F1xx_HAL_Driver/Src/stm32f1xx_ll_usb.c ****   /* In case phy is stopped, ensure to ungate and restore the phy CLK */
1063:Drivers/STM32F1xx_HAL_Driver/Src/stm32f1xx_ll_usb.c ****   USBx_PCGCCTL &= ~(USB_OTG_PCGCCTL_STOPCLK | USB_OTG_PCGCCTL_GATECLK);
1064:Drivers/STM32F1xx_HAL_Driver/Src/stm32f1xx_ll_usb.c **** 
1065:Drivers/STM32F1xx_HAL_Driver/Src/stm32f1xx_ll_usb.c ****   USBx_DEVICE->DCTL |= USB_OTG_DCTL_SDIS;
1066:Drivers/STM32F1xx_HAL_Driver/Src/stm32f1xx_ll_usb.c **** 
1067:Drivers/STM32F1xx_HAL_Driver/Src/stm32f1xx_ll_usb.c ****   return HAL_OK;
1068:Drivers/STM32F1xx_HAL_Driver/Src/stm32f1xx_ll_usb.c **** }
1069:Drivers/STM32F1xx_HAL_Driver/Src/stm32f1xx_ll_usb.c **** 
1070:Drivers/STM32F1xx_HAL_Driver/Src/stm32f1xx_ll_usb.c **** /**
1071:Drivers/STM32F1xx_HAL_Driver/Src/stm32f1xx_ll_usb.c ****   * @brief  USB_ReadInterrupts: return the global USB interrupt status
1072:Drivers/STM32F1xx_HAL_Driver/Src/stm32f1xx_ll_usb.c ****   * @param  USBx  Selected device
1073:Drivers/STM32F1xx_HAL_Driver/Src/stm32f1xx_ll_usb.c ****   * @retval USB Global Interrupt status
1074:Drivers/STM32F1xx_HAL_Driver/Src/stm32f1xx_ll_usb.c ****   */
1075:Drivers/STM32F1xx_HAL_Driver/Src/stm32f1xx_ll_usb.c **** uint32_t USB_ReadInterrupts(USB_OTG_GlobalTypeDef const *USBx)
1076:Drivers/STM32F1xx_HAL_Driver/Src/stm32f1xx_ll_usb.c **** {
1077:Drivers/STM32F1xx_HAL_Driver/Src/stm32f1xx_ll_usb.c ****   uint32_t tmpreg;
1078:Drivers/STM32F1xx_HAL_Driver/Src/stm32f1xx_ll_usb.c **** 
1079:Drivers/STM32F1xx_HAL_Driver/Src/stm32f1xx_ll_usb.c ****   tmpreg = USBx->GINTSTS;
1080:Drivers/STM32F1xx_HAL_Driver/Src/stm32f1xx_ll_usb.c ****   tmpreg &= USBx->GINTMSK;
1081:Drivers/STM32F1xx_HAL_Driver/Src/stm32f1xx_ll_usb.c **** 
1082:Drivers/STM32F1xx_HAL_Driver/Src/stm32f1xx_ll_usb.c ****   return tmpreg;
1083:Drivers/STM32F1xx_HAL_Driver/Src/stm32f1xx_ll_usb.c **** }
1084:Drivers/STM32F1xx_HAL_Driver/Src/stm32f1xx_ll_usb.c **** 
1085:Drivers/STM32F1xx_HAL_Driver/Src/stm32f1xx_ll_usb.c **** /**
1086:Drivers/STM32F1xx_HAL_Driver/Src/stm32f1xx_ll_usb.c ****   * @brief  USB_ReadChInterrupts: return USB channel interrupt status
1087:Drivers/STM32F1xx_HAL_Driver/Src/stm32f1xx_ll_usb.c ****   * @param  USBx  Selected device
1088:Drivers/STM32F1xx_HAL_Driver/Src/stm32f1xx_ll_usb.c ****   * @param  chnum Channel number
1089:Drivers/STM32F1xx_HAL_Driver/Src/stm32f1xx_ll_usb.c ****   * @retval USB Channel Interrupt status
1090:Drivers/STM32F1xx_HAL_Driver/Src/stm32f1xx_ll_usb.c ****   */
1091:Drivers/STM32F1xx_HAL_Driver/Src/stm32f1xx_ll_usb.c **** uint32_t USB_ReadChInterrupts(const USB_OTG_GlobalTypeDef *USBx, uint8_t chnum)
1092:Drivers/STM32F1xx_HAL_Driver/Src/stm32f1xx_ll_usb.c **** {
1093:Drivers/STM32F1xx_HAL_Driver/Src/stm32f1xx_ll_usb.c ****   uint32_t USBx_BASE = (uint32_t)USBx;
1094:Drivers/STM32F1xx_HAL_Driver/Src/stm32f1xx_ll_usb.c ****   uint32_t tmpreg;
1095:Drivers/STM32F1xx_HAL_Driver/Src/stm32f1xx_ll_usb.c **** 
1096:Drivers/STM32F1xx_HAL_Driver/Src/stm32f1xx_ll_usb.c ****   tmpreg = USBx_HC(chnum)->HCINT;
1097:Drivers/STM32F1xx_HAL_Driver/Src/stm32f1xx_ll_usb.c ****   tmpreg &= USBx_HC(chnum)->HCINTMSK;
1098:Drivers/STM32F1xx_HAL_Driver/Src/stm32f1xx_ll_usb.c **** 
1099:Drivers/STM32F1xx_HAL_Driver/Src/stm32f1xx_ll_usb.c ****   return tmpreg;
1100:Drivers/STM32F1xx_HAL_Driver/Src/stm32f1xx_ll_usb.c **** }
1101:Drivers/STM32F1xx_HAL_Driver/Src/stm32f1xx_ll_usb.c **** 
1102:Drivers/STM32F1xx_HAL_Driver/Src/stm32f1xx_ll_usb.c **** /**
1103:Drivers/STM32F1xx_HAL_Driver/Src/stm32f1xx_ll_usb.c ****   * @brief  USB_ReadDevAllOutEpInterrupt: return the USB device OUT endpoints interrupt status
1104:Drivers/STM32F1xx_HAL_Driver/Src/stm32f1xx_ll_usb.c ****   * @param  USBx  Selected device
1105:Drivers/STM32F1xx_HAL_Driver/Src/stm32f1xx_ll_usb.c ****   * @retval USB Device OUT EP interrupt status
1106:Drivers/STM32F1xx_HAL_Driver/Src/stm32f1xx_ll_usb.c ****   */
1107:Drivers/STM32F1xx_HAL_Driver/Src/stm32f1xx_ll_usb.c **** uint32_t USB_ReadDevAllOutEpInterrupt(const USB_OTG_GlobalTypeDef *USBx)
1108:Drivers/STM32F1xx_HAL_Driver/Src/stm32f1xx_ll_usb.c **** {
1109:Drivers/STM32F1xx_HAL_Driver/Src/stm32f1xx_ll_usb.c ****   uint32_t USBx_BASE = (uint32_t)USBx;
1110:Drivers/STM32F1xx_HAL_Driver/Src/stm32f1xx_ll_usb.c ****   uint32_t tmpreg;
1111:Drivers/STM32F1xx_HAL_Driver/Src/stm32f1xx_ll_usb.c **** 
1112:Drivers/STM32F1xx_HAL_Driver/Src/stm32f1xx_ll_usb.c ****   tmpreg  = USBx_DEVICE->DAINT;
1113:Drivers/STM32F1xx_HAL_Driver/Src/stm32f1xx_ll_usb.c ****   tmpreg &= USBx_DEVICE->DAINTMSK;
1114:Drivers/STM32F1xx_HAL_Driver/Src/stm32f1xx_ll_usb.c **** 
ARM GAS  C:\Users\subdia\AppData\Local\Temp\ccmLEiFj.s 			page 21


1115:Drivers/STM32F1xx_HAL_Driver/Src/stm32f1xx_ll_usb.c ****   return ((tmpreg & 0xffff0000U) >> 16);
1116:Drivers/STM32F1xx_HAL_Driver/Src/stm32f1xx_ll_usb.c **** }
1117:Drivers/STM32F1xx_HAL_Driver/Src/stm32f1xx_ll_usb.c **** 
1118:Drivers/STM32F1xx_HAL_Driver/Src/stm32f1xx_ll_usb.c **** /**
1119:Drivers/STM32F1xx_HAL_Driver/Src/stm32f1xx_ll_usb.c ****   * @brief  USB_ReadDevAllInEpInterrupt: return the USB device IN endpoints interrupt status
1120:Drivers/STM32F1xx_HAL_Driver/Src/stm32f1xx_ll_usb.c ****   * @param  USBx  Selected device
1121:Drivers/STM32F1xx_HAL_Driver/Src/stm32f1xx_ll_usb.c ****   * @retval USB Device IN EP interrupt status
1122:Drivers/STM32F1xx_HAL_Driver/Src/stm32f1xx_ll_usb.c ****   */
1123:Drivers/STM32F1xx_HAL_Driver/Src/stm32f1xx_ll_usb.c **** uint32_t USB_ReadDevAllInEpInterrupt(const USB_OTG_GlobalTypeDef *USBx)
1124:Drivers/STM32F1xx_HAL_Driver/Src/stm32f1xx_ll_usb.c **** {
1125:Drivers/STM32F1xx_HAL_Driver/Src/stm32f1xx_ll_usb.c ****   uint32_t USBx_BASE = (uint32_t)USBx;
1126:Drivers/STM32F1xx_HAL_Driver/Src/stm32f1xx_ll_usb.c ****   uint32_t tmpreg;
1127:Drivers/STM32F1xx_HAL_Driver/Src/stm32f1xx_ll_usb.c **** 
1128:Drivers/STM32F1xx_HAL_Driver/Src/stm32f1xx_ll_usb.c ****   tmpreg  = USBx_DEVICE->DAINT;
1129:Drivers/STM32F1xx_HAL_Driver/Src/stm32f1xx_ll_usb.c ****   tmpreg &= USBx_DEVICE->DAINTMSK;
1130:Drivers/STM32F1xx_HAL_Driver/Src/stm32f1xx_ll_usb.c **** 
1131:Drivers/STM32F1xx_HAL_Driver/Src/stm32f1xx_ll_usb.c ****   return ((tmpreg & 0xFFFFU));
1132:Drivers/STM32F1xx_HAL_Driver/Src/stm32f1xx_ll_usb.c **** }
1133:Drivers/STM32F1xx_HAL_Driver/Src/stm32f1xx_ll_usb.c **** 
1134:Drivers/STM32F1xx_HAL_Driver/Src/stm32f1xx_ll_usb.c **** /**
1135:Drivers/STM32F1xx_HAL_Driver/Src/stm32f1xx_ll_usb.c ****   * @brief  Returns Device OUT EP Interrupt register
1136:Drivers/STM32F1xx_HAL_Driver/Src/stm32f1xx_ll_usb.c ****   * @param  USBx  Selected device
1137:Drivers/STM32F1xx_HAL_Driver/Src/stm32f1xx_ll_usb.c ****   * @param  epnum  endpoint number
1138:Drivers/STM32F1xx_HAL_Driver/Src/stm32f1xx_ll_usb.c ****   *          This parameter can be a value from 0 to 15
1139:Drivers/STM32F1xx_HAL_Driver/Src/stm32f1xx_ll_usb.c ****   * @retval Device OUT EP Interrupt register
1140:Drivers/STM32F1xx_HAL_Driver/Src/stm32f1xx_ll_usb.c ****   */
1141:Drivers/STM32F1xx_HAL_Driver/Src/stm32f1xx_ll_usb.c **** uint32_t USB_ReadDevOutEPInterrupt(const USB_OTG_GlobalTypeDef *USBx, uint8_t epnum)
1142:Drivers/STM32F1xx_HAL_Driver/Src/stm32f1xx_ll_usb.c **** {
1143:Drivers/STM32F1xx_HAL_Driver/Src/stm32f1xx_ll_usb.c ****   uint32_t USBx_BASE = (uint32_t)USBx;
1144:Drivers/STM32F1xx_HAL_Driver/Src/stm32f1xx_ll_usb.c ****   uint32_t tmpreg;
1145:Drivers/STM32F1xx_HAL_Driver/Src/stm32f1xx_ll_usb.c **** 
1146:Drivers/STM32F1xx_HAL_Driver/Src/stm32f1xx_ll_usb.c ****   tmpreg  = USBx_OUTEP((uint32_t)epnum)->DOEPINT;
1147:Drivers/STM32F1xx_HAL_Driver/Src/stm32f1xx_ll_usb.c ****   tmpreg &= USBx_DEVICE->DOEPMSK;
1148:Drivers/STM32F1xx_HAL_Driver/Src/stm32f1xx_ll_usb.c **** 
1149:Drivers/STM32F1xx_HAL_Driver/Src/stm32f1xx_ll_usb.c ****   return tmpreg;
1150:Drivers/STM32F1xx_HAL_Driver/Src/stm32f1xx_ll_usb.c **** }
1151:Drivers/STM32F1xx_HAL_Driver/Src/stm32f1xx_ll_usb.c **** 
1152:Drivers/STM32F1xx_HAL_Driver/Src/stm32f1xx_ll_usb.c **** /**
1153:Drivers/STM32F1xx_HAL_Driver/Src/stm32f1xx_ll_usb.c ****   * @brief  Returns Device IN EP Interrupt register
1154:Drivers/STM32F1xx_HAL_Driver/Src/stm32f1xx_ll_usb.c ****   * @param  USBx  Selected device
1155:Drivers/STM32F1xx_HAL_Driver/Src/stm32f1xx_ll_usb.c ****   * @param  epnum  endpoint number
1156:Drivers/STM32F1xx_HAL_Driver/Src/stm32f1xx_ll_usb.c ****   *          This parameter can be a value from 0 to 15
1157:Drivers/STM32F1xx_HAL_Driver/Src/stm32f1xx_ll_usb.c ****   * @retval Device IN EP Interrupt register
1158:Drivers/STM32F1xx_HAL_Driver/Src/stm32f1xx_ll_usb.c ****   */
1159:Drivers/STM32F1xx_HAL_Driver/Src/stm32f1xx_ll_usb.c **** uint32_t USB_ReadDevInEPInterrupt(const USB_OTG_GlobalTypeDef *USBx, uint8_t epnum)
1160:Drivers/STM32F1xx_HAL_Driver/Src/stm32f1xx_ll_usb.c **** {
1161:Drivers/STM32F1xx_HAL_Driver/Src/stm32f1xx_ll_usb.c ****   uint32_t USBx_BASE = (uint32_t)USBx;
1162:Drivers/STM32F1xx_HAL_Driver/Src/stm32f1xx_ll_usb.c ****   uint32_t tmpreg;
1163:Drivers/STM32F1xx_HAL_Driver/Src/stm32f1xx_ll_usb.c ****   uint32_t msk;
1164:Drivers/STM32F1xx_HAL_Driver/Src/stm32f1xx_ll_usb.c ****   uint32_t emp;
1165:Drivers/STM32F1xx_HAL_Driver/Src/stm32f1xx_ll_usb.c **** 
1166:Drivers/STM32F1xx_HAL_Driver/Src/stm32f1xx_ll_usb.c ****   msk = USBx_DEVICE->DIEPMSK;
1167:Drivers/STM32F1xx_HAL_Driver/Src/stm32f1xx_ll_usb.c ****   emp = USBx_DEVICE->DIEPEMPMSK;
1168:Drivers/STM32F1xx_HAL_Driver/Src/stm32f1xx_ll_usb.c ****   msk |= ((emp >> (epnum & EP_ADDR_MSK)) & 0x1U) << 7;
1169:Drivers/STM32F1xx_HAL_Driver/Src/stm32f1xx_ll_usb.c ****   tmpreg = USBx_INEP((uint32_t)epnum)->DIEPINT & msk;
1170:Drivers/STM32F1xx_HAL_Driver/Src/stm32f1xx_ll_usb.c **** 
1171:Drivers/STM32F1xx_HAL_Driver/Src/stm32f1xx_ll_usb.c ****   return tmpreg;
ARM GAS  C:\Users\subdia\AppData\Local\Temp\ccmLEiFj.s 			page 22


1172:Drivers/STM32F1xx_HAL_Driver/Src/stm32f1xx_ll_usb.c **** }
1173:Drivers/STM32F1xx_HAL_Driver/Src/stm32f1xx_ll_usb.c **** 
1174:Drivers/STM32F1xx_HAL_Driver/Src/stm32f1xx_ll_usb.c **** /**
1175:Drivers/STM32F1xx_HAL_Driver/Src/stm32f1xx_ll_usb.c ****   * @brief  USB_ClearInterrupts: clear a USB interrupt
1176:Drivers/STM32F1xx_HAL_Driver/Src/stm32f1xx_ll_usb.c ****   * @param  USBx  Selected device
1177:Drivers/STM32F1xx_HAL_Driver/Src/stm32f1xx_ll_usb.c ****   * @param  interrupt  flag
1178:Drivers/STM32F1xx_HAL_Driver/Src/stm32f1xx_ll_usb.c ****   * @retval None
1179:Drivers/STM32F1xx_HAL_Driver/Src/stm32f1xx_ll_usb.c ****   */
1180:Drivers/STM32F1xx_HAL_Driver/Src/stm32f1xx_ll_usb.c **** void  USB_ClearInterrupts(USB_OTG_GlobalTypeDef *USBx, uint32_t interrupt)
1181:Drivers/STM32F1xx_HAL_Driver/Src/stm32f1xx_ll_usb.c **** {
1182:Drivers/STM32F1xx_HAL_Driver/Src/stm32f1xx_ll_usb.c ****   USBx->GINTSTS &= interrupt;
1183:Drivers/STM32F1xx_HAL_Driver/Src/stm32f1xx_ll_usb.c **** }
1184:Drivers/STM32F1xx_HAL_Driver/Src/stm32f1xx_ll_usb.c **** 
1185:Drivers/STM32F1xx_HAL_Driver/Src/stm32f1xx_ll_usb.c **** /**
1186:Drivers/STM32F1xx_HAL_Driver/Src/stm32f1xx_ll_usb.c ****   * @brief  Returns USB core mode
1187:Drivers/STM32F1xx_HAL_Driver/Src/stm32f1xx_ll_usb.c ****   * @param  USBx  Selected device
1188:Drivers/STM32F1xx_HAL_Driver/Src/stm32f1xx_ll_usb.c ****   * @retval return core mode : Host or Device
1189:Drivers/STM32F1xx_HAL_Driver/Src/stm32f1xx_ll_usb.c ****   *          This parameter can be one of these values:
1190:Drivers/STM32F1xx_HAL_Driver/Src/stm32f1xx_ll_usb.c ****   *           0 : Host
1191:Drivers/STM32F1xx_HAL_Driver/Src/stm32f1xx_ll_usb.c ****   *           1 : Device
1192:Drivers/STM32F1xx_HAL_Driver/Src/stm32f1xx_ll_usb.c ****   */
1193:Drivers/STM32F1xx_HAL_Driver/Src/stm32f1xx_ll_usb.c **** uint32_t USB_GetMode(const USB_OTG_GlobalTypeDef *USBx)
1194:Drivers/STM32F1xx_HAL_Driver/Src/stm32f1xx_ll_usb.c **** {
1195:Drivers/STM32F1xx_HAL_Driver/Src/stm32f1xx_ll_usb.c ****   return ((USBx->GINTSTS) & 0x1U);
1196:Drivers/STM32F1xx_HAL_Driver/Src/stm32f1xx_ll_usb.c **** }
1197:Drivers/STM32F1xx_HAL_Driver/Src/stm32f1xx_ll_usb.c **** 
1198:Drivers/STM32F1xx_HAL_Driver/Src/stm32f1xx_ll_usb.c **** /**
1199:Drivers/STM32F1xx_HAL_Driver/Src/stm32f1xx_ll_usb.c ****   * @brief  Activate EP0 for Setup transactions
1200:Drivers/STM32F1xx_HAL_Driver/Src/stm32f1xx_ll_usb.c ****   * @param  USBx  Selected device
1201:Drivers/STM32F1xx_HAL_Driver/Src/stm32f1xx_ll_usb.c ****   * @retval HAL status
1202:Drivers/STM32F1xx_HAL_Driver/Src/stm32f1xx_ll_usb.c ****   */
1203:Drivers/STM32F1xx_HAL_Driver/Src/stm32f1xx_ll_usb.c **** HAL_StatusTypeDef USB_ActivateSetup(const USB_OTG_GlobalTypeDef *USBx)
1204:Drivers/STM32F1xx_HAL_Driver/Src/stm32f1xx_ll_usb.c **** {
1205:Drivers/STM32F1xx_HAL_Driver/Src/stm32f1xx_ll_usb.c ****   uint32_t USBx_BASE = (uint32_t)USBx;
1206:Drivers/STM32F1xx_HAL_Driver/Src/stm32f1xx_ll_usb.c **** 
1207:Drivers/STM32F1xx_HAL_Driver/Src/stm32f1xx_ll_usb.c ****   /* Set the MPS of the IN EP0 to 64 bytes */
1208:Drivers/STM32F1xx_HAL_Driver/Src/stm32f1xx_ll_usb.c ****   USBx_INEP(0U)->DIEPCTL &= ~USB_OTG_DIEPCTL_MPSIZ;
1209:Drivers/STM32F1xx_HAL_Driver/Src/stm32f1xx_ll_usb.c **** 
1210:Drivers/STM32F1xx_HAL_Driver/Src/stm32f1xx_ll_usb.c ****   USBx_DEVICE->DCTL |= USB_OTG_DCTL_CGINAK;
1211:Drivers/STM32F1xx_HAL_Driver/Src/stm32f1xx_ll_usb.c **** 
1212:Drivers/STM32F1xx_HAL_Driver/Src/stm32f1xx_ll_usb.c ****   return HAL_OK;
1213:Drivers/STM32F1xx_HAL_Driver/Src/stm32f1xx_ll_usb.c **** }
1214:Drivers/STM32F1xx_HAL_Driver/Src/stm32f1xx_ll_usb.c **** 
1215:Drivers/STM32F1xx_HAL_Driver/Src/stm32f1xx_ll_usb.c **** /**
1216:Drivers/STM32F1xx_HAL_Driver/Src/stm32f1xx_ll_usb.c ****   * @brief  Prepare the EP0 to start the first control setup
1217:Drivers/STM32F1xx_HAL_Driver/Src/stm32f1xx_ll_usb.c ****   * @param  USBx  Selected device
1218:Drivers/STM32F1xx_HAL_Driver/Src/stm32f1xx_ll_usb.c ****   * @param  psetup  pointer to setup packet
1219:Drivers/STM32F1xx_HAL_Driver/Src/stm32f1xx_ll_usb.c ****   * @retval HAL status
1220:Drivers/STM32F1xx_HAL_Driver/Src/stm32f1xx_ll_usb.c ****   */
1221:Drivers/STM32F1xx_HAL_Driver/Src/stm32f1xx_ll_usb.c **** HAL_StatusTypeDef USB_EP0_OutStart(const USB_OTG_GlobalTypeDef *USBx, const uint8_t *psetup)
1222:Drivers/STM32F1xx_HAL_Driver/Src/stm32f1xx_ll_usb.c **** {
1223:Drivers/STM32F1xx_HAL_Driver/Src/stm32f1xx_ll_usb.c ****   uint32_t USBx_BASE = (uint32_t)USBx;
1224:Drivers/STM32F1xx_HAL_Driver/Src/stm32f1xx_ll_usb.c ****   uint32_t gSNPSiD = *(__IO const uint32_t *)(&USBx->CID + 0x1U);
1225:Drivers/STM32F1xx_HAL_Driver/Src/stm32f1xx_ll_usb.c ****   UNUSED(psetup);
1226:Drivers/STM32F1xx_HAL_Driver/Src/stm32f1xx_ll_usb.c **** 
1227:Drivers/STM32F1xx_HAL_Driver/Src/stm32f1xx_ll_usb.c ****   if (gSNPSiD > USB_OTG_CORE_ID_300A)
1228:Drivers/STM32F1xx_HAL_Driver/Src/stm32f1xx_ll_usb.c ****   {
ARM GAS  C:\Users\subdia\AppData\Local\Temp\ccmLEiFj.s 			page 23


1229:Drivers/STM32F1xx_HAL_Driver/Src/stm32f1xx_ll_usb.c ****     if ((USBx_OUTEP(0U)->DOEPCTL & USB_OTG_DOEPCTL_EPENA) == USB_OTG_DOEPCTL_EPENA)
1230:Drivers/STM32F1xx_HAL_Driver/Src/stm32f1xx_ll_usb.c ****     {
1231:Drivers/STM32F1xx_HAL_Driver/Src/stm32f1xx_ll_usb.c ****       return HAL_OK;
1232:Drivers/STM32F1xx_HAL_Driver/Src/stm32f1xx_ll_usb.c ****     }
1233:Drivers/STM32F1xx_HAL_Driver/Src/stm32f1xx_ll_usb.c ****   }
1234:Drivers/STM32F1xx_HAL_Driver/Src/stm32f1xx_ll_usb.c **** 
1235:Drivers/STM32F1xx_HAL_Driver/Src/stm32f1xx_ll_usb.c ****   USBx_OUTEP(0U)->DOEPTSIZ = 0U;
1236:Drivers/STM32F1xx_HAL_Driver/Src/stm32f1xx_ll_usb.c ****   USBx_OUTEP(0U)->DOEPTSIZ |= (USB_OTG_DOEPTSIZ_PKTCNT & (1U << 19));
1237:Drivers/STM32F1xx_HAL_Driver/Src/stm32f1xx_ll_usb.c ****   USBx_OUTEP(0U)->DOEPTSIZ |= (3U * 8U);
1238:Drivers/STM32F1xx_HAL_Driver/Src/stm32f1xx_ll_usb.c ****   USBx_OUTEP(0U)->DOEPTSIZ |=  USB_OTG_DOEPTSIZ_STUPCNT;
1239:Drivers/STM32F1xx_HAL_Driver/Src/stm32f1xx_ll_usb.c **** 
1240:Drivers/STM32F1xx_HAL_Driver/Src/stm32f1xx_ll_usb.c ****   return HAL_OK;
1241:Drivers/STM32F1xx_HAL_Driver/Src/stm32f1xx_ll_usb.c **** }
1242:Drivers/STM32F1xx_HAL_Driver/Src/stm32f1xx_ll_usb.c **** 
1243:Drivers/STM32F1xx_HAL_Driver/Src/stm32f1xx_ll_usb.c **** /**
1244:Drivers/STM32F1xx_HAL_Driver/Src/stm32f1xx_ll_usb.c ****   * @brief  Reset the USB Core (needed after USB clock settings change)
1245:Drivers/STM32F1xx_HAL_Driver/Src/stm32f1xx_ll_usb.c ****   * @param  USBx  Selected device
1246:Drivers/STM32F1xx_HAL_Driver/Src/stm32f1xx_ll_usb.c ****   * @retval HAL status
1247:Drivers/STM32F1xx_HAL_Driver/Src/stm32f1xx_ll_usb.c ****   */
1248:Drivers/STM32F1xx_HAL_Driver/Src/stm32f1xx_ll_usb.c **** static HAL_StatusTypeDef USB_CoreReset(USB_OTG_GlobalTypeDef *USBx)
1249:Drivers/STM32F1xx_HAL_Driver/Src/stm32f1xx_ll_usb.c **** {
1250:Drivers/STM32F1xx_HAL_Driver/Src/stm32f1xx_ll_usb.c ****   __IO uint32_t count = 0U;
1251:Drivers/STM32F1xx_HAL_Driver/Src/stm32f1xx_ll_usb.c **** 
1252:Drivers/STM32F1xx_HAL_Driver/Src/stm32f1xx_ll_usb.c ****   /* Wait for AHB master IDLE state. */
1253:Drivers/STM32F1xx_HAL_Driver/Src/stm32f1xx_ll_usb.c ****   do
1254:Drivers/STM32F1xx_HAL_Driver/Src/stm32f1xx_ll_usb.c ****   {
1255:Drivers/STM32F1xx_HAL_Driver/Src/stm32f1xx_ll_usb.c ****     count++;
1256:Drivers/STM32F1xx_HAL_Driver/Src/stm32f1xx_ll_usb.c **** 
1257:Drivers/STM32F1xx_HAL_Driver/Src/stm32f1xx_ll_usb.c ****     if (count > HAL_USB_TIMEOUT)
1258:Drivers/STM32F1xx_HAL_Driver/Src/stm32f1xx_ll_usb.c ****     {
1259:Drivers/STM32F1xx_HAL_Driver/Src/stm32f1xx_ll_usb.c ****       return HAL_TIMEOUT;
1260:Drivers/STM32F1xx_HAL_Driver/Src/stm32f1xx_ll_usb.c ****     }
1261:Drivers/STM32F1xx_HAL_Driver/Src/stm32f1xx_ll_usb.c ****   } while ((USBx->GRSTCTL & USB_OTG_GRSTCTL_AHBIDL) == 0U);
1262:Drivers/STM32F1xx_HAL_Driver/Src/stm32f1xx_ll_usb.c **** 
1263:Drivers/STM32F1xx_HAL_Driver/Src/stm32f1xx_ll_usb.c ****   /* Core Soft Reset */
1264:Drivers/STM32F1xx_HAL_Driver/Src/stm32f1xx_ll_usb.c ****   count = 0U;
1265:Drivers/STM32F1xx_HAL_Driver/Src/stm32f1xx_ll_usb.c ****   USBx->GRSTCTL |= USB_OTG_GRSTCTL_CSRST;
1266:Drivers/STM32F1xx_HAL_Driver/Src/stm32f1xx_ll_usb.c **** 
1267:Drivers/STM32F1xx_HAL_Driver/Src/stm32f1xx_ll_usb.c ****   do
1268:Drivers/STM32F1xx_HAL_Driver/Src/stm32f1xx_ll_usb.c ****   {
1269:Drivers/STM32F1xx_HAL_Driver/Src/stm32f1xx_ll_usb.c ****     count++;
1270:Drivers/STM32F1xx_HAL_Driver/Src/stm32f1xx_ll_usb.c **** 
1271:Drivers/STM32F1xx_HAL_Driver/Src/stm32f1xx_ll_usb.c ****     if (count > HAL_USB_TIMEOUT)
1272:Drivers/STM32F1xx_HAL_Driver/Src/stm32f1xx_ll_usb.c ****     {
1273:Drivers/STM32F1xx_HAL_Driver/Src/stm32f1xx_ll_usb.c ****       return HAL_TIMEOUT;
1274:Drivers/STM32F1xx_HAL_Driver/Src/stm32f1xx_ll_usb.c ****     }
1275:Drivers/STM32F1xx_HAL_Driver/Src/stm32f1xx_ll_usb.c ****   } while ((USBx->GRSTCTL & USB_OTG_GRSTCTL_CSRST) == USB_OTG_GRSTCTL_CSRST);
1276:Drivers/STM32F1xx_HAL_Driver/Src/stm32f1xx_ll_usb.c **** 
1277:Drivers/STM32F1xx_HAL_Driver/Src/stm32f1xx_ll_usb.c ****   return HAL_OK;
1278:Drivers/STM32F1xx_HAL_Driver/Src/stm32f1xx_ll_usb.c **** }
1279:Drivers/STM32F1xx_HAL_Driver/Src/stm32f1xx_ll_usb.c **** 
1280:Drivers/STM32F1xx_HAL_Driver/Src/stm32f1xx_ll_usb.c **** /**
1281:Drivers/STM32F1xx_HAL_Driver/Src/stm32f1xx_ll_usb.c ****   * @brief  USB_HostInit : Initializes the USB OTG controller registers
1282:Drivers/STM32F1xx_HAL_Driver/Src/stm32f1xx_ll_usb.c ****   *         for Host mode
1283:Drivers/STM32F1xx_HAL_Driver/Src/stm32f1xx_ll_usb.c ****   * @param  USBx  Selected device
1284:Drivers/STM32F1xx_HAL_Driver/Src/stm32f1xx_ll_usb.c ****   * @param  cfg   pointer to a USB_OTG_CfgTypeDef structure that contains
1285:Drivers/STM32F1xx_HAL_Driver/Src/stm32f1xx_ll_usb.c ****   *         the configuration information for the specified USBx peripheral.
ARM GAS  C:\Users\subdia\AppData\Local\Temp\ccmLEiFj.s 			page 24


1286:Drivers/STM32F1xx_HAL_Driver/Src/stm32f1xx_ll_usb.c ****   * @retval HAL status
1287:Drivers/STM32F1xx_HAL_Driver/Src/stm32f1xx_ll_usb.c ****   */
1288:Drivers/STM32F1xx_HAL_Driver/Src/stm32f1xx_ll_usb.c **** HAL_StatusTypeDef USB_HostInit(USB_OTG_GlobalTypeDef *USBx, USB_OTG_CfgTypeDef cfg)
1289:Drivers/STM32F1xx_HAL_Driver/Src/stm32f1xx_ll_usb.c **** {
1290:Drivers/STM32F1xx_HAL_Driver/Src/stm32f1xx_ll_usb.c ****   HAL_StatusTypeDef ret = HAL_OK;
1291:Drivers/STM32F1xx_HAL_Driver/Src/stm32f1xx_ll_usb.c ****   uint32_t USBx_BASE = (uint32_t)USBx;
1292:Drivers/STM32F1xx_HAL_Driver/Src/stm32f1xx_ll_usb.c ****   uint32_t i;
1293:Drivers/STM32F1xx_HAL_Driver/Src/stm32f1xx_ll_usb.c **** 
1294:Drivers/STM32F1xx_HAL_Driver/Src/stm32f1xx_ll_usb.c ****   /* Restart the Phy Clock */
1295:Drivers/STM32F1xx_HAL_Driver/Src/stm32f1xx_ll_usb.c ****   USBx_PCGCCTL = 0U;
1296:Drivers/STM32F1xx_HAL_Driver/Src/stm32f1xx_ll_usb.c **** 
1297:Drivers/STM32F1xx_HAL_Driver/Src/stm32f1xx_ll_usb.c ****   /* Disable VBUS sensing */
1298:Drivers/STM32F1xx_HAL_Driver/Src/stm32f1xx_ll_usb.c ****   USBx->GCCFG &= ~(USB_OTG_GCCFG_VBUSASEN);
1299:Drivers/STM32F1xx_HAL_Driver/Src/stm32f1xx_ll_usb.c ****   USBx->GCCFG &= ~(USB_OTG_GCCFG_VBUSBSEN);
1300:Drivers/STM32F1xx_HAL_Driver/Src/stm32f1xx_ll_usb.c ****   /* Set default Max speed support */
1301:Drivers/STM32F1xx_HAL_Driver/Src/stm32f1xx_ll_usb.c ****   USBx_HOST->HCFG &= ~(USB_OTG_HCFG_FSLSS);
1302:Drivers/STM32F1xx_HAL_Driver/Src/stm32f1xx_ll_usb.c **** 
1303:Drivers/STM32F1xx_HAL_Driver/Src/stm32f1xx_ll_usb.c ****   /* Make sure the FIFOs are flushed. */
1304:Drivers/STM32F1xx_HAL_Driver/Src/stm32f1xx_ll_usb.c ****   if (USB_FlushTxFifo(USBx, 0x10U) != HAL_OK) /* all Tx FIFOs */
1305:Drivers/STM32F1xx_HAL_Driver/Src/stm32f1xx_ll_usb.c ****   {
1306:Drivers/STM32F1xx_HAL_Driver/Src/stm32f1xx_ll_usb.c ****     ret = HAL_ERROR;
1307:Drivers/STM32F1xx_HAL_Driver/Src/stm32f1xx_ll_usb.c ****   }
1308:Drivers/STM32F1xx_HAL_Driver/Src/stm32f1xx_ll_usb.c **** 
1309:Drivers/STM32F1xx_HAL_Driver/Src/stm32f1xx_ll_usb.c ****   if (USB_FlushRxFifo(USBx) != HAL_OK)
1310:Drivers/STM32F1xx_HAL_Driver/Src/stm32f1xx_ll_usb.c ****   {
1311:Drivers/STM32F1xx_HAL_Driver/Src/stm32f1xx_ll_usb.c ****     ret = HAL_ERROR;
1312:Drivers/STM32F1xx_HAL_Driver/Src/stm32f1xx_ll_usb.c ****   }
1313:Drivers/STM32F1xx_HAL_Driver/Src/stm32f1xx_ll_usb.c **** 
1314:Drivers/STM32F1xx_HAL_Driver/Src/stm32f1xx_ll_usb.c ****   /* Clear all pending HC Interrupts */
1315:Drivers/STM32F1xx_HAL_Driver/Src/stm32f1xx_ll_usb.c ****   for (i = 0U; i < cfg.Host_channels; i++)
1316:Drivers/STM32F1xx_HAL_Driver/Src/stm32f1xx_ll_usb.c ****   {
1317:Drivers/STM32F1xx_HAL_Driver/Src/stm32f1xx_ll_usb.c ****     USBx_HC(i)->HCINT = CLEAR_INTERRUPT_MASK;
1318:Drivers/STM32F1xx_HAL_Driver/Src/stm32f1xx_ll_usb.c ****     USBx_HC(i)->HCINTMSK = 0U;
1319:Drivers/STM32F1xx_HAL_Driver/Src/stm32f1xx_ll_usb.c ****   }
1320:Drivers/STM32F1xx_HAL_Driver/Src/stm32f1xx_ll_usb.c **** 
1321:Drivers/STM32F1xx_HAL_Driver/Src/stm32f1xx_ll_usb.c ****   /* Disable all interrupts. */
1322:Drivers/STM32F1xx_HAL_Driver/Src/stm32f1xx_ll_usb.c ****   USBx->GINTMSK = 0U;
1323:Drivers/STM32F1xx_HAL_Driver/Src/stm32f1xx_ll_usb.c **** 
1324:Drivers/STM32F1xx_HAL_Driver/Src/stm32f1xx_ll_usb.c ****   /* Clear any pending interrupts */
1325:Drivers/STM32F1xx_HAL_Driver/Src/stm32f1xx_ll_usb.c ****   USBx->GINTSTS = CLEAR_INTERRUPT_MASK;
1326:Drivers/STM32F1xx_HAL_Driver/Src/stm32f1xx_ll_usb.c **** 
1327:Drivers/STM32F1xx_HAL_Driver/Src/stm32f1xx_ll_usb.c ****   /* set Rx FIFO size */
1328:Drivers/STM32F1xx_HAL_Driver/Src/stm32f1xx_ll_usb.c ****   USBx->GRXFSIZ  = 0x80U;
1329:Drivers/STM32F1xx_HAL_Driver/Src/stm32f1xx_ll_usb.c ****   USBx->DIEPTXF0_HNPTXFSIZ = (uint32_t)(((0x60U << 16) & USB_OTG_NPTXFD) | 0x80U);
1330:Drivers/STM32F1xx_HAL_Driver/Src/stm32f1xx_ll_usb.c ****   USBx->HPTXFSIZ = (uint32_t)(((0x40U << 16)& USB_OTG_HPTXFSIZ_PTXFD) | 0xE0U);
1331:Drivers/STM32F1xx_HAL_Driver/Src/stm32f1xx_ll_usb.c ****   /* Enable the common interrupts */
1332:Drivers/STM32F1xx_HAL_Driver/Src/stm32f1xx_ll_usb.c ****   USBx->GINTMSK |= USB_OTG_GINTMSK_RXFLVLM;
1333:Drivers/STM32F1xx_HAL_Driver/Src/stm32f1xx_ll_usb.c **** 
1334:Drivers/STM32F1xx_HAL_Driver/Src/stm32f1xx_ll_usb.c ****   /* Enable interrupts matching to the Host mode ONLY */
1335:Drivers/STM32F1xx_HAL_Driver/Src/stm32f1xx_ll_usb.c ****   USBx->GINTMSK |= (USB_OTG_GINTMSK_PRTIM            | USB_OTG_GINTMSK_HCIM | \
1336:Drivers/STM32F1xx_HAL_Driver/Src/stm32f1xx_ll_usb.c ****                     USB_OTG_GINTMSK_SOFM             | USB_OTG_GINTSTS_DISCINT | \
1337:Drivers/STM32F1xx_HAL_Driver/Src/stm32f1xx_ll_usb.c ****                     USB_OTG_GINTMSK_PXFRM_IISOOXFRM  | USB_OTG_GINTMSK_WUIM);
1338:Drivers/STM32F1xx_HAL_Driver/Src/stm32f1xx_ll_usb.c **** 
1339:Drivers/STM32F1xx_HAL_Driver/Src/stm32f1xx_ll_usb.c ****   return ret;
1340:Drivers/STM32F1xx_HAL_Driver/Src/stm32f1xx_ll_usb.c **** }
1341:Drivers/STM32F1xx_HAL_Driver/Src/stm32f1xx_ll_usb.c **** 
1342:Drivers/STM32F1xx_HAL_Driver/Src/stm32f1xx_ll_usb.c **** /**
ARM GAS  C:\Users\subdia\AppData\Local\Temp\ccmLEiFj.s 			page 25


1343:Drivers/STM32F1xx_HAL_Driver/Src/stm32f1xx_ll_usb.c ****   * @brief  USB_InitFSLSPClkSel : Initializes the FSLSPClkSel field of the
1344:Drivers/STM32F1xx_HAL_Driver/Src/stm32f1xx_ll_usb.c ****   *         HCFG register on the PHY type and set the right frame interval
1345:Drivers/STM32F1xx_HAL_Driver/Src/stm32f1xx_ll_usb.c ****   * @param  USBx  Selected device
1346:Drivers/STM32F1xx_HAL_Driver/Src/stm32f1xx_ll_usb.c ****   * @param  freq  clock frequency
1347:Drivers/STM32F1xx_HAL_Driver/Src/stm32f1xx_ll_usb.c ****   *          This parameter can be one of these values:
1348:Drivers/STM32F1xx_HAL_Driver/Src/stm32f1xx_ll_usb.c ****   *           HCFG_48_MHZ : Full Speed 48 MHz Clock
1349:Drivers/STM32F1xx_HAL_Driver/Src/stm32f1xx_ll_usb.c ****   *           HCFG_6_MHZ : Low Speed 6 MHz Clock
1350:Drivers/STM32F1xx_HAL_Driver/Src/stm32f1xx_ll_usb.c ****   * @retval HAL status
1351:Drivers/STM32F1xx_HAL_Driver/Src/stm32f1xx_ll_usb.c ****   */
1352:Drivers/STM32F1xx_HAL_Driver/Src/stm32f1xx_ll_usb.c **** HAL_StatusTypeDef USB_InitFSLSPClkSel(const USB_OTG_GlobalTypeDef *USBx, uint8_t freq)
1353:Drivers/STM32F1xx_HAL_Driver/Src/stm32f1xx_ll_usb.c **** {
1354:Drivers/STM32F1xx_HAL_Driver/Src/stm32f1xx_ll_usb.c ****   uint32_t USBx_BASE = (uint32_t)USBx;
1355:Drivers/STM32F1xx_HAL_Driver/Src/stm32f1xx_ll_usb.c **** 
1356:Drivers/STM32F1xx_HAL_Driver/Src/stm32f1xx_ll_usb.c ****   USBx_HOST->HCFG &= ~(USB_OTG_HCFG_FSLSPCS);
1357:Drivers/STM32F1xx_HAL_Driver/Src/stm32f1xx_ll_usb.c ****   USBx_HOST->HCFG |= (uint32_t)freq & USB_OTG_HCFG_FSLSPCS;
1358:Drivers/STM32F1xx_HAL_Driver/Src/stm32f1xx_ll_usb.c **** 
1359:Drivers/STM32F1xx_HAL_Driver/Src/stm32f1xx_ll_usb.c ****   if (freq == HCFG_48_MHZ)
1360:Drivers/STM32F1xx_HAL_Driver/Src/stm32f1xx_ll_usb.c ****   {
1361:Drivers/STM32F1xx_HAL_Driver/Src/stm32f1xx_ll_usb.c ****     USBx_HOST->HFIR = HFIR_48_MHZ;
1362:Drivers/STM32F1xx_HAL_Driver/Src/stm32f1xx_ll_usb.c ****   }
1363:Drivers/STM32F1xx_HAL_Driver/Src/stm32f1xx_ll_usb.c ****   else if (freq == HCFG_6_MHZ)
1364:Drivers/STM32F1xx_HAL_Driver/Src/stm32f1xx_ll_usb.c ****   {
1365:Drivers/STM32F1xx_HAL_Driver/Src/stm32f1xx_ll_usb.c ****     USBx_HOST->HFIR = HFIR_6_MHZ;
1366:Drivers/STM32F1xx_HAL_Driver/Src/stm32f1xx_ll_usb.c ****   }
1367:Drivers/STM32F1xx_HAL_Driver/Src/stm32f1xx_ll_usb.c ****   else
1368:Drivers/STM32F1xx_HAL_Driver/Src/stm32f1xx_ll_usb.c ****   {
1369:Drivers/STM32F1xx_HAL_Driver/Src/stm32f1xx_ll_usb.c ****     return HAL_ERROR;
1370:Drivers/STM32F1xx_HAL_Driver/Src/stm32f1xx_ll_usb.c ****   }
1371:Drivers/STM32F1xx_HAL_Driver/Src/stm32f1xx_ll_usb.c **** 
1372:Drivers/STM32F1xx_HAL_Driver/Src/stm32f1xx_ll_usb.c ****   return HAL_OK;
1373:Drivers/STM32F1xx_HAL_Driver/Src/stm32f1xx_ll_usb.c **** }
1374:Drivers/STM32F1xx_HAL_Driver/Src/stm32f1xx_ll_usb.c **** 
1375:Drivers/STM32F1xx_HAL_Driver/Src/stm32f1xx_ll_usb.c **** /**
1376:Drivers/STM32F1xx_HAL_Driver/Src/stm32f1xx_ll_usb.c ****   * @brief  USB_OTG_ResetPort : Reset Host Port
1377:Drivers/STM32F1xx_HAL_Driver/Src/stm32f1xx_ll_usb.c ****   * @param  USBx  Selected device
1378:Drivers/STM32F1xx_HAL_Driver/Src/stm32f1xx_ll_usb.c ****   * @retval HAL status
1379:Drivers/STM32F1xx_HAL_Driver/Src/stm32f1xx_ll_usb.c ****   * @note (1)The application must wait at least 10 ms
1380:Drivers/STM32F1xx_HAL_Driver/Src/stm32f1xx_ll_usb.c ****   *   before clearing the reset bit.
1381:Drivers/STM32F1xx_HAL_Driver/Src/stm32f1xx_ll_usb.c ****   */
1382:Drivers/STM32F1xx_HAL_Driver/Src/stm32f1xx_ll_usb.c **** HAL_StatusTypeDef USB_ResetPort(const USB_OTG_GlobalTypeDef *USBx)
1383:Drivers/STM32F1xx_HAL_Driver/Src/stm32f1xx_ll_usb.c **** {
1384:Drivers/STM32F1xx_HAL_Driver/Src/stm32f1xx_ll_usb.c ****   uint32_t USBx_BASE = (uint32_t)USBx;
1385:Drivers/STM32F1xx_HAL_Driver/Src/stm32f1xx_ll_usb.c **** 
1386:Drivers/STM32F1xx_HAL_Driver/Src/stm32f1xx_ll_usb.c ****   __IO uint32_t hprt0 = 0U;
1387:Drivers/STM32F1xx_HAL_Driver/Src/stm32f1xx_ll_usb.c **** 
1388:Drivers/STM32F1xx_HAL_Driver/Src/stm32f1xx_ll_usb.c ****   hprt0 = USBx_HPRT0;
1389:Drivers/STM32F1xx_HAL_Driver/Src/stm32f1xx_ll_usb.c **** 
1390:Drivers/STM32F1xx_HAL_Driver/Src/stm32f1xx_ll_usb.c ****   hprt0 &= ~(USB_OTG_HPRT_PENA | USB_OTG_HPRT_PCDET |
1391:Drivers/STM32F1xx_HAL_Driver/Src/stm32f1xx_ll_usb.c ****              USB_OTG_HPRT_PENCHNG | USB_OTG_HPRT_POCCHNG);
1392:Drivers/STM32F1xx_HAL_Driver/Src/stm32f1xx_ll_usb.c **** 
1393:Drivers/STM32F1xx_HAL_Driver/Src/stm32f1xx_ll_usb.c ****   USBx_HPRT0 = (USB_OTG_HPRT_PRST | hprt0);
1394:Drivers/STM32F1xx_HAL_Driver/Src/stm32f1xx_ll_usb.c ****   HAL_Delay(100U);                                 /* See Note #1 */
1395:Drivers/STM32F1xx_HAL_Driver/Src/stm32f1xx_ll_usb.c ****   USBx_HPRT0 = ((~USB_OTG_HPRT_PRST) & hprt0);
1396:Drivers/STM32F1xx_HAL_Driver/Src/stm32f1xx_ll_usb.c ****   HAL_Delay(10U);
1397:Drivers/STM32F1xx_HAL_Driver/Src/stm32f1xx_ll_usb.c **** 
1398:Drivers/STM32F1xx_HAL_Driver/Src/stm32f1xx_ll_usb.c ****   return HAL_OK;
1399:Drivers/STM32F1xx_HAL_Driver/Src/stm32f1xx_ll_usb.c **** }
ARM GAS  C:\Users\subdia\AppData\Local\Temp\ccmLEiFj.s 			page 26


1400:Drivers/STM32F1xx_HAL_Driver/Src/stm32f1xx_ll_usb.c **** 
1401:Drivers/STM32F1xx_HAL_Driver/Src/stm32f1xx_ll_usb.c **** /**
1402:Drivers/STM32F1xx_HAL_Driver/Src/stm32f1xx_ll_usb.c ****   * @brief  USB_DriveVbus : activate or de-activate vbus
1403:Drivers/STM32F1xx_HAL_Driver/Src/stm32f1xx_ll_usb.c ****   * @param  state  VBUS state
1404:Drivers/STM32F1xx_HAL_Driver/Src/stm32f1xx_ll_usb.c ****   *          This parameter can be one of these values:
1405:Drivers/STM32F1xx_HAL_Driver/Src/stm32f1xx_ll_usb.c ****   *           0 : Deactivate VBUS
1406:Drivers/STM32F1xx_HAL_Driver/Src/stm32f1xx_ll_usb.c ****   *           1 : Activate VBUS
1407:Drivers/STM32F1xx_HAL_Driver/Src/stm32f1xx_ll_usb.c ****   * @retval HAL status
1408:Drivers/STM32F1xx_HAL_Driver/Src/stm32f1xx_ll_usb.c ****   */
1409:Drivers/STM32F1xx_HAL_Driver/Src/stm32f1xx_ll_usb.c **** HAL_StatusTypeDef USB_DriveVbus(const USB_OTG_GlobalTypeDef *USBx, uint8_t state)
1410:Drivers/STM32F1xx_HAL_Driver/Src/stm32f1xx_ll_usb.c **** {
1411:Drivers/STM32F1xx_HAL_Driver/Src/stm32f1xx_ll_usb.c ****   uint32_t USBx_BASE = (uint32_t)USBx;
1412:Drivers/STM32F1xx_HAL_Driver/Src/stm32f1xx_ll_usb.c ****   __IO uint32_t hprt0 = 0U;
1413:Drivers/STM32F1xx_HAL_Driver/Src/stm32f1xx_ll_usb.c **** 
1414:Drivers/STM32F1xx_HAL_Driver/Src/stm32f1xx_ll_usb.c ****   hprt0 = USBx_HPRT0;
1415:Drivers/STM32F1xx_HAL_Driver/Src/stm32f1xx_ll_usb.c **** 
1416:Drivers/STM32F1xx_HAL_Driver/Src/stm32f1xx_ll_usb.c ****   hprt0 &= ~(USB_OTG_HPRT_PENA | USB_OTG_HPRT_PCDET |
1417:Drivers/STM32F1xx_HAL_Driver/Src/stm32f1xx_ll_usb.c ****              USB_OTG_HPRT_PENCHNG | USB_OTG_HPRT_POCCHNG);
1418:Drivers/STM32F1xx_HAL_Driver/Src/stm32f1xx_ll_usb.c **** 
1419:Drivers/STM32F1xx_HAL_Driver/Src/stm32f1xx_ll_usb.c ****   if (((hprt0 & USB_OTG_HPRT_PPWR) == 0U) && (state == 1U))
1420:Drivers/STM32F1xx_HAL_Driver/Src/stm32f1xx_ll_usb.c ****   {
1421:Drivers/STM32F1xx_HAL_Driver/Src/stm32f1xx_ll_usb.c ****     USBx_HPRT0 = (USB_OTG_HPRT_PPWR | hprt0);
1422:Drivers/STM32F1xx_HAL_Driver/Src/stm32f1xx_ll_usb.c ****   }
1423:Drivers/STM32F1xx_HAL_Driver/Src/stm32f1xx_ll_usb.c ****   if (((hprt0 & USB_OTG_HPRT_PPWR) == USB_OTG_HPRT_PPWR) && (state == 0U))
1424:Drivers/STM32F1xx_HAL_Driver/Src/stm32f1xx_ll_usb.c ****   {
1425:Drivers/STM32F1xx_HAL_Driver/Src/stm32f1xx_ll_usb.c ****     USBx_HPRT0 = ((~USB_OTG_HPRT_PPWR) & hprt0);
1426:Drivers/STM32F1xx_HAL_Driver/Src/stm32f1xx_ll_usb.c ****   }
1427:Drivers/STM32F1xx_HAL_Driver/Src/stm32f1xx_ll_usb.c ****   return HAL_OK;
1428:Drivers/STM32F1xx_HAL_Driver/Src/stm32f1xx_ll_usb.c **** }
1429:Drivers/STM32F1xx_HAL_Driver/Src/stm32f1xx_ll_usb.c **** 
1430:Drivers/STM32F1xx_HAL_Driver/Src/stm32f1xx_ll_usb.c **** /**
1431:Drivers/STM32F1xx_HAL_Driver/Src/stm32f1xx_ll_usb.c ****   * @brief  Return Host Core speed
1432:Drivers/STM32F1xx_HAL_Driver/Src/stm32f1xx_ll_usb.c ****   * @param  USBx  Selected device
1433:Drivers/STM32F1xx_HAL_Driver/Src/stm32f1xx_ll_usb.c ****   * @retval speed : Host speed
1434:Drivers/STM32F1xx_HAL_Driver/Src/stm32f1xx_ll_usb.c ****   *          This parameter can be one of these values:
1435:Drivers/STM32F1xx_HAL_Driver/Src/stm32f1xx_ll_usb.c ****   *            @arg HCD_SPEED_FULL: Full speed mode
1436:Drivers/STM32F1xx_HAL_Driver/Src/stm32f1xx_ll_usb.c ****   *            @arg HCD_SPEED_LOW: Low speed mode
1437:Drivers/STM32F1xx_HAL_Driver/Src/stm32f1xx_ll_usb.c ****   */
1438:Drivers/STM32F1xx_HAL_Driver/Src/stm32f1xx_ll_usb.c **** uint32_t USB_GetHostSpeed(USB_OTG_GlobalTypeDef const *USBx)
1439:Drivers/STM32F1xx_HAL_Driver/Src/stm32f1xx_ll_usb.c **** {
1440:Drivers/STM32F1xx_HAL_Driver/Src/stm32f1xx_ll_usb.c ****   uint32_t USBx_BASE = (uint32_t)USBx;
1441:Drivers/STM32F1xx_HAL_Driver/Src/stm32f1xx_ll_usb.c ****   __IO uint32_t hprt0 = 0U;
1442:Drivers/STM32F1xx_HAL_Driver/Src/stm32f1xx_ll_usb.c **** 
1443:Drivers/STM32F1xx_HAL_Driver/Src/stm32f1xx_ll_usb.c ****   hprt0 = USBx_HPRT0;
1444:Drivers/STM32F1xx_HAL_Driver/Src/stm32f1xx_ll_usb.c ****   return ((hprt0 & USB_OTG_HPRT_PSPD) >> 17);
1445:Drivers/STM32F1xx_HAL_Driver/Src/stm32f1xx_ll_usb.c **** }
1446:Drivers/STM32F1xx_HAL_Driver/Src/stm32f1xx_ll_usb.c **** 
1447:Drivers/STM32F1xx_HAL_Driver/Src/stm32f1xx_ll_usb.c **** /**
1448:Drivers/STM32F1xx_HAL_Driver/Src/stm32f1xx_ll_usb.c ****   * @brief  Return Host Current Frame number
1449:Drivers/STM32F1xx_HAL_Driver/Src/stm32f1xx_ll_usb.c ****   * @param  USBx  Selected device
1450:Drivers/STM32F1xx_HAL_Driver/Src/stm32f1xx_ll_usb.c ****   * @retval current frame number
1451:Drivers/STM32F1xx_HAL_Driver/Src/stm32f1xx_ll_usb.c ****   */
1452:Drivers/STM32F1xx_HAL_Driver/Src/stm32f1xx_ll_usb.c **** uint32_t USB_GetCurrentFrame(USB_OTG_GlobalTypeDef const *USBx)
1453:Drivers/STM32F1xx_HAL_Driver/Src/stm32f1xx_ll_usb.c **** {
1454:Drivers/STM32F1xx_HAL_Driver/Src/stm32f1xx_ll_usb.c ****   uint32_t USBx_BASE = (uint32_t)USBx;
1455:Drivers/STM32F1xx_HAL_Driver/Src/stm32f1xx_ll_usb.c **** 
1456:Drivers/STM32F1xx_HAL_Driver/Src/stm32f1xx_ll_usb.c ****   return (USBx_HOST->HFNUM & USB_OTG_HFNUM_FRNUM);
ARM GAS  C:\Users\subdia\AppData\Local\Temp\ccmLEiFj.s 			page 27


1457:Drivers/STM32F1xx_HAL_Driver/Src/stm32f1xx_ll_usb.c **** }
1458:Drivers/STM32F1xx_HAL_Driver/Src/stm32f1xx_ll_usb.c **** 
1459:Drivers/STM32F1xx_HAL_Driver/Src/stm32f1xx_ll_usb.c **** /**
1460:Drivers/STM32F1xx_HAL_Driver/Src/stm32f1xx_ll_usb.c ****   * @brief  Initialize a host channel
1461:Drivers/STM32F1xx_HAL_Driver/Src/stm32f1xx_ll_usb.c ****   * @param  USBx  Selected device
1462:Drivers/STM32F1xx_HAL_Driver/Src/stm32f1xx_ll_usb.c ****   * @param  ch_num  Channel number
1463:Drivers/STM32F1xx_HAL_Driver/Src/stm32f1xx_ll_usb.c ****   *         This parameter can be a value from 1 to 15
1464:Drivers/STM32F1xx_HAL_Driver/Src/stm32f1xx_ll_usb.c ****   * @param  epnum  Endpoint number
1465:Drivers/STM32F1xx_HAL_Driver/Src/stm32f1xx_ll_usb.c ****   *          This parameter can be a value from 1 to 15
1466:Drivers/STM32F1xx_HAL_Driver/Src/stm32f1xx_ll_usb.c ****   * @param  dev_address  Current device address
1467:Drivers/STM32F1xx_HAL_Driver/Src/stm32f1xx_ll_usb.c ****   *          This parameter can be a value from 0 to 255
1468:Drivers/STM32F1xx_HAL_Driver/Src/stm32f1xx_ll_usb.c ****   * @param  speed  Current device speed
1469:Drivers/STM32F1xx_HAL_Driver/Src/stm32f1xx_ll_usb.c ****   *          This parameter can be one of these values:
1470:Drivers/STM32F1xx_HAL_Driver/Src/stm32f1xx_ll_usb.c ****   *            @arg USB_OTG_SPEED_FULL: Full speed mode
1471:Drivers/STM32F1xx_HAL_Driver/Src/stm32f1xx_ll_usb.c ****   *            @arg USB_OTG_SPEED_LOW: Low speed mode
1472:Drivers/STM32F1xx_HAL_Driver/Src/stm32f1xx_ll_usb.c ****   * @param  ep_type  Endpoint Type
1473:Drivers/STM32F1xx_HAL_Driver/Src/stm32f1xx_ll_usb.c ****   *          This parameter can be one of these values:
1474:Drivers/STM32F1xx_HAL_Driver/Src/stm32f1xx_ll_usb.c ****   *            @arg EP_TYPE_CTRL: Control type
1475:Drivers/STM32F1xx_HAL_Driver/Src/stm32f1xx_ll_usb.c ****   *            @arg EP_TYPE_ISOC: Isochronous type
1476:Drivers/STM32F1xx_HAL_Driver/Src/stm32f1xx_ll_usb.c ****   *            @arg EP_TYPE_BULK: Bulk type
1477:Drivers/STM32F1xx_HAL_Driver/Src/stm32f1xx_ll_usb.c ****   *            @arg EP_TYPE_INTR: Interrupt type
1478:Drivers/STM32F1xx_HAL_Driver/Src/stm32f1xx_ll_usb.c ****   * @param  mps  Max Packet Size
1479:Drivers/STM32F1xx_HAL_Driver/Src/stm32f1xx_ll_usb.c ****   *          This parameter can be a value from 0 to 32K
1480:Drivers/STM32F1xx_HAL_Driver/Src/stm32f1xx_ll_usb.c ****   * @retval HAL state
1481:Drivers/STM32F1xx_HAL_Driver/Src/stm32f1xx_ll_usb.c ****   */
1482:Drivers/STM32F1xx_HAL_Driver/Src/stm32f1xx_ll_usb.c **** HAL_StatusTypeDef USB_HC_Init(USB_OTG_GlobalTypeDef *USBx, uint8_t ch_num,
1483:Drivers/STM32F1xx_HAL_Driver/Src/stm32f1xx_ll_usb.c ****                               uint8_t epnum, uint8_t dev_address, uint8_t speed,
1484:Drivers/STM32F1xx_HAL_Driver/Src/stm32f1xx_ll_usb.c ****                               uint8_t ep_type, uint16_t mps)
1485:Drivers/STM32F1xx_HAL_Driver/Src/stm32f1xx_ll_usb.c **** {
1486:Drivers/STM32F1xx_HAL_Driver/Src/stm32f1xx_ll_usb.c ****   HAL_StatusTypeDef ret = HAL_OK;
1487:Drivers/STM32F1xx_HAL_Driver/Src/stm32f1xx_ll_usb.c ****   uint32_t USBx_BASE = (uint32_t)USBx;
1488:Drivers/STM32F1xx_HAL_Driver/Src/stm32f1xx_ll_usb.c ****   uint32_t HCcharEpDir;
1489:Drivers/STM32F1xx_HAL_Driver/Src/stm32f1xx_ll_usb.c ****   uint32_t HCcharLowSpeed;
1490:Drivers/STM32F1xx_HAL_Driver/Src/stm32f1xx_ll_usb.c ****   uint32_t HostCoreSpeed;
1491:Drivers/STM32F1xx_HAL_Driver/Src/stm32f1xx_ll_usb.c **** 
1492:Drivers/STM32F1xx_HAL_Driver/Src/stm32f1xx_ll_usb.c ****   /* Clear old interrupt conditions for this host channel. */
1493:Drivers/STM32F1xx_HAL_Driver/Src/stm32f1xx_ll_usb.c ****   USBx_HC((uint32_t)ch_num)->HCINT = CLEAR_INTERRUPT_MASK;
1494:Drivers/STM32F1xx_HAL_Driver/Src/stm32f1xx_ll_usb.c **** 
1495:Drivers/STM32F1xx_HAL_Driver/Src/stm32f1xx_ll_usb.c ****   /* Enable channel interrupts required for this transfer. */
1496:Drivers/STM32F1xx_HAL_Driver/Src/stm32f1xx_ll_usb.c ****   switch (ep_type)
1497:Drivers/STM32F1xx_HAL_Driver/Src/stm32f1xx_ll_usb.c ****   {
1498:Drivers/STM32F1xx_HAL_Driver/Src/stm32f1xx_ll_usb.c ****     case EP_TYPE_CTRL:
1499:Drivers/STM32F1xx_HAL_Driver/Src/stm32f1xx_ll_usb.c ****     case EP_TYPE_BULK:
1500:Drivers/STM32F1xx_HAL_Driver/Src/stm32f1xx_ll_usb.c ****       USBx_HC((uint32_t)ch_num)->HCINTMSK = USB_OTG_HCINTMSK_XFRCM  |
1501:Drivers/STM32F1xx_HAL_Driver/Src/stm32f1xx_ll_usb.c ****                                             USB_OTG_HCINTMSK_STALLM |
1502:Drivers/STM32F1xx_HAL_Driver/Src/stm32f1xx_ll_usb.c ****                                             USB_OTG_HCINTMSK_TXERRM |
1503:Drivers/STM32F1xx_HAL_Driver/Src/stm32f1xx_ll_usb.c ****                                             USB_OTG_HCINTMSK_DTERRM |
1504:Drivers/STM32F1xx_HAL_Driver/Src/stm32f1xx_ll_usb.c ****                                             USB_OTG_HCINTMSK_AHBERR |
1505:Drivers/STM32F1xx_HAL_Driver/Src/stm32f1xx_ll_usb.c ****                                             USB_OTG_HCINTMSK_NAKM;
1506:Drivers/STM32F1xx_HAL_Driver/Src/stm32f1xx_ll_usb.c **** 
1507:Drivers/STM32F1xx_HAL_Driver/Src/stm32f1xx_ll_usb.c ****       if ((epnum & 0x80U) == 0x80U)
1508:Drivers/STM32F1xx_HAL_Driver/Src/stm32f1xx_ll_usb.c ****       {
1509:Drivers/STM32F1xx_HAL_Driver/Src/stm32f1xx_ll_usb.c ****         USBx_HC((uint32_t)ch_num)->HCINTMSK |= USB_OTG_HCINTMSK_BBERRM;
1510:Drivers/STM32F1xx_HAL_Driver/Src/stm32f1xx_ll_usb.c ****       }
1511:Drivers/STM32F1xx_HAL_Driver/Src/stm32f1xx_ll_usb.c ****       break;
1512:Drivers/STM32F1xx_HAL_Driver/Src/stm32f1xx_ll_usb.c **** 
1513:Drivers/STM32F1xx_HAL_Driver/Src/stm32f1xx_ll_usb.c ****     case EP_TYPE_INTR:
ARM GAS  C:\Users\subdia\AppData\Local\Temp\ccmLEiFj.s 			page 28


1514:Drivers/STM32F1xx_HAL_Driver/Src/stm32f1xx_ll_usb.c ****       USBx_HC((uint32_t)ch_num)->HCINTMSK = USB_OTG_HCINTMSK_XFRCM  |
1515:Drivers/STM32F1xx_HAL_Driver/Src/stm32f1xx_ll_usb.c ****                                             USB_OTG_HCINTMSK_STALLM |
1516:Drivers/STM32F1xx_HAL_Driver/Src/stm32f1xx_ll_usb.c ****                                             USB_OTG_HCINTMSK_TXERRM |
1517:Drivers/STM32F1xx_HAL_Driver/Src/stm32f1xx_ll_usb.c ****                                             USB_OTG_HCINTMSK_DTERRM |
1518:Drivers/STM32F1xx_HAL_Driver/Src/stm32f1xx_ll_usb.c ****                                             USB_OTG_HCINTMSK_NAKM   |
1519:Drivers/STM32F1xx_HAL_Driver/Src/stm32f1xx_ll_usb.c ****                                             USB_OTG_HCINTMSK_AHBERR |
1520:Drivers/STM32F1xx_HAL_Driver/Src/stm32f1xx_ll_usb.c ****                                             USB_OTG_HCINTMSK_FRMORM;
1521:Drivers/STM32F1xx_HAL_Driver/Src/stm32f1xx_ll_usb.c **** 
1522:Drivers/STM32F1xx_HAL_Driver/Src/stm32f1xx_ll_usb.c ****       if ((epnum & 0x80U) == 0x80U)
1523:Drivers/STM32F1xx_HAL_Driver/Src/stm32f1xx_ll_usb.c ****       {
1524:Drivers/STM32F1xx_HAL_Driver/Src/stm32f1xx_ll_usb.c ****         USBx_HC((uint32_t)ch_num)->HCINTMSK |= USB_OTG_HCINTMSK_BBERRM;
1525:Drivers/STM32F1xx_HAL_Driver/Src/stm32f1xx_ll_usb.c ****       }
1526:Drivers/STM32F1xx_HAL_Driver/Src/stm32f1xx_ll_usb.c **** 
1527:Drivers/STM32F1xx_HAL_Driver/Src/stm32f1xx_ll_usb.c ****       break;
1528:Drivers/STM32F1xx_HAL_Driver/Src/stm32f1xx_ll_usb.c **** 
1529:Drivers/STM32F1xx_HAL_Driver/Src/stm32f1xx_ll_usb.c ****     case EP_TYPE_ISOC:
1530:Drivers/STM32F1xx_HAL_Driver/Src/stm32f1xx_ll_usb.c ****       USBx_HC((uint32_t)ch_num)->HCINTMSK = USB_OTG_HCINTMSK_XFRCM  |
1531:Drivers/STM32F1xx_HAL_Driver/Src/stm32f1xx_ll_usb.c ****                                             USB_OTG_HCINTMSK_ACKM   |
1532:Drivers/STM32F1xx_HAL_Driver/Src/stm32f1xx_ll_usb.c ****                                             USB_OTG_HCINTMSK_AHBERR |
1533:Drivers/STM32F1xx_HAL_Driver/Src/stm32f1xx_ll_usb.c ****                                             USB_OTG_HCINTMSK_FRMORM;
1534:Drivers/STM32F1xx_HAL_Driver/Src/stm32f1xx_ll_usb.c **** 
1535:Drivers/STM32F1xx_HAL_Driver/Src/stm32f1xx_ll_usb.c ****       if ((epnum & 0x80U) == 0x80U)
1536:Drivers/STM32F1xx_HAL_Driver/Src/stm32f1xx_ll_usb.c ****       {
1537:Drivers/STM32F1xx_HAL_Driver/Src/stm32f1xx_ll_usb.c ****         USBx_HC((uint32_t)ch_num)->HCINTMSK |= (USB_OTG_HCINTMSK_TXERRM | USB_OTG_HCINTMSK_BBERRM);
1538:Drivers/STM32F1xx_HAL_Driver/Src/stm32f1xx_ll_usb.c ****       }
1539:Drivers/STM32F1xx_HAL_Driver/Src/stm32f1xx_ll_usb.c ****       break;
1540:Drivers/STM32F1xx_HAL_Driver/Src/stm32f1xx_ll_usb.c **** 
1541:Drivers/STM32F1xx_HAL_Driver/Src/stm32f1xx_ll_usb.c ****     default:
1542:Drivers/STM32F1xx_HAL_Driver/Src/stm32f1xx_ll_usb.c ****       ret = HAL_ERROR;
1543:Drivers/STM32F1xx_HAL_Driver/Src/stm32f1xx_ll_usb.c ****       break;
1544:Drivers/STM32F1xx_HAL_Driver/Src/stm32f1xx_ll_usb.c ****   }
1545:Drivers/STM32F1xx_HAL_Driver/Src/stm32f1xx_ll_usb.c **** 
1546:Drivers/STM32F1xx_HAL_Driver/Src/stm32f1xx_ll_usb.c ****   /* Enable host channel Halt interrupt */
1547:Drivers/STM32F1xx_HAL_Driver/Src/stm32f1xx_ll_usb.c ****   USBx_HC((uint32_t)ch_num)->HCINTMSK |= USB_OTG_HCINTMSK_CHHM;
1548:Drivers/STM32F1xx_HAL_Driver/Src/stm32f1xx_ll_usb.c **** 
1549:Drivers/STM32F1xx_HAL_Driver/Src/stm32f1xx_ll_usb.c ****   /* Enable the top level host channel interrupt. */
1550:Drivers/STM32F1xx_HAL_Driver/Src/stm32f1xx_ll_usb.c ****   USBx_HOST->HAINTMSK |= 1UL << (ch_num & 0xFU);
1551:Drivers/STM32F1xx_HAL_Driver/Src/stm32f1xx_ll_usb.c **** 
1552:Drivers/STM32F1xx_HAL_Driver/Src/stm32f1xx_ll_usb.c ****   /* Make sure host channel interrupts are enabled. */
1553:Drivers/STM32F1xx_HAL_Driver/Src/stm32f1xx_ll_usb.c ****   USBx->GINTMSK |= USB_OTG_GINTMSK_HCIM;
1554:Drivers/STM32F1xx_HAL_Driver/Src/stm32f1xx_ll_usb.c **** 
1555:Drivers/STM32F1xx_HAL_Driver/Src/stm32f1xx_ll_usb.c ****   /* Program the HCCHAR register */
1556:Drivers/STM32F1xx_HAL_Driver/Src/stm32f1xx_ll_usb.c ****   if ((epnum & 0x80U) == 0x80U)
1557:Drivers/STM32F1xx_HAL_Driver/Src/stm32f1xx_ll_usb.c ****   {
1558:Drivers/STM32F1xx_HAL_Driver/Src/stm32f1xx_ll_usb.c ****     HCcharEpDir = (0x1U << 15) & USB_OTG_HCCHAR_EPDIR;
1559:Drivers/STM32F1xx_HAL_Driver/Src/stm32f1xx_ll_usb.c ****   }
1560:Drivers/STM32F1xx_HAL_Driver/Src/stm32f1xx_ll_usb.c ****   else
1561:Drivers/STM32F1xx_HAL_Driver/Src/stm32f1xx_ll_usb.c ****   {
1562:Drivers/STM32F1xx_HAL_Driver/Src/stm32f1xx_ll_usb.c ****     HCcharEpDir = 0U;
1563:Drivers/STM32F1xx_HAL_Driver/Src/stm32f1xx_ll_usb.c ****   }
1564:Drivers/STM32F1xx_HAL_Driver/Src/stm32f1xx_ll_usb.c **** 
1565:Drivers/STM32F1xx_HAL_Driver/Src/stm32f1xx_ll_usb.c ****   HostCoreSpeed = USB_GetHostSpeed(USBx);
1566:Drivers/STM32F1xx_HAL_Driver/Src/stm32f1xx_ll_usb.c **** 
1567:Drivers/STM32F1xx_HAL_Driver/Src/stm32f1xx_ll_usb.c ****   /* LS device plugged to HUB */
1568:Drivers/STM32F1xx_HAL_Driver/Src/stm32f1xx_ll_usb.c ****   if ((speed == HPRT0_PRTSPD_LOW_SPEED) && (HostCoreSpeed != HPRT0_PRTSPD_LOW_SPEED))
1569:Drivers/STM32F1xx_HAL_Driver/Src/stm32f1xx_ll_usb.c ****   {
1570:Drivers/STM32F1xx_HAL_Driver/Src/stm32f1xx_ll_usb.c ****     HCcharLowSpeed = (0x1U << 17) & USB_OTG_HCCHAR_LSDEV;
ARM GAS  C:\Users\subdia\AppData\Local\Temp\ccmLEiFj.s 			page 29


1571:Drivers/STM32F1xx_HAL_Driver/Src/stm32f1xx_ll_usb.c ****   }
1572:Drivers/STM32F1xx_HAL_Driver/Src/stm32f1xx_ll_usb.c ****   else
1573:Drivers/STM32F1xx_HAL_Driver/Src/stm32f1xx_ll_usb.c ****   {
1574:Drivers/STM32F1xx_HAL_Driver/Src/stm32f1xx_ll_usb.c ****     HCcharLowSpeed = 0U;
1575:Drivers/STM32F1xx_HAL_Driver/Src/stm32f1xx_ll_usb.c ****   }
1576:Drivers/STM32F1xx_HAL_Driver/Src/stm32f1xx_ll_usb.c **** 
1577:Drivers/STM32F1xx_HAL_Driver/Src/stm32f1xx_ll_usb.c ****   USBx_HC((uint32_t)ch_num)->HCCHAR = (((uint32_t)dev_address << 22) & USB_OTG_HCCHAR_DAD) |
1578:Drivers/STM32F1xx_HAL_Driver/Src/stm32f1xx_ll_usb.c ****                                       ((((uint32_t)epnum & 0x7FU) << 11) & USB_OTG_HCCHAR_EPNUM) |
1579:Drivers/STM32F1xx_HAL_Driver/Src/stm32f1xx_ll_usb.c ****                                       (((uint32_t)ep_type << 18) & USB_OTG_HCCHAR_EPTYP) |
1580:Drivers/STM32F1xx_HAL_Driver/Src/stm32f1xx_ll_usb.c ****                                       ((uint32_t)mps & USB_OTG_HCCHAR_MPSIZ) |
1581:Drivers/STM32F1xx_HAL_Driver/Src/stm32f1xx_ll_usb.c ****                                       USB_OTG_HCCHAR_MC_0 | HCcharEpDir | HCcharLowSpeed;
1582:Drivers/STM32F1xx_HAL_Driver/Src/stm32f1xx_ll_usb.c **** 
1583:Drivers/STM32F1xx_HAL_Driver/Src/stm32f1xx_ll_usb.c ****   if ((ep_type == EP_TYPE_INTR) || (ep_type == EP_TYPE_ISOC))
1584:Drivers/STM32F1xx_HAL_Driver/Src/stm32f1xx_ll_usb.c ****   {
1585:Drivers/STM32F1xx_HAL_Driver/Src/stm32f1xx_ll_usb.c ****     USBx_HC((uint32_t)ch_num)->HCCHAR |= USB_OTG_HCCHAR_ODDFRM;
1586:Drivers/STM32F1xx_HAL_Driver/Src/stm32f1xx_ll_usb.c ****   }
1587:Drivers/STM32F1xx_HAL_Driver/Src/stm32f1xx_ll_usb.c **** 
1588:Drivers/STM32F1xx_HAL_Driver/Src/stm32f1xx_ll_usb.c ****   return ret;
1589:Drivers/STM32F1xx_HAL_Driver/Src/stm32f1xx_ll_usb.c **** }
1590:Drivers/STM32F1xx_HAL_Driver/Src/stm32f1xx_ll_usb.c **** 
1591:Drivers/STM32F1xx_HAL_Driver/Src/stm32f1xx_ll_usb.c **** /**
1592:Drivers/STM32F1xx_HAL_Driver/Src/stm32f1xx_ll_usb.c ****   * @brief  Start a transfer over a host channel
1593:Drivers/STM32F1xx_HAL_Driver/Src/stm32f1xx_ll_usb.c ****   * @param  USBx  Selected device
1594:Drivers/STM32F1xx_HAL_Driver/Src/stm32f1xx_ll_usb.c ****   * @param  hc  pointer to host channel structure
1595:Drivers/STM32F1xx_HAL_Driver/Src/stm32f1xx_ll_usb.c ****   * @retval HAL state
1596:Drivers/STM32F1xx_HAL_Driver/Src/stm32f1xx_ll_usb.c ****   */
1597:Drivers/STM32F1xx_HAL_Driver/Src/stm32f1xx_ll_usb.c **** HAL_StatusTypeDef USB_HC_StartXfer(USB_OTG_GlobalTypeDef *USBx, USB_OTG_HCTypeDef *hc)
1598:Drivers/STM32F1xx_HAL_Driver/Src/stm32f1xx_ll_usb.c **** {
1599:Drivers/STM32F1xx_HAL_Driver/Src/stm32f1xx_ll_usb.c ****   uint32_t USBx_BASE = (uint32_t)USBx;
1600:Drivers/STM32F1xx_HAL_Driver/Src/stm32f1xx_ll_usb.c ****   uint32_t ch_num = (uint32_t)hc->ch_num;
1601:Drivers/STM32F1xx_HAL_Driver/Src/stm32f1xx_ll_usb.c ****   __IO uint32_t tmpreg;
1602:Drivers/STM32F1xx_HAL_Driver/Src/stm32f1xx_ll_usb.c ****   uint8_t  is_oddframe;
1603:Drivers/STM32F1xx_HAL_Driver/Src/stm32f1xx_ll_usb.c ****   uint16_t len_words;
1604:Drivers/STM32F1xx_HAL_Driver/Src/stm32f1xx_ll_usb.c ****   uint16_t num_packets;
1605:Drivers/STM32F1xx_HAL_Driver/Src/stm32f1xx_ll_usb.c ****   uint16_t max_hc_pkt_count = HC_MAX_PKT_CNT;
1606:Drivers/STM32F1xx_HAL_Driver/Src/stm32f1xx_ll_usb.c **** 
1607:Drivers/STM32F1xx_HAL_Driver/Src/stm32f1xx_ll_usb.c ****   /* Compute the expected number of packets associated to the transfer */
1608:Drivers/STM32F1xx_HAL_Driver/Src/stm32f1xx_ll_usb.c ****   if (hc->xfer_len > 0U)
1609:Drivers/STM32F1xx_HAL_Driver/Src/stm32f1xx_ll_usb.c ****   {
1610:Drivers/STM32F1xx_HAL_Driver/Src/stm32f1xx_ll_usb.c ****     num_packets = (uint16_t)((hc->xfer_len + hc->max_packet - 1U) / hc->max_packet);
1611:Drivers/STM32F1xx_HAL_Driver/Src/stm32f1xx_ll_usb.c **** 
1612:Drivers/STM32F1xx_HAL_Driver/Src/stm32f1xx_ll_usb.c ****     if (num_packets > max_hc_pkt_count)
1613:Drivers/STM32F1xx_HAL_Driver/Src/stm32f1xx_ll_usb.c ****     {
1614:Drivers/STM32F1xx_HAL_Driver/Src/stm32f1xx_ll_usb.c ****       num_packets = max_hc_pkt_count;
1615:Drivers/STM32F1xx_HAL_Driver/Src/stm32f1xx_ll_usb.c ****       hc->XferSize = (uint32_t)num_packets * hc->max_packet;
1616:Drivers/STM32F1xx_HAL_Driver/Src/stm32f1xx_ll_usb.c ****     }
1617:Drivers/STM32F1xx_HAL_Driver/Src/stm32f1xx_ll_usb.c ****   }
1618:Drivers/STM32F1xx_HAL_Driver/Src/stm32f1xx_ll_usb.c ****   else
1619:Drivers/STM32F1xx_HAL_Driver/Src/stm32f1xx_ll_usb.c ****   {
1620:Drivers/STM32F1xx_HAL_Driver/Src/stm32f1xx_ll_usb.c ****     num_packets = 1U;
1621:Drivers/STM32F1xx_HAL_Driver/Src/stm32f1xx_ll_usb.c ****   }
1622:Drivers/STM32F1xx_HAL_Driver/Src/stm32f1xx_ll_usb.c **** 
1623:Drivers/STM32F1xx_HAL_Driver/Src/stm32f1xx_ll_usb.c ****   /*
1624:Drivers/STM32F1xx_HAL_Driver/Src/stm32f1xx_ll_usb.c ****    * For IN channel HCTSIZ.XferSize is expected to be an integer multiple of
1625:Drivers/STM32F1xx_HAL_Driver/Src/stm32f1xx_ll_usb.c ****    * max_packet size.
1626:Drivers/STM32F1xx_HAL_Driver/Src/stm32f1xx_ll_usb.c ****    */
1627:Drivers/STM32F1xx_HAL_Driver/Src/stm32f1xx_ll_usb.c ****   if (hc->ep_is_in != 0U)
ARM GAS  C:\Users\subdia\AppData\Local\Temp\ccmLEiFj.s 			page 30


1628:Drivers/STM32F1xx_HAL_Driver/Src/stm32f1xx_ll_usb.c ****   {
1629:Drivers/STM32F1xx_HAL_Driver/Src/stm32f1xx_ll_usb.c ****     hc->XferSize = (uint32_t)num_packets * hc->max_packet;
1630:Drivers/STM32F1xx_HAL_Driver/Src/stm32f1xx_ll_usb.c ****   }
1631:Drivers/STM32F1xx_HAL_Driver/Src/stm32f1xx_ll_usb.c ****   else
1632:Drivers/STM32F1xx_HAL_Driver/Src/stm32f1xx_ll_usb.c ****   {
1633:Drivers/STM32F1xx_HAL_Driver/Src/stm32f1xx_ll_usb.c ****     hc->XferSize = hc->xfer_len;
1634:Drivers/STM32F1xx_HAL_Driver/Src/stm32f1xx_ll_usb.c ****   }
1635:Drivers/STM32F1xx_HAL_Driver/Src/stm32f1xx_ll_usb.c **** 
1636:Drivers/STM32F1xx_HAL_Driver/Src/stm32f1xx_ll_usb.c ****   /* Initialize the HCTSIZn register */
1637:Drivers/STM32F1xx_HAL_Driver/Src/stm32f1xx_ll_usb.c ****   USBx_HC(ch_num)->HCTSIZ = (hc->XferSize & USB_OTG_HCTSIZ_XFRSIZ) |
1638:Drivers/STM32F1xx_HAL_Driver/Src/stm32f1xx_ll_usb.c ****                             (((uint32_t)num_packets << 19) & USB_OTG_HCTSIZ_PKTCNT) |
1639:Drivers/STM32F1xx_HAL_Driver/Src/stm32f1xx_ll_usb.c ****                             (((uint32_t)hc->data_pid << 29) & USB_OTG_HCTSIZ_DPID);
1640:Drivers/STM32F1xx_HAL_Driver/Src/stm32f1xx_ll_usb.c **** 
1641:Drivers/STM32F1xx_HAL_Driver/Src/stm32f1xx_ll_usb.c ****   is_oddframe = (((uint32_t)USBx_HOST->HFNUM & 0x01U) != 0U) ? 0U : 1U;
1642:Drivers/STM32F1xx_HAL_Driver/Src/stm32f1xx_ll_usb.c ****   USBx_HC(ch_num)->HCCHAR &= ~USB_OTG_HCCHAR_ODDFRM;
1643:Drivers/STM32F1xx_HAL_Driver/Src/stm32f1xx_ll_usb.c ****   USBx_HC(ch_num)->HCCHAR |= (uint32_t)is_oddframe << 29;
1644:Drivers/STM32F1xx_HAL_Driver/Src/stm32f1xx_ll_usb.c **** 
1645:Drivers/STM32F1xx_HAL_Driver/Src/stm32f1xx_ll_usb.c ****   /* Set host channel enable */
1646:Drivers/STM32F1xx_HAL_Driver/Src/stm32f1xx_ll_usb.c ****   tmpreg = USBx_HC(ch_num)->HCCHAR;
1647:Drivers/STM32F1xx_HAL_Driver/Src/stm32f1xx_ll_usb.c ****   tmpreg &= ~USB_OTG_HCCHAR_CHDIS;
1648:Drivers/STM32F1xx_HAL_Driver/Src/stm32f1xx_ll_usb.c **** 
1649:Drivers/STM32F1xx_HAL_Driver/Src/stm32f1xx_ll_usb.c ****   /* make sure to set the correct ep direction */
1650:Drivers/STM32F1xx_HAL_Driver/Src/stm32f1xx_ll_usb.c ****   if (hc->ep_is_in != 0U)
1651:Drivers/STM32F1xx_HAL_Driver/Src/stm32f1xx_ll_usb.c ****   {
1652:Drivers/STM32F1xx_HAL_Driver/Src/stm32f1xx_ll_usb.c ****     tmpreg |= USB_OTG_HCCHAR_EPDIR;
1653:Drivers/STM32F1xx_HAL_Driver/Src/stm32f1xx_ll_usb.c ****   }
1654:Drivers/STM32F1xx_HAL_Driver/Src/stm32f1xx_ll_usb.c ****   else
1655:Drivers/STM32F1xx_HAL_Driver/Src/stm32f1xx_ll_usb.c ****   {
1656:Drivers/STM32F1xx_HAL_Driver/Src/stm32f1xx_ll_usb.c ****     tmpreg &= ~USB_OTG_HCCHAR_EPDIR;
1657:Drivers/STM32F1xx_HAL_Driver/Src/stm32f1xx_ll_usb.c ****   }
1658:Drivers/STM32F1xx_HAL_Driver/Src/stm32f1xx_ll_usb.c ****   tmpreg |= USB_OTG_HCCHAR_CHENA;
1659:Drivers/STM32F1xx_HAL_Driver/Src/stm32f1xx_ll_usb.c ****   USBx_HC(ch_num)->HCCHAR = tmpreg;
1660:Drivers/STM32F1xx_HAL_Driver/Src/stm32f1xx_ll_usb.c **** 
1661:Drivers/STM32F1xx_HAL_Driver/Src/stm32f1xx_ll_usb.c ****   if ((hc->ep_is_in == 0U) && (hc->xfer_len > 0U))
1662:Drivers/STM32F1xx_HAL_Driver/Src/stm32f1xx_ll_usb.c ****   {
1663:Drivers/STM32F1xx_HAL_Driver/Src/stm32f1xx_ll_usb.c ****     switch (hc->ep_type)
1664:Drivers/STM32F1xx_HAL_Driver/Src/stm32f1xx_ll_usb.c ****     {
1665:Drivers/STM32F1xx_HAL_Driver/Src/stm32f1xx_ll_usb.c ****       /* Non periodic transfer */
1666:Drivers/STM32F1xx_HAL_Driver/Src/stm32f1xx_ll_usb.c ****       case EP_TYPE_CTRL:
1667:Drivers/STM32F1xx_HAL_Driver/Src/stm32f1xx_ll_usb.c ****       case EP_TYPE_BULK:
1668:Drivers/STM32F1xx_HAL_Driver/Src/stm32f1xx_ll_usb.c **** 
1669:Drivers/STM32F1xx_HAL_Driver/Src/stm32f1xx_ll_usb.c ****         len_words = (uint16_t)((hc->xfer_len + 3U) / 4U);
1670:Drivers/STM32F1xx_HAL_Driver/Src/stm32f1xx_ll_usb.c **** 
1671:Drivers/STM32F1xx_HAL_Driver/Src/stm32f1xx_ll_usb.c ****         /* check if there is enough space in FIFO space */
1672:Drivers/STM32F1xx_HAL_Driver/Src/stm32f1xx_ll_usb.c ****         if (len_words > (USBx->HNPTXSTS & 0xFFFFU))
1673:Drivers/STM32F1xx_HAL_Driver/Src/stm32f1xx_ll_usb.c ****         {
1674:Drivers/STM32F1xx_HAL_Driver/Src/stm32f1xx_ll_usb.c ****           /* need to process data in nptxfempty interrupt */
1675:Drivers/STM32F1xx_HAL_Driver/Src/stm32f1xx_ll_usb.c ****           USBx->GINTMSK |= USB_OTG_GINTMSK_NPTXFEM;
1676:Drivers/STM32F1xx_HAL_Driver/Src/stm32f1xx_ll_usb.c ****         }
1677:Drivers/STM32F1xx_HAL_Driver/Src/stm32f1xx_ll_usb.c ****         break;
1678:Drivers/STM32F1xx_HAL_Driver/Src/stm32f1xx_ll_usb.c **** 
1679:Drivers/STM32F1xx_HAL_Driver/Src/stm32f1xx_ll_usb.c ****       /* Periodic transfer */
1680:Drivers/STM32F1xx_HAL_Driver/Src/stm32f1xx_ll_usb.c ****       case EP_TYPE_INTR:
1681:Drivers/STM32F1xx_HAL_Driver/Src/stm32f1xx_ll_usb.c ****       case EP_TYPE_ISOC:
1682:Drivers/STM32F1xx_HAL_Driver/Src/stm32f1xx_ll_usb.c ****         len_words = (uint16_t)((hc->xfer_len + 3U) / 4U);
1683:Drivers/STM32F1xx_HAL_Driver/Src/stm32f1xx_ll_usb.c ****         /* check if there is enough space in FIFO space */
1684:Drivers/STM32F1xx_HAL_Driver/Src/stm32f1xx_ll_usb.c ****         if (len_words > (USBx_HOST->HPTXSTS & 0xFFFFU)) /* split the transfer */
ARM GAS  C:\Users\subdia\AppData\Local\Temp\ccmLEiFj.s 			page 31


1685:Drivers/STM32F1xx_HAL_Driver/Src/stm32f1xx_ll_usb.c ****         {
1686:Drivers/STM32F1xx_HAL_Driver/Src/stm32f1xx_ll_usb.c ****           /* need to process data in ptxfempty interrupt */
1687:Drivers/STM32F1xx_HAL_Driver/Src/stm32f1xx_ll_usb.c ****           USBx->GINTMSK |= USB_OTG_GINTMSK_PTXFEM;
1688:Drivers/STM32F1xx_HAL_Driver/Src/stm32f1xx_ll_usb.c ****         }
1689:Drivers/STM32F1xx_HAL_Driver/Src/stm32f1xx_ll_usb.c ****         break;
1690:Drivers/STM32F1xx_HAL_Driver/Src/stm32f1xx_ll_usb.c **** 
1691:Drivers/STM32F1xx_HAL_Driver/Src/stm32f1xx_ll_usb.c ****       default:
1692:Drivers/STM32F1xx_HAL_Driver/Src/stm32f1xx_ll_usb.c ****         break;
1693:Drivers/STM32F1xx_HAL_Driver/Src/stm32f1xx_ll_usb.c ****     }
1694:Drivers/STM32F1xx_HAL_Driver/Src/stm32f1xx_ll_usb.c **** 
1695:Drivers/STM32F1xx_HAL_Driver/Src/stm32f1xx_ll_usb.c ****     /* Write packet into the Tx FIFO. */
1696:Drivers/STM32F1xx_HAL_Driver/Src/stm32f1xx_ll_usb.c ****     (void)USB_WritePacket(USBx, hc->xfer_buff, hc->ch_num, (uint16_t)hc->xfer_len);
1697:Drivers/STM32F1xx_HAL_Driver/Src/stm32f1xx_ll_usb.c ****   }
1698:Drivers/STM32F1xx_HAL_Driver/Src/stm32f1xx_ll_usb.c **** 
1699:Drivers/STM32F1xx_HAL_Driver/Src/stm32f1xx_ll_usb.c ****   return HAL_OK;
1700:Drivers/STM32F1xx_HAL_Driver/Src/stm32f1xx_ll_usb.c **** }
1701:Drivers/STM32F1xx_HAL_Driver/Src/stm32f1xx_ll_usb.c **** 
1702:Drivers/STM32F1xx_HAL_Driver/Src/stm32f1xx_ll_usb.c **** /**
1703:Drivers/STM32F1xx_HAL_Driver/Src/stm32f1xx_ll_usb.c ****   * @brief Read all host channel interrupts status
1704:Drivers/STM32F1xx_HAL_Driver/Src/stm32f1xx_ll_usb.c ****   * @param  USBx  Selected device
1705:Drivers/STM32F1xx_HAL_Driver/Src/stm32f1xx_ll_usb.c ****   * @retval HAL state
1706:Drivers/STM32F1xx_HAL_Driver/Src/stm32f1xx_ll_usb.c ****   */
1707:Drivers/STM32F1xx_HAL_Driver/Src/stm32f1xx_ll_usb.c **** uint32_t USB_HC_ReadInterrupt(const USB_OTG_GlobalTypeDef *USBx)
1708:Drivers/STM32F1xx_HAL_Driver/Src/stm32f1xx_ll_usb.c **** {
1709:Drivers/STM32F1xx_HAL_Driver/Src/stm32f1xx_ll_usb.c ****   uint32_t USBx_BASE = (uint32_t)USBx;
1710:Drivers/STM32F1xx_HAL_Driver/Src/stm32f1xx_ll_usb.c **** 
1711:Drivers/STM32F1xx_HAL_Driver/Src/stm32f1xx_ll_usb.c ****   return ((USBx_HOST->HAINT) & 0xFFFFU);
1712:Drivers/STM32F1xx_HAL_Driver/Src/stm32f1xx_ll_usb.c **** }
1713:Drivers/STM32F1xx_HAL_Driver/Src/stm32f1xx_ll_usb.c **** 
1714:Drivers/STM32F1xx_HAL_Driver/Src/stm32f1xx_ll_usb.c **** /**
1715:Drivers/STM32F1xx_HAL_Driver/Src/stm32f1xx_ll_usb.c ****   * @brief  Halt a host channel
1716:Drivers/STM32F1xx_HAL_Driver/Src/stm32f1xx_ll_usb.c ****   * @param  USBx  Selected device
1717:Drivers/STM32F1xx_HAL_Driver/Src/stm32f1xx_ll_usb.c ****   * @param  hc_num  Host Channel number
1718:Drivers/STM32F1xx_HAL_Driver/Src/stm32f1xx_ll_usb.c ****   *         This parameter can be a value from 1 to 15
1719:Drivers/STM32F1xx_HAL_Driver/Src/stm32f1xx_ll_usb.c ****   * @retval HAL state
1720:Drivers/STM32F1xx_HAL_Driver/Src/stm32f1xx_ll_usb.c ****   */
1721:Drivers/STM32F1xx_HAL_Driver/Src/stm32f1xx_ll_usb.c **** HAL_StatusTypeDef USB_HC_Halt(const USB_OTG_GlobalTypeDef *USBx, uint8_t hc_num)
1722:Drivers/STM32F1xx_HAL_Driver/Src/stm32f1xx_ll_usb.c **** {
1723:Drivers/STM32F1xx_HAL_Driver/Src/stm32f1xx_ll_usb.c ****   uint32_t USBx_BASE = (uint32_t)USBx;
1724:Drivers/STM32F1xx_HAL_Driver/Src/stm32f1xx_ll_usb.c ****   uint32_t hcnum = (uint32_t)hc_num;
1725:Drivers/STM32F1xx_HAL_Driver/Src/stm32f1xx_ll_usb.c ****   __IO uint32_t count = 0U;
1726:Drivers/STM32F1xx_HAL_Driver/Src/stm32f1xx_ll_usb.c ****   uint32_t HcEpType = (USBx_HC(hcnum)->HCCHAR & USB_OTG_HCCHAR_EPTYP) >> 18;
1727:Drivers/STM32F1xx_HAL_Driver/Src/stm32f1xx_ll_usb.c ****   uint32_t ChannelEna = (USBx_HC(hcnum)->HCCHAR & USB_OTG_HCCHAR_CHENA) >> 31;
1728:Drivers/STM32F1xx_HAL_Driver/Src/stm32f1xx_ll_usb.c ****   uint32_t SplitEna = (USBx_HC(hcnum)->HCSPLT & USB_OTG_HCSPLT_SPLITEN) >> 31;
1729:Drivers/STM32F1xx_HAL_Driver/Src/stm32f1xx_ll_usb.c **** 
1730:Drivers/STM32F1xx_HAL_Driver/Src/stm32f1xx_ll_usb.c ****   /* In buffer DMA, Channel disable must not be programmed for non-split periodic channels.
1731:Drivers/STM32F1xx_HAL_Driver/Src/stm32f1xx_ll_usb.c ****      At the end of the next uframe/frame (in the worst case), the core generates a channel halted
1732:Drivers/STM32F1xx_HAL_Driver/Src/stm32f1xx_ll_usb.c ****      and disables the channel automatically. */
1733:Drivers/STM32F1xx_HAL_Driver/Src/stm32f1xx_ll_usb.c **** 
1734:Drivers/STM32F1xx_HAL_Driver/Src/stm32f1xx_ll_usb.c ****   if ((((USBx->GAHBCFG & USB_OTG_GAHBCFG_DMAEN) == USB_OTG_GAHBCFG_DMAEN) && (SplitEna == 0U)) &&
1735:Drivers/STM32F1xx_HAL_Driver/Src/stm32f1xx_ll_usb.c ****       ((ChannelEna == 0U) || (((HcEpType == HCCHAR_ISOC) || (HcEpType == HCCHAR_INTR)))))
1736:Drivers/STM32F1xx_HAL_Driver/Src/stm32f1xx_ll_usb.c ****   {
1737:Drivers/STM32F1xx_HAL_Driver/Src/stm32f1xx_ll_usb.c ****     return HAL_OK;
1738:Drivers/STM32F1xx_HAL_Driver/Src/stm32f1xx_ll_usb.c ****   }
1739:Drivers/STM32F1xx_HAL_Driver/Src/stm32f1xx_ll_usb.c **** 
1740:Drivers/STM32F1xx_HAL_Driver/Src/stm32f1xx_ll_usb.c ****   /* Check for space in the request queue to issue the halt. */
1741:Drivers/STM32F1xx_HAL_Driver/Src/stm32f1xx_ll_usb.c ****   if ((HcEpType == HCCHAR_CTRL) || (HcEpType == HCCHAR_BULK))
ARM GAS  C:\Users\subdia\AppData\Local\Temp\ccmLEiFj.s 			page 32


1742:Drivers/STM32F1xx_HAL_Driver/Src/stm32f1xx_ll_usb.c ****   {
1743:Drivers/STM32F1xx_HAL_Driver/Src/stm32f1xx_ll_usb.c ****     USBx_HC(hcnum)->HCCHAR |= USB_OTG_HCCHAR_CHDIS;
1744:Drivers/STM32F1xx_HAL_Driver/Src/stm32f1xx_ll_usb.c **** 
1745:Drivers/STM32F1xx_HAL_Driver/Src/stm32f1xx_ll_usb.c ****     if ((USBx->GAHBCFG & USB_OTG_GAHBCFG_DMAEN) == 0U)
1746:Drivers/STM32F1xx_HAL_Driver/Src/stm32f1xx_ll_usb.c ****     {
1747:Drivers/STM32F1xx_HAL_Driver/Src/stm32f1xx_ll_usb.c ****       if ((USBx->HNPTXSTS & (0xFFU << 16)) == 0U)
1748:Drivers/STM32F1xx_HAL_Driver/Src/stm32f1xx_ll_usb.c ****       {
1749:Drivers/STM32F1xx_HAL_Driver/Src/stm32f1xx_ll_usb.c ****         USBx_HC(hcnum)->HCCHAR &= ~USB_OTG_HCCHAR_CHENA;
1750:Drivers/STM32F1xx_HAL_Driver/Src/stm32f1xx_ll_usb.c ****         USBx_HC(hcnum)->HCCHAR |= USB_OTG_HCCHAR_CHENA;
1751:Drivers/STM32F1xx_HAL_Driver/Src/stm32f1xx_ll_usb.c ****         do
1752:Drivers/STM32F1xx_HAL_Driver/Src/stm32f1xx_ll_usb.c ****         {
1753:Drivers/STM32F1xx_HAL_Driver/Src/stm32f1xx_ll_usb.c ****           count++;
1754:Drivers/STM32F1xx_HAL_Driver/Src/stm32f1xx_ll_usb.c **** 
1755:Drivers/STM32F1xx_HAL_Driver/Src/stm32f1xx_ll_usb.c ****           if (count > 1000U)
1756:Drivers/STM32F1xx_HAL_Driver/Src/stm32f1xx_ll_usb.c ****           {
1757:Drivers/STM32F1xx_HAL_Driver/Src/stm32f1xx_ll_usb.c ****             break;
1758:Drivers/STM32F1xx_HAL_Driver/Src/stm32f1xx_ll_usb.c ****           }
1759:Drivers/STM32F1xx_HAL_Driver/Src/stm32f1xx_ll_usb.c ****         } while ((USBx_HC(hcnum)->HCCHAR & USB_OTG_HCCHAR_CHENA) == USB_OTG_HCCHAR_CHENA);
1760:Drivers/STM32F1xx_HAL_Driver/Src/stm32f1xx_ll_usb.c ****       }
1761:Drivers/STM32F1xx_HAL_Driver/Src/stm32f1xx_ll_usb.c ****       else
1762:Drivers/STM32F1xx_HAL_Driver/Src/stm32f1xx_ll_usb.c ****       {
1763:Drivers/STM32F1xx_HAL_Driver/Src/stm32f1xx_ll_usb.c ****         USBx_HC(hcnum)->HCCHAR |= USB_OTG_HCCHAR_CHENA;
1764:Drivers/STM32F1xx_HAL_Driver/Src/stm32f1xx_ll_usb.c ****       }
1765:Drivers/STM32F1xx_HAL_Driver/Src/stm32f1xx_ll_usb.c ****     }
1766:Drivers/STM32F1xx_HAL_Driver/Src/stm32f1xx_ll_usb.c ****     else
1767:Drivers/STM32F1xx_HAL_Driver/Src/stm32f1xx_ll_usb.c ****     {
1768:Drivers/STM32F1xx_HAL_Driver/Src/stm32f1xx_ll_usb.c ****       USBx_HC(hcnum)->HCCHAR |= USB_OTG_HCCHAR_CHENA;
1769:Drivers/STM32F1xx_HAL_Driver/Src/stm32f1xx_ll_usb.c ****     }
1770:Drivers/STM32F1xx_HAL_Driver/Src/stm32f1xx_ll_usb.c ****   }
1771:Drivers/STM32F1xx_HAL_Driver/Src/stm32f1xx_ll_usb.c ****   else
1772:Drivers/STM32F1xx_HAL_Driver/Src/stm32f1xx_ll_usb.c ****   {
1773:Drivers/STM32F1xx_HAL_Driver/Src/stm32f1xx_ll_usb.c ****     USBx_HC(hcnum)->HCCHAR |= USB_OTG_HCCHAR_CHDIS;
1774:Drivers/STM32F1xx_HAL_Driver/Src/stm32f1xx_ll_usb.c **** 
1775:Drivers/STM32F1xx_HAL_Driver/Src/stm32f1xx_ll_usb.c ****     if ((USBx_HOST->HPTXSTS & (0xFFU << 16)) == 0U)
1776:Drivers/STM32F1xx_HAL_Driver/Src/stm32f1xx_ll_usb.c ****     {
1777:Drivers/STM32F1xx_HAL_Driver/Src/stm32f1xx_ll_usb.c ****       USBx_HC(hcnum)->HCCHAR &= ~USB_OTG_HCCHAR_CHENA;
1778:Drivers/STM32F1xx_HAL_Driver/Src/stm32f1xx_ll_usb.c ****       USBx_HC(hcnum)->HCCHAR |= USB_OTG_HCCHAR_CHENA;
1779:Drivers/STM32F1xx_HAL_Driver/Src/stm32f1xx_ll_usb.c ****       do
1780:Drivers/STM32F1xx_HAL_Driver/Src/stm32f1xx_ll_usb.c ****       {
1781:Drivers/STM32F1xx_HAL_Driver/Src/stm32f1xx_ll_usb.c ****         count++;
1782:Drivers/STM32F1xx_HAL_Driver/Src/stm32f1xx_ll_usb.c **** 
1783:Drivers/STM32F1xx_HAL_Driver/Src/stm32f1xx_ll_usb.c ****         if (count > 1000U)
1784:Drivers/STM32F1xx_HAL_Driver/Src/stm32f1xx_ll_usb.c ****         {
1785:Drivers/STM32F1xx_HAL_Driver/Src/stm32f1xx_ll_usb.c ****           break;
1786:Drivers/STM32F1xx_HAL_Driver/Src/stm32f1xx_ll_usb.c ****         }
1787:Drivers/STM32F1xx_HAL_Driver/Src/stm32f1xx_ll_usb.c ****       } while ((USBx_HC(hcnum)->HCCHAR & USB_OTG_HCCHAR_CHENA) == USB_OTG_HCCHAR_CHENA);
1788:Drivers/STM32F1xx_HAL_Driver/Src/stm32f1xx_ll_usb.c ****     }
1789:Drivers/STM32F1xx_HAL_Driver/Src/stm32f1xx_ll_usb.c ****     else
1790:Drivers/STM32F1xx_HAL_Driver/Src/stm32f1xx_ll_usb.c ****     {
1791:Drivers/STM32F1xx_HAL_Driver/Src/stm32f1xx_ll_usb.c ****       USBx_HC(hcnum)->HCCHAR |= USB_OTG_HCCHAR_CHENA;
1792:Drivers/STM32F1xx_HAL_Driver/Src/stm32f1xx_ll_usb.c ****     }
1793:Drivers/STM32F1xx_HAL_Driver/Src/stm32f1xx_ll_usb.c ****   }
1794:Drivers/STM32F1xx_HAL_Driver/Src/stm32f1xx_ll_usb.c **** 
1795:Drivers/STM32F1xx_HAL_Driver/Src/stm32f1xx_ll_usb.c ****   return HAL_OK;
1796:Drivers/STM32F1xx_HAL_Driver/Src/stm32f1xx_ll_usb.c **** }
1797:Drivers/STM32F1xx_HAL_Driver/Src/stm32f1xx_ll_usb.c **** 
1798:Drivers/STM32F1xx_HAL_Driver/Src/stm32f1xx_ll_usb.c **** /**
ARM GAS  C:\Users\subdia\AppData\Local\Temp\ccmLEiFj.s 			page 33


1799:Drivers/STM32F1xx_HAL_Driver/Src/stm32f1xx_ll_usb.c ****   * @brief  Initiate Do Ping protocol
1800:Drivers/STM32F1xx_HAL_Driver/Src/stm32f1xx_ll_usb.c ****   * @param  USBx  Selected device
1801:Drivers/STM32F1xx_HAL_Driver/Src/stm32f1xx_ll_usb.c ****   * @param  hc_num  Host Channel number
1802:Drivers/STM32F1xx_HAL_Driver/Src/stm32f1xx_ll_usb.c ****   *         This parameter can be a value from 1 to 15
1803:Drivers/STM32F1xx_HAL_Driver/Src/stm32f1xx_ll_usb.c ****   * @retval HAL state
1804:Drivers/STM32F1xx_HAL_Driver/Src/stm32f1xx_ll_usb.c ****   */
1805:Drivers/STM32F1xx_HAL_Driver/Src/stm32f1xx_ll_usb.c **** HAL_StatusTypeDef USB_DoPing(const USB_OTG_GlobalTypeDef *USBx, uint8_t ch_num)
1806:Drivers/STM32F1xx_HAL_Driver/Src/stm32f1xx_ll_usb.c **** {
1807:Drivers/STM32F1xx_HAL_Driver/Src/stm32f1xx_ll_usb.c ****   uint32_t USBx_BASE = (uint32_t)USBx;
1808:Drivers/STM32F1xx_HAL_Driver/Src/stm32f1xx_ll_usb.c ****   uint32_t chnum = (uint32_t)ch_num;
1809:Drivers/STM32F1xx_HAL_Driver/Src/stm32f1xx_ll_usb.c ****   uint32_t num_packets = 1U;
1810:Drivers/STM32F1xx_HAL_Driver/Src/stm32f1xx_ll_usb.c ****   uint32_t tmpreg;
1811:Drivers/STM32F1xx_HAL_Driver/Src/stm32f1xx_ll_usb.c **** 
1812:Drivers/STM32F1xx_HAL_Driver/Src/stm32f1xx_ll_usb.c ****   USBx_HC(chnum)->HCTSIZ = ((num_packets << 19) & USB_OTG_HCTSIZ_PKTCNT) |
1813:Drivers/STM32F1xx_HAL_Driver/Src/stm32f1xx_ll_usb.c ****                            USB_OTG_HCTSIZ_DOPING;
1814:Drivers/STM32F1xx_HAL_Driver/Src/stm32f1xx_ll_usb.c **** 
1815:Drivers/STM32F1xx_HAL_Driver/Src/stm32f1xx_ll_usb.c ****   /* Set host channel enable */
1816:Drivers/STM32F1xx_HAL_Driver/Src/stm32f1xx_ll_usb.c ****   tmpreg = USBx_HC(chnum)->HCCHAR;
1817:Drivers/STM32F1xx_HAL_Driver/Src/stm32f1xx_ll_usb.c ****   tmpreg &= ~USB_OTG_HCCHAR_CHDIS;
1818:Drivers/STM32F1xx_HAL_Driver/Src/stm32f1xx_ll_usb.c ****   tmpreg |= USB_OTG_HCCHAR_CHENA;
1819:Drivers/STM32F1xx_HAL_Driver/Src/stm32f1xx_ll_usb.c ****   USBx_HC(chnum)->HCCHAR = tmpreg;
1820:Drivers/STM32F1xx_HAL_Driver/Src/stm32f1xx_ll_usb.c **** 
1821:Drivers/STM32F1xx_HAL_Driver/Src/stm32f1xx_ll_usb.c ****   return HAL_OK;
1822:Drivers/STM32F1xx_HAL_Driver/Src/stm32f1xx_ll_usb.c **** }
1823:Drivers/STM32F1xx_HAL_Driver/Src/stm32f1xx_ll_usb.c **** 
1824:Drivers/STM32F1xx_HAL_Driver/Src/stm32f1xx_ll_usb.c **** /**
1825:Drivers/STM32F1xx_HAL_Driver/Src/stm32f1xx_ll_usb.c ****   * @brief  Stop Host Core
1826:Drivers/STM32F1xx_HAL_Driver/Src/stm32f1xx_ll_usb.c ****   * @param  USBx  Selected device
1827:Drivers/STM32F1xx_HAL_Driver/Src/stm32f1xx_ll_usb.c ****   * @retval HAL state
1828:Drivers/STM32F1xx_HAL_Driver/Src/stm32f1xx_ll_usb.c ****   */
1829:Drivers/STM32F1xx_HAL_Driver/Src/stm32f1xx_ll_usb.c **** HAL_StatusTypeDef USB_StopHost(USB_OTG_GlobalTypeDef *USBx)
1830:Drivers/STM32F1xx_HAL_Driver/Src/stm32f1xx_ll_usb.c **** {
1831:Drivers/STM32F1xx_HAL_Driver/Src/stm32f1xx_ll_usb.c ****   HAL_StatusTypeDef ret = HAL_OK;
1832:Drivers/STM32F1xx_HAL_Driver/Src/stm32f1xx_ll_usb.c ****   uint32_t USBx_BASE = (uint32_t)USBx;
1833:Drivers/STM32F1xx_HAL_Driver/Src/stm32f1xx_ll_usb.c ****   __IO uint32_t count = 0U;
1834:Drivers/STM32F1xx_HAL_Driver/Src/stm32f1xx_ll_usb.c ****   uint32_t value;
1835:Drivers/STM32F1xx_HAL_Driver/Src/stm32f1xx_ll_usb.c ****   uint32_t i;
1836:Drivers/STM32F1xx_HAL_Driver/Src/stm32f1xx_ll_usb.c **** 
1837:Drivers/STM32F1xx_HAL_Driver/Src/stm32f1xx_ll_usb.c ****   (void)USB_DisableGlobalInt(USBx);
1838:Drivers/STM32F1xx_HAL_Driver/Src/stm32f1xx_ll_usb.c **** 
1839:Drivers/STM32F1xx_HAL_Driver/Src/stm32f1xx_ll_usb.c ****   /* Flush USB FIFO */
1840:Drivers/STM32F1xx_HAL_Driver/Src/stm32f1xx_ll_usb.c ****   if (USB_FlushTxFifo(USBx, 0x10U) != HAL_OK) /* all Tx FIFOs */
1841:Drivers/STM32F1xx_HAL_Driver/Src/stm32f1xx_ll_usb.c ****   {
1842:Drivers/STM32F1xx_HAL_Driver/Src/stm32f1xx_ll_usb.c ****     ret = HAL_ERROR;
1843:Drivers/STM32F1xx_HAL_Driver/Src/stm32f1xx_ll_usb.c ****   }
1844:Drivers/STM32F1xx_HAL_Driver/Src/stm32f1xx_ll_usb.c **** 
1845:Drivers/STM32F1xx_HAL_Driver/Src/stm32f1xx_ll_usb.c ****   if (USB_FlushRxFifo(USBx) != HAL_OK)
1846:Drivers/STM32F1xx_HAL_Driver/Src/stm32f1xx_ll_usb.c ****   {
1847:Drivers/STM32F1xx_HAL_Driver/Src/stm32f1xx_ll_usb.c ****     ret = HAL_ERROR;
1848:Drivers/STM32F1xx_HAL_Driver/Src/stm32f1xx_ll_usb.c ****   }
1849:Drivers/STM32F1xx_HAL_Driver/Src/stm32f1xx_ll_usb.c **** 
1850:Drivers/STM32F1xx_HAL_Driver/Src/stm32f1xx_ll_usb.c ****   /* Flush out any leftover queued requests. */
1851:Drivers/STM32F1xx_HAL_Driver/Src/stm32f1xx_ll_usb.c ****   for (i = 0U; i <= 15U; i++)
1852:Drivers/STM32F1xx_HAL_Driver/Src/stm32f1xx_ll_usb.c ****   {
1853:Drivers/STM32F1xx_HAL_Driver/Src/stm32f1xx_ll_usb.c ****     value = USBx_HC(i)->HCCHAR;
1854:Drivers/STM32F1xx_HAL_Driver/Src/stm32f1xx_ll_usb.c ****     value |=  USB_OTG_HCCHAR_CHDIS;
1855:Drivers/STM32F1xx_HAL_Driver/Src/stm32f1xx_ll_usb.c ****     value &= ~USB_OTG_HCCHAR_CHENA;
ARM GAS  C:\Users\subdia\AppData\Local\Temp\ccmLEiFj.s 			page 34


1856:Drivers/STM32F1xx_HAL_Driver/Src/stm32f1xx_ll_usb.c ****     value &= ~USB_OTG_HCCHAR_EPDIR;
1857:Drivers/STM32F1xx_HAL_Driver/Src/stm32f1xx_ll_usb.c ****     USBx_HC(i)->HCCHAR = value;
1858:Drivers/STM32F1xx_HAL_Driver/Src/stm32f1xx_ll_usb.c ****   }
1859:Drivers/STM32F1xx_HAL_Driver/Src/stm32f1xx_ll_usb.c **** 
1860:Drivers/STM32F1xx_HAL_Driver/Src/stm32f1xx_ll_usb.c ****   /* Halt all channels to put them into a known state. */
1861:Drivers/STM32F1xx_HAL_Driver/Src/stm32f1xx_ll_usb.c ****   for (i = 0U; i <= 15U; i++)
1862:Drivers/STM32F1xx_HAL_Driver/Src/stm32f1xx_ll_usb.c ****   {
1863:Drivers/STM32F1xx_HAL_Driver/Src/stm32f1xx_ll_usb.c ****     value = USBx_HC(i)->HCCHAR;
1864:Drivers/STM32F1xx_HAL_Driver/Src/stm32f1xx_ll_usb.c ****     value |= USB_OTG_HCCHAR_CHDIS;
1865:Drivers/STM32F1xx_HAL_Driver/Src/stm32f1xx_ll_usb.c ****     value |= USB_OTG_HCCHAR_CHENA;
1866:Drivers/STM32F1xx_HAL_Driver/Src/stm32f1xx_ll_usb.c ****     value &= ~USB_OTG_HCCHAR_EPDIR;
1867:Drivers/STM32F1xx_HAL_Driver/Src/stm32f1xx_ll_usb.c ****     USBx_HC(i)->HCCHAR = value;
1868:Drivers/STM32F1xx_HAL_Driver/Src/stm32f1xx_ll_usb.c **** 
1869:Drivers/STM32F1xx_HAL_Driver/Src/stm32f1xx_ll_usb.c ****     do
1870:Drivers/STM32F1xx_HAL_Driver/Src/stm32f1xx_ll_usb.c ****     {
1871:Drivers/STM32F1xx_HAL_Driver/Src/stm32f1xx_ll_usb.c ****       count++;
1872:Drivers/STM32F1xx_HAL_Driver/Src/stm32f1xx_ll_usb.c **** 
1873:Drivers/STM32F1xx_HAL_Driver/Src/stm32f1xx_ll_usb.c ****       if (count > 1000U)
1874:Drivers/STM32F1xx_HAL_Driver/Src/stm32f1xx_ll_usb.c ****       {
1875:Drivers/STM32F1xx_HAL_Driver/Src/stm32f1xx_ll_usb.c ****         break;
1876:Drivers/STM32F1xx_HAL_Driver/Src/stm32f1xx_ll_usb.c ****       }
1877:Drivers/STM32F1xx_HAL_Driver/Src/stm32f1xx_ll_usb.c ****     } while ((USBx_HC(i)->HCCHAR & USB_OTG_HCCHAR_CHENA) == USB_OTG_HCCHAR_CHENA);
1878:Drivers/STM32F1xx_HAL_Driver/Src/stm32f1xx_ll_usb.c ****   }
1879:Drivers/STM32F1xx_HAL_Driver/Src/stm32f1xx_ll_usb.c **** 
1880:Drivers/STM32F1xx_HAL_Driver/Src/stm32f1xx_ll_usb.c ****   /* Clear any pending Host interrupts */
1881:Drivers/STM32F1xx_HAL_Driver/Src/stm32f1xx_ll_usb.c ****   USBx_HOST->HAINT = CLEAR_INTERRUPT_MASK;
1882:Drivers/STM32F1xx_HAL_Driver/Src/stm32f1xx_ll_usb.c ****   USBx->GINTSTS = CLEAR_INTERRUPT_MASK;
1883:Drivers/STM32F1xx_HAL_Driver/Src/stm32f1xx_ll_usb.c **** 
1884:Drivers/STM32F1xx_HAL_Driver/Src/stm32f1xx_ll_usb.c ****   (void)USB_EnableGlobalInt(USBx);
1885:Drivers/STM32F1xx_HAL_Driver/Src/stm32f1xx_ll_usb.c **** 
1886:Drivers/STM32F1xx_HAL_Driver/Src/stm32f1xx_ll_usb.c ****   return ret;
1887:Drivers/STM32F1xx_HAL_Driver/Src/stm32f1xx_ll_usb.c **** }
1888:Drivers/STM32F1xx_HAL_Driver/Src/stm32f1xx_ll_usb.c **** 
1889:Drivers/STM32F1xx_HAL_Driver/Src/stm32f1xx_ll_usb.c **** /**
1890:Drivers/STM32F1xx_HAL_Driver/Src/stm32f1xx_ll_usb.c ****   * @brief  USB_ActivateRemoteWakeup active remote wakeup signalling
1891:Drivers/STM32F1xx_HAL_Driver/Src/stm32f1xx_ll_usb.c ****   * @param  USBx Selected device
1892:Drivers/STM32F1xx_HAL_Driver/Src/stm32f1xx_ll_usb.c ****   * @retval HAL status
1893:Drivers/STM32F1xx_HAL_Driver/Src/stm32f1xx_ll_usb.c ****   */
1894:Drivers/STM32F1xx_HAL_Driver/Src/stm32f1xx_ll_usb.c **** HAL_StatusTypeDef USB_ActivateRemoteWakeup(const USB_OTG_GlobalTypeDef *USBx)
1895:Drivers/STM32F1xx_HAL_Driver/Src/stm32f1xx_ll_usb.c **** {
1896:Drivers/STM32F1xx_HAL_Driver/Src/stm32f1xx_ll_usb.c ****   uint32_t USBx_BASE = (uint32_t)USBx;
1897:Drivers/STM32F1xx_HAL_Driver/Src/stm32f1xx_ll_usb.c **** 
1898:Drivers/STM32F1xx_HAL_Driver/Src/stm32f1xx_ll_usb.c ****   if ((USBx_DEVICE->DSTS & USB_OTG_DSTS_SUSPSTS) == USB_OTG_DSTS_SUSPSTS)
1899:Drivers/STM32F1xx_HAL_Driver/Src/stm32f1xx_ll_usb.c ****   {
1900:Drivers/STM32F1xx_HAL_Driver/Src/stm32f1xx_ll_usb.c ****     /* active Remote wakeup signalling */
1901:Drivers/STM32F1xx_HAL_Driver/Src/stm32f1xx_ll_usb.c ****     USBx_DEVICE->DCTL |= USB_OTG_DCTL_RWUSIG;
1902:Drivers/STM32F1xx_HAL_Driver/Src/stm32f1xx_ll_usb.c ****   }
1903:Drivers/STM32F1xx_HAL_Driver/Src/stm32f1xx_ll_usb.c **** 
1904:Drivers/STM32F1xx_HAL_Driver/Src/stm32f1xx_ll_usb.c ****   return HAL_OK;
1905:Drivers/STM32F1xx_HAL_Driver/Src/stm32f1xx_ll_usb.c **** }
1906:Drivers/STM32F1xx_HAL_Driver/Src/stm32f1xx_ll_usb.c **** 
1907:Drivers/STM32F1xx_HAL_Driver/Src/stm32f1xx_ll_usb.c **** /**
1908:Drivers/STM32F1xx_HAL_Driver/Src/stm32f1xx_ll_usb.c ****   * @brief  USB_DeActivateRemoteWakeup de-active remote wakeup signalling
1909:Drivers/STM32F1xx_HAL_Driver/Src/stm32f1xx_ll_usb.c ****   * @param  USBx Selected device
1910:Drivers/STM32F1xx_HAL_Driver/Src/stm32f1xx_ll_usb.c ****   * @retval HAL status
1911:Drivers/STM32F1xx_HAL_Driver/Src/stm32f1xx_ll_usb.c ****   */
1912:Drivers/STM32F1xx_HAL_Driver/Src/stm32f1xx_ll_usb.c **** HAL_StatusTypeDef USB_DeActivateRemoteWakeup(const USB_OTG_GlobalTypeDef *USBx)
ARM GAS  C:\Users\subdia\AppData\Local\Temp\ccmLEiFj.s 			page 35


1913:Drivers/STM32F1xx_HAL_Driver/Src/stm32f1xx_ll_usb.c **** {
1914:Drivers/STM32F1xx_HAL_Driver/Src/stm32f1xx_ll_usb.c ****   uint32_t USBx_BASE = (uint32_t)USBx;
1915:Drivers/STM32F1xx_HAL_Driver/Src/stm32f1xx_ll_usb.c **** 
1916:Drivers/STM32F1xx_HAL_Driver/Src/stm32f1xx_ll_usb.c ****   /* active Remote wakeup signalling */
1917:Drivers/STM32F1xx_HAL_Driver/Src/stm32f1xx_ll_usb.c ****   USBx_DEVICE->DCTL &= ~(USB_OTG_DCTL_RWUSIG);
1918:Drivers/STM32F1xx_HAL_Driver/Src/stm32f1xx_ll_usb.c **** 
1919:Drivers/STM32F1xx_HAL_Driver/Src/stm32f1xx_ll_usb.c ****   return HAL_OK;
1920:Drivers/STM32F1xx_HAL_Driver/Src/stm32f1xx_ll_usb.c **** }
1921:Drivers/STM32F1xx_HAL_Driver/Src/stm32f1xx_ll_usb.c **** #endif /* defined (USB_OTG_FS) */
1922:Drivers/STM32F1xx_HAL_Driver/Src/stm32f1xx_ll_usb.c **** 
1923:Drivers/STM32F1xx_HAL_Driver/Src/stm32f1xx_ll_usb.c **** #if defined (USB)
1924:Drivers/STM32F1xx_HAL_Driver/Src/stm32f1xx_ll_usb.c **** /**
1925:Drivers/STM32F1xx_HAL_Driver/Src/stm32f1xx_ll_usb.c ****   * @brief  Initializes the USB Core
1926:Drivers/STM32F1xx_HAL_Driver/Src/stm32f1xx_ll_usb.c ****   * @param  USBx USB Instance
1927:Drivers/STM32F1xx_HAL_Driver/Src/stm32f1xx_ll_usb.c ****   * @param  cfg pointer to a USB_CfgTypeDef structure that contains
1928:Drivers/STM32F1xx_HAL_Driver/Src/stm32f1xx_ll_usb.c ****   *         the configuration information for the specified USBx peripheral.
1929:Drivers/STM32F1xx_HAL_Driver/Src/stm32f1xx_ll_usb.c ****   * @retval HAL status
1930:Drivers/STM32F1xx_HAL_Driver/Src/stm32f1xx_ll_usb.c ****   */
1931:Drivers/STM32F1xx_HAL_Driver/Src/stm32f1xx_ll_usb.c **** HAL_StatusTypeDef USB_CoreInit(USB_TypeDef *USBx, USB_CfgTypeDef cfg)
1932:Drivers/STM32F1xx_HAL_Driver/Src/stm32f1xx_ll_usb.c **** {
  28              		.loc 1 1932 1 view -0
  29              		.cfi_startproc
  30              		@ args = 0, pretend = 0, frame = 16
  31              		@ frame_needed = 0, uses_anonymous_args = 0
  32              		@ link register save eliminated.
  33              		.loc 1 1932 1 is_stmt 0 view .LVU1
  34 0000 84B0     		sub	sp, sp, #16
  35              	.LCFI0:
  36              		.cfi_def_cfa_offset 16
  37 0002 04A8     		add	r0, sp, #16
  38              	.LVL1:
  39              		.loc 1 1932 1 view .LVU2
  40 0004 00E90E00 		stmdb	r0, {r1, r2, r3}
1933:Drivers/STM32F1xx_HAL_Driver/Src/stm32f1xx_ll_usb.c ****   /* Prevent unused argument(s) compilation warning */
1934:Drivers/STM32F1xx_HAL_Driver/Src/stm32f1xx_ll_usb.c ****   UNUSED(USBx);
  41              		.loc 1 1934 3 is_stmt 1 view .LVU3
1935:Drivers/STM32F1xx_HAL_Driver/Src/stm32f1xx_ll_usb.c ****   UNUSED(cfg);
  42              		.loc 1 1935 3 view .LVU4
1936:Drivers/STM32F1xx_HAL_Driver/Src/stm32f1xx_ll_usb.c **** 
1937:Drivers/STM32F1xx_HAL_Driver/Src/stm32f1xx_ll_usb.c ****   /* NOTE : - This function is not required by USB Device FS peripheral, it is used
1938:Drivers/STM32F1xx_HAL_Driver/Src/stm32f1xx_ll_usb.c ****               only by USB OTG FS peripheral.
1939:Drivers/STM32F1xx_HAL_Driver/Src/stm32f1xx_ll_usb.c ****             - This function is added to ensure compatibility across platforms.
1940:Drivers/STM32F1xx_HAL_Driver/Src/stm32f1xx_ll_usb.c ****    */
1941:Drivers/STM32F1xx_HAL_Driver/Src/stm32f1xx_ll_usb.c **** 
1942:Drivers/STM32F1xx_HAL_Driver/Src/stm32f1xx_ll_usb.c ****   return HAL_OK;
  43              		.loc 1 1942 3 view .LVU5
1943:Drivers/STM32F1xx_HAL_Driver/Src/stm32f1xx_ll_usb.c **** }
  44              		.loc 1 1943 1 is_stmt 0 view .LVU6
  45 0008 0020     		movs	r0, #0
  46 000a 04B0     		add	sp, sp, #16
  47              	.LCFI1:
  48              		.cfi_def_cfa_offset 0
  49              		@ sp needed
  50 000c 7047     		bx	lr
  51              		.cfi_endproc
  52              	.LFE65:
  54              		.section	.text.USB_EnableGlobalInt,"ax",%progbits
ARM GAS  C:\Users\subdia\AppData\Local\Temp\ccmLEiFj.s 			page 36


  55              		.align	1
  56              		.global	USB_EnableGlobalInt
  57              		.syntax unified
  58              		.thumb
  59              		.thumb_func
  61              	USB_EnableGlobalInt:
  62              	.LVL2:
  63              	.LFB66:
1944:Drivers/STM32F1xx_HAL_Driver/Src/stm32f1xx_ll_usb.c **** 
1945:Drivers/STM32F1xx_HAL_Driver/Src/stm32f1xx_ll_usb.c **** /**
1946:Drivers/STM32F1xx_HAL_Driver/Src/stm32f1xx_ll_usb.c ****   * @brief  USB_EnableGlobalInt
1947:Drivers/STM32F1xx_HAL_Driver/Src/stm32f1xx_ll_usb.c ****   *         Enables the controller's Global Int in the AHB Config reg
1948:Drivers/STM32F1xx_HAL_Driver/Src/stm32f1xx_ll_usb.c ****   * @param  USBx Selected device
1949:Drivers/STM32F1xx_HAL_Driver/Src/stm32f1xx_ll_usb.c ****   * @retval HAL status
1950:Drivers/STM32F1xx_HAL_Driver/Src/stm32f1xx_ll_usb.c ****   */
1951:Drivers/STM32F1xx_HAL_Driver/Src/stm32f1xx_ll_usb.c **** HAL_StatusTypeDef USB_EnableGlobalInt(USB_TypeDef *USBx)
1952:Drivers/STM32F1xx_HAL_Driver/Src/stm32f1xx_ll_usb.c **** {
  64              		.loc 1 1952 1 is_stmt 1 view -0
  65              		.cfi_startproc
  66              		@ args = 0, pretend = 0, frame = 0
  67              		@ frame_needed = 0, uses_anonymous_args = 0
  68              		@ link register save eliminated.
  69              		.loc 1 1952 1 is_stmt 0 view .LVU8
  70 0000 0346     		mov	r3, r0
1953:Drivers/STM32F1xx_HAL_Driver/Src/stm32f1xx_ll_usb.c ****   uint32_t winterruptmask;
  71              		.loc 1 1953 3 is_stmt 1 view .LVU9
1954:Drivers/STM32F1xx_HAL_Driver/Src/stm32f1xx_ll_usb.c **** 
1955:Drivers/STM32F1xx_HAL_Driver/Src/stm32f1xx_ll_usb.c ****   /* Clear pending interrupts */
1956:Drivers/STM32F1xx_HAL_Driver/Src/stm32f1xx_ll_usb.c ****   USBx->ISTR = 0U;
  72              		.loc 1 1956 3 view .LVU10
  73              		.loc 1 1956 14 is_stmt 0 view .LVU11
  74 0002 0020     		movs	r0, #0
  75              	.LVL3:
  76              		.loc 1 1956 14 view .LVU12
  77 0004 A3F84400 		strh	r0, [r3, #68]	@ movhi
1957:Drivers/STM32F1xx_HAL_Driver/Src/stm32f1xx_ll_usb.c **** 
1958:Drivers/STM32F1xx_HAL_Driver/Src/stm32f1xx_ll_usb.c ****   /* Set winterruptmask variable */
1959:Drivers/STM32F1xx_HAL_Driver/Src/stm32f1xx_ll_usb.c ****   winterruptmask = USB_CNTR_CTRM  | USB_CNTR_WKUPM |
  78              		.loc 1 1959 3 is_stmt 1 view .LVU13
  79              	.LVL4:
1960:Drivers/STM32F1xx_HAL_Driver/Src/stm32f1xx_ll_usb.c ****                    USB_CNTR_SUSPM | USB_CNTR_ERRM |
1961:Drivers/STM32F1xx_HAL_Driver/Src/stm32f1xx_ll_usb.c ****                    USB_CNTR_SOFM | USB_CNTR_ESOFM |
1962:Drivers/STM32F1xx_HAL_Driver/Src/stm32f1xx_ll_usb.c ****                    USB_CNTR_RESETM;
1963:Drivers/STM32F1xx_HAL_Driver/Src/stm32f1xx_ll_usb.c **** 
1964:Drivers/STM32F1xx_HAL_Driver/Src/stm32f1xx_ll_usb.c ****   /* Set interrupt mask */
1965:Drivers/STM32F1xx_HAL_Driver/Src/stm32f1xx_ll_usb.c ****   USBx->CNTR = (uint16_t)winterruptmask;
  80              		.loc 1 1965 3 view .LVU14
  81              		.loc 1 1965 14 is_stmt 0 view .LVU15
  82 0008 4FF43F42 		mov	r2, #48896
  83 000c A3F84020 		strh	r2, [r3, #64]	@ movhi
1966:Drivers/STM32F1xx_HAL_Driver/Src/stm32f1xx_ll_usb.c **** 
1967:Drivers/STM32F1xx_HAL_Driver/Src/stm32f1xx_ll_usb.c ****   return HAL_OK;
  84              		.loc 1 1967 3 is_stmt 1 view .LVU16
1968:Drivers/STM32F1xx_HAL_Driver/Src/stm32f1xx_ll_usb.c **** }
  85              		.loc 1 1968 1 is_stmt 0 view .LVU17
  86 0010 7047     		bx	lr
  87              		.cfi_endproc
ARM GAS  C:\Users\subdia\AppData\Local\Temp\ccmLEiFj.s 			page 37


  88              	.LFE66:
  90              		.section	.text.USB_DisableGlobalInt,"ax",%progbits
  91              		.align	1
  92              		.global	USB_DisableGlobalInt
  93              		.syntax unified
  94              		.thumb
  95              		.thumb_func
  97              	USB_DisableGlobalInt:
  98              	.LVL5:
  99              	.LFB67:
1969:Drivers/STM32F1xx_HAL_Driver/Src/stm32f1xx_ll_usb.c **** 
1970:Drivers/STM32F1xx_HAL_Driver/Src/stm32f1xx_ll_usb.c **** /**
1971:Drivers/STM32F1xx_HAL_Driver/Src/stm32f1xx_ll_usb.c ****   * @brief  USB_DisableGlobalInt
1972:Drivers/STM32F1xx_HAL_Driver/Src/stm32f1xx_ll_usb.c ****   *         Disable the controller's Global Int in the AHB Config reg
1973:Drivers/STM32F1xx_HAL_Driver/Src/stm32f1xx_ll_usb.c ****   * @param  USBx Selected device
1974:Drivers/STM32F1xx_HAL_Driver/Src/stm32f1xx_ll_usb.c ****   * @retval HAL status
1975:Drivers/STM32F1xx_HAL_Driver/Src/stm32f1xx_ll_usb.c ****   */
1976:Drivers/STM32F1xx_HAL_Driver/Src/stm32f1xx_ll_usb.c **** HAL_StatusTypeDef USB_DisableGlobalInt(USB_TypeDef *USBx)
1977:Drivers/STM32F1xx_HAL_Driver/Src/stm32f1xx_ll_usb.c **** {
 100              		.loc 1 1977 1 is_stmt 1 view -0
 101              		.cfi_startproc
 102              		@ args = 0, pretend = 0, frame = 0
 103              		@ frame_needed = 0, uses_anonymous_args = 0
 104              		@ link register save eliminated.
1978:Drivers/STM32F1xx_HAL_Driver/Src/stm32f1xx_ll_usb.c ****   uint32_t winterruptmask;
 105              		.loc 1 1978 3 view .LVU19
1979:Drivers/STM32F1xx_HAL_Driver/Src/stm32f1xx_ll_usb.c **** 
1980:Drivers/STM32F1xx_HAL_Driver/Src/stm32f1xx_ll_usb.c ****   /* Set winterruptmask variable */
1981:Drivers/STM32F1xx_HAL_Driver/Src/stm32f1xx_ll_usb.c ****   winterruptmask = USB_CNTR_CTRM  | USB_CNTR_WKUPM |
 106              		.loc 1 1981 3 view .LVU20
1982:Drivers/STM32F1xx_HAL_Driver/Src/stm32f1xx_ll_usb.c ****                    USB_CNTR_SUSPM | USB_CNTR_ERRM |
1983:Drivers/STM32F1xx_HAL_Driver/Src/stm32f1xx_ll_usb.c ****                    USB_CNTR_SOFM | USB_CNTR_ESOFM |
1984:Drivers/STM32F1xx_HAL_Driver/Src/stm32f1xx_ll_usb.c ****                    USB_CNTR_RESETM;
1985:Drivers/STM32F1xx_HAL_Driver/Src/stm32f1xx_ll_usb.c **** 
1986:Drivers/STM32F1xx_HAL_Driver/Src/stm32f1xx_ll_usb.c ****   /* Clear interrupt mask */
1987:Drivers/STM32F1xx_HAL_Driver/Src/stm32f1xx_ll_usb.c ****   USBx->CNTR &= (uint16_t)(~winterruptmask);
 107              		.loc 1 1987 3 view .LVU21
 108              		.loc 1 1987 7 is_stmt 0 view .LVU22
 109 0000 B0F84030 		ldrh	r3, [r0, #64]
 110 0004 9BB2     		uxth	r3, r3
 111              		.loc 1 1987 14 view .LVU23
 112 0006 23F47C53 		bic	r3, r3, #16128
 113 000a 5B04     		lsls	r3, r3, #17
 114 000c 5B0C     		lsrs	r3, r3, #17
 115 000e A0F84030 		strh	r3, [r0, #64]	@ movhi
1988:Drivers/STM32F1xx_HAL_Driver/Src/stm32f1xx_ll_usb.c **** 
1989:Drivers/STM32F1xx_HAL_Driver/Src/stm32f1xx_ll_usb.c ****   return HAL_OK;
 116              		.loc 1 1989 3 is_stmt 1 view .LVU24
1990:Drivers/STM32F1xx_HAL_Driver/Src/stm32f1xx_ll_usb.c **** }
 117              		.loc 1 1990 1 is_stmt 0 view .LVU25
 118 0012 0020     		movs	r0, #0
 119              	.LVL6:
 120              		.loc 1 1990 1 view .LVU26
 121 0014 7047     		bx	lr
 122              		.cfi_endproc
 123              	.LFE67:
 125              		.section	.text.USB_SetCurrentMode,"ax",%progbits
ARM GAS  C:\Users\subdia\AppData\Local\Temp\ccmLEiFj.s 			page 38


 126              		.align	1
 127              		.global	USB_SetCurrentMode
 128              		.syntax unified
 129              		.thumb
 130              		.thumb_func
 132              	USB_SetCurrentMode:
 133              	.LVL7:
 134              	.LFB68:
1991:Drivers/STM32F1xx_HAL_Driver/Src/stm32f1xx_ll_usb.c **** 
1992:Drivers/STM32F1xx_HAL_Driver/Src/stm32f1xx_ll_usb.c **** /**
1993:Drivers/STM32F1xx_HAL_Driver/Src/stm32f1xx_ll_usb.c ****   * @brief  USB_SetCurrentMode Set functional mode
1994:Drivers/STM32F1xx_HAL_Driver/Src/stm32f1xx_ll_usb.c ****   * @param  USBx Selected device
1995:Drivers/STM32F1xx_HAL_Driver/Src/stm32f1xx_ll_usb.c ****   * @param  mode current core mode
1996:Drivers/STM32F1xx_HAL_Driver/Src/stm32f1xx_ll_usb.c ****   *          This parameter can be one of the these values:
1997:Drivers/STM32F1xx_HAL_Driver/Src/stm32f1xx_ll_usb.c ****   *            @arg USB_DEVICE_MODE Peripheral mode
1998:Drivers/STM32F1xx_HAL_Driver/Src/stm32f1xx_ll_usb.c ****   * @retval HAL status
1999:Drivers/STM32F1xx_HAL_Driver/Src/stm32f1xx_ll_usb.c ****   */
2000:Drivers/STM32F1xx_HAL_Driver/Src/stm32f1xx_ll_usb.c **** HAL_StatusTypeDef USB_SetCurrentMode(USB_TypeDef *USBx, USB_ModeTypeDef mode)
2001:Drivers/STM32F1xx_HAL_Driver/Src/stm32f1xx_ll_usb.c **** {
 135              		.loc 1 2001 1 is_stmt 1 view -0
 136              		.cfi_startproc
 137              		@ args = 0, pretend = 0, frame = 0
 138              		@ frame_needed = 0, uses_anonymous_args = 0
 139              		@ link register save eliminated.
2002:Drivers/STM32F1xx_HAL_Driver/Src/stm32f1xx_ll_usb.c ****   /* Prevent unused argument(s) compilation warning */
2003:Drivers/STM32F1xx_HAL_Driver/Src/stm32f1xx_ll_usb.c ****   UNUSED(USBx);
 140              		.loc 1 2003 3 view .LVU28
2004:Drivers/STM32F1xx_HAL_Driver/Src/stm32f1xx_ll_usb.c ****   UNUSED(mode);
 141              		.loc 1 2004 3 view .LVU29
2005:Drivers/STM32F1xx_HAL_Driver/Src/stm32f1xx_ll_usb.c **** 
2006:Drivers/STM32F1xx_HAL_Driver/Src/stm32f1xx_ll_usb.c ****   /* NOTE : - This function is not required by USB Device FS peripheral, it is used
2007:Drivers/STM32F1xx_HAL_Driver/Src/stm32f1xx_ll_usb.c ****               only by USB OTG FS peripheral.
2008:Drivers/STM32F1xx_HAL_Driver/Src/stm32f1xx_ll_usb.c ****             - This function is added to ensure compatibility across platforms.
2009:Drivers/STM32F1xx_HAL_Driver/Src/stm32f1xx_ll_usb.c ****    */
2010:Drivers/STM32F1xx_HAL_Driver/Src/stm32f1xx_ll_usb.c ****   return HAL_OK;
 142              		.loc 1 2010 3 view .LVU30
2011:Drivers/STM32F1xx_HAL_Driver/Src/stm32f1xx_ll_usb.c **** }
 143              		.loc 1 2011 1 is_stmt 0 view .LVU31
 144 0000 0020     		movs	r0, #0
 145              	.LVL8:
 146              		.loc 1 2011 1 view .LVU32
 147 0002 7047     		bx	lr
 148              		.cfi_endproc
 149              	.LFE68:
 151              		.section	.text.USB_DevInit,"ax",%progbits
 152              		.align	1
 153              		.global	USB_DevInit
 154              		.syntax unified
 155              		.thumb
 156              		.thumb_func
 158              	USB_DevInit:
 159              	.LVL9:
 160              	.LFB69:
2012:Drivers/STM32F1xx_HAL_Driver/Src/stm32f1xx_ll_usb.c **** 
2013:Drivers/STM32F1xx_HAL_Driver/Src/stm32f1xx_ll_usb.c **** /**
2014:Drivers/STM32F1xx_HAL_Driver/Src/stm32f1xx_ll_usb.c ****   * @brief  USB_DevInit Initializes the USB controller registers
2015:Drivers/STM32F1xx_HAL_Driver/Src/stm32f1xx_ll_usb.c ****   *         for device mode
ARM GAS  C:\Users\subdia\AppData\Local\Temp\ccmLEiFj.s 			page 39


2016:Drivers/STM32F1xx_HAL_Driver/Src/stm32f1xx_ll_usb.c ****   * @param  USBx Selected device
2017:Drivers/STM32F1xx_HAL_Driver/Src/stm32f1xx_ll_usb.c ****   * @param  cfg  pointer to a USB_CfgTypeDef structure that contains
2018:Drivers/STM32F1xx_HAL_Driver/Src/stm32f1xx_ll_usb.c ****   *         the configuration information for the specified USBx peripheral.
2019:Drivers/STM32F1xx_HAL_Driver/Src/stm32f1xx_ll_usb.c ****   * @retval HAL status
2020:Drivers/STM32F1xx_HAL_Driver/Src/stm32f1xx_ll_usb.c ****   */
2021:Drivers/STM32F1xx_HAL_Driver/Src/stm32f1xx_ll_usb.c **** HAL_StatusTypeDef USB_DevInit(USB_TypeDef *USBx, USB_CfgTypeDef cfg)
2022:Drivers/STM32F1xx_HAL_Driver/Src/stm32f1xx_ll_usb.c **** {
 161              		.loc 1 2022 1 is_stmt 1 view -0
 162              		.cfi_startproc
 163              		@ args = 0, pretend = 0, frame = 16
 164              		@ frame_needed = 0, uses_anonymous_args = 0
 165              		@ link register save eliminated.
 166              		.loc 1 2022 1 is_stmt 0 view .LVU34
 167 0000 84B0     		sub	sp, sp, #16
 168              	.LCFI2:
 169              		.cfi_def_cfa_offset 16
 170 0002 8446     		mov	ip, r0
 171 0004 04A8     		add	r0, sp, #16
 172              	.LVL10:
 173              		.loc 1 2022 1 view .LVU35
 174 0006 00E90E00 		stmdb	r0, {r1, r2, r3}
2023:Drivers/STM32F1xx_HAL_Driver/Src/stm32f1xx_ll_usb.c ****   /* Prevent unused argument(s) compilation warning */
2024:Drivers/STM32F1xx_HAL_Driver/Src/stm32f1xx_ll_usb.c ****   UNUSED(cfg);
 175              		.loc 1 2024 3 is_stmt 1 view .LVU36
2025:Drivers/STM32F1xx_HAL_Driver/Src/stm32f1xx_ll_usb.c **** 
2026:Drivers/STM32F1xx_HAL_Driver/Src/stm32f1xx_ll_usb.c ****   /* Init Device */
2027:Drivers/STM32F1xx_HAL_Driver/Src/stm32f1xx_ll_usb.c ****   /* CNTR_FRES = 1 */
2028:Drivers/STM32F1xx_HAL_Driver/Src/stm32f1xx_ll_usb.c ****   USBx->CNTR = (uint16_t)USB_CNTR_FRES;
 176              		.loc 1 2028 3 view .LVU37
 177              		.loc 1 2028 14 is_stmt 0 view .LVU38
 178 000a 0123     		movs	r3, #1
 179 000c ACF84030 		strh	r3, [ip, #64]	@ movhi
2029:Drivers/STM32F1xx_HAL_Driver/Src/stm32f1xx_ll_usb.c **** 
2030:Drivers/STM32F1xx_HAL_Driver/Src/stm32f1xx_ll_usb.c ****   /* CNTR_FRES = 0 */
2031:Drivers/STM32F1xx_HAL_Driver/Src/stm32f1xx_ll_usb.c ****   USBx->CNTR = 0U;
 180              		.loc 1 2031 3 is_stmt 1 view .LVU39
 181              		.loc 1 2031 14 is_stmt 0 view .LVU40
 182 0010 0020     		movs	r0, #0
 183 0012 ACF84000 		strh	r0, [ip, #64]	@ movhi
2032:Drivers/STM32F1xx_HAL_Driver/Src/stm32f1xx_ll_usb.c **** 
2033:Drivers/STM32F1xx_HAL_Driver/Src/stm32f1xx_ll_usb.c ****   /* Clear pending interrupts */
2034:Drivers/STM32F1xx_HAL_Driver/Src/stm32f1xx_ll_usb.c ****   USBx->ISTR = 0U;
 184              		.loc 1 2034 3 is_stmt 1 view .LVU41
 185              		.loc 1 2034 14 is_stmt 0 view .LVU42
 186 0016 ACF84400 		strh	r0, [ip, #68]	@ movhi
2035:Drivers/STM32F1xx_HAL_Driver/Src/stm32f1xx_ll_usb.c **** 
2036:Drivers/STM32F1xx_HAL_Driver/Src/stm32f1xx_ll_usb.c ****   /*Set Btable Address*/
2037:Drivers/STM32F1xx_HAL_Driver/Src/stm32f1xx_ll_usb.c ****   USBx->BTABLE = BTABLE_ADDRESS;
 187              		.loc 1 2037 3 is_stmt 1 view .LVU43
 188              		.loc 1 2037 16 is_stmt 0 view .LVU44
 189 001a ACF85000 		strh	r0, [ip, #80]	@ movhi
2038:Drivers/STM32F1xx_HAL_Driver/Src/stm32f1xx_ll_usb.c **** 
2039:Drivers/STM32F1xx_HAL_Driver/Src/stm32f1xx_ll_usb.c ****   return HAL_OK;
 190              		.loc 1 2039 3 is_stmt 1 view .LVU45
2040:Drivers/STM32F1xx_HAL_Driver/Src/stm32f1xx_ll_usb.c **** }
 191              		.loc 1 2040 1 is_stmt 0 view .LVU46
 192 001e 04B0     		add	sp, sp, #16
ARM GAS  C:\Users\subdia\AppData\Local\Temp\ccmLEiFj.s 			page 40


 193              	.LCFI3:
 194              		.cfi_def_cfa_offset 0
 195              		@ sp needed
 196 0020 7047     		bx	lr
 197              		.cfi_endproc
 198              	.LFE69:
 200              		.section	.text.USB_FlushTxFifo,"ax",%progbits
 201              		.align	1
 202              		.global	USB_FlushTxFifo
 203              		.syntax unified
 204              		.thumb
 205              		.thumb_func
 207              	USB_FlushTxFifo:
 208              	.LVL11:
 209              	.LFB70:
2041:Drivers/STM32F1xx_HAL_Driver/Src/stm32f1xx_ll_usb.c **** 
2042:Drivers/STM32F1xx_HAL_Driver/Src/stm32f1xx_ll_usb.c **** /**
2043:Drivers/STM32F1xx_HAL_Driver/Src/stm32f1xx_ll_usb.c ****   * @brief  USB_FlushTxFifo : Flush a Tx FIFO
2044:Drivers/STM32F1xx_HAL_Driver/Src/stm32f1xx_ll_usb.c ****   * @param  USBx : Selected device
2045:Drivers/STM32F1xx_HAL_Driver/Src/stm32f1xx_ll_usb.c ****   * @param  num : FIFO number
2046:Drivers/STM32F1xx_HAL_Driver/Src/stm32f1xx_ll_usb.c ****   *         This parameter can be a value from 1 to 15
2047:Drivers/STM32F1xx_HAL_Driver/Src/stm32f1xx_ll_usb.c ****             15 means Flush all Tx FIFOs
2048:Drivers/STM32F1xx_HAL_Driver/Src/stm32f1xx_ll_usb.c ****   * @retval HAL status
2049:Drivers/STM32F1xx_HAL_Driver/Src/stm32f1xx_ll_usb.c ****   */
2050:Drivers/STM32F1xx_HAL_Driver/Src/stm32f1xx_ll_usb.c **** HAL_StatusTypeDef USB_FlushTxFifo(USB_TypeDef const *USBx, uint32_t num)
2051:Drivers/STM32F1xx_HAL_Driver/Src/stm32f1xx_ll_usb.c **** {
 210              		.loc 1 2051 1 is_stmt 1 view -0
 211              		.cfi_startproc
 212              		@ args = 0, pretend = 0, frame = 0
 213              		@ frame_needed = 0, uses_anonymous_args = 0
 214              		@ link register save eliminated.
2052:Drivers/STM32F1xx_HAL_Driver/Src/stm32f1xx_ll_usb.c ****   /* Prevent unused argument(s) compilation warning */
2053:Drivers/STM32F1xx_HAL_Driver/Src/stm32f1xx_ll_usb.c ****   UNUSED(USBx);
 215              		.loc 1 2053 3 view .LVU48
2054:Drivers/STM32F1xx_HAL_Driver/Src/stm32f1xx_ll_usb.c ****   UNUSED(num);
 216              		.loc 1 2054 3 view .LVU49
2055:Drivers/STM32F1xx_HAL_Driver/Src/stm32f1xx_ll_usb.c **** 
2056:Drivers/STM32F1xx_HAL_Driver/Src/stm32f1xx_ll_usb.c ****   /* NOTE : - This function is not required by USB Device FS peripheral, it is used
2057:Drivers/STM32F1xx_HAL_Driver/Src/stm32f1xx_ll_usb.c ****               only by USB OTG FS peripheral.
2058:Drivers/STM32F1xx_HAL_Driver/Src/stm32f1xx_ll_usb.c ****             - This function is added to ensure compatibility across platforms.
2059:Drivers/STM32F1xx_HAL_Driver/Src/stm32f1xx_ll_usb.c ****    */
2060:Drivers/STM32F1xx_HAL_Driver/Src/stm32f1xx_ll_usb.c **** 
2061:Drivers/STM32F1xx_HAL_Driver/Src/stm32f1xx_ll_usb.c ****   return HAL_OK;
 217              		.loc 1 2061 3 view .LVU50
2062:Drivers/STM32F1xx_HAL_Driver/Src/stm32f1xx_ll_usb.c **** }
 218              		.loc 1 2062 1 is_stmt 0 view .LVU51
 219 0000 0020     		movs	r0, #0
 220              	.LVL12:
 221              		.loc 1 2062 1 view .LVU52
 222 0002 7047     		bx	lr
 223              		.cfi_endproc
 224              	.LFE70:
 226              		.section	.text.USB_FlushRxFifo,"ax",%progbits
 227              		.align	1
 228              		.global	USB_FlushRxFifo
 229              		.syntax unified
 230              		.thumb
ARM GAS  C:\Users\subdia\AppData\Local\Temp\ccmLEiFj.s 			page 41


 231              		.thumb_func
 233              	USB_FlushRxFifo:
 234              	.LVL13:
 235              	.LFB71:
2063:Drivers/STM32F1xx_HAL_Driver/Src/stm32f1xx_ll_usb.c **** 
2064:Drivers/STM32F1xx_HAL_Driver/Src/stm32f1xx_ll_usb.c **** /**
2065:Drivers/STM32F1xx_HAL_Driver/Src/stm32f1xx_ll_usb.c ****   * @brief  USB_FlushRxFifo : Flush Rx FIFO
2066:Drivers/STM32F1xx_HAL_Driver/Src/stm32f1xx_ll_usb.c ****   * @param  USBx : Selected device
2067:Drivers/STM32F1xx_HAL_Driver/Src/stm32f1xx_ll_usb.c ****   * @retval HAL status
2068:Drivers/STM32F1xx_HAL_Driver/Src/stm32f1xx_ll_usb.c ****   */
2069:Drivers/STM32F1xx_HAL_Driver/Src/stm32f1xx_ll_usb.c **** HAL_StatusTypeDef USB_FlushRxFifo(USB_TypeDef const *USBx)
2070:Drivers/STM32F1xx_HAL_Driver/Src/stm32f1xx_ll_usb.c **** {
 236              		.loc 1 2070 1 is_stmt 1 view -0
 237              		.cfi_startproc
 238              		@ args = 0, pretend = 0, frame = 0
 239              		@ frame_needed = 0, uses_anonymous_args = 0
 240              		@ link register save eliminated.
2071:Drivers/STM32F1xx_HAL_Driver/Src/stm32f1xx_ll_usb.c ****   /* Prevent unused argument(s) compilation warning */
2072:Drivers/STM32F1xx_HAL_Driver/Src/stm32f1xx_ll_usb.c ****   UNUSED(USBx);
 241              		.loc 1 2072 3 view .LVU54
2073:Drivers/STM32F1xx_HAL_Driver/Src/stm32f1xx_ll_usb.c **** 
2074:Drivers/STM32F1xx_HAL_Driver/Src/stm32f1xx_ll_usb.c ****   /* NOTE : - This function is not required by USB Device FS peripheral, it is used
2075:Drivers/STM32F1xx_HAL_Driver/Src/stm32f1xx_ll_usb.c ****               only by USB OTG FS peripheral.
2076:Drivers/STM32F1xx_HAL_Driver/Src/stm32f1xx_ll_usb.c ****             - This function is added to ensure compatibility across platforms.
2077:Drivers/STM32F1xx_HAL_Driver/Src/stm32f1xx_ll_usb.c ****    */
2078:Drivers/STM32F1xx_HAL_Driver/Src/stm32f1xx_ll_usb.c **** 
2079:Drivers/STM32F1xx_HAL_Driver/Src/stm32f1xx_ll_usb.c ****   return HAL_OK;
 242              		.loc 1 2079 3 view .LVU55
2080:Drivers/STM32F1xx_HAL_Driver/Src/stm32f1xx_ll_usb.c **** }
 243              		.loc 1 2080 1 is_stmt 0 view .LVU56
 244 0000 0020     		movs	r0, #0
 245              	.LVL14:
 246              		.loc 1 2080 1 view .LVU57
 247 0002 7047     		bx	lr
 248              		.cfi_endproc
 249              	.LFE71:
 251              		.section	.text.USB_ActivateEndpoint,"ax",%progbits
 252              		.align	1
 253              		.global	USB_ActivateEndpoint
 254              		.syntax unified
 255              		.thumb
 256              		.thumb_func
 258              	USB_ActivateEndpoint:
 259              	.LVL15:
 260              	.LFB72:
2081:Drivers/STM32F1xx_HAL_Driver/Src/stm32f1xx_ll_usb.c **** 
2082:Drivers/STM32F1xx_HAL_Driver/Src/stm32f1xx_ll_usb.c **** 
2083:Drivers/STM32F1xx_HAL_Driver/Src/stm32f1xx_ll_usb.c **** #if defined (HAL_PCD_MODULE_ENABLED)
2084:Drivers/STM32F1xx_HAL_Driver/Src/stm32f1xx_ll_usb.c **** /**
2085:Drivers/STM32F1xx_HAL_Driver/Src/stm32f1xx_ll_usb.c ****   * @brief  Activate and configure an endpoint
2086:Drivers/STM32F1xx_HAL_Driver/Src/stm32f1xx_ll_usb.c ****   * @param  USBx Selected device
2087:Drivers/STM32F1xx_HAL_Driver/Src/stm32f1xx_ll_usb.c ****   * @param  ep pointer to endpoint structure
2088:Drivers/STM32F1xx_HAL_Driver/Src/stm32f1xx_ll_usb.c ****   * @retval HAL status
2089:Drivers/STM32F1xx_HAL_Driver/Src/stm32f1xx_ll_usb.c ****   */
2090:Drivers/STM32F1xx_HAL_Driver/Src/stm32f1xx_ll_usb.c **** HAL_StatusTypeDef USB_ActivateEndpoint(USB_TypeDef *USBx, USB_EPTypeDef *ep)
2091:Drivers/STM32F1xx_HAL_Driver/Src/stm32f1xx_ll_usb.c **** {
 261              		.loc 1 2091 1 is_stmt 1 view -0
ARM GAS  C:\Users\subdia\AppData\Local\Temp\ccmLEiFj.s 			page 42


 262              		.cfi_startproc
 263              		@ args = 0, pretend = 0, frame = 0
 264              		@ frame_needed = 0, uses_anonymous_args = 0
 265              		.loc 1 2091 1 is_stmt 0 view .LVU59
 266 0000 00B5     		push	{lr}
 267              	.LCFI4:
 268              		.cfi_def_cfa_offset 4
 269              		.cfi_offset 14, -4
 270 0002 0346     		mov	r3, r0
2092:Drivers/STM32F1xx_HAL_Driver/Src/stm32f1xx_ll_usb.c ****   HAL_StatusTypeDef ret = HAL_OK;
 271              		.loc 1 2092 3 is_stmt 1 view .LVU60
 272              	.LVL16:
2093:Drivers/STM32F1xx_HAL_Driver/Src/stm32f1xx_ll_usb.c ****   uint16_t wEpRegVal;
 273              		.loc 1 2093 3 view .LVU61
2094:Drivers/STM32F1xx_HAL_Driver/Src/stm32f1xx_ll_usb.c **** 
2095:Drivers/STM32F1xx_HAL_Driver/Src/stm32f1xx_ll_usb.c ****   wEpRegVal = PCD_GET_ENDPOINT(USBx, ep->num) & USB_EP_T_MASK;
 274              		.loc 1 2095 3 view .LVU62
 275              		.loc 1 2095 15 is_stmt 0 view .LVU63
 276 0004 91F800C0 		ldrb	ip, [r1]	@ zero_extendqisi2
 277 0008 30F82C20 		ldrh	r2, [r0, ip, lsl #2]
 278 000c 92B2     		uxth	r2, r2
 279              		.loc 1 2095 13 view .LVU64
 280 000e 22F4EC42 		bic	r2, r2, #30208
 281 0012 22F07002 		bic	r2, r2, #112
 282 0016 92B2     		uxth	r2, r2
 283              	.LVL17:
2096:Drivers/STM32F1xx_HAL_Driver/Src/stm32f1xx_ll_usb.c **** 
2097:Drivers/STM32F1xx_HAL_Driver/Src/stm32f1xx_ll_usb.c ****   /* initialize Endpoint */
2098:Drivers/STM32F1xx_HAL_Driver/Src/stm32f1xx_ll_usb.c ****   switch (ep->type)
 284              		.loc 1 2098 3 is_stmt 1 view .LVU65
 285              		.loc 1 2098 13 is_stmt 0 view .LVU66
 286 0018 C878     		ldrb	r0, [r1, #3]	@ zero_extendqisi2
 287              	.LVL18:
 288              		.loc 1 2098 3 view .LVU67
 289 001a 0228     		cmp	r0, #2
 290 001c 67D0     		beq	.L37
 291 001e 08D8     		bhi	.L12
 292 0020 78B1     		cbz	r0, .L13
 293 0022 0128     		cmp	r0, #1
 294 0024 03D1     		bne	.L39
2099:Drivers/STM32F1xx_HAL_Driver/Src/stm32f1xx_ll_usb.c ****   {
2100:Drivers/STM32F1xx_HAL_Driver/Src/stm32f1xx_ll_usb.c ****     case EP_TYPE_CTRL:
2101:Drivers/STM32F1xx_HAL_Driver/Src/stm32f1xx_ll_usb.c ****       wEpRegVal |= USB_EP_CONTROL;
2102:Drivers/STM32F1xx_HAL_Driver/Src/stm32f1xx_ll_usb.c ****       break;
2103:Drivers/STM32F1xx_HAL_Driver/Src/stm32f1xx_ll_usb.c **** 
2104:Drivers/STM32F1xx_HAL_Driver/Src/stm32f1xx_ll_usb.c ****     case EP_TYPE_BULK:
2105:Drivers/STM32F1xx_HAL_Driver/Src/stm32f1xx_ll_usb.c ****       wEpRegVal |= USB_EP_BULK;
2106:Drivers/STM32F1xx_HAL_Driver/Src/stm32f1xx_ll_usb.c ****       break;
2107:Drivers/STM32F1xx_HAL_Driver/Src/stm32f1xx_ll_usb.c **** 
2108:Drivers/STM32F1xx_HAL_Driver/Src/stm32f1xx_ll_usb.c ****     case EP_TYPE_INTR:
2109:Drivers/STM32F1xx_HAL_Driver/Src/stm32f1xx_ll_usb.c ****       wEpRegVal |= USB_EP_INTERRUPT;
2110:Drivers/STM32F1xx_HAL_Driver/Src/stm32f1xx_ll_usb.c ****       break;
2111:Drivers/STM32F1xx_HAL_Driver/Src/stm32f1xx_ll_usb.c **** 
2112:Drivers/STM32F1xx_HAL_Driver/Src/stm32f1xx_ll_usb.c ****     case EP_TYPE_ISOC:
2113:Drivers/STM32F1xx_HAL_Driver/Src/stm32f1xx_ll_usb.c ****       wEpRegVal |= USB_EP_ISOCHRONOUS;
 295              		.loc 1 2113 7 is_stmt 1 view .LVU68
 296              		.loc 1 2113 17 is_stmt 0 view .LVU69
ARM GAS  C:\Users\subdia\AppData\Local\Temp\ccmLEiFj.s 			page 43


 297 0026 42F48062 		orr	r2, r2, #1024
 298              	.LVL19:
2114:Drivers/STM32F1xx_HAL_Driver/Src/stm32f1xx_ll_usb.c ****       break;
 299              		.loc 1 2114 7 is_stmt 1 view .LVU70
2092:Drivers/STM32F1xx_HAL_Driver/Src/stm32f1xx_ll_usb.c ****   uint16_t wEpRegVal;
 300              		.loc 1 2092 21 is_stmt 0 view .LVU71
 301 002a 0020     		movs	r0, #0
 302              		.loc 1 2114 7 view .LVU72
 303 002c 0BE0     		b	.L11
 304              	.L39:
2115:Drivers/STM32F1xx_HAL_Driver/Src/stm32f1xx_ll_usb.c **** 
2116:Drivers/STM32F1xx_HAL_Driver/Src/stm32f1xx_ll_usb.c ****     default:
2117:Drivers/STM32F1xx_HAL_Driver/Src/stm32f1xx_ll_usb.c ****       ret = HAL_ERROR;
 305              		.loc 1 2117 11 view .LVU73
 306 002e 0120     		movs	r0, #1
 307 0030 09E0     		b	.L11
 308              	.L12:
2098:Drivers/STM32F1xx_HAL_Driver/Src/stm32f1xx_ll_usb.c ****   {
 309              		.loc 1 2098 3 view .LVU74
 310 0032 0328     		cmp	r0, #3
 311 0034 03D1     		bne	.L40
2109:Drivers/STM32F1xx_HAL_Driver/Src/stm32f1xx_ll_usb.c ****       break;
 312              		.loc 1 2109 7 is_stmt 1 view .LVU75
2109:Drivers/STM32F1xx_HAL_Driver/Src/stm32f1xx_ll_usb.c ****       break;
 313              		.loc 1 2109 17 is_stmt 0 view .LVU76
 314 0036 42F4C062 		orr	r2, r2, #1536
 315              	.LVL20:
2110:Drivers/STM32F1xx_HAL_Driver/Src/stm32f1xx_ll_usb.c **** 
 316              		.loc 1 2110 7 is_stmt 1 view .LVU77
2092:Drivers/STM32F1xx_HAL_Driver/Src/stm32f1xx_ll_usb.c ****   uint16_t wEpRegVal;
 317              		.loc 1 2092 21 is_stmt 0 view .LVU78
 318 003a 0020     		movs	r0, #0
2110:Drivers/STM32F1xx_HAL_Driver/Src/stm32f1xx_ll_usb.c **** 
 319              		.loc 1 2110 7 view .LVU79
 320 003c 03E0     		b	.L11
 321              	.L40:
 322              		.loc 1 2117 11 view .LVU80
 323 003e 0120     		movs	r0, #1
 324 0040 01E0     		b	.L11
 325              	.L13:
2101:Drivers/STM32F1xx_HAL_Driver/Src/stm32f1xx_ll_usb.c ****       break;
 326              		.loc 1 2101 7 is_stmt 1 view .LVU81
2101:Drivers/STM32F1xx_HAL_Driver/Src/stm32f1xx_ll_usb.c ****       break;
 327              		.loc 1 2101 17 is_stmt 0 view .LVU82
 328 0042 42F40072 		orr	r2, r2, #512
 329              	.LVL21:
2102:Drivers/STM32F1xx_HAL_Driver/Src/stm32f1xx_ll_usb.c **** 
 330              		.loc 1 2102 7 is_stmt 1 view .LVU83
 331              	.L11:
2118:Drivers/STM32F1xx_HAL_Driver/Src/stm32f1xx_ll_usb.c ****       break;
2119:Drivers/STM32F1xx_HAL_Driver/Src/stm32f1xx_ll_usb.c ****   }
2120:Drivers/STM32F1xx_HAL_Driver/Src/stm32f1xx_ll_usb.c **** 
2121:Drivers/STM32F1xx_HAL_Driver/Src/stm32f1xx_ll_usb.c ****   PCD_SET_ENDPOINT(USBx, ep->num, (wEpRegVal | USB_EP_CTR_RX | USB_EP_CTR_TX));
 332              		.loc 1 2121 3 view .LVU84
 333 0046 48F2800E 		movw	lr, #32896
 334 004a 42EA0E02 		orr	r2, r2, lr
 335              	.LVL22:
ARM GAS  C:\Users\subdia\AppData\Local\Temp\ccmLEiFj.s 			page 44


 336              		.loc 1 2121 3 is_stmt 0 view .LVU85
 337 004e 23F82C20 		strh	r2, [r3, ip, lsl #2]	@ movhi
2122:Drivers/STM32F1xx_HAL_Driver/Src/stm32f1xx_ll_usb.c **** 
2123:Drivers/STM32F1xx_HAL_Driver/Src/stm32f1xx_ll_usb.c ****   PCD_SET_EP_ADDRESS(USBx, ep->num, ep->num);
 338              		.loc 1 2123 3 is_stmt 1 view .LVU86
 339              	.LBB2:
 340              		.loc 1 2123 3 view .LVU87
 341              		.loc 1 2123 3 view .LVU88
 342 0052 91F800C0 		ldrb	ip, [r1]	@ zero_extendqisi2
 343 0056 33F82C20 		ldrh	r2, [r3, ip, lsl #2]
 344 005a 92B2     		uxth	r2, r2
 345 005c 22F4E042 		bic	r2, r2, #28672
 346 0060 22F07002 		bic	r2, r2, #112
 347 0064 42EA0C02 		orr	r2, r2, ip
 348              	.LVL23:
 349              		.loc 1 2123 3 view .LVU89
 350 0068 42EA0E02 		orr	r2, r2, lr
 351              	.LVL24:
 352              		.loc 1 2123 3 is_stmt 0 view .LVU90
 353 006c 23F82C20 		strh	r2, [r3, ip, lsl #2]	@ movhi
 354              	.LBE2:
 355              		.loc 1 2123 3 is_stmt 1 view .LVU91
2124:Drivers/STM32F1xx_HAL_Driver/Src/stm32f1xx_ll_usb.c **** 
2125:Drivers/STM32F1xx_HAL_Driver/Src/stm32f1xx_ll_usb.c ****   if (ep->doublebuffer == 0U)
 356              		.loc 1 2125 3 view .LVU92
 357              		.loc 1 2125 9 is_stmt 0 view .LVU93
 358 0070 0A7B     		ldrb	r2, [r1, #12]	@ zero_extendqisi2
 359              		.loc 1 2125 6 view .LVU94
 360 0072 002A     		cmp	r2, #0
 361 0074 40F0DC80 		bne	.L16
2126:Drivers/STM32F1xx_HAL_Driver/Src/stm32f1xx_ll_usb.c ****   {
2127:Drivers/STM32F1xx_HAL_Driver/Src/stm32f1xx_ll_usb.c ****     if (ep->is_in != 0U)
 362              		.loc 1 2127 5 is_stmt 1 view .LVU95
 363              		.loc 1 2127 11 is_stmt 0 view .LVU96
 364 0078 4A78     		ldrb	r2, [r1, #1]	@ zero_extendqisi2
 365              		.loc 1 2127 8 view .LVU97
 366 007a 002A     		cmp	r2, #0
 367 007c 48D0     		beq	.L17
2128:Drivers/STM32F1xx_HAL_Driver/Src/stm32f1xx_ll_usb.c ****     {
2129:Drivers/STM32F1xx_HAL_Driver/Src/stm32f1xx_ll_usb.c ****       /*Set the endpoint Transmit buffer address */
2130:Drivers/STM32F1xx_HAL_Driver/Src/stm32f1xx_ll_usb.c ****       PCD_SET_EP_TX_ADDRESS(USBx, ep->num, ep->pmaadress);
 368              		.loc 1 2130 7 is_stmt 1 view .LVU98
 369              	.LBB3:
 370              		.loc 1 2130 7 view .LVU99
 371              		.loc 1 2130 7 view .LVU100
 372              	.LVL25:
 373              		.loc 1 2130 7 view .LVU101
 374 007e B3F85020 		ldrh	r2, [r3, #80]
 375 0082 92B2     		uxth	r2, r2
 376 0084 1A44     		add	r2, r2, r3
 377              	.LVL26:
 378              		.loc 1 2130 7 view .LVU102
 379 0086 91F800C0 		ldrb	ip, [r1]	@ zero_extendqisi2
 380 008a 02EB0C12 		add	r2, r2, ip, lsl #4
 381              	.LVL27:
 382              		.loc 1 2130 7 view .LVU103
 383 008e B1F806C0 		ldrh	ip, [r1, #6]
ARM GAS  C:\Users\subdia\AppData\Local\Temp\ccmLEiFj.s 			page 45


 384 0092 4FEA5C0C 		lsr	ip, ip, #1
 385 0096 4FEA4C0C 		lsl	ip, ip, #1
 386 009a A2F800C4 		strh	ip, [r2, #1024]	@ movhi
 387              	.LBE3:
 388              		.loc 1 2130 7 view .LVU104
2131:Drivers/STM32F1xx_HAL_Driver/Src/stm32f1xx_ll_usb.c ****       PCD_CLEAR_TX_DTOG(USBx, ep->num);
 389              		.loc 1 2131 7 view .LVU105
 390              	.LBB4:
 391              		.loc 1 2131 7 view .LVU106
 392              		.loc 1 2131 7 view .LVU107
 393 009e 91F800C0 		ldrb	ip, [r1]	@ zero_extendqisi2
 394 00a2 33F82C20 		ldrh	r2, [r3, ip, lsl #2]
 395              	.LVL28:
 396              		.loc 1 2131 7 view .LVU108
 397 00a6 12F0400F 		tst	r2, #64
 398 00aa 0CD0     		beq	.L18
 399              		.loc 1 2131 7 discriminator 1 view .LVU109
 400              	.LBB5:
 401              		.loc 1 2131 7 discriminator 1 view .LVU110
 402              		.loc 1 2131 7 discriminator 1 view .LVU111
 403 00ac 33F82C20 		ldrh	r2, [r3, ip, lsl #2]
 404              	.LVL29:
 405              		.loc 1 2131 7 is_stmt 0 discriminator 1 view .LVU112
 406 00b0 92B2     		uxth	r2, r2
 407 00b2 22F4E042 		bic	r2, r2, #28672
 408 00b6 22F07002 		bic	r2, r2, #112
 409              	.LVL30:
 410              		.loc 1 2131 7 is_stmt 1 view .LVU113
 411              		.loc 1 2131 7 is_stmt 0 discriminator 1 view .LVU114
 412 00ba 42F40042 		orr	r2, r2, #32768
 413              	.LVL31:
 414              		.loc 1 2131 7 discriminator 1 view .LVU115
 415 00be 42F0C002 		orr	r2, r2, #192
 416 00c2 23F82C20 		strh	r2, [r3, ip, lsl #2]	@ movhi
 417              	.LVL32:
 418              	.L18:
 419              		.loc 1 2131 7 discriminator 1 view .LVU116
 420              	.LBE5:
 421              		.loc 1 2131 7 is_stmt 1 view .LVU117
 422              	.LBE4:
 423              		.loc 1 2131 7 view .LVU118
2132:Drivers/STM32F1xx_HAL_Driver/Src/stm32f1xx_ll_usb.c **** 
2133:Drivers/STM32F1xx_HAL_Driver/Src/stm32f1xx_ll_usb.c ****       if (ep->type != EP_TYPE_ISOC)
 424              		.loc 1 2133 7 view .LVU119
 425              		.loc 1 2133 13 is_stmt 0 view .LVU120
 426 00c6 CA78     		ldrb	r2, [r1, #3]	@ zero_extendqisi2
 427              		.loc 1 2133 10 view .LVU121
 428 00c8 012A     		cmp	r2, #1
 429 00ca 12D0     		beq	.L19
2134:Drivers/STM32F1xx_HAL_Driver/Src/stm32f1xx_ll_usb.c ****       {
2135:Drivers/STM32F1xx_HAL_Driver/Src/stm32f1xx_ll_usb.c ****         /* Configure NAK status for the Endpoint */
2136:Drivers/STM32F1xx_HAL_Driver/Src/stm32f1xx_ll_usb.c ****         PCD_SET_EP_TX_STATUS(USBx, ep->num, USB_EP_TX_NAK);
 430              		.loc 1 2136 9 is_stmt 1 view .LVU122
 431              	.LBB6:
 432              		.loc 1 2136 9 view .LVU123
 433              		.loc 1 2136 9 view .LVU124
 434 00cc 0978     		ldrb	r1, [r1]	@ zero_extendqisi2
ARM GAS  C:\Users\subdia\AppData\Local\Temp\ccmLEiFj.s 			page 46


 435              	.LVL33:
 436              		.loc 1 2136 9 is_stmt 0 view .LVU125
 437 00ce 33F82120 		ldrh	r2, [r3, r1, lsl #2]
 438 00d2 92B2     		uxth	r2, r2
 439 00d4 22F4E042 		bic	r2, r2, #28672
 440 00d8 22F04002 		bic	r2, r2, #64
 441              	.LVL34:
 442              		.loc 1 2136 9 is_stmt 1 view .LVU126
 443              		.loc 1 2136 9 discriminator 3 view .LVU127
 444              		.loc 1 2136 9 discriminator 4 view .LVU128
 445 00dc 82F02002 		eor	r2, r2, #32
 446              	.LVL35:
 447              		.loc 1 2136 9 discriminator 6 view .LVU129
 448 00e0 42F40042 		orr	r2, r2, #32768
 449              	.LVL36:
 450              		.loc 1 2136 9 is_stmt 0 discriminator 6 view .LVU130
 451 00e4 42F08002 		orr	r2, r2, #128
 452 00e8 23F82120 		strh	r2, [r3, r1, lsl #2]	@ movhi
 453              	.LBE6:
 454              		.loc 1 2136 9 is_stmt 1 view .LVU131
 455 00ec 1AE1     		b	.L20
 456              	.LVL37:
 457              	.L37:
2098:Drivers/STM32F1xx_HAL_Driver/Src/stm32f1xx_ll_usb.c ****   {
 458              		.loc 1 2098 3 is_stmt 0 view .LVU132
 459 00ee 0020     		movs	r0, #0
 460 00f0 A9E7     		b	.L11
 461              	.LVL38:
 462              	.L19:
2137:Drivers/STM32F1xx_HAL_Driver/Src/stm32f1xx_ll_usb.c ****       }
2138:Drivers/STM32F1xx_HAL_Driver/Src/stm32f1xx_ll_usb.c ****       else
2139:Drivers/STM32F1xx_HAL_Driver/Src/stm32f1xx_ll_usb.c ****       {
2140:Drivers/STM32F1xx_HAL_Driver/Src/stm32f1xx_ll_usb.c ****         /* Configure TX Endpoint to disabled state */
2141:Drivers/STM32F1xx_HAL_Driver/Src/stm32f1xx_ll_usb.c ****         PCD_SET_EP_TX_STATUS(USBx, ep->num, USB_EP_TX_DIS);
 463              		.loc 1 2141 9 is_stmt 1 view .LVU133
 464              	.LBB7:
 465              		.loc 1 2141 9 view .LVU134
 466              		.loc 1 2141 9 view .LVU135
 467 00f2 0978     		ldrb	r1, [r1]	@ zero_extendqisi2
 468              	.LVL39:
 469              		.loc 1 2141 9 is_stmt 0 view .LVU136
 470 00f4 33F82120 		ldrh	r2, [r3, r1, lsl #2]
 471 00f8 92B2     		uxth	r2, r2
 472 00fa 22F4E042 		bic	r2, r2, #28672
 473 00fe 22F04002 		bic	r2, r2, #64
 474              	.LVL40:
 475              		.loc 1 2141 9 is_stmt 1 view .LVU137
 476              		.loc 1 2141 9 discriminator 3 view .LVU138
 477              		.loc 1 2141 9 discriminator 6 view .LVU139
 478 0102 42F40042 		orr	r2, r2, #32768
 479              	.LVL41:
 480              		.loc 1 2141 9 is_stmt 0 discriminator 6 view .LVU140
 481 0106 42F08002 		orr	r2, r2, #128
 482 010a 23F82120 		strh	r2, [r3, r1, lsl #2]	@ movhi
 483 010e 09E1     		b	.L20
 484              	.LVL42:
 485              	.L17:
ARM GAS  C:\Users\subdia\AppData\Local\Temp\ccmLEiFj.s 			page 47


 486              		.loc 1 2141 9 discriminator 6 view .LVU141
 487              	.LBE7:
2142:Drivers/STM32F1xx_HAL_Driver/Src/stm32f1xx_ll_usb.c ****       }
2143:Drivers/STM32F1xx_HAL_Driver/Src/stm32f1xx_ll_usb.c ****     }
2144:Drivers/STM32F1xx_HAL_Driver/Src/stm32f1xx_ll_usb.c ****     else
2145:Drivers/STM32F1xx_HAL_Driver/Src/stm32f1xx_ll_usb.c ****     {
2146:Drivers/STM32F1xx_HAL_Driver/Src/stm32f1xx_ll_usb.c ****       /* Set the endpoint Receive buffer address */
2147:Drivers/STM32F1xx_HAL_Driver/Src/stm32f1xx_ll_usb.c ****       PCD_SET_EP_RX_ADDRESS(USBx, ep->num, ep->pmaadress);
 488              		.loc 1 2147 7 is_stmt 1 view .LVU142
 489              	.LBB8:
 490              		.loc 1 2147 7 view .LVU143
 491              		.loc 1 2147 7 view .LVU144
 492              		.loc 1 2147 7 view .LVU145
 493 0110 B3F85020 		ldrh	r2, [r3, #80]
 494 0114 92B2     		uxth	r2, r2
 495 0116 1A44     		add	r2, r2, r3
 496              	.LVL43:
 497              		.loc 1 2147 7 view .LVU146
 498 0118 91F800C0 		ldrb	ip, [r1]	@ zero_extendqisi2
 499 011c 02EB0C12 		add	r2, r2, ip, lsl #4
 500              	.LVL44:
 501              		.loc 1 2147 7 view .LVU147
 502 0120 B1F806C0 		ldrh	ip, [r1, #6]
 503 0124 4FEA5C0C 		lsr	ip, ip, #1
 504 0128 4FEA4C0C 		lsl	ip, ip, #1
 505 012c A2F808C4 		strh	ip, [r2, #1032]	@ movhi
 506              	.LBE8:
 507              		.loc 1 2147 7 view .LVU148
2148:Drivers/STM32F1xx_HAL_Driver/Src/stm32f1xx_ll_usb.c **** 
2149:Drivers/STM32F1xx_HAL_Driver/Src/stm32f1xx_ll_usb.c ****       /* Set the endpoint Receive buffer counter */
2150:Drivers/STM32F1xx_HAL_Driver/Src/stm32f1xx_ll_usb.c ****       PCD_SET_EP_RX_CNT(USBx, ep->num, ep->maxpacket);
 508              		.loc 1 2150 7 view .LVU149
 509              	.LBB9:
 510              		.loc 1 2150 7 view .LVU150
 511              	.LVL45:
 512              		.loc 1 2150 7 view .LVU151
 513              		.loc 1 2150 7 view .LVU152
 514 0130 B3F85020 		ldrh	r2, [r3, #80]
 515              	.LVL46:
 516              		.loc 1 2150 7 is_stmt 0 view .LVU153
 517 0134 92B2     		uxth	r2, r2
 518 0136 1A44     		add	r2, r2, r3
 519              	.LVL47:
 520              		.loc 1 2150 7 is_stmt 1 view .LVU154
 521 0138 91F800C0 		ldrb	ip, [r1]	@ zero_extendqisi2
 522 013c 02EB0C12 		add	r2, r2, ip, lsl #4
 523              	.LVL48:
 524              		.loc 1 2150 7 view .LVU155
 525              	.LBB10:
 526              		.loc 1 2150 7 view .LVU156
 527              		.loc 1 2150 7 view .LVU157
 528 0140 B2F80CC4 		ldrh	ip, [r2, #1036]
 529 0144 CCF3090C 		ubfx	ip, ip, #0, #10
 530 0148 A2F80CC4 		strh	ip, [r2, #1036]	@ movhi
 531              		.loc 1 2150 7 view .LVU158
 532 014c D1F810C0 		ldr	ip, [r1, #16]
 533 0150 BCF13E0F 		cmp	ip, #62
ARM GAS  C:\Users\subdia\AppData\Local\Temp\ccmLEiFj.s 			page 48


 534 0154 3AD9     		bls	.L21
 535              		.loc 1 2150 7 discriminator 1 view .LVU159
 536              		.loc 1 2150 7 discriminator 1 view .LVU160
 537 0156 4FEA5C1E 		lsr	lr, ip, #5
 538              	.LVL49:
 539              		.loc 1 2150 7 view .LVU161
 540              		.loc 1 2150 7 is_stmt 0 discriminator 1 view .LVU162
 541 015a 1CF01F0F 		tst	ip, #31
 542 015e 01D1     		bne	.L22
 543              		.loc 1 2150 7 is_stmt 1 discriminator 3 view .LVU163
 544 0160 0EF1FF3E 		add	lr, lr, #-1
 545              	.LVL50:
 546              	.L22:
 547              		.loc 1 2150 7 discriminator 5 view .LVU164
 548 0164 B2F80CC4 		ldrh	ip, [r2, #1036]
 549 0168 1FFA8CFC 		uxth	ip, ip
 550 016c 4FEA8E2E 		lsl	lr, lr, #10
 551              	.LVL51:
 552              		.loc 1 2150 7 is_stmt 0 discriminator 5 view .LVU165
 553 0170 1FFA8EFE 		uxth	lr, lr
 554 0174 4CEA0E0C 		orr	ip, ip, lr
 555 0178 4CF4004C 		orr	ip, ip, #32768
 556 017c A2F80CC4 		strh	ip, [r2, #1036]	@ movhi
 557              		.loc 1 2150 7 is_stmt 1 view .LVU166
 558              	.LVL52:
 559              	.L23:
 560              		.loc 1 2150 7 view .LVU167
 561              	.LBE10:
 562              		.loc 1 2150 7 view .LVU168
 563              	.LBE9:
 564              		.loc 1 2150 7 view .LVU169
2151:Drivers/STM32F1xx_HAL_Driver/Src/stm32f1xx_ll_usb.c ****       PCD_CLEAR_RX_DTOG(USBx, ep->num);
 565              		.loc 1 2151 7 view .LVU170
 566              	.LBB12:
 567              		.loc 1 2151 7 view .LVU171
 568              		.loc 1 2151 7 view .LVU172
 569 0180 91F800C0 		ldrb	ip, [r1]	@ zero_extendqisi2
 570 0184 33F82C20 		ldrh	r2, [r3, ip, lsl #2]
 571              	.LVL53:
 572              		.loc 1 2151 7 view .LVU173
 573 0188 12F4804F 		tst	r2, #16384
 574 018c 0CD0     		beq	.L26
 575              		.loc 1 2151 7 discriminator 1 view .LVU174
 576              	.LBB13:
 577              		.loc 1 2151 7 discriminator 1 view .LVU175
 578              		.loc 1 2151 7 discriminator 1 view .LVU176
 579 018e 33F82C20 		ldrh	r2, [r3, ip, lsl #2]
 580              	.LVL54:
 581              		.loc 1 2151 7 is_stmt 0 discriminator 1 view .LVU177
 582 0192 92B2     		uxth	r2, r2
 583 0194 22F4E042 		bic	r2, r2, #28672
 584 0198 22F07002 		bic	r2, r2, #112
 585              	.LVL55:
 586              		.loc 1 2151 7 is_stmt 1 view .LVU178
 587              		.loc 1 2151 7 is_stmt 0 discriminator 1 view .LVU179
 588 019c 42F44042 		orr	r2, r2, #49152
 589              	.LVL56:
ARM GAS  C:\Users\subdia\AppData\Local\Temp\ccmLEiFj.s 			page 49


 590              		.loc 1 2151 7 discriminator 1 view .LVU180
 591 01a0 42F08002 		orr	r2, r2, #128
 592 01a4 23F82C20 		strh	r2, [r3, ip, lsl #2]	@ movhi
 593              	.LVL57:
 594              	.L26:
 595              		.loc 1 2151 7 discriminator 1 view .LVU181
 596              	.LBE13:
 597              		.loc 1 2151 7 is_stmt 1 view .LVU182
 598              	.LBE12:
 599              		.loc 1 2151 7 view .LVU183
2152:Drivers/STM32F1xx_HAL_Driver/Src/stm32f1xx_ll_usb.c **** 
2153:Drivers/STM32F1xx_HAL_Driver/Src/stm32f1xx_ll_usb.c ****       if (ep->num == 0U)
 600              		.loc 1 2153 7 view .LVU184
 601              		.loc 1 2153 13 is_stmt 0 view .LVU185
 602 01a8 0978     		ldrb	r1, [r1]	@ zero_extendqisi2
 603              	.LVL58:
 604              		.loc 1 2153 10 view .LVU186
 605 01aa 89BB     		cbnz	r1, .L27
2154:Drivers/STM32F1xx_HAL_Driver/Src/stm32f1xx_ll_usb.c ****       {
2155:Drivers/STM32F1xx_HAL_Driver/Src/stm32f1xx_ll_usb.c ****         /* Configure VALID status for EP0 */
2156:Drivers/STM32F1xx_HAL_Driver/Src/stm32f1xx_ll_usb.c ****         PCD_SET_EP_RX_STATUS(USBx, ep->num, USB_EP_RX_VALID);
 606              		.loc 1 2156 9 is_stmt 1 view .LVU187
 607              	.LBB14:
 608              		.loc 1 2156 9 view .LVU188
 609              		.loc 1 2156 9 view .LVU189
 610 01ac 33F82120 		ldrh	r2, [r3, r1, lsl #2]
 611 01b0 92B2     		uxth	r2, r2
 612 01b2 22F48042 		bic	r2, r2, #16384
 613 01b6 22F07002 		bic	r2, r2, #112
 614              		.loc 1 2156 9 view .LVU190
 615              		.loc 1 2156 9 discriminator 1 view .LVU191
 616              	.LVL59:
 617              		.loc 1 2156 9 discriminator 3 view .LVU192
 618              		.loc 1 2156 9 discriminator 4 view .LVU193
 619 01ba 82F44052 		eor	r2, r2, #12288
 620              	.LVL60:
 621              		.loc 1 2156 9 discriminator 6 view .LVU194
 622 01be 42F40042 		orr	r2, r2, #32768
 623              	.LVL61:
 624              		.loc 1 2156 9 is_stmt 0 discriminator 6 view .LVU195
 625 01c2 42F08002 		orr	r2, r2, #128
 626 01c6 23F82120 		strh	r2, [r3, r1, lsl #2]	@ movhi
 627              	.LBE14:
 628              		.loc 1 2156 9 is_stmt 1 view .LVU196
 629 01ca ABE0     		b	.L20
 630              	.LVL62:
 631              	.L21:
 632              	.LBB15:
 633              	.LBB11:
2150:Drivers/STM32F1xx_HAL_Driver/Src/stm32f1xx_ll_usb.c ****       PCD_CLEAR_RX_DTOG(USBx, ep->num);
 634              		.loc 1 2150 7 discriminator 2 view .LVU197
 635 01cc BCF1000F 		cmp	ip, #0
 636 01d0 0AD1     		bne	.L24
2150:Drivers/STM32F1xx_HAL_Driver/Src/stm32f1xx_ll_usb.c ****       PCD_CLEAR_RX_DTOG(USBx, ep->num);
 637              		.loc 1 2150 7 discriminator 6 view .LVU198
 638 01d2 B2F80CC4 		ldrh	ip, [r2, #1036]
 639 01d6 6FEA4C4C 		mvn	ip, ip, lsl #17
ARM GAS  C:\Users\subdia\AppData\Local\Temp\ccmLEiFj.s 			page 50


 640 01da 6FEA5C4C 		mvn	ip, ip, lsr #17
 641 01de 1FFA8CFC 		uxth	ip, ip
 642 01e2 A2F80CC4 		strh	ip, [r2, #1036]	@ movhi
 643 01e6 CBE7     		b	.L23
 644              	.L24:
2150:Drivers/STM32F1xx_HAL_Driver/Src/stm32f1xx_ll_usb.c ****       PCD_CLEAR_RX_DTOG(USBx, ep->num);
 645              		.loc 1 2150 7 discriminator 7 view .LVU199
2150:Drivers/STM32F1xx_HAL_Driver/Src/stm32f1xx_ll_usb.c ****       PCD_CLEAR_RX_DTOG(USBx, ep->num);
 646              		.loc 1 2150 7 discriminator 7 view .LVU200
 647 01e8 4FEA5C0E 		lsr	lr, ip, #1
 648              	.LVL63:
2150:Drivers/STM32F1xx_HAL_Driver/Src/stm32f1xx_ll_usb.c ****       PCD_CLEAR_RX_DTOG(USBx, ep->num);
 649              		.loc 1 2150 7 view .LVU201
2150:Drivers/STM32F1xx_HAL_Driver/Src/stm32f1xx_ll_usb.c ****       PCD_CLEAR_RX_DTOG(USBx, ep->num);
 650              		.loc 1 2150 7 is_stmt 0 discriminator 7 view .LVU202
 651 01ec 1CF0010F 		tst	ip, #1
 652 01f0 01D0     		beq	.L25
2150:Drivers/STM32F1xx_HAL_Driver/Src/stm32f1xx_ll_usb.c ****       PCD_CLEAR_RX_DTOG(USBx, ep->num);
 653              		.loc 1 2150 7 is_stmt 1 discriminator 8 view .LVU203
 654 01f2 0EF1010E 		add	lr, lr, #1
 655              	.LVL64:
 656              	.L25:
2150:Drivers/STM32F1xx_HAL_Driver/Src/stm32f1xx_ll_usb.c ****       PCD_CLEAR_RX_DTOG(USBx, ep->num);
 657              		.loc 1 2150 7 discriminator 10 view .LVU204
 658 01f6 B2F80CC4 		ldrh	ip, [r2, #1036]
 659 01fa 1FFA8CFC 		uxth	ip, ip
 660 01fe 4FEA8E2E 		lsl	lr, lr, #10
 661              	.LVL65:
2150:Drivers/STM32F1xx_HAL_Driver/Src/stm32f1xx_ll_usb.c ****       PCD_CLEAR_RX_DTOG(USBx, ep->num);
 662              		.loc 1 2150 7 is_stmt 0 discriminator 10 view .LVU205
 663 0202 1FFA8EFE 		uxth	lr, lr
 664 0206 4CEA0E0C 		orr	ip, ip, lr
 665 020a A2F80CC4 		strh	ip, [r2, #1036]	@ movhi
 666 020e B7E7     		b	.L23
 667              	.LVL66:
 668              	.L27:
2150:Drivers/STM32F1xx_HAL_Driver/Src/stm32f1xx_ll_usb.c ****       PCD_CLEAR_RX_DTOG(USBx, ep->num);
 669              		.loc 1 2150 7 discriminator 10 view .LVU206
 670              	.LBE11:
 671              	.LBE15:
2157:Drivers/STM32F1xx_HAL_Driver/Src/stm32f1xx_ll_usb.c ****       }
2158:Drivers/STM32F1xx_HAL_Driver/Src/stm32f1xx_ll_usb.c ****       else
2159:Drivers/STM32F1xx_HAL_Driver/Src/stm32f1xx_ll_usb.c ****       {
2160:Drivers/STM32F1xx_HAL_Driver/Src/stm32f1xx_ll_usb.c ****         /* Configure NAK status for OUT Endpoint */
2161:Drivers/STM32F1xx_HAL_Driver/Src/stm32f1xx_ll_usb.c ****         PCD_SET_EP_RX_STATUS(USBx, ep->num, USB_EP_RX_NAK);
 672              		.loc 1 2161 9 is_stmt 1 view .LVU207
 673              	.LBB16:
 674              		.loc 1 2161 9 view .LVU208
 675              		.loc 1 2161 9 view .LVU209
 676 0210 33F82120 		ldrh	r2, [r3, r1, lsl #2]
 677 0214 92B2     		uxth	r2, r2
 678 0216 22F48042 		bic	r2, r2, #16384
 679 021a 22F07002 		bic	r2, r2, #112
 680              	.LVL67:
 681              		.loc 1 2161 9 view .LVU210
 682              		.loc 1 2161 9 discriminator 3 view .LVU211
 683              		.loc 1 2161 9 discriminator 4 view .LVU212
ARM GAS  C:\Users\subdia\AppData\Local\Temp\ccmLEiFj.s 			page 51


 684 021e 82F40052 		eor	r2, r2, #8192
 685              	.LVL68:
 686              		.loc 1 2161 9 discriminator 6 view .LVU213
 687 0222 42F40042 		orr	r2, r2, #32768
 688              	.LVL69:
 689              		.loc 1 2161 9 is_stmt 0 discriminator 6 view .LVU214
 690 0226 42F08002 		orr	r2, r2, #128
 691 022a 23F82120 		strh	r2, [r3, r1, lsl #2]	@ movhi
 692 022e 79E0     		b	.L20
 693              	.LVL70:
 694              	.L16:
 695              		.loc 1 2161 9 discriminator 6 view .LVU215
 696              	.LBE16:
2162:Drivers/STM32F1xx_HAL_Driver/Src/stm32f1xx_ll_usb.c ****       }
2163:Drivers/STM32F1xx_HAL_Driver/Src/stm32f1xx_ll_usb.c ****     }
2164:Drivers/STM32F1xx_HAL_Driver/Src/stm32f1xx_ll_usb.c ****   }
2165:Drivers/STM32F1xx_HAL_Driver/Src/stm32f1xx_ll_usb.c **** #if (USE_USB_DOUBLE_BUFFER == 1U)
2166:Drivers/STM32F1xx_HAL_Driver/Src/stm32f1xx_ll_usb.c ****   /* Double Buffer */
2167:Drivers/STM32F1xx_HAL_Driver/Src/stm32f1xx_ll_usb.c ****   else
2168:Drivers/STM32F1xx_HAL_Driver/Src/stm32f1xx_ll_usb.c ****   {
2169:Drivers/STM32F1xx_HAL_Driver/Src/stm32f1xx_ll_usb.c ****     if (ep->type == EP_TYPE_BULK)
 697              		.loc 1 2169 5 is_stmt 1 view .LVU216
 698              		.loc 1 2169 11 is_stmt 0 view .LVU217
 699 0230 CA78     		ldrb	r2, [r1, #3]	@ zero_extendqisi2
 700              		.loc 1 2169 8 view .LVU218
 701 0232 022A     		cmp	r2, #2
 702 0234 77D0     		beq	.L41
2170:Drivers/STM32F1xx_HAL_Driver/Src/stm32f1xx_ll_usb.c ****     {
2171:Drivers/STM32F1xx_HAL_Driver/Src/stm32f1xx_ll_usb.c ****       /* Set bulk endpoint as double buffered */
2172:Drivers/STM32F1xx_HAL_Driver/Src/stm32f1xx_ll_usb.c ****       PCD_SET_BULK_EP_DBUF(USBx, ep->num);
2173:Drivers/STM32F1xx_HAL_Driver/Src/stm32f1xx_ll_usb.c ****     }
2174:Drivers/STM32F1xx_HAL_Driver/Src/stm32f1xx_ll_usb.c ****     else
2175:Drivers/STM32F1xx_HAL_Driver/Src/stm32f1xx_ll_usb.c ****     {
2176:Drivers/STM32F1xx_HAL_Driver/Src/stm32f1xx_ll_usb.c ****       /* Set the ISOC endpoint in double buffer mode */
2177:Drivers/STM32F1xx_HAL_Driver/Src/stm32f1xx_ll_usb.c ****       PCD_CLEAR_EP_KIND(USBx, ep->num);
 703              		.loc 1 2177 7 is_stmt 1 view .LVU219
 704              	.LBB17:
 705              		.loc 1 2177 7 view .LVU220
 706              		.loc 1 2177 7 view .LVU221
 707 0236 91F800C0 		ldrb	ip, [r1]	@ zero_extendqisi2
 708 023a 33F82C20 		ldrh	r2, [r3, ip, lsl #2]
 709 023e 92B2     		uxth	r2, r2
 710 0240 22F4E242 		bic	r2, r2, #28928
 711 0244 22F07002 		bic	r2, r2, #112
 712              	.LVL71:
 713              		.loc 1 2177 7 view .LVU222
 714 0248 42F40042 		orr	r2, r2, #32768
 715              	.LVL72:
 716              		.loc 1 2177 7 is_stmt 0 view .LVU223
 717 024c 42F08002 		orr	r2, r2, #128
 718 0250 23F82C20 		strh	r2, [r3, ip, lsl #2]	@ movhi
 719              	.LVL73:
 720              	.L29:
 721              		.loc 1 2177 7 view .LVU224
 722              	.LBE17:
 723              		.loc 1 2177 7 is_stmt 1 view .LVU225
2178:Drivers/STM32F1xx_HAL_Driver/Src/stm32f1xx_ll_usb.c ****     }
ARM GAS  C:\Users\subdia\AppData\Local\Temp\ccmLEiFj.s 			page 52


2179:Drivers/STM32F1xx_HAL_Driver/Src/stm32f1xx_ll_usb.c **** 
2180:Drivers/STM32F1xx_HAL_Driver/Src/stm32f1xx_ll_usb.c ****     /* Set buffer address for double buffered mode */
2181:Drivers/STM32F1xx_HAL_Driver/Src/stm32f1xx_ll_usb.c ****     PCD_SET_EP_DBUF_ADDR(USBx, ep->num, ep->pmaaddr0, ep->pmaaddr1);
 724              		.loc 1 2181 5 view .LVU226
 725              		.loc 1 2181 5 view .LVU227
 726              		.loc 1 2181 5 view .LVU228
 727              	.LBB18:
 728              		.loc 1 2181 5 view .LVU229
 729              		.loc 1 2181 5 view .LVU230
 730              		.loc 1 2181 5 view .LVU231
 731 0254 B3F85020 		ldrh	r2, [r3, #80]
 732 0258 92B2     		uxth	r2, r2
 733 025a 1A44     		add	r2, r2, r3
 734              	.LVL74:
 735              		.loc 1 2181 5 view .LVU232
 736 025c 91F800C0 		ldrb	ip, [r1]	@ zero_extendqisi2
 737 0260 02EB0C12 		add	r2, r2, ip, lsl #4
 738              	.LVL75:
 739              		.loc 1 2181 5 view .LVU233
 740 0264 B1F808C0 		ldrh	ip, [r1, #8]
 741 0268 4FEA5C0C 		lsr	ip, ip, #1
 742 026c 4FEA4C0C 		lsl	ip, ip, #1
 743 0270 A2F800C4 		strh	ip, [r2, #1024]	@ movhi
 744              	.LBE18:
 745              		.loc 1 2181 5 view .LVU234
 746              		.loc 1 2181 5 view .LVU235
 747              		.loc 1 2181 5 view .LVU236
 748              		.loc 1 2181 5 view .LVU237
 749              	.LBB19:
 750              		.loc 1 2181 5 view .LVU238
 751              		.loc 1 2181 5 view .LVU239
 752              	.LVL76:
 753              		.loc 1 2181 5 view .LVU240
 754 0274 B3F85020 		ldrh	r2, [r3, #80]
 755              	.LVL77:
 756              		.loc 1 2181 5 is_stmt 0 view .LVU241
 757 0278 92B2     		uxth	r2, r2
 758 027a 1A44     		add	r2, r2, r3
 759              	.LVL78:
 760              		.loc 1 2181 5 is_stmt 1 view .LVU242
 761 027c 91F800C0 		ldrb	ip, [r1]	@ zero_extendqisi2
 762 0280 02EB0C12 		add	r2, r2, ip, lsl #4
 763              	.LVL79:
 764              		.loc 1 2181 5 view .LVU243
 765 0284 B1F80AC0 		ldrh	ip, [r1, #10]
 766 0288 4FEA5C0C 		lsr	ip, ip, #1
 767 028c 4FEA4C0C 		lsl	ip, ip, #1
 768 0290 A2F808C4 		strh	ip, [r2, #1032]	@ movhi
 769              	.LBE19:
 770              		.loc 1 2181 5 view .LVU244
 771              		.loc 1 2181 5 view .LVU245
 772              		.loc 1 2181 5 view .LVU246
2182:Drivers/STM32F1xx_HAL_Driver/Src/stm32f1xx_ll_usb.c **** 
2183:Drivers/STM32F1xx_HAL_Driver/Src/stm32f1xx_ll_usb.c ****     if (ep->is_in == 0U)
 773              		.loc 1 2183 5 view .LVU247
 774              		.loc 1 2183 11 is_stmt 0 view .LVU248
 775 0294 4A78     		ldrb	r2, [r1, #1]	@ zero_extendqisi2
ARM GAS  C:\Users\subdia\AppData\Local\Temp\ccmLEiFj.s 			page 53


 776              	.LVL80:
 777              		.loc 1 2183 8 view .LVU249
 778 0296 002A     		cmp	r2, #0
 779 0298 55D1     		bne	.L30
2184:Drivers/STM32F1xx_HAL_Driver/Src/stm32f1xx_ll_usb.c ****     {
2185:Drivers/STM32F1xx_HAL_Driver/Src/stm32f1xx_ll_usb.c ****       /* Clear the data toggle bits for the endpoint IN/OUT */
2186:Drivers/STM32F1xx_HAL_Driver/Src/stm32f1xx_ll_usb.c ****       PCD_CLEAR_RX_DTOG(USBx, ep->num);
 780              		.loc 1 2186 7 is_stmt 1 view .LVU250
 781              	.LBB20:
 782              		.loc 1 2186 7 view .LVU251
 783              		.loc 1 2186 7 view .LVU252
 784 029a 91F800C0 		ldrb	ip, [r1]	@ zero_extendqisi2
 785 029e 33F82C20 		ldrh	r2, [r3, ip, lsl #2]
 786              	.LVL81:
 787              		.loc 1 2186 7 view .LVU253
 788 02a2 12F4804F 		tst	r2, #16384
 789 02a6 0CD0     		beq	.L31
 790              		.loc 1 2186 7 discriminator 1 view .LVU254
 791              	.LBB21:
 792              		.loc 1 2186 7 discriminator 1 view .LVU255
 793              		.loc 1 2186 7 discriminator 1 view .LVU256
 794 02a8 33F82C20 		ldrh	r2, [r3, ip, lsl #2]
 795              	.LVL82:
 796              		.loc 1 2186 7 is_stmt 0 discriminator 1 view .LVU257
 797 02ac 92B2     		uxth	r2, r2
 798 02ae 22F4E042 		bic	r2, r2, #28672
 799 02b2 22F07002 		bic	r2, r2, #112
 800              	.LVL83:
 801              		.loc 1 2186 7 is_stmt 1 view .LVU258
 802              		.loc 1 2186 7 is_stmt 0 discriminator 1 view .LVU259
 803 02b6 42F44042 		orr	r2, r2, #49152
 804              	.LVL84:
 805              		.loc 1 2186 7 discriminator 1 view .LVU260
 806 02ba 42F08002 		orr	r2, r2, #128
 807 02be 23F82C20 		strh	r2, [r3, ip, lsl #2]	@ movhi
 808              	.LVL85:
 809              	.L31:
 810              		.loc 1 2186 7 discriminator 1 view .LVU261
 811              	.LBE21:
 812              		.loc 1 2186 7 is_stmt 1 view .LVU262
 813              	.LBE20:
 814              		.loc 1 2186 7 view .LVU263
2187:Drivers/STM32F1xx_HAL_Driver/Src/stm32f1xx_ll_usb.c ****       PCD_CLEAR_TX_DTOG(USBx, ep->num);
 815              		.loc 1 2187 7 view .LVU264
 816              	.LBB22:
 817              		.loc 1 2187 7 view .LVU265
 818              		.loc 1 2187 7 view .LVU266
 819 02c2 91F800C0 		ldrb	ip, [r1]	@ zero_extendqisi2
 820 02c6 33F82C20 		ldrh	r2, [r3, ip, lsl #2]
 821              	.LVL86:
 822              		.loc 1 2187 7 view .LVU267
 823 02ca 12F0400F 		tst	r2, #64
 824 02ce 0CD0     		beq	.L32
 825              		.loc 1 2187 7 discriminator 1 view .LVU268
 826              	.LBB23:
 827              		.loc 1 2187 7 discriminator 1 view .LVU269
 828              		.loc 1 2187 7 discriminator 1 view .LVU270
ARM GAS  C:\Users\subdia\AppData\Local\Temp\ccmLEiFj.s 			page 54


 829 02d0 33F82C20 		ldrh	r2, [r3, ip, lsl #2]
 830              	.LVL87:
 831              		.loc 1 2187 7 is_stmt 0 discriminator 1 view .LVU271
 832 02d4 92B2     		uxth	r2, r2
 833 02d6 22F4E042 		bic	r2, r2, #28672
 834 02da 22F07002 		bic	r2, r2, #112
 835              	.LVL88:
 836              		.loc 1 2187 7 is_stmt 1 view .LVU272
 837              		.loc 1 2187 7 is_stmt 0 discriminator 1 view .LVU273
 838 02de 42F40042 		orr	r2, r2, #32768
 839              	.LVL89:
 840              		.loc 1 2187 7 discriminator 1 view .LVU274
 841 02e2 42F0C002 		orr	r2, r2, #192
 842 02e6 23F82C20 		strh	r2, [r3, ip, lsl #2]	@ movhi
 843              	.LVL90:
 844              	.L32:
 845              		.loc 1 2187 7 discriminator 1 view .LVU275
 846              	.LBE23:
 847              		.loc 1 2187 7 is_stmt 1 view .LVU276
 848              	.LBE22:
 849              		.loc 1 2187 7 view .LVU277
2188:Drivers/STM32F1xx_HAL_Driver/Src/stm32f1xx_ll_usb.c **** 
2189:Drivers/STM32F1xx_HAL_Driver/Src/stm32f1xx_ll_usb.c ****       PCD_SET_EP_RX_STATUS(USBx, ep->num, USB_EP_RX_VALID);
 850              		.loc 1 2189 7 view .LVU278
 851              	.LBB24:
 852              		.loc 1 2189 7 view .LVU279
 853              		.loc 1 2189 7 view .LVU280
 854 02ea 91F800E0 		ldrb	lr, [r1]	@ zero_extendqisi2
 855 02ee 33F82E20 		ldrh	r2, [r3, lr, lsl #2]
 856 02f2 92B2     		uxth	r2, r2
 857 02f4 22F48042 		bic	r2, r2, #16384
 858 02f8 22F07002 		bic	r2, r2, #112
 859              		.loc 1 2189 7 view .LVU281
 860              		.loc 1 2189 7 discriminator 1 view .LVU282
 861              	.LVL91:
 862              		.loc 1 2189 7 discriminator 3 view .LVU283
 863              		.loc 1 2189 7 discriminator 4 view .LVU284
 864 02fc 82F44052 		eor	r2, r2, #12288
 865              	.LVL92:
 866              		.loc 1 2189 7 discriminator 6 view .LVU285
 867 0300 48F2800C 		movw	ip, #32896
 868 0304 42EA0C02 		orr	r2, r2, ip
 869              	.LVL93:
 870              		.loc 1 2189 7 is_stmt 0 discriminator 6 view .LVU286
 871 0308 23F82E20 		strh	r2, [r3, lr, lsl #2]	@ movhi
 872              	.LBE24:
 873              		.loc 1 2189 7 is_stmt 1 view .LVU287
2190:Drivers/STM32F1xx_HAL_Driver/Src/stm32f1xx_ll_usb.c ****       PCD_SET_EP_TX_STATUS(USBx, ep->num, USB_EP_TX_DIS);
 874              		.loc 1 2190 7 view .LVU288
 875              	.LBB25:
 876              		.loc 1 2190 7 view .LVU289
 877              		.loc 1 2190 7 view .LVU290
 878 030c 0978     		ldrb	r1, [r1]	@ zero_extendqisi2
 879              	.LVL94:
 880              		.loc 1 2190 7 is_stmt 0 view .LVU291
 881 030e 33F82120 		ldrh	r2, [r3, r1, lsl #2]
 882 0312 92B2     		uxth	r2, r2
ARM GAS  C:\Users\subdia\AppData\Local\Temp\ccmLEiFj.s 			page 55


 883 0314 22F4E042 		bic	r2, r2, #28672
 884 0318 22F04002 		bic	r2, r2, #64
 885              	.LVL95:
 886              		.loc 1 2190 7 is_stmt 1 view .LVU292
 887              		.loc 1 2190 7 discriminator 3 view .LVU293
 888              		.loc 1 2190 7 discriminator 6 view .LVU294
 889 031c 42EA0C02 		orr	r2, r2, ip
 890              	.LVL96:
 891              		.loc 1 2190 7 is_stmt 0 discriminator 6 view .LVU295
 892 0320 23F82120 		strh	r2, [r3, r1, lsl #2]	@ movhi
 893              	.LBE25:
 894              		.loc 1 2190 7 is_stmt 1 view .LVU296
 895              	.LVL97:
 896              	.L20:
2191:Drivers/STM32F1xx_HAL_Driver/Src/stm32f1xx_ll_usb.c ****     }
2192:Drivers/STM32F1xx_HAL_Driver/Src/stm32f1xx_ll_usb.c ****     else
2193:Drivers/STM32F1xx_HAL_Driver/Src/stm32f1xx_ll_usb.c ****     {
2194:Drivers/STM32F1xx_HAL_Driver/Src/stm32f1xx_ll_usb.c ****       /* Clear the data toggle bits for the endpoint IN/OUT */
2195:Drivers/STM32F1xx_HAL_Driver/Src/stm32f1xx_ll_usb.c ****       PCD_CLEAR_RX_DTOG(USBx, ep->num);
2196:Drivers/STM32F1xx_HAL_Driver/Src/stm32f1xx_ll_usb.c ****       PCD_CLEAR_TX_DTOG(USBx, ep->num);
2197:Drivers/STM32F1xx_HAL_Driver/Src/stm32f1xx_ll_usb.c **** 
2198:Drivers/STM32F1xx_HAL_Driver/Src/stm32f1xx_ll_usb.c ****       if (ep->type != EP_TYPE_ISOC)
2199:Drivers/STM32F1xx_HAL_Driver/Src/stm32f1xx_ll_usb.c ****       {
2200:Drivers/STM32F1xx_HAL_Driver/Src/stm32f1xx_ll_usb.c ****         /* Configure NAK status for the Endpoint */
2201:Drivers/STM32F1xx_HAL_Driver/Src/stm32f1xx_ll_usb.c ****         PCD_SET_EP_TX_STATUS(USBx, ep->num, USB_EP_TX_NAK);
2202:Drivers/STM32F1xx_HAL_Driver/Src/stm32f1xx_ll_usb.c ****       }
2203:Drivers/STM32F1xx_HAL_Driver/Src/stm32f1xx_ll_usb.c ****       else
2204:Drivers/STM32F1xx_HAL_Driver/Src/stm32f1xx_ll_usb.c ****       {
2205:Drivers/STM32F1xx_HAL_Driver/Src/stm32f1xx_ll_usb.c ****         /* Configure TX Endpoint to disabled state */
2206:Drivers/STM32F1xx_HAL_Driver/Src/stm32f1xx_ll_usb.c ****         PCD_SET_EP_TX_STATUS(USBx, ep->num, USB_EP_TX_DIS);
2207:Drivers/STM32F1xx_HAL_Driver/Src/stm32f1xx_ll_usb.c ****       }
2208:Drivers/STM32F1xx_HAL_Driver/Src/stm32f1xx_ll_usb.c **** 
2209:Drivers/STM32F1xx_HAL_Driver/Src/stm32f1xx_ll_usb.c ****       PCD_SET_EP_RX_STATUS(USBx, ep->num, USB_EP_RX_DIS);
 897              		.loc 1 2209 7 view .LVU297
2210:Drivers/STM32F1xx_HAL_Driver/Src/stm32f1xx_ll_usb.c ****     }
2211:Drivers/STM32F1xx_HAL_Driver/Src/stm32f1xx_ll_usb.c ****   }
2212:Drivers/STM32F1xx_HAL_Driver/Src/stm32f1xx_ll_usb.c **** #endif /* (USE_USB_DOUBLE_BUFFER == 1U) */
2213:Drivers/STM32F1xx_HAL_Driver/Src/stm32f1xx_ll_usb.c **** 
2214:Drivers/STM32F1xx_HAL_Driver/Src/stm32f1xx_ll_usb.c ****   return ret;
 898              		.loc 1 2214 3 view .LVU298
2215:Drivers/STM32F1xx_HAL_Driver/Src/stm32f1xx_ll_usb.c **** }
 899              		.loc 1 2215 1 is_stmt 0 view .LVU299
 900 0324 00BD     		pop	{pc}
 901              	.LVL98:
 902              	.L41:
2172:Drivers/STM32F1xx_HAL_Driver/Src/stm32f1xx_ll_usb.c ****     }
 903              		.loc 1 2172 7 is_stmt 1 view .LVU300
 904              	.LBB26:
2172:Drivers/STM32F1xx_HAL_Driver/Src/stm32f1xx_ll_usb.c ****     }
 905              		.loc 1 2172 7 view .LVU301
2172:Drivers/STM32F1xx_HAL_Driver/Src/stm32f1xx_ll_usb.c ****     }
 906              		.loc 1 2172 7 view .LVU302
 907 0326 91F800C0 		ldrb	ip, [r1]	@ zero_extendqisi2
 908 032a 33F82C20 		ldrh	r2, [r3, ip, lsl #2]
 909 032e 92B2     		uxth	r2, r2
 910 0330 22F4E042 		bic	r2, r2, #28672
 911 0334 22F07002 		bic	r2, r2, #112
ARM GAS  C:\Users\subdia\AppData\Local\Temp\ccmLEiFj.s 			page 56


 912              	.LVL99:
2172:Drivers/STM32F1xx_HAL_Driver/Src/stm32f1xx_ll_usb.c ****     }
 913              		.loc 1 2172 7 view .LVU303
 914 0338 42F40142 		orr	r2, r2, #33024
 915              	.LVL100:
2172:Drivers/STM32F1xx_HAL_Driver/Src/stm32f1xx_ll_usb.c ****     }
 916              		.loc 1 2172 7 is_stmt 0 view .LVU304
 917 033c 42F08002 		orr	r2, r2, #128
 918 0340 23F82C20 		strh	r2, [r3, ip, lsl #2]	@ movhi
 919              	.LBE26:
2172:Drivers/STM32F1xx_HAL_Driver/Src/stm32f1xx_ll_usb.c ****     }
 920              		.loc 1 2172 7 is_stmt 1 view .LVU305
 921 0344 86E7     		b	.L29
 922              	.LVL101:
 923              	.L30:
2195:Drivers/STM32F1xx_HAL_Driver/Src/stm32f1xx_ll_usb.c ****       PCD_CLEAR_TX_DTOG(USBx, ep->num);
 924              		.loc 1 2195 7 view .LVU306
 925              	.LBB27:
2195:Drivers/STM32F1xx_HAL_Driver/Src/stm32f1xx_ll_usb.c ****       PCD_CLEAR_TX_DTOG(USBx, ep->num);
 926              		.loc 1 2195 7 view .LVU307
2195:Drivers/STM32F1xx_HAL_Driver/Src/stm32f1xx_ll_usb.c ****       PCD_CLEAR_TX_DTOG(USBx, ep->num);
 927              		.loc 1 2195 7 view .LVU308
 928 0346 91F800C0 		ldrb	ip, [r1]	@ zero_extendqisi2
 929 034a 33F82C20 		ldrh	r2, [r3, ip, lsl #2]
 930              	.LVL102:
2195:Drivers/STM32F1xx_HAL_Driver/Src/stm32f1xx_ll_usb.c ****       PCD_CLEAR_TX_DTOG(USBx, ep->num);
 931              		.loc 1 2195 7 view .LVU309
 932 034e 12F4804F 		tst	r2, #16384
 933 0352 0CD0     		beq	.L33
2195:Drivers/STM32F1xx_HAL_Driver/Src/stm32f1xx_ll_usb.c ****       PCD_CLEAR_TX_DTOG(USBx, ep->num);
 934              		.loc 1 2195 7 discriminator 1 view .LVU310
 935              	.LBB28:
2195:Drivers/STM32F1xx_HAL_Driver/Src/stm32f1xx_ll_usb.c ****       PCD_CLEAR_TX_DTOG(USBx, ep->num);
 936              		.loc 1 2195 7 discriminator 1 view .LVU311
2195:Drivers/STM32F1xx_HAL_Driver/Src/stm32f1xx_ll_usb.c ****       PCD_CLEAR_TX_DTOG(USBx, ep->num);
 937              		.loc 1 2195 7 discriminator 1 view .LVU312
 938 0354 33F82C20 		ldrh	r2, [r3, ip, lsl #2]
 939              	.LVL103:
2195:Drivers/STM32F1xx_HAL_Driver/Src/stm32f1xx_ll_usb.c ****       PCD_CLEAR_TX_DTOG(USBx, ep->num);
 940              		.loc 1 2195 7 is_stmt 0 discriminator 1 view .LVU313
 941 0358 92B2     		uxth	r2, r2
 942 035a 22F4E042 		bic	r2, r2, #28672
 943 035e 22F07002 		bic	r2, r2, #112
 944              	.LVL104:
2195:Drivers/STM32F1xx_HAL_Driver/Src/stm32f1xx_ll_usb.c ****       PCD_CLEAR_TX_DTOG(USBx, ep->num);
 945              		.loc 1 2195 7 is_stmt 1 view .LVU314
2195:Drivers/STM32F1xx_HAL_Driver/Src/stm32f1xx_ll_usb.c ****       PCD_CLEAR_TX_DTOG(USBx, ep->num);
 946              		.loc 1 2195 7 is_stmt 0 discriminator 1 view .LVU315
 947 0362 42F44042 		orr	r2, r2, #49152
 948              	.LVL105:
2195:Drivers/STM32F1xx_HAL_Driver/Src/stm32f1xx_ll_usb.c ****       PCD_CLEAR_TX_DTOG(USBx, ep->num);
 949              		.loc 1 2195 7 discriminator 1 view .LVU316
 950 0366 42F08002 		orr	r2, r2, #128
 951 036a 23F82C20 		strh	r2, [r3, ip, lsl #2]	@ movhi
 952              	.LVL106:
 953              	.L33:
2195:Drivers/STM32F1xx_HAL_Driver/Src/stm32f1xx_ll_usb.c ****       PCD_CLEAR_TX_DTOG(USBx, ep->num);
ARM GAS  C:\Users\subdia\AppData\Local\Temp\ccmLEiFj.s 			page 57


 954              		.loc 1 2195 7 discriminator 1 view .LVU317
 955              	.LBE28:
2195:Drivers/STM32F1xx_HAL_Driver/Src/stm32f1xx_ll_usb.c ****       PCD_CLEAR_TX_DTOG(USBx, ep->num);
 956              		.loc 1 2195 7 is_stmt 1 view .LVU318
 957              	.LBE27:
2195:Drivers/STM32F1xx_HAL_Driver/Src/stm32f1xx_ll_usb.c ****       PCD_CLEAR_TX_DTOG(USBx, ep->num);
 958              		.loc 1 2195 7 view .LVU319
2196:Drivers/STM32F1xx_HAL_Driver/Src/stm32f1xx_ll_usb.c **** 
 959              		.loc 1 2196 7 view .LVU320
 960              	.LBB29:
2196:Drivers/STM32F1xx_HAL_Driver/Src/stm32f1xx_ll_usb.c **** 
 961              		.loc 1 2196 7 view .LVU321
2196:Drivers/STM32F1xx_HAL_Driver/Src/stm32f1xx_ll_usb.c **** 
 962              		.loc 1 2196 7 view .LVU322
 963 036e 91F800C0 		ldrb	ip, [r1]	@ zero_extendqisi2
 964 0372 33F82C20 		ldrh	r2, [r3, ip, lsl #2]
 965              	.LVL107:
2196:Drivers/STM32F1xx_HAL_Driver/Src/stm32f1xx_ll_usb.c **** 
 966              		.loc 1 2196 7 view .LVU323
 967 0376 12F0400F 		tst	r2, #64
 968 037a 0CD0     		beq	.L34
2196:Drivers/STM32F1xx_HAL_Driver/Src/stm32f1xx_ll_usb.c **** 
 969              		.loc 1 2196 7 discriminator 1 view .LVU324
 970              	.LBB30:
2196:Drivers/STM32F1xx_HAL_Driver/Src/stm32f1xx_ll_usb.c **** 
 971              		.loc 1 2196 7 discriminator 1 view .LVU325
2196:Drivers/STM32F1xx_HAL_Driver/Src/stm32f1xx_ll_usb.c **** 
 972              		.loc 1 2196 7 discriminator 1 view .LVU326
 973 037c 33F82C20 		ldrh	r2, [r3, ip, lsl #2]
 974              	.LVL108:
2196:Drivers/STM32F1xx_HAL_Driver/Src/stm32f1xx_ll_usb.c **** 
 975              		.loc 1 2196 7 is_stmt 0 discriminator 1 view .LVU327
 976 0380 92B2     		uxth	r2, r2
 977 0382 22F4E042 		bic	r2, r2, #28672
 978 0386 22F07002 		bic	r2, r2, #112
 979              	.LVL109:
2196:Drivers/STM32F1xx_HAL_Driver/Src/stm32f1xx_ll_usb.c **** 
 980              		.loc 1 2196 7 is_stmt 1 view .LVU328
2196:Drivers/STM32F1xx_HAL_Driver/Src/stm32f1xx_ll_usb.c **** 
 981              		.loc 1 2196 7 is_stmt 0 discriminator 1 view .LVU329
 982 038a 42F40042 		orr	r2, r2, #32768
 983              	.LVL110:
2196:Drivers/STM32F1xx_HAL_Driver/Src/stm32f1xx_ll_usb.c **** 
 984              		.loc 1 2196 7 discriminator 1 view .LVU330
 985 038e 42F0C002 		orr	r2, r2, #192
 986 0392 23F82C20 		strh	r2, [r3, ip, lsl #2]	@ movhi
 987              	.LVL111:
 988              	.L34:
2196:Drivers/STM32F1xx_HAL_Driver/Src/stm32f1xx_ll_usb.c **** 
 989              		.loc 1 2196 7 discriminator 1 view .LVU331
 990              	.LBE30:
2196:Drivers/STM32F1xx_HAL_Driver/Src/stm32f1xx_ll_usb.c **** 
 991              		.loc 1 2196 7 is_stmt 1 view .LVU332
 992              	.LBE29:
2196:Drivers/STM32F1xx_HAL_Driver/Src/stm32f1xx_ll_usb.c **** 
 993              		.loc 1 2196 7 view .LVU333
2198:Drivers/STM32F1xx_HAL_Driver/Src/stm32f1xx_ll_usb.c ****       {
ARM GAS  C:\Users\subdia\AppData\Local\Temp\ccmLEiFj.s 			page 58


 994              		.loc 1 2198 7 view .LVU334
2198:Drivers/STM32F1xx_HAL_Driver/Src/stm32f1xx_ll_usb.c ****       {
 995              		.loc 1 2198 13 is_stmt 0 view .LVU335
 996 0396 CA78     		ldrb	r2, [r1, #3]	@ zero_extendqisi2
2198:Drivers/STM32F1xx_HAL_Driver/Src/stm32f1xx_ll_usb.c ****       {
 997              		.loc 1 2198 10 view .LVU336
 998 0398 012A     		cmp	r2, #1
 999 039a 1FD0     		beq	.L35
2201:Drivers/STM32F1xx_HAL_Driver/Src/stm32f1xx_ll_usb.c ****       }
 1000              		.loc 1 2201 9 is_stmt 1 view .LVU337
 1001              	.LBB31:
2201:Drivers/STM32F1xx_HAL_Driver/Src/stm32f1xx_ll_usb.c ****       }
 1002              		.loc 1 2201 9 view .LVU338
2201:Drivers/STM32F1xx_HAL_Driver/Src/stm32f1xx_ll_usb.c ****       }
 1003              		.loc 1 2201 9 view .LVU339
 1004 039c 91F800C0 		ldrb	ip, [r1]	@ zero_extendqisi2
 1005 03a0 33F82C20 		ldrh	r2, [r3, ip, lsl #2]
 1006 03a4 92B2     		uxth	r2, r2
 1007 03a6 22F4E042 		bic	r2, r2, #28672
 1008 03aa 22F04002 		bic	r2, r2, #64
 1009              	.LVL112:
2201:Drivers/STM32F1xx_HAL_Driver/Src/stm32f1xx_ll_usb.c ****       }
 1010              		.loc 1 2201 9 view .LVU340
2201:Drivers/STM32F1xx_HAL_Driver/Src/stm32f1xx_ll_usb.c ****       }
 1011              		.loc 1 2201 9 discriminator 3 view .LVU341
2201:Drivers/STM32F1xx_HAL_Driver/Src/stm32f1xx_ll_usb.c ****       }
 1012              		.loc 1 2201 9 discriminator 4 view .LVU342
 1013 03ae 82F02002 		eor	r2, r2, #32
 1014              	.LVL113:
2201:Drivers/STM32F1xx_HAL_Driver/Src/stm32f1xx_ll_usb.c ****       }
 1015              		.loc 1 2201 9 discriminator 6 view .LVU343
 1016 03b2 42F40042 		orr	r2, r2, #32768
 1017              	.LVL114:
2201:Drivers/STM32F1xx_HAL_Driver/Src/stm32f1xx_ll_usb.c ****       }
 1018              		.loc 1 2201 9 is_stmt 0 discriminator 6 view .LVU344
 1019 03b6 42F08002 		orr	r2, r2, #128
 1020 03ba 23F82C20 		strh	r2, [r3, ip, lsl #2]	@ movhi
 1021              	.LBE31:
2201:Drivers/STM32F1xx_HAL_Driver/Src/stm32f1xx_ll_usb.c ****       }
 1022              		.loc 1 2201 9 is_stmt 1 view .LVU345
 1023              	.LVL115:
 1024              	.L36:
2206:Drivers/STM32F1xx_HAL_Driver/Src/stm32f1xx_ll_usb.c ****       }
 1025              		.loc 1 2206 9 view .LVU346
2209:Drivers/STM32F1xx_HAL_Driver/Src/stm32f1xx_ll_usb.c ****     }
 1026              		.loc 1 2209 7 view .LVU347
 1027              	.LBB32:
2209:Drivers/STM32F1xx_HAL_Driver/Src/stm32f1xx_ll_usb.c ****     }
 1028              		.loc 1 2209 7 view .LVU348
2209:Drivers/STM32F1xx_HAL_Driver/Src/stm32f1xx_ll_usb.c ****     }
 1029              		.loc 1 2209 7 view .LVU349
 1030 03be 0978     		ldrb	r1, [r1]	@ zero_extendqisi2
 1031              	.LVL116:
2209:Drivers/STM32F1xx_HAL_Driver/Src/stm32f1xx_ll_usb.c ****     }
 1032              		.loc 1 2209 7 is_stmt 0 view .LVU350
 1033 03c0 33F82120 		ldrh	r2, [r3, r1, lsl #2]
 1034 03c4 92B2     		uxth	r2, r2
ARM GAS  C:\Users\subdia\AppData\Local\Temp\ccmLEiFj.s 			page 59


 1035 03c6 22F48042 		bic	r2, r2, #16384
 1036 03ca 22F07002 		bic	r2, r2, #112
 1037              	.LVL117:
2209:Drivers/STM32F1xx_HAL_Driver/Src/stm32f1xx_ll_usb.c ****     }
 1038              		.loc 1 2209 7 is_stmt 1 view .LVU351
2209:Drivers/STM32F1xx_HAL_Driver/Src/stm32f1xx_ll_usb.c ****     }
 1039              		.loc 1 2209 7 discriminator 3 view .LVU352
2209:Drivers/STM32F1xx_HAL_Driver/Src/stm32f1xx_ll_usb.c ****     }
 1040              		.loc 1 2209 7 discriminator 6 view .LVU353
 1041 03ce 42F40042 		orr	r2, r2, #32768
 1042              	.LVL118:
2209:Drivers/STM32F1xx_HAL_Driver/Src/stm32f1xx_ll_usb.c ****     }
 1043              		.loc 1 2209 7 is_stmt 0 discriminator 6 view .LVU354
 1044 03d2 42F08002 		orr	r2, r2, #128
 1045 03d6 23F82120 		strh	r2, [r3, r1, lsl #2]	@ movhi
 1046 03da A3E7     		b	.L20
 1047              	.LVL119:
 1048              	.L35:
2209:Drivers/STM32F1xx_HAL_Driver/Src/stm32f1xx_ll_usb.c ****     }
 1049              		.loc 1 2209 7 discriminator 6 view .LVU355
 1050              	.LBE32:
2206:Drivers/STM32F1xx_HAL_Driver/Src/stm32f1xx_ll_usb.c ****       }
 1051              		.loc 1 2206 9 is_stmt 1 view .LVU356
 1052              	.LBB33:
2206:Drivers/STM32F1xx_HAL_Driver/Src/stm32f1xx_ll_usb.c ****       }
 1053              		.loc 1 2206 9 view .LVU357
2206:Drivers/STM32F1xx_HAL_Driver/Src/stm32f1xx_ll_usb.c ****       }
 1054              		.loc 1 2206 9 view .LVU358
 1055 03dc 91F800C0 		ldrb	ip, [r1]	@ zero_extendqisi2
 1056 03e0 33F82C20 		ldrh	r2, [r3, ip, lsl #2]
 1057 03e4 92B2     		uxth	r2, r2
 1058 03e6 22F4E042 		bic	r2, r2, #28672
 1059 03ea 22F04002 		bic	r2, r2, #64
 1060              	.LVL120:
2206:Drivers/STM32F1xx_HAL_Driver/Src/stm32f1xx_ll_usb.c ****       }
 1061              		.loc 1 2206 9 view .LVU359
2206:Drivers/STM32F1xx_HAL_Driver/Src/stm32f1xx_ll_usb.c ****       }
 1062              		.loc 1 2206 9 discriminator 3 view .LVU360
2206:Drivers/STM32F1xx_HAL_Driver/Src/stm32f1xx_ll_usb.c ****       }
 1063              		.loc 1 2206 9 discriminator 6 view .LVU361
 1064 03ee 42F40042 		orr	r2, r2, #32768
 1065              	.LVL121:
2206:Drivers/STM32F1xx_HAL_Driver/Src/stm32f1xx_ll_usb.c ****       }
 1066              		.loc 1 2206 9 is_stmt 0 discriminator 6 view .LVU362
 1067 03f2 42F08002 		orr	r2, r2, #128
 1068 03f6 23F82C20 		strh	r2, [r3, ip, lsl #2]	@ movhi
 1069 03fa E0E7     		b	.L36
 1070              	.LBE33:
 1071              		.cfi_endproc
 1072              	.LFE72:
 1074              		.section	.text.USB_DeactivateEndpoint,"ax",%progbits
 1075              		.align	1
 1076              		.global	USB_DeactivateEndpoint
 1077              		.syntax unified
 1078              		.thumb
 1079              		.thumb_func
 1081              	USB_DeactivateEndpoint:
ARM GAS  C:\Users\subdia\AppData\Local\Temp\ccmLEiFj.s 			page 60


 1082              	.LVL122:
 1083              	.LFB73:
2216:Drivers/STM32F1xx_HAL_Driver/Src/stm32f1xx_ll_usb.c **** 
2217:Drivers/STM32F1xx_HAL_Driver/Src/stm32f1xx_ll_usb.c **** /**
2218:Drivers/STM32F1xx_HAL_Driver/Src/stm32f1xx_ll_usb.c ****   * @brief  De-activate and de-initialize an endpoint
2219:Drivers/STM32F1xx_HAL_Driver/Src/stm32f1xx_ll_usb.c ****   * @param  USBx Selected device
2220:Drivers/STM32F1xx_HAL_Driver/Src/stm32f1xx_ll_usb.c ****   * @param  ep pointer to endpoint structure
2221:Drivers/STM32F1xx_HAL_Driver/Src/stm32f1xx_ll_usb.c ****   * @retval HAL status
2222:Drivers/STM32F1xx_HAL_Driver/Src/stm32f1xx_ll_usb.c ****   */
2223:Drivers/STM32F1xx_HAL_Driver/Src/stm32f1xx_ll_usb.c **** HAL_StatusTypeDef USB_DeactivateEndpoint(USB_TypeDef *USBx, USB_EPTypeDef *ep)
2224:Drivers/STM32F1xx_HAL_Driver/Src/stm32f1xx_ll_usb.c **** {
 1084              		.loc 1 2224 1 is_stmt 1 view -0
 1085              		.cfi_startproc
 1086              		@ args = 0, pretend = 0, frame = 0
 1087              		@ frame_needed = 0, uses_anonymous_args = 0
 1088              		@ link register save eliminated.
2225:Drivers/STM32F1xx_HAL_Driver/Src/stm32f1xx_ll_usb.c ****   if (ep->doublebuffer == 0U)
 1089              		.loc 1 2225 3 view .LVU364
 1090              		.loc 1 2225 9 is_stmt 0 view .LVU365
 1091 0000 0B7B     		ldrb	r3, [r1, #12]	@ zero_extendqisi2
 1092              		.loc 1 2225 6 view .LVU366
 1093 0002 002B     		cmp	r3, #0
 1094 0004 46D1     		bne	.L43
2226:Drivers/STM32F1xx_HAL_Driver/Src/stm32f1xx_ll_usb.c ****   {
2227:Drivers/STM32F1xx_HAL_Driver/Src/stm32f1xx_ll_usb.c ****     if (ep->is_in != 0U)
 1095              		.loc 1 2227 5 is_stmt 1 view .LVU367
 1096              		.loc 1 2227 11 is_stmt 0 view .LVU368
 1097 0006 4B78     		ldrb	r3, [r1, #1]	@ zero_extendqisi2
 1098              		.loc 1 2227 8 view .LVU369
 1099 0008 13B3     		cbz	r3, .L44
2228:Drivers/STM32F1xx_HAL_Driver/Src/stm32f1xx_ll_usb.c ****     {
2229:Drivers/STM32F1xx_HAL_Driver/Src/stm32f1xx_ll_usb.c ****       PCD_CLEAR_TX_DTOG(USBx, ep->num);
 1100              		.loc 1 2229 7 is_stmt 1 view .LVU370
 1101              	.LBB34:
 1102              		.loc 1 2229 7 view .LVU371
 1103              		.loc 1 2229 7 view .LVU372
 1104 000a 0A78     		ldrb	r2, [r1]	@ zero_extendqisi2
 1105 000c 30F82230 		ldrh	r3, [r0, r2, lsl #2]
 1106              	.LVL123:
 1107              		.loc 1 2229 7 view .LVU373
 1108 0010 13F0400F 		tst	r3, #64
 1109 0014 0CD0     		beq	.L45
 1110              		.loc 1 2229 7 discriminator 1 view .LVU374
 1111              	.LBB35:
 1112              		.loc 1 2229 7 discriminator 1 view .LVU375
 1113              		.loc 1 2229 7 discriminator 1 view .LVU376
 1114 0016 30F82230 		ldrh	r3, [r0, r2, lsl #2]
 1115              	.LVL124:
 1116              		.loc 1 2229 7 is_stmt 0 discriminator 1 view .LVU377
 1117 001a 9BB2     		uxth	r3, r3
 1118 001c 23F4E043 		bic	r3, r3, #28672
 1119 0020 23F07003 		bic	r3, r3, #112
 1120              	.LVL125:
 1121              		.loc 1 2229 7 is_stmt 1 view .LVU378
 1122              		.loc 1 2229 7 is_stmt 0 discriminator 1 view .LVU379
 1123 0024 43F40043 		orr	r3, r3, #32768
 1124              	.LVL126:
ARM GAS  C:\Users\subdia\AppData\Local\Temp\ccmLEiFj.s 			page 61


 1125              		.loc 1 2229 7 discriminator 1 view .LVU380
 1126 0028 43F0C003 		orr	r3, r3, #192
 1127 002c 20F82230 		strh	r3, [r0, r2, lsl #2]	@ movhi
 1128              	.LVL127:
 1129              	.L45:
 1130              		.loc 1 2229 7 discriminator 1 view .LVU381
 1131              	.LBE35:
 1132              		.loc 1 2229 7 is_stmt 1 view .LVU382
 1133              	.LBE34:
 1134              		.loc 1 2229 7 view .LVU383
2230:Drivers/STM32F1xx_HAL_Driver/Src/stm32f1xx_ll_usb.c **** 
2231:Drivers/STM32F1xx_HAL_Driver/Src/stm32f1xx_ll_usb.c ****       /* Configure DISABLE status for the Endpoint */
2232:Drivers/STM32F1xx_HAL_Driver/Src/stm32f1xx_ll_usb.c ****       PCD_SET_EP_TX_STATUS(USBx, ep->num, USB_EP_TX_DIS);
 1135              		.loc 1 2232 7 view .LVU384
 1136              	.LBB36:
 1137              		.loc 1 2232 7 view .LVU385
 1138              		.loc 1 2232 7 view .LVU386
 1139 0030 0A78     		ldrb	r2, [r1]	@ zero_extendqisi2
 1140 0032 30F82230 		ldrh	r3, [r0, r2, lsl #2]
 1141 0036 9BB2     		uxth	r3, r3
 1142 0038 23F4E043 		bic	r3, r3, #28672
 1143 003c 23F04003 		bic	r3, r3, #64
 1144              	.LVL128:
 1145              		.loc 1 2232 7 view .LVU387
 1146              		.loc 1 2232 7 discriminator 3 view .LVU388
 1147              		.loc 1 2232 7 discriminator 6 view .LVU389
 1148 0040 43F40043 		orr	r3, r3, #32768
 1149              	.LVL129:
 1150              		.loc 1 2232 7 is_stmt 0 discriminator 6 view .LVU390
 1151 0044 43F08003 		orr	r3, r3, #128
 1152 0048 20F82230 		strh	r3, [r0, r2, lsl #2]	@ movhi
 1153              	.LBE36:
 1154              		.loc 1 2232 7 is_stmt 1 view .LVU391
 1155              	.LVL130:
 1156              	.L46:
2233:Drivers/STM32F1xx_HAL_Driver/Src/stm32f1xx_ll_usb.c ****     }
2234:Drivers/STM32F1xx_HAL_Driver/Src/stm32f1xx_ll_usb.c **** 
2235:Drivers/STM32F1xx_HAL_Driver/Src/stm32f1xx_ll_usb.c ****     else
2236:Drivers/STM32F1xx_HAL_Driver/Src/stm32f1xx_ll_usb.c ****     {
2237:Drivers/STM32F1xx_HAL_Driver/Src/stm32f1xx_ll_usb.c ****       PCD_CLEAR_RX_DTOG(USBx, ep->num);
2238:Drivers/STM32F1xx_HAL_Driver/Src/stm32f1xx_ll_usb.c **** 
2239:Drivers/STM32F1xx_HAL_Driver/Src/stm32f1xx_ll_usb.c ****       /* Configure DISABLE status for the Endpoint */
2240:Drivers/STM32F1xx_HAL_Driver/Src/stm32f1xx_ll_usb.c ****       PCD_SET_EP_RX_STATUS(USBx, ep->num, USB_EP_RX_DIS);
2241:Drivers/STM32F1xx_HAL_Driver/Src/stm32f1xx_ll_usb.c ****     }
2242:Drivers/STM32F1xx_HAL_Driver/Src/stm32f1xx_ll_usb.c ****   }
2243:Drivers/STM32F1xx_HAL_Driver/Src/stm32f1xx_ll_usb.c **** #if (USE_USB_DOUBLE_BUFFER == 1U)
2244:Drivers/STM32F1xx_HAL_Driver/Src/stm32f1xx_ll_usb.c ****   /* Double Buffer */
2245:Drivers/STM32F1xx_HAL_Driver/Src/stm32f1xx_ll_usb.c ****   else
2246:Drivers/STM32F1xx_HAL_Driver/Src/stm32f1xx_ll_usb.c ****   {
2247:Drivers/STM32F1xx_HAL_Driver/Src/stm32f1xx_ll_usb.c ****     if (ep->is_in == 0U)
2248:Drivers/STM32F1xx_HAL_Driver/Src/stm32f1xx_ll_usb.c ****     {
2249:Drivers/STM32F1xx_HAL_Driver/Src/stm32f1xx_ll_usb.c ****       /* Clear the data toggle bits for the endpoint IN/OUT*/
2250:Drivers/STM32F1xx_HAL_Driver/Src/stm32f1xx_ll_usb.c ****       PCD_CLEAR_RX_DTOG(USBx, ep->num);
2251:Drivers/STM32F1xx_HAL_Driver/Src/stm32f1xx_ll_usb.c ****       PCD_CLEAR_TX_DTOG(USBx, ep->num);
2252:Drivers/STM32F1xx_HAL_Driver/Src/stm32f1xx_ll_usb.c **** 
2253:Drivers/STM32F1xx_HAL_Driver/Src/stm32f1xx_ll_usb.c ****       /* Reset value of the data toggle bits for the endpoint out*/
2254:Drivers/STM32F1xx_HAL_Driver/Src/stm32f1xx_ll_usb.c ****       PCD_TX_DTOG(USBx, ep->num);
ARM GAS  C:\Users\subdia\AppData\Local\Temp\ccmLEiFj.s 			page 62


2255:Drivers/STM32F1xx_HAL_Driver/Src/stm32f1xx_ll_usb.c **** 
2256:Drivers/STM32F1xx_HAL_Driver/Src/stm32f1xx_ll_usb.c ****       PCD_SET_EP_RX_STATUS(USBx, ep->num, USB_EP_RX_DIS);
2257:Drivers/STM32F1xx_HAL_Driver/Src/stm32f1xx_ll_usb.c ****       PCD_SET_EP_TX_STATUS(USBx, ep->num, USB_EP_TX_DIS);
2258:Drivers/STM32F1xx_HAL_Driver/Src/stm32f1xx_ll_usb.c ****     }
2259:Drivers/STM32F1xx_HAL_Driver/Src/stm32f1xx_ll_usb.c ****     else
2260:Drivers/STM32F1xx_HAL_Driver/Src/stm32f1xx_ll_usb.c ****     {
2261:Drivers/STM32F1xx_HAL_Driver/Src/stm32f1xx_ll_usb.c ****       /* Clear the data toggle bits for the endpoint IN/OUT*/
2262:Drivers/STM32F1xx_HAL_Driver/Src/stm32f1xx_ll_usb.c ****       PCD_CLEAR_RX_DTOG(USBx, ep->num);
2263:Drivers/STM32F1xx_HAL_Driver/Src/stm32f1xx_ll_usb.c ****       PCD_CLEAR_TX_DTOG(USBx, ep->num);
2264:Drivers/STM32F1xx_HAL_Driver/Src/stm32f1xx_ll_usb.c ****       PCD_RX_DTOG(USBx, ep->num);
2265:Drivers/STM32F1xx_HAL_Driver/Src/stm32f1xx_ll_usb.c **** 
2266:Drivers/STM32F1xx_HAL_Driver/Src/stm32f1xx_ll_usb.c ****       /* Configure DISABLE status for the Endpoint*/
2267:Drivers/STM32F1xx_HAL_Driver/Src/stm32f1xx_ll_usb.c ****       PCD_SET_EP_TX_STATUS(USBx, ep->num, USB_EP_TX_DIS);
2268:Drivers/STM32F1xx_HAL_Driver/Src/stm32f1xx_ll_usb.c ****       PCD_SET_EP_RX_STATUS(USBx, ep->num, USB_EP_RX_DIS);
 1157              		.loc 1 2268 7 view .LVU392
2269:Drivers/STM32F1xx_HAL_Driver/Src/stm32f1xx_ll_usb.c ****     }
2270:Drivers/STM32F1xx_HAL_Driver/Src/stm32f1xx_ll_usb.c ****   }
2271:Drivers/STM32F1xx_HAL_Driver/Src/stm32f1xx_ll_usb.c **** #endif /* (USE_USB_DOUBLE_BUFFER == 1U) */
2272:Drivers/STM32F1xx_HAL_Driver/Src/stm32f1xx_ll_usb.c **** 
2273:Drivers/STM32F1xx_HAL_Driver/Src/stm32f1xx_ll_usb.c ****   return HAL_OK;
 1158              		.loc 1 2273 3 view .LVU393
2274:Drivers/STM32F1xx_HAL_Driver/Src/stm32f1xx_ll_usb.c **** }
 1159              		.loc 1 2274 1 is_stmt 0 view .LVU394
 1160 004c 0020     		movs	r0, #0
 1161              	.LVL131:
 1162              		.loc 1 2274 1 view .LVU395
 1163 004e 7047     		bx	lr
 1164              	.LVL132:
 1165              	.L44:
2237:Drivers/STM32F1xx_HAL_Driver/Src/stm32f1xx_ll_usb.c **** 
 1166              		.loc 1 2237 7 is_stmt 1 view .LVU396
 1167              	.LBB37:
2237:Drivers/STM32F1xx_HAL_Driver/Src/stm32f1xx_ll_usb.c **** 
 1168              		.loc 1 2237 7 view .LVU397
2237:Drivers/STM32F1xx_HAL_Driver/Src/stm32f1xx_ll_usb.c **** 
 1169              		.loc 1 2237 7 view .LVU398
 1170 0050 0A78     		ldrb	r2, [r1]	@ zero_extendqisi2
 1171 0052 30F82230 		ldrh	r3, [r0, r2, lsl #2]
 1172              	.LVL133:
2237:Drivers/STM32F1xx_HAL_Driver/Src/stm32f1xx_ll_usb.c **** 
 1173              		.loc 1 2237 7 view .LVU399
 1174 0056 13F4804F 		tst	r3, #16384
 1175 005a 0CD0     		beq	.L47
2237:Drivers/STM32F1xx_HAL_Driver/Src/stm32f1xx_ll_usb.c **** 
 1176              		.loc 1 2237 7 discriminator 1 view .LVU400
 1177              	.LBB38:
2237:Drivers/STM32F1xx_HAL_Driver/Src/stm32f1xx_ll_usb.c **** 
 1178              		.loc 1 2237 7 discriminator 1 view .LVU401
2237:Drivers/STM32F1xx_HAL_Driver/Src/stm32f1xx_ll_usb.c **** 
 1179              		.loc 1 2237 7 discriminator 1 view .LVU402
 1180 005c 30F82230 		ldrh	r3, [r0, r2, lsl #2]
 1181              	.LVL134:
2237:Drivers/STM32F1xx_HAL_Driver/Src/stm32f1xx_ll_usb.c **** 
 1182              		.loc 1 2237 7 is_stmt 0 discriminator 1 view .LVU403
 1183 0060 9BB2     		uxth	r3, r3
 1184 0062 23F4E043 		bic	r3, r3, #28672
 1185 0066 23F07003 		bic	r3, r3, #112
ARM GAS  C:\Users\subdia\AppData\Local\Temp\ccmLEiFj.s 			page 63


 1186              	.LVL135:
2237:Drivers/STM32F1xx_HAL_Driver/Src/stm32f1xx_ll_usb.c **** 
 1187              		.loc 1 2237 7 is_stmt 1 view .LVU404
2237:Drivers/STM32F1xx_HAL_Driver/Src/stm32f1xx_ll_usb.c **** 
 1188              		.loc 1 2237 7 is_stmt 0 discriminator 1 view .LVU405
 1189 006a 43F44043 		orr	r3, r3, #49152
 1190              	.LVL136:
2237:Drivers/STM32F1xx_HAL_Driver/Src/stm32f1xx_ll_usb.c **** 
 1191              		.loc 1 2237 7 discriminator 1 view .LVU406
 1192 006e 43F08003 		orr	r3, r3, #128
 1193 0072 20F82230 		strh	r3, [r0, r2, lsl #2]	@ movhi
 1194              	.LVL137:
 1195              	.L47:
2237:Drivers/STM32F1xx_HAL_Driver/Src/stm32f1xx_ll_usb.c **** 
 1196              		.loc 1 2237 7 discriminator 1 view .LVU407
 1197              	.LBE38:
2237:Drivers/STM32F1xx_HAL_Driver/Src/stm32f1xx_ll_usb.c **** 
 1198              		.loc 1 2237 7 is_stmt 1 view .LVU408
 1199              	.LBE37:
2237:Drivers/STM32F1xx_HAL_Driver/Src/stm32f1xx_ll_usb.c **** 
 1200              		.loc 1 2237 7 view .LVU409
2240:Drivers/STM32F1xx_HAL_Driver/Src/stm32f1xx_ll_usb.c ****     }
 1201              		.loc 1 2240 7 view .LVU410
 1202              	.LBB39:
2240:Drivers/STM32F1xx_HAL_Driver/Src/stm32f1xx_ll_usb.c ****     }
 1203              		.loc 1 2240 7 view .LVU411
2240:Drivers/STM32F1xx_HAL_Driver/Src/stm32f1xx_ll_usb.c ****     }
 1204              		.loc 1 2240 7 view .LVU412
 1205 0076 0A78     		ldrb	r2, [r1]	@ zero_extendqisi2
 1206 0078 30F82230 		ldrh	r3, [r0, r2, lsl #2]
 1207 007c 9BB2     		uxth	r3, r3
 1208 007e 23F48043 		bic	r3, r3, #16384
 1209 0082 23F07003 		bic	r3, r3, #112
 1210              	.LVL138:
2240:Drivers/STM32F1xx_HAL_Driver/Src/stm32f1xx_ll_usb.c ****     }
 1211              		.loc 1 2240 7 view .LVU413
2240:Drivers/STM32F1xx_HAL_Driver/Src/stm32f1xx_ll_usb.c ****     }
 1212              		.loc 1 2240 7 discriminator 3 view .LVU414
2240:Drivers/STM32F1xx_HAL_Driver/Src/stm32f1xx_ll_usb.c ****     }
 1213              		.loc 1 2240 7 discriminator 6 view .LVU415
 1214 0086 43F40043 		orr	r3, r3, #32768
 1215              	.LVL139:
2240:Drivers/STM32F1xx_HAL_Driver/Src/stm32f1xx_ll_usb.c ****     }
 1216              		.loc 1 2240 7 is_stmt 0 discriminator 6 view .LVU416
 1217 008a 43F08003 		orr	r3, r3, #128
 1218 008e 20F82230 		strh	r3, [r0, r2, lsl #2]	@ movhi
 1219 0092 DBE7     		b	.L46
 1220              	.LVL140:
 1221              	.L43:
2240:Drivers/STM32F1xx_HAL_Driver/Src/stm32f1xx_ll_usb.c ****     }
 1222              		.loc 1 2240 7 discriminator 6 view .LVU417
 1223              	.LBE39:
2247:Drivers/STM32F1xx_HAL_Driver/Src/stm32f1xx_ll_usb.c ****     {
 1224              		.loc 1 2247 5 is_stmt 1 view .LVU418
2247:Drivers/STM32F1xx_HAL_Driver/Src/stm32f1xx_ll_usb.c ****     {
 1225              		.loc 1 2247 11 is_stmt 0 view .LVU419
 1226 0094 4B78     		ldrb	r3, [r1, #1]	@ zero_extendqisi2
ARM GAS  C:\Users\subdia\AppData\Local\Temp\ccmLEiFj.s 			page 64


2247:Drivers/STM32F1xx_HAL_Driver/Src/stm32f1xx_ll_usb.c ****     {
 1227              		.loc 1 2247 8 view .LVU420
 1228 0096 002B     		cmp	r3, #0
 1229 0098 4ED1     		bne	.L48
2250:Drivers/STM32F1xx_HAL_Driver/Src/stm32f1xx_ll_usb.c ****       PCD_CLEAR_TX_DTOG(USBx, ep->num);
 1230              		.loc 1 2250 7 is_stmt 1 view .LVU421
 1231              	.LBB40:
2250:Drivers/STM32F1xx_HAL_Driver/Src/stm32f1xx_ll_usb.c ****       PCD_CLEAR_TX_DTOG(USBx, ep->num);
 1232              		.loc 1 2250 7 view .LVU422
2250:Drivers/STM32F1xx_HAL_Driver/Src/stm32f1xx_ll_usb.c ****       PCD_CLEAR_TX_DTOG(USBx, ep->num);
 1233              		.loc 1 2250 7 view .LVU423
 1234 009a 0A78     		ldrb	r2, [r1]	@ zero_extendqisi2
 1235 009c 30F82230 		ldrh	r3, [r0, r2, lsl #2]
 1236              	.LVL141:
2250:Drivers/STM32F1xx_HAL_Driver/Src/stm32f1xx_ll_usb.c ****       PCD_CLEAR_TX_DTOG(USBx, ep->num);
 1237              		.loc 1 2250 7 view .LVU424
 1238 00a0 13F4804F 		tst	r3, #16384
 1239 00a4 0CD0     		beq	.L49
2250:Drivers/STM32F1xx_HAL_Driver/Src/stm32f1xx_ll_usb.c ****       PCD_CLEAR_TX_DTOG(USBx, ep->num);
 1240              		.loc 1 2250 7 discriminator 1 view .LVU425
 1241              	.LBB41:
2250:Drivers/STM32F1xx_HAL_Driver/Src/stm32f1xx_ll_usb.c ****       PCD_CLEAR_TX_DTOG(USBx, ep->num);
 1242              		.loc 1 2250 7 discriminator 1 view .LVU426
2250:Drivers/STM32F1xx_HAL_Driver/Src/stm32f1xx_ll_usb.c ****       PCD_CLEAR_TX_DTOG(USBx, ep->num);
 1243              		.loc 1 2250 7 discriminator 1 view .LVU427
 1244 00a6 30F82230 		ldrh	r3, [r0, r2, lsl #2]
 1245              	.LVL142:
2250:Drivers/STM32F1xx_HAL_Driver/Src/stm32f1xx_ll_usb.c ****       PCD_CLEAR_TX_DTOG(USBx, ep->num);
 1246              		.loc 1 2250 7 is_stmt 0 discriminator 1 view .LVU428
 1247 00aa 9BB2     		uxth	r3, r3
 1248 00ac 23F4E043 		bic	r3, r3, #28672
 1249 00b0 23F07003 		bic	r3, r3, #112
 1250              	.LVL143:
2250:Drivers/STM32F1xx_HAL_Driver/Src/stm32f1xx_ll_usb.c ****       PCD_CLEAR_TX_DTOG(USBx, ep->num);
 1251              		.loc 1 2250 7 is_stmt 1 view .LVU429
2250:Drivers/STM32F1xx_HAL_Driver/Src/stm32f1xx_ll_usb.c ****       PCD_CLEAR_TX_DTOG(USBx, ep->num);
 1252              		.loc 1 2250 7 is_stmt 0 discriminator 1 view .LVU430
 1253 00b4 43F44043 		orr	r3, r3, #49152
 1254              	.LVL144:
2250:Drivers/STM32F1xx_HAL_Driver/Src/stm32f1xx_ll_usb.c ****       PCD_CLEAR_TX_DTOG(USBx, ep->num);
 1255              		.loc 1 2250 7 discriminator 1 view .LVU431
 1256 00b8 43F08003 		orr	r3, r3, #128
 1257 00bc 20F82230 		strh	r3, [r0, r2, lsl #2]	@ movhi
 1258              	.LVL145:
 1259              	.L49:
2250:Drivers/STM32F1xx_HAL_Driver/Src/stm32f1xx_ll_usb.c ****       PCD_CLEAR_TX_DTOG(USBx, ep->num);
 1260              		.loc 1 2250 7 discriminator 1 view .LVU432
 1261              	.LBE41:
2250:Drivers/STM32F1xx_HAL_Driver/Src/stm32f1xx_ll_usb.c ****       PCD_CLEAR_TX_DTOG(USBx, ep->num);
 1262              		.loc 1 2250 7 is_stmt 1 view .LVU433
 1263              	.LBE40:
2250:Drivers/STM32F1xx_HAL_Driver/Src/stm32f1xx_ll_usb.c ****       PCD_CLEAR_TX_DTOG(USBx, ep->num);
 1264              		.loc 1 2250 7 view .LVU434
2251:Drivers/STM32F1xx_HAL_Driver/Src/stm32f1xx_ll_usb.c **** 
 1265              		.loc 1 2251 7 view .LVU435
 1266              	.LBB42:
2251:Drivers/STM32F1xx_HAL_Driver/Src/stm32f1xx_ll_usb.c **** 
ARM GAS  C:\Users\subdia\AppData\Local\Temp\ccmLEiFj.s 			page 65


 1267              		.loc 1 2251 7 view .LVU436
2251:Drivers/STM32F1xx_HAL_Driver/Src/stm32f1xx_ll_usb.c **** 
 1268              		.loc 1 2251 7 view .LVU437
 1269 00c0 0A78     		ldrb	r2, [r1]	@ zero_extendqisi2
 1270 00c2 30F82230 		ldrh	r3, [r0, r2, lsl #2]
 1271              	.LVL146:
2251:Drivers/STM32F1xx_HAL_Driver/Src/stm32f1xx_ll_usb.c **** 
 1272              		.loc 1 2251 7 view .LVU438
 1273 00c6 13F0400F 		tst	r3, #64
 1274 00ca 0CD0     		beq	.L50
2251:Drivers/STM32F1xx_HAL_Driver/Src/stm32f1xx_ll_usb.c **** 
 1275              		.loc 1 2251 7 discriminator 1 view .LVU439
 1276              	.LBB43:
2251:Drivers/STM32F1xx_HAL_Driver/Src/stm32f1xx_ll_usb.c **** 
 1277              		.loc 1 2251 7 discriminator 1 view .LVU440
2251:Drivers/STM32F1xx_HAL_Driver/Src/stm32f1xx_ll_usb.c **** 
 1278              		.loc 1 2251 7 discriminator 1 view .LVU441
 1279 00cc 30F82230 		ldrh	r3, [r0, r2, lsl #2]
 1280              	.LVL147:
2251:Drivers/STM32F1xx_HAL_Driver/Src/stm32f1xx_ll_usb.c **** 
 1281              		.loc 1 2251 7 is_stmt 0 discriminator 1 view .LVU442
 1282 00d0 9BB2     		uxth	r3, r3
 1283 00d2 23F4E043 		bic	r3, r3, #28672
 1284 00d6 23F07003 		bic	r3, r3, #112
 1285              	.LVL148:
2251:Drivers/STM32F1xx_HAL_Driver/Src/stm32f1xx_ll_usb.c **** 
 1286              		.loc 1 2251 7 is_stmt 1 view .LVU443
2251:Drivers/STM32F1xx_HAL_Driver/Src/stm32f1xx_ll_usb.c **** 
 1287              		.loc 1 2251 7 is_stmt 0 discriminator 1 view .LVU444
 1288 00da 43F40043 		orr	r3, r3, #32768
 1289              	.LVL149:
2251:Drivers/STM32F1xx_HAL_Driver/Src/stm32f1xx_ll_usb.c **** 
 1290              		.loc 1 2251 7 discriminator 1 view .LVU445
 1291 00de 43F0C003 		orr	r3, r3, #192
 1292 00e2 20F82230 		strh	r3, [r0, r2, lsl #2]	@ movhi
 1293              	.LVL150:
 1294              	.L50:
2251:Drivers/STM32F1xx_HAL_Driver/Src/stm32f1xx_ll_usb.c **** 
 1295              		.loc 1 2251 7 discriminator 1 view .LVU446
 1296              	.LBE43:
2251:Drivers/STM32F1xx_HAL_Driver/Src/stm32f1xx_ll_usb.c **** 
 1297              		.loc 1 2251 7 is_stmt 1 view .LVU447
 1298              	.LBE42:
2251:Drivers/STM32F1xx_HAL_Driver/Src/stm32f1xx_ll_usb.c **** 
 1299              		.loc 1 2251 7 view .LVU448
2254:Drivers/STM32F1xx_HAL_Driver/Src/stm32f1xx_ll_usb.c **** 
 1300              		.loc 1 2254 7 view .LVU449
 1301              	.LBB44:
2254:Drivers/STM32F1xx_HAL_Driver/Src/stm32f1xx_ll_usb.c **** 
 1302              		.loc 1 2254 7 view .LVU450
2254:Drivers/STM32F1xx_HAL_Driver/Src/stm32f1xx_ll_usb.c **** 
 1303              		.loc 1 2254 7 view .LVU451
 1304 00e6 0A78     		ldrb	r2, [r1]	@ zero_extendqisi2
 1305 00e8 30F82230 		ldrh	r3, [r0, r2, lsl #2]
 1306 00ec 9BB2     		uxth	r3, r3
 1307 00ee 23F4E043 		bic	r3, r3, #28672
 1308 00f2 23F07003 		bic	r3, r3, #112
ARM GAS  C:\Users\subdia\AppData\Local\Temp\ccmLEiFj.s 			page 66


 1309              	.LVL151:
2254:Drivers/STM32F1xx_HAL_Driver/Src/stm32f1xx_ll_usb.c **** 
 1310              		.loc 1 2254 7 view .LVU452
 1311 00f6 43F40043 		orr	r3, r3, #32768
 1312              	.LVL152:
2254:Drivers/STM32F1xx_HAL_Driver/Src/stm32f1xx_ll_usb.c **** 
 1313              		.loc 1 2254 7 is_stmt 0 view .LVU453
 1314 00fa 43F0C003 		orr	r3, r3, #192
 1315 00fe 20F82230 		strh	r3, [r0, r2, lsl #2]	@ movhi
 1316              	.LBE44:
2254:Drivers/STM32F1xx_HAL_Driver/Src/stm32f1xx_ll_usb.c **** 
 1317              		.loc 1 2254 7 is_stmt 1 view .LVU454
2256:Drivers/STM32F1xx_HAL_Driver/Src/stm32f1xx_ll_usb.c ****       PCD_SET_EP_TX_STATUS(USBx, ep->num, USB_EP_TX_DIS);
 1318              		.loc 1 2256 7 view .LVU455
 1319              	.LBB45:
2256:Drivers/STM32F1xx_HAL_Driver/Src/stm32f1xx_ll_usb.c ****       PCD_SET_EP_TX_STATUS(USBx, ep->num, USB_EP_TX_DIS);
 1320              		.loc 1 2256 7 view .LVU456
2256:Drivers/STM32F1xx_HAL_Driver/Src/stm32f1xx_ll_usb.c ****       PCD_SET_EP_TX_STATUS(USBx, ep->num, USB_EP_TX_DIS);
 1321              		.loc 1 2256 7 view .LVU457
 1322 0102 0A78     		ldrb	r2, [r1]	@ zero_extendqisi2
 1323 0104 30F82230 		ldrh	r3, [r0, r2, lsl #2]
 1324 0108 9BB2     		uxth	r3, r3
 1325 010a 23F48043 		bic	r3, r3, #16384
 1326 010e 23F07003 		bic	r3, r3, #112
 1327              	.LVL153:
2256:Drivers/STM32F1xx_HAL_Driver/Src/stm32f1xx_ll_usb.c ****       PCD_SET_EP_TX_STATUS(USBx, ep->num, USB_EP_TX_DIS);
 1328              		.loc 1 2256 7 view .LVU458
2256:Drivers/STM32F1xx_HAL_Driver/Src/stm32f1xx_ll_usb.c ****       PCD_SET_EP_TX_STATUS(USBx, ep->num, USB_EP_TX_DIS);
 1329              		.loc 1 2256 7 discriminator 3 view .LVU459
2256:Drivers/STM32F1xx_HAL_Driver/Src/stm32f1xx_ll_usb.c ****       PCD_SET_EP_TX_STATUS(USBx, ep->num, USB_EP_TX_DIS);
 1330              		.loc 1 2256 7 discriminator 6 view .LVU460
 1331 0112 48F2800C 		movw	ip, #32896
 1332 0116 43EA0C03 		orr	r3, r3, ip
 1333              	.LVL154:
2256:Drivers/STM32F1xx_HAL_Driver/Src/stm32f1xx_ll_usb.c ****       PCD_SET_EP_TX_STATUS(USBx, ep->num, USB_EP_TX_DIS);
 1334              		.loc 1 2256 7 is_stmt 0 discriminator 6 view .LVU461
 1335 011a 20F82230 		strh	r3, [r0, r2, lsl #2]	@ movhi
 1336              	.LBE45:
2256:Drivers/STM32F1xx_HAL_Driver/Src/stm32f1xx_ll_usb.c ****       PCD_SET_EP_TX_STATUS(USBx, ep->num, USB_EP_TX_DIS);
 1337              		.loc 1 2256 7 is_stmt 1 view .LVU462
2257:Drivers/STM32F1xx_HAL_Driver/Src/stm32f1xx_ll_usb.c ****     }
 1338              		.loc 1 2257 7 view .LVU463
 1339              	.LBB46:
2257:Drivers/STM32F1xx_HAL_Driver/Src/stm32f1xx_ll_usb.c ****     }
 1340              		.loc 1 2257 7 view .LVU464
2257:Drivers/STM32F1xx_HAL_Driver/Src/stm32f1xx_ll_usb.c ****     }
 1341              		.loc 1 2257 7 view .LVU465
 1342 011e 0A78     		ldrb	r2, [r1]	@ zero_extendqisi2
 1343 0120 30F82230 		ldrh	r3, [r0, r2, lsl #2]
 1344 0124 9BB2     		uxth	r3, r3
 1345 0126 23F4E043 		bic	r3, r3, #28672
 1346 012a 23F04003 		bic	r3, r3, #64
 1347              	.LVL155:
2257:Drivers/STM32F1xx_HAL_Driver/Src/stm32f1xx_ll_usb.c ****     }
 1348              		.loc 1 2257 7 view .LVU466
2257:Drivers/STM32F1xx_HAL_Driver/Src/stm32f1xx_ll_usb.c ****     }
 1349              		.loc 1 2257 7 discriminator 3 view .LVU467
ARM GAS  C:\Users\subdia\AppData\Local\Temp\ccmLEiFj.s 			page 67


2257:Drivers/STM32F1xx_HAL_Driver/Src/stm32f1xx_ll_usb.c ****     }
 1350              		.loc 1 2257 7 discriminator 6 view .LVU468
 1351 012e 43EA0C03 		orr	r3, r3, ip
 1352              	.LVL156:
2257:Drivers/STM32F1xx_HAL_Driver/Src/stm32f1xx_ll_usb.c ****     }
 1353              		.loc 1 2257 7 is_stmt 0 discriminator 6 view .LVU469
 1354 0132 20F82230 		strh	r3, [r0, r2, lsl #2]	@ movhi
 1355              	.LBE46:
2257:Drivers/STM32F1xx_HAL_Driver/Src/stm32f1xx_ll_usb.c ****     }
 1356              		.loc 1 2257 7 is_stmt 1 view .LVU470
 1357 0136 89E7     		b	.L46
 1358              	.LVL157:
 1359              	.L48:
2262:Drivers/STM32F1xx_HAL_Driver/Src/stm32f1xx_ll_usb.c ****       PCD_CLEAR_TX_DTOG(USBx, ep->num);
 1360              		.loc 1 2262 7 view .LVU471
 1361              	.LBB47:
2262:Drivers/STM32F1xx_HAL_Driver/Src/stm32f1xx_ll_usb.c ****       PCD_CLEAR_TX_DTOG(USBx, ep->num);
 1362              		.loc 1 2262 7 view .LVU472
2262:Drivers/STM32F1xx_HAL_Driver/Src/stm32f1xx_ll_usb.c ****       PCD_CLEAR_TX_DTOG(USBx, ep->num);
 1363              		.loc 1 2262 7 view .LVU473
 1364 0138 0A78     		ldrb	r2, [r1]	@ zero_extendqisi2
 1365 013a 30F82230 		ldrh	r3, [r0, r2, lsl #2]
 1366              	.LVL158:
2262:Drivers/STM32F1xx_HAL_Driver/Src/stm32f1xx_ll_usb.c ****       PCD_CLEAR_TX_DTOG(USBx, ep->num);
 1367              		.loc 1 2262 7 view .LVU474
 1368 013e 13F4804F 		tst	r3, #16384
 1369 0142 0CD0     		beq	.L51
2262:Drivers/STM32F1xx_HAL_Driver/Src/stm32f1xx_ll_usb.c ****       PCD_CLEAR_TX_DTOG(USBx, ep->num);
 1370              		.loc 1 2262 7 discriminator 1 view .LVU475
 1371              	.LBB48:
2262:Drivers/STM32F1xx_HAL_Driver/Src/stm32f1xx_ll_usb.c ****       PCD_CLEAR_TX_DTOG(USBx, ep->num);
 1372              		.loc 1 2262 7 discriminator 1 view .LVU476
2262:Drivers/STM32F1xx_HAL_Driver/Src/stm32f1xx_ll_usb.c ****       PCD_CLEAR_TX_DTOG(USBx, ep->num);
 1373              		.loc 1 2262 7 discriminator 1 view .LVU477
 1374 0144 30F82230 		ldrh	r3, [r0, r2, lsl #2]
 1375              	.LVL159:
2262:Drivers/STM32F1xx_HAL_Driver/Src/stm32f1xx_ll_usb.c ****       PCD_CLEAR_TX_DTOG(USBx, ep->num);
 1376              		.loc 1 2262 7 is_stmt 0 discriminator 1 view .LVU478
 1377 0148 9BB2     		uxth	r3, r3
 1378 014a 23F4E043 		bic	r3, r3, #28672
 1379 014e 23F07003 		bic	r3, r3, #112
 1380              	.LVL160:
2262:Drivers/STM32F1xx_HAL_Driver/Src/stm32f1xx_ll_usb.c ****       PCD_CLEAR_TX_DTOG(USBx, ep->num);
 1381              		.loc 1 2262 7 is_stmt 1 view .LVU479
2262:Drivers/STM32F1xx_HAL_Driver/Src/stm32f1xx_ll_usb.c ****       PCD_CLEAR_TX_DTOG(USBx, ep->num);
 1382              		.loc 1 2262 7 is_stmt 0 discriminator 1 view .LVU480
 1383 0152 43F44043 		orr	r3, r3, #49152
 1384              	.LVL161:
2262:Drivers/STM32F1xx_HAL_Driver/Src/stm32f1xx_ll_usb.c ****       PCD_CLEAR_TX_DTOG(USBx, ep->num);
 1385              		.loc 1 2262 7 discriminator 1 view .LVU481
 1386 0156 43F08003 		orr	r3, r3, #128
 1387 015a 20F82230 		strh	r3, [r0, r2, lsl #2]	@ movhi
 1388              	.LVL162:
 1389              	.L51:
2262:Drivers/STM32F1xx_HAL_Driver/Src/stm32f1xx_ll_usb.c ****       PCD_CLEAR_TX_DTOG(USBx, ep->num);
 1390              		.loc 1 2262 7 discriminator 1 view .LVU482
 1391              	.LBE48:
ARM GAS  C:\Users\subdia\AppData\Local\Temp\ccmLEiFj.s 			page 68


2262:Drivers/STM32F1xx_HAL_Driver/Src/stm32f1xx_ll_usb.c ****       PCD_CLEAR_TX_DTOG(USBx, ep->num);
 1392              		.loc 1 2262 7 is_stmt 1 view .LVU483
 1393              	.LBE47:
2262:Drivers/STM32F1xx_HAL_Driver/Src/stm32f1xx_ll_usb.c ****       PCD_CLEAR_TX_DTOG(USBx, ep->num);
 1394              		.loc 1 2262 7 view .LVU484
2263:Drivers/STM32F1xx_HAL_Driver/Src/stm32f1xx_ll_usb.c ****       PCD_RX_DTOG(USBx, ep->num);
 1395              		.loc 1 2263 7 view .LVU485
 1396              	.LBB49:
2263:Drivers/STM32F1xx_HAL_Driver/Src/stm32f1xx_ll_usb.c ****       PCD_RX_DTOG(USBx, ep->num);
 1397              		.loc 1 2263 7 view .LVU486
2263:Drivers/STM32F1xx_HAL_Driver/Src/stm32f1xx_ll_usb.c ****       PCD_RX_DTOG(USBx, ep->num);
 1398              		.loc 1 2263 7 view .LVU487
 1399 015e 0A78     		ldrb	r2, [r1]	@ zero_extendqisi2
 1400 0160 30F82230 		ldrh	r3, [r0, r2, lsl #2]
 1401              	.LVL163:
2263:Drivers/STM32F1xx_HAL_Driver/Src/stm32f1xx_ll_usb.c ****       PCD_RX_DTOG(USBx, ep->num);
 1402              		.loc 1 2263 7 view .LVU488
 1403 0164 13F0400F 		tst	r3, #64
 1404 0168 0CD0     		beq	.L52
2263:Drivers/STM32F1xx_HAL_Driver/Src/stm32f1xx_ll_usb.c ****       PCD_RX_DTOG(USBx, ep->num);
 1405              		.loc 1 2263 7 discriminator 1 view .LVU489
 1406              	.LBB50:
2263:Drivers/STM32F1xx_HAL_Driver/Src/stm32f1xx_ll_usb.c ****       PCD_RX_DTOG(USBx, ep->num);
 1407              		.loc 1 2263 7 discriminator 1 view .LVU490
2263:Drivers/STM32F1xx_HAL_Driver/Src/stm32f1xx_ll_usb.c ****       PCD_RX_DTOG(USBx, ep->num);
 1408              		.loc 1 2263 7 discriminator 1 view .LVU491
 1409 016a 30F82230 		ldrh	r3, [r0, r2, lsl #2]
 1410              	.LVL164:
2263:Drivers/STM32F1xx_HAL_Driver/Src/stm32f1xx_ll_usb.c ****       PCD_RX_DTOG(USBx, ep->num);
 1411              		.loc 1 2263 7 is_stmt 0 discriminator 1 view .LVU492
 1412 016e 9BB2     		uxth	r3, r3
 1413 0170 23F4E043 		bic	r3, r3, #28672
 1414 0174 23F07003 		bic	r3, r3, #112
 1415              	.LVL165:
2263:Drivers/STM32F1xx_HAL_Driver/Src/stm32f1xx_ll_usb.c ****       PCD_RX_DTOG(USBx, ep->num);
 1416              		.loc 1 2263 7 is_stmt 1 view .LVU493
2263:Drivers/STM32F1xx_HAL_Driver/Src/stm32f1xx_ll_usb.c ****       PCD_RX_DTOG(USBx, ep->num);
 1417              		.loc 1 2263 7 is_stmt 0 discriminator 1 view .LVU494
 1418 0178 43F40043 		orr	r3, r3, #32768
 1419              	.LVL166:
2263:Drivers/STM32F1xx_HAL_Driver/Src/stm32f1xx_ll_usb.c ****       PCD_RX_DTOG(USBx, ep->num);
 1420              		.loc 1 2263 7 discriminator 1 view .LVU495
 1421 017c 43F0C003 		orr	r3, r3, #192
 1422 0180 20F82230 		strh	r3, [r0, r2, lsl #2]	@ movhi
 1423              	.LVL167:
 1424              	.L52:
2263:Drivers/STM32F1xx_HAL_Driver/Src/stm32f1xx_ll_usb.c ****       PCD_RX_DTOG(USBx, ep->num);
 1425              		.loc 1 2263 7 discriminator 1 view .LVU496
 1426              	.LBE50:
2263:Drivers/STM32F1xx_HAL_Driver/Src/stm32f1xx_ll_usb.c ****       PCD_RX_DTOG(USBx, ep->num);
 1427              		.loc 1 2263 7 is_stmt 1 view .LVU497
 1428              	.LBE49:
2263:Drivers/STM32F1xx_HAL_Driver/Src/stm32f1xx_ll_usb.c ****       PCD_RX_DTOG(USBx, ep->num);
 1429              		.loc 1 2263 7 view .LVU498
2264:Drivers/STM32F1xx_HAL_Driver/Src/stm32f1xx_ll_usb.c **** 
 1430              		.loc 1 2264 7 view .LVU499
 1431              	.LBB51:
ARM GAS  C:\Users\subdia\AppData\Local\Temp\ccmLEiFj.s 			page 69


2264:Drivers/STM32F1xx_HAL_Driver/Src/stm32f1xx_ll_usb.c **** 
 1432              		.loc 1 2264 7 view .LVU500
2264:Drivers/STM32F1xx_HAL_Driver/Src/stm32f1xx_ll_usb.c **** 
 1433              		.loc 1 2264 7 view .LVU501
 1434 0184 0A78     		ldrb	r2, [r1]	@ zero_extendqisi2
 1435 0186 30F82230 		ldrh	r3, [r0, r2, lsl #2]
 1436 018a 9BB2     		uxth	r3, r3
 1437 018c 23F4E043 		bic	r3, r3, #28672
 1438 0190 23F07003 		bic	r3, r3, #112
 1439              	.LVL168:
2264:Drivers/STM32F1xx_HAL_Driver/Src/stm32f1xx_ll_usb.c **** 
 1440              		.loc 1 2264 7 view .LVU502
 1441 0194 43F44043 		orr	r3, r3, #49152
 1442              	.LVL169:
2264:Drivers/STM32F1xx_HAL_Driver/Src/stm32f1xx_ll_usb.c **** 
 1443              		.loc 1 2264 7 is_stmt 0 view .LVU503
 1444 0198 43F08003 		orr	r3, r3, #128
 1445 019c 20F82230 		strh	r3, [r0, r2, lsl #2]	@ movhi
 1446              	.LBE51:
2264:Drivers/STM32F1xx_HAL_Driver/Src/stm32f1xx_ll_usb.c **** 
 1447              		.loc 1 2264 7 is_stmt 1 view .LVU504
2267:Drivers/STM32F1xx_HAL_Driver/Src/stm32f1xx_ll_usb.c ****       PCD_SET_EP_RX_STATUS(USBx, ep->num, USB_EP_RX_DIS);
 1448              		.loc 1 2267 7 view .LVU505
 1449              	.LBB52:
2267:Drivers/STM32F1xx_HAL_Driver/Src/stm32f1xx_ll_usb.c ****       PCD_SET_EP_RX_STATUS(USBx, ep->num, USB_EP_RX_DIS);
 1450              		.loc 1 2267 7 view .LVU506
2267:Drivers/STM32F1xx_HAL_Driver/Src/stm32f1xx_ll_usb.c ****       PCD_SET_EP_RX_STATUS(USBx, ep->num, USB_EP_RX_DIS);
 1451              		.loc 1 2267 7 view .LVU507
 1452 01a0 0A78     		ldrb	r2, [r1]	@ zero_extendqisi2
 1453 01a2 30F82230 		ldrh	r3, [r0, r2, lsl #2]
 1454 01a6 9BB2     		uxth	r3, r3
 1455 01a8 23F4E043 		bic	r3, r3, #28672
 1456 01ac 23F04003 		bic	r3, r3, #64
 1457              	.LVL170:
2267:Drivers/STM32F1xx_HAL_Driver/Src/stm32f1xx_ll_usb.c ****       PCD_SET_EP_RX_STATUS(USBx, ep->num, USB_EP_RX_DIS);
 1458              		.loc 1 2267 7 view .LVU508
2267:Drivers/STM32F1xx_HAL_Driver/Src/stm32f1xx_ll_usb.c ****       PCD_SET_EP_RX_STATUS(USBx, ep->num, USB_EP_RX_DIS);
 1459              		.loc 1 2267 7 discriminator 3 view .LVU509
2267:Drivers/STM32F1xx_HAL_Driver/Src/stm32f1xx_ll_usb.c ****       PCD_SET_EP_RX_STATUS(USBx, ep->num, USB_EP_RX_DIS);
 1460              		.loc 1 2267 7 discriminator 6 view .LVU510
 1461 01b0 48F2800C 		movw	ip, #32896
 1462 01b4 43EA0C03 		orr	r3, r3, ip
 1463              	.LVL171:
2267:Drivers/STM32F1xx_HAL_Driver/Src/stm32f1xx_ll_usb.c ****       PCD_SET_EP_RX_STATUS(USBx, ep->num, USB_EP_RX_DIS);
 1464              		.loc 1 2267 7 is_stmt 0 discriminator 6 view .LVU511
 1465 01b8 20F82230 		strh	r3, [r0, r2, lsl #2]	@ movhi
 1466              	.LBE52:
2267:Drivers/STM32F1xx_HAL_Driver/Src/stm32f1xx_ll_usb.c ****       PCD_SET_EP_RX_STATUS(USBx, ep->num, USB_EP_RX_DIS);
 1467              		.loc 1 2267 7 is_stmt 1 view .LVU512
2268:Drivers/STM32F1xx_HAL_Driver/Src/stm32f1xx_ll_usb.c ****     }
 1468              		.loc 1 2268 7 view .LVU513
 1469              	.LBB53:
2268:Drivers/STM32F1xx_HAL_Driver/Src/stm32f1xx_ll_usb.c ****     }
 1470              		.loc 1 2268 7 view .LVU514
2268:Drivers/STM32F1xx_HAL_Driver/Src/stm32f1xx_ll_usb.c ****     }
 1471              		.loc 1 2268 7 view .LVU515
 1472 01bc 0A78     		ldrb	r2, [r1]	@ zero_extendqisi2
ARM GAS  C:\Users\subdia\AppData\Local\Temp\ccmLEiFj.s 			page 70


 1473 01be 30F82230 		ldrh	r3, [r0, r2, lsl #2]
 1474 01c2 9BB2     		uxth	r3, r3
 1475 01c4 23F48043 		bic	r3, r3, #16384
 1476 01c8 23F07003 		bic	r3, r3, #112
 1477              	.LVL172:
2268:Drivers/STM32F1xx_HAL_Driver/Src/stm32f1xx_ll_usb.c ****     }
 1478              		.loc 1 2268 7 view .LVU516
2268:Drivers/STM32F1xx_HAL_Driver/Src/stm32f1xx_ll_usb.c ****     }
 1479              		.loc 1 2268 7 discriminator 3 view .LVU517
2268:Drivers/STM32F1xx_HAL_Driver/Src/stm32f1xx_ll_usb.c ****     }
 1480              		.loc 1 2268 7 discriminator 6 view .LVU518
 1481 01cc 43EA0C03 		orr	r3, r3, ip
 1482              	.LVL173:
2268:Drivers/STM32F1xx_HAL_Driver/Src/stm32f1xx_ll_usb.c ****     }
 1483              		.loc 1 2268 7 is_stmt 0 discriminator 6 view .LVU519
 1484 01d0 20F82230 		strh	r3, [r0, r2, lsl #2]	@ movhi
 1485 01d4 3AE7     		b	.L46
 1486              	.LBE53:
 1487              		.cfi_endproc
 1488              	.LFE73:
 1490              		.section	.text.USB_EPSetStall,"ax",%progbits
 1491              		.align	1
 1492              		.global	USB_EPSetStall
 1493              		.syntax unified
 1494              		.thumb
 1495              		.thumb_func
 1497              	USB_EPSetStall:
 1498              	.LVL174:
 1499              	.LFB75:
2275:Drivers/STM32F1xx_HAL_Driver/Src/stm32f1xx_ll_usb.c **** 
2276:Drivers/STM32F1xx_HAL_Driver/Src/stm32f1xx_ll_usb.c **** /**
2277:Drivers/STM32F1xx_HAL_Driver/Src/stm32f1xx_ll_usb.c ****   * @brief  USB_EPStartXfer setup and starts a transfer over an EP
2278:Drivers/STM32F1xx_HAL_Driver/Src/stm32f1xx_ll_usb.c ****   * @param  USBx Selected device
2279:Drivers/STM32F1xx_HAL_Driver/Src/stm32f1xx_ll_usb.c ****   * @param  ep pointer to endpoint structure
2280:Drivers/STM32F1xx_HAL_Driver/Src/stm32f1xx_ll_usb.c ****   * @retval HAL status
2281:Drivers/STM32F1xx_HAL_Driver/Src/stm32f1xx_ll_usb.c ****   */
2282:Drivers/STM32F1xx_HAL_Driver/Src/stm32f1xx_ll_usb.c **** HAL_StatusTypeDef USB_EPStartXfer(USB_TypeDef *USBx, USB_EPTypeDef *ep)
2283:Drivers/STM32F1xx_HAL_Driver/Src/stm32f1xx_ll_usb.c **** {
2284:Drivers/STM32F1xx_HAL_Driver/Src/stm32f1xx_ll_usb.c ****   uint32_t len;
2285:Drivers/STM32F1xx_HAL_Driver/Src/stm32f1xx_ll_usb.c **** #if (USE_USB_DOUBLE_BUFFER == 1U)
2286:Drivers/STM32F1xx_HAL_Driver/Src/stm32f1xx_ll_usb.c ****   uint16_t pmabuffer;
2287:Drivers/STM32F1xx_HAL_Driver/Src/stm32f1xx_ll_usb.c ****   uint16_t wEPVal;
2288:Drivers/STM32F1xx_HAL_Driver/Src/stm32f1xx_ll_usb.c **** #endif /* (USE_USB_DOUBLE_BUFFER == 1U) */
2289:Drivers/STM32F1xx_HAL_Driver/Src/stm32f1xx_ll_usb.c **** 
2290:Drivers/STM32F1xx_HAL_Driver/Src/stm32f1xx_ll_usb.c ****   /* IN endpoint */
2291:Drivers/STM32F1xx_HAL_Driver/Src/stm32f1xx_ll_usb.c ****   if (ep->is_in == 1U)
2292:Drivers/STM32F1xx_HAL_Driver/Src/stm32f1xx_ll_usb.c ****   {
2293:Drivers/STM32F1xx_HAL_Driver/Src/stm32f1xx_ll_usb.c ****     /*Multi packet transfer*/
2294:Drivers/STM32F1xx_HAL_Driver/Src/stm32f1xx_ll_usb.c ****     if (ep->xfer_len > ep->maxpacket)
2295:Drivers/STM32F1xx_HAL_Driver/Src/stm32f1xx_ll_usb.c ****     {
2296:Drivers/STM32F1xx_HAL_Driver/Src/stm32f1xx_ll_usb.c ****       len = ep->maxpacket;
2297:Drivers/STM32F1xx_HAL_Driver/Src/stm32f1xx_ll_usb.c ****     }
2298:Drivers/STM32F1xx_HAL_Driver/Src/stm32f1xx_ll_usb.c ****     else
2299:Drivers/STM32F1xx_HAL_Driver/Src/stm32f1xx_ll_usb.c ****     {
2300:Drivers/STM32F1xx_HAL_Driver/Src/stm32f1xx_ll_usb.c ****       len = ep->xfer_len;
2301:Drivers/STM32F1xx_HAL_Driver/Src/stm32f1xx_ll_usb.c ****     }
2302:Drivers/STM32F1xx_HAL_Driver/Src/stm32f1xx_ll_usb.c **** 
ARM GAS  C:\Users\subdia\AppData\Local\Temp\ccmLEiFj.s 			page 71


2303:Drivers/STM32F1xx_HAL_Driver/Src/stm32f1xx_ll_usb.c ****     /* configure and validate Tx endpoint */
2304:Drivers/STM32F1xx_HAL_Driver/Src/stm32f1xx_ll_usb.c ****     if (ep->doublebuffer == 0U)
2305:Drivers/STM32F1xx_HAL_Driver/Src/stm32f1xx_ll_usb.c ****     {
2306:Drivers/STM32F1xx_HAL_Driver/Src/stm32f1xx_ll_usb.c ****       USB_WritePMA(USBx, ep->xfer_buff, ep->pmaadress, (uint16_t)len);
2307:Drivers/STM32F1xx_HAL_Driver/Src/stm32f1xx_ll_usb.c ****       PCD_SET_EP_TX_CNT(USBx, ep->num, len);
2308:Drivers/STM32F1xx_HAL_Driver/Src/stm32f1xx_ll_usb.c ****     }
2309:Drivers/STM32F1xx_HAL_Driver/Src/stm32f1xx_ll_usb.c **** #if (USE_USB_DOUBLE_BUFFER == 1U)
2310:Drivers/STM32F1xx_HAL_Driver/Src/stm32f1xx_ll_usb.c ****     else
2311:Drivers/STM32F1xx_HAL_Driver/Src/stm32f1xx_ll_usb.c ****     {
2312:Drivers/STM32F1xx_HAL_Driver/Src/stm32f1xx_ll_usb.c ****       /* double buffer bulk management */
2313:Drivers/STM32F1xx_HAL_Driver/Src/stm32f1xx_ll_usb.c ****       if (ep->type == EP_TYPE_BULK)
2314:Drivers/STM32F1xx_HAL_Driver/Src/stm32f1xx_ll_usb.c ****       {
2315:Drivers/STM32F1xx_HAL_Driver/Src/stm32f1xx_ll_usb.c ****         if (ep->xfer_len_db > ep->maxpacket)
2316:Drivers/STM32F1xx_HAL_Driver/Src/stm32f1xx_ll_usb.c ****         {
2317:Drivers/STM32F1xx_HAL_Driver/Src/stm32f1xx_ll_usb.c ****           /* enable double buffer */
2318:Drivers/STM32F1xx_HAL_Driver/Src/stm32f1xx_ll_usb.c ****           PCD_SET_BULK_EP_DBUF(USBx, ep->num);
2319:Drivers/STM32F1xx_HAL_Driver/Src/stm32f1xx_ll_usb.c **** 
2320:Drivers/STM32F1xx_HAL_Driver/Src/stm32f1xx_ll_usb.c ****           /* each Time to write in PMA xfer_len_db will */
2321:Drivers/STM32F1xx_HAL_Driver/Src/stm32f1xx_ll_usb.c ****           ep->xfer_len_db -= len;
2322:Drivers/STM32F1xx_HAL_Driver/Src/stm32f1xx_ll_usb.c **** 
2323:Drivers/STM32F1xx_HAL_Driver/Src/stm32f1xx_ll_usb.c ****           /* Fill the two first buffer in the Buffer0 & Buffer1 */
2324:Drivers/STM32F1xx_HAL_Driver/Src/stm32f1xx_ll_usb.c ****           if ((PCD_GET_ENDPOINT(USBx, ep->num) & USB_EP_DTOG_TX) != 0U)
2325:Drivers/STM32F1xx_HAL_Driver/Src/stm32f1xx_ll_usb.c ****           {
2326:Drivers/STM32F1xx_HAL_Driver/Src/stm32f1xx_ll_usb.c ****             /* Set the Double buffer counter for pmabuffer1 */
2327:Drivers/STM32F1xx_HAL_Driver/Src/stm32f1xx_ll_usb.c ****             PCD_SET_EP_DBUF1_CNT(USBx, ep->num, ep->is_in, len);
2328:Drivers/STM32F1xx_HAL_Driver/Src/stm32f1xx_ll_usb.c ****             pmabuffer = ep->pmaaddr1;
2329:Drivers/STM32F1xx_HAL_Driver/Src/stm32f1xx_ll_usb.c **** 
2330:Drivers/STM32F1xx_HAL_Driver/Src/stm32f1xx_ll_usb.c ****             /* Write the user buffer to USB PMA */
2331:Drivers/STM32F1xx_HAL_Driver/Src/stm32f1xx_ll_usb.c ****             USB_WritePMA(USBx, ep->xfer_buff, pmabuffer, (uint16_t)len);
2332:Drivers/STM32F1xx_HAL_Driver/Src/stm32f1xx_ll_usb.c ****             ep->xfer_buff += len;
2333:Drivers/STM32F1xx_HAL_Driver/Src/stm32f1xx_ll_usb.c **** 
2334:Drivers/STM32F1xx_HAL_Driver/Src/stm32f1xx_ll_usb.c ****             if (ep->xfer_len_db > ep->maxpacket)
2335:Drivers/STM32F1xx_HAL_Driver/Src/stm32f1xx_ll_usb.c ****             {
2336:Drivers/STM32F1xx_HAL_Driver/Src/stm32f1xx_ll_usb.c ****               ep->xfer_len_db -= len;
2337:Drivers/STM32F1xx_HAL_Driver/Src/stm32f1xx_ll_usb.c ****             }
2338:Drivers/STM32F1xx_HAL_Driver/Src/stm32f1xx_ll_usb.c ****             else
2339:Drivers/STM32F1xx_HAL_Driver/Src/stm32f1xx_ll_usb.c ****             {
2340:Drivers/STM32F1xx_HAL_Driver/Src/stm32f1xx_ll_usb.c ****               len = ep->xfer_len_db;
2341:Drivers/STM32F1xx_HAL_Driver/Src/stm32f1xx_ll_usb.c ****               ep->xfer_len_db = 0U;
2342:Drivers/STM32F1xx_HAL_Driver/Src/stm32f1xx_ll_usb.c ****             }
2343:Drivers/STM32F1xx_HAL_Driver/Src/stm32f1xx_ll_usb.c **** 
2344:Drivers/STM32F1xx_HAL_Driver/Src/stm32f1xx_ll_usb.c ****             /* Set the Double buffer counter for pmabuffer0 */
2345:Drivers/STM32F1xx_HAL_Driver/Src/stm32f1xx_ll_usb.c ****             PCD_SET_EP_DBUF0_CNT(USBx, ep->num, ep->is_in, len);
2346:Drivers/STM32F1xx_HAL_Driver/Src/stm32f1xx_ll_usb.c ****             pmabuffer = ep->pmaaddr0;
2347:Drivers/STM32F1xx_HAL_Driver/Src/stm32f1xx_ll_usb.c **** 
2348:Drivers/STM32F1xx_HAL_Driver/Src/stm32f1xx_ll_usb.c ****             /* Write the user buffer to USB PMA */
2349:Drivers/STM32F1xx_HAL_Driver/Src/stm32f1xx_ll_usb.c ****             USB_WritePMA(USBx, ep->xfer_buff, pmabuffer, (uint16_t)len);
2350:Drivers/STM32F1xx_HAL_Driver/Src/stm32f1xx_ll_usb.c ****           }
2351:Drivers/STM32F1xx_HAL_Driver/Src/stm32f1xx_ll_usb.c ****           else
2352:Drivers/STM32F1xx_HAL_Driver/Src/stm32f1xx_ll_usb.c ****           {
2353:Drivers/STM32F1xx_HAL_Driver/Src/stm32f1xx_ll_usb.c ****             /* Set the Double buffer counter for pmabuffer0 */
2354:Drivers/STM32F1xx_HAL_Driver/Src/stm32f1xx_ll_usb.c ****             PCD_SET_EP_DBUF0_CNT(USBx, ep->num, ep->is_in, len);
2355:Drivers/STM32F1xx_HAL_Driver/Src/stm32f1xx_ll_usb.c ****             pmabuffer = ep->pmaaddr0;
2356:Drivers/STM32F1xx_HAL_Driver/Src/stm32f1xx_ll_usb.c **** 
2357:Drivers/STM32F1xx_HAL_Driver/Src/stm32f1xx_ll_usb.c ****             /* Write the user buffer to USB PMA */
2358:Drivers/STM32F1xx_HAL_Driver/Src/stm32f1xx_ll_usb.c ****             USB_WritePMA(USBx, ep->xfer_buff, pmabuffer, (uint16_t)len);
2359:Drivers/STM32F1xx_HAL_Driver/Src/stm32f1xx_ll_usb.c ****             ep->xfer_buff += len;
ARM GAS  C:\Users\subdia\AppData\Local\Temp\ccmLEiFj.s 			page 72


2360:Drivers/STM32F1xx_HAL_Driver/Src/stm32f1xx_ll_usb.c **** 
2361:Drivers/STM32F1xx_HAL_Driver/Src/stm32f1xx_ll_usb.c ****             if (ep->xfer_len_db > ep->maxpacket)
2362:Drivers/STM32F1xx_HAL_Driver/Src/stm32f1xx_ll_usb.c ****             {
2363:Drivers/STM32F1xx_HAL_Driver/Src/stm32f1xx_ll_usb.c ****               ep->xfer_len_db -= len;
2364:Drivers/STM32F1xx_HAL_Driver/Src/stm32f1xx_ll_usb.c ****             }
2365:Drivers/STM32F1xx_HAL_Driver/Src/stm32f1xx_ll_usb.c ****             else
2366:Drivers/STM32F1xx_HAL_Driver/Src/stm32f1xx_ll_usb.c ****             {
2367:Drivers/STM32F1xx_HAL_Driver/Src/stm32f1xx_ll_usb.c ****               len = ep->xfer_len_db;
2368:Drivers/STM32F1xx_HAL_Driver/Src/stm32f1xx_ll_usb.c ****               ep->xfer_len_db = 0U;
2369:Drivers/STM32F1xx_HAL_Driver/Src/stm32f1xx_ll_usb.c ****             }
2370:Drivers/STM32F1xx_HAL_Driver/Src/stm32f1xx_ll_usb.c **** 
2371:Drivers/STM32F1xx_HAL_Driver/Src/stm32f1xx_ll_usb.c ****             /* Set the Double buffer counter for pmabuffer1 */
2372:Drivers/STM32F1xx_HAL_Driver/Src/stm32f1xx_ll_usb.c ****             PCD_SET_EP_DBUF1_CNT(USBx, ep->num, ep->is_in, len);
2373:Drivers/STM32F1xx_HAL_Driver/Src/stm32f1xx_ll_usb.c ****             pmabuffer = ep->pmaaddr1;
2374:Drivers/STM32F1xx_HAL_Driver/Src/stm32f1xx_ll_usb.c **** 
2375:Drivers/STM32F1xx_HAL_Driver/Src/stm32f1xx_ll_usb.c ****             /* Write the user buffer to USB PMA */
2376:Drivers/STM32F1xx_HAL_Driver/Src/stm32f1xx_ll_usb.c ****             USB_WritePMA(USBx, ep->xfer_buff, pmabuffer, (uint16_t)len);
2377:Drivers/STM32F1xx_HAL_Driver/Src/stm32f1xx_ll_usb.c ****           }
2378:Drivers/STM32F1xx_HAL_Driver/Src/stm32f1xx_ll_usb.c ****         }
2379:Drivers/STM32F1xx_HAL_Driver/Src/stm32f1xx_ll_usb.c ****         /* auto Switch to single buffer mode when transfer <Mps no need to manage in double buffer 
2380:Drivers/STM32F1xx_HAL_Driver/Src/stm32f1xx_ll_usb.c ****         else
2381:Drivers/STM32F1xx_HAL_Driver/Src/stm32f1xx_ll_usb.c ****         {
2382:Drivers/STM32F1xx_HAL_Driver/Src/stm32f1xx_ll_usb.c ****           len = ep->xfer_len_db;
2383:Drivers/STM32F1xx_HAL_Driver/Src/stm32f1xx_ll_usb.c **** 
2384:Drivers/STM32F1xx_HAL_Driver/Src/stm32f1xx_ll_usb.c ****           /* disable double buffer mode for Bulk endpoint */
2385:Drivers/STM32F1xx_HAL_Driver/Src/stm32f1xx_ll_usb.c ****           PCD_CLEAR_BULK_EP_DBUF(USBx, ep->num);
2386:Drivers/STM32F1xx_HAL_Driver/Src/stm32f1xx_ll_usb.c **** 
2387:Drivers/STM32F1xx_HAL_Driver/Src/stm32f1xx_ll_usb.c ****           /* Set Tx count with nbre of byte to be transmitted */
2388:Drivers/STM32F1xx_HAL_Driver/Src/stm32f1xx_ll_usb.c ****           PCD_SET_EP_TX_CNT(USBx, ep->num, len);
2389:Drivers/STM32F1xx_HAL_Driver/Src/stm32f1xx_ll_usb.c ****           pmabuffer = ep->pmaaddr0;
2390:Drivers/STM32F1xx_HAL_Driver/Src/stm32f1xx_ll_usb.c **** 
2391:Drivers/STM32F1xx_HAL_Driver/Src/stm32f1xx_ll_usb.c ****           /* Write the user buffer to USB PMA */
2392:Drivers/STM32F1xx_HAL_Driver/Src/stm32f1xx_ll_usb.c ****           USB_WritePMA(USBx, ep->xfer_buff, pmabuffer, (uint16_t)len);
2393:Drivers/STM32F1xx_HAL_Driver/Src/stm32f1xx_ll_usb.c ****         }
2394:Drivers/STM32F1xx_HAL_Driver/Src/stm32f1xx_ll_usb.c ****       }
2395:Drivers/STM32F1xx_HAL_Driver/Src/stm32f1xx_ll_usb.c ****       else /* manage isochronous double buffer IN mode */
2396:Drivers/STM32F1xx_HAL_Driver/Src/stm32f1xx_ll_usb.c ****       {
2397:Drivers/STM32F1xx_HAL_Driver/Src/stm32f1xx_ll_usb.c ****         /* each Time to write in PMA xfer_len_db will */
2398:Drivers/STM32F1xx_HAL_Driver/Src/stm32f1xx_ll_usb.c ****         ep->xfer_len_db -= len;
2399:Drivers/STM32F1xx_HAL_Driver/Src/stm32f1xx_ll_usb.c **** 
2400:Drivers/STM32F1xx_HAL_Driver/Src/stm32f1xx_ll_usb.c ****         /* Fill the data buffer */
2401:Drivers/STM32F1xx_HAL_Driver/Src/stm32f1xx_ll_usb.c ****         if ((PCD_GET_ENDPOINT(USBx, ep->num) & USB_EP_DTOG_TX) != 0U)
2402:Drivers/STM32F1xx_HAL_Driver/Src/stm32f1xx_ll_usb.c ****         {
2403:Drivers/STM32F1xx_HAL_Driver/Src/stm32f1xx_ll_usb.c ****           /* Set the Double buffer counter for pmabuffer1 */
2404:Drivers/STM32F1xx_HAL_Driver/Src/stm32f1xx_ll_usb.c ****           PCD_SET_EP_DBUF1_CNT(USBx, ep->num, ep->is_in, len);
2405:Drivers/STM32F1xx_HAL_Driver/Src/stm32f1xx_ll_usb.c ****           pmabuffer = ep->pmaaddr1;
2406:Drivers/STM32F1xx_HAL_Driver/Src/stm32f1xx_ll_usb.c **** 
2407:Drivers/STM32F1xx_HAL_Driver/Src/stm32f1xx_ll_usb.c ****           /* Write the user buffer to USB PMA */
2408:Drivers/STM32F1xx_HAL_Driver/Src/stm32f1xx_ll_usb.c ****           USB_WritePMA(USBx, ep->xfer_buff, pmabuffer, (uint16_t)len);
2409:Drivers/STM32F1xx_HAL_Driver/Src/stm32f1xx_ll_usb.c ****         }
2410:Drivers/STM32F1xx_HAL_Driver/Src/stm32f1xx_ll_usb.c ****         else
2411:Drivers/STM32F1xx_HAL_Driver/Src/stm32f1xx_ll_usb.c ****         {
2412:Drivers/STM32F1xx_HAL_Driver/Src/stm32f1xx_ll_usb.c ****           /* Set the Double buffer counter for pmabuffer0 */
2413:Drivers/STM32F1xx_HAL_Driver/Src/stm32f1xx_ll_usb.c ****           PCD_SET_EP_DBUF0_CNT(USBx, ep->num, ep->is_in, len);
2414:Drivers/STM32F1xx_HAL_Driver/Src/stm32f1xx_ll_usb.c ****           pmabuffer = ep->pmaaddr0;
2415:Drivers/STM32F1xx_HAL_Driver/Src/stm32f1xx_ll_usb.c **** 
2416:Drivers/STM32F1xx_HAL_Driver/Src/stm32f1xx_ll_usb.c ****           /* Write the user buffer to USB PMA */
ARM GAS  C:\Users\subdia\AppData\Local\Temp\ccmLEiFj.s 			page 73


2417:Drivers/STM32F1xx_HAL_Driver/Src/stm32f1xx_ll_usb.c ****           USB_WritePMA(USBx, ep->xfer_buff, pmabuffer, (uint16_t)len);
2418:Drivers/STM32F1xx_HAL_Driver/Src/stm32f1xx_ll_usb.c ****         }
2419:Drivers/STM32F1xx_HAL_Driver/Src/stm32f1xx_ll_usb.c ****       }
2420:Drivers/STM32F1xx_HAL_Driver/Src/stm32f1xx_ll_usb.c ****     }
2421:Drivers/STM32F1xx_HAL_Driver/Src/stm32f1xx_ll_usb.c **** #endif /* (USE_USB_DOUBLE_BUFFER == 1U) */
2422:Drivers/STM32F1xx_HAL_Driver/Src/stm32f1xx_ll_usb.c **** 
2423:Drivers/STM32F1xx_HAL_Driver/Src/stm32f1xx_ll_usb.c ****     PCD_SET_EP_TX_STATUS(USBx, ep->num, USB_EP_TX_VALID);
2424:Drivers/STM32F1xx_HAL_Driver/Src/stm32f1xx_ll_usb.c ****   }
2425:Drivers/STM32F1xx_HAL_Driver/Src/stm32f1xx_ll_usb.c ****   else /* OUT endpoint */
2426:Drivers/STM32F1xx_HAL_Driver/Src/stm32f1xx_ll_usb.c ****   {
2427:Drivers/STM32F1xx_HAL_Driver/Src/stm32f1xx_ll_usb.c ****     if (ep->doublebuffer == 0U)
2428:Drivers/STM32F1xx_HAL_Driver/Src/stm32f1xx_ll_usb.c ****     {
2429:Drivers/STM32F1xx_HAL_Driver/Src/stm32f1xx_ll_usb.c ****       /* Multi packet transfer */
2430:Drivers/STM32F1xx_HAL_Driver/Src/stm32f1xx_ll_usb.c ****       if (ep->xfer_len > ep->maxpacket)
2431:Drivers/STM32F1xx_HAL_Driver/Src/stm32f1xx_ll_usb.c ****       {
2432:Drivers/STM32F1xx_HAL_Driver/Src/stm32f1xx_ll_usb.c ****         len = ep->maxpacket;
2433:Drivers/STM32F1xx_HAL_Driver/Src/stm32f1xx_ll_usb.c ****         ep->xfer_len -= len;
2434:Drivers/STM32F1xx_HAL_Driver/Src/stm32f1xx_ll_usb.c ****       }
2435:Drivers/STM32F1xx_HAL_Driver/Src/stm32f1xx_ll_usb.c ****       else
2436:Drivers/STM32F1xx_HAL_Driver/Src/stm32f1xx_ll_usb.c ****       {
2437:Drivers/STM32F1xx_HAL_Driver/Src/stm32f1xx_ll_usb.c ****         len = ep->xfer_len;
2438:Drivers/STM32F1xx_HAL_Driver/Src/stm32f1xx_ll_usb.c ****         ep->xfer_len = 0U;
2439:Drivers/STM32F1xx_HAL_Driver/Src/stm32f1xx_ll_usb.c ****       }
2440:Drivers/STM32F1xx_HAL_Driver/Src/stm32f1xx_ll_usb.c ****       /* configure and validate Rx endpoint */
2441:Drivers/STM32F1xx_HAL_Driver/Src/stm32f1xx_ll_usb.c ****       PCD_SET_EP_RX_CNT(USBx, ep->num, len);
2442:Drivers/STM32F1xx_HAL_Driver/Src/stm32f1xx_ll_usb.c ****     }
2443:Drivers/STM32F1xx_HAL_Driver/Src/stm32f1xx_ll_usb.c **** #if (USE_USB_DOUBLE_BUFFER == 1U)
2444:Drivers/STM32F1xx_HAL_Driver/Src/stm32f1xx_ll_usb.c ****     else
2445:Drivers/STM32F1xx_HAL_Driver/Src/stm32f1xx_ll_usb.c ****     {
2446:Drivers/STM32F1xx_HAL_Driver/Src/stm32f1xx_ll_usb.c ****       /* First Transfer Coming From HAL_PCD_EP_Receive & From ISR */
2447:Drivers/STM32F1xx_HAL_Driver/Src/stm32f1xx_ll_usb.c ****       /* Set the Double buffer counter */
2448:Drivers/STM32F1xx_HAL_Driver/Src/stm32f1xx_ll_usb.c ****       if (ep->type == EP_TYPE_BULK)
2449:Drivers/STM32F1xx_HAL_Driver/Src/stm32f1xx_ll_usb.c ****       {
2450:Drivers/STM32F1xx_HAL_Driver/Src/stm32f1xx_ll_usb.c ****         PCD_SET_EP_DBUF_CNT(USBx, ep->num, ep->is_in, ep->maxpacket);
2451:Drivers/STM32F1xx_HAL_Driver/Src/stm32f1xx_ll_usb.c **** 
2452:Drivers/STM32F1xx_HAL_Driver/Src/stm32f1xx_ll_usb.c ****         /* Coming from ISR */
2453:Drivers/STM32F1xx_HAL_Driver/Src/stm32f1xx_ll_usb.c ****         if (ep->xfer_count != 0U)
2454:Drivers/STM32F1xx_HAL_Driver/Src/stm32f1xx_ll_usb.c ****         {
2455:Drivers/STM32F1xx_HAL_Driver/Src/stm32f1xx_ll_usb.c ****           /* update last value to check if there is blocking state */
2456:Drivers/STM32F1xx_HAL_Driver/Src/stm32f1xx_ll_usb.c ****           wEPVal = PCD_GET_ENDPOINT(USBx, ep->num);
2457:Drivers/STM32F1xx_HAL_Driver/Src/stm32f1xx_ll_usb.c **** 
2458:Drivers/STM32F1xx_HAL_Driver/Src/stm32f1xx_ll_usb.c ****           /*Blocking State */
2459:Drivers/STM32F1xx_HAL_Driver/Src/stm32f1xx_ll_usb.c ****           if ((((wEPVal & USB_EP_DTOG_RX) != 0U) && ((wEPVal & USB_EP_DTOG_TX) != 0U)) ||
2460:Drivers/STM32F1xx_HAL_Driver/Src/stm32f1xx_ll_usb.c ****               (((wEPVal & USB_EP_DTOG_RX) == 0U) && ((wEPVal & USB_EP_DTOG_TX) == 0U)))
2461:Drivers/STM32F1xx_HAL_Driver/Src/stm32f1xx_ll_usb.c ****           {
2462:Drivers/STM32F1xx_HAL_Driver/Src/stm32f1xx_ll_usb.c ****             PCD_FREE_USER_BUFFER(USBx, ep->num, 0U);
2463:Drivers/STM32F1xx_HAL_Driver/Src/stm32f1xx_ll_usb.c ****           }
2464:Drivers/STM32F1xx_HAL_Driver/Src/stm32f1xx_ll_usb.c ****         }
2465:Drivers/STM32F1xx_HAL_Driver/Src/stm32f1xx_ll_usb.c ****       }
2466:Drivers/STM32F1xx_HAL_Driver/Src/stm32f1xx_ll_usb.c ****       /* iso out double */
2467:Drivers/STM32F1xx_HAL_Driver/Src/stm32f1xx_ll_usb.c ****       else if (ep->type == EP_TYPE_ISOC)
2468:Drivers/STM32F1xx_HAL_Driver/Src/stm32f1xx_ll_usb.c ****       {
2469:Drivers/STM32F1xx_HAL_Driver/Src/stm32f1xx_ll_usb.c ****         /* Multi packet transfer */
2470:Drivers/STM32F1xx_HAL_Driver/Src/stm32f1xx_ll_usb.c ****         if (ep->xfer_len > ep->maxpacket)
2471:Drivers/STM32F1xx_HAL_Driver/Src/stm32f1xx_ll_usb.c ****         {
2472:Drivers/STM32F1xx_HAL_Driver/Src/stm32f1xx_ll_usb.c ****           len = ep->maxpacket;
2473:Drivers/STM32F1xx_HAL_Driver/Src/stm32f1xx_ll_usb.c ****           ep->xfer_len -= len;
ARM GAS  C:\Users\subdia\AppData\Local\Temp\ccmLEiFj.s 			page 74


2474:Drivers/STM32F1xx_HAL_Driver/Src/stm32f1xx_ll_usb.c ****         }
2475:Drivers/STM32F1xx_HAL_Driver/Src/stm32f1xx_ll_usb.c ****         else
2476:Drivers/STM32F1xx_HAL_Driver/Src/stm32f1xx_ll_usb.c ****         {
2477:Drivers/STM32F1xx_HAL_Driver/Src/stm32f1xx_ll_usb.c ****           len = ep->xfer_len;
2478:Drivers/STM32F1xx_HAL_Driver/Src/stm32f1xx_ll_usb.c ****           ep->xfer_len = 0U;
2479:Drivers/STM32F1xx_HAL_Driver/Src/stm32f1xx_ll_usb.c ****         }
2480:Drivers/STM32F1xx_HAL_Driver/Src/stm32f1xx_ll_usb.c ****         PCD_SET_EP_DBUF_CNT(USBx, ep->num, ep->is_in, len);
2481:Drivers/STM32F1xx_HAL_Driver/Src/stm32f1xx_ll_usb.c ****       }
2482:Drivers/STM32F1xx_HAL_Driver/Src/stm32f1xx_ll_usb.c ****       else
2483:Drivers/STM32F1xx_HAL_Driver/Src/stm32f1xx_ll_usb.c ****       {
2484:Drivers/STM32F1xx_HAL_Driver/Src/stm32f1xx_ll_usb.c ****         return HAL_ERROR;
2485:Drivers/STM32F1xx_HAL_Driver/Src/stm32f1xx_ll_usb.c ****       }
2486:Drivers/STM32F1xx_HAL_Driver/Src/stm32f1xx_ll_usb.c ****     }
2487:Drivers/STM32F1xx_HAL_Driver/Src/stm32f1xx_ll_usb.c **** #endif /* (USE_USB_DOUBLE_BUFFER == 1U) */
2488:Drivers/STM32F1xx_HAL_Driver/Src/stm32f1xx_ll_usb.c **** 
2489:Drivers/STM32F1xx_HAL_Driver/Src/stm32f1xx_ll_usb.c ****     PCD_SET_EP_RX_STATUS(USBx, ep->num, USB_EP_RX_VALID);
2490:Drivers/STM32F1xx_HAL_Driver/Src/stm32f1xx_ll_usb.c ****   }
2491:Drivers/STM32F1xx_HAL_Driver/Src/stm32f1xx_ll_usb.c **** 
2492:Drivers/STM32F1xx_HAL_Driver/Src/stm32f1xx_ll_usb.c ****   return HAL_OK;
2493:Drivers/STM32F1xx_HAL_Driver/Src/stm32f1xx_ll_usb.c **** }
2494:Drivers/STM32F1xx_HAL_Driver/Src/stm32f1xx_ll_usb.c **** 
2495:Drivers/STM32F1xx_HAL_Driver/Src/stm32f1xx_ll_usb.c **** 
2496:Drivers/STM32F1xx_HAL_Driver/Src/stm32f1xx_ll_usb.c **** /**
2497:Drivers/STM32F1xx_HAL_Driver/Src/stm32f1xx_ll_usb.c ****   * @brief  USB_EPSetStall set a stall condition over an EP
2498:Drivers/STM32F1xx_HAL_Driver/Src/stm32f1xx_ll_usb.c ****   * @param  USBx Selected device
2499:Drivers/STM32F1xx_HAL_Driver/Src/stm32f1xx_ll_usb.c ****   * @param  ep pointer to endpoint structure
2500:Drivers/STM32F1xx_HAL_Driver/Src/stm32f1xx_ll_usb.c ****   * @retval HAL status
2501:Drivers/STM32F1xx_HAL_Driver/Src/stm32f1xx_ll_usb.c ****   */
2502:Drivers/STM32F1xx_HAL_Driver/Src/stm32f1xx_ll_usb.c **** HAL_StatusTypeDef USB_EPSetStall(USB_TypeDef *USBx, USB_EPTypeDef *ep)
2503:Drivers/STM32F1xx_HAL_Driver/Src/stm32f1xx_ll_usb.c **** {
 1500              		.loc 1 2503 1 is_stmt 1 view -0
 1501              		.cfi_startproc
 1502              		@ args = 0, pretend = 0, frame = 0
 1503              		@ frame_needed = 0, uses_anonymous_args = 0
 1504              		@ link register save eliminated.
2504:Drivers/STM32F1xx_HAL_Driver/Src/stm32f1xx_ll_usb.c ****   if (ep->is_in != 0U)
 1505              		.loc 1 2504 3 view .LVU521
 1506              		.loc 1 2504 9 is_stmt 0 view .LVU522
 1507 0000 4B78     		ldrb	r3, [r1, #1]	@ zero_extendqisi2
 1508              		.loc 1 2504 6 view .LVU523
 1509 0002 8BB1     		cbz	r3, .L54
2505:Drivers/STM32F1xx_HAL_Driver/Src/stm32f1xx_ll_usb.c ****   {
2506:Drivers/STM32F1xx_HAL_Driver/Src/stm32f1xx_ll_usb.c ****     PCD_SET_EP_TX_STATUS(USBx, ep->num, USB_EP_TX_STALL);
 1510              		.loc 1 2506 5 is_stmt 1 view .LVU524
 1511              	.LBB54:
 1512              		.loc 1 2506 5 view .LVU525
 1513              		.loc 1 2506 5 view .LVU526
 1514 0004 0A78     		ldrb	r2, [r1]	@ zero_extendqisi2
 1515 0006 30F82230 		ldrh	r3, [r0, r2, lsl #2]
 1516 000a 9BB2     		uxth	r3, r3
 1517 000c 23F4E043 		bic	r3, r3, #28672
 1518 0010 23F04003 		bic	r3, r3, #64
 1519              	.LVL175:
 1520              		.loc 1 2506 5 view .LVU527
 1521              		.loc 1 2506 5 discriminator 1 view .LVU528
 1522 0014 83F01003 		eor	r3, r3, #16
 1523              	.LVL176:
ARM GAS  C:\Users\subdia\AppData\Local\Temp\ccmLEiFj.s 			page 75


 1524              		.loc 1 2506 5 discriminator 3 view .LVU529
 1525              		.loc 1 2506 5 discriminator 6 view .LVU530
 1526 0018 43F40043 		orr	r3, r3, #32768
 1527              	.LVL177:
 1528              		.loc 1 2506 5 is_stmt 0 discriminator 6 view .LVU531
 1529 001c 43F08003 		orr	r3, r3, #128
 1530 0020 20F82230 		strh	r3, [r0, r2, lsl #2]	@ movhi
 1531              	.LBE54:
 1532              		.loc 1 2506 5 is_stmt 1 view .LVU532
 1533              	.LVL178:
 1534              	.L55:
2507:Drivers/STM32F1xx_HAL_Driver/Src/stm32f1xx_ll_usb.c ****   }
2508:Drivers/STM32F1xx_HAL_Driver/Src/stm32f1xx_ll_usb.c ****   else
2509:Drivers/STM32F1xx_HAL_Driver/Src/stm32f1xx_ll_usb.c ****   {
2510:Drivers/STM32F1xx_HAL_Driver/Src/stm32f1xx_ll_usb.c ****     PCD_SET_EP_RX_STATUS(USBx, ep->num, USB_EP_RX_STALL);
 1535              		.loc 1 2510 5 view .LVU533
2511:Drivers/STM32F1xx_HAL_Driver/Src/stm32f1xx_ll_usb.c ****   }
2512:Drivers/STM32F1xx_HAL_Driver/Src/stm32f1xx_ll_usb.c **** 
2513:Drivers/STM32F1xx_HAL_Driver/Src/stm32f1xx_ll_usb.c ****   return HAL_OK;
 1536              		.loc 1 2513 3 view .LVU534
2514:Drivers/STM32F1xx_HAL_Driver/Src/stm32f1xx_ll_usb.c **** }
 1537              		.loc 1 2514 1 is_stmt 0 view .LVU535
 1538 0024 0020     		movs	r0, #0
 1539              	.LVL179:
 1540              		.loc 1 2514 1 view .LVU536
 1541 0026 7047     		bx	lr
 1542              	.LVL180:
 1543              	.L54:
2510:Drivers/STM32F1xx_HAL_Driver/Src/stm32f1xx_ll_usb.c ****   }
 1544              		.loc 1 2510 5 is_stmt 1 view .LVU537
 1545              	.LBB55:
2510:Drivers/STM32F1xx_HAL_Driver/Src/stm32f1xx_ll_usb.c ****   }
 1546              		.loc 1 2510 5 view .LVU538
2510:Drivers/STM32F1xx_HAL_Driver/Src/stm32f1xx_ll_usb.c ****   }
 1547              		.loc 1 2510 5 view .LVU539
 1548 0028 0A78     		ldrb	r2, [r1]	@ zero_extendqisi2
 1549 002a 30F82230 		ldrh	r3, [r0, r2, lsl #2]
 1550 002e 9BB2     		uxth	r3, r3
 1551 0030 23F48043 		bic	r3, r3, #16384
 1552 0034 23F07003 		bic	r3, r3, #112
 1553              	.LVL181:
2510:Drivers/STM32F1xx_HAL_Driver/Src/stm32f1xx_ll_usb.c ****   }
 1554              		.loc 1 2510 5 view .LVU540
2510:Drivers/STM32F1xx_HAL_Driver/Src/stm32f1xx_ll_usb.c ****   }
 1555              		.loc 1 2510 5 discriminator 1 view .LVU541
 1556 0038 83F48053 		eor	r3, r3, #4096
 1557              	.LVL182:
2510:Drivers/STM32F1xx_HAL_Driver/Src/stm32f1xx_ll_usb.c ****   }
 1558              		.loc 1 2510 5 discriminator 3 view .LVU542
2510:Drivers/STM32F1xx_HAL_Driver/Src/stm32f1xx_ll_usb.c ****   }
 1559              		.loc 1 2510 5 discriminator 6 view .LVU543
 1560 003c 43F40043 		orr	r3, r3, #32768
 1561              	.LVL183:
2510:Drivers/STM32F1xx_HAL_Driver/Src/stm32f1xx_ll_usb.c ****   }
 1562              		.loc 1 2510 5 is_stmt 0 discriminator 6 view .LVU544
 1563 0040 43F08003 		orr	r3, r3, #128
 1564 0044 20F82230 		strh	r3, [r0, r2, lsl #2]	@ movhi
ARM GAS  C:\Users\subdia\AppData\Local\Temp\ccmLEiFj.s 			page 76


 1565 0048 ECE7     		b	.L55
 1566              	.LBE55:
 1567              		.cfi_endproc
 1568              	.LFE75:
 1570              		.section	.text.USB_EPClearStall,"ax",%progbits
 1571              		.align	1
 1572              		.global	USB_EPClearStall
 1573              		.syntax unified
 1574              		.thumb
 1575              		.thumb_func
 1577              	USB_EPClearStall:
 1578              	.LVL184:
 1579              	.LFB76:
2515:Drivers/STM32F1xx_HAL_Driver/Src/stm32f1xx_ll_usb.c **** 
2516:Drivers/STM32F1xx_HAL_Driver/Src/stm32f1xx_ll_usb.c **** /**
2517:Drivers/STM32F1xx_HAL_Driver/Src/stm32f1xx_ll_usb.c ****   * @brief  USB_EPClearStall Clear a stall condition over an EP
2518:Drivers/STM32F1xx_HAL_Driver/Src/stm32f1xx_ll_usb.c ****   * @param  USBx Selected device
2519:Drivers/STM32F1xx_HAL_Driver/Src/stm32f1xx_ll_usb.c ****   * @param  ep pointer to endpoint structure
2520:Drivers/STM32F1xx_HAL_Driver/Src/stm32f1xx_ll_usb.c ****   * @retval HAL status
2521:Drivers/STM32F1xx_HAL_Driver/Src/stm32f1xx_ll_usb.c ****   */
2522:Drivers/STM32F1xx_HAL_Driver/Src/stm32f1xx_ll_usb.c **** HAL_StatusTypeDef USB_EPClearStall(USB_TypeDef *USBx, USB_EPTypeDef *ep)
2523:Drivers/STM32F1xx_HAL_Driver/Src/stm32f1xx_ll_usb.c **** {
 1580              		.loc 1 2523 1 is_stmt 1 view -0
 1581              		.cfi_startproc
 1582              		@ args = 0, pretend = 0, frame = 0
 1583              		@ frame_needed = 0, uses_anonymous_args = 0
 1584              		@ link register save eliminated.
2524:Drivers/STM32F1xx_HAL_Driver/Src/stm32f1xx_ll_usb.c ****   if (ep->doublebuffer == 0U)
 1585              		.loc 1 2524 3 view .LVU546
 1586              		.loc 1 2524 9 is_stmt 0 view .LVU547
 1587 0000 0B7B     		ldrb	r3, [r1, #12]	@ zero_extendqisi2
 1588              		.loc 1 2524 6 view .LVU548
 1589 0002 002B     		cmp	r3, #0
 1590 0004 4BD1     		bne	.L57
2525:Drivers/STM32F1xx_HAL_Driver/Src/stm32f1xx_ll_usb.c ****   {
2526:Drivers/STM32F1xx_HAL_Driver/Src/stm32f1xx_ll_usb.c ****     if (ep->is_in != 0U)
 1591              		.loc 1 2526 5 is_stmt 1 view .LVU549
 1592              		.loc 1 2526 11 is_stmt 0 view .LVU550
 1593 0006 4B78     		ldrb	r3, [r1, #1]	@ zero_extendqisi2
 1594              		.loc 1 2526 8 view .LVU551
 1595 0008 33B3     		cbz	r3, .L58
2527:Drivers/STM32F1xx_HAL_Driver/Src/stm32f1xx_ll_usb.c ****     {
2528:Drivers/STM32F1xx_HAL_Driver/Src/stm32f1xx_ll_usb.c ****       PCD_CLEAR_TX_DTOG(USBx, ep->num);
 1596              		.loc 1 2528 7 is_stmt 1 view .LVU552
 1597              	.LBB56:
 1598              		.loc 1 2528 7 view .LVU553
 1599              		.loc 1 2528 7 view .LVU554
 1600 000a 0A78     		ldrb	r2, [r1]	@ zero_extendqisi2
 1601 000c 30F82230 		ldrh	r3, [r0, r2, lsl #2]
 1602              	.LVL185:
 1603              		.loc 1 2528 7 view .LVU555
 1604 0010 13F0400F 		tst	r3, #64
 1605 0014 0CD0     		beq	.L59
 1606              		.loc 1 2528 7 discriminator 1 view .LVU556
 1607              	.LBB57:
 1608              		.loc 1 2528 7 discriminator 1 view .LVU557
 1609              		.loc 1 2528 7 discriminator 1 view .LVU558
ARM GAS  C:\Users\subdia\AppData\Local\Temp\ccmLEiFj.s 			page 77


 1610 0016 30F82230 		ldrh	r3, [r0, r2, lsl #2]
 1611              	.LVL186:
 1612              		.loc 1 2528 7 is_stmt 0 discriminator 1 view .LVU559
 1613 001a 9BB2     		uxth	r3, r3
 1614 001c 23F4E043 		bic	r3, r3, #28672
 1615 0020 23F07003 		bic	r3, r3, #112
 1616              	.LVL187:
 1617              		.loc 1 2528 7 is_stmt 1 view .LVU560
 1618              		.loc 1 2528 7 is_stmt 0 discriminator 1 view .LVU561
 1619 0024 43F40043 		orr	r3, r3, #32768
 1620              	.LVL188:
 1621              		.loc 1 2528 7 discriminator 1 view .LVU562
 1622 0028 43F0C003 		orr	r3, r3, #192
 1623 002c 20F82230 		strh	r3, [r0, r2, lsl #2]	@ movhi
 1624              	.LVL189:
 1625              	.L59:
 1626              		.loc 1 2528 7 discriminator 1 view .LVU563
 1627              	.LBE57:
 1628              		.loc 1 2528 7 is_stmt 1 view .LVU564
 1629              	.LBE56:
 1630              		.loc 1 2528 7 view .LVU565
2529:Drivers/STM32F1xx_HAL_Driver/Src/stm32f1xx_ll_usb.c **** 
2530:Drivers/STM32F1xx_HAL_Driver/Src/stm32f1xx_ll_usb.c ****       if (ep->type != EP_TYPE_ISOC)
 1631              		.loc 1 2530 7 view .LVU566
 1632              		.loc 1 2530 13 is_stmt 0 view .LVU567
 1633 0030 CB78     		ldrb	r3, [r1, #3]	@ zero_extendqisi2
 1634              		.loc 1 2530 10 view .LVU568
 1635 0032 012B     		cmp	r3, #1
 1636 0034 33D0     		beq	.L57
2531:Drivers/STM32F1xx_HAL_Driver/Src/stm32f1xx_ll_usb.c ****       {
2532:Drivers/STM32F1xx_HAL_Driver/Src/stm32f1xx_ll_usb.c ****         /* Configure NAK status for the Endpoint */
2533:Drivers/STM32F1xx_HAL_Driver/Src/stm32f1xx_ll_usb.c ****         PCD_SET_EP_TX_STATUS(USBx, ep->num, USB_EP_TX_NAK);
 1637              		.loc 1 2533 9 is_stmt 1 view .LVU569
 1638              	.LBB58:
 1639              		.loc 1 2533 9 view .LVU570
 1640              		.loc 1 2533 9 view .LVU571
 1641 0036 0A78     		ldrb	r2, [r1]	@ zero_extendqisi2
 1642 0038 30F82230 		ldrh	r3, [r0, r2, lsl #2]
 1643 003c 9BB2     		uxth	r3, r3
 1644 003e 23F4E043 		bic	r3, r3, #28672
 1645 0042 23F04003 		bic	r3, r3, #64
 1646              	.LVL190:
 1647              		.loc 1 2533 9 view .LVU572
 1648              		.loc 1 2533 9 discriminator 3 view .LVU573
 1649              		.loc 1 2533 9 discriminator 4 view .LVU574
 1650 0046 83F02003 		eor	r3, r3, #32
 1651              	.LVL191:
 1652              		.loc 1 2533 9 discriminator 6 view .LVU575
 1653 004a 43F40043 		orr	r3, r3, #32768
 1654              	.LVL192:
 1655              		.loc 1 2533 9 is_stmt 0 discriminator 6 view .LVU576
 1656 004e 43F08003 		orr	r3, r3, #128
 1657 0052 20F82230 		strh	r3, [r0, r2, lsl #2]	@ movhi
 1658 0056 22E0     		b	.L57
 1659              	.LVL193:
 1660              	.L58:
 1661              		.loc 1 2533 9 discriminator 6 view .LVU577
ARM GAS  C:\Users\subdia\AppData\Local\Temp\ccmLEiFj.s 			page 78


 1662              	.LBE58:
2534:Drivers/STM32F1xx_HAL_Driver/Src/stm32f1xx_ll_usb.c ****       }
2535:Drivers/STM32F1xx_HAL_Driver/Src/stm32f1xx_ll_usb.c ****     }
2536:Drivers/STM32F1xx_HAL_Driver/Src/stm32f1xx_ll_usb.c ****     else
2537:Drivers/STM32F1xx_HAL_Driver/Src/stm32f1xx_ll_usb.c ****     {
2538:Drivers/STM32F1xx_HAL_Driver/Src/stm32f1xx_ll_usb.c ****       PCD_CLEAR_RX_DTOG(USBx, ep->num);
 1663              		.loc 1 2538 7 is_stmt 1 view .LVU578
 1664              	.LBB59:
 1665              		.loc 1 2538 7 view .LVU579
 1666              		.loc 1 2538 7 view .LVU580
 1667 0058 0A78     		ldrb	r2, [r1]	@ zero_extendqisi2
 1668 005a 30F82230 		ldrh	r3, [r0, r2, lsl #2]
 1669              	.LVL194:
 1670              		.loc 1 2538 7 view .LVU581
 1671 005e 13F4804F 		tst	r3, #16384
 1672 0062 0CD0     		beq	.L60
 1673              		.loc 1 2538 7 discriminator 1 view .LVU582
 1674              	.LBB60:
 1675              		.loc 1 2538 7 discriminator 1 view .LVU583
 1676              		.loc 1 2538 7 discriminator 1 view .LVU584
 1677 0064 30F82230 		ldrh	r3, [r0, r2, lsl #2]
 1678              	.LVL195:
 1679              		.loc 1 2538 7 is_stmt 0 discriminator 1 view .LVU585
 1680 0068 9BB2     		uxth	r3, r3
 1681 006a 23F4E043 		bic	r3, r3, #28672
 1682 006e 23F07003 		bic	r3, r3, #112
 1683              	.LVL196:
 1684              		.loc 1 2538 7 is_stmt 1 view .LVU586
 1685              		.loc 1 2538 7 is_stmt 0 discriminator 1 view .LVU587
 1686 0072 43F44043 		orr	r3, r3, #49152
 1687              	.LVL197:
 1688              		.loc 1 2538 7 discriminator 1 view .LVU588
 1689 0076 43F08003 		orr	r3, r3, #128
 1690 007a 20F82230 		strh	r3, [r0, r2, lsl #2]	@ movhi
 1691              	.LVL198:
 1692              	.L60:
 1693              		.loc 1 2538 7 discriminator 1 view .LVU589
 1694              	.LBE60:
 1695              		.loc 1 2538 7 is_stmt 1 view .LVU590
 1696              	.LBE59:
 1697              		.loc 1 2538 7 view .LVU591
2539:Drivers/STM32F1xx_HAL_Driver/Src/stm32f1xx_ll_usb.c **** 
2540:Drivers/STM32F1xx_HAL_Driver/Src/stm32f1xx_ll_usb.c ****       /* Configure VALID status for the Endpoint */
2541:Drivers/STM32F1xx_HAL_Driver/Src/stm32f1xx_ll_usb.c ****       PCD_SET_EP_RX_STATUS(USBx, ep->num, USB_EP_RX_VALID);
 1698              		.loc 1 2541 7 view .LVU592
 1699              	.LBB61:
 1700              		.loc 1 2541 7 view .LVU593
 1701              		.loc 1 2541 7 view .LVU594
 1702 007e 0A78     		ldrb	r2, [r1]	@ zero_extendqisi2
 1703 0080 30F82230 		ldrh	r3, [r0, r2, lsl #2]
 1704 0084 9BB2     		uxth	r3, r3
 1705 0086 23F48043 		bic	r3, r3, #16384
 1706 008a 23F07003 		bic	r3, r3, #112
 1707              		.loc 1 2541 7 view .LVU595
 1708              		.loc 1 2541 7 discriminator 1 view .LVU596
 1709              	.LVL199:
 1710              		.loc 1 2541 7 discriminator 3 view .LVU597
ARM GAS  C:\Users\subdia\AppData\Local\Temp\ccmLEiFj.s 			page 79


 1711              		.loc 1 2541 7 discriminator 4 view .LVU598
 1712 008e 83F44053 		eor	r3, r3, #12288
 1713              	.LVL200:
 1714              		.loc 1 2541 7 discriminator 6 view .LVU599
 1715 0092 43F40043 		orr	r3, r3, #32768
 1716              	.LVL201:
 1717              		.loc 1 2541 7 is_stmt 0 discriminator 6 view .LVU600
 1718 0096 43F08003 		orr	r3, r3, #128
 1719 009a 20F82230 		strh	r3, [r0, r2, lsl #2]	@ movhi
 1720              	.LVL202:
 1721              	.L57:
 1722              		.loc 1 2541 7 discriminator 6 view .LVU601
 1723              	.LBE61:
 1724              		.loc 1 2541 7 is_stmt 1 view .LVU602
2542:Drivers/STM32F1xx_HAL_Driver/Src/stm32f1xx_ll_usb.c ****     }
2543:Drivers/STM32F1xx_HAL_Driver/Src/stm32f1xx_ll_usb.c ****   }
2544:Drivers/STM32F1xx_HAL_Driver/Src/stm32f1xx_ll_usb.c **** 
2545:Drivers/STM32F1xx_HAL_Driver/Src/stm32f1xx_ll_usb.c ****   return HAL_OK;
 1725              		.loc 1 2545 3 view .LVU603
2546:Drivers/STM32F1xx_HAL_Driver/Src/stm32f1xx_ll_usb.c **** }
 1726              		.loc 1 2546 1 is_stmt 0 view .LVU604
 1727 009e 0020     		movs	r0, #0
 1728              	.LVL203:
 1729              		.loc 1 2546 1 view .LVU605
 1730 00a0 7047     		bx	lr
 1731              		.cfi_endproc
 1732              	.LFE76:
 1734              		.section	.text.USB_EPStopXfer,"ax",%progbits
 1735              		.align	1
 1736              		.global	USB_EPStopXfer
 1737              		.syntax unified
 1738              		.thumb
 1739              		.thumb_func
 1741              	USB_EPStopXfer:
 1742              	.LVL204:
 1743              	.LFB77:
2547:Drivers/STM32F1xx_HAL_Driver/Src/stm32f1xx_ll_usb.c **** 
2548:Drivers/STM32F1xx_HAL_Driver/Src/stm32f1xx_ll_usb.c **** /**
2549:Drivers/STM32F1xx_HAL_Driver/Src/stm32f1xx_ll_usb.c ****    * @brief  USB_EPStoptXfer  Stop transfer on an EP
2550:Drivers/STM32F1xx_HAL_Driver/Src/stm32f1xx_ll_usb.c ****    * @param  USBx  usb device instance
2551:Drivers/STM32F1xx_HAL_Driver/Src/stm32f1xx_ll_usb.c ****    * @param  ep pointer to endpoint structure
2552:Drivers/STM32F1xx_HAL_Driver/Src/stm32f1xx_ll_usb.c ****    * @retval HAL status
2553:Drivers/STM32F1xx_HAL_Driver/Src/stm32f1xx_ll_usb.c ****    */
2554:Drivers/STM32F1xx_HAL_Driver/Src/stm32f1xx_ll_usb.c **** HAL_StatusTypeDef USB_EPStopXfer(USB_TypeDef *USBx, USB_EPTypeDef *ep)
2555:Drivers/STM32F1xx_HAL_Driver/Src/stm32f1xx_ll_usb.c **** {
 1744              		.loc 1 2555 1 is_stmt 1 view -0
 1745              		.cfi_startproc
 1746              		@ args = 0, pretend = 0, frame = 0
 1747              		@ frame_needed = 0, uses_anonymous_args = 0
 1748              		@ link register save eliminated.
2556:Drivers/STM32F1xx_HAL_Driver/Src/stm32f1xx_ll_usb.c ****   /* IN endpoint */
2557:Drivers/STM32F1xx_HAL_Driver/Src/stm32f1xx_ll_usb.c ****   if (ep->is_in == 1U)
 1749              		.loc 1 2557 3 view .LVU607
 1750              		.loc 1 2557 9 is_stmt 0 view .LVU608
 1751 0000 4B78     		ldrb	r3, [r1, #1]	@ zero_extendqisi2
 1752              		.loc 1 2557 6 view .LVU609
 1753 0002 012B     		cmp	r3, #1
ARM GAS  C:\Users\subdia\AppData\Local\Temp\ccmLEiFj.s 			page 80


 1754 0004 16D0     		beq	.L66
2558:Drivers/STM32F1xx_HAL_Driver/Src/stm32f1xx_ll_usb.c ****   {
2559:Drivers/STM32F1xx_HAL_Driver/Src/stm32f1xx_ll_usb.c ****     if (ep->doublebuffer == 0U)
2560:Drivers/STM32F1xx_HAL_Driver/Src/stm32f1xx_ll_usb.c ****     {
2561:Drivers/STM32F1xx_HAL_Driver/Src/stm32f1xx_ll_usb.c ****       if (ep->type != EP_TYPE_ISOC)
2562:Drivers/STM32F1xx_HAL_Driver/Src/stm32f1xx_ll_usb.c ****       {
2563:Drivers/STM32F1xx_HAL_Driver/Src/stm32f1xx_ll_usb.c ****         /* Configure NAK status for the Endpoint */
2564:Drivers/STM32F1xx_HAL_Driver/Src/stm32f1xx_ll_usb.c ****         PCD_SET_EP_TX_STATUS(USBx, ep->num, USB_EP_TX_NAK);
2565:Drivers/STM32F1xx_HAL_Driver/Src/stm32f1xx_ll_usb.c ****       }
2566:Drivers/STM32F1xx_HAL_Driver/Src/stm32f1xx_ll_usb.c ****       else
2567:Drivers/STM32F1xx_HAL_Driver/Src/stm32f1xx_ll_usb.c ****       {
2568:Drivers/STM32F1xx_HAL_Driver/Src/stm32f1xx_ll_usb.c ****         /* Configure TX Endpoint to disabled state */
2569:Drivers/STM32F1xx_HAL_Driver/Src/stm32f1xx_ll_usb.c ****         PCD_SET_EP_TX_STATUS(USBx, ep->num, USB_EP_TX_DIS);
2570:Drivers/STM32F1xx_HAL_Driver/Src/stm32f1xx_ll_usb.c ****       }
2571:Drivers/STM32F1xx_HAL_Driver/Src/stm32f1xx_ll_usb.c ****     }
2572:Drivers/STM32F1xx_HAL_Driver/Src/stm32f1xx_ll_usb.c ****   }
2573:Drivers/STM32F1xx_HAL_Driver/Src/stm32f1xx_ll_usb.c ****   else /* OUT endpoint */
2574:Drivers/STM32F1xx_HAL_Driver/Src/stm32f1xx_ll_usb.c ****   {
2575:Drivers/STM32F1xx_HAL_Driver/Src/stm32f1xx_ll_usb.c ****     if (ep->doublebuffer == 0U)
 1755              		.loc 1 2575 5 is_stmt 1 view .LVU610
 1756              		.loc 1 2575 11 is_stmt 0 view .LVU611
 1757 0006 0B7B     		ldrb	r3, [r1, #12]	@ zero_extendqisi2
 1758              		.loc 1 2575 8 view .LVU612
 1759 0008 93B9     		cbnz	r3, .L63
2576:Drivers/STM32F1xx_HAL_Driver/Src/stm32f1xx_ll_usb.c ****     {
2577:Drivers/STM32F1xx_HAL_Driver/Src/stm32f1xx_ll_usb.c ****       if (ep->type != EP_TYPE_ISOC)
 1760              		.loc 1 2577 7 is_stmt 1 view .LVU613
 1761              		.loc 1 2577 13 is_stmt 0 view .LVU614
 1762 000a CB78     		ldrb	r3, [r1, #3]	@ zero_extendqisi2
 1763              		.loc 1 2577 10 view .LVU615
 1764 000c 012B     		cmp	r3, #1
 1765 000e 37D0     		beq	.L65
2578:Drivers/STM32F1xx_HAL_Driver/Src/stm32f1xx_ll_usb.c ****       {
2579:Drivers/STM32F1xx_HAL_Driver/Src/stm32f1xx_ll_usb.c ****         /* Configure NAK status for the Endpoint */
2580:Drivers/STM32F1xx_HAL_Driver/Src/stm32f1xx_ll_usb.c ****         PCD_SET_EP_RX_STATUS(USBx, ep->num, USB_EP_RX_NAK);
 1766              		.loc 1 2580 9 is_stmt 1 view .LVU616
 1767              	.LBB62:
 1768              		.loc 1 2580 9 view .LVU617
 1769              		.loc 1 2580 9 view .LVU618
 1770 0010 0A78     		ldrb	r2, [r1]	@ zero_extendqisi2
 1771 0012 30F82230 		ldrh	r3, [r0, r2, lsl #2]
 1772 0016 9BB2     		uxth	r3, r3
 1773 0018 23F48043 		bic	r3, r3, #16384
 1774 001c 23F07003 		bic	r3, r3, #112
 1775              	.LVL205:
 1776              		.loc 1 2580 9 view .LVU619
 1777              		.loc 1 2580 9 discriminator 3 view .LVU620
 1778              		.loc 1 2580 9 discriminator 4 view .LVU621
 1779 0020 83F40053 		eor	r3, r3, #8192
 1780              	.LVL206:
 1781              		.loc 1 2580 9 discriminator 6 view .LVU622
 1782 0024 43F40043 		orr	r3, r3, #32768
 1783              	.LVL207:
 1784              		.loc 1 2580 9 is_stmt 0 discriminator 6 view .LVU623
 1785 0028 43F08003 		orr	r3, r3, #128
 1786 002c 20F82230 		strh	r3, [r0, r2, lsl #2]	@ movhi
 1787              	.LBE62:
ARM GAS  C:\Users\subdia\AppData\Local\Temp\ccmLEiFj.s 			page 81


 1788              		.loc 1 2580 9 is_stmt 1 view .LVU624
 1789              	.LVL208:
 1790              	.L63:
2581:Drivers/STM32F1xx_HAL_Driver/Src/stm32f1xx_ll_usb.c ****       }
2582:Drivers/STM32F1xx_HAL_Driver/Src/stm32f1xx_ll_usb.c ****       else
2583:Drivers/STM32F1xx_HAL_Driver/Src/stm32f1xx_ll_usb.c ****       {
2584:Drivers/STM32F1xx_HAL_Driver/Src/stm32f1xx_ll_usb.c ****         /* Configure RX Endpoint to disabled state */
2585:Drivers/STM32F1xx_HAL_Driver/Src/stm32f1xx_ll_usb.c ****         PCD_SET_EP_RX_STATUS(USBx, ep->num, USB_EP_RX_DIS);
 1791              		.loc 1 2585 9 view .LVU625
2586:Drivers/STM32F1xx_HAL_Driver/Src/stm32f1xx_ll_usb.c ****       }
2587:Drivers/STM32F1xx_HAL_Driver/Src/stm32f1xx_ll_usb.c ****     }
2588:Drivers/STM32F1xx_HAL_Driver/Src/stm32f1xx_ll_usb.c ****   }
2589:Drivers/STM32F1xx_HAL_Driver/Src/stm32f1xx_ll_usb.c **** 
2590:Drivers/STM32F1xx_HAL_Driver/Src/stm32f1xx_ll_usb.c ****   return HAL_OK;
 1792              		.loc 1 2590 3 view .LVU626
2591:Drivers/STM32F1xx_HAL_Driver/Src/stm32f1xx_ll_usb.c **** }
 1793              		.loc 1 2591 1 is_stmt 0 view .LVU627
 1794 0030 0020     		movs	r0, #0
 1795              	.LVL209:
 1796              		.loc 1 2591 1 view .LVU628
 1797 0032 7047     		bx	lr
 1798              	.LVL210:
 1799              	.L66:
2559:Drivers/STM32F1xx_HAL_Driver/Src/stm32f1xx_ll_usb.c ****     {
 1800              		.loc 1 2559 5 is_stmt 1 view .LVU629
2559:Drivers/STM32F1xx_HAL_Driver/Src/stm32f1xx_ll_usb.c ****     {
 1801              		.loc 1 2559 11 is_stmt 0 view .LVU630
 1802 0034 0B7B     		ldrb	r3, [r1, #12]	@ zero_extendqisi2
2559:Drivers/STM32F1xx_HAL_Driver/Src/stm32f1xx_ll_usb.c ****     {
 1803              		.loc 1 2559 8 view .LVU631
 1804 0036 002B     		cmp	r3, #0
 1805 0038 FAD1     		bne	.L63
2561:Drivers/STM32F1xx_HAL_Driver/Src/stm32f1xx_ll_usb.c ****       {
 1806              		.loc 1 2561 7 is_stmt 1 view .LVU632
2561:Drivers/STM32F1xx_HAL_Driver/Src/stm32f1xx_ll_usb.c ****       {
 1807              		.loc 1 2561 13 is_stmt 0 view .LVU633
 1808 003a CB78     		ldrb	r3, [r1, #3]	@ zero_extendqisi2
2561:Drivers/STM32F1xx_HAL_Driver/Src/stm32f1xx_ll_usb.c ****       {
 1809              		.loc 1 2561 10 view .LVU634
 1810 003c 012B     		cmp	r3, #1
 1811 003e 10D0     		beq	.L64
2564:Drivers/STM32F1xx_HAL_Driver/Src/stm32f1xx_ll_usb.c ****       }
 1812              		.loc 1 2564 9 is_stmt 1 view .LVU635
 1813              	.LBB63:
2564:Drivers/STM32F1xx_HAL_Driver/Src/stm32f1xx_ll_usb.c ****       }
 1814              		.loc 1 2564 9 view .LVU636
2564:Drivers/STM32F1xx_HAL_Driver/Src/stm32f1xx_ll_usb.c ****       }
 1815              		.loc 1 2564 9 view .LVU637
 1816 0040 0A78     		ldrb	r2, [r1]	@ zero_extendqisi2
 1817 0042 30F82230 		ldrh	r3, [r0, r2, lsl #2]
 1818 0046 9BB2     		uxth	r3, r3
 1819 0048 23F4E043 		bic	r3, r3, #28672
 1820 004c 23F04003 		bic	r3, r3, #64
 1821              	.LVL211:
2564:Drivers/STM32F1xx_HAL_Driver/Src/stm32f1xx_ll_usb.c ****       }
 1822              		.loc 1 2564 9 view .LVU638
2564:Drivers/STM32F1xx_HAL_Driver/Src/stm32f1xx_ll_usb.c ****       }
ARM GAS  C:\Users\subdia\AppData\Local\Temp\ccmLEiFj.s 			page 82


 1823              		.loc 1 2564 9 discriminator 3 view .LVU639
2564:Drivers/STM32F1xx_HAL_Driver/Src/stm32f1xx_ll_usb.c ****       }
 1824              		.loc 1 2564 9 discriminator 4 view .LVU640
 1825 0050 83F02003 		eor	r3, r3, #32
 1826              	.LVL212:
2564:Drivers/STM32F1xx_HAL_Driver/Src/stm32f1xx_ll_usb.c ****       }
 1827              		.loc 1 2564 9 discriminator 6 view .LVU641
 1828 0054 43F40043 		orr	r3, r3, #32768
 1829              	.LVL213:
2564:Drivers/STM32F1xx_HAL_Driver/Src/stm32f1xx_ll_usb.c ****       }
 1830              		.loc 1 2564 9 is_stmt 0 discriminator 6 view .LVU642
 1831 0058 43F08003 		orr	r3, r3, #128
 1832 005c 20F82230 		strh	r3, [r0, r2, lsl #2]	@ movhi
 1833              	.LBE63:
2564:Drivers/STM32F1xx_HAL_Driver/Src/stm32f1xx_ll_usb.c ****       }
 1834              		.loc 1 2564 9 is_stmt 1 view .LVU643
 1835 0060 E6E7     		b	.L63
 1836              	.LVL214:
 1837              	.L64:
2569:Drivers/STM32F1xx_HAL_Driver/Src/stm32f1xx_ll_usb.c ****       }
 1838              		.loc 1 2569 9 view .LVU644
 1839              	.LBB64:
2569:Drivers/STM32F1xx_HAL_Driver/Src/stm32f1xx_ll_usb.c ****       }
 1840              		.loc 1 2569 9 view .LVU645
2569:Drivers/STM32F1xx_HAL_Driver/Src/stm32f1xx_ll_usb.c ****       }
 1841              		.loc 1 2569 9 view .LVU646
 1842 0062 0A78     		ldrb	r2, [r1]	@ zero_extendqisi2
 1843 0064 30F82230 		ldrh	r3, [r0, r2, lsl #2]
 1844 0068 9BB2     		uxth	r3, r3
 1845 006a 23F4E043 		bic	r3, r3, #28672
 1846 006e 23F04003 		bic	r3, r3, #64
 1847              	.LVL215:
2569:Drivers/STM32F1xx_HAL_Driver/Src/stm32f1xx_ll_usb.c ****       }
 1848              		.loc 1 2569 9 view .LVU647
2569:Drivers/STM32F1xx_HAL_Driver/Src/stm32f1xx_ll_usb.c ****       }
 1849              		.loc 1 2569 9 discriminator 3 view .LVU648
2569:Drivers/STM32F1xx_HAL_Driver/Src/stm32f1xx_ll_usb.c ****       }
 1850              		.loc 1 2569 9 discriminator 6 view .LVU649
 1851 0072 43F40043 		orr	r3, r3, #32768
 1852              	.LVL216:
2569:Drivers/STM32F1xx_HAL_Driver/Src/stm32f1xx_ll_usb.c ****       }
 1853              		.loc 1 2569 9 is_stmt 0 discriminator 6 view .LVU650
 1854 0076 43F08003 		orr	r3, r3, #128
 1855 007a 20F82230 		strh	r3, [r0, r2, lsl #2]	@ movhi
 1856 007e D7E7     		b	.L63
 1857              	.LVL217:
 1858              	.L65:
2569:Drivers/STM32F1xx_HAL_Driver/Src/stm32f1xx_ll_usb.c ****       }
 1859              		.loc 1 2569 9 discriminator 6 view .LVU651
 1860              	.LBE64:
2585:Drivers/STM32F1xx_HAL_Driver/Src/stm32f1xx_ll_usb.c ****       }
 1861              		.loc 1 2585 9 is_stmt 1 view .LVU652
 1862              	.LBB65:
2585:Drivers/STM32F1xx_HAL_Driver/Src/stm32f1xx_ll_usb.c ****       }
 1863              		.loc 1 2585 9 view .LVU653
2585:Drivers/STM32F1xx_HAL_Driver/Src/stm32f1xx_ll_usb.c ****       }
 1864              		.loc 1 2585 9 view .LVU654
ARM GAS  C:\Users\subdia\AppData\Local\Temp\ccmLEiFj.s 			page 83


 1865 0080 0A78     		ldrb	r2, [r1]	@ zero_extendqisi2
 1866 0082 30F82230 		ldrh	r3, [r0, r2, lsl #2]
 1867 0086 9BB2     		uxth	r3, r3
 1868 0088 23F48043 		bic	r3, r3, #16384
 1869 008c 23F07003 		bic	r3, r3, #112
 1870              	.LVL218:
2585:Drivers/STM32F1xx_HAL_Driver/Src/stm32f1xx_ll_usb.c ****       }
 1871              		.loc 1 2585 9 view .LVU655
2585:Drivers/STM32F1xx_HAL_Driver/Src/stm32f1xx_ll_usb.c ****       }
 1872              		.loc 1 2585 9 discriminator 3 view .LVU656
2585:Drivers/STM32F1xx_HAL_Driver/Src/stm32f1xx_ll_usb.c ****       }
 1873              		.loc 1 2585 9 discriminator 6 view .LVU657
 1874 0090 43F40043 		orr	r3, r3, #32768
 1875              	.LVL219:
2585:Drivers/STM32F1xx_HAL_Driver/Src/stm32f1xx_ll_usb.c ****       }
 1876              		.loc 1 2585 9 is_stmt 0 discriminator 6 view .LVU658
 1877 0094 43F08003 		orr	r3, r3, #128
 1878 0098 20F82230 		strh	r3, [r0, r2, lsl #2]	@ movhi
 1879 009c C8E7     		b	.L63
 1880              	.LBE65:
 1881              		.cfi_endproc
 1882              	.LFE77:
 1884              		.section	.text.USB_StopDevice,"ax",%progbits
 1885              		.align	1
 1886              		.global	USB_StopDevice
 1887              		.syntax unified
 1888              		.thumb
 1889              		.thumb_func
 1891              	USB_StopDevice:
 1892              	.LVL220:
 1893              	.LFB78:
2592:Drivers/STM32F1xx_HAL_Driver/Src/stm32f1xx_ll_usb.c **** #endif /* defined (HAL_PCD_MODULE_ENABLED) */
2593:Drivers/STM32F1xx_HAL_Driver/Src/stm32f1xx_ll_usb.c **** 
2594:Drivers/STM32F1xx_HAL_Driver/Src/stm32f1xx_ll_usb.c **** /**
2595:Drivers/STM32F1xx_HAL_Driver/Src/stm32f1xx_ll_usb.c ****   * @brief  USB_StopDevice Stop the usb device mode
2596:Drivers/STM32F1xx_HAL_Driver/Src/stm32f1xx_ll_usb.c ****   * @param  USBx Selected device
2597:Drivers/STM32F1xx_HAL_Driver/Src/stm32f1xx_ll_usb.c ****   * @retval HAL status
2598:Drivers/STM32F1xx_HAL_Driver/Src/stm32f1xx_ll_usb.c ****   */
2599:Drivers/STM32F1xx_HAL_Driver/Src/stm32f1xx_ll_usb.c **** HAL_StatusTypeDef USB_StopDevice(USB_TypeDef *USBx)
2600:Drivers/STM32F1xx_HAL_Driver/Src/stm32f1xx_ll_usb.c **** {
 1894              		.loc 1 2600 1 is_stmt 1 view -0
 1895              		.cfi_startproc
 1896              		@ args = 0, pretend = 0, frame = 0
 1897              		@ frame_needed = 0, uses_anonymous_args = 0
 1898              		@ link register save eliminated.
 1899              		.loc 1 2600 1 is_stmt 0 view .LVU660
 1900 0000 0346     		mov	r3, r0
2601:Drivers/STM32F1xx_HAL_Driver/Src/stm32f1xx_ll_usb.c ****   /* disable all interrupts and force USB reset */
2602:Drivers/STM32F1xx_HAL_Driver/Src/stm32f1xx_ll_usb.c ****   USBx->CNTR = (uint16_t)USB_CNTR_FRES;
 1901              		.loc 1 2602 3 is_stmt 1 view .LVU661
 1902              		.loc 1 2602 14 is_stmt 0 view .LVU662
 1903 0002 0122     		movs	r2, #1
 1904 0004 A0F84020 		strh	r2, [r0, #64]	@ movhi
2603:Drivers/STM32F1xx_HAL_Driver/Src/stm32f1xx_ll_usb.c **** 
2604:Drivers/STM32F1xx_HAL_Driver/Src/stm32f1xx_ll_usb.c ****   /* clear interrupt status register */
2605:Drivers/STM32F1xx_HAL_Driver/Src/stm32f1xx_ll_usb.c ****   USBx->ISTR = 0U;
 1905              		.loc 1 2605 3 is_stmt 1 view .LVU663
ARM GAS  C:\Users\subdia\AppData\Local\Temp\ccmLEiFj.s 			page 84


 1906              		.loc 1 2605 14 is_stmt 0 view .LVU664
 1907 0008 0020     		movs	r0, #0
 1908              	.LVL221:
 1909              		.loc 1 2605 14 view .LVU665
 1910 000a A3F84400 		strh	r0, [r3, #68]	@ movhi
2606:Drivers/STM32F1xx_HAL_Driver/Src/stm32f1xx_ll_usb.c **** 
2607:Drivers/STM32F1xx_HAL_Driver/Src/stm32f1xx_ll_usb.c ****   /* switch-off device */
2608:Drivers/STM32F1xx_HAL_Driver/Src/stm32f1xx_ll_usb.c ****   USBx->CNTR = (uint16_t)(USB_CNTR_FRES | USB_CNTR_PDWN);
 1911              		.loc 1 2608 3 is_stmt 1 view .LVU666
 1912              		.loc 1 2608 14 is_stmt 0 view .LVU667
 1913 000e 0322     		movs	r2, #3
 1914 0010 A3F84020 		strh	r2, [r3, #64]	@ movhi
2609:Drivers/STM32F1xx_HAL_Driver/Src/stm32f1xx_ll_usb.c **** 
2610:Drivers/STM32F1xx_HAL_Driver/Src/stm32f1xx_ll_usb.c ****   return HAL_OK;
 1915              		.loc 1 2610 3 is_stmt 1 view .LVU668
2611:Drivers/STM32F1xx_HAL_Driver/Src/stm32f1xx_ll_usb.c **** }
 1916              		.loc 1 2611 1 is_stmt 0 view .LVU669
 1917 0014 7047     		bx	lr
 1918              		.cfi_endproc
 1919              	.LFE78:
 1921              		.section	.text.USB_SetDevAddress,"ax",%progbits
 1922              		.align	1
 1923              		.global	USB_SetDevAddress
 1924              		.syntax unified
 1925              		.thumb
 1926              		.thumb_func
 1928              	USB_SetDevAddress:
 1929              	.LVL222:
 1930              	.LFB79:
2612:Drivers/STM32F1xx_HAL_Driver/Src/stm32f1xx_ll_usb.c **** 
2613:Drivers/STM32F1xx_HAL_Driver/Src/stm32f1xx_ll_usb.c **** /**
2614:Drivers/STM32F1xx_HAL_Driver/Src/stm32f1xx_ll_usb.c ****   * @brief  USB_SetDevAddress Stop the usb device mode
2615:Drivers/STM32F1xx_HAL_Driver/Src/stm32f1xx_ll_usb.c ****   * @param  USBx Selected device
2616:Drivers/STM32F1xx_HAL_Driver/Src/stm32f1xx_ll_usb.c ****   * @param  address new device address to be assigned
2617:Drivers/STM32F1xx_HAL_Driver/Src/stm32f1xx_ll_usb.c ****   *          This parameter can be a value from 0 to 255
2618:Drivers/STM32F1xx_HAL_Driver/Src/stm32f1xx_ll_usb.c ****   * @retval HAL status
2619:Drivers/STM32F1xx_HAL_Driver/Src/stm32f1xx_ll_usb.c ****   */
2620:Drivers/STM32F1xx_HAL_Driver/Src/stm32f1xx_ll_usb.c **** HAL_StatusTypeDef  USB_SetDevAddress(USB_TypeDef *USBx, uint8_t address)
2621:Drivers/STM32F1xx_HAL_Driver/Src/stm32f1xx_ll_usb.c **** {
 1931              		.loc 1 2621 1 is_stmt 1 view -0
 1932              		.cfi_startproc
 1933              		@ args = 0, pretend = 0, frame = 0
 1934              		@ frame_needed = 0, uses_anonymous_args = 0
 1935              		@ link register save eliminated.
2622:Drivers/STM32F1xx_HAL_Driver/Src/stm32f1xx_ll_usb.c ****   if (address == 0U)
 1936              		.loc 1 2622 3 view .LVU671
 1937              		.loc 1 2622 6 is_stmt 0 view .LVU672
 1938 0000 11B9     		cbnz	r1, .L69
2623:Drivers/STM32F1xx_HAL_Driver/Src/stm32f1xx_ll_usb.c ****   {
2624:Drivers/STM32F1xx_HAL_Driver/Src/stm32f1xx_ll_usb.c ****     /* set device address and enable function */
2625:Drivers/STM32F1xx_HAL_Driver/Src/stm32f1xx_ll_usb.c ****     USBx->DADDR = (uint16_t)USB_DADDR_EF;
 1939              		.loc 1 2625 5 is_stmt 1 view .LVU673
 1940              		.loc 1 2625 17 is_stmt 0 view .LVU674
 1941 0002 8023     		movs	r3, #128
 1942 0004 A0F84C30 		strh	r3, [r0, #76]	@ movhi
 1943              	.L69:
2626:Drivers/STM32F1xx_HAL_Driver/Src/stm32f1xx_ll_usb.c ****   }
ARM GAS  C:\Users\subdia\AppData\Local\Temp\ccmLEiFj.s 			page 85


2627:Drivers/STM32F1xx_HAL_Driver/Src/stm32f1xx_ll_usb.c **** 
2628:Drivers/STM32F1xx_HAL_Driver/Src/stm32f1xx_ll_usb.c ****   return HAL_OK;
 1944              		.loc 1 2628 3 is_stmt 1 view .LVU675
2629:Drivers/STM32F1xx_HAL_Driver/Src/stm32f1xx_ll_usb.c **** }
 1945              		.loc 1 2629 1 is_stmt 0 view .LVU676
 1946 0008 0020     		movs	r0, #0
 1947              	.LVL223:
 1948              		.loc 1 2629 1 view .LVU677
 1949 000a 7047     		bx	lr
 1950              		.cfi_endproc
 1951              	.LFE79:
 1953              		.section	.text.USB_DevConnect,"ax",%progbits
 1954              		.align	1
 1955              		.global	USB_DevConnect
 1956              		.syntax unified
 1957              		.thumb
 1958              		.thumb_func
 1960              	USB_DevConnect:
 1961              	.LVL224:
 1962              	.LFB80:
2630:Drivers/STM32F1xx_HAL_Driver/Src/stm32f1xx_ll_usb.c **** 
2631:Drivers/STM32F1xx_HAL_Driver/Src/stm32f1xx_ll_usb.c **** /**
2632:Drivers/STM32F1xx_HAL_Driver/Src/stm32f1xx_ll_usb.c ****   * @brief  USB_DevConnect Connect the USB device by enabling the pull-up/pull-down
2633:Drivers/STM32F1xx_HAL_Driver/Src/stm32f1xx_ll_usb.c ****   * @param  USBx Selected device
2634:Drivers/STM32F1xx_HAL_Driver/Src/stm32f1xx_ll_usb.c ****   * @retval HAL status
2635:Drivers/STM32F1xx_HAL_Driver/Src/stm32f1xx_ll_usb.c ****   */
2636:Drivers/STM32F1xx_HAL_Driver/Src/stm32f1xx_ll_usb.c **** HAL_StatusTypeDef  USB_DevConnect(USB_TypeDef *USBx)
2637:Drivers/STM32F1xx_HAL_Driver/Src/stm32f1xx_ll_usb.c **** {
 1963              		.loc 1 2637 1 is_stmt 1 view -0
 1964              		.cfi_startproc
 1965              		@ args = 0, pretend = 0, frame = 0
 1966              		@ frame_needed = 0, uses_anonymous_args = 0
 1967              		@ link register save eliminated.
2638:Drivers/STM32F1xx_HAL_Driver/Src/stm32f1xx_ll_usb.c ****   /* Prevent unused argument(s) compilation warning */
2639:Drivers/STM32F1xx_HAL_Driver/Src/stm32f1xx_ll_usb.c ****   UNUSED(USBx);
 1968              		.loc 1 2639 3 view .LVU679
2640:Drivers/STM32F1xx_HAL_Driver/Src/stm32f1xx_ll_usb.c **** 
2641:Drivers/STM32F1xx_HAL_Driver/Src/stm32f1xx_ll_usb.c ****   /* NOTE : - This function is not required by USB Device FS peripheral, it is used
2642:Drivers/STM32F1xx_HAL_Driver/Src/stm32f1xx_ll_usb.c ****               only by USB OTG FS peripheral.
2643:Drivers/STM32F1xx_HAL_Driver/Src/stm32f1xx_ll_usb.c ****             - This function is added to ensure compatibility across platforms.
2644:Drivers/STM32F1xx_HAL_Driver/Src/stm32f1xx_ll_usb.c ****    */
2645:Drivers/STM32F1xx_HAL_Driver/Src/stm32f1xx_ll_usb.c **** 
2646:Drivers/STM32F1xx_HAL_Driver/Src/stm32f1xx_ll_usb.c ****   return HAL_OK;
 1969              		.loc 1 2646 3 view .LVU680
2647:Drivers/STM32F1xx_HAL_Driver/Src/stm32f1xx_ll_usb.c **** }
 1970              		.loc 1 2647 1 is_stmt 0 view .LVU681
 1971 0000 0020     		movs	r0, #0
 1972              	.LVL225:
 1973              		.loc 1 2647 1 view .LVU682
 1974 0002 7047     		bx	lr
 1975              		.cfi_endproc
 1976              	.LFE80:
 1978              		.section	.text.USB_DevDisconnect,"ax",%progbits
 1979              		.align	1
 1980              		.global	USB_DevDisconnect
 1981              		.syntax unified
 1982              		.thumb
ARM GAS  C:\Users\subdia\AppData\Local\Temp\ccmLEiFj.s 			page 86


 1983              		.thumb_func
 1985              	USB_DevDisconnect:
 1986              	.LVL226:
 1987              	.LFB81:
2648:Drivers/STM32F1xx_HAL_Driver/Src/stm32f1xx_ll_usb.c **** 
2649:Drivers/STM32F1xx_HAL_Driver/Src/stm32f1xx_ll_usb.c **** /**
2650:Drivers/STM32F1xx_HAL_Driver/Src/stm32f1xx_ll_usb.c ****   * @brief  USB_DevDisconnect Disconnect the USB device by disabling the pull-up/pull-down
2651:Drivers/STM32F1xx_HAL_Driver/Src/stm32f1xx_ll_usb.c ****   * @param  USBx Selected device
2652:Drivers/STM32F1xx_HAL_Driver/Src/stm32f1xx_ll_usb.c ****   * @retval HAL status
2653:Drivers/STM32F1xx_HAL_Driver/Src/stm32f1xx_ll_usb.c ****   */
2654:Drivers/STM32F1xx_HAL_Driver/Src/stm32f1xx_ll_usb.c **** HAL_StatusTypeDef  USB_DevDisconnect(USB_TypeDef *USBx)
2655:Drivers/STM32F1xx_HAL_Driver/Src/stm32f1xx_ll_usb.c **** {
 1988              		.loc 1 2655 1 is_stmt 1 view -0
 1989              		.cfi_startproc
 1990              		@ args = 0, pretend = 0, frame = 0
 1991              		@ frame_needed = 0, uses_anonymous_args = 0
 1992              		@ link register save eliminated.
2656:Drivers/STM32F1xx_HAL_Driver/Src/stm32f1xx_ll_usb.c ****   /* Prevent unused argument(s) compilation warning */
2657:Drivers/STM32F1xx_HAL_Driver/Src/stm32f1xx_ll_usb.c ****   UNUSED(USBx);
 1993              		.loc 1 2657 3 view .LVU684
2658:Drivers/STM32F1xx_HAL_Driver/Src/stm32f1xx_ll_usb.c **** 
2659:Drivers/STM32F1xx_HAL_Driver/Src/stm32f1xx_ll_usb.c ****   /* NOTE : - This function is not required by USB Device FS peripheral, it is used
2660:Drivers/STM32F1xx_HAL_Driver/Src/stm32f1xx_ll_usb.c ****               only by USB OTG FS peripheral.
2661:Drivers/STM32F1xx_HAL_Driver/Src/stm32f1xx_ll_usb.c ****             - This function is added to ensure compatibility across platforms.
2662:Drivers/STM32F1xx_HAL_Driver/Src/stm32f1xx_ll_usb.c ****    */
2663:Drivers/STM32F1xx_HAL_Driver/Src/stm32f1xx_ll_usb.c **** 
2664:Drivers/STM32F1xx_HAL_Driver/Src/stm32f1xx_ll_usb.c ****   return HAL_OK;
 1994              		.loc 1 2664 3 view .LVU685
2665:Drivers/STM32F1xx_HAL_Driver/Src/stm32f1xx_ll_usb.c **** }
 1995              		.loc 1 2665 1 is_stmt 0 view .LVU686
 1996 0000 0020     		movs	r0, #0
 1997              	.LVL227:
 1998              		.loc 1 2665 1 view .LVU687
 1999 0002 7047     		bx	lr
 2000              		.cfi_endproc
 2001              	.LFE81:
 2003              		.section	.text.USB_ReadInterrupts,"ax",%progbits
 2004              		.align	1
 2005              		.global	USB_ReadInterrupts
 2006              		.syntax unified
 2007              		.thumb
 2008              		.thumb_func
 2010              	USB_ReadInterrupts:
 2011              	.LVL228:
 2012              	.LFB82:
2666:Drivers/STM32F1xx_HAL_Driver/Src/stm32f1xx_ll_usb.c **** 
2667:Drivers/STM32F1xx_HAL_Driver/Src/stm32f1xx_ll_usb.c **** /**
2668:Drivers/STM32F1xx_HAL_Driver/Src/stm32f1xx_ll_usb.c ****   * @brief  USB_ReadInterrupts return the global USB interrupt status
2669:Drivers/STM32F1xx_HAL_Driver/Src/stm32f1xx_ll_usb.c ****   * @param  USBx Selected device
2670:Drivers/STM32F1xx_HAL_Driver/Src/stm32f1xx_ll_usb.c ****   * @retval USB Global Interrupt status
2671:Drivers/STM32F1xx_HAL_Driver/Src/stm32f1xx_ll_usb.c ****   */
2672:Drivers/STM32F1xx_HAL_Driver/Src/stm32f1xx_ll_usb.c **** uint32_t USB_ReadInterrupts(USB_TypeDef const *USBx)
2673:Drivers/STM32F1xx_HAL_Driver/Src/stm32f1xx_ll_usb.c **** {
 2013              		.loc 1 2673 1 is_stmt 1 view -0
 2014              		.cfi_startproc
 2015              		@ args = 0, pretend = 0, frame = 0
 2016              		@ frame_needed = 0, uses_anonymous_args = 0
ARM GAS  C:\Users\subdia\AppData\Local\Temp\ccmLEiFj.s 			page 87


 2017              		@ link register save eliminated.
2674:Drivers/STM32F1xx_HAL_Driver/Src/stm32f1xx_ll_usb.c ****   uint32_t tmpreg;
 2018              		.loc 1 2674 3 view .LVU689
2675:Drivers/STM32F1xx_HAL_Driver/Src/stm32f1xx_ll_usb.c **** 
2676:Drivers/STM32F1xx_HAL_Driver/Src/stm32f1xx_ll_usb.c ****   tmpreg = USBx->ISTR;
 2019              		.loc 1 2676 3 view .LVU690
 2020              		.loc 1 2676 16 is_stmt 0 view .LVU691
 2021 0000 B0F84400 		ldrh	r0, [r0, #68]
 2022              	.LVL229:
2677:Drivers/STM32F1xx_HAL_Driver/Src/stm32f1xx_ll_usb.c ****   return tmpreg;
 2023              		.loc 1 2677 3 is_stmt 1 view .LVU692
2678:Drivers/STM32F1xx_HAL_Driver/Src/stm32f1xx_ll_usb.c **** }
 2024              		.loc 1 2678 1 is_stmt 0 view .LVU693
 2025 0004 80B2     		uxth	r0, r0
 2026              	.LVL230:
 2027              		.loc 1 2678 1 view .LVU694
 2028 0006 7047     		bx	lr
 2029              		.cfi_endproc
 2030              	.LFE82:
 2032              		.section	.text.USB_ReadDevAllOutEpInterrupt,"ax",%progbits
 2033              		.align	1
 2034              		.global	USB_ReadDevAllOutEpInterrupt
 2035              		.syntax unified
 2036              		.thumb
 2037              		.thumb_func
 2039              	USB_ReadDevAllOutEpInterrupt:
 2040              	.LVL231:
 2041              	.LFB83:
2679:Drivers/STM32F1xx_HAL_Driver/Src/stm32f1xx_ll_usb.c **** 
2680:Drivers/STM32F1xx_HAL_Driver/Src/stm32f1xx_ll_usb.c **** /**
2681:Drivers/STM32F1xx_HAL_Driver/Src/stm32f1xx_ll_usb.c ****   * @brief  USB_ReadDevAllOutEpInterrupt return the USB device OUT endpoints interrupt status
2682:Drivers/STM32F1xx_HAL_Driver/Src/stm32f1xx_ll_usb.c ****   * @param  USBx Selected device
2683:Drivers/STM32F1xx_HAL_Driver/Src/stm32f1xx_ll_usb.c ****   * @retval HAL status
2684:Drivers/STM32F1xx_HAL_Driver/Src/stm32f1xx_ll_usb.c ****   */
2685:Drivers/STM32F1xx_HAL_Driver/Src/stm32f1xx_ll_usb.c **** uint32_t USB_ReadDevAllOutEpInterrupt(USB_TypeDef *USBx)
2686:Drivers/STM32F1xx_HAL_Driver/Src/stm32f1xx_ll_usb.c **** {
 2042              		.loc 1 2686 1 is_stmt 1 view -0
 2043              		.cfi_startproc
 2044              		@ args = 0, pretend = 0, frame = 0
 2045              		@ frame_needed = 0, uses_anonymous_args = 0
 2046              		@ link register save eliminated.
2687:Drivers/STM32F1xx_HAL_Driver/Src/stm32f1xx_ll_usb.c ****   /* Prevent unused argument(s) compilation warning */
2688:Drivers/STM32F1xx_HAL_Driver/Src/stm32f1xx_ll_usb.c ****   UNUSED(USBx);
 2047              		.loc 1 2688 3 view .LVU696
2689:Drivers/STM32F1xx_HAL_Driver/Src/stm32f1xx_ll_usb.c ****   /* NOTE : - This function is not required by USB Device FS peripheral, it is used
2690:Drivers/STM32F1xx_HAL_Driver/Src/stm32f1xx_ll_usb.c ****               only by USB OTG FS peripheral.
2691:Drivers/STM32F1xx_HAL_Driver/Src/stm32f1xx_ll_usb.c ****             - This function is added to ensure compatibility across platforms.
2692:Drivers/STM32F1xx_HAL_Driver/Src/stm32f1xx_ll_usb.c ****    */
2693:Drivers/STM32F1xx_HAL_Driver/Src/stm32f1xx_ll_usb.c ****   return (0);
 2048              		.loc 1 2693 3 view .LVU697
2694:Drivers/STM32F1xx_HAL_Driver/Src/stm32f1xx_ll_usb.c **** }
 2049              		.loc 1 2694 1 is_stmt 0 view .LVU698
 2050 0000 0020     		movs	r0, #0
 2051              	.LVL232:
 2052              		.loc 1 2694 1 view .LVU699
 2053 0002 7047     		bx	lr
 2054              		.cfi_endproc
ARM GAS  C:\Users\subdia\AppData\Local\Temp\ccmLEiFj.s 			page 88


 2055              	.LFE83:
 2057              		.section	.text.USB_ReadDevAllInEpInterrupt,"ax",%progbits
 2058              		.align	1
 2059              		.global	USB_ReadDevAllInEpInterrupt
 2060              		.syntax unified
 2061              		.thumb
 2062              		.thumb_func
 2064              	USB_ReadDevAllInEpInterrupt:
 2065              	.LVL233:
 2066              	.LFB84:
2695:Drivers/STM32F1xx_HAL_Driver/Src/stm32f1xx_ll_usb.c **** 
2696:Drivers/STM32F1xx_HAL_Driver/Src/stm32f1xx_ll_usb.c **** /**
2697:Drivers/STM32F1xx_HAL_Driver/Src/stm32f1xx_ll_usb.c ****   * @brief  USB_ReadDevAllInEpInterrupt return the USB device IN endpoints interrupt status
2698:Drivers/STM32F1xx_HAL_Driver/Src/stm32f1xx_ll_usb.c ****   * @param  USBx Selected device
2699:Drivers/STM32F1xx_HAL_Driver/Src/stm32f1xx_ll_usb.c ****   * @retval HAL status
2700:Drivers/STM32F1xx_HAL_Driver/Src/stm32f1xx_ll_usb.c ****   */
2701:Drivers/STM32F1xx_HAL_Driver/Src/stm32f1xx_ll_usb.c **** uint32_t USB_ReadDevAllInEpInterrupt(USB_TypeDef *USBx)
2702:Drivers/STM32F1xx_HAL_Driver/Src/stm32f1xx_ll_usb.c **** {
 2067              		.loc 1 2702 1 is_stmt 1 view -0
 2068              		.cfi_startproc
 2069              		@ args = 0, pretend = 0, frame = 0
 2070              		@ frame_needed = 0, uses_anonymous_args = 0
 2071              		@ link register save eliminated.
2703:Drivers/STM32F1xx_HAL_Driver/Src/stm32f1xx_ll_usb.c ****   /* Prevent unused argument(s) compilation warning */
2704:Drivers/STM32F1xx_HAL_Driver/Src/stm32f1xx_ll_usb.c ****   UNUSED(USBx);
 2072              		.loc 1 2704 3 view .LVU701
2705:Drivers/STM32F1xx_HAL_Driver/Src/stm32f1xx_ll_usb.c ****   /* NOTE : - This function is not required by USB Device FS peripheral, it is used
2706:Drivers/STM32F1xx_HAL_Driver/Src/stm32f1xx_ll_usb.c ****               only by USB OTG FS peripheral.
2707:Drivers/STM32F1xx_HAL_Driver/Src/stm32f1xx_ll_usb.c ****             - This function is added to ensure compatibility across platforms.
2708:Drivers/STM32F1xx_HAL_Driver/Src/stm32f1xx_ll_usb.c ****    */
2709:Drivers/STM32F1xx_HAL_Driver/Src/stm32f1xx_ll_usb.c ****   return (0);
 2073              		.loc 1 2709 3 view .LVU702
2710:Drivers/STM32F1xx_HAL_Driver/Src/stm32f1xx_ll_usb.c **** }
 2074              		.loc 1 2710 1 is_stmt 0 view .LVU703
 2075 0000 0020     		movs	r0, #0
 2076              	.LVL234:
 2077              		.loc 1 2710 1 view .LVU704
 2078 0002 7047     		bx	lr
 2079              		.cfi_endproc
 2080              	.LFE84:
 2082              		.section	.text.USB_ReadDevOutEPInterrupt,"ax",%progbits
 2083              		.align	1
 2084              		.global	USB_ReadDevOutEPInterrupt
 2085              		.syntax unified
 2086              		.thumb
 2087              		.thumb_func
 2089              	USB_ReadDevOutEPInterrupt:
 2090              	.LVL235:
 2091              	.LFB85:
2711:Drivers/STM32F1xx_HAL_Driver/Src/stm32f1xx_ll_usb.c **** 
2712:Drivers/STM32F1xx_HAL_Driver/Src/stm32f1xx_ll_usb.c **** /**
2713:Drivers/STM32F1xx_HAL_Driver/Src/stm32f1xx_ll_usb.c ****   * @brief  Returns Device OUT EP Interrupt register
2714:Drivers/STM32F1xx_HAL_Driver/Src/stm32f1xx_ll_usb.c ****   * @param  USBx Selected device
2715:Drivers/STM32F1xx_HAL_Driver/Src/stm32f1xx_ll_usb.c ****   * @param  epnum endpoint number
2716:Drivers/STM32F1xx_HAL_Driver/Src/stm32f1xx_ll_usb.c ****   *          This parameter can be a value from 0 to 15
2717:Drivers/STM32F1xx_HAL_Driver/Src/stm32f1xx_ll_usb.c ****   * @retval Device OUT EP Interrupt register
2718:Drivers/STM32F1xx_HAL_Driver/Src/stm32f1xx_ll_usb.c ****   */
ARM GAS  C:\Users\subdia\AppData\Local\Temp\ccmLEiFj.s 			page 89


2719:Drivers/STM32F1xx_HAL_Driver/Src/stm32f1xx_ll_usb.c **** uint32_t USB_ReadDevOutEPInterrupt(USB_TypeDef *USBx, uint8_t epnum)
2720:Drivers/STM32F1xx_HAL_Driver/Src/stm32f1xx_ll_usb.c **** {
 2092              		.loc 1 2720 1 is_stmt 1 view -0
 2093              		.cfi_startproc
 2094              		@ args = 0, pretend = 0, frame = 0
 2095              		@ frame_needed = 0, uses_anonymous_args = 0
 2096              		@ link register save eliminated.
2721:Drivers/STM32F1xx_HAL_Driver/Src/stm32f1xx_ll_usb.c ****   /* Prevent unused argument(s) compilation warning */
2722:Drivers/STM32F1xx_HAL_Driver/Src/stm32f1xx_ll_usb.c ****   UNUSED(USBx);
 2097              		.loc 1 2722 3 view .LVU706
2723:Drivers/STM32F1xx_HAL_Driver/Src/stm32f1xx_ll_usb.c ****   UNUSED(epnum);
 2098              		.loc 1 2723 3 view .LVU707
2724:Drivers/STM32F1xx_HAL_Driver/Src/stm32f1xx_ll_usb.c ****   /* NOTE : - This function is not required by USB Device FS peripheral, it is used
2725:Drivers/STM32F1xx_HAL_Driver/Src/stm32f1xx_ll_usb.c ****               only by USB OTG FS peripheral.
2726:Drivers/STM32F1xx_HAL_Driver/Src/stm32f1xx_ll_usb.c ****             - This function is added to ensure compatibility across platforms.
2727:Drivers/STM32F1xx_HAL_Driver/Src/stm32f1xx_ll_usb.c ****    */
2728:Drivers/STM32F1xx_HAL_Driver/Src/stm32f1xx_ll_usb.c ****   return (0);
 2099              		.loc 1 2728 3 view .LVU708
2729:Drivers/STM32F1xx_HAL_Driver/Src/stm32f1xx_ll_usb.c **** }
 2100              		.loc 1 2729 1 is_stmt 0 view .LVU709
 2101 0000 0020     		movs	r0, #0
 2102              	.LVL236:
 2103              		.loc 1 2729 1 view .LVU710
 2104 0002 7047     		bx	lr
 2105              		.cfi_endproc
 2106              	.LFE85:
 2108              		.section	.text.USB_ReadDevInEPInterrupt,"ax",%progbits
 2109              		.align	1
 2110              		.global	USB_ReadDevInEPInterrupt
 2111              		.syntax unified
 2112              		.thumb
 2113              		.thumb_func
 2115              	USB_ReadDevInEPInterrupt:
 2116              	.LVL237:
 2117              	.LFB86:
2730:Drivers/STM32F1xx_HAL_Driver/Src/stm32f1xx_ll_usb.c **** 
2731:Drivers/STM32F1xx_HAL_Driver/Src/stm32f1xx_ll_usb.c **** /**
2732:Drivers/STM32F1xx_HAL_Driver/Src/stm32f1xx_ll_usb.c ****   * @brief  Returns Device IN EP Interrupt register
2733:Drivers/STM32F1xx_HAL_Driver/Src/stm32f1xx_ll_usb.c ****   * @param  USBx Selected device
2734:Drivers/STM32F1xx_HAL_Driver/Src/stm32f1xx_ll_usb.c ****   * @param  epnum endpoint number
2735:Drivers/STM32F1xx_HAL_Driver/Src/stm32f1xx_ll_usb.c ****   *          This parameter can be a value from 0 to 15
2736:Drivers/STM32F1xx_HAL_Driver/Src/stm32f1xx_ll_usb.c ****   * @retval Device IN EP Interrupt register
2737:Drivers/STM32F1xx_HAL_Driver/Src/stm32f1xx_ll_usb.c ****   */
2738:Drivers/STM32F1xx_HAL_Driver/Src/stm32f1xx_ll_usb.c **** uint32_t USB_ReadDevInEPInterrupt(USB_TypeDef *USBx, uint8_t epnum)
2739:Drivers/STM32F1xx_HAL_Driver/Src/stm32f1xx_ll_usb.c **** {
 2118              		.loc 1 2739 1 is_stmt 1 view -0
 2119              		.cfi_startproc
 2120              		@ args = 0, pretend = 0, frame = 0
 2121              		@ frame_needed = 0, uses_anonymous_args = 0
 2122              		@ link register save eliminated.
2740:Drivers/STM32F1xx_HAL_Driver/Src/stm32f1xx_ll_usb.c ****   /* Prevent unused argument(s) compilation warning */
2741:Drivers/STM32F1xx_HAL_Driver/Src/stm32f1xx_ll_usb.c ****   UNUSED(USBx);
 2123              		.loc 1 2741 3 view .LVU712
2742:Drivers/STM32F1xx_HAL_Driver/Src/stm32f1xx_ll_usb.c ****   UNUSED(epnum);
 2124              		.loc 1 2742 3 view .LVU713
2743:Drivers/STM32F1xx_HAL_Driver/Src/stm32f1xx_ll_usb.c ****   /* NOTE : - This function is not required by USB Device FS peripheral, it is used
2744:Drivers/STM32F1xx_HAL_Driver/Src/stm32f1xx_ll_usb.c ****               only by USB OTG FS peripheral.
ARM GAS  C:\Users\subdia\AppData\Local\Temp\ccmLEiFj.s 			page 90


2745:Drivers/STM32F1xx_HAL_Driver/Src/stm32f1xx_ll_usb.c ****             - This function is added to ensure compatibility across platforms.
2746:Drivers/STM32F1xx_HAL_Driver/Src/stm32f1xx_ll_usb.c ****    */
2747:Drivers/STM32F1xx_HAL_Driver/Src/stm32f1xx_ll_usb.c ****   return (0);
 2125              		.loc 1 2747 3 view .LVU714
2748:Drivers/STM32F1xx_HAL_Driver/Src/stm32f1xx_ll_usb.c **** }
 2126              		.loc 1 2748 1 is_stmt 0 view .LVU715
 2127 0000 0020     		movs	r0, #0
 2128              	.LVL238:
 2129              		.loc 1 2748 1 view .LVU716
 2130 0002 7047     		bx	lr
 2131              		.cfi_endproc
 2132              	.LFE86:
 2134              		.section	.text.USB_ClearInterrupts,"ax",%progbits
 2135              		.align	1
 2136              		.global	USB_ClearInterrupts
 2137              		.syntax unified
 2138              		.thumb
 2139              		.thumb_func
 2141              	USB_ClearInterrupts:
 2142              	.LVL239:
 2143              	.LFB87:
2749:Drivers/STM32F1xx_HAL_Driver/Src/stm32f1xx_ll_usb.c **** 
2750:Drivers/STM32F1xx_HAL_Driver/Src/stm32f1xx_ll_usb.c **** /**
2751:Drivers/STM32F1xx_HAL_Driver/Src/stm32f1xx_ll_usb.c ****   * @brief  USB_ClearInterrupts: clear a USB interrupt
2752:Drivers/STM32F1xx_HAL_Driver/Src/stm32f1xx_ll_usb.c ****   * @param  USBx Selected device
2753:Drivers/STM32F1xx_HAL_Driver/Src/stm32f1xx_ll_usb.c ****   * @param  interrupt  flag
2754:Drivers/STM32F1xx_HAL_Driver/Src/stm32f1xx_ll_usb.c ****   * @retval None
2755:Drivers/STM32F1xx_HAL_Driver/Src/stm32f1xx_ll_usb.c ****   */
2756:Drivers/STM32F1xx_HAL_Driver/Src/stm32f1xx_ll_usb.c **** void  USB_ClearInterrupts(USB_TypeDef *USBx, uint32_t interrupt)
2757:Drivers/STM32F1xx_HAL_Driver/Src/stm32f1xx_ll_usb.c **** {
 2144              		.loc 1 2757 1 is_stmt 1 view -0
 2145              		.cfi_startproc
 2146              		@ args = 0, pretend = 0, frame = 0
 2147              		@ frame_needed = 0, uses_anonymous_args = 0
 2148              		@ link register save eliminated.
2758:Drivers/STM32F1xx_HAL_Driver/Src/stm32f1xx_ll_usb.c ****   /* Prevent unused argument(s) compilation warning */
2759:Drivers/STM32F1xx_HAL_Driver/Src/stm32f1xx_ll_usb.c ****   UNUSED(USBx);
 2149              		.loc 1 2759 3 view .LVU718
2760:Drivers/STM32F1xx_HAL_Driver/Src/stm32f1xx_ll_usb.c ****   UNUSED(interrupt);
 2150              		.loc 1 2760 3 view .LVU719
2761:Drivers/STM32F1xx_HAL_Driver/Src/stm32f1xx_ll_usb.c ****   /* NOTE : - This function is not required by USB Device FS peripheral, it is used
2762:Drivers/STM32F1xx_HAL_Driver/Src/stm32f1xx_ll_usb.c ****               only by USB OTG FS peripheral.
2763:Drivers/STM32F1xx_HAL_Driver/Src/stm32f1xx_ll_usb.c ****             - This function is added to ensure compatibility across platforms.
2764:Drivers/STM32F1xx_HAL_Driver/Src/stm32f1xx_ll_usb.c ****    */
2765:Drivers/STM32F1xx_HAL_Driver/Src/stm32f1xx_ll_usb.c **** }
 2151              		.loc 1 2765 1 is_stmt 0 view .LVU720
 2152 0000 7047     		bx	lr
 2153              		.cfi_endproc
 2154              	.LFE87:
 2156              		.section	.text.USB_EP0_OutStart,"ax",%progbits
 2157              		.align	1
 2158              		.global	USB_EP0_OutStart
 2159              		.syntax unified
 2160              		.thumb
 2161              		.thumb_func
 2163              	USB_EP0_OutStart:
 2164              	.LVL240:
ARM GAS  C:\Users\subdia\AppData\Local\Temp\ccmLEiFj.s 			page 91


 2165              	.LFB88:
2766:Drivers/STM32F1xx_HAL_Driver/Src/stm32f1xx_ll_usb.c **** 
2767:Drivers/STM32F1xx_HAL_Driver/Src/stm32f1xx_ll_usb.c **** /**
2768:Drivers/STM32F1xx_HAL_Driver/Src/stm32f1xx_ll_usb.c ****   * @brief  Prepare the EP0 to start the first control setup
2769:Drivers/STM32F1xx_HAL_Driver/Src/stm32f1xx_ll_usb.c ****   * @param  USBx Selected device
2770:Drivers/STM32F1xx_HAL_Driver/Src/stm32f1xx_ll_usb.c ****   * @param  psetup pointer to setup packet
2771:Drivers/STM32F1xx_HAL_Driver/Src/stm32f1xx_ll_usb.c ****   * @retval HAL status
2772:Drivers/STM32F1xx_HAL_Driver/Src/stm32f1xx_ll_usb.c ****   */
2773:Drivers/STM32F1xx_HAL_Driver/Src/stm32f1xx_ll_usb.c **** HAL_StatusTypeDef USB_EP0_OutStart(USB_TypeDef *USBx, uint8_t *psetup)
2774:Drivers/STM32F1xx_HAL_Driver/Src/stm32f1xx_ll_usb.c **** {
 2166              		.loc 1 2774 1 is_stmt 1 view -0
 2167              		.cfi_startproc
 2168              		@ args = 0, pretend = 0, frame = 0
 2169              		@ frame_needed = 0, uses_anonymous_args = 0
 2170              		@ link register save eliminated.
2775:Drivers/STM32F1xx_HAL_Driver/Src/stm32f1xx_ll_usb.c ****   /* Prevent unused argument(s) compilation warning */
2776:Drivers/STM32F1xx_HAL_Driver/Src/stm32f1xx_ll_usb.c ****   UNUSED(USBx);
 2171              		.loc 1 2776 3 view .LVU722
2777:Drivers/STM32F1xx_HAL_Driver/Src/stm32f1xx_ll_usb.c ****   UNUSED(psetup);
 2172              		.loc 1 2777 3 view .LVU723
2778:Drivers/STM32F1xx_HAL_Driver/Src/stm32f1xx_ll_usb.c ****   /* NOTE : - This function is not required by USB Device FS peripheral, it is used
2779:Drivers/STM32F1xx_HAL_Driver/Src/stm32f1xx_ll_usb.c ****               only by USB OTG FS peripheral.
2780:Drivers/STM32F1xx_HAL_Driver/Src/stm32f1xx_ll_usb.c ****             - This function is added to ensure compatibility across platforms.
2781:Drivers/STM32F1xx_HAL_Driver/Src/stm32f1xx_ll_usb.c ****    */
2782:Drivers/STM32F1xx_HAL_Driver/Src/stm32f1xx_ll_usb.c ****   return HAL_OK;
 2173              		.loc 1 2782 3 view .LVU724
2783:Drivers/STM32F1xx_HAL_Driver/Src/stm32f1xx_ll_usb.c **** }
 2174              		.loc 1 2783 1 is_stmt 0 view .LVU725
 2175 0000 0020     		movs	r0, #0
 2176              	.LVL241:
 2177              		.loc 1 2783 1 view .LVU726
 2178 0002 7047     		bx	lr
 2179              		.cfi_endproc
 2180              	.LFE88:
 2182              		.section	.text.USB_ActivateRemoteWakeup,"ax",%progbits
 2183              		.align	1
 2184              		.global	USB_ActivateRemoteWakeup
 2185              		.syntax unified
 2186              		.thumb
 2187              		.thumb_func
 2189              	USB_ActivateRemoteWakeup:
 2190              	.LVL242:
 2191              	.LFB89:
2784:Drivers/STM32F1xx_HAL_Driver/Src/stm32f1xx_ll_usb.c **** 
2785:Drivers/STM32F1xx_HAL_Driver/Src/stm32f1xx_ll_usb.c **** /**
2786:Drivers/STM32F1xx_HAL_Driver/Src/stm32f1xx_ll_usb.c ****   * @brief  USB_ActivateRemoteWakeup : active remote wakeup signalling
2787:Drivers/STM32F1xx_HAL_Driver/Src/stm32f1xx_ll_usb.c ****   * @param  USBx Selected device
2788:Drivers/STM32F1xx_HAL_Driver/Src/stm32f1xx_ll_usb.c ****   * @retval HAL status
2789:Drivers/STM32F1xx_HAL_Driver/Src/stm32f1xx_ll_usb.c ****   */
2790:Drivers/STM32F1xx_HAL_Driver/Src/stm32f1xx_ll_usb.c **** HAL_StatusTypeDef USB_ActivateRemoteWakeup(USB_TypeDef *USBx)
2791:Drivers/STM32F1xx_HAL_Driver/Src/stm32f1xx_ll_usb.c **** {
 2192              		.loc 1 2791 1 is_stmt 1 view -0
 2193              		.cfi_startproc
 2194              		@ args = 0, pretend = 0, frame = 0
 2195              		@ frame_needed = 0, uses_anonymous_args = 0
 2196              		@ link register save eliminated.
2792:Drivers/STM32F1xx_HAL_Driver/Src/stm32f1xx_ll_usb.c ****   USBx->CNTR |= (uint16_t)USB_CNTR_RESUME;
ARM GAS  C:\Users\subdia\AppData\Local\Temp\ccmLEiFj.s 			page 92


 2197              		.loc 1 2792 3 view .LVU728
 2198              		.loc 1 2792 7 is_stmt 0 view .LVU729
 2199 0000 B0F84030 		ldrh	r3, [r0, #64]
 2200 0004 9BB2     		uxth	r3, r3
 2201              		.loc 1 2792 14 view .LVU730
 2202 0006 43F01003 		orr	r3, r3, #16
 2203 000a A0F84030 		strh	r3, [r0, #64]	@ movhi
2793:Drivers/STM32F1xx_HAL_Driver/Src/stm32f1xx_ll_usb.c **** 
2794:Drivers/STM32F1xx_HAL_Driver/Src/stm32f1xx_ll_usb.c ****   return HAL_OK;
 2204              		.loc 1 2794 3 is_stmt 1 view .LVU731
2795:Drivers/STM32F1xx_HAL_Driver/Src/stm32f1xx_ll_usb.c **** }
 2205              		.loc 1 2795 1 is_stmt 0 view .LVU732
 2206 000e 0020     		movs	r0, #0
 2207              	.LVL243:
 2208              		.loc 1 2795 1 view .LVU733
 2209 0010 7047     		bx	lr
 2210              		.cfi_endproc
 2211              	.LFE89:
 2213              		.section	.text.USB_DeActivateRemoteWakeup,"ax",%progbits
 2214              		.align	1
 2215              		.global	USB_DeActivateRemoteWakeup
 2216              		.syntax unified
 2217              		.thumb
 2218              		.thumb_func
 2220              	USB_DeActivateRemoteWakeup:
 2221              	.LVL244:
 2222              	.LFB90:
2796:Drivers/STM32F1xx_HAL_Driver/Src/stm32f1xx_ll_usb.c **** 
2797:Drivers/STM32F1xx_HAL_Driver/Src/stm32f1xx_ll_usb.c **** /**
2798:Drivers/STM32F1xx_HAL_Driver/Src/stm32f1xx_ll_usb.c ****   * @brief  USB_DeActivateRemoteWakeup de-active remote wakeup signalling
2799:Drivers/STM32F1xx_HAL_Driver/Src/stm32f1xx_ll_usb.c ****   * @param  USBx Selected device
2800:Drivers/STM32F1xx_HAL_Driver/Src/stm32f1xx_ll_usb.c ****   * @retval HAL status
2801:Drivers/STM32F1xx_HAL_Driver/Src/stm32f1xx_ll_usb.c ****   */
2802:Drivers/STM32F1xx_HAL_Driver/Src/stm32f1xx_ll_usb.c **** HAL_StatusTypeDef USB_DeActivateRemoteWakeup(USB_TypeDef *USBx)
2803:Drivers/STM32F1xx_HAL_Driver/Src/stm32f1xx_ll_usb.c **** {
 2223              		.loc 1 2803 1 is_stmt 1 view -0
 2224              		.cfi_startproc
 2225              		@ args = 0, pretend = 0, frame = 0
 2226              		@ frame_needed = 0, uses_anonymous_args = 0
 2227              		@ link register save eliminated.
2804:Drivers/STM32F1xx_HAL_Driver/Src/stm32f1xx_ll_usb.c ****   USBx->CNTR &= (uint16_t)(~USB_CNTR_RESUME);
 2228              		.loc 1 2804 3 view .LVU735
 2229              		.loc 1 2804 7 is_stmt 0 view .LVU736
 2230 0000 B0F84030 		ldrh	r3, [r0, #64]
 2231 0004 9BB2     		uxth	r3, r3
 2232              		.loc 1 2804 14 view .LVU737
 2233 0006 23F01003 		bic	r3, r3, #16
 2234 000a 9BB2     		uxth	r3, r3
 2235 000c A0F84030 		strh	r3, [r0, #64]	@ movhi
2805:Drivers/STM32F1xx_HAL_Driver/Src/stm32f1xx_ll_usb.c **** 
2806:Drivers/STM32F1xx_HAL_Driver/Src/stm32f1xx_ll_usb.c ****   return HAL_OK;
 2236              		.loc 1 2806 3 is_stmt 1 view .LVU738
2807:Drivers/STM32F1xx_HAL_Driver/Src/stm32f1xx_ll_usb.c **** }
 2237              		.loc 1 2807 1 is_stmt 0 view .LVU739
 2238 0010 0020     		movs	r0, #0
 2239              	.LVL245:
 2240              		.loc 1 2807 1 view .LVU740
ARM GAS  C:\Users\subdia\AppData\Local\Temp\ccmLEiFj.s 			page 93


 2241 0012 7047     		bx	lr
 2242              		.cfi_endproc
 2243              	.LFE90:
 2245              		.section	.text.USB_WritePMA,"ax",%progbits
 2246              		.align	1
 2247              		.global	USB_WritePMA
 2248              		.syntax unified
 2249              		.thumb
 2250              		.thumb_func
 2252              	USB_WritePMA:
 2253              	.LVL246:
 2254              	.LFB91:
2808:Drivers/STM32F1xx_HAL_Driver/Src/stm32f1xx_ll_usb.c **** 
2809:Drivers/STM32F1xx_HAL_Driver/Src/stm32f1xx_ll_usb.c **** /**
2810:Drivers/STM32F1xx_HAL_Driver/Src/stm32f1xx_ll_usb.c ****   * @brief Copy a buffer from user memory area to packet memory area (PMA)
2811:Drivers/STM32F1xx_HAL_Driver/Src/stm32f1xx_ll_usb.c ****   * @param   USBx USB peripheral instance register address.
2812:Drivers/STM32F1xx_HAL_Driver/Src/stm32f1xx_ll_usb.c ****   * @param   pbUsrBuf pointer to user memory area.
2813:Drivers/STM32F1xx_HAL_Driver/Src/stm32f1xx_ll_usb.c ****   * @param   wPMABufAddr address into PMA.
2814:Drivers/STM32F1xx_HAL_Driver/Src/stm32f1xx_ll_usb.c ****   * @param   wNBytes no. of bytes to be copied.
2815:Drivers/STM32F1xx_HAL_Driver/Src/stm32f1xx_ll_usb.c ****   * @retval None
2816:Drivers/STM32F1xx_HAL_Driver/Src/stm32f1xx_ll_usb.c ****   */
2817:Drivers/STM32F1xx_HAL_Driver/Src/stm32f1xx_ll_usb.c **** void USB_WritePMA(USB_TypeDef const *USBx, uint8_t *pbUsrBuf, uint16_t wPMABufAddr, uint16_t wNByte
2818:Drivers/STM32F1xx_HAL_Driver/Src/stm32f1xx_ll_usb.c **** {
 2255              		.loc 1 2818 1 is_stmt 1 view -0
 2256              		.cfi_startproc
 2257              		@ args = 0, pretend = 0, frame = 0
 2258              		@ frame_needed = 0, uses_anonymous_args = 0
 2259              		@ link register save eliminated.
2819:Drivers/STM32F1xx_HAL_Driver/Src/stm32f1xx_ll_usb.c ****   uint32_t n = ((uint32_t)wNBytes + 1U) >> 1;
 2260              		.loc 1 2819 3 view .LVU742
 2261              		.loc 1 2819 35 is_stmt 0 view .LVU743
 2262 0000 0133     		adds	r3, r3, #1
 2263              	.LVL247:
 2264              		.loc 1 2819 12 view .LVU744
 2265 0002 5B08     		lsrs	r3, r3, #1
 2266              	.LVL248:
2820:Drivers/STM32F1xx_HAL_Driver/Src/stm32f1xx_ll_usb.c ****   uint32_t BaseAddr = (uint32_t)USBx;
 2267              		.loc 1 2820 3 is_stmt 1 view .LVU745
2821:Drivers/STM32F1xx_HAL_Driver/Src/stm32f1xx_ll_usb.c ****   uint32_t count;
 2268              		.loc 1 2821 3 view .LVU746
2822:Drivers/STM32F1xx_HAL_Driver/Src/stm32f1xx_ll_usb.c ****   uint16_t WrVal;
 2269              		.loc 1 2822 3 view .LVU747
2823:Drivers/STM32F1xx_HAL_Driver/Src/stm32f1xx_ll_usb.c ****   __IO uint16_t *pdwVal;
 2270              		.loc 1 2823 3 view .LVU748
2824:Drivers/STM32F1xx_HAL_Driver/Src/stm32f1xx_ll_usb.c ****   uint8_t *pBuf = pbUsrBuf;
 2271              		.loc 1 2824 3 view .LVU749
2825:Drivers/STM32F1xx_HAL_Driver/Src/stm32f1xx_ll_usb.c **** 
2826:Drivers/STM32F1xx_HAL_Driver/Src/stm32f1xx_ll_usb.c ****   pdwVal = (__IO uint16_t *)(BaseAddr + 0x400U + ((uint32_t)wPMABufAddr * PMA_ACCESS));
 2272              		.loc 1 2826 3 view .LVU750
 2273              		.loc 1 2826 48 is_stmt 0 view .LVU751
 2274 0004 00EB4200 		add	r0, r0, r2, lsl #1
 2275              	.LVL249:
 2276              		.loc 1 2826 48 view .LVU752
 2277 0008 00F58060 		add	r0, r0, #1024
 2278              	.LVL250:
2827:Drivers/STM32F1xx_HAL_Driver/Src/stm32f1xx_ll_usb.c **** 
2828:Drivers/STM32F1xx_HAL_Driver/Src/stm32f1xx_ll_usb.c ****   for (count = n; count != 0U; count--)
ARM GAS  C:\Users\subdia\AppData\Local\Temp\ccmLEiFj.s 			page 94


 2279              		.loc 1 2828 3 is_stmt 1 view .LVU753
 2280              		.loc 1 2828 3 is_stmt 0 view .LVU754
 2281 000c 08E0     		b	.L82
 2282              	.LVL251:
 2283              	.L83:
2829:Drivers/STM32F1xx_HAL_Driver/Src/stm32f1xx_ll_usb.c ****   {
2830:Drivers/STM32F1xx_HAL_Driver/Src/stm32f1xx_ll_usb.c ****     WrVal = pBuf[0];
 2284              		.loc 1 2830 5 is_stmt 1 view .LVU755
 2285              		.loc 1 2830 17 is_stmt 0 view .LVU756
 2286 000e 0A78     		ldrb	r2, [r1]	@ zero_extendqisi2
 2287              	.LVL252:
2831:Drivers/STM32F1xx_HAL_Driver/Src/stm32f1xx_ll_usb.c ****     WrVal |= (uint16_t)pBuf[1] << 8;
 2288              		.loc 1 2831 5 is_stmt 1 view .LVU757
 2289              		.loc 1 2831 28 is_stmt 0 view .LVU758
 2290 0010 91F801C0 		ldrb	ip, [r1, #1]	@ zero_extendqisi2
 2291              		.loc 1 2831 11 view .LVU759
 2292 0014 42EA0C22 		orr	r2, r2, ip, lsl #8
 2293              	.LVL253:
2832:Drivers/STM32F1xx_HAL_Driver/Src/stm32f1xx_ll_usb.c ****     *pdwVal = (WrVal & 0xFFFFU);
 2294              		.loc 1 2832 5 is_stmt 1 view .LVU760
 2295              		.loc 1 2832 13 is_stmt 0 view .LVU761
 2296 0018 20F8042B 		strh	r2, [r0], #4	@ movhi
 2297              	.LVL254:
2833:Drivers/STM32F1xx_HAL_Driver/Src/stm32f1xx_ll_usb.c ****     pdwVal++;
 2298              		.loc 1 2833 5 is_stmt 1 view .LVU762
2834:Drivers/STM32F1xx_HAL_Driver/Src/stm32f1xx_ll_usb.c **** 
2835:Drivers/STM32F1xx_HAL_Driver/Src/stm32f1xx_ll_usb.c **** #if PMA_ACCESS > 1U
2836:Drivers/STM32F1xx_HAL_Driver/Src/stm32f1xx_ll_usb.c ****     pdwVal++;
 2299              		.loc 1 2836 5 view .LVU763
2837:Drivers/STM32F1xx_HAL_Driver/Src/stm32f1xx_ll_usb.c **** #endif /* PMA_ACCESS */
2838:Drivers/STM32F1xx_HAL_Driver/Src/stm32f1xx_ll_usb.c **** 
2839:Drivers/STM32F1xx_HAL_Driver/Src/stm32f1xx_ll_usb.c ****     pBuf++;
 2300              		.loc 1 2839 5 view .LVU764
2840:Drivers/STM32F1xx_HAL_Driver/Src/stm32f1xx_ll_usb.c ****     pBuf++;
 2301              		.loc 1 2840 5 view .LVU765
 2302              		.loc 1 2840 9 is_stmt 0 view .LVU766
 2303 001c 0231     		adds	r1, r1, #2
 2304              	.LVL255:
2828:Drivers/STM32F1xx_HAL_Driver/Src/stm32f1xx_ll_usb.c ****   {
 2305              		.loc 1 2828 37 is_stmt 1 discriminator 3 view .LVU767
 2306 001e 013B     		subs	r3, r3, #1
 2307              	.LVL256:
 2308              	.L82:
2828:Drivers/STM32F1xx_HAL_Driver/Src/stm32f1xx_ll_usb.c ****   {
 2309              		.loc 1 2828 25 discriminator 1 view .LVU768
 2310 0020 002B     		cmp	r3, #0
 2311 0022 F4D1     		bne	.L83
2841:Drivers/STM32F1xx_HAL_Driver/Src/stm32f1xx_ll_usb.c ****   }
2842:Drivers/STM32F1xx_HAL_Driver/Src/stm32f1xx_ll_usb.c **** }
 2312              		.loc 1 2842 1 is_stmt 0 view .LVU769
 2313 0024 7047     		bx	lr
 2314              		.cfi_endproc
 2315              	.LFE91:
 2317              		.section	.text.USB_EPStartXfer,"ax",%progbits
 2318              		.align	1
 2319              		.global	USB_EPStartXfer
 2320              		.syntax unified
ARM GAS  C:\Users\subdia\AppData\Local\Temp\ccmLEiFj.s 			page 95


 2321              		.thumb
 2322              		.thumb_func
 2324              	USB_EPStartXfer:
 2325              	.LVL257:
 2326              	.LFB74:
2283:Drivers/STM32F1xx_HAL_Driver/Src/stm32f1xx_ll_usb.c ****   uint32_t len;
 2327              		.loc 1 2283 1 is_stmt 1 view -0
 2328              		.cfi_startproc
 2329              		@ args = 0, pretend = 0, frame = 0
 2330              		@ frame_needed = 0, uses_anonymous_args = 0
2283:Drivers/STM32F1xx_HAL_Driver/Src/stm32f1xx_ll_usb.c ****   uint32_t len;
 2331              		.loc 1 2283 1 is_stmt 0 view .LVU771
 2332 0000 70B5     		push	{r4, r5, r6, lr}
 2333              	.LCFI5:
 2334              		.cfi_def_cfa_offset 16
 2335              		.cfi_offset 4, -16
 2336              		.cfi_offset 5, -12
 2337              		.cfi_offset 6, -8
 2338              		.cfi_offset 14, -4
 2339 0002 0546     		mov	r5, r0
 2340 0004 0C46     		mov	r4, r1
2284:Drivers/STM32F1xx_HAL_Driver/Src/stm32f1xx_ll_usb.c **** #if (USE_USB_DOUBLE_BUFFER == 1U)
 2341              		.loc 1 2284 3 is_stmt 1 view .LVU772
2286:Drivers/STM32F1xx_HAL_Driver/Src/stm32f1xx_ll_usb.c ****   uint16_t wEPVal;
 2342              		.loc 1 2286 3 view .LVU773
2287:Drivers/STM32F1xx_HAL_Driver/Src/stm32f1xx_ll_usb.c **** #endif /* (USE_USB_DOUBLE_BUFFER == 1U) */
 2343              		.loc 1 2287 3 view .LVU774
2291:Drivers/STM32F1xx_HAL_Driver/Src/stm32f1xx_ll_usb.c ****   {
 2344              		.loc 1 2291 3 view .LVU775
2291:Drivers/STM32F1xx_HAL_Driver/Src/stm32f1xx_ll_usb.c ****   {
 2345              		.loc 1 2291 9 is_stmt 0 view .LVU776
 2346 0006 4A78     		ldrb	r2, [r1, #1]	@ zero_extendqisi2
2291:Drivers/STM32F1xx_HAL_Driver/Src/stm32f1xx_ll_usb.c ****   {
 2347              		.loc 1 2291 6 view .LVU777
 2348 0008 012A     		cmp	r2, #1
 2349 000a 3BD0     		beq	.L170
2427:Drivers/STM32F1xx_HAL_Driver/Src/stm32f1xx_ll_usb.c ****     {
 2350              		.loc 1 2427 5 is_stmt 1 view .LVU778
2427:Drivers/STM32F1xx_HAL_Driver/Src/stm32f1xx_ll_usb.c ****     {
 2351              		.loc 1 2427 11 is_stmt 0 view .LVU779
 2352 000c 0B7B     		ldrb	r3, [r1, #12]	@ zero_extendqisi2
2427:Drivers/STM32F1xx_HAL_Driver/Src/stm32f1xx_ll_usb.c ****     {
 2353              		.loc 1 2427 8 view .LVU780
 2354 000e 002B     		cmp	r3, #0
 2355 0010 40F0A782 		bne	.L134
2430:Drivers/STM32F1xx_HAL_Driver/Src/stm32f1xx_ll_usb.c ****       {
 2356              		.loc 1 2430 7 is_stmt 1 view .LVU781
2430:Drivers/STM32F1xx_HAL_Driver/Src/stm32f1xx_ll_usb.c ****       {
 2357              		.loc 1 2430 13 is_stmt 0 view .LVU782
 2358 0014 8B69     		ldr	r3, [r1, #24]
2430:Drivers/STM32F1xx_HAL_Driver/Src/stm32f1xx_ll_usb.c ****       {
 2359              		.loc 1 2430 28 view .LVU783
 2360 0016 0A69     		ldr	r2, [r1, #16]
2430:Drivers/STM32F1xx_HAL_Driver/Src/stm32f1xx_ll_usb.c ****       {
 2361              		.loc 1 2430 10 view .LVU784
 2362 0018 9342     		cmp	r3, r2
 2363 001a 40F28582 		bls	.L135
ARM GAS  C:\Users\subdia\AppData\Local\Temp\ccmLEiFj.s 			page 96


2432:Drivers/STM32F1xx_HAL_Driver/Src/stm32f1xx_ll_usb.c ****         ep->xfer_len -= len;
 2364              		.loc 1 2432 9 is_stmt 1 view .LVU785
 2365              	.LVL258:
2433:Drivers/STM32F1xx_HAL_Driver/Src/stm32f1xx_ll_usb.c ****       }
 2366              		.loc 1 2433 9 view .LVU786
2433:Drivers/STM32F1xx_HAL_Driver/Src/stm32f1xx_ll_usb.c ****       }
 2367              		.loc 1 2433 22 is_stmt 0 view .LVU787
 2368 001e 9B1A     		subs	r3, r3, r2
 2369 0020 8B61     		str	r3, [r1, #24]
 2370              	.L136:
2441:Drivers/STM32F1xx_HAL_Driver/Src/stm32f1xx_ll_usb.c ****     }
 2371              		.loc 1 2441 7 is_stmt 1 view .LVU788
 2372              	.LBB66:
2441:Drivers/STM32F1xx_HAL_Driver/Src/stm32f1xx_ll_usb.c ****     }
 2373              		.loc 1 2441 7 view .LVU789
 2374              	.LVL259:
2441:Drivers/STM32F1xx_HAL_Driver/Src/stm32f1xx_ll_usb.c ****     }
 2375              		.loc 1 2441 7 view .LVU790
2441:Drivers/STM32F1xx_HAL_Driver/Src/stm32f1xx_ll_usb.c ****     }
 2376              		.loc 1 2441 7 view .LVU791
 2377 0022 B5F85030 		ldrh	r3, [r5, #80]
 2378 0026 9BB2     		uxth	r3, r3
 2379 0028 2B44     		add	r3, r3, r5
 2380              	.LVL260:
2441:Drivers/STM32F1xx_HAL_Driver/Src/stm32f1xx_ll_usb.c ****     }
 2381              		.loc 1 2441 7 view .LVU792
 2382 002a 2178     		ldrb	r1, [r4]	@ zero_extendqisi2
 2383              	.LVL261:
2441:Drivers/STM32F1xx_HAL_Driver/Src/stm32f1xx_ll_usb.c ****     }
 2384              		.loc 1 2441 7 is_stmt 0 view .LVU793
 2385 002c 03EB0113 		add	r3, r3, r1, lsl #4
 2386              	.LVL262:
2441:Drivers/STM32F1xx_HAL_Driver/Src/stm32f1xx_ll_usb.c ****     }
 2387              		.loc 1 2441 7 is_stmt 1 view .LVU794
 2388              	.LBB67:
2441:Drivers/STM32F1xx_HAL_Driver/Src/stm32f1xx_ll_usb.c ****     }
 2389              		.loc 1 2441 7 view .LVU795
2441:Drivers/STM32F1xx_HAL_Driver/Src/stm32f1xx_ll_usb.c ****     }
 2390              		.loc 1 2441 7 view .LVU796
 2391 0030 B3F80C14 		ldrh	r1, [r3, #1036]
 2392 0034 C1F30901 		ubfx	r1, r1, #0, #10
 2393 0038 A3F80C14 		strh	r1, [r3, #1036]	@ movhi
2441:Drivers/STM32F1xx_HAL_Driver/Src/stm32f1xx_ll_usb.c ****     }
 2394              		.loc 1 2441 7 view .LVU797
 2395 003c 3E2A     		cmp	r2, #62
 2396 003e 40F27782 		bls	.L137
2441:Drivers/STM32F1xx_HAL_Driver/Src/stm32f1xx_ll_usb.c ****     }
 2397              		.loc 1 2441 7 discriminator 1 view .LVU798
2441:Drivers/STM32F1xx_HAL_Driver/Src/stm32f1xx_ll_usb.c ****     }
 2398              		.loc 1 2441 7 discriminator 1 view .LVU799
 2399 0042 5109     		lsrs	r1, r2, #5
 2400              	.LVL263:
2441:Drivers/STM32F1xx_HAL_Driver/Src/stm32f1xx_ll_usb.c ****     }
 2401              		.loc 1 2441 7 view .LVU800
2441:Drivers/STM32F1xx_HAL_Driver/Src/stm32f1xx_ll_usb.c ****     }
 2402              		.loc 1 2441 7 is_stmt 0 discriminator 1 view .LVU801
 2403 0044 12F01F0F 		tst	r2, #31
ARM GAS  C:\Users\subdia\AppData\Local\Temp\ccmLEiFj.s 			page 97


 2404 0048 00D1     		bne	.L138
2441:Drivers/STM32F1xx_HAL_Driver/Src/stm32f1xx_ll_usb.c ****     }
 2405              		.loc 1 2441 7 is_stmt 1 discriminator 3 view .LVU802
 2406 004a 0139     		subs	r1, r1, #1
 2407              	.LVL264:
 2408              	.L138:
2441:Drivers/STM32F1xx_HAL_Driver/Src/stm32f1xx_ll_usb.c ****     }
 2409              		.loc 1 2441 7 discriminator 5 view .LVU803
 2410 004c B3F80C24 		ldrh	r2, [r3, #1036]
 2411              	.LVL265:
2441:Drivers/STM32F1xx_HAL_Driver/Src/stm32f1xx_ll_usb.c ****     }
 2412              		.loc 1 2441 7 is_stmt 0 discriminator 5 view .LVU804
 2413 0050 92B2     		uxth	r2, r2
 2414 0052 8902     		lsls	r1, r1, #10
 2415              	.LVL266:
2441:Drivers/STM32F1xx_HAL_Driver/Src/stm32f1xx_ll_usb.c ****     }
 2416              		.loc 1 2441 7 discriminator 5 view .LVU805
 2417 0054 89B2     		uxth	r1, r1
 2418 0056 0A43     		orrs	r2, r2, r1
 2419 0058 42F40042 		orr	r2, r2, #32768
 2420 005c A3F80C24 		strh	r2, [r3, #1036]	@ movhi
2441:Drivers/STM32F1xx_HAL_Driver/Src/stm32f1xx_ll_usb.c ****     }
 2421              		.loc 1 2441 7 is_stmt 1 view .LVU806
 2422              	.LVL267:
 2423              	.L139:
2441:Drivers/STM32F1xx_HAL_Driver/Src/stm32f1xx_ll_usb.c ****     }
 2424              		.loc 1 2441 7 is_stmt 0 view .LVU807
 2425              	.LBE67:
 2426              	.LBE66:
2489:Drivers/STM32F1xx_HAL_Driver/Src/stm32f1xx_ll_usb.c ****   }
 2427              		.loc 1 2489 5 is_stmt 1 view .LVU808
 2428              	.LBB69:
2489:Drivers/STM32F1xx_HAL_Driver/Src/stm32f1xx_ll_usb.c ****   }
 2429              		.loc 1 2489 5 view .LVU809
2489:Drivers/STM32F1xx_HAL_Driver/Src/stm32f1xx_ll_usb.c ****   }
 2430              		.loc 1 2489 5 view .LVU810
 2431 0060 2278     		ldrb	r2, [r4]	@ zero_extendqisi2
 2432 0062 35F82230 		ldrh	r3, [r5, r2, lsl #2]
 2433 0066 9BB2     		uxth	r3, r3
 2434 0068 23F48043 		bic	r3, r3, #16384
 2435 006c 23F07003 		bic	r3, r3, #112
2489:Drivers/STM32F1xx_HAL_Driver/Src/stm32f1xx_ll_usb.c ****   }
 2436              		.loc 1 2489 5 view .LVU811
2489:Drivers/STM32F1xx_HAL_Driver/Src/stm32f1xx_ll_usb.c ****   }
 2437              		.loc 1 2489 5 discriminator 1 view .LVU812
 2438              	.LVL268:
2489:Drivers/STM32F1xx_HAL_Driver/Src/stm32f1xx_ll_usb.c ****   }
 2439              		.loc 1 2489 5 discriminator 3 view .LVU813
2489:Drivers/STM32F1xx_HAL_Driver/Src/stm32f1xx_ll_usb.c ****   }
 2440              		.loc 1 2489 5 discriminator 4 view .LVU814
 2441 0070 83F44053 		eor	r3, r3, #12288
 2442              	.LVL269:
2489:Drivers/STM32F1xx_HAL_Driver/Src/stm32f1xx_ll_usb.c ****   }
 2443              		.loc 1 2489 5 discriminator 6 view .LVU815
 2444 0074 43F40043 		orr	r3, r3, #32768
 2445              	.LVL270:
2489:Drivers/STM32F1xx_HAL_Driver/Src/stm32f1xx_ll_usb.c ****   }
ARM GAS  C:\Users\subdia\AppData\Local\Temp\ccmLEiFj.s 			page 98


 2446              		.loc 1 2489 5 is_stmt 0 discriminator 6 view .LVU816
 2447 0078 43F08003 		orr	r3, r3, #128
 2448 007c 25F82230 		strh	r3, [r5, r2, lsl #2]	@ movhi
 2449              	.LBE69:
2492:Drivers/STM32F1xx_HAL_Driver/Src/stm32f1xx_ll_usb.c **** }
 2450              		.loc 1 2492 10 view .LVU817
 2451 0080 0020     		movs	r0, #0
 2452              	.LVL271:
 2453              	.L133:
2493:Drivers/STM32F1xx_HAL_Driver/Src/stm32f1xx_ll_usb.c **** 
 2454              		.loc 1 2493 1 view .LVU818
 2455 0082 70BD     		pop	{r4, r5, r6, pc}
 2456              	.LVL272:
 2457              	.L170:
2294:Drivers/STM32F1xx_HAL_Driver/Src/stm32f1xx_ll_usb.c ****     {
 2458              		.loc 1 2294 5 is_stmt 1 view .LVU819
2294:Drivers/STM32F1xx_HAL_Driver/Src/stm32f1xx_ll_usb.c ****     {
 2459              		.loc 1 2294 11 is_stmt 0 view .LVU820
 2460 0084 8B69     		ldr	r3, [r1, #24]
 2461 0086 1E46     		mov	r6, r3
2294:Drivers/STM32F1xx_HAL_Driver/Src/stm32f1xx_ll_usb.c ****     {
 2462              		.loc 1 2294 26 view .LVU821
 2463 0088 0969     		ldr	r1, [r1, #16]
 2464              	.LVL273:
2294:Drivers/STM32F1xx_HAL_Driver/Src/stm32f1xx_ll_usb.c ****     {
 2465              		.loc 1 2294 8 view .LVU822
 2466 008a 8B42     		cmp	r3, r1
 2467 008c 00D9     		bls	.L86
2296:Drivers/STM32F1xx_HAL_Driver/Src/stm32f1xx_ll_usb.c ****     }
 2468              		.loc 1 2296 11 view .LVU823
 2469 008e 0E46     		mov	r6, r1
 2470              	.L86:
 2471              	.LVL274:
2304:Drivers/STM32F1xx_HAL_Driver/Src/stm32f1xx_ll_usb.c ****     {
 2472              		.loc 1 2304 5 is_stmt 1 view .LVU824
2304:Drivers/STM32F1xx_HAL_Driver/Src/stm32f1xx_ll_usb.c ****     {
 2473              		.loc 1 2304 11 is_stmt 0 view .LVU825
 2474 0090 237B     		ldrb	r3, [r4, #12]	@ zero_extendqisi2
2304:Drivers/STM32F1xx_HAL_Driver/Src/stm32f1xx_ll_usb.c ****     {
 2475              		.loc 1 2304 8 view .LVU826
 2476 0092 73B3     		cbz	r3, .L171
2313:Drivers/STM32F1xx_HAL_Driver/Src/stm32f1xx_ll_usb.c ****       {
 2477              		.loc 1 2313 7 is_stmt 1 view .LVU827
2313:Drivers/STM32F1xx_HAL_Driver/Src/stm32f1xx_ll_usb.c ****       {
 2478              		.loc 1 2313 13 is_stmt 0 view .LVU828
 2479 0094 E378     		ldrb	r3, [r4, #3]	@ zero_extendqisi2
2313:Drivers/STM32F1xx_HAL_Driver/Src/stm32f1xx_ll_usb.c ****       {
 2480              		.loc 1 2313 10 view .LVU829
 2481 0096 022B     		cmp	r3, #2
 2482 0098 4DD0     		beq	.L172
2398:Drivers/STM32F1xx_HAL_Driver/Src/stm32f1xx_ll_usb.c **** 
 2483              		.loc 1 2398 9 is_stmt 1 view .LVU830
2398:Drivers/STM32F1xx_HAL_Driver/Src/stm32f1xx_ll_usb.c **** 
 2484              		.loc 1 2398 11 is_stmt 0 view .LVU831
 2485 009a 236A     		ldr	r3, [r4, #32]
2398:Drivers/STM32F1xx_HAL_Driver/Src/stm32f1xx_ll_usb.c **** 
 2486              		.loc 1 2398 25 view .LVU832
ARM GAS  C:\Users\subdia\AppData\Local\Temp\ccmLEiFj.s 			page 99


 2487 009c 9B1B     		subs	r3, r3, r6
 2488 009e 2362     		str	r3, [r4, #32]
2401:Drivers/STM32F1xx_HAL_Driver/Src/stm32f1xx_ll_usb.c ****         {
 2489              		.loc 1 2401 9 is_stmt 1 view .LVU833
2401:Drivers/STM32F1xx_HAL_Driver/Src/stm32f1xx_ll_usb.c ****         {
 2490              		.loc 1 2401 14 is_stmt 0 view .LVU834
 2491 00a0 2178     		ldrb	r1, [r4]	@ zero_extendqisi2
 2492 00a2 35F82130 		ldrh	r3, [r5, r1, lsl #2]
2401:Drivers/STM32F1xx_HAL_Driver/Src/stm32f1xx_ll_usb.c ****         {
 2493              		.loc 1 2401 12 view .LVU835
 2494 00a6 13F0400F 		tst	r3, #64
 2495 00aa 00F0F581 		beq	.L120
2404:Drivers/STM32F1xx_HAL_Driver/Src/stm32f1xx_ll_usb.c ****           pmabuffer = ep->pmaaddr1;
 2496              		.loc 1 2404 11 is_stmt 1 view .LVU836
 2497              	.LBB70:
2404:Drivers/STM32F1xx_HAL_Driver/Src/stm32f1xx_ll_usb.c ****           pmabuffer = ep->pmaaddr1;
 2498              		.loc 1 2404 11 view .LVU837
 2499              	.LVL275:
2404:Drivers/STM32F1xx_HAL_Driver/Src/stm32f1xx_ll_usb.c ****           pmabuffer = ep->pmaaddr1;
 2500              		.loc 1 2404 11 view .LVU838
2404:Drivers/STM32F1xx_HAL_Driver/Src/stm32f1xx_ll_usb.c ****           pmabuffer = ep->pmaaddr1;
 2501              		.loc 1 2404 11 view .LVU839
 2502 00ae 002A     		cmp	r2, #0
 2503 00b0 40F0E281 		bne	.L121
2404:Drivers/STM32F1xx_HAL_Driver/Src/stm32f1xx_ll_usb.c ****           pmabuffer = ep->pmaaddr1;
 2504              		.loc 1 2404 11 discriminator 1 view .LVU840
 2505              	.LBB71:
2404:Drivers/STM32F1xx_HAL_Driver/Src/stm32f1xx_ll_usb.c ****           pmabuffer = ep->pmaaddr1;
 2506              		.loc 1 2404 11 discriminator 1 view .LVU841
 2507              	.LVL276:
2404:Drivers/STM32F1xx_HAL_Driver/Src/stm32f1xx_ll_usb.c ****           pmabuffer = ep->pmaaddr1;
 2508              		.loc 1 2404 11 view .LVU842
2404:Drivers/STM32F1xx_HAL_Driver/Src/stm32f1xx_ll_usb.c ****           pmabuffer = ep->pmaaddr1;
 2509              		.loc 1 2404 11 view .LVU843
2404:Drivers/STM32F1xx_HAL_Driver/Src/stm32f1xx_ll_usb.c ****           pmabuffer = ep->pmaaddr1;
 2510              		.loc 1 2404 11 is_stmt 0 discriminator 1 view .LVU844
 2511 00b4 B5F85030 		ldrh	r3, [r5, #80]
 2512 00b8 9BB2     		uxth	r3, r3
 2513 00ba 2B44     		add	r3, r3, r5
 2514              	.LVL277:
2404:Drivers/STM32F1xx_HAL_Driver/Src/stm32f1xx_ll_usb.c ****           pmabuffer = ep->pmaaddr1;
 2515              		.loc 1 2404 11 is_stmt 1 view .LVU845
2404:Drivers/STM32F1xx_HAL_Driver/Src/stm32f1xx_ll_usb.c ****           pmabuffer = ep->pmaaddr1;
 2516              		.loc 1 2404 11 is_stmt 0 discriminator 1 view .LVU846
 2517 00bc 03EB0113 		add	r3, r3, r1, lsl #4
 2518              	.LVL278:
2404:Drivers/STM32F1xx_HAL_Driver/Src/stm32f1xx_ll_usb.c ****           pmabuffer = ep->pmaaddr1;
 2519              		.loc 1 2404 11 is_stmt 1 view .LVU847
 2520              	.LBB72:
2404:Drivers/STM32F1xx_HAL_Driver/Src/stm32f1xx_ll_usb.c ****           pmabuffer = ep->pmaaddr1;
 2521              		.loc 1 2404 11 view .LVU848
2404:Drivers/STM32F1xx_HAL_Driver/Src/stm32f1xx_ll_usb.c ****           pmabuffer = ep->pmaaddr1;
 2522              		.loc 1 2404 11 view .LVU849
2404:Drivers/STM32F1xx_HAL_Driver/Src/stm32f1xx_ll_usb.c ****           pmabuffer = ep->pmaaddr1;
 2523              		.loc 1 2404 11 is_stmt 0 discriminator 1 view .LVU850
 2524 00c0 B3F80C24 		ldrh	r2, [r3, #1036]
 2525 00c4 C2F30902 		ubfx	r2, r2, #0, #10
ARM GAS  C:\Users\subdia\AppData\Local\Temp\ccmLEiFj.s 			page 100


 2526 00c8 A3F80C24 		strh	r2, [r3, #1036]	@ movhi
2404:Drivers/STM32F1xx_HAL_Driver/Src/stm32f1xx_ll_usb.c ****           pmabuffer = ep->pmaaddr1;
 2527              		.loc 1 2404 11 is_stmt 1 view .LVU851
2404:Drivers/STM32F1xx_HAL_Driver/Src/stm32f1xx_ll_usb.c ****           pmabuffer = ep->pmaaddr1;
 2528              		.loc 1 2404 11 is_stmt 0 discriminator 1 view .LVU852
 2529 00cc 3E2E     		cmp	r6, #62
 2530 00ce 40F2BA81 		bls	.L122
2404:Drivers/STM32F1xx_HAL_Driver/Src/stm32f1xx_ll_usb.c ****           pmabuffer = ep->pmaaddr1;
 2531              		.loc 1 2404 11 is_stmt 1 discriminator 3 view .LVU853
2404:Drivers/STM32F1xx_HAL_Driver/Src/stm32f1xx_ll_usb.c ****           pmabuffer = ep->pmaaddr1;
 2532              		.loc 1 2404 11 discriminator 3 view .LVU854
 2533 00d2 7109     		lsrs	r1, r6, #5
 2534              	.LVL279:
2404:Drivers/STM32F1xx_HAL_Driver/Src/stm32f1xx_ll_usb.c ****           pmabuffer = ep->pmaaddr1;
 2535              		.loc 1 2404 11 view .LVU855
2404:Drivers/STM32F1xx_HAL_Driver/Src/stm32f1xx_ll_usb.c ****           pmabuffer = ep->pmaaddr1;
 2536              		.loc 1 2404 11 is_stmt 0 discriminator 3 view .LVU856
 2537 00d4 16F01F0F 		tst	r6, #31
 2538 00d8 00D1     		bne	.L123
2404:Drivers/STM32F1xx_HAL_Driver/Src/stm32f1xx_ll_usb.c ****           pmabuffer = ep->pmaaddr1;
 2539              		.loc 1 2404 11 is_stmt 1 discriminator 5 view .LVU857
 2540 00da 0139     		subs	r1, r1, #1
 2541              	.LVL280:
 2542              	.L123:
2404:Drivers/STM32F1xx_HAL_Driver/Src/stm32f1xx_ll_usb.c ****           pmabuffer = ep->pmaaddr1;
 2543              		.loc 1 2404 11 discriminator 7 view .LVU858
 2544 00dc B3F80C24 		ldrh	r2, [r3, #1036]
 2545 00e0 92B2     		uxth	r2, r2
 2546 00e2 8902     		lsls	r1, r1, #10
 2547              	.LVL281:
2404:Drivers/STM32F1xx_HAL_Driver/Src/stm32f1xx_ll_usb.c ****           pmabuffer = ep->pmaaddr1;
 2548              		.loc 1 2404 11 is_stmt 0 discriminator 7 view .LVU859
 2549 00e4 89B2     		uxth	r1, r1
 2550 00e6 0A43     		orrs	r2, r2, r1
 2551 00e8 42F40042 		orr	r2, r2, #32768
 2552 00ec A3F80C24 		strh	r2, [r3, #1036]	@ movhi
2404:Drivers/STM32F1xx_HAL_Driver/Src/stm32f1xx_ll_usb.c ****           pmabuffer = ep->pmaaddr1;
 2553              		.loc 1 2404 11 is_stmt 1 view .LVU860
 2554 00f0 CBE1     		b	.L124
 2555              	.LVL282:
 2556              	.L171:
2404:Drivers/STM32F1xx_HAL_Driver/Src/stm32f1xx_ll_usb.c ****           pmabuffer = ep->pmaaddr1;
 2557              		.loc 1 2404 11 is_stmt 0 view .LVU861
 2558              	.LBE72:
 2559              	.LBE71:
 2560              	.LBE70:
2306:Drivers/STM32F1xx_HAL_Driver/Src/stm32f1xx_ll_usb.c ****       PCD_SET_EP_TX_CNT(USBx, ep->num, len);
 2561              		.loc 1 2306 7 is_stmt 1 view .LVU862
 2562 00f2 B6B2     		uxth	r6, r6
 2563              	.LVL283:
2306:Drivers/STM32F1xx_HAL_Driver/Src/stm32f1xx_ll_usb.c ****       PCD_SET_EP_TX_CNT(USBx, ep->num, len);
 2564              		.loc 1 2306 7 is_stmt 0 view .LVU863
 2565 00f4 3346     		mov	r3, r6
 2566 00f6 E288     		ldrh	r2, [r4, #6]
 2567 00f8 6169     		ldr	r1, [r4, #20]
 2568 00fa 2846     		mov	r0, r5
 2569              	.LVL284:
ARM GAS  C:\Users\subdia\AppData\Local\Temp\ccmLEiFj.s 			page 101


2306:Drivers/STM32F1xx_HAL_Driver/Src/stm32f1xx_ll_usb.c ****       PCD_SET_EP_TX_CNT(USBx, ep->num, len);
 2570              		.loc 1 2306 7 view .LVU864
 2571 00fc FFF7FEFF 		bl	USB_WritePMA
 2572              	.LVL285:
2307:Drivers/STM32F1xx_HAL_Driver/Src/stm32f1xx_ll_usb.c ****     }
 2573              		.loc 1 2307 7 is_stmt 1 view .LVU865
 2574              	.LBB75:
2307:Drivers/STM32F1xx_HAL_Driver/Src/stm32f1xx_ll_usb.c ****     }
 2575              		.loc 1 2307 7 view .LVU866
2307:Drivers/STM32F1xx_HAL_Driver/Src/stm32f1xx_ll_usb.c ****     }
 2576              		.loc 1 2307 7 view .LVU867
2307:Drivers/STM32F1xx_HAL_Driver/Src/stm32f1xx_ll_usb.c ****     }
 2577              		.loc 1 2307 7 view .LVU868
 2578 0100 B5F85030 		ldrh	r3, [r5, #80]
 2579 0104 9BB2     		uxth	r3, r3
 2580 0106 2B44     		add	r3, r3, r5
 2581              	.LVL286:
2307:Drivers/STM32F1xx_HAL_Driver/Src/stm32f1xx_ll_usb.c ****     }
 2582              		.loc 1 2307 7 view .LVU869
 2583 0108 2278     		ldrb	r2, [r4]	@ zero_extendqisi2
 2584 010a 03EB0213 		add	r3, r3, r2, lsl #4
 2585              	.LVL287:
2307:Drivers/STM32F1xx_HAL_Driver/Src/stm32f1xx_ll_usb.c ****     }
 2586              		.loc 1 2307 7 view .LVU870
 2587 010e A3F80464 		strh	r6, [r3, #1028]	@ movhi
 2588              	.LBE75:
2307:Drivers/STM32F1xx_HAL_Driver/Src/stm32f1xx_ll_usb.c ****     }
 2589              		.loc 1 2307 7 view .LVU871
 2590              	.LVL288:
 2591              	.L88:
2423:Drivers/STM32F1xx_HAL_Driver/Src/stm32f1xx_ll_usb.c ****   }
 2592              		.loc 1 2423 5 view .LVU872
 2593              	.LBB76:
2423:Drivers/STM32F1xx_HAL_Driver/Src/stm32f1xx_ll_usb.c ****   }
 2594              		.loc 1 2423 5 view .LVU873
2423:Drivers/STM32F1xx_HAL_Driver/Src/stm32f1xx_ll_usb.c ****   }
 2595              		.loc 1 2423 5 view .LVU874
 2596 0112 2278     		ldrb	r2, [r4]	@ zero_extendqisi2
 2597 0114 35F82230 		ldrh	r3, [r5, r2, lsl #2]
 2598 0118 9BB2     		uxth	r3, r3
 2599 011a 23F4E043 		bic	r3, r3, #28672
 2600 011e 23F04003 		bic	r3, r3, #64
2423:Drivers/STM32F1xx_HAL_Driver/Src/stm32f1xx_ll_usb.c ****   }
 2601              		.loc 1 2423 5 view .LVU875
2423:Drivers/STM32F1xx_HAL_Driver/Src/stm32f1xx_ll_usb.c ****   }
 2602              		.loc 1 2423 5 discriminator 1 view .LVU876
 2603              	.LVL289:
2423:Drivers/STM32F1xx_HAL_Driver/Src/stm32f1xx_ll_usb.c ****   }
 2604              		.loc 1 2423 5 discriminator 3 view .LVU877
2423:Drivers/STM32F1xx_HAL_Driver/Src/stm32f1xx_ll_usb.c ****   }
 2605              		.loc 1 2423 5 discriminator 4 view .LVU878
 2606 0122 83F03003 		eor	r3, r3, #48
 2607              	.LVL290:
2423:Drivers/STM32F1xx_HAL_Driver/Src/stm32f1xx_ll_usb.c ****   }
 2608              		.loc 1 2423 5 discriminator 6 view .LVU879
 2609 0126 43F40043 		orr	r3, r3, #32768
 2610              	.LVL291:
ARM GAS  C:\Users\subdia\AppData\Local\Temp\ccmLEiFj.s 			page 102


2423:Drivers/STM32F1xx_HAL_Driver/Src/stm32f1xx_ll_usb.c ****   }
 2611              		.loc 1 2423 5 is_stmt 0 discriminator 6 view .LVU880
 2612 012a 43F08003 		orr	r3, r3, #128
 2613 012e 25F82230 		strh	r3, [r5, r2, lsl #2]	@ movhi
 2614              	.LBE76:
2423:Drivers/STM32F1xx_HAL_Driver/Src/stm32f1xx_ll_usb.c ****   }
 2615              		.loc 1 2423 5 is_stmt 1 view .LVU881
2492:Drivers/STM32F1xx_HAL_Driver/Src/stm32f1xx_ll_usb.c **** }
 2616              		.loc 1 2492 10 is_stmt 0 view .LVU882
 2617 0132 0020     		movs	r0, #0
 2618 0134 A5E7     		b	.L133
 2619              	.LVL292:
 2620              	.L172:
2315:Drivers/STM32F1xx_HAL_Driver/Src/stm32f1xx_ll_usb.c ****         {
 2621              		.loc 1 2315 9 is_stmt 1 view .LVU883
2315:Drivers/STM32F1xx_HAL_Driver/Src/stm32f1xx_ll_usb.c ****         {
 2622              		.loc 1 2315 15 is_stmt 0 view .LVU884
 2623 0136 236A     		ldr	r3, [r4, #32]
2315:Drivers/STM32F1xx_HAL_Driver/Src/stm32f1xx_ll_usb.c ****         {
 2624              		.loc 1 2315 12 view .LVU885
 2625 0138 9942     		cmp	r1, r3
 2626 013a 80F06681 		bcs	.L90
2318:Drivers/STM32F1xx_HAL_Driver/Src/stm32f1xx_ll_usb.c **** 
 2627              		.loc 1 2318 11 is_stmt 1 view .LVU886
 2628              	.LBB77:
2318:Drivers/STM32F1xx_HAL_Driver/Src/stm32f1xx_ll_usb.c **** 
 2629              		.loc 1 2318 11 view .LVU887
2318:Drivers/STM32F1xx_HAL_Driver/Src/stm32f1xx_ll_usb.c **** 
 2630              		.loc 1 2318 11 view .LVU888
 2631 013e 2278     		ldrb	r2, [r4]	@ zero_extendqisi2
 2632 0140 35F82230 		ldrh	r3, [r5, r2, lsl #2]
 2633 0144 9BB2     		uxth	r3, r3
 2634 0146 23F4E043 		bic	r3, r3, #28672
 2635 014a 23F07003 		bic	r3, r3, #112
 2636              	.LVL293:
2318:Drivers/STM32F1xx_HAL_Driver/Src/stm32f1xx_ll_usb.c **** 
 2637              		.loc 1 2318 11 view .LVU889
 2638 014e 43F40143 		orr	r3, r3, #33024
 2639              	.LVL294:
2318:Drivers/STM32F1xx_HAL_Driver/Src/stm32f1xx_ll_usb.c **** 
 2640              		.loc 1 2318 11 is_stmt 0 view .LVU890
 2641 0152 43F08003 		orr	r3, r3, #128
 2642 0156 25F82230 		strh	r3, [r5, r2, lsl #2]	@ movhi
 2643              	.LBE77:
2318:Drivers/STM32F1xx_HAL_Driver/Src/stm32f1xx_ll_usb.c **** 
 2644              		.loc 1 2318 11 is_stmt 1 view .LVU891
2321:Drivers/STM32F1xx_HAL_Driver/Src/stm32f1xx_ll_usb.c **** 
 2645              		.loc 1 2321 11 view .LVU892
2321:Drivers/STM32F1xx_HAL_Driver/Src/stm32f1xx_ll_usb.c **** 
 2646              		.loc 1 2321 13 is_stmt 0 view .LVU893
 2647 015a 236A     		ldr	r3, [r4, #32]
2321:Drivers/STM32F1xx_HAL_Driver/Src/stm32f1xx_ll_usb.c **** 
 2648              		.loc 1 2321 27 view .LVU894
 2649 015c 9B1B     		subs	r3, r3, r6
 2650 015e 2362     		str	r3, [r4, #32]
2324:Drivers/STM32F1xx_HAL_Driver/Src/stm32f1xx_ll_usb.c ****           {
 2651              		.loc 1 2324 11 is_stmt 1 view .LVU895
ARM GAS  C:\Users\subdia\AppData\Local\Temp\ccmLEiFj.s 			page 103


2324:Drivers/STM32F1xx_HAL_Driver/Src/stm32f1xx_ll_usb.c ****           {
 2652              		.loc 1 2324 16 is_stmt 0 view .LVU896
 2653 0160 2278     		ldrb	r2, [r4]	@ zero_extendqisi2
 2654 0162 35F82230 		ldrh	r3, [r5, r2, lsl #2]
2324:Drivers/STM32F1xx_HAL_Driver/Src/stm32f1xx_ll_usb.c ****           {
 2655              		.loc 1 2324 14 view .LVU897
 2656 0166 13F0400F 		tst	r3, #64
 2657 016a 00F0A780 		beq	.L91
2327:Drivers/STM32F1xx_HAL_Driver/Src/stm32f1xx_ll_usb.c ****             pmabuffer = ep->pmaaddr1;
 2658              		.loc 1 2327 13 is_stmt 1 view .LVU898
 2659              	.LBB78:
2327:Drivers/STM32F1xx_HAL_Driver/Src/stm32f1xx_ll_usb.c ****             pmabuffer = ep->pmaaddr1;
 2660              		.loc 1 2327 13 view .LVU899
 2661              	.LVL295:
2327:Drivers/STM32F1xx_HAL_Driver/Src/stm32f1xx_ll_usb.c ****             pmabuffer = ep->pmaaddr1;
 2662              		.loc 1 2327 13 view .LVU900
2327:Drivers/STM32F1xx_HAL_Driver/Src/stm32f1xx_ll_usb.c ****             pmabuffer = ep->pmaaddr1;
 2663              		.loc 1 2327 13 view .LVU901
 2664 016e 6378     		ldrb	r3, [r4, #1]	@ zero_extendqisi2
 2665 0170 B3BB     		cbnz	r3, .L92
2327:Drivers/STM32F1xx_HAL_Driver/Src/stm32f1xx_ll_usb.c ****             pmabuffer = ep->pmaaddr1;
 2666              		.loc 1 2327 13 discriminator 1 view .LVU902
 2667              	.LBB79:
2327:Drivers/STM32F1xx_HAL_Driver/Src/stm32f1xx_ll_usb.c ****             pmabuffer = ep->pmaaddr1;
 2668              		.loc 1 2327 13 discriminator 1 view .LVU903
 2669              	.LVL296:
2327:Drivers/STM32F1xx_HAL_Driver/Src/stm32f1xx_ll_usb.c ****             pmabuffer = ep->pmaaddr1;
 2670              		.loc 1 2327 13 view .LVU904
2327:Drivers/STM32F1xx_HAL_Driver/Src/stm32f1xx_ll_usb.c ****             pmabuffer = ep->pmaaddr1;
 2671              		.loc 1 2327 13 view .LVU905
2327:Drivers/STM32F1xx_HAL_Driver/Src/stm32f1xx_ll_usb.c ****             pmabuffer = ep->pmaaddr1;
 2672              		.loc 1 2327 13 is_stmt 0 discriminator 1 view .LVU906
 2673 0172 B5F85030 		ldrh	r3, [r5, #80]
 2674 0176 9BB2     		uxth	r3, r3
 2675 0178 2B44     		add	r3, r3, r5
 2676              	.LVL297:
2327:Drivers/STM32F1xx_HAL_Driver/Src/stm32f1xx_ll_usb.c ****             pmabuffer = ep->pmaaddr1;
 2677              		.loc 1 2327 13 is_stmt 1 view .LVU907
2327:Drivers/STM32F1xx_HAL_Driver/Src/stm32f1xx_ll_usb.c ****             pmabuffer = ep->pmaaddr1;
 2678              		.loc 1 2327 13 is_stmt 0 discriminator 1 view .LVU908
 2679 017a 03EB0213 		add	r3, r3, r2, lsl #4
 2680              	.LVL298:
2327:Drivers/STM32F1xx_HAL_Driver/Src/stm32f1xx_ll_usb.c ****             pmabuffer = ep->pmaaddr1;
 2681              		.loc 1 2327 13 is_stmt 1 view .LVU909
 2682              	.LBB80:
2327:Drivers/STM32F1xx_HAL_Driver/Src/stm32f1xx_ll_usb.c ****             pmabuffer = ep->pmaaddr1;
 2683              		.loc 1 2327 13 view .LVU910
2327:Drivers/STM32F1xx_HAL_Driver/Src/stm32f1xx_ll_usb.c ****             pmabuffer = ep->pmaaddr1;
 2684              		.loc 1 2327 13 view .LVU911
2327:Drivers/STM32F1xx_HAL_Driver/Src/stm32f1xx_ll_usb.c ****             pmabuffer = ep->pmaaddr1;
 2685              		.loc 1 2327 13 is_stmt 0 discriminator 1 view .LVU912
 2686 017e B3F80C24 		ldrh	r2, [r3, #1036]
 2687 0182 C2F30902 		ubfx	r2, r2, #0, #10
 2688 0186 A3F80C24 		strh	r2, [r3, #1036]	@ movhi
2327:Drivers/STM32F1xx_HAL_Driver/Src/stm32f1xx_ll_usb.c ****             pmabuffer = ep->pmaaddr1;
 2689              		.loc 1 2327 13 is_stmt 1 view .LVU913
2327:Drivers/STM32F1xx_HAL_Driver/Src/stm32f1xx_ll_usb.c ****             pmabuffer = ep->pmaaddr1;
ARM GAS  C:\Users\subdia\AppData\Local\Temp\ccmLEiFj.s 			page 104


 2690              		.loc 1 2327 13 is_stmt 0 discriminator 1 view .LVU914
 2691 018a 3E2E     		cmp	r6, #62
 2692 018c 0FD9     		bls	.L93
2327:Drivers/STM32F1xx_HAL_Driver/Src/stm32f1xx_ll_usb.c ****             pmabuffer = ep->pmaaddr1;
 2693              		.loc 1 2327 13 is_stmt 1 discriminator 3 view .LVU915
2327:Drivers/STM32F1xx_HAL_Driver/Src/stm32f1xx_ll_usb.c ****             pmabuffer = ep->pmaaddr1;
 2694              		.loc 1 2327 13 discriminator 3 view .LVU916
 2695 018e 7109     		lsrs	r1, r6, #5
 2696              	.LVL299:
2327:Drivers/STM32F1xx_HAL_Driver/Src/stm32f1xx_ll_usb.c ****             pmabuffer = ep->pmaaddr1;
 2697              		.loc 1 2327 13 view .LVU917
2327:Drivers/STM32F1xx_HAL_Driver/Src/stm32f1xx_ll_usb.c ****             pmabuffer = ep->pmaaddr1;
 2698              		.loc 1 2327 13 is_stmt 0 discriminator 3 view .LVU918
 2699 0190 16F01F0F 		tst	r6, #31
 2700 0194 00D1     		bne	.L94
2327:Drivers/STM32F1xx_HAL_Driver/Src/stm32f1xx_ll_usb.c ****             pmabuffer = ep->pmaaddr1;
 2701              		.loc 1 2327 13 is_stmt 1 discriminator 5 view .LVU919
 2702 0196 0139     		subs	r1, r1, #1
 2703              	.LVL300:
 2704              	.L94:
2327:Drivers/STM32F1xx_HAL_Driver/Src/stm32f1xx_ll_usb.c ****             pmabuffer = ep->pmaaddr1;
 2705              		.loc 1 2327 13 discriminator 7 view .LVU920
 2706 0198 B3F80C24 		ldrh	r2, [r3, #1036]
 2707 019c 92B2     		uxth	r2, r2
 2708 019e 8902     		lsls	r1, r1, #10
 2709              	.LVL301:
2327:Drivers/STM32F1xx_HAL_Driver/Src/stm32f1xx_ll_usb.c ****             pmabuffer = ep->pmaaddr1;
 2710              		.loc 1 2327 13 is_stmt 0 discriminator 7 view .LVU921
 2711 01a0 89B2     		uxth	r1, r1
 2712 01a2 0A43     		orrs	r2, r2, r1
 2713 01a4 42F40042 		orr	r2, r2, #32768
 2714 01a8 A3F80C24 		strh	r2, [r3, #1036]	@ movhi
2327:Drivers/STM32F1xx_HAL_Driver/Src/stm32f1xx_ll_usb.c ****             pmabuffer = ep->pmaaddr1;
 2715              		.loc 1 2327 13 is_stmt 1 view .LVU922
 2716 01ac 1AE0     		b	.L95
 2717              	.LVL302:
 2718              	.L93:
2327:Drivers/STM32F1xx_HAL_Driver/Src/stm32f1xx_ll_usb.c ****             pmabuffer = ep->pmaaddr1;
 2719              		.loc 1 2327 13 discriminator 4 view .LVU923
 2720 01ae 4EB9     		cbnz	r6, .L96
2327:Drivers/STM32F1xx_HAL_Driver/Src/stm32f1xx_ll_usb.c ****             pmabuffer = ep->pmaaddr1;
 2721              		.loc 1 2327 13 discriminator 8 view .LVU924
 2722 01b0 B3F80C24 		ldrh	r2, [r3, #1036]
 2723 01b4 6FEA4242 		mvn	r2, r2, lsl #17
 2724 01b8 6FEA5242 		mvn	r2, r2, lsr #17
 2725 01bc 92B2     		uxth	r2, r2
 2726 01be A3F80C24 		strh	r2, [r3, #1036]	@ movhi
 2727 01c2 0FE0     		b	.L95
 2728              	.L96:
2327:Drivers/STM32F1xx_HAL_Driver/Src/stm32f1xx_ll_usb.c ****             pmabuffer = ep->pmaaddr1;
 2729              		.loc 1 2327 13 discriminator 9 view .LVU925
2327:Drivers/STM32F1xx_HAL_Driver/Src/stm32f1xx_ll_usb.c ****             pmabuffer = ep->pmaaddr1;
 2730              		.loc 1 2327 13 discriminator 9 view .LVU926
 2731 01c4 7208     		lsrs	r2, r6, #1
 2732              	.LVL303:
2327:Drivers/STM32F1xx_HAL_Driver/Src/stm32f1xx_ll_usb.c ****             pmabuffer = ep->pmaaddr1;
 2733              		.loc 1 2327 13 view .LVU927
ARM GAS  C:\Users\subdia\AppData\Local\Temp\ccmLEiFj.s 			page 105


2327:Drivers/STM32F1xx_HAL_Driver/Src/stm32f1xx_ll_usb.c ****             pmabuffer = ep->pmaaddr1;
 2734              		.loc 1 2327 13 is_stmt 0 discriminator 9 view .LVU928
 2735 01c6 16F0010F 		tst	r6, #1
 2736 01ca 00D0     		beq	.L97
2327:Drivers/STM32F1xx_HAL_Driver/Src/stm32f1xx_ll_usb.c ****             pmabuffer = ep->pmaaddr1;
 2737              		.loc 1 2327 13 is_stmt 1 discriminator 10 view .LVU929
 2738 01cc 0132     		adds	r2, r2, #1
 2739              	.LVL304:
 2740              	.L97:
2327:Drivers/STM32F1xx_HAL_Driver/Src/stm32f1xx_ll_usb.c ****             pmabuffer = ep->pmaaddr1;
 2741              		.loc 1 2327 13 discriminator 12 view .LVU930
 2742 01ce B3F80C14 		ldrh	r1, [r3, #1036]
 2743 01d2 89B2     		uxth	r1, r1
 2744 01d4 9202     		lsls	r2, r2, #10
 2745              	.LVL305:
2327:Drivers/STM32F1xx_HAL_Driver/Src/stm32f1xx_ll_usb.c ****             pmabuffer = ep->pmaaddr1;
 2746              		.loc 1 2327 13 is_stmt 0 discriminator 12 view .LVU931
 2747 01d6 92B2     		uxth	r2, r2
 2748 01d8 0A43     		orrs	r2, r2, r1
 2749 01da A3F80C24 		strh	r2, [r3, #1036]	@ movhi
 2750 01de 01E0     		b	.L95
 2751              	.LVL306:
 2752              	.L92:
2327:Drivers/STM32F1xx_HAL_Driver/Src/stm32f1xx_ll_usb.c ****             pmabuffer = ep->pmaaddr1;
 2753              		.loc 1 2327 13 discriminator 12 view .LVU932
 2754              	.LBE80:
 2755              	.LBE79:
2327:Drivers/STM32F1xx_HAL_Driver/Src/stm32f1xx_ll_usb.c ****             pmabuffer = ep->pmaaddr1;
 2756              		.loc 1 2327 13 is_stmt 1 discriminator 2 view .LVU933
 2757 01e0 012B     		cmp	r3, #1
 2758 01e2 30D0     		beq	.L173
 2759              	.LVL307:
 2760              	.L95:
2327:Drivers/STM32F1xx_HAL_Driver/Src/stm32f1xx_ll_usb.c ****             pmabuffer = ep->pmaaddr1;
 2761              		.loc 1 2327 13 is_stmt 0 discriminator 2 view .LVU934
 2762              	.LBE78:
2327:Drivers/STM32F1xx_HAL_Driver/Src/stm32f1xx_ll_usb.c ****             pmabuffer = ep->pmaaddr1;
 2763              		.loc 1 2327 13 is_stmt 1 view .LVU935
2328:Drivers/STM32F1xx_HAL_Driver/Src/stm32f1xx_ll_usb.c **** 
 2764              		.loc 1 2328 13 view .LVU936
2331:Drivers/STM32F1xx_HAL_Driver/Src/stm32f1xx_ll_usb.c ****             ep->xfer_buff += len;
 2765              		.loc 1 2331 13 view .LVU937
 2766 01e4 B3B2     		uxth	r3, r6
 2767 01e6 6289     		ldrh	r2, [r4, #10]
 2768 01e8 6169     		ldr	r1, [r4, #20]
 2769 01ea 2846     		mov	r0, r5
 2770              	.LVL308:
2331:Drivers/STM32F1xx_HAL_Driver/Src/stm32f1xx_ll_usb.c ****             ep->xfer_buff += len;
 2771              		.loc 1 2331 13 is_stmt 0 view .LVU938
 2772 01ec FFF7FEFF 		bl	USB_WritePMA
 2773              	.LVL309:
2332:Drivers/STM32F1xx_HAL_Driver/Src/stm32f1xx_ll_usb.c **** 
 2774              		.loc 1 2332 13 is_stmt 1 view .LVU939
2332:Drivers/STM32F1xx_HAL_Driver/Src/stm32f1xx_ll_usb.c **** 
 2775              		.loc 1 2332 15 is_stmt 0 view .LVU940
 2776 01f0 6369     		ldr	r3, [r4, #20]
2332:Drivers/STM32F1xx_HAL_Driver/Src/stm32f1xx_ll_usb.c **** 
ARM GAS  C:\Users\subdia\AppData\Local\Temp\ccmLEiFj.s 			page 106


 2777              		.loc 1 2332 27 view .LVU941
 2778 01f2 3344     		add	r3, r3, r6
 2779 01f4 6361     		str	r3, [r4, #20]
2334:Drivers/STM32F1xx_HAL_Driver/Src/stm32f1xx_ll_usb.c ****             {
 2780              		.loc 1 2334 13 is_stmt 1 view .LVU942
2334:Drivers/STM32F1xx_HAL_Driver/Src/stm32f1xx_ll_usb.c ****             {
 2781              		.loc 1 2334 19 is_stmt 0 view .LVU943
 2782 01f6 236A     		ldr	r3, [r4, #32]
2334:Drivers/STM32F1xx_HAL_Driver/Src/stm32f1xx_ll_usb.c ****             {
 2783              		.loc 1 2334 37 view .LVU944
 2784 01f8 2269     		ldr	r2, [r4, #16]
2334:Drivers/STM32F1xx_HAL_Driver/Src/stm32f1xx_ll_usb.c ****             {
 2785              		.loc 1 2334 16 view .LVU945
 2786 01fa 9342     		cmp	r3, r2
 2787 01fc 2DD9     		bls	.L98
2336:Drivers/STM32F1xx_HAL_Driver/Src/stm32f1xx_ll_usb.c ****             }
 2788              		.loc 1 2336 15 is_stmt 1 view .LVU946
2336:Drivers/STM32F1xx_HAL_Driver/Src/stm32f1xx_ll_usb.c ****             }
 2789              		.loc 1 2336 31 is_stmt 0 view .LVU947
 2790 01fe 9B1B     		subs	r3, r3, r6
 2791 0200 2362     		str	r3, [r4, #32]
 2792              	.L99:
2345:Drivers/STM32F1xx_HAL_Driver/Src/stm32f1xx_ll_usb.c ****             pmabuffer = ep->pmaaddr0;
 2793              		.loc 1 2345 13 is_stmt 1 view .LVU948
2345:Drivers/STM32F1xx_HAL_Driver/Src/stm32f1xx_ll_usb.c ****             pmabuffer = ep->pmaaddr0;
 2794              		.loc 1 2345 13 view .LVU949
 2795 0202 6378     		ldrb	r3, [r4, #1]	@ zero_extendqisi2
 2796 0204 002B     		cmp	r3, #0
 2797 0206 45D1     		bne	.L100
2345:Drivers/STM32F1xx_HAL_Driver/Src/stm32f1xx_ll_usb.c ****             pmabuffer = ep->pmaaddr0;
 2798              		.loc 1 2345 13 discriminator 1 view .LVU950
 2799              	.LBB81:
2345:Drivers/STM32F1xx_HAL_Driver/Src/stm32f1xx_ll_usb.c ****             pmabuffer = ep->pmaaddr0;
 2800              		.loc 1 2345 13 discriminator 1 view .LVU951
 2801              	.LVL310:
2345:Drivers/STM32F1xx_HAL_Driver/Src/stm32f1xx_ll_usb.c ****             pmabuffer = ep->pmaaddr0;
 2802              		.loc 1 2345 13 view .LVU952
2345:Drivers/STM32F1xx_HAL_Driver/Src/stm32f1xx_ll_usb.c ****             pmabuffer = ep->pmaaddr0;
 2803              		.loc 1 2345 13 view .LVU953
2345:Drivers/STM32F1xx_HAL_Driver/Src/stm32f1xx_ll_usb.c ****             pmabuffer = ep->pmaaddr0;
 2804              		.loc 1 2345 13 is_stmt 0 discriminator 1 view .LVU954
 2805 0208 B5F85030 		ldrh	r3, [r5, #80]
 2806 020c 9BB2     		uxth	r3, r3
 2807 020e 2B44     		add	r3, r3, r5
 2808              	.LVL311:
2345:Drivers/STM32F1xx_HAL_Driver/Src/stm32f1xx_ll_usb.c ****             pmabuffer = ep->pmaaddr0;
 2809              		.loc 1 2345 13 is_stmt 1 view .LVU955
2345:Drivers/STM32F1xx_HAL_Driver/Src/stm32f1xx_ll_usb.c ****             pmabuffer = ep->pmaaddr0;
 2810              		.loc 1 2345 13 is_stmt 0 discriminator 1 view .LVU956
 2811 0210 2278     		ldrb	r2, [r4]	@ zero_extendqisi2
 2812 0212 03EB0213 		add	r3, r3, r2, lsl #4
 2813              	.LVL312:
2345:Drivers/STM32F1xx_HAL_Driver/Src/stm32f1xx_ll_usb.c ****             pmabuffer = ep->pmaaddr0;
 2814              		.loc 1 2345 13 is_stmt 1 view .LVU957
 2815              	.LBB82:
2345:Drivers/STM32F1xx_HAL_Driver/Src/stm32f1xx_ll_usb.c ****             pmabuffer = ep->pmaaddr0;
 2816              		.loc 1 2345 13 view .LVU958
ARM GAS  C:\Users\subdia\AppData\Local\Temp\ccmLEiFj.s 			page 107


2345:Drivers/STM32F1xx_HAL_Driver/Src/stm32f1xx_ll_usb.c ****             pmabuffer = ep->pmaaddr0;
 2817              		.loc 1 2345 13 view .LVU959
2345:Drivers/STM32F1xx_HAL_Driver/Src/stm32f1xx_ll_usb.c ****             pmabuffer = ep->pmaaddr0;
 2818              		.loc 1 2345 13 is_stmt 0 discriminator 1 view .LVU960
 2819 0216 B3F80424 		ldrh	r2, [r3, #1028]
 2820 021a C2F30902 		ubfx	r2, r2, #0, #10
 2821 021e A3F80424 		strh	r2, [r3, #1028]	@ movhi
2345:Drivers/STM32F1xx_HAL_Driver/Src/stm32f1xx_ll_usb.c ****             pmabuffer = ep->pmaaddr0;
 2822              		.loc 1 2345 13 is_stmt 1 view .LVU961
2345:Drivers/STM32F1xx_HAL_Driver/Src/stm32f1xx_ll_usb.c ****             pmabuffer = ep->pmaaddr0;
 2823              		.loc 1 2345 13 is_stmt 0 discriminator 1 view .LVU962
 2824 0222 3E2E     		cmp	r6, #62
 2825 0224 1DD9     		bls	.L101
2345:Drivers/STM32F1xx_HAL_Driver/Src/stm32f1xx_ll_usb.c ****             pmabuffer = ep->pmaaddr0;
 2826              		.loc 1 2345 13 is_stmt 1 discriminator 3 view .LVU963
2345:Drivers/STM32F1xx_HAL_Driver/Src/stm32f1xx_ll_usb.c ****             pmabuffer = ep->pmaaddr0;
 2827              		.loc 1 2345 13 discriminator 3 view .LVU964
 2828 0226 7109     		lsrs	r1, r6, #5
 2829              	.LVL313:
2345:Drivers/STM32F1xx_HAL_Driver/Src/stm32f1xx_ll_usb.c ****             pmabuffer = ep->pmaaddr0;
 2830              		.loc 1 2345 13 view .LVU965
2345:Drivers/STM32F1xx_HAL_Driver/Src/stm32f1xx_ll_usb.c ****             pmabuffer = ep->pmaaddr0;
 2831              		.loc 1 2345 13 is_stmt 0 discriminator 3 view .LVU966
 2832 0228 16F01F0F 		tst	r6, #31
 2833 022c 00D1     		bne	.L102
2345:Drivers/STM32F1xx_HAL_Driver/Src/stm32f1xx_ll_usb.c ****             pmabuffer = ep->pmaaddr0;
 2834              		.loc 1 2345 13 is_stmt 1 discriminator 5 view .LVU967
 2835 022e 0139     		subs	r1, r1, #1
 2836              	.LVL314:
 2837              	.L102:
2345:Drivers/STM32F1xx_HAL_Driver/Src/stm32f1xx_ll_usb.c ****             pmabuffer = ep->pmaaddr0;
 2838              		.loc 1 2345 13 discriminator 7 view .LVU968
 2839 0230 B3F80424 		ldrh	r2, [r3, #1028]
 2840 0234 92B2     		uxth	r2, r2
 2841 0236 8902     		lsls	r1, r1, #10
 2842              	.LVL315:
2345:Drivers/STM32F1xx_HAL_Driver/Src/stm32f1xx_ll_usb.c ****             pmabuffer = ep->pmaaddr0;
 2843              		.loc 1 2345 13 is_stmt 0 discriminator 7 view .LVU969
 2844 0238 89B2     		uxth	r1, r1
 2845 023a 0A43     		orrs	r2, r2, r1
 2846 023c 42F40042 		orr	r2, r2, #32768
 2847 0240 A3F80424 		strh	r2, [r3, #1028]	@ movhi
2345:Drivers/STM32F1xx_HAL_Driver/Src/stm32f1xx_ll_usb.c ****             pmabuffer = ep->pmaaddr0;
 2848              		.loc 1 2345 13 is_stmt 1 view .LVU970
 2849 0244 28E0     		b	.L103
 2850              	.LVL316:
 2851              	.L173:
2345:Drivers/STM32F1xx_HAL_Driver/Src/stm32f1xx_ll_usb.c ****             pmabuffer = ep->pmaaddr0;
 2852              		.loc 1 2345 13 is_stmt 0 view .LVU971
 2853              	.LBE82:
 2854              	.LBE81:
 2855              	.LBB84:
2327:Drivers/STM32F1xx_HAL_Driver/Src/stm32f1xx_ll_usb.c ****             pmabuffer = ep->pmaaddr1;
 2856              		.loc 1 2327 13 is_stmt 1 discriminator 13 view .LVU972
 2857 0246 B5F85030 		ldrh	r3, [r5, #80]
 2858 024a 9BB2     		uxth	r3, r3
 2859 024c 2B44     		add	r3, r3, r5
ARM GAS  C:\Users\subdia\AppData\Local\Temp\ccmLEiFj.s 			page 108


 2860              	.LVL317:
2327:Drivers/STM32F1xx_HAL_Driver/Src/stm32f1xx_ll_usb.c ****             pmabuffer = ep->pmaaddr1;
 2861              		.loc 1 2327 13 view .LVU973
2327:Drivers/STM32F1xx_HAL_Driver/Src/stm32f1xx_ll_usb.c ****             pmabuffer = ep->pmaaddr1;
 2862              		.loc 1 2327 13 is_stmt 0 discriminator 13 view .LVU974
 2863 024e 03EB0213 		add	r3, r3, r2, lsl #4
 2864              	.LVL318:
2327:Drivers/STM32F1xx_HAL_Driver/Src/stm32f1xx_ll_usb.c ****             pmabuffer = ep->pmaaddr1;
 2865              		.loc 1 2327 13 is_stmt 1 view .LVU975
2327:Drivers/STM32F1xx_HAL_Driver/Src/stm32f1xx_ll_usb.c ****             pmabuffer = ep->pmaaddr1;
 2866              		.loc 1 2327 13 is_stmt 0 discriminator 13 view .LVU976
 2867 0252 B2B2     		uxth	r2, r6
 2868 0254 A3F80C24 		strh	r2, [r3, #1036]	@ movhi
 2869 0258 C4E7     		b	.L95
 2870              	.LVL319:
 2871              	.L98:
2327:Drivers/STM32F1xx_HAL_Driver/Src/stm32f1xx_ll_usb.c ****             pmabuffer = ep->pmaaddr1;
 2872              		.loc 1 2327 13 discriminator 13 view .LVU977
 2873              	.LBE84:
2340:Drivers/STM32F1xx_HAL_Driver/Src/stm32f1xx_ll_usb.c ****               ep->xfer_len_db = 0U;
 2874              		.loc 1 2340 15 is_stmt 1 view .LVU978
2341:Drivers/STM32F1xx_HAL_Driver/Src/stm32f1xx_ll_usb.c ****             }
 2875              		.loc 1 2341 15 view .LVU979
2341:Drivers/STM32F1xx_HAL_Driver/Src/stm32f1xx_ll_usb.c ****             }
 2876              		.loc 1 2341 31 is_stmt 0 view .LVU980
 2877 025a 0022     		movs	r2, #0
 2878 025c 2262     		str	r2, [r4, #32]
2340:Drivers/STM32F1xx_HAL_Driver/Src/stm32f1xx_ll_usb.c ****               ep->xfer_len_db = 0U;
 2879              		.loc 1 2340 19 view .LVU981
 2880 025e 1E46     		mov	r6, r3
 2881 0260 CFE7     		b	.L99
 2882              	.LVL320:
 2883              	.L101:
 2884              	.LBB85:
 2885              	.LBB83:
2345:Drivers/STM32F1xx_HAL_Driver/Src/stm32f1xx_ll_usb.c ****             pmabuffer = ep->pmaaddr0;
 2886              		.loc 1 2345 13 is_stmt 1 discriminator 4 view .LVU982
 2887 0262 4EB9     		cbnz	r6, .L104
2345:Drivers/STM32F1xx_HAL_Driver/Src/stm32f1xx_ll_usb.c ****             pmabuffer = ep->pmaaddr0;
 2888              		.loc 1 2345 13 discriminator 8 view .LVU983
 2889 0264 B3F80424 		ldrh	r2, [r3, #1028]
 2890 0268 6FEA4242 		mvn	r2, r2, lsl #17
 2891 026c 6FEA5242 		mvn	r2, r2, lsr #17
 2892 0270 92B2     		uxth	r2, r2
 2893 0272 A3F80424 		strh	r2, [r3, #1028]	@ movhi
 2894 0276 0FE0     		b	.L103
 2895              	.L104:
2345:Drivers/STM32F1xx_HAL_Driver/Src/stm32f1xx_ll_usb.c ****             pmabuffer = ep->pmaaddr0;
 2896              		.loc 1 2345 13 discriminator 9 view .LVU984
2345:Drivers/STM32F1xx_HAL_Driver/Src/stm32f1xx_ll_usb.c ****             pmabuffer = ep->pmaaddr0;
 2897              		.loc 1 2345 13 discriminator 9 view .LVU985
 2898 0278 7208     		lsrs	r2, r6, #1
 2899              	.LVL321:
2345:Drivers/STM32F1xx_HAL_Driver/Src/stm32f1xx_ll_usb.c ****             pmabuffer = ep->pmaaddr0;
 2900              		.loc 1 2345 13 view .LVU986
2345:Drivers/STM32F1xx_HAL_Driver/Src/stm32f1xx_ll_usb.c ****             pmabuffer = ep->pmaaddr0;
 2901              		.loc 1 2345 13 is_stmt 0 discriminator 9 view .LVU987
ARM GAS  C:\Users\subdia\AppData\Local\Temp\ccmLEiFj.s 			page 109


 2902 027a 16F0010F 		tst	r6, #1
 2903 027e 00D0     		beq	.L105
2345:Drivers/STM32F1xx_HAL_Driver/Src/stm32f1xx_ll_usb.c ****             pmabuffer = ep->pmaaddr0;
 2904              		.loc 1 2345 13 is_stmt 1 discriminator 10 view .LVU988
 2905 0280 0132     		adds	r2, r2, #1
 2906              	.LVL322:
 2907              	.L105:
2345:Drivers/STM32F1xx_HAL_Driver/Src/stm32f1xx_ll_usb.c ****             pmabuffer = ep->pmaaddr0;
 2908              		.loc 1 2345 13 discriminator 12 view .LVU989
 2909 0282 B3F80414 		ldrh	r1, [r3, #1028]
 2910 0286 89B2     		uxth	r1, r1
 2911 0288 9202     		lsls	r2, r2, #10
 2912              	.LVL323:
2345:Drivers/STM32F1xx_HAL_Driver/Src/stm32f1xx_ll_usb.c ****             pmabuffer = ep->pmaaddr0;
 2913              		.loc 1 2345 13 is_stmt 0 discriminator 12 view .LVU990
 2914 028a 92B2     		uxth	r2, r2
 2915 028c 0A43     		orrs	r2, r2, r1
 2916 028e A3F80424 		strh	r2, [r3, #1028]	@ movhi
 2917 0292 01E0     		b	.L103
 2918              	.LVL324:
 2919              	.L100:
2345:Drivers/STM32F1xx_HAL_Driver/Src/stm32f1xx_ll_usb.c ****             pmabuffer = ep->pmaaddr0;
 2920              		.loc 1 2345 13 discriminator 12 view .LVU991
 2921              	.LBE83:
 2922              	.LBE85:
2345:Drivers/STM32F1xx_HAL_Driver/Src/stm32f1xx_ll_usb.c ****             pmabuffer = ep->pmaaddr0;
 2923              		.loc 1 2345 13 is_stmt 1 discriminator 2 view .LVU992
 2924 0294 012B     		cmp	r3, #1
 2925 0296 06D0     		beq	.L174
 2926              	.L103:
2345:Drivers/STM32F1xx_HAL_Driver/Src/stm32f1xx_ll_usb.c ****             pmabuffer = ep->pmaaddr0;
 2927              		.loc 1 2345 13 view .LVU993
2345:Drivers/STM32F1xx_HAL_Driver/Src/stm32f1xx_ll_usb.c ****             pmabuffer = ep->pmaaddr0;
 2928              		.loc 1 2345 13 view .LVU994
2346:Drivers/STM32F1xx_HAL_Driver/Src/stm32f1xx_ll_usb.c **** 
 2929              		.loc 1 2346 13 view .LVU995
 2930              	.LVL325:
2349:Drivers/STM32F1xx_HAL_Driver/Src/stm32f1xx_ll_usb.c ****           }
 2931              		.loc 1 2349 13 view .LVU996
 2932 0298 B3B2     		uxth	r3, r6
 2933 029a 2289     		ldrh	r2, [r4, #8]
 2934 029c 6169     		ldr	r1, [r4, #20]
 2935 029e 2846     		mov	r0, r5
 2936 02a0 FFF7FEFF 		bl	USB_WritePMA
 2937              	.LVL326:
2349:Drivers/STM32F1xx_HAL_Driver/Src/stm32f1xx_ll_usb.c ****           }
 2938              		.loc 1 2349 13 is_stmt 0 view .LVU997
 2939 02a4 35E7     		b	.L88
 2940              	.L174:
2345:Drivers/STM32F1xx_HAL_Driver/Src/stm32f1xx_ll_usb.c ****             pmabuffer = ep->pmaaddr0;
 2941              		.loc 1 2345 13 is_stmt 1 discriminator 13 view .LVU998
 2942              	.LBB86:
2345:Drivers/STM32F1xx_HAL_Driver/Src/stm32f1xx_ll_usb.c ****             pmabuffer = ep->pmaaddr0;
 2943              		.loc 1 2345 13 discriminator 13 view .LVU999
 2944              	.LVL327:
2345:Drivers/STM32F1xx_HAL_Driver/Src/stm32f1xx_ll_usb.c ****             pmabuffer = ep->pmaaddr0;
 2945              		.loc 1 2345 13 view .LVU1000
ARM GAS  C:\Users\subdia\AppData\Local\Temp\ccmLEiFj.s 			page 110


2345:Drivers/STM32F1xx_HAL_Driver/Src/stm32f1xx_ll_usb.c ****             pmabuffer = ep->pmaaddr0;
 2946              		.loc 1 2345 13 view .LVU1001
2345:Drivers/STM32F1xx_HAL_Driver/Src/stm32f1xx_ll_usb.c ****             pmabuffer = ep->pmaaddr0;
 2947              		.loc 1 2345 13 is_stmt 0 discriminator 13 view .LVU1002
 2948 02a6 B5F85030 		ldrh	r3, [r5, #80]
 2949 02aa 9BB2     		uxth	r3, r3
 2950 02ac 2B44     		add	r3, r3, r5
 2951              	.LVL328:
2345:Drivers/STM32F1xx_HAL_Driver/Src/stm32f1xx_ll_usb.c ****             pmabuffer = ep->pmaaddr0;
 2952              		.loc 1 2345 13 is_stmt 1 view .LVU1003
2345:Drivers/STM32F1xx_HAL_Driver/Src/stm32f1xx_ll_usb.c ****             pmabuffer = ep->pmaaddr0;
 2953              		.loc 1 2345 13 is_stmt 0 discriminator 13 view .LVU1004
 2954 02ae 2278     		ldrb	r2, [r4]	@ zero_extendqisi2
 2955 02b0 03EB0213 		add	r3, r3, r2, lsl #4
 2956              	.LVL329:
2345:Drivers/STM32F1xx_HAL_Driver/Src/stm32f1xx_ll_usb.c ****             pmabuffer = ep->pmaaddr0;
 2957              		.loc 1 2345 13 is_stmt 1 view .LVU1005
2345:Drivers/STM32F1xx_HAL_Driver/Src/stm32f1xx_ll_usb.c ****             pmabuffer = ep->pmaaddr0;
 2958              		.loc 1 2345 13 is_stmt 0 discriminator 13 view .LVU1006
 2959 02b4 B2B2     		uxth	r2, r6
 2960 02b6 A3F80424 		strh	r2, [r3, #1028]	@ movhi
 2961 02ba EDE7     		b	.L103
 2962              	.LVL330:
 2963              	.L91:
2345:Drivers/STM32F1xx_HAL_Driver/Src/stm32f1xx_ll_usb.c ****             pmabuffer = ep->pmaaddr0;
 2964              		.loc 1 2345 13 discriminator 13 view .LVU1007
 2965              	.LBE86:
2354:Drivers/STM32F1xx_HAL_Driver/Src/stm32f1xx_ll_usb.c ****             pmabuffer = ep->pmaaddr0;
 2966              		.loc 1 2354 13 is_stmt 1 view .LVU1008
2354:Drivers/STM32F1xx_HAL_Driver/Src/stm32f1xx_ll_usb.c ****             pmabuffer = ep->pmaaddr0;
 2967              		.loc 1 2354 13 view .LVU1009
 2968 02bc 6378     		ldrb	r3, [r4, #1]	@ zero_extendqisi2
 2969 02be B3BB     		cbnz	r3, .L106
2354:Drivers/STM32F1xx_HAL_Driver/Src/stm32f1xx_ll_usb.c ****             pmabuffer = ep->pmaaddr0;
 2970              		.loc 1 2354 13 discriminator 1 view .LVU1010
 2971              	.LBB87:
2354:Drivers/STM32F1xx_HAL_Driver/Src/stm32f1xx_ll_usb.c ****             pmabuffer = ep->pmaaddr0;
 2972              		.loc 1 2354 13 discriminator 1 view .LVU1011
 2973              	.LVL331:
2354:Drivers/STM32F1xx_HAL_Driver/Src/stm32f1xx_ll_usb.c ****             pmabuffer = ep->pmaaddr0;
 2974              		.loc 1 2354 13 view .LVU1012
2354:Drivers/STM32F1xx_HAL_Driver/Src/stm32f1xx_ll_usb.c ****             pmabuffer = ep->pmaaddr0;
 2975              		.loc 1 2354 13 view .LVU1013
2354:Drivers/STM32F1xx_HAL_Driver/Src/stm32f1xx_ll_usb.c ****             pmabuffer = ep->pmaaddr0;
 2976              		.loc 1 2354 13 is_stmt 0 discriminator 1 view .LVU1014
 2977 02c0 B5F85030 		ldrh	r3, [r5, #80]
 2978 02c4 9BB2     		uxth	r3, r3
 2979 02c6 2B44     		add	r3, r3, r5
 2980              	.LVL332:
2354:Drivers/STM32F1xx_HAL_Driver/Src/stm32f1xx_ll_usb.c ****             pmabuffer = ep->pmaaddr0;
 2981              		.loc 1 2354 13 is_stmt 1 view .LVU1015
2354:Drivers/STM32F1xx_HAL_Driver/Src/stm32f1xx_ll_usb.c ****             pmabuffer = ep->pmaaddr0;
 2982              		.loc 1 2354 13 is_stmt 0 discriminator 1 view .LVU1016
 2983 02c8 03EB0213 		add	r3, r3, r2, lsl #4
 2984              	.LVL333:
2354:Drivers/STM32F1xx_HAL_Driver/Src/stm32f1xx_ll_usb.c ****             pmabuffer = ep->pmaaddr0;
 2985              		.loc 1 2354 13 is_stmt 1 view .LVU1017
ARM GAS  C:\Users\subdia\AppData\Local\Temp\ccmLEiFj.s 			page 111


 2986              	.LBB88:
2354:Drivers/STM32F1xx_HAL_Driver/Src/stm32f1xx_ll_usb.c ****             pmabuffer = ep->pmaaddr0;
 2987              		.loc 1 2354 13 view .LVU1018
2354:Drivers/STM32F1xx_HAL_Driver/Src/stm32f1xx_ll_usb.c ****             pmabuffer = ep->pmaaddr0;
 2988              		.loc 1 2354 13 view .LVU1019
2354:Drivers/STM32F1xx_HAL_Driver/Src/stm32f1xx_ll_usb.c ****             pmabuffer = ep->pmaaddr0;
 2989              		.loc 1 2354 13 is_stmt 0 discriminator 1 view .LVU1020
 2990 02cc B3F80424 		ldrh	r2, [r3, #1028]
 2991 02d0 C2F30902 		ubfx	r2, r2, #0, #10
 2992 02d4 A3F80424 		strh	r2, [r3, #1028]	@ movhi
2354:Drivers/STM32F1xx_HAL_Driver/Src/stm32f1xx_ll_usb.c ****             pmabuffer = ep->pmaaddr0;
 2993              		.loc 1 2354 13 is_stmt 1 view .LVU1021
2354:Drivers/STM32F1xx_HAL_Driver/Src/stm32f1xx_ll_usb.c ****             pmabuffer = ep->pmaaddr0;
 2994              		.loc 1 2354 13 is_stmt 0 discriminator 1 view .LVU1022
 2995 02d8 3E2E     		cmp	r6, #62
 2996 02da 0FD9     		bls	.L107
2354:Drivers/STM32F1xx_HAL_Driver/Src/stm32f1xx_ll_usb.c ****             pmabuffer = ep->pmaaddr0;
 2997              		.loc 1 2354 13 is_stmt 1 discriminator 3 view .LVU1023
2354:Drivers/STM32F1xx_HAL_Driver/Src/stm32f1xx_ll_usb.c ****             pmabuffer = ep->pmaaddr0;
 2998              		.loc 1 2354 13 discriminator 3 view .LVU1024
 2999 02dc 7109     		lsrs	r1, r6, #5
 3000              	.LVL334:
2354:Drivers/STM32F1xx_HAL_Driver/Src/stm32f1xx_ll_usb.c ****             pmabuffer = ep->pmaaddr0;
 3001              		.loc 1 2354 13 view .LVU1025
2354:Drivers/STM32F1xx_HAL_Driver/Src/stm32f1xx_ll_usb.c ****             pmabuffer = ep->pmaaddr0;
 3002              		.loc 1 2354 13 is_stmt 0 discriminator 3 view .LVU1026
 3003 02de 16F01F0F 		tst	r6, #31
 3004 02e2 00D1     		bne	.L108
2354:Drivers/STM32F1xx_HAL_Driver/Src/stm32f1xx_ll_usb.c ****             pmabuffer = ep->pmaaddr0;
 3005              		.loc 1 2354 13 is_stmt 1 discriminator 5 view .LVU1027
 3006 02e4 0139     		subs	r1, r1, #1
 3007              	.LVL335:
 3008              	.L108:
2354:Drivers/STM32F1xx_HAL_Driver/Src/stm32f1xx_ll_usb.c ****             pmabuffer = ep->pmaaddr0;
 3009              		.loc 1 2354 13 discriminator 7 view .LVU1028
 3010 02e6 B3F80424 		ldrh	r2, [r3, #1028]
 3011 02ea 92B2     		uxth	r2, r2
 3012 02ec 8902     		lsls	r1, r1, #10
 3013              	.LVL336:
2354:Drivers/STM32F1xx_HAL_Driver/Src/stm32f1xx_ll_usb.c ****             pmabuffer = ep->pmaaddr0;
 3014              		.loc 1 2354 13 is_stmt 0 discriminator 7 view .LVU1029
 3015 02ee 89B2     		uxth	r1, r1
 3016 02f0 0A43     		orrs	r2, r2, r1
 3017 02f2 42F40042 		orr	r2, r2, #32768
 3018 02f6 A3F80424 		strh	r2, [r3, #1028]	@ movhi
2354:Drivers/STM32F1xx_HAL_Driver/Src/stm32f1xx_ll_usb.c ****             pmabuffer = ep->pmaaddr0;
 3019              		.loc 1 2354 13 is_stmt 1 view .LVU1030
 3020 02fa 1AE0     		b	.L109
 3021              	.LVL337:
 3022              	.L107:
2354:Drivers/STM32F1xx_HAL_Driver/Src/stm32f1xx_ll_usb.c ****             pmabuffer = ep->pmaaddr0;
 3023              		.loc 1 2354 13 discriminator 4 view .LVU1031
 3024 02fc 4EB9     		cbnz	r6, .L110
2354:Drivers/STM32F1xx_HAL_Driver/Src/stm32f1xx_ll_usb.c ****             pmabuffer = ep->pmaaddr0;
 3025              		.loc 1 2354 13 discriminator 8 view .LVU1032
 3026 02fe B3F80424 		ldrh	r2, [r3, #1028]
 3027 0302 6FEA4242 		mvn	r2, r2, lsl #17
ARM GAS  C:\Users\subdia\AppData\Local\Temp\ccmLEiFj.s 			page 112


 3028 0306 6FEA5242 		mvn	r2, r2, lsr #17
 3029 030a 92B2     		uxth	r2, r2
 3030 030c A3F80424 		strh	r2, [r3, #1028]	@ movhi
 3031 0310 0FE0     		b	.L109
 3032              	.L110:
2354:Drivers/STM32F1xx_HAL_Driver/Src/stm32f1xx_ll_usb.c ****             pmabuffer = ep->pmaaddr0;
 3033              		.loc 1 2354 13 discriminator 9 view .LVU1033
2354:Drivers/STM32F1xx_HAL_Driver/Src/stm32f1xx_ll_usb.c ****             pmabuffer = ep->pmaaddr0;
 3034              		.loc 1 2354 13 discriminator 9 view .LVU1034
 3035 0312 7208     		lsrs	r2, r6, #1
 3036              	.LVL338:
2354:Drivers/STM32F1xx_HAL_Driver/Src/stm32f1xx_ll_usb.c ****             pmabuffer = ep->pmaaddr0;
 3037              		.loc 1 2354 13 view .LVU1035
2354:Drivers/STM32F1xx_HAL_Driver/Src/stm32f1xx_ll_usb.c ****             pmabuffer = ep->pmaaddr0;
 3038              		.loc 1 2354 13 is_stmt 0 discriminator 9 view .LVU1036
 3039 0314 16F0010F 		tst	r6, #1
 3040 0318 00D0     		beq	.L111
2354:Drivers/STM32F1xx_HAL_Driver/Src/stm32f1xx_ll_usb.c ****             pmabuffer = ep->pmaaddr0;
 3041              		.loc 1 2354 13 is_stmt 1 discriminator 10 view .LVU1037
 3042 031a 0132     		adds	r2, r2, #1
 3043              	.LVL339:
 3044              	.L111:
2354:Drivers/STM32F1xx_HAL_Driver/Src/stm32f1xx_ll_usb.c ****             pmabuffer = ep->pmaaddr0;
 3045              		.loc 1 2354 13 discriminator 12 view .LVU1038
 3046 031c B3F80414 		ldrh	r1, [r3, #1028]
 3047 0320 89B2     		uxth	r1, r1
 3048 0322 9202     		lsls	r2, r2, #10
 3049              	.LVL340:
2354:Drivers/STM32F1xx_HAL_Driver/Src/stm32f1xx_ll_usb.c ****             pmabuffer = ep->pmaaddr0;
 3050              		.loc 1 2354 13 is_stmt 0 discriminator 12 view .LVU1039
 3051 0324 92B2     		uxth	r2, r2
 3052 0326 0A43     		orrs	r2, r2, r1
 3053 0328 A3F80424 		strh	r2, [r3, #1028]	@ movhi
 3054 032c 01E0     		b	.L109
 3055              	.LVL341:
 3056              	.L106:
2354:Drivers/STM32F1xx_HAL_Driver/Src/stm32f1xx_ll_usb.c ****             pmabuffer = ep->pmaaddr0;
 3057              		.loc 1 2354 13 discriminator 12 view .LVU1040
 3058              	.LBE88:
 3059              	.LBE87:
2354:Drivers/STM32F1xx_HAL_Driver/Src/stm32f1xx_ll_usb.c ****             pmabuffer = ep->pmaaddr0;
 3060              		.loc 1 2354 13 is_stmt 1 discriminator 2 view .LVU1041
 3061 032e 012B     		cmp	r3, #1
 3062 0330 30D0     		beq	.L175
 3063              	.L109:
2354:Drivers/STM32F1xx_HAL_Driver/Src/stm32f1xx_ll_usb.c ****             pmabuffer = ep->pmaaddr0;
 3064              		.loc 1 2354 13 view .LVU1042
2354:Drivers/STM32F1xx_HAL_Driver/Src/stm32f1xx_ll_usb.c ****             pmabuffer = ep->pmaaddr0;
 3065              		.loc 1 2354 13 view .LVU1043
2355:Drivers/STM32F1xx_HAL_Driver/Src/stm32f1xx_ll_usb.c **** 
 3066              		.loc 1 2355 13 view .LVU1044
 3067              	.LVL342:
2358:Drivers/STM32F1xx_HAL_Driver/Src/stm32f1xx_ll_usb.c ****             ep->xfer_buff += len;
 3068              		.loc 1 2358 13 view .LVU1045
 3069 0332 B3B2     		uxth	r3, r6
 3070 0334 2289     		ldrh	r2, [r4, #8]
 3071 0336 6169     		ldr	r1, [r4, #20]
ARM GAS  C:\Users\subdia\AppData\Local\Temp\ccmLEiFj.s 			page 113


 3072 0338 2846     		mov	r0, r5
 3073              	.LVL343:
2358:Drivers/STM32F1xx_HAL_Driver/Src/stm32f1xx_ll_usb.c ****             ep->xfer_buff += len;
 3074              		.loc 1 2358 13 is_stmt 0 view .LVU1046
 3075 033a FFF7FEFF 		bl	USB_WritePMA
 3076              	.LVL344:
2359:Drivers/STM32F1xx_HAL_Driver/Src/stm32f1xx_ll_usb.c **** 
 3077              		.loc 1 2359 13 is_stmt 1 view .LVU1047
2359:Drivers/STM32F1xx_HAL_Driver/Src/stm32f1xx_ll_usb.c **** 
 3078              		.loc 1 2359 15 is_stmt 0 view .LVU1048
 3079 033e 6369     		ldr	r3, [r4, #20]
2359:Drivers/STM32F1xx_HAL_Driver/Src/stm32f1xx_ll_usb.c **** 
 3080              		.loc 1 2359 27 view .LVU1049
 3081 0340 3344     		add	r3, r3, r6
 3082 0342 6361     		str	r3, [r4, #20]
2361:Drivers/STM32F1xx_HAL_Driver/Src/stm32f1xx_ll_usb.c ****             {
 3083              		.loc 1 2361 13 is_stmt 1 view .LVU1050
2361:Drivers/STM32F1xx_HAL_Driver/Src/stm32f1xx_ll_usb.c ****             {
 3084              		.loc 1 2361 19 is_stmt 0 view .LVU1051
 3085 0344 236A     		ldr	r3, [r4, #32]
2361:Drivers/STM32F1xx_HAL_Driver/Src/stm32f1xx_ll_usb.c ****             {
 3086              		.loc 1 2361 37 view .LVU1052
 3087 0346 2269     		ldr	r2, [r4, #16]
2361:Drivers/STM32F1xx_HAL_Driver/Src/stm32f1xx_ll_usb.c ****             {
 3088              		.loc 1 2361 16 view .LVU1053
 3089 0348 9342     		cmp	r3, r2
 3090 034a 2DD9     		bls	.L112
2363:Drivers/STM32F1xx_HAL_Driver/Src/stm32f1xx_ll_usb.c ****             }
 3091              		.loc 1 2363 15 is_stmt 1 view .LVU1054
2363:Drivers/STM32F1xx_HAL_Driver/Src/stm32f1xx_ll_usb.c ****             }
 3092              		.loc 1 2363 31 is_stmt 0 view .LVU1055
 3093 034c 9B1B     		subs	r3, r3, r6
 3094 034e 2362     		str	r3, [r4, #32]
 3095              	.L113:
2372:Drivers/STM32F1xx_HAL_Driver/Src/stm32f1xx_ll_usb.c ****             pmabuffer = ep->pmaaddr1;
 3096              		.loc 1 2372 13 is_stmt 1 view .LVU1056
 3097              	.LBB89:
2372:Drivers/STM32F1xx_HAL_Driver/Src/stm32f1xx_ll_usb.c ****             pmabuffer = ep->pmaaddr1;
 3098              		.loc 1 2372 13 view .LVU1057
 3099              	.LVL345:
2372:Drivers/STM32F1xx_HAL_Driver/Src/stm32f1xx_ll_usb.c ****             pmabuffer = ep->pmaaddr1;
 3100              		.loc 1 2372 13 view .LVU1058
2372:Drivers/STM32F1xx_HAL_Driver/Src/stm32f1xx_ll_usb.c ****             pmabuffer = ep->pmaaddr1;
 3101              		.loc 1 2372 13 view .LVU1059
 3102 0350 6378     		ldrb	r3, [r4, #1]	@ zero_extendqisi2
 3103 0352 002B     		cmp	r3, #0
 3104 0354 45D1     		bne	.L114
2372:Drivers/STM32F1xx_HAL_Driver/Src/stm32f1xx_ll_usb.c ****             pmabuffer = ep->pmaaddr1;
 3105              		.loc 1 2372 13 discriminator 1 view .LVU1060
 3106              	.LBB90:
2372:Drivers/STM32F1xx_HAL_Driver/Src/stm32f1xx_ll_usb.c ****             pmabuffer = ep->pmaaddr1;
 3107              		.loc 1 2372 13 discriminator 1 view .LVU1061
 3108              	.LVL346:
2372:Drivers/STM32F1xx_HAL_Driver/Src/stm32f1xx_ll_usb.c ****             pmabuffer = ep->pmaaddr1;
 3109              		.loc 1 2372 13 view .LVU1062
2372:Drivers/STM32F1xx_HAL_Driver/Src/stm32f1xx_ll_usb.c ****             pmabuffer = ep->pmaaddr1;
 3110              		.loc 1 2372 13 view .LVU1063
ARM GAS  C:\Users\subdia\AppData\Local\Temp\ccmLEiFj.s 			page 114


2372:Drivers/STM32F1xx_HAL_Driver/Src/stm32f1xx_ll_usb.c ****             pmabuffer = ep->pmaaddr1;
 3111              		.loc 1 2372 13 is_stmt 0 discriminator 1 view .LVU1064
 3112 0356 B5F85030 		ldrh	r3, [r5, #80]
 3113 035a 9BB2     		uxth	r3, r3
 3114 035c 2B44     		add	r3, r3, r5
 3115              	.LVL347:
2372:Drivers/STM32F1xx_HAL_Driver/Src/stm32f1xx_ll_usb.c ****             pmabuffer = ep->pmaaddr1;
 3116              		.loc 1 2372 13 is_stmt 1 view .LVU1065
2372:Drivers/STM32F1xx_HAL_Driver/Src/stm32f1xx_ll_usb.c ****             pmabuffer = ep->pmaaddr1;
 3117              		.loc 1 2372 13 is_stmt 0 discriminator 1 view .LVU1066
 3118 035e 2278     		ldrb	r2, [r4]	@ zero_extendqisi2
 3119 0360 03EB0213 		add	r3, r3, r2, lsl #4
 3120              	.LVL348:
2372:Drivers/STM32F1xx_HAL_Driver/Src/stm32f1xx_ll_usb.c ****             pmabuffer = ep->pmaaddr1;
 3121              		.loc 1 2372 13 is_stmt 1 view .LVU1067
 3122              	.LBB91:
2372:Drivers/STM32F1xx_HAL_Driver/Src/stm32f1xx_ll_usb.c ****             pmabuffer = ep->pmaaddr1;
 3123              		.loc 1 2372 13 view .LVU1068
2372:Drivers/STM32F1xx_HAL_Driver/Src/stm32f1xx_ll_usb.c ****             pmabuffer = ep->pmaaddr1;
 3124              		.loc 1 2372 13 view .LVU1069
2372:Drivers/STM32F1xx_HAL_Driver/Src/stm32f1xx_ll_usb.c ****             pmabuffer = ep->pmaaddr1;
 3125              		.loc 1 2372 13 is_stmt 0 discriminator 1 view .LVU1070
 3126 0364 B3F80C24 		ldrh	r2, [r3, #1036]
 3127 0368 C2F30902 		ubfx	r2, r2, #0, #10
 3128 036c A3F80C24 		strh	r2, [r3, #1036]	@ movhi
2372:Drivers/STM32F1xx_HAL_Driver/Src/stm32f1xx_ll_usb.c ****             pmabuffer = ep->pmaaddr1;
 3129              		.loc 1 2372 13 is_stmt 1 view .LVU1071
2372:Drivers/STM32F1xx_HAL_Driver/Src/stm32f1xx_ll_usb.c ****             pmabuffer = ep->pmaaddr1;
 3130              		.loc 1 2372 13 is_stmt 0 discriminator 1 view .LVU1072
 3131 0370 3E2E     		cmp	r6, #62
 3132 0372 1DD9     		bls	.L115
2372:Drivers/STM32F1xx_HAL_Driver/Src/stm32f1xx_ll_usb.c ****             pmabuffer = ep->pmaaddr1;
 3133              		.loc 1 2372 13 is_stmt 1 discriminator 3 view .LVU1073
2372:Drivers/STM32F1xx_HAL_Driver/Src/stm32f1xx_ll_usb.c ****             pmabuffer = ep->pmaaddr1;
 3134              		.loc 1 2372 13 discriminator 3 view .LVU1074
 3135 0374 7109     		lsrs	r1, r6, #5
 3136              	.LVL349:
2372:Drivers/STM32F1xx_HAL_Driver/Src/stm32f1xx_ll_usb.c ****             pmabuffer = ep->pmaaddr1;
 3137              		.loc 1 2372 13 view .LVU1075
2372:Drivers/STM32F1xx_HAL_Driver/Src/stm32f1xx_ll_usb.c ****             pmabuffer = ep->pmaaddr1;
 3138              		.loc 1 2372 13 is_stmt 0 discriminator 3 view .LVU1076
 3139 0376 16F01F0F 		tst	r6, #31
 3140 037a 00D1     		bne	.L116
2372:Drivers/STM32F1xx_HAL_Driver/Src/stm32f1xx_ll_usb.c ****             pmabuffer = ep->pmaaddr1;
 3141              		.loc 1 2372 13 is_stmt 1 discriminator 5 view .LVU1077
 3142 037c 0139     		subs	r1, r1, #1
 3143              	.LVL350:
 3144              	.L116:
2372:Drivers/STM32F1xx_HAL_Driver/Src/stm32f1xx_ll_usb.c ****             pmabuffer = ep->pmaaddr1;
 3145              		.loc 1 2372 13 discriminator 7 view .LVU1078
 3146 037e B3F80C24 		ldrh	r2, [r3, #1036]
 3147 0382 92B2     		uxth	r2, r2
 3148 0384 8902     		lsls	r1, r1, #10
 3149              	.LVL351:
2372:Drivers/STM32F1xx_HAL_Driver/Src/stm32f1xx_ll_usb.c ****             pmabuffer = ep->pmaaddr1;
 3150              		.loc 1 2372 13 is_stmt 0 discriminator 7 view .LVU1079
 3151 0386 89B2     		uxth	r1, r1
ARM GAS  C:\Users\subdia\AppData\Local\Temp\ccmLEiFj.s 			page 115


 3152 0388 0A43     		orrs	r2, r2, r1
 3153 038a 42F40042 		orr	r2, r2, #32768
 3154 038e A3F80C24 		strh	r2, [r3, #1036]	@ movhi
2372:Drivers/STM32F1xx_HAL_Driver/Src/stm32f1xx_ll_usb.c ****             pmabuffer = ep->pmaaddr1;
 3155              		.loc 1 2372 13 is_stmt 1 view .LVU1080
 3156 0392 28E0     		b	.L117
 3157              	.LVL352:
 3158              	.L175:
2372:Drivers/STM32F1xx_HAL_Driver/Src/stm32f1xx_ll_usb.c ****             pmabuffer = ep->pmaaddr1;
 3159              		.loc 1 2372 13 is_stmt 0 view .LVU1081
 3160              	.LBE91:
 3161              	.LBE90:
 3162              	.LBE89:
2354:Drivers/STM32F1xx_HAL_Driver/Src/stm32f1xx_ll_usb.c ****             pmabuffer = ep->pmaaddr0;
 3163              		.loc 1 2354 13 is_stmt 1 discriminator 13 view .LVU1082
 3164              	.LBB94:
2354:Drivers/STM32F1xx_HAL_Driver/Src/stm32f1xx_ll_usb.c ****             pmabuffer = ep->pmaaddr0;
 3165              		.loc 1 2354 13 discriminator 13 view .LVU1083
2354:Drivers/STM32F1xx_HAL_Driver/Src/stm32f1xx_ll_usb.c ****             pmabuffer = ep->pmaaddr0;
 3166              		.loc 1 2354 13 view .LVU1084
2354:Drivers/STM32F1xx_HAL_Driver/Src/stm32f1xx_ll_usb.c ****             pmabuffer = ep->pmaaddr0;
 3167              		.loc 1 2354 13 view .LVU1085
2354:Drivers/STM32F1xx_HAL_Driver/Src/stm32f1xx_ll_usb.c ****             pmabuffer = ep->pmaaddr0;
 3168              		.loc 1 2354 13 is_stmt 0 discriminator 13 view .LVU1086
 3169 0394 B5F85030 		ldrh	r3, [r5, #80]
 3170 0398 9BB2     		uxth	r3, r3
 3171 039a 2B44     		add	r3, r3, r5
 3172              	.LVL353:
2354:Drivers/STM32F1xx_HAL_Driver/Src/stm32f1xx_ll_usb.c ****             pmabuffer = ep->pmaaddr0;
 3173              		.loc 1 2354 13 is_stmt 1 view .LVU1087
2354:Drivers/STM32F1xx_HAL_Driver/Src/stm32f1xx_ll_usb.c ****             pmabuffer = ep->pmaaddr0;
 3174              		.loc 1 2354 13 is_stmt 0 discriminator 13 view .LVU1088
 3175 039c 03EB0213 		add	r3, r3, r2, lsl #4
 3176              	.LVL354:
2354:Drivers/STM32F1xx_HAL_Driver/Src/stm32f1xx_ll_usb.c ****             pmabuffer = ep->pmaaddr0;
 3177              		.loc 1 2354 13 is_stmt 1 view .LVU1089
2354:Drivers/STM32F1xx_HAL_Driver/Src/stm32f1xx_ll_usb.c ****             pmabuffer = ep->pmaaddr0;
 3178              		.loc 1 2354 13 is_stmt 0 discriminator 13 view .LVU1090
 3179 03a0 B2B2     		uxth	r2, r6
 3180 03a2 A3F80424 		strh	r2, [r3, #1028]	@ movhi
 3181 03a6 C4E7     		b	.L109
 3182              	.LVL355:
 3183              	.L112:
2354:Drivers/STM32F1xx_HAL_Driver/Src/stm32f1xx_ll_usb.c ****             pmabuffer = ep->pmaaddr0;
 3184              		.loc 1 2354 13 discriminator 13 view .LVU1091
 3185              	.LBE94:
2367:Drivers/STM32F1xx_HAL_Driver/Src/stm32f1xx_ll_usb.c ****               ep->xfer_len_db = 0U;
 3186              		.loc 1 2367 15 is_stmt 1 view .LVU1092
2368:Drivers/STM32F1xx_HAL_Driver/Src/stm32f1xx_ll_usb.c ****             }
 3187              		.loc 1 2368 15 view .LVU1093
2368:Drivers/STM32F1xx_HAL_Driver/Src/stm32f1xx_ll_usb.c ****             }
 3188              		.loc 1 2368 31 is_stmt 0 view .LVU1094
 3189 03a8 0022     		movs	r2, #0
 3190 03aa 2262     		str	r2, [r4, #32]
2367:Drivers/STM32F1xx_HAL_Driver/Src/stm32f1xx_ll_usb.c ****               ep->xfer_len_db = 0U;
 3191              		.loc 1 2367 19 view .LVU1095
 3192 03ac 1E46     		mov	r6, r3
ARM GAS  C:\Users\subdia\AppData\Local\Temp\ccmLEiFj.s 			page 116


 3193 03ae CFE7     		b	.L113
 3194              	.LVL356:
 3195              	.L115:
 3196              	.LBB95:
 3197              	.LBB93:
 3198              	.LBB92:
2372:Drivers/STM32F1xx_HAL_Driver/Src/stm32f1xx_ll_usb.c ****             pmabuffer = ep->pmaaddr1;
 3199              		.loc 1 2372 13 is_stmt 1 discriminator 4 view .LVU1096
 3200 03b0 4EB9     		cbnz	r6, .L118
2372:Drivers/STM32F1xx_HAL_Driver/Src/stm32f1xx_ll_usb.c ****             pmabuffer = ep->pmaaddr1;
 3201              		.loc 1 2372 13 discriminator 8 view .LVU1097
 3202 03b2 B3F80C24 		ldrh	r2, [r3, #1036]
 3203 03b6 6FEA4242 		mvn	r2, r2, lsl #17
 3204 03ba 6FEA5242 		mvn	r2, r2, lsr #17
 3205 03be 92B2     		uxth	r2, r2
 3206 03c0 A3F80C24 		strh	r2, [r3, #1036]	@ movhi
 3207 03c4 0FE0     		b	.L117
 3208              	.L118:
2372:Drivers/STM32F1xx_HAL_Driver/Src/stm32f1xx_ll_usb.c ****             pmabuffer = ep->pmaaddr1;
 3209              		.loc 1 2372 13 discriminator 9 view .LVU1098
2372:Drivers/STM32F1xx_HAL_Driver/Src/stm32f1xx_ll_usb.c ****             pmabuffer = ep->pmaaddr1;
 3210              		.loc 1 2372 13 discriminator 9 view .LVU1099
 3211 03c6 7208     		lsrs	r2, r6, #1
 3212              	.LVL357:
2372:Drivers/STM32F1xx_HAL_Driver/Src/stm32f1xx_ll_usb.c ****             pmabuffer = ep->pmaaddr1;
 3213              		.loc 1 2372 13 view .LVU1100
2372:Drivers/STM32F1xx_HAL_Driver/Src/stm32f1xx_ll_usb.c ****             pmabuffer = ep->pmaaddr1;
 3214              		.loc 1 2372 13 is_stmt 0 discriminator 9 view .LVU1101
 3215 03c8 16F0010F 		tst	r6, #1
 3216 03cc 00D0     		beq	.L119
2372:Drivers/STM32F1xx_HAL_Driver/Src/stm32f1xx_ll_usb.c ****             pmabuffer = ep->pmaaddr1;
 3217              		.loc 1 2372 13 is_stmt 1 discriminator 10 view .LVU1102
 3218 03ce 0132     		adds	r2, r2, #1
 3219              	.LVL358:
 3220              	.L119:
2372:Drivers/STM32F1xx_HAL_Driver/Src/stm32f1xx_ll_usb.c ****             pmabuffer = ep->pmaaddr1;
 3221              		.loc 1 2372 13 discriminator 12 view .LVU1103
 3222 03d0 B3F80C14 		ldrh	r1, [r3, #1036]
 3223 03d4 89B2     		uxth	r1, r1
 3224 03d6 9202     		lsls	r2, r2, #10
 3225              	.LVL359:
2372:Drivers/STM32F1xx_HAL_Driver/Src/stm32f1xx_ll_usb.c ****             pmabuffer = ep->pmaaddr1;
 3226              		.loc 1 2372 13 is_stmt 0 discriminator 12 view .LVU1104
 3227 03d8 92B2     		uxth	r2, r2
 3228 03da 0A43     		orrs	r2, r2, r1
 3229 03dc A3F80C24 		strh	r2, [r3, #1036]	@ movhi
 3230 03e0 01E0     		b	.L117
 3231              	.LVL360:
 3232              	.L114:
2372:Drivers/STM32F1xx_HAL_Driver/Src/stm32f1xx_ll_usb.c ****             pmabuffer = ep->pmaaddr1;
 3233              		.loc 1 2372 13 discriminator 12 view .LVU1105
 3234              	.LBE92:
 3235              	.LBE93:
2372:Drivers/STM32F1xx_HAL_Driver/Src/stm32f1xx_ll_usb.c ****             pmabuffer = ep->pmaaddr1;
 3236              		.loc 1 2372 13 is_stmt 1 discriminator 2 view .LVU1106
 3237 03e2 012B     		cmp	r3, #1
 3238 03e4 06D0     		beq	.L176
ARM GAS  C:\Users\subdia\AppData\Local\Temp\ccmLEiFj.s 			page 117


 3239              	.LVL361:
 3240              	.L117:
2372:Drivers/STM32F1xx_HAL_Driver/Src/stm32f1xx_ll_usb.c ****             pmabuffer = ep->pmaaddr1;
 3241              		.loc 1 2372 13 is_stmt 0 discriminator 2 view .LVU1107
 3242              	.LBE95:
2372:Drivers/STM32F1xx_HAL_Driver/Src/stm32f1xx_ll_usb.c ****             pmabuffer = ep->pmaaddr1;
 3243              		.loc 1 2372 13 is_stmt 1 view .LVU1108
2373:Drivers/STM32F1xx_HAL_Driver/Src/stm32f1xx_ll_usb.c **** 
 3244              		.loc 1 2373 13 view .LVU1109
2376:Drivers/STM32F1xx_HAL_Driver/Src/stm32f1xx_ll_usb.c ****           }
 3245              		.loc 1 2376 13 view .LVU1110
 3246 03e6 B3B2     		uxth	r3, r6
 3247 03e8 6289     		ldrh	r2, [r4, #10]
 3248 03ea 6169     		ldr	r1, [r4, #20]
 3249 03ec 2846     		mov	r0, r5
 3250 03ee FFF7FEFF 		bl	USB_WritePMA
 3251              	.LVL362:
2376:Drivers/STM32F1xx_HAL_Driver/Src/stm32f1xx_ll_usb.c ****           }
 3252              		.loc 1 2376 13 is_stmt 0 view .LVU1111
 3253 03f2 8EE6     		b	.L88
 3254              	.LVL363:
 3255              	.L176:
 3256              	.LBB96:
2372:Drivers/STM32F1xx_HAL_Driver/Src/stm32f1xx_ll_usb.c ****             pmabuffer = ep->pmaaddr1;
 3257              		.loc 1 2372 13 is_stmt 1 discriminator 13 view .LVU1112
 3258 03f4 B5F85030 		ldrh	r3, [r5, #80]
 3259 03f8 9BB2     		uxth	r3, r3
 3260 03fa 2B44     		add	r3, r3, r5
 3261              	.LVL364:
2372:Drivers/STM32F1xx_HAL_Driver/Src/stm32f1xx_ll_usb.c ****             pmabuffer = ep->pmaaddr1;
 3262              		.loc 1 2372 13 view .LVU1113
2372:Drivers/STM32F1xx_HAL_Driver/Src/stm32f1xx_ll_usb.c ****             pmabuffer = ep->pmaaddr1;
 3263              		.loc 1 2372 13 is_stmt 0 discriminator 13 view .LVU1114
 3264 03fc 2278     		ldrb	r2, [r4]	@ zero_extendqisi2
 3265 03fe 03EB0213 		add	r3, r3, r2, lsl #4
 3266              	.LVL365:
2372:Drivers/STM32F1xx_HAL_Driver/Src/stm32f1xx_ll_usb.c ****             pmabuffer = ep->pmaaddr1;
 3267              		.loc 1 2372 13 is_stmt 1 view .LVU1115
2372:Drivers/STM32F1xx_HAL_Driver/Src/stm32f1xx_ll_usb.c ****             pmabuffer = ep->pmaaddr1;
 3268              		.loc 1 2372 13 is_stmt 0 discriminator 13 view .LVU1116
 3269 0402 B2B2     		uxth	r2, r6
 3270 0404 A3F80C24 		strh	r2, [r3, #1036]	@ movhi
 3271 0408 EDE7     		b	.L117
 3272              	.LVL366:
 3273              	.L90:
2372:Drivers/STM32F1xx_HAL_Driver/Src/stm32f1xx_ll_usb.c ****             pmabuffer = ep->pmaaddr1;
 3274              		.loc 1 2372 13 discriminator 13 view .LVU1117
 3275              	.LBE96:
2382:Drivers/STM32F1xx_HAL_Driver/Src/stm32f1xx_ll_usb.c **** 
 3276              		.loc 1 2382 11 is_stmt 1 view .LVU1118
2385:Drivers/STM32F1xx_HAL_Driver/Src/stm32f1xx_ll_usb.c **** 
 3277              		.loc 1 2385 11 view .LVU1119
 3278              	.LBB97:
2385:Drivers/STM32F1xx_HAL_Driver/Src/stm32f1xx_ll_usb.c **** 
 3279              		.loc 1 2385 11 view .LVU1120
2385:Drivers/STM32F1xx_HAL_Driver/Src/stm32f1xx_ll_usb.c **** 
 3280              		.loc 1 2385 11 view .LVU1121
ARM GAS  C:\Users\subdia\AppData\Local\Temp\ccmLEiFj.s 			page 118


 3281 040a 2178     		ldrb	r1, [r4]	@ zero_extendqisi2
 3282 040c 35F82120 		ldrh	r2, [r5, r1, lsl #2]
 3283 0410 92B2     		uxth	r2, r2
 3284 0412 22F4E242 		bic	r2, r2, #28928
 3285 0416 22F07002 		bic	r2, r2, #112
 3286              	.LVL367:
2385:Drivers/STM32F1xx_HAL_Driver/Src/stm32f1xx_ll_usb.c **** 
 3287              		.loc 1 2385 11 view .LVU1122
 3288 041a 42F40042 		orr	r2, r2, #32768
 3289              	.LVL368:
2385:Drivers/STM32F1xx_HAL_Driver/Src/stm32f1xx_ll_usb.c **** 
 3290              		.loc 1 2385 11 is_stmt 0 view .LVU1123
 3291 041e 42F08002 		orr	r2, r2, #128
 3292 0422 25F82120 		strh	r2, [r5, r1, lsl #2]	@ movhi
 3293              	.LBE97:
2385:Drivers/STM32F1xx_HAL_Driver/Src/stm32f1xx_ll_usb.c **** 
 3294              		.loc 1 2385 11 is_stmt 1 view .LVU1124
2388:Drivers/STM32F1xx_HAL_Driver/Src/stm32f1xx_ll_usb.c ****           pmabuffer = ep->pmaaddr0;
 3295              		.loc 1 2388 11 view .LVU1125
 3296              	.LBB98:
2388:Drivers/STM32F1xx_HAL_Driver/Src/stm32f1xx_ll_usb.c ****           pmabuffer = ep->pmaaddr0;
 3297              		.loc 1 2388 11 view .LVU1126
 3298              	.LVL369:
2388:Drivers/STM32F1xx_HAL_Driver/Src/stm32f1xx_ll_usb.c ****           pmabuffer = ep->pmaaddr0;
 3299              		.loc 1 2388 11 view .LVU1127
2388:Drivers/STM32F1xx_HAL_Driver/Src/stm32f1xx_ll_usb.c ****           pmabuffer = ep->pmaaddr0;
 3300              		.loc 1 2388 11 view .LVU1128
 3301 0426 B5F85020 		ldrh	r2, [r5, #80]
 3302 042a 92B2     		uxth	r2, r2
 3303 042c 2A44     		add	r2, r2, r5
 3304              	.LVL370:
2388:Drivers/STM32F1xx_HAL_Driver/Src/stm32f1xx_ll_usb.c ****           pmabuffer = ep->pmaaddr0;
 3305              		.loc 1 2388 11 view .LVU1129
 3306 042e 2178     		ldrb	r1, [r4]	@ zero_extendqisi2
 3307 0430 02EB0112 		add	r2, r2, r1, lsl #4
 3308              	.LVL371:
2388:Drivers/STM32F1xx_HAL_Driver/Src/stm32f1xx_ll_usb.c ****           pmabuffer = ep->pmaaddr0;
 3309              		.loc 1 2388 11 view .LVU1130
 3310 0434 9BB2     		uxth	r3, r3
 3311              	.LVL372:
2388:Drivers/STM32F1xx_HAL_Driver/Src/stm32f1xx_ll_usb.c ****           pmabuffer = ep->pmaaddr0;
 3312              		.loc 1 2388 11 is_stmt 0 view .LVU1131
 3313 0436 A2F80434 		strh	r3, [r2, #1028]	@ movhi
 3314              	.LBE98:
2388:Drivers/STM32F1xx_HAL_Driver/Src/stm32f1xx_ll_usb.c ****           pmabuffer = ep->pmaaddr0;
 3315              		.loc 1 2388 11 is_stmt 1 view .LVU1132
2389:Drivers/STM32F1xx_HAL_Driver/Src/stm32f1xx_ll_usb.c **** 
 3316              		.loc 1 2389 11 view .LVU1133
 3317              	.LVL373:
2392:Drivers/STM32F1xx_HAL_Driver/Src/stm32f1xx_ll_usb.c ****         }
 3318              		.loc 1 2392 11 view .LVU1134
 3319 043a 2289     		ldrh	r2, [r4, #8]
 3320              	.LVL374:
2392:Drivers/STM32F1xx_HAL_Driver/Src/stm32f1xx_ll_usb.c ****         }
 3321              		.loc 1 2392 11 is_stmt 0 view .LVU1135
 3322 043c 6169     		ldr	r1, [r4, #20]
2392:Drivers/STM32F1xx_HAL_Driver/Src/stm32f1xx_ll_usb.c ****         }
ARM GAS  C:\Users\subdia\AppData\Local\Temp\ccmLEiFj.s 			page 119


 3323              		.loc 1 2392 11 view .LVU1136
 3324 043e 2846     		mov	r0, r5
 3325              	.LVL375:
2392:Drivers/STM32F1xx_HAL_Driver/Src/stm32f1xx_ll_usb.c ****         }
 3326              		.loc 1 2392 11 view .LVU1137
 3327 0440 FFF7FEFF 		bl	USB_WritePMA
 3328              	.LVL376:
2392:Drivers/STM32F1xx_HAL_Driver/Src/stm32f1xx_ll_usb.c ****         }
 3329              		.loc 1 2392 11 view .LVU1138
 3330 0444 65E6     		b	.L88
 3331              	.LVL377:
 3332              	.L122:
 3333              	.LBB99:
 3334              	.LBB74:
 3335              	.LBB73:
2404:Drivers/STM32F1xx_HAL_Driver/Src/stm32f1xx_ll_usb.c ****           pmabuffer = ep->pmaaddr1;
 3336              		.loc 1 2404 11 is_stmt 1 discriminator 4 view .LVU1139
 3337 0446 4EB9     		cbnz	r6, .L125
2404:Drivers/STM32F1xx_HAL_Driver/Src/stm32f1xx_ll_usb.c ****           pmabuffer = ep->pmaaddr1;
 3338              		.loc 1 2404 11 discriminator 8 view .LVU1140
 3339 0448 B3F80C24 		ldrh	r2, [r3, #1036]
 3340 044c 6FEA4242 		mvn	r2, r2, lsl #17
 3341 0450 6FEA5242 		mvn	r2, r2, lsr #17
 3342 0454 92B2     		uxth	r2, r2
 3343 0456 A3F80C24 		strh	r2, [r3, #1036]	@ movhi
 3344 045a 16E0     		b	.L124
 3345              	.L125:
2404:Drivers/STM32F1xx_HAL_Driver/Src/stm32f1xx_ll_usb.c ****           pmabuffer = ep->pmaaddr1;
 3346              		.loc 1 2404 11 discriminator 9 view .LVU1141
2404:Drivers/STM32F1xx_HAL_Driver/Src/stm32f1xx_ll_usb.c ****           pmabuffer = ep->pmaaddr1;
 3347              		.loc 1 2404 11 discriminator 9 view .LVU1142
 3348 045c 7208     		lsrs	r2, r6, #1
 3349              	.LVL378:
2404:Drivers/STM32F1xx_HAL_Driver/Src/stm32f1xx_ll_usb.c ****           pmabuffer = ep->pmaaddr1;
 3350              		.loc 1 2404 11 view .LVU1143
2404:Drivers/STM32F1xx_HAL_Driver/Src/stm32f1xx_ll_usb.c ****           pmabuffer = ep->pmaaddr1;
 3351              		.loc 1 2404 11 is_stmt 0 discriminator 9 view .LVU1144
 3352 045e 16F0010F 		tst	r6, #1
 3353 0462 00D0     		beq	.L126
2404:Drivers/STM32F1xx_HAL_Driver/Src/stm32f1xx_ll_usb.c ****           pmabuffer = ep->pmaaddr1;
 3354              		.loc 1 2404 11 is_stmt 1 discriminator 10 view .LVU1145
 3355 0464 0132     		adds	r2, r2, #1
 3356              	.LVL379:
 3357              	.L126:
2404:Drivers/STM32F1xx_HAL_Driver/Src/stm32f1xx_ll_usb.c ****           pmabuffer = ep->pmaaddr1;
 3358              		.loc 1 2404 11 discriminator 12 view .LVU1146
 3359 0466 B3F80C14 		ldrh	r1, [r3, #1036]
 3360 046a 89B2     		uxth	r1, r1
 3361 046c 9202     		lsls	r2, r2, #10
 3362              	.LVL380:
2404:Drivers/STM32F1xx_HAL_Driver/Src/stm32f1xx_ll_usb.c ****           pmabuffer = ep->pmaaddr1;
 3363              		.loc 1 2404 11 is_stmt 0 discriminator 12 view .LVU1147
 3364 046e 92B2     		uxth	r2, r2
 3365 0470 0A43     		orrs	r2, r2, r1
 3366 0472 A3F80C24 		strh	r2, [r3, #1036]	@ movhi
 3367 0476 08E0     		b	.L124
 3368              	.LVL381:
ARM GAS  C:\Users\subdia\AppData\Local\Temp\ccmLEiFj.s 			page 120


 3369              	.L121:
2404:Drivers/STM32F1xx_HAL_Driver/Src/stm32f1xx_ll_usb.c ****           pmabuffer = ep->pmaaddr1;
 3370              		.loc 1 2404 11 discriminator 12 view .LVU1148
 3371              	.LBE73:
 3372              	.LBE74:
2404:Drivers/STM32F1xx_HAL_Driver/Src/stm32f1xx_ll_usb.c ****           pmabuffer = ep->pmaaddr1;
 3373              		.loc 1 2404 11 is_stmt 1 discriminator 2 view .LVU1149
2404:Drivers/STM32F1xx_HAL_Driver/Src/stm32f1xx_ll_usb.c ****           pmabuffer = ep->pmaaddr1;
 3374              		.loc 1 2404 11 discriminator 13 view .LVU1150
 3375 0478 B5F85030 		ldrh	r3, [r5, #80]
 3376 047c 9BB2     		uxth	r3, r3
 3377 047e 2B44     		add	r3, r3, r5
 3378              	.LVL382:
2404:Drivers/STM32F1xx_HAL_Driver/Src/stm32f1xx_ll_usb.c ****           pmabuffer = ep->pmaaddr1;
 3379              		.loc 1 2404 11 view .LVU1151
2404:Drivers/STM32F1xx_HAL_Driver/Src/stm32f1xx_ll_usb.c ****           pmabuffer = ep->pmaaddr1;
 3380              		.loc 1 2404 11 is_stmt 0 discriminator 13 view .LVU1152
 3381 0480 03EB0113 		add	r3, r3, r1, lsl #4
 3382              	.LVL383:
2404:Drivers/STM32F1xx_HAL_Driver/Src/stm32f1xx_ll_usb.c ****           pmabuffer = ep->pmaaddr1;
 3383              		.loc 1 2404 11 is_stmt 1 view .LVU1153
2404:Drivers/STM32F1xx_HAL_Driver/Src/stm32f1xx_ll_usb.c ****           pmabuffer = ep->pmaaddr1;
 3384              		.loc 1 2404 11 is_stmt 0 discriminator 13 view .LVU1154
 3385 0484 B2B2     		uxth	r2, r6
 3386 0486 A3F80C24 		strh	r2, [r3, #1036]	@ movhi
 3387              	.LVL384:
 3388              	.L124:
2404:Drivers/STM32F1xx_HAL_Driver/Src/stm32f1xx_ll_usb.c ****           pmabuffer = ep->pmaaddr1;
 3389              		.loc 1 2404 11 discriminator 13 view .LVU1155
 3390              	.LBE99:
2404:Drivers/STM32F1xx_HAL_Driver/Src/stm32f1xx_ll_usb.c ****           pmabuffer = ep->pmaaddr1;
 3391              		.loc 1 2404 11 is_stmt 1 view .LVU1156
2405:Drivers/STM32F1xx_HAL_Driver/Src/stm32f1xx_ll_usb.c **** 
 3392              		.loc 1 2405 11 view .LVU1157
2408:Drivers/STM32F1xx_HAL_Driver/Src/stm32f1xx_ll_usb.c ****         }
 3393              		.loc 1 2408 11 view .LVU1158
 3394 048a B3B2     		uxth	r3, r6
 3395 048c 6289     		ldrh	r2, [r4, #10]
 3396 048e 6169     		ldr	r1, [r4, #20]
 3397 0490 2846     		mov	r0, r5
 3398              	.LVL385:
2408:Drivers/STM32F1xx_HAL_Driver/Src/stm32f1xx_ll_usb.c ****         }
 3399              		.loc 1 2408 11 is_stmt 0 view .LVU1159
 3400 0492 FFF7FEFF 		bl	USB_WritePMA
 3401              	.LVL386:
2408:Drivers/STM32F1xx_HAL_Driver/Src/stm32f1xx_ll_usb.c ****         }
 3402              		.loc 1 2408 11 view .LVU1160
 3403 0496 3CE6     		b	.L88
 3404              	.LVL387:
 3405              	.L120:
2413:Drivers/STM32F1xx_HAL_Driver/Src/stm32f1xx_ll_usb.c ****           pmabuffer = ep->pmaaddr0;
 3406              		.loc 1 2413 11 is_stmt 1 view .LVU1161
2413:Drivers/STM32F1xx_HAL_Driver/Src/stm32f1xx_ll_usb.c ****           pmabuffer = ep->pmaaddr0;
 3407              		.loc 1 2413 11 view .LVU1162
 3408 0498 B2BB     		cbnz	r2, .L127
2413:Drivers/STM32F1xx_HAL_Driver/Src/stm32f1xx_ll_usb.c ****           pmabuffer = ep->pmaaddr0;
 3409              		.loc 1 2413 11 discriminator 1 view .LVU1163
ARM GAS  C:\Users\subdia\AppData\Local\Temp\ccmLEiFj.s 			page 121


 3410              	.LBB100:
2413:Drivers/STM32F1xx_HAL_Driver/Src/stm32f1xx_ll_usb.c ****           pmabuffer = ep->pmaaddr0;
 3411              		.loc 1 2413 11 discriminator 1 view .LVU1164
 3412              	.LVL388:
2413:Drivers/STM32F1xx_HAL_Driver/Src/stm32f1xx_ll_usb.c ****           pmabuffer = ep->pmaaddr0;
 3413              		.loc 1 2413 11 view .LVU1165
2413:Drivers/STM32F1xx_HAL_Driver/Src/stm32f1xx_ll_usb.c ****           pmabuffer = ep->pmaaddr0;
 3414              		.loc 1 2413 11 view .LVU1166
2413:Drivers/STM32F1xx_HAL_Driver/Src/stm32f1xx_ll_usb.c ****           pmabuffer = ep->pmaaddr0;
 3415              		.loc 1 2413 11 is_stmt 0 discriminator 1 view .LVU1167
 3416 049a B5F85030 		ldrh	r3, [r5, #80]
 3417 049e 9BB2     		uxth	r3, r3
 3418 04a0 2B44     		add	r3, r3, r5
 3419              	.LVL389:
2413:Drivers/STM32F1xx_HAL_Driver/Src/stm32f1xx_ll_usb.c ****           pmabuffer = ep->pmaaddr0;
 3420              		.loc 1 2413 11 is_stmt 1 view .LVU1168
2413:Drivers/STM32F1xx_HAL_Driver/Src/stm32f1xx_ll_usb.c ****           pmabuffer = ep->pmaaddr0;
 3421              		.loc 1 2413 11 is_stmt 0 discriminator 1 view .LVU1169
 3422 04a2 03EB0113 		add	r3, r3, r1, lsl #4
 3423              	.LVL390:
2413:Drivers/STM32F1xx_HAL_Driver/Src/stm32f1xx_ll_usb.c ****           pmabuffer = ep->pmaaddr0;
 3424              		.loc 1 2413 11 is_stmt 1 view .LVU1170
 3425              	.LBB101:
2413:Drivers/STM32F1xx_HAL_Driver/Src/stm32f1xx_ll_usb.c ****           pmabuffer = ep->pmaaddr0;
 3426              		.loc 1 2413 11 view .LVU1171
2413:Drivers/STM32F1xx_HAL_Driver/Src/stm32f1xx_ll_usb.c ****           pmabuffer = ep->pmaaddr0;
 3427              		.loc 1 2413 11 view .LVU1172
2413:Drivers/STM32F1xx_HAL_Driver/Src/stm32f1xx_ll_usb.c ****           pmabuffer = ep->pmaaddr0;
 3428              		.loc 1 2413 11 is_stmt 0 discriminator 1 view .LVU1173
 3429 04a6 B3F80424 		ldrh	r2, [r3, #1028]
 3430 04aa C2F30902 		ubfx	r2, r2, #0, #10
 3431 04ae A3F80424 		strh	r2, [r3, #1028]	@ movhi
2413:Drivers/STM32F1xx_HAL_Driver/Src/stm32f1xx_ll_usb.c ****           pmabuffer = ep->pmaaddr0;
 3432              		.loc 1 2413 11 is_stmt 1 view .LVU1174
2413:Drivers/STM32F1xx_HAL_Driver/Src/stm32f1xx_ll_usb.c ****           pmabuffer = ep->pmaaddr0;
 3433              		.loc 1 2413 11 is_stmt 0 discriminator 1 view .LVU1175
 3434 04b2 3E2E     		cmp	r6, #62
 3435 04b4 0FD9     		bls	.L128
2413:Drivers/STM32F1xx_HAL_Driver/Src/stm32f1xx_ll_usb.c ****           pmabuffer = ep->pmaaddr0;
 3436              		.loc 1 2413 11 is_stmt 1 discriminator 3 view .LVU1176
2413:Drivers/STM32F1xx_HAL_Driver/Src/stm32f1xx_ll_usb.c ****           pmabuffer = ep->pmaaddr0;
 3437              		.loc 1 2413 11 discriminator 3 view .LVU1177
 3438 04b6 7109     		lsrs	r1, r6, #5
 3439              	.LVL391:
2413:Drivers/STM32F1xx_HAL_Driver/Src/stm32f1xx_ll_usb.c ****           pmabuffer = ep->pmaaddr0;
 3440              		.loc 1 2413 11 view .LVU1178
2413:Drivers/STM32F1xx_HAL_Driver/Src/stm32f1xx_ll_usb.c ****           pmabuffer = ep->pmaaddr0;
 3441              		.loc 1 2413 11 is_stmt 0 discriminator 3 view .LVU1179
 3442 04b8 16F01F0F 		tst	r6, #31
 3443 04bc 00D1     		bne	.L129
2413:Drivers/STM32F1xx_HAL_Driver/Src/stm32f1xx_ll_usb.c ****           pmabuffer = ep->pmaaddr0;
 3444              		.loc 1 2413 11 is_stmt 1 discriminator 5 view .LVU1180
 3445 04be 0139     		subs	r1, r1, #1
 3446              	.LVL392:
 3447              	.L129:
2413:Drivers/STM32F1xx_HAL_Driver/Src/stm32f1xx_ll_usb.c ****           pmabuffer = ep->pmaaddr0;
 3448              		.loc 1 2413 11 discriminator 7 view .LVU1181
ARM GAS  C:\Users\subdia\AppData\Local\Temp\ccmLEiFj.s 			page 122


 3449 04c0 B3F80424 		ldrh	r2, [r3, #1028]
 3450 04c4 92B2     		uxth	r2, r2
 3451 04c6 8902     		lsls	r1, r1, #10
 3452              	.LVL393:
2413:Drivers/STM32F1xx_HAL_Driver/Src/stm32f1xx_ll_usb.c ****           pmabuffer = ep->pmaaddr0;
 3453              		.loc 1 2413 11 is_stmt 0 discriminator 7 view .LVU1182
 3454 04c8 89B2     		uxth	r1, r1
 3455 04ca 0A43     		orrs	r2, r2, r1
 3456 04cc 42F40042 		orr	r2, r2, #32768
 3457 04d0 A3F80424 		strh	r2, [r3, #1028]	@ movhi
2413:Drivers/STM32F1xx_HAL_Driver/Src/stm32f1xx_ll_usb.c ****           pmabuffer = ep->pmaaddr0;
 3458              		.loc 1 2413 11 is_stmt 1 view .LVU1183
 3459 04d4 21E0     		b	.L130
 3460              	.LVL394:
 3461              	.L128:
2413:Drivers/STM32F1xx_HAL_Driver/Src/stm32f1xx_ll_usb.c ****           pmabuffer = ep->pmaaddr0;
 3462              		.loc 1 2413 11 discriminator 4 view .LVU1184
 3463 04d6 4EB9     		cbnz	r6, .L131
2413:Drivers/STM32F1xx_HAL_Driver/Src/stm32f1xx_ll_usb.c ****           pmabuffer = ep->pmaaddr0;
 3464              		.loc 1 2413 11 discriminator 8 view .LVU1185
 3465 04d8 B3F80424 		ldrh	r2, [r3, #1028]
 3466 04dc 6FEA4242 		mvn	r2, r2, lsl #17
 3467 04e0 6FEA5242 		mvn	r2, r2, lsr #17
 3468 04e4 92B2     		uxth	r2, r2
 3469 04e6 A3F80424 		strh	r2, [r3, #1028]	@ movhi
 3470 04ea 16E0     		b	.L130
 3471              	.L131:
2413:Drivers/STM32F1xx_HAL_Driver/Src/stm32f1xx_ll_usb.c ****           pmabuffer = ep->pmaaddr0;
 3472              		.loc 1 2413 11 discriminator 9 view .LVU1186
2413:Drivers/STM32F1xx_HAL_Driver/Src/stm32f1xx_ll_usb.c ****           pmabuffer = ep->pmaaddr0;
 3473              		.loc 1 2413 11 discriminator 9 view .LVU1187
 3474 04ec 7208     		lsrs	r2, r6, #1
 3475              	.LVL395:
2413:Drivers/STM32F1xx_HAL_Driver/Src/stm32f1xx_ll_usb.c ****           pmabuffer = ep->pmaaddr0;
 3476              		.loc 1 2413 11 view .LVU1188
2413:Drivers/STM32F1xx_HAL_Driver/Src/stm32f1xx_ll_usb.c ****           pmabuffer = ep->pmaaddr0;
 3477              		.loc 1 2413 11 is_stmt 0 discriminator 9 view .LVU1189
 3478 04ee 16F0010F 		tst	r6, #1
 3479 04f2 00D0     		beq	.L132
2413:Drivers/STM32F1xx_HAL_Driver/Src/stm32f1xx_ll_usb.c ****           pmabuffer = ep->pmaaddr0;
 3480              		.loc 1 2413 11 is_stmt 1 discriminator 10 view .LVU1190
 3481 04f4 0132     		adds	r2, r2, #1
 3482              	.LVL396:
 3483              	.L132:
2413:Drivers/STM32F1xx_HAL_Driver/Src/stm32f1xx_ll_usb.c ****           pmabuffer = ep->pmaaddr0;
 3484              		.loc 1 2413 11 discriminator 12 view .LVU1191
 3485 04f6 B3F80414 		ldrh	r1, [r3, #1028]
 3486 04fa 89B2     		uxth	r1, r1
 3487 04fc 9202     		lsls	r2, r2, #10
 3488              	.LVL397:
2413:Drivers/STM32F1xx_HAL_Driver/Src/stm32f1xx_ll_usb.c ****           pmabuffer = ep->pmaaddr0;
 3489              		.loc 1 2413 11 is_stmt 0 discriminator 12 view .LVU1192
 3490 04fe 92B2     		uxth	r2, r2
 3491 0500 0A43     		orrs	r2, r2, r1
 3492 0502 A3F80424 		strh	r2, [r3, #1028]	@ movhi
 3493 0506 08E0     		b	.L130
 3494              	.LVL398:
ARM GAS  C:\Users\subdia\AppData\Local\Temp\ccmLEiFj.s 			page 123


 3495              	.L127:
2413:Drivers/STM32F1xx_HAL_Driver/Src/stm32f1xx_ll_usb.c ****           pmabuffer = ep->pmaaddr0;
 3496              		.loc 1 2413 11 discriminator 12 view .LVU1193
 3497              	.LBE101:
 3498              	.LBE100:
2413:Drivers/STM32F1xx_HAL_Driver/Src/stm32f1xx_ll_usb.c ****           pmabuffer = ep->pmaaddr0;
 3499              		.loc 1 2413 11 is_stmt 1 discriminator 2 view .LVU1194
2413:Drivers/STM32F1xx_HAL_Driver/Src/stm32f1xx_ll_usb.c ****           pmabuffer = ep->pmaaddr0;
 3500              		.loc 1 2413 11 discriminator 13 view .LVU1195
 3501              	.LBB102:
2413:Drivers/STM32F1xx_HAL_Driver/Src/stm32f1xx_ll_usb.c ****           pmabuffer = ep->pmaaddr0;
 3502              		.loc 1 2413 11 discriminator 13 view .LVU1196
2413:Drivers/STM32F1xx_HAL_Driver/Src/stm32f1xx_ll_usb.c ****           pmabuffer = ep->pmaaddr0;
 3503              		.loc 1 2413 11 view .LVU1197
2413:Drivers/STM32F1xx_HAL_Driver/Src/stm32f1xx_ll_usb.c ****           pmabuffer = ep->pmaaddr0;
 3504              		.loc 1 2413 11 view .LVU1198
2413:Drivers/STM32F1xx_HAL_Driver/Src/stm32f1xx_ll_usb.c ****           pmabuffer = ep->pmaaddr0;
 3505              		.loc 1 2413 11 is_stmt 0 discriminator 13 view .LVU1199
 3506 0508 B5F85030 		ldrh	r3, [r5, #80]
 3507 050c 9BB2     		uxth	r3, r3
 3508 050e 2B44     		add	r3, r3, r5
 3509              	.LVL399:
2413:Drivers/STM32F1xx_HAL_Driver/Src/stm32f1xx_ll_usb.c ****           pmabuffer = ep->pmaaddr0;
 3510              		.loc 1 2413 11 is_stmt 1 view .LVU1200
2413:Drivers/STM32F1xx_HAL_Driver/Src/stm32f1xx_ll_usb.c ****           pmabuffer = ep->pmaaddr0;
 3511              		.loc 1 2413 11 is_stmt 0 discriminator 13 view .LVU1201
 3512 0510 03EB0113 		add	r3, r3, r1, lsl #4
 3513              	.LVL400:
2413:Drivers/STM32F1xx_HAL_Driver/Src/stm32f1xx_ll_usb.c ****           pmabuffer = ep->pmaaddr0;
 3514              		.loc 1 2413 11 is_stmt 1 view .LVU1202
2413:Drivers/STM32F1xx_HAL_Driver/Src/stm32f1xx_ll_usb.c ****           pmabuffer = ep->pmaaddr0;
 3515              		.loc 1 2413 11 is_stmt 0 discriminator 13 view .LVU1203
 3516 0514 B2B2     		uxth	r2, r6
 3517 0516 A3F80424 		strh	r2, [r3, #1028]	@ movhi
 3518              	.LVL401:
 3519              	.L130:
2413:Drivers/STM32F1xx_HAL_Driver/Src/stm32f1xx_ll_usb.c ****           pmabuffer = ep->pmaaddr0;
 3520              		.loc 1 2413 11 discriminator 13 view .LVU1204
 3521              	.LBE102:
2413:Drivers/STM32F1xx_HAL_Driver/Src/stm32f1xx_ll_usb.c ****           pmabuffer = ep->pmaaddr0;
 3522              		.loc 1 2413 11 is_stmt 1 view .LVU1205
2413:Drivers/STM32F1xx_HAL_Driver/Src/stm32f1xx_ll_usb.c ****           pmabuffer = ep->pmaaddr0;
 3523              		.loc 1 2413 11 view .LVU1206
2414:Drivers/STM32F1xx_HAL_Driver/Src/stm32f1xx_ll_usb.c **** 
 3524              		.loc 1 2414 11 view .LVU1207
2417:Drivers/STM32F1xx_HAL_Driver/Src/stm32f1xx_ll_usb.c ****         }
 3525              		.loc 1 2417 11 view .LVU1208
 3526 051a B3B2     		uxth	r3, r6
 3527 051c 2289     		ldrh	r2, [r4, #8]
 3528 051e 6169     		ldr	r1, [r4, #20]
 3529 0520 2846     		mov	r0, r5
 3530              	.LVL402:
2417:Drivers/STM32F1xx_HAL_Driver/Src/stm32f1xx_ll_usb.c ****         }
 3531              		.loc 1 2417 11 is_stmt 0 view .LVU1209
 3532 0522 FFF7FEFF 		bl	USB_WritePMA
 3533              	.LVL403:
2417:Drivers/STM32F1xx_HAL_Driver/Src/stm32f1xx_ll_usb.c ****         }
ARM GAS  C:\Users\subdia\AppData\Local\Temp\ccmLEiFj.s 			page 124


 3534              		.loc 1 2417 11 view .LVU1210
 3535 0526 F4E5     		b	.L88
 3536              	.LVL404:
 3537              	.L135:
2437:Drivers/STM32F1xx_HAL_Driver/Src/stm32f1xx_ll_usb.c ****         ep->xfer_len = 0U;
 3538              		.loc 1 2437 9 is_stmt 1 view .LVU1211
2438:Drivers/STM32F1xx_HAL_Driver/Src/stm32f1xx_ll_usb.c ****       }
 3539              		.loc 1 2438 9 view .LVU1212
2438:Drivers/STM32F1xx_HAL_Driver/Src/stm32f1xx_ll_usb.c ****       }
 3540              		.loc 1 2438 22 is_stmt 0 view .LVU1213
 3541 0528 0022     		movs	r2, #0
 3542 052a 8A61     		str	r2, [r1, #24]
2437:Drivers/STM32F1xx_HAL_Driver/Src/stm32f1xx_ll_usb.c ****         ep->xfer_len = 0U;
 3543              		.loc 1 2437 13 view .LVU1214
 3544 052c 1A46     		mov	r2, r3
 3545 052e 78E5     		b	.L136
 3546              	.LVL405:
 3547              	.L137:
 3548              	.LBB103:
 3549              	.LBB68:
2441:Drivers/STM32F1xx_HAL_Driver/Src/stm32f1xx_ll_usb.c ****     }
 3550              		.loc 1 2441 7 is_stmt 1 discriminator 2 view .LVU1215
 3551 0530 4AB9     		cbnz	r2, .L140
2441:Drivers/STM32F1xx_HAL_Driver/Src/stm32f1xx_ll_usb.c ****     }
 3552              		.loc 1 2441 7 discriminator 6 view .LVU1216
 3553 0532 B3F80C24 		ldrh	r2, [r3, #1036]
 3554              	.LVL406:
2441:Drivers/STM32F1xx_HAL_Driver/Src/stm32f1xx_ll_usb.c ****     }
 3555              		.loc 1 2441 7 is_stmt 0 discriminator 6 view .LVU1217
 3556 0536 6FEA4242 		mvn	r2, r2, lsl #17
 3557 053a 6FEA5242 		mvn	r2, r2, lsr #17
 3558 053e 92B2     		uxth	r2, r2
 3559 0540 A3F80C24 		strh	r2, [r3, #1036]	@ movhi
 3560 0544 8CE5     		b	.L139
 3561              	.LVL407:
 3562              	.L140:
2441:Drivers/STM32F1xx_HAL_Driver/Src/stm32f1xx_ll_usb.c ****     }
 3563              		.loc 1 2441 7 is_stmt 1 discriminator 7 view .LVU1218
2441:Drivers/STM32F1xx_HAL_Driver/Src/stm32f1xx_ll_usb.c ****     }
 3564              		.loc 1 2441 7 discriminator 7 view .LVU1219
 3565 0546 5108     		lsrs	r1, r2, #1
 3566              	.LVL408:
2441:Drivers/STM32F1xx_HAL_Driver/Src/stm32f1xx_ll_usb.c ****     }
 3567              		.loc 1 2441 7 view .LVU1220
2441:Drivers/STM32F1xx_HAL_Driver/Src/stm32f1xx_ll_usb.c ****     }
 3568              		.loc 1 2441 7 is_stmt 0 discriminator 7 view .LVU1221
 3569 0548 12F0010F 		tst	r2, #1
 3570 054c 00D0     		beq	.L141
2441:Drivers/STM32F1xx_HAL_Driver/Src/stm32f1xx_ll_usb.c ****     }
 3571              		.loc 1 2441 7 is_stmt 1 discriminator 8 view .LVU1222
 3572 054e 0131     		adds	r1, r1, #1
 3573              	.LVL409:
 3574              	.L141:
2441:Drivers/STM32F1xx_HAL_Driver/Src/stm32f1xx_ll_usb.c ****     }
 3575              		.loc 1 2441 7 discriminator 10 view .LVU1223
 3576 0550 B3F80C24 		ldrh	r2, [r3, #1036]
 3577              	.LVL410:
ARM GAS  C:\Users\subdia\AppData\Local\Temp\ccmLEiFj.s 			page 125


2441:Drivers/STM32F1xx_HAL_Driver/Src/stm32f1xx_ll_usb.c ****     }
 3578              		.loc 1 2441 7 is_stmt 0 discriminator 10 view .LVU1224
 3579 0554 92B2     		uxth	r2, r2
 3580 0556 8902     		lsls	r1, r1, #10
 3581              	.LVL411:
2441:Drivers/STM32F1xx_HAL_Driver/Src/stm32f1xx_ll_usb.c ****     }
 3582              		.loc 1 2441 7 discriminator 10 view .LVU1225
 3583 0558 89B2     		uxth	r1, r1
 3584 055a 0A43     		orrs	r2, r2, r1
 3585 055c A3F80C24 		strh	r2, [r3, #1036]	@ movhi
 3586 0560 7EE5     		b	.L139
 3587              	.LVL412:
 3588              	.L134:
2441:Drivers/STM32F1xx_HAL_Driver/Src/stm32f1xx_ll_usb.c ****     }
 3589              		.loc 1 2441 7 discriminator 10 view .LVU1226
 3590              	.LBE68:
 3591              	.LBE103:
2448:Drivers/STM32F1xx_HAL_Driver/Src/stm32f1xx_ll_usb.c ****       {
 3592              		.loc 1 2448 7 is_stmt 1 view .LVU1227
2448:Drivers/STM32F1xx_HAL_Driver/Src/stm32f1xx_ll_usb.c ****       {
 3593              		.loc 1 2448 13 is_stmt 0 view .LVU1228
 3594 0562 CB78     		ldrb	r3, [r1, #3]	@ zero_extendqisi2
2448:Drivers/STM32F1xx_HAL_Driver/Src/stm32f1xx_ll_usb.c ****       {
 3595              		.loc 1 2448 10 view .LVU1229
 3596 0564 022B     		cmp	r3, #2
 3597 0566 4DD0     		beq	.L177
2467:Drivers/STM32F1xx_HAL_Driver/Src/stm32f1xx_ll_usb.c ****       {
 3598              		.loc 1 2467 12 is_stmt 1 view .LVU1230
2467:Drivers/STM32F1xx_HAL_Driver/Src/stm32f1xx_ll_usb.c ****       {
 3599              		.loc 1 2467 15 is_stmt 0 view .LVU1231
 3600 0568 012B     		cmp	r3, #1
 3601 056a 40F03381 		bne	.L168
2470:Drivers/STM32F1xx_HAL_Driver/Src/stm32f1xx_ll_usb.c ****         {
 3602              		.loc 1 2470 9 is_stmt 1 view .LVU1232
2470:Drivers/STM32F1xx_HAL_Driver/Src/stm32f1xx_ll_usb.c ****         {
 3603              		.loc 1 2470 15 is_stmt 0 view .LVU1233
 3604 056e 8969     		ldr	r1, [r1, #24]
 3605              	.LVL413:
2470:Drivers/STM32F1xx_HAL_Driver/Src/stm32f1xx_ll_usb.c ****         {
 3606              		.loc 1 2470 30 view .LVU1234
 3607 0570 2369     		ldr	r3, [r4, #16]
2470:Drivers/STM32F1xx_HAL_Driver/Src/stm32f1xx_ll_usb.c ****         {
 3608              		.loc 1 2470 12 view .LVU1235
 3609 0572 9942     		cmp	r1, r3
 3610 0574 40F2EA80 		bls	.L156
2472:Drivers/STM32F1xx_HAL_Driver/Src/stm32f1xx_ll_usb.c ****           ep->xfer_len -= len;
 3611              		.loc 1 2472 11 is_stmt 1 view .LVU1236
 3612              	.LVL414:
2473:Drivers/STM32F1xx_HAL_Driver/Src/stm32f1xx_ll_usb.c ****         }
 3613              		.loc 1 2473 11 view .LVU1237
2473:Drivers/STM32F1xx_HAL_Driver/Src/stm32f1xx_ll_usb.c ****         }
 3614              		.loc 1 2473 24 is_stmt 0 view .LVU1238
 3615 0578 C91A     		subs	r1, r1, r3
 3616 057a A161     		str	r1, [r4, #24]
 3617              	.L157:
2480:Drivers/STM32F1xx_HAL_Driver/Src/stm32f1xx_ll_usb.c ****       }
 3618              		.loc 1 2480 9 is_stmt 1 view .LVU1239
ARM GAS  C:\Users\subdia\AppData\Local\Temp\ccmLEiFj.s 			page 126


2480:Drivers/STM32F1xx_HAL_Driver/Src/stm32f1xx_ll_usb.c ****       }
 3619              		.loc 1 2480 9 view .LVU1240
2480:Drivers/STM32F1xx_HAL_Driver/Src/stm32f1xx_ll_usb.c ****       }
 3620              		.loc 1 2480 9 view .LVU1241
 3621 057c F2B9     		cbnz	r2, .L158
2480:Drivers/STM32F1xx_HAL_Driver/Src/stm32f1xx_ll_usb.c ****       }
 3622              		.loc 1 2480 9 discriminator 1 view .LVU1242
 3623              	.LBB104:
2480:Drivers/STM32F1xx_HAL_Driver/Src/stm32f1xx_ll_usb.c ****       }
 3624              		.loc 1 2480 9 discriminator 1 view .LVU1243
 3625              	.LVL415:
2480:Drivers/STM32F1xx_HAL_Driver/Src/stm32f1xx_ll_usb.c ****       }
 3626              		.loc 1 2480 9 view .LVU1244
2480:Drivers/STM32F1xx_HAL_Driver/Src/stm32f1xx_ll_usb.c ****       }
 3627              		.loc 1 2480 9 view .LVU1245
2480:Drivers/STM32F1xx_HAL_Driver/Src/stm32f1xx_ll_usb.c ****       }
 3628              		.loc 1 2480 9 is_stmt 0 discriminator 1 view .LVU1246
 3629 057e B5F85020 		ldrh	r2, [r5, #80]
 3630 0582 92B2     		uxth	r2, r2
 3631 0584 2A44     		add	r2, r2, r5
 3632              	.LVL416:
2480:Drivers/STM32F1xx_HAL_Driver/Src/stm32f1xx_ll_usb.c ****       }
 3633              		.loc 1 2480 9 is_stmt 1 view .LVU1247
2480:Drivers/STM32F1xx_HAL_Driver/Src/stm32f1xx_ll_usb.c ****       }
 3634              		.loc 1 2480 9 is_stmt 0 discriminator 1 view .LVU1248
 3635 0586 2178     		ldrb	r1, [r4]	@ zero_extendqisi2
 3636 0588 02EB0112 		add	r2, r2, r1, lsl #4
 3637              	.LVL417:
2480:Drivers/STM32F1xx_HAL_Driver/Src/stm32f1xx_ll_usb.c ****       }
 3638              		.loc 1 2480 9 is_stmt 1 view .LVU1249
 3639              	.LBB105:
2480:Drivers/STM32F1xx_HAL_Driver/Src/stm32f1xx_ll_usb.c ****       }
 3640              		.loc 1 2480 9 view .LVU1250
2480:Drivers/STM32F1xx_HAL_Driver/Src/stm32f1xx_ll_usb.c ****       }
 3641              		.loc 1 2480 9 view .LVU1251
2480:Drivers/STM32F1xx_HAL_Driver/Src/stm32f1xx_ll_usb.c ****       }
 3642              		.loc 1 2480 9 is_stmt 0 discriminator 1 view .LVU1252
 3643 058c B2F80414 		ldrh	r1, [r2, #1028]
 3644 0590 C1F30901 		ubfx	r1, r1, #0, #10
 3645 0594 A2F80414 		strh	r1, [r2, #1028]	@ movhi
2480:Drivers/STM32F1xx_HAL_Driver/Src/stm32f1xx_ll_usb.c ****       }
 3646              		.loc 1 2480 9 is_stmt 1 view .LVU1253
2480:Drivers/STM32F1xx_HAL_Driver/Src/stm32f1xx_ll_usb.c ****       }
 3647              		.loc 1 2480 9 is_stmt 0 discriminator 1 view .LVU1254
 3648 0598 3E2B     		cmp	r3, #62
 3649 059a 40F2DB80 		bls	.L159
2480:Drivers/STM32F1xx_HAL_Driver/Src/stm32f1xx_ll_usb.c ****       }
 3650              		.loc 1 2480 9 is_stmt 1 discriminator 3 view .LVU1255
2480:Drivers/STM32F1xx_HAL_Driver/Src/stm32f1xx_ll_usb.c ****       }
 3651              		.loc 1 2480 9 discriminator 3 view .LVU1256
 3652 059e 5809     		lsrs	r0, r3, #5
 3653              	.LVL418:
2480:Drivers/STM32F1xx_HAL_Driver/Src/stm32f1xx_ll_usb.c ****       }
 3654              		.loc 1 2480 9 view .LVU1257
2480:Drivers/STM32F1xx_HAL_Driver/Src/stm32f1xx_ll_usb.c ****       }
 3655              		.loc 1 2480 9 is_stmt 0 discriminator 3 view .LVU1258
 3656 05a0 13F01F0F 		tst	r3, #31
ARM GAS  C:\Users\subdia\AppData\Local\Temp\ccmLEiFj.s 			page 127


 3657 05a4 00D1     		bne	.L160
2480:Drivers/STM32F1xx_HAL_Driver/Src/stm32f1xx_ll_usb.c ****       }
 3658              		.loc 1 2480 9 is_stmt 1 discriminator 5 view .LVU1259
 3659 05a6 0138     		subs	r0, r0, #1
 3660              	.LVL419:
 3661              	.L160:
2480:Drivers/STM32F1xx_HAL_Driver/Src/stm32f1xx_ll_usb.c ****       }
 3662              		.loc 1 2480 9 discriminator 7 view .LVU1260
 3663 05a8 B2F80414 		ldrh	r1, [r2, #1028]
 3664 05ac 89B2     		uxth	r1, r1
 3665 05ae 8002     		lsls	r0, r0, #10
 3666              	.LVL420:
2480:Drivers/STM32F1xx_HAL_Driver/Src/stm32f1xx_ll_usb.c ****       }
 3667              		.loc 1 2480 9 is_stmt 0 discriminator 7 view .LVU1261
 3668 05b0 80B2     		uxth	r0, r0
 3669 05b2 0143     		orrs	r1, r1, r0
 3670 05b4 41F40041 		orr	r1, r1, #32768
 3671 05b8 A2F80414 		strh	r1, [r2, #1028]	@ movhi
2480:Drivers/STM32F1xx_HAL_Driver/Src/stm32f1xx_ll_usb.c ****       }
 3672              		.loc 1 2480 9 is_stmt 1 view .LVU1262
 3673              	.LVL421:
 3674              	.L158:
2480:Drivers/STM32F1xx_HAL_Driver/Src/stm32f1xx_ll_usb.c ****       }
 3675              		.loc 1 2480 9 is_stmt 0 view .LVU1263
 3676              	.LBE105:
 3677              	.LBE104:
2480:Drivers/STM32F1xx_HAL_Driver/Src/stm32f1xx_ll_usb.c ****       }
 3678              		.loc 1 2480 9 is_stmt 1 discriminator 15 view .LVU1264
2480:Drivers/STM32F1xx_HAL_Driver/Src/stm32f1xx_ll_usb.c ****       }
 3679              		.loc 1 2480 9 discriminator 15 view .LVU1265
2480:Drivers/STM32F1xx_HAL_Driver/Src/stm32f1xx_ll_usb.c ****       }
 3680              		.loc 1 2480 9 discriminator 15 view .LVU1266
 3681              	.LBB107:
2480:Drivers/STM32F1xx_HAL_Driver/Src/stm32f1xx_ll_usb.c ****       }
 3682              		.loc 1 2480 9 discriminator 15 view .LVU1267
2480:Drivers/STM32F1xx_HAL_Driver/Src/stm32f1xx_ll_usb.c ****       }
 3683              		.loc 1 2480 9 view .LVU1268
2480:Drivers/STM32F1xx_HAL_Driver/Src/stm32f1xx_ll_usb.c ****       }
 3684              		.loc 1 2480 9 view .LVU1269
2480:Drivers/STM32F1xx_HAL_Driver/Src/stm32f1xx_ll_usb.c ****       }
 3685              		.loc 1 2480 9 is_stmt 0 discriminator 15 view .LVU1270
 3686 05bc 6278     		ldrb	r2, [r4, #1]	@ zero_extendqisi2
 3687 05be 002A     		cmp	r2, #0
 3688 05c0 40F0FA80 		bne	.L163
2480:Drivers/STM32F1xx_HAL_Driver/Src/stm32f1xx_ll_usb.c ****       }
 3689              		.loc 1 2480 9 is_stmt 1 discriminator 16 view .LVU1271
 3690              	.LBB108:
2480:Drivers/STM32F1xx_HAL_Driver/Src/stm32f1xx_ll_usb.c ****       }
 3691              		.loc 1 2480 9 discriminator 16 view .LVU1272
 3692              	.LVL422:
2480:Drivers/STM32F1xx_HAL_Driver/Src/stm32f1xx_ll_usb.c ****       }
 3693              		.loc 1 2480 9 view .LVU1273
2480:Drivers/STM32F1xx_HAL_Driver/Src/stm32f1xx_ll_usb.c ****       }
 3694              		.loc 1 2480 9 view .LVU1274
2480:Drivers/STM32F1xx_HAL_Driver/Src/stm32f1xx_ll_usb.c ****       }
 3695              		.loc 1 2480 9 is_stmt 0 discriminator 16 view .LVU1275
 3696 05c4 B5F85020 		ldrh	r2, [r5, #80]
ARM GAS  C:\Users\subdia\AppData\Local\Temp\ccmLEiFj.s 			page 128


 3697 05c8 92B2     		uxth	r2, r2
 3698 05ca 2A44     		add	r2, r2, r5
 3699              	.LVL423:
2480:Drivers/STM32F1xx_HAL_Driver/Src/stm32f1xx_ll_usb.c ****       }
 3700              		.loc 1 2480 9 is_stmt 1 view .LVU1276
2480:Drivers/STM32F1xx_HAL_Driver/Src/stm32f1xx_ll_usb.c ****       }
 3701              		.loc 1 2480 9 is_stmt 0 discriminator 16 view .LVU1277
 3702 05cc 2178     		ldrb	r1, [r4]	@ zero_extendqisi2
 3703 05ce 02EB0112 		add	r2, r2, r1, lsl #4
 3704              	.LVL424:
2480:Drivers/STM32F1xx_HAL_Driver/Src/stm32f1xx_ll_usb.c ****       }
 3705              		.loc 1 2480 9 is_stmt 1 view .LVU1278
 3706              	.LBB109:
2480:Drivers/STM32F1xx_HAL_Driver/Src/stm32f1xx_ll_usb.c ****       }
 3707              		.loc 1 2480 9 view .LVU1279
2480:Drivers/STM32F1xx_HAL_Driver/Src/stm32f1xx_ll_usb.c ****       }
 3708              		.loc 1 2480 9 view .LVU1280
2480:Drivers/STM32F1xx_HAL_Driver/Src/stm32f1xx_ll_usb.c ****       }
 3709              		.loc 1 2480 9 is_stmt 0 discriminator 16 view .LVU1281
 3710 05d2 B2F80C14 		ldrh	r1, [r2, #1036]
 3711 05d6 C1F30901 		ubfx	r1, r1, #0, #10
 3712 05da A2F80C14 		strh	r1, [r2, #1036]	@ movhi
2480:Drivers/STM32F1xx_HAL_Driver/Src/stm32f1xx_ll_usb.c ****       }
 3713              		.loc 1 2480 9 is_stmt 1 view .LVU1282
2480:Drivers/STM32F1xx_HAL_Driver/Src/stm32f1xx_ll_usb.c ****       }
 3714              		.loc 1 2480 9 is_stmt 0 discriminator 16 view .LVU1283
 3715 05de 3E2B     		cmp	r3, #62
 3716 05e0 40F2D180 		bls	.L164
2480:Drivers/STM32F1xx_HAL_Driver/Src/stm32f1xx_ll_usb.c ****       }
 3717              		.loc 1 2480 9 is_stmt 1 discriminator 18 view .LVU1284
2480:Drivers/STM32F1xx_HAL_Driver/Src/stm32f1xx_ll_usb.c ****       }
 3718              		.loc 1 2480 9 discriminator 18 view .LVU1285
 3719 05e4 5909     		lsrs	r1, r3, #5
 3720              	.LVL425:
2480:Drivers/STM32F1xx_HAL_Driver/Src/stm32f1xx_ll_usb.c ****       }
 3721              		.loc 1 2480 9 view .LVU1286
2480:Drivers/STM32F1xx_HAL_Driver/Src/stm32f1xx_ll_usb.c ****       }
 3722              		.loc 1 2480 9 is_stmt 0 discriminator 18 view .LVU1287
 3723 05e6 13F01F0F 		tst	r3, #31
 3724 05ea 00D1     		bne	.L165
2480:Drivers/STM32F1xx_HAL_Driver/Src/stm32f1xx_ll_usb.c ****       }
 3725              		.loc 1 2480 9 is_stmt 1 discriminator 20 view .LVU1288
 3726 05ec 0139     		subs	r1, r1, #1
 3727              	.LVL426:
 3728              	.L165:
2480:Drivers/STM32F1xx_HAL_Driver/Src/stm32f1xx_ll_usb.c ****       }
 3729              		.loc 1 2480 9 discriminator 22 view .LVU1289
 3730 05ee B2F80C34 		ldrh	r3, [r2, #1036]
 3731              	.LVL427:
2480:Drivers/STM32F1xx_HAL_Driver/Src/stm32f1xx_ll_usb.c ****       }
 3732              		.loc 1 2480 9 is_stmt 0 discriminator 22 view .LVU1290
 3733 05f2 9BB2     		uxth	r3, r3
 3734 05f4 8902     		lsls	r1, r1, #10
 3735              	.LVL428:
2480:Drivers/STM32F1xx_HAL_Driver/Src/stm32f1xx_ll_usb.c ****       }
 3736              		.loc 1 2480 9 discriminator 22 view .LVU1291
 3737 05f6 89B2     		uxth	r1, r1
ARM GAS  C:\Users\subdia\AppData\Local\Temp\ccmLEiFj.s 			page 129


 3738 05f8 0B43     		orrs	r3, r3, r1
 3739 05fa 43F40043 		orr	r3, r3, #32768
 3740 05fe A2F80C34 		strh	r3, [r2, #1036]	@ movhi
2480:Drivers/STM32F1xx_HAL_Driver/Src/stm32f1xx_ll_usb.c ****       }
 3741              		.loc 1 2480 9 is_stmt 1 view .LVU1292
 3742 0602 2DE5     		b	.L139
 3743              	.LVL429:
 3744              	.L177:
2480:Drivers/STM32F1xx_HAL_Driver/Src/stm32f1xx_ll_usb.c ****       }
 3745              		.loc 1 2480 9 is_stmt 0 view .LVU1293
 3746              	.LBE109:
 3747              	.LBE108:
 3748              	.LBE107:
2450:Drivers/STM32F1xx_HAL_Driver/Src/stm32f1xx_ll_usb.c **** 
 3749              		.loc 1 2450 9 is_stmt 1 view .LVU1294
2450:Drivers/STM32F1xx_HAL_Driver/Src/stm32f1xx_ll_usb.c **** 
 3750              		.loc 1 2450 9 view .LVU1295
2450:Drivers/STM32F1xx_HAL_Driver/Src/stm32f1xx_ll_usb.c **** 
 3751              		.loc 1 2450 9 view .LVU1296
 3752 0604 F2B9     		cbnz	r2, .L143
2450:Drivers/STM32F1xx_HAL_Driver/Src/stm32f1xx_ll_usb.c **** 
 3753              		.loc 1 2450 9 discriminator 1 view .LVU1297
 3754              	.LBB112:
2450:Drivers/STM32F1xx_HAL_Driver/Src/stm32f1xx_ll_usb.c **** 
 3755              		.loc 1 2450 9 discriminator 1 view .LVU1298
 3756              	.LVL430:
2450:Drivers/STM32F1xx_HAL_Driver/Src/stm32f1xx_ll_usb.c **** 
 3757              		.loc 1 2450 9 view .LVU1299
2450:Drivers/STM32F1xx_HAL_Driver/Src/stm32f1xx_ll_usb.c **** 
 3758              		.loc 1 2450 9 view .LVU1300
2450:Drivers/STM32F1xx_HAL_Driver/Src/stm32f1xx_ll_usb.c **** 
 3759              		.loc 1 2450 9 is_stmt 0 discriminator 1 view .LVU1301
 3760 0606 B0F85030 		ldrh	r3, [r0, #80]
 3761 060a 9BB2     		uxth	r3, r3
 3762 060c 0344     		add	r3, r3, r0
 3763              	.LVL431:
2450:Drivers/STM32F1xx_HAL_Driver/Src/stm32f1xx_ll_usb.c **** 
 3764              		.loc 1 2450 9 is_stmt 1 view .LVU1302
2450:Drivers/STM32F1xx_HAL_Driver/Src/stm32f1xx_ll_usb.c **** 
 3765              		.loc 1 2450 9 is_stmt 0 discriminator 1 view .LVU1303
 3766 060e 0A78     		ldrb	r2, [r1]	@ zero_extendqisi2
 3767 0610 03EB0213 		add	r3, r3, r2, lsl #4
 3768              	.LVL432:
2450:Drivers/STM32F1xx_HAL_Driver/Src/stm32f1xx_ll_usb.c **** 
 3769              		.loc 1 2450 9 is_stmt 1 view .LVU1304
 3770              	.LBB113:
2450:Drivers/STM32F1xx_HAL_Driver/Src/stm32f1xx_ll_usb.c **** 
 3771              		.loc 1 2450 9 view .LVU1305
2450:Drivers/STM32F1xx_HAL_Driver/Src/stm32f1xx_ll_usb.c **** 
 3772              		.loc 1 2450 9 view .LVU1306
2450:Drivers/STM32F1xx_HAL_Driver/Src/stm32f1xx_ll_usb.c **** 
 3773              		.loc 1 2450 9 is_stmt 0 discriminator 1 view .LVU1307
 3774 0614 B3F80424 		ldrh	r2, [r3, #1028]
 3775 0618 C2F30902 		ubfx	r2, r2, #0, #10
 3776 061c A3F80424 		strh	r2, [r3, #1028]	@ movhi
2450:Drivers/STM32F1xx_HAL_Driver/Src/stm32f1xx_ll_usb.c **** 
 3777              		.loc 1 2450 9 is_stmt 1 view .LVU1308
ARM GAS  C:\Users\subdia\AppData\Local\Temp\ccmLEiFj.s 			page 130


2450:Drivers/STM32F1xx_HAL_Driver/Src/stm32f1xx_ll_usb.c **** 
 3778              		.loc 1 2450 9 is_stmt 0 discriminator 1 view .LVU1309
 3779 0620 0A69     		ldr	r2, [r1, #16]
 3780 0622 3E2A     		cmp	r2, #62
 3781 0624 31D9     		bls	.L144
2450:Drivers/STM32F1xx_HAL_Driver/Src/stm32f1xx_ll_usb.c **** 
 3782              		.loc 1 2450 9 is_stmt 1 discriminator 3 view .LVU1310
2450:Drivers/STM32F1xx_HAL_Driver/Src/stm32f1xx_ll_usb.c **** 
 3783              		.loc 1 2450 9 discriminator 3 view .LVU1311
 3784 0626 5109     		lsrs	r1, r2, #5
 3785              	.LVL433:
2450:Drivers/STM32F1xx_HAL_Driver/Src/stm32f1xx_ll_usb.c **** 
 3786              		.loc 1 2450 9 view .LVU1312
2450:Drivers/STM32F1xx_HAL_Driver/Src/stm32f1xx_ll_usb.c **** 
 3787              		.loc 1 2450 9 is_stmt 0 discriminator 3 view .LVU1313
 3788 0628 12F01F0F 		tst	r2, #31
 3789 062c 00D1     		bne	.L145
2450:Drivers/STM32F1xx_HAL_Driver/Src/stm32f1xx_ll_usb.c **** 
 3790              		.loc 1 2450 9 is_stmt 1 discriminator 5 view .LVU1314
 3791 062e 0139     		subs	r1, r1, #1
 3792              	.LVL434:
 3793              	.L145:
2450:Drivers/STM32F1xx_HAL_Driver/Src/stm32f1xx_ll_usb.c **** 
 3794              		.loc 1 2450 9 discriminator 7 view .LVU1315
 3795 0630 B3F80424 		ldrh	r2, [r3, #1028]
 3796 0634 92B2     		uxth	r2, r2
 3797 0636 8902     		lsls	r1, r1, #10
 3798              	.LVL435:
2450:Drivers/STM32F1xx_HAL_Driver/Src/stm32f1xx_ll_usb.c **** 
 3799              		.loc 1 2450 9 is_stmt 0 discriminator 7 view .LVU1316
 3800 0638 89B2     		uxth	r1, r1
 3801 063a 0A43     		orrs	r2, r2, r1
 3802 063c 42F40042 		orr	r2, r2, #32768
 3803 0640 A3F80424 		strh	r2, [r3, #1028]	@ movhi
2450:Drivers/STM32F1xx_HAL_Driver/Src/stm32f1xx_ll_usb.c **** 
 3804              		.loc 1 2450 9 is_stmt 1 view .LVU1317
 3805              	.LVL436:
 3806              	.L143:
2450:Drivers/STM32F1xx_HAL_Driver/Src/stm32f1xx_ll_usb.c **** 
 3807              		.loc 1 2450 9 is_stmt 0 view .LVU1318
 3808              	.LBE113:
 3809              	.LBE112:
2450:Drivers/STM32F1xx_HAL_Driver/Src/stm32f1xx_ll_usb.c **** 
 3810              		.loc 1 2450 9 is_stmt 1 discriminator 15 view .LVU1319
2450:Drivers/STM32F1xx_HAL_Driver/Src/stm32f1xx_ll_usb.c **** 
 3811              		.loc 1 2450 9 discriminator 15 view .LVU1320
2450:Drivers/STM32F1xx_HAL_Driver/Src/stm32f1xx_ll_usb.c **** 
 3812              		.loc 1 2450 9 discriminator 15 view .LVU1321
 3813              	.LBB115:
2450:Drivers/STM32F1xx_HAL_Driver/Src/stm32f1xx_ll_usb.c **** 
 3814              		.loc 1 2450 9 discriminator 15 view .LVU1322
2450:Drivers/STM32F1xx_HAL_Driver/Src/stm32f1xx_ll_usb.c **** 
 3815              		.loc 1 2450 9 view .LVU1323
2450:Drivers/STM32F1xx_HAL_Driver/Src/stm32f1xx_ll_usb.c **** 
 3816              		.loc 1 2450 9 view .LVU1324
2450:Drivers/STM32F1xx_HAL_Driver/Src/stm32f1xx_ll_usb.c **** 
 3817              		.loc 1 2450 9 is_stmt 0 discriminator 15 view .LVU1325
ARM GAS  C:\Users\subdia\AppData\Local\Temp\ccmLEiFj.s 			page 131


 3818 0644 6378     		ldrb	r3, [r4, #1]	@ zero_extendqisi2
 3819 0646 002B     		cmp	r3, #0
 3820 0648 51D1     		bne	.L148
2450:Drivers/STM32F1xx_HAL_Driver/Src/stm32f1xx_ll_usb.c **** 
 3821              		.loc 1 2450 9 is_stmt 1 discriminator 16 view .LVU1326
 3822              	.LBB116:
2450:Drivers/STM32F1xx_HAL_Driver/Src/stm32f1xx_ll_usb.c **** 
 3823              		.loc 1 2450 9 discriminator 16 view .LVU1327
 3824              	.LVL437:
2450:Drivers/STM32F1xx_HAL_Driver/Src/stm32f1xx_ll_usb.c **** 
 3825              		.loc 1 2450 9 view .LVU1328
2450:Drivers/STM32F1xx_HAL_Driver/Src/stm32f1xx_ll_usb.c **** 
 3826              		.loc 1 2450 9 view .LVU1329
2450:Drivers/STM32F1xx_HAL_Driver/Src/stm32f1xx_ll_usb.c **** 
 3827              		.loc 1 2450 9 is_stmt 0 discriminator 16 view .LVU1330
 3828 064a B5F85030 		ldrh	r3, [r5, #80]
 3829 064e 9BB2     		uxth	r3, r3
 3830 0650 2B44     		add	r3, r3, r5
 3831              	.LVL438:
2450:Drivers/STM32F1xx_HAL_Driver/Src/stm32f1xx_ll_usb.c **** 
 3832              		.loc 1 2450 9 is_stmt 1 view .LVU1331
2450:Drivers/STM32F1xx_HAL_Driver/Src/stm32f1xx_ll_usb.c **** 
 3833              		.loc 1 2450 9 is_stmt 0 discriminator 16 view .LVU1332
 3834 0652 2278     		ldrb	r2, [r4]	@ zero_extendqisi2
 3835 0654 03EB0213 		add	r3, r3, r2, lsl #4
 3836              	.LVL439:
2450:Drivers/STM32F1xx_HAL_Driver/Src/stm32f1xx_ll_usb.c **** 
 3837              		.loc 1 2450 9 is_stmt 1 view .LVU1333
 3838              	.LBB117:
2450:Drivers/STM32F1xx_HAL_Driver/Src/stm32f1xx_ll_usb.c **** 
 3839              		.loc 1 2450 9 view .LVU1334
2450:Drivers/STM32F1xx_HAL_Driver/Src/stm32f1xx_ll_usb.c **** 
 3840              		.loc 1 2450 9 view .LVU1335
2450:Drivers/STM32F1xx_HAL_Driver/Src/stm32f1xx_ll_usb.c **** 
 3841              		.loc 1 2450 9 is_stmt 0 discriminator 16 view .LVU1336
 3842 0658 B3F80C24 		ldrh	r2, [r3, #1036]
 3843 065c C2F30902 		ubfx	r2, r2, #0, #10
 3844 0660 A3F80C24 		strh	r2, [r3, #1036]	@ movhi
2450:Drivers/STM32F1xx_HAL_Driver/Src/stm32f1xx_ll_usb.c **** 
 3845              		.loc 1 2450 9 is_stmt 1 view .LVU1337
2450:Drivers/STM32F1xx_HAL_Driver/Src/stm32f1xx_ll_usb.c **** 
 3846              		.loc 1 2450 9 is_stmt 0 discriminator 16 view .LVU1338
 3847 0664 2269     		ldr	r2, [r4, #16]
 3848 0666 3E2A     		cmp	r2, #62
 3849 0668 28D9     		bls	.L149
2450:Drivers/STM32F1xx_HAL_Driver/Src/stm32f1xx_ll_usb.c **** 
 3850              		.loc 1 2450 9 is_stmt 1 discriminator 18 view .LVU1339
2450:Drivers/STM32F1xx_HAL_Driver/Src/stm32f1xx_ll_usb.c **** 
 3851              		.loc 1 2450 9 discriminator 18 view .LVU1340
 3852 066a 5109     		lsrs	r1, r2, #5
 3853              	.LVL440:
2450:Drivers/STM32F1xx_HAL_Driver/Src/stm32f1xx_ll_usb.c **** 
 3854              		.loc 1 2450 9 view .LVU1341
2450:Drivers/STM32F1xx_HAL_Driver/Src/stm32f1xx_ll_usb.c **** 
 3855              		.loc 1 2450 9 is_stmt 0 discriminator 18 view .LVU1342
 3856 066c 12F01F0F 		tst	r2, #31
 3857 0670 00D1     		bne	.L150
ARM GAS  C:\Users\subdia\AppData\Local\Temp\ccmLEiFj.s 			page 132


2450:Drivers/STM32F1xx_HAL_Driver/Src/stm32f1xx_ll_usb.c **** 
 3858              		.loc 1 2450 9 is_stmt 1 discriminator 20 view .LVU1343
 3859 0672 0139     		subs	r1, r1, #1
 3860              	.LVL441:
 3861              	.L150:
2450:Drivers/STM32F1xx_HAL_Driver/Src/stm32f1xx_ll_usb.c **** 
 3862              		.loc 1 2450 9 discriminator 22 view .LVU1344
 3863 0674 B3F80C24 		ldrh	r2, [r3, #1036]
 3864 0678 92B2     		uxth	r2, r2
 3865 067a 8902     		lsls	r1, r1, #10
 3866              	.LVL442:
2450:Drivers/STM32F1xx_HAL_Driver/Src/stm32f1xx_ll_usb.c **** 
 3867              		.loc 1 2450 9 is_stmt 0 discriminator 22 view .LVU1345
 3868 067c 89B2     		uxth	r1, r1
 3869 067e 0A43     		orrs	r2, r2, r1
 3870 0680 42F40042 		orr	r2, r2, #32768
 3871 0684 A3F80C24 		strh	r2, [r3, #1036]	@ movhi
2450:Drivers/STM32F1xx_HAL_Driver/Src/stm32f1xx_ll_usb.c **** 
 3872              		.loc 1 2450 9 is_stmt 1 view .LVU1346
 3873 0688 33E0     		b	.L151
 3874              	.LVL443:
 3875              	.L144:
2450:Drivers/STM32F1xx_HAL_Driver/Src/stm32f1xx_ll_usb.c **** 
 3876              		.loc 1 2450 9 is_stmt 0 view .LVU1347
 3877              	.LBE117:
 3878              	.LBE116:
 3879              	.LBE115:
 3880              	.LBB120:
 3881              	.LBB114:
2450:Drivers/STM32F1xx_HAL_Driver/Src/stm32f1xx_ll_usb.c **** 
 3882              		.loc 1 2450 9 is_stmt 1 discriminator 4 view .LVU1348
 3883 068a 4AB9     		cbnz	r2, .L146
2450:Drivers/STM32F1xx_HAL_Driver/Src/stm32f1xx_ll_usb.c **** 
 3884              		.loc 1 2450 9 discriminator 8 view .LVU1349
 3885 068c B3F80424 		ldrh	r2, [r3, #1028]
 3886 0690 6FEA4242 		mvn	r2, r2, lsl #17
 3887 0694 6FEA5242 		mvn	r2, r2, lsr #17
 3888 0698 92B2     		uxth	r2, r2
 3889 069a A3F80424 		strh	r2, [r3, #1028]	@ movhi
 3890 069e D1E7     		b	.L143
 3891              	.L146:
2450:Drivers/STM32F1xx_HAL_Driver/Src/stm32f1xx_ll_usb.c **** 
 3892              		.loc 1 2450 9 discriminator 9 view .LVU1350
2450:Drivers/STM32F1xx_HAL_Driver/Src/stm32f1xx_ll_usb.c **** 
 3893              		.loc 1 2450 9 discriminator 9 view .LVU1351
 3894 06a0 5108     		lsrs	r1, r2, #1
 3895              	.LVL444:
2450:Drivers/STM32F1xx_HAL_Driver/Src/stm32f1xx_ll_usb.c **** 
 3896              		.loc 1 2450 9 view .LVU1352
2450:Drivers/STM32F1xx_HAL_Driver/Src/stm32f1xx_ll_usb.c **** 
 3897              		.loc 1 2450 9 is_stmt 0 discriminator 9 view .LVU1353
 3898 06a2 12F0010F 		tst	r2, #1
 3899 06a6 00D0     		beq	.L147
2450:Drivers/STM32F1xx_HAL_Driver/Src/stm32f1xx_ll_usb.c **** 
 3900              		.loc 1 2450 9 is_stmt 1 discriminator 10 view .LVU1354
 3901 06a8 0131     		adds	r1, r1, #1
 3902              	.LVL445:
ARM GAS  C:\Users\subdia\AppData\Local\Temp\ccmLEiFj.s 			page 133


 3903              	.L147:
2450:Drivers/STM32F1xx_HAL_Driver/Src/stm32f1xx_ll_usb.c **** 
 3904              		.loc 1 2450 9 discriminator 12 view .LVU1355
 3905 06aa B3F80424 		ldrh	r2, [r3, #1028]
 3906 06ae 90B2     		uxth	r0, r2
 3907              	.LVL446:
2450:Drivers/STM32F1xx_HAL_Driver/Src/stm32f1xx_ll_usb.c **** 
 3908              		.loc 1 2450 9 is_stmt 0 discriminator 12 view .LVU1356
 3909 06b0 8A02     		lsls	r2, r1, #10
 3910 06b2 92B2     		uxth	r2, r2
 3911 06b4 0243     		orrs	r2, r2, r0
 3912 06b6 A3F80424 		strh	r2, [r3, #1028]	@ movhi
 3913 06ba C3E7     		b	.L143
 3914              	.LVL447:
 3915              	.L149:
2450:Drivers/STM32F1xx_HAL_Driver/Src/stm32f1xx_ll_usb.c **** 
 3916              		.loc 1 2450 9 discriminator 12 view .LVU1357
 3917              	.LBE114:
 3918              	.LBE120:
 3919              	.LBB121:
 3920              	.LBB119:
 3921              	.LBB118:
2450:Drivers/STM32F1xx_HAL_Driver/Src/stm32f1xx_ll_usb.c **** 
 3922              		.loc 1 2450 9 is_stmt 1 discriminator 19 view .LVU1358
 3923 06bc 4AB9     		cbnz	r2, .L152
2450:Drivers/STM32F1xx_HAL_Driver/Src/stm32f1xx_ll_usb.c **** 
 3924              		.loc 1 2450 9 discriminator 23 view .LVU1359
 3925 06be B3F80C24 		ldrh	r2, [r3, #1036]
 3926 06c2 6FEA4242 		mvn	r2, r2, lsl #17
 3927 06c6 6FEA5242 		mvn	r2, r2, lsr #17
 3928 06ca 92B2     		uxth	r2, r2
 3929 06cc A3F80C24 		strh	r2, [r3, #1036]	@ movhi
 3930 06d0 0FE0     		b	.L151
 3931              	.L152:
2450:Drivers/STM32F1xx_HAL_Driver/Src/stm32f1xx_ll_usb.c **** 
 3932              		.loc 1 2450 9 discriminator 24 view .LVU1360
2450:Drivers/STM32F1xx_HAL_Driver/Src/stm32f1xx_ll_usb.c **** 
 3933              		.loc 1 2450 9 discriminator 24 view .LVU1361
 3934 06d2 5108     		lsrs	r1, r2, #1
 3935              	.LVL448:
2450:Drivers/STM32F1xx_HAL_Driver/Src/stm32f1xx_ll_usb.c **** 
 3936              		.loc 1 2450 9 view .LVU1362
2450:Drivers/STM32F1xx_HAL_Driver/Src/stm32f1xx_ll_usb.c **** 
 3937              		.loc 1 2450 9 is_stmt 0 discriminator 24 view .LVU1363
 3938 06d4 12F0010F 		tst	r2, #1
 3939 06d8 00D0     		beq	.L153
2450:Drivers/STM32F1xx_HAL_Driver/Src/stm32f1xx_ll_usb.c **** 
 3940              		.loc 1 2450 9 is_stmt 1 discriminator 25 view .LVU1364
 3941 06da 0131     		adds	r1, r1, #1
 3942              	.LVL449:
 3943              	.L153:
2450:Drivers/STM32F1xx_HAL_Driver/Src/stm32f1xx_ll_usb.c **** 
 3944              		.loc 1 2450 9 discriminator 27 view .LVU1365
 3945 06dc B3F80C24 		ldrh	r2, [r3, #1036]
 3946 06e0 90B2     		uxth	r0, r2
 3947 06e2 8A02     		lsls	r2, r1, #10
 3948 06e4 92B2     		uxth	r2, r2
ARM GAS  C:\Users\subdia\AppData\Local\Temp\ccmLEiFj.s 			page 134


 3949 06e6 0243     		orrs	r2, r2, r0
 3950 06e8 A3F80C24 		strh	r2, [r3, #1036]	@ movhi
 3951 06ec 01E0     		b	.L151
 3952              	.LVL450:
 3953              	.L148:
2450:Drivers/STM32F1xx_HAL_Driver/Src/stm32f1xx_ll_usb.c **** 
 3954              		.loc 1 2450 9 is_stmt 0 discriminator 27 view .LVU1366
 3955              	.LBE118:
 3956              	.LBE119:
2450:Drivers/STM32F1xx_HAL_Driver/Src/stm32f1xx_ll_usb.c **** 
 3957              		.loc 1 2450 9 is_stmt 1 discriminator 17 view .LVU1367
 3958 06ee 012B     		cmp	r3, #1
 3959 06f0 1CD0     		beq	.L178
 3960              	.LVL451:
 3961              	.L151:
2450:Drivers/STM32F1xx_HAL_Driver/Src/stm32f1xx_ll_usb.c **** 
 3962              		.loc 1 2450 9 is_stmt 0 discriminator 17 view .LVU1368
 3963              	.LBE121:
2450:Drivers/STM32F1xx_HAL_Driver/Src/stm32f1xx_ll_usb.c **** 
 3964              		.loc 1 2450 9 is_stmt 1 view .LVU1369
2450:Drivers/STM32F1xx_HAL_Driver/Src/stm32f1xx_ll_usb.c **** 
 3965              		.loc 1 2450 9 view .LVU1370
2453:Drivers/STM32F1xx_HAL_Driver/Src/stm32f1xx_ll_usb.c ****         {
 3966              		.loc 1 2453 9 view .LVU1371
2453:Drivers/STM32F1xx_HAL_Driver/Src/stm32f1xx_ll_usb.c ****         {
 3967              		.loc 1 2453 15 is_stmt 0 view .LVU1372
 3968 06f2 E369     		ldr	r3, [r4, #28]
2453:Drivers/STM32F1xx_HAL_Driver/Src/stm32f1xx_ll_usb.c ****         {
 3969              		.loc 1 2453 12 view .LVU1373
 3970 06f4 002B     		cmp	r3, #0
 3971 06f6 3FF4B3AC 		beq	.L139
2456:Drivers/STM32F1xx_HAL_Driver/Src/stm32f1xx_ll_usb.c **** 
 3972              		.loc 1 2456 11 is_stmt 1 view .LVU1374
2456:Drivers/STM32F1xx_HAL_Driver/Src/stm32f1xx_ll_usb.c **** 
 3973              		.loc 1 2456 20 is_stmt 0 view .LVU1375
 3974 06fa 2278     		ldrb	r2, [r4]	@ zero_extendqisi2
2456:Drivers/STM32F1xx_HAL_Driver/Src/stm32f1xx_ll_usb.c **** 
 3975              		.loc 1 2456 18 view .LVU1376
 3976 06fc 35F82230 		ldrh	r3, [r5, r2, lsl #2]
 3977 0700 99B2     		uxth	r1, r3
 3978              	.LVL452:
2459:Drivers/STM32F1xx_HAL_Driver/Src/stm32f1xx_ll_usb.c ****               (((wEPVal & USB_EP_DTOG_RX) == 0U) && ((wEPVal & USB_EP_DTOG_TX) == 0U)))
 3979              		.loc 1 2459 11 is_stmt 1 view .LVU1377
2459:Drivers/STM32F1xx_HAL_Driver/Src/stm32f1xx_ll_usb.c ****               (((wEPVal & USB_EP_DTOG_RX) == 0U) && ((wEPVal & USB_EP_DTOG_TX) == 0U)))
 3980              		.loc 1 2459 14 is_stmt 0 view .LVU1378
 3981 0702 13F4804F 		tst	r3, #16384
 3982 0706 1CD0     		beq	.L154
2459:Drivers/STM32F1xx_HAL_Driver/Src/stm32f1xx_ll_usb.c ****               (((wEPVal & USB_EP_DTOG_RX) == 0U) && ((wEPVal & USB_EP_DTOG_TX) == 0U)))
 3983              		.loc 1 2459 50 discriminator 1 view .LVU1379
 3984 0708 11F0400F 		tst	r1, #64
 3985 070c 3FF4A8AC 		beq	.L139
 3986              	.L155:
2462:Drivers/STM32F1xx_HAL_Driver/Src/stm32f1xx_ll_usb.c ****           }
 3987              		.loc 1 2462 13 is_stmt 1 view .LVU1380
2462:Drivers/STM32F1xx_HAL_Driver/Src/stm32f1xx_ll_usb.c ****           }
 3988              		.loc 1 2462 13 view .LVU1381
2462:Drivers/STM32F1xx_HAL_Driver/Src/stm32f1xx_ll_usb.c ****           }
ARM GAS  C:\Users\subdia\AppData\Local\Temp\ccmLEiFj.s 			page 135


 3989              		.loc 1 2462 13 discriminator 1 view .LVU1382
 3990              	.LBB122:
2462:Drivers/STM32F1xx_HAL_Driver/Src/stm32f1xx_ll_usb.c ****           }
 3991              		.loc 1 2462 13 discriminator 1 view .LVU1383
2462:Drivers/STM32F1xx_HAL_Driver/Src/stm32f1xx_ll_usb.c ****           }
 3992              		.loc 1 2462 13 discriminator 1 view .LVU1384
 3993 0710 35F82230 		ldrh	r3, [r5, r2, lsl #2]
 3994 0714 9BB2     		uxth	r3, r3
 3995 0716 23F4E043 		bic	r3, r3, #28672
 3996 071a 23F07003 		bic	r3, r3, #112
 3997              	.LVL453:
2462:Drivers/STM32F1xx_HAL_Driver/Src/stm32f1xx_ll_usb.c ****           }
 3998              		.loc 1 2462 13 view .LVU1385
2462:Drivers/STM32F1xx_HAL_Driver/Src/stm32f1xx_ll_usb.c ****           }
 3999              		.loc 1 2462 13 is_stmt 0 discriminator 1 view .LVU1386
 4000 071e 43F40043 		orr	r3, r3, #32768
 4001              	.LVL454:
2462:Drivers/STM32F1xx_HAL_Driver/Src/stm32f1xx_ll_usb.c ****           }
 4002              		.loc 1 2462 13 discriminator 1 view .LVU1387
 4003 0722 43F0C003 		orr	r3, r3, #192
 4004 0726 25F82230 		strh	r3, [r5, r2, lsl #2]	@ movhi
 4005              	.LBE122:
2462:Drivers/STM32F1xx_HAL_Driver/Src/stm32f1xx_ll_usb.c ****           }
 4006              		.loc 1 2462 13 is_stmt 1 view .LVU1388
 4007 072a 99E4     		b	.L139
 4008              	.LVL455:
 4009              	.L178:
 4010              	.LBB123:
2450:Drivers/STM32F1xx_HAL_Driver/Src/stm32f1xx_ll_usb.c **** 
 4011              		.loc 1 2450 9 discriminator 28 view .LVU1389
 4012 072c B5F85030 		ldrh	r3, [r5, #80]
 4013 0730 9BB2     		uxth	r3, r3
 4014 0732 2B44     		add	r3, r3, r5
 4015              	.LVL456:
2450:Drivers/STM32F1xx_HAL_Driver/Src/stm32f1xx_ll_usb.c **** 
 4016              		.loc 1 2450 9 view .LVU1390
2450:Drivers/STM32F1xx_HAL_Driver/Src/stm32f1xx_ll_usb.c **** 
 4017              		.loc 1 2450 9 is_stmt 0 discriminator 28 view .LVU1391
 4018 0734 2278     		ldrb	r2, [r4]	@ zero_extendqisi2
 4019 0736 03EB0213 		add	r3, r3, r2, lsl #4
 4020              	.LVL457:
2450:Drivers/STM32F1xx_HAL_Driver/Src/stm32f1xx_ll_usb.c **** 
 4021              		.loc 1 2450 9 is_stmt 1 view .LVU1392
2450:Drivers/STM32F1xx_HAL_Driver/Src/stm32f1xx_ll_usb.c **** 
 4022              		.loc 1 2450 9 is_stmt 0 discriminator 28 view .LVU1393
 4023 073a 228A     		ldrh	r2, [r4, #16]
 4024 073c A3F80C24 		strh	r2, [r3, #1036]	@ movhi
 4025 0740 D7E7     		b	.L151
 4026              	.LVL458:
 4027              	.L154:
2450:Drivers/STM32F1xx_HAL_Driver/Src/stm32f1xx_ll_usb.c **** 
 4028              		.loc 1 2450 9 discriminator 28 view .LVU1394
 4029              	.LBE123:
2460:Drivers/STM32F1xx_HAL_Driver/Src/stm32f1xx_ll_usb.c ****           {
 4030              		.loc 1 2460 50 view .LVU1395
 4031 0742 11F0400F 		tst	r1, #64
 4032 0746 7FF48BAC 		bne	.L139
ARM GAS  C:\Users\subdia\AppData\Local\Temp\ccmLEiFj.s 			page 136


 4033 074a E1E7     		b	.L155
 4034              	.LVL459:
 4035              	.L156:
2477:Drivers/STM32F1xx_HAL_Driver/Src/stm32f1xx_ll_usb.c ****           ep->xfer_len = 0U;
 4036              		.loc 1 2477 11 is_stmt 1 view .LVU1396
2478:Drivers/STM32F1xx_HAL_Driver/Src/stm32f1xx_ll_usb.c ****         }
 4037              		.loc 1 2478 11 view .LVU1397
2478:Drivers/STM32F1xx_HAL_Driver/Src/stm32f1xx_ll_usb.c ****         }
 4038              		.loc 1 2478 24 is_stmt 0 view .LVU1398
 4039 074c 0023     		movs	r3, #0
 4040 074e A361     		str	r3, [r4, #24]
2477:Drivers/STM32F1xx_HAL_Driver/Src/stm32f1xx_ll_usb.c ****           ep->xfer_len = 0U;
 4041              		.loc 1 2477 15 view .LVU1399
 4042 0750 0B46     		mov	r3, r1
 4043 0752 13E7     		b	.L157
 4044              	.LVL460:
 4045              	.L159:
 4046              	.LBB124:
 4047              	.LBB106:
2480:Drivers/STM32F1xx_HAL_Driver/Src/stm32f1xx_ll_usb.c ****       }
 4048              		.loc 1 2480 9 is_stmt 1 discriminator 4 view .LVU1400
 4049 0754 4BB9     		cbnz	r3, .L161
2480:Drivers/STM32F1xx_HAL_Driver/Src/stm32f1xx_ll_usb.c ****       }
 4050              		.loc 1 2480 9 discriminator 8 view .LVU1401
 4051 0756 B2F80414 		ldrh	r1, [r2, #1028]
 4052 075a 6FEA4141 		mvn	r1, r1, lsl #17
 4053 075e 6FEA5141 		mvn	r1, r1, lsr #17
 4054 0762 89B2     		uxth	r1, r1
 4055 0764 A2F80414 		strh	r1, [r2, #1028]	@ movhi
 4056 0768 28E7     		b	.L158
 4057              	.L161:
2480:Drivers/STM32F1xx_HAL_Driver/Src/stm32f1xx_ll_usb.c ****       }
 4058              		.loc 1 2480 9 discriminator 9 view .LVU1402
2480:Drivers/STM32F1xx_HAL_Driver/Src/stm32f1xx_ll_usb.c ****       }
 4059              		.loc 1 2480 9 discriminator 9 view .LVU1403
 4060 076a 5908     		lsrs	r1, r3, #1
 4061              	.LVL461:
2480:Drivers/STM32F1xx_HAL_Driver/Src/stm32f1xx_ll_usb.c ****       }
 4062              		.loc 1 2480 9 view .LVU1404
2480:Drivers/STM32F1xx_HAL_Driver/Src/stm32f1xx_ll_usb.c ****       }
 4063              		.loc 1 2480 9 is_stmt 0 discriminator 9 view .LVU1405
 4064 076c 13F0010F 		tst	r3, #1
 4065 0770 00D0     		beq	.L162
2480:Drivers/STM32F1xx_HAL_Driver/Src/stm32f1xx_ll_usb.c ****       }
 4066              		.loc 1 2480 9 is_stmt 1 discriminator 10 view .LVU1406
 4067 0772 0131     		adds	r1, r1, #1
 4068              	.LVL462:
 4069              	.L162:
2480:Drivers/STM32F1xx_HAL_Driver/Src/stm32f1xx_ll_usb.c ****       }
 4070              		.loc 1 2480 9 discriminator 12 view .LVU1407
 4071 0774 B2F80404 		ldrh	r0, [r2, #1028]
 4072              	.LVL463:
2480:Drivers/STM32F1xx_HAL_Driver/Src/stm32f1xx_ll_usb.c ****       }
 4073              		.loc 1 2480 9 is_stmt 0 discriminator 12 view .LVU1408
 4074 0778 80B2     		uxth	r0, r0
 4075 077a 8902     		lsls	r1, r1, #10
 4076              	.LVL464:
ARM GAS  C:\Users\subdia\AppData\Local\Temp\ccmLEiFj.s 			page 137


2480:Drivers/STM32F1xx_HAL_Driver/Src/stm32f1xx_ll_usb.c ****       }
 4077              		.loc 1 2480 9 discriminator 12 view .LVU1409
 4078 077c 89B2     		uxth	r1, r1
 4079 077e 0143     		orrs	r1, r1, r0
 4080 0780 A2F80414 		strh	r1, [r2, #1028]	@ movhi
 4081 0784 1AE7     		b	.L158
 4082              	.LVL465:
 4083              	.L164:
2480:Drivers/STM32F1xx_HAL_Driver/Src/stm32f1xx_ll_usb.c ****       }
 4084              		.loc 1 2480 9 discriminator 12 view .LVU1410
 4085              	.LBE106:
 4086              	.LBE124:
 4087              	.LBB125:
 4088              	.LBB111:
 4089              	.LBB110:
2480:Drivers/STM32F1xx_HAL_Driver/Src/stm32f1xx_ll_usb.c ****       }
 4090              		.loc 1 2480 9 is_stmt 1 discriminator 19 view .LVU1411
 4091 0786 4BB9     		cbnz	r3, .L166
2480:Drivers/STM32F1xx_HAL_Driver/Src/stm32f1xx_ll_usb.c ****       }
 4092              		.loc 1 2480 9 discriminator 23 view .LVU1412
 4093 0788 B2F80C34 		ldrh	r3, [r2, #1036]
 4094              	.LVL466:
2480:Drivers/STM32F1xx_HAL_Driver/Src/stm32f1xx_ll_usb.c ****       }
 4095              		.loc 1 2480 9 is_stmt 0 discriminator 23 view .LVU1413
 4096 078c 6FEA4343 		mvn	r3, r3, lsl #17
 4097 0790 6FEA5343 		mvn	r3, r3, lsr #17
 4098 0794 9BB2     		uxth	r3, r3
 4099 0796 A2F80C34 		strh	r3, [r2, #1036]	@ movhi
 4100 079a 61E4     		b	.L139
 4101              	.LVL467:
 4102              	.L166:
2480:Drivers/STM32F1xx_HAL_Driver/Src/stm32f1xx_ll_usb.c ****       }
 4103              		.loc 1 2480 9 is_stmt 1 discriminator 24 view .LVU1414
2480:Drivers/STM32F1xx_HAL_Driver/Src/stm32f1xx_ll_usb.c ****       }
 4104              		.loc 1 2480 9 discriminator 24 view .LVU1415
 4105 079c 5908     		lsrs	r1, r3, #1
 4106              	.LVL468:
2480:Drivers/STM32F1xx_HAL_Driver/Src/stm32f1xx_ll_usb.c ****       }
 4107              		.loc 1 2480 9 view .LVU1416
2480:Drivers/STM32F1xx_HAL_Driver/Src/stm32f1xx_ll_usb.c ****       }
 4108              		.loc 1 2480 9 is_stmt 0 discriminator 24 view .LVU1417
 4109 079e 13F0010F 		tst	r3, #1
 4110 07a2 00D0     		beq	.L167
2480:Drivers/STM32F1xx_HAL_Driver/Src/stm32f1xx_ll_usb.c ****       }
 4111              		.loc 1 2480 9 is_stmt 1 discriminator 25 view .LVU1418
 4112 07a4 0131     		adds	r1, r1, #1
 4113              	.LVL469:
 4114              	.L167:
2480:Drivers/STM32F1xx_HAL_Driver/Src/stm32f1xx_ll_usb.c ****       }
 4115              		.loc 1 2480 9 discriminator 27 view .LVU1419
 4116 07a6 B2F80C34 		ldrh	r3, [r2, #1036]
 4117              	.LVL470:
2480:Drivers/STM32F1xx_HAL_Driver/Src/stm32f1xx_ll_usb.c ****       }
 4118              		.loc 1 2480 9 is_stmt 0 discriminator 27 view .LVU1420
 4119 07aa 98B2     		uxth	r0, r3
 4120 07ac 8B02     		lsls	r3, r1, #10
 4121 07ae 9BB2     		uxth	r3, r3
ARM GAS  C:\Users\subdia\AppData\Local\Temp\ccmLEiFj.s 			page 138


 4122 07b0 0343     		orrs	r3, r3, r0
 4123 07b2 A2F80C34 		strh	r3, [r2, #1036]	@ movhi
 4124 07b6 53E4     		b	.L139
 4125              	.LVL471:
 4126              	.L163:
2480:Drivers/STM32F1xx_HAL_Driver/Src/stm32f1xx_ll_usb.c ****       }
 4127              		.loc 1 2480 9 discriminator 27 view .LVU1421
 4128              	.LBE110:
 4129              	.LBE111:
2480:Drivers/STM32F1xx_HAL_Driver/Src/stm32f1xx_ll_usb.c ****       }
 4130              		.loc 1 2480 9 is_stmt 1 discriminator 17 view .LVU1422
 4131 07b8 012A     		cmp	r2, #1
 4132 07ba 7FF451AC 		bne	.L139
2480:Drivers/STM32F1xx_HAL_Driver/Src/stm32f1xx_ll_usb.c ****       }
 4133              		.loc 1 2480 9 discriminator 28 view .LVU1423
 4134 07be B5F85020 		ldrh	r2, [r5, #80]
 4135 07c2 92B2     		uxth	r2, r2
 4136 07c4 2A44     		add	r2, r2, r5
 4137              	.LVL472:
2480:Drivers/STM32F1xx_HAL_Driver/Src/stm32f1xx_ll_usb.c ****       }
 4138              		.loc 1 2480 9 view .LVU1424
2480:Drivers/STM32F1xx_HAL_Driver/Src/stm32f1xx_ll_usb.c ****       }
 4139              		.loc 1 2480 9 is_stmt 0 discriminator 28 view .LVU1425
 4140 07c6 2178     		ldrb	r1, [r4]	@ zero_extendqisi2
 4141 07c8 02EB0112 		add	r2, r2, r1, lsl #4
 4142              	.LVL473:
2480:Drivers/STM32F1xx_HAL_Driver/Src/stm32f1xx_ll_usb.c ****       }
 4143              		.loc 1 2480 9 is_stmt 1 view .LVU1426
2480:Drivers/STM32F1xx_HAL_Driver/Src/stm32f1xx_ll_usb.c ****       }
 4144              		.loc 1 2480 9 is_stmt 0 discriminator 28 view .LVU1427
 4145 07cc 9BB2     		uxth	r3, r3
 4146              	.LVL474:
2480:Drivers/STM32F1xx_HAL_Driver/Src/stm32f1xx_ll_usb.c ****       }
 4147              		.loc 1 2480 9 discriminator 28 view .LVU1428
 4148 07ce A2F80C34 		strh	r3, [r2, #1036]	@ movhi
 4149 07d2 45E4     		b	.L139
 4150              	.LVL475:
 4151              	.L168:
2480:Drivers/STM32F1xx_HAL_Driver/Src/stm32f1xx_ll_usb.c ****       }
 4152              		.loc 1 2480 9 discriminator 28 view .LVU1429
 4153              	.LBE125:
2484:Drivers/STM32F1xx_HAL_Driver/Src/stm32f1xx_ll_usb.c ****       }
 4154              		.loc 1 2484 16 view .LVU1430
 4155 07d4 0120     		movs	r0, #1
 4156              	.LVL476:
2484:Drivers/STM32F1xx_HAL_Driver/Src/stm32f1xx_ll_usb.c ****       }
 4157              		.loc 1 2484 16 view .LVU1431
 4158 07d6 54E4     		b	.L133
 4159              		.cfi_endproc
 4160              	.LFE74:
 4162              		.section	.text.USB_ReadPMA,"ax",%progbits
 4163              		.align	1
 4164              		.global	USB_ReadPMA
 4165              		.syntax unified
 4166              		.thumb
 4167              		.thumb_func
 4169              	USB_ReadPMA:
ARM GAS  C:\Users\subdia\AppData\Local\Temp\ccmLEiFj.s 			page 139


 4170              	.LVL477:
 4171              	.LFB92:
2843:Drivers/STM32F1xx_HAL_Driver/Src/stm32f1xx_ll_usb.c **** 
2844:Drivers/STM32F1xx_HAL_Driver/Src/stm32f1xx_ll_usb.c **** /**
2845:Drivers/STM32F1xx_HAL_Driver/Src/stm32f1xx_ll_usb.c ****   * @brief Copy data from packet memory area (PMA) to user memory buffer
2846:Drivers/STM32F1xx_HAL_Driver/Src/stm32f1xx_ll_usb.c ****   * @param   USBx USB peripheral instance register address.
2847:Drivers/STM32F1xx_HAL_Driver/Src/stm32f1xx_ll_usb.c ****   * @param   pbUsrBuf pointer to user memory area.
2848:Drivers/STM32F1xx_HAL_Driver/Src/stm32f1xx_ll_usb.c ****   * @param   wPMABufAddr address into PMA.
2849:Drivers/STM32F1xx_HAL_Driver/Src/stm32f1xx_ll_usb.c ****   * @param   wNBytes no. of bytes to be copied.
2850:Drivers/STM32F1xx_HAL_Driver/Src/stm32f1xx_ll_usb.c ****   * @retval None
2851:Drivers/STM32F1xx_HAL_Driver/Src/stm32f1xx_ll_usb.c ****   */
2852:Drivers/STM32F1xx_HAL_Driver/Src/stm32f1xx_ll_usb.c **** void USB_ReadPMA(USB_TypeDef const *USBx, uint8_t *pbUsrBuf, uint16_t wPMABufAddr, uint16_t wNBytes
2853:Drivers/STM32F1xx_HAL_Driver/Src/stm32f1xx_ll_usb.c **** {
 4172              		.loc 1 2853 1 is_stmt 1 view -0
 4173              		.cfi_startproc
 4174              		@ args = 0, pretend = 0, frame = 0
 4175              		@ frame_needed = 0, uses_anonymous_args = 0
 4176              		@ link register save eliminated.
 4177              		.loc 1 2853 1 is_stmt 0 view .LVU1433
 4178 0000 9C46     		mov	ip, r3
2854:Drivers/STM32F1xx_HAL_Driver/Src/stm32f1xx_ll_usb.c ****   uint32_t n = (uint32_t)wNBytes >> 1;
 4179              		.loc 1 2854 3 is_stmt 1 view .LVU1434
 4180              		.loc 1 2854 34 is_stmt 0 view .LVU1435
 4181 0002 5B08     		lsrs	r3, r3, #1
 4182              	.LVL478:
2855:Drivers/STM32F1xx_HAL_Driver/Src/stm32f1xx_ll_usb.c ****   uint32_t BaseAddr = (uint32_t)USBx;
 4183              		.loc 1 2855 3 is_stmt 1 view .LVU1436
2856:Drivers/STM32F1xx_HAL_Driver/Src/stm32f1xx_ll_usb.c ****   uint32_t count;
 4184              		.loc 1 2856 3 view .LVU1437
2857:Drivers/STM32F1xx_HAL_Driver/Src/stm32f1xx_ll_usb.c ****   uint32_t RdVal;
 4185              		.loc 1 2857 3 view .LVU1438
2858:Drivers/STM32F1xx_HAL_Driver/Src/stm32f1xx_ll_usb.c ****   __IO uint16_t *pdwVal;
 4186              		.loc 1 2858 3 view .LVU1439
2859:Drivers/STM32F1xx_HAL_Driver/Src/stm32f1xx_ll_usb.c ****   uint8_t *pBuf = pbUsrBuf;
 4187              		.loc 1 2859 3 view .LVU1440
2860:Drivers/STM32F1xx_HAL_Driver/Src/stm32f1xx_ll_usb.c **** 
2861:Drivers/STM32F1xx_HAL_Driver/Src/stm32f1xx_ll_usb.c ****   pdwVal = (__IO uint16_t *)(BaseAddr + 0x400U + ((uint32_t)wPMABufAddr * PMA_ACCESS));
 4188              		.loc 1 2861 3 view .LVU1441
 4189              		.loc 1 2861 48 is_stmt 0 view .LVU1442
 4190 0004 00EB4200 		add	r0, r0, r2, lsl #1
 4191              	.LVL479:
 4192              		.loc 1 2861 48 view .LVU1443
 4193 0008 00F58060 		add	r0, r0, #1024
 4194              	.LVL480:
2862:Drivers/STM32F1xx_HAL_Driver/Src/stm32f1xx_ll_usb.c **** 
2863:Drivers/STM32F1xx_HAL_Driver/Src/stm32f1xx_ll_usb.c ****   for (count = n; count != 0U; count--)
 4195              		.loc 1 2863 3 is_stmt 1 view .LVU1444
 4196              		.loc 1 2863 3 is_stmt 0 view .LVU1445
 4197 000c 07E0     		b	.L180
 4198              	.LVL481:
 4199              	.L181:
2864:Drivers/STM32F1xx_HAL_Driver/Src/stm32f1xx_ll_usb.c ****   {
2865:Drivers/STM32F1xx_HAL_Driver/Src/stm32f1xx_ll_usb.c ****     RdVal = *(__IO uint16_t *)pdwVal;
 4200              		.loc 1 2865 5 is_stmt 1 view .LVU1446
 4201              		.loc 1 2865 13 is_stmt 0 view .LVU1447
 4202 000e 30F8042B 		ldrh	r2, [r0], #4
 4203              	.LVL482:
ARM GAS  C:\Users\subdia\AppData\Local\Temp\ccmLEiFj.s 			page 140


2866:Drivers/STM32F1xx_HAL_Driver/Src/stm32f1xx_ll_usb.c ****     pdwVal++;
 4204              		.loc 1 2866 5 is_stmt 1 view .LVU1448
2867:Drivers/STM32F1xx_HAL_Driver/Src/stm32f1xx_ll_usb.c ****     *pBuf = (uint8_t)((RdVal >> 0) & 0xFFU);
 4205              		.loc 1 2867 5 view .LVU1449
 4206              		.loc 1 2867 11 is_stmt 0 view .LVU1450
 4207 0012 0A70     		strb	r2, [r1]
2868:Drivers/STM32F1xx_HAL_Driver/Src/stm32f1xx_ll_usb.c ****     pBuf++;
 4208              		.loc 1 2868 5 is_stmt 1 view .LVU1451
 4209              	.LVL483:
2869:Drivers/STM32F1xx_HAL_Driver/Src/stm32f1xx_ll_usb.c ****     *pBuf = (uint8_t)((RdVal >> 8) & 0xFFU);
 4210              		.loc 1 2869 5 view .LVU1452
 4211              		.loc 1 2869 13 is_stmt 0 view .LVU1453
 4212 0014 C2F30722 		ubfx	r2, r2, #8, #8
 4213              	.LVL484:
 4214              		.loc 1 2869 11 view .LVU1454
 4215 0018 4A70     		strb	r2, [r1, #1]
2870:Drivers/STM32F1xx_HAL_Driver/Src/stm32f1xx_ll_usb.c ****     pBuf++;
 4216              		.loc 1 2870 5 is_stmt 1 view .LVU1455
 4217              		.loc 1 2870 9 is_stmt 0 view .LVU1456
 4218 001a 0231     		adds	r1, r1, #2
 4219              	.LVL485:
2871:Drivers/STM32F1xx_HAL_Driver/Src/stm32f1xx_ll_usb.c **** 
2872:Drivers/STM32F1xx_HAL_Driver/Src/stm32f1xx_ll_usb.c **** #if PMA_ACCESS > 1U
2873:Drivers/STM32F1xx_HAL_Driver/Src/stm32f1xx_ll_usb.c ****     pdwVal++;
 4220              		.loc 1 2873 5 is_stmt 1 view .LVU1457
2863:Drivers/STM32F1xx_HAL_Driver/Src/stm32f1xx_ll_usb.c ****   {
 4221              		.loc 1 2863 37 discriminator 3 view .LVU1458
 4222 001c 013B     		subs	r3, r3, #1
 4223              	.LVL486:
 4224              	.L180:
2863:Drivers/STM32F1xx_HAL_Driver/Src/stm32f1xx_ll_usb.c ****   {
 4225              		.loc 1 2863 25 discriminator 1 view .LVU1459
 4226 001e 002B     		cmp	r3, #0
 4227 0020 F5D1     		bne	.L181
2874:Drivers/STM32F1xx_HAL_Driver/Src/stm32f1xx_ll_usb.c **** #endif /* PMA_ACCESS */
2875:Drivers/STM32F1xx_HAL_Driver/Src/stm32f1xx_ll_usb.c ****   }
2876:Drivers/STM32F1xx_HAL_Driver/Src/stm32f1xx_ll_usb.c **** 
2877:Drivers/STM32F1xx_HAL_Driver/Src/stm32f1xx_ll_usb.c ****   if ((wNBytes % 2U) != 0U)
 4228              		.loc 1 2877 3 view .LVU1460
 4229              		.loc 1 2877 6 is_stmt 0 view .LVU1461
 4230 0022 1CF0010F 		tst	ip, #1
 4231 0026 01D0     		beq	.L179
2878:Drivers/STM32F1xx_HAL_Driver/Src/stm32f1xx_ll_usb.c ****   {
2879:Drivers/STM32F1xx_HAL_Driver/Src/stm32f1xx_ll_usb.c ****     RdVal = *pdwVal;
 4232              		.loc 1 2879 5 is_stmt 1 view .LVU1462
 4233              		.loc 1 2879 13 is_stmt 0 view .LVU1463
 4234 0028 0388     		ldrh	r3, [r0]
 4235              	.LVL487:
2880:Drivers/STM32F1xx_HAL_Driver/Src/stm32f1xx_ll_usb.c ****     *pBuf = (uint8_t)((RdVal >> 0) & 0xFFU);
 4236              		.loc 1 2880 5 is_stmt 1 view .LVU1464
 4237              		.loc 1 2880 11 is_stmt 0 view .LVU1465
 4238 002a 0B70     		strb	r3, [r1]
 4239              	.LVL488:
 4240              	.L179:
2881:Drivers/STM32F1xx_HAL_Driver/Src/stm32f1xx_ll_usb.c ****   }
2882:Drivers/STM32F1xx_HAL_Driver/Src/stm32f1xx_ll_usb.c **** }
 4241              		.loc 1 2882 1 view .LVU1466
ARM GAS  C:\Users\subdia\AppData\Local\Temp\ccmLEiFj.s 			page 141


 4242 002c 7047     		bx	lr
 4243              		.cfi_endproc
 4244              	.LFE92:
 4246              		.text
 4247              	.Letext0:
 4248              		.file 2 "C:/GNUArmToolchain/arm-none-eabi-gcc-15.2.1/arm-none-eabi/include/machine/_default_types.
 4249              		.file 3 "C:/GNUArmToolchain/arm-none-eabi-gcc-15.2.1/arm-none-eabi/include/sys/_stdint.h"
 4250              		.file 4 "Drivers/CMSIS/Device/ST/STM32F1xx/Include/stm32f103xb.h"
 4251              		.file 5 "Drivers/STM32F1xx_HAL_Driver/Inc/stm32f1xx_hal_def.h"
 4252              		.file 6 "Drivers/STM32F1xx_HAL_Driver/Inc/stm32f1xx_ll_usb.h"
ARM GAS  C:\Users\subdia\AppData\Local\Temp\ccmLEiFj.s 			page 142


DEFINED SYMBOLS
                            *ABS*:00000000 stm32f1xx_ll_usb.c
C:\Users\subdia\AppData\Local\Temp\ccmLEiFj.s:19     .text.USB_CoreInit:00000000 $t
C:\Users\subdia\AppData\Local\Temp\ccmLEiFj.s:25     .text.USB_CoreInit:00000000 USB_CoreInit
C:\Users\subdia\AppData\Local\Temp\ccmLEiFj.s:55     .text.USB_EnableGlobalInt:00000000 $t
C:\Users\subdia\AppData\Local\Temp\ccmLEiFj.s:61     .text.USB_EnableGlobalInt:00000000 USB_EnableGlobalInt
C:\Users\subdia\AppData\Local\Temp\ccmLEiFj.s:91     .text.USB_DisableGlobalInt:00000000 $t
C:\Users\subdia\AppData\Local\Temp\ccmLEiFj.s:97     .text.USB_DisableGlobalInt:00000000 USB_DisableGlobalInt
C:\Users\subdia\AppData\Local\Temp\ccmLEiFj.s:126    .text.USB_SetCurrentMode:00000000 $t
C:\Users\subdia\AppData\Local\Temp\ccmLEiFj.s:132    .text.USB_SetCurrentMode:00000000 USB_SetCurrentMode
C:\Users\subdia\AppData\Local\Temp\ccmLEiFj.s:152    .text.USB_DevInit:00000000 $t
C:\Users\subdia\AppData\Local\Temp\ccmLEiFj.s:158    .text.USB_DevInit:00000000 USB_DevInit
C:\Users\subdia\AppData\Local\Temp\ccmLEiFj.s:201    .text.USB_FlushTxFifo:00000000 $t
C:\Users\subdia\AppData\Local\Temp\ccmLEiFj.s:207    .text.USB_FlushTxFifo:00000000 USB_FlushTxFifo
C:\Users\subdia\AppData\Local\Temp\ccmLEiFj.s:227    .text.USB_FlushRxFifo:00000000 $t
C:\Users\subdia\AppData\Local\Temp\ccmLEiFj.s:233    .text.USB_FlushRxFifo:00000000 USB_FlushRxFifo
C:\Users\subdia\AppData\Local\Temp\ccmLEiFj.s:252    .text.USB_ActivateEndpoint:00000000 $t
C:\Users\subdia\AppData\Local\Temp\ccmLEiFj.s:258    .text.USB_ActivateEndpoint:00000000 USB_ActivateEndpoint
C:\Users\subdia\AppData\Local\Temp\ccmLEiFj.s:1075   .text.USB_DeactivateEndpoint:00000000 $t
C:\Users\subdia\AppData\Local\Temp\ccmLEiFj.s:1081   .text.USB_DeactivateEndpoint:00000000 USB_DeactivateEndpoint
C:\Users\subdia\AppData\Local\Temp\ccmLEiFj.s:1491   .text.USB_EPSetStall:00000000 $t
C:\Users\subdia\AppData\Local\Temp\ccmLEiFj.s:1497   .text.USB_EPSetStall:00000000 USB_EPSetStall
C:\Users\subdia\AppData\Local\Temp\ccmLEiFj.s:1571   .text.USB_EPClearStall:00000000 $t
C:\Users\subdia\AppData\Local\Temp\ccmLEiFj.s:1577   .text.USB_EPClearStall:00000000 USB_EPClearStall
C:\Users\subdia\AppData\Local\Temp\ccmLEiFj.s:1735   .text.USB_EPStopXfer:00000000 $t
C:\Users\subdia\AppData\Local\Temp\ccmLEiFj.s:1741   .text.USB_EPStopXfer:00000000 USB_EPStopXfer
C:\Users\subdia\AppData\Local\Temp\ccmLEiFj.s:1885   .text.USB_StopDevice:00000000 $t
C:\Users\subdia\AppData\Local\Temp\ccmLEiFj.s:1891   .text.USB_StopDevice:00000000 USB_StopDevice
C:\Users\subdia\AppData\Local\Temp\ccmLEiFj.s:1922   .text.USB_SetDevAddress:00000000 $t
C:\Users\subdia\AppData\Local\Temp\ccmLEiFj.s:1928   .text.USB_SetDevAddress:00000000 USB_SetDevAddress
C:\Users\subdia\AppData\Local\Temp\ccmLEiFj.s:1954   .text.USB_DevConnect:00000000 $t
C:\Users\subdia\AppData\Local\Temp\ccmLEiFj.s:1960   .text.USB_DevConnect:00000000 USB_DevConnect
C:\Users\subdia\AppData\Local\Temp\ccmLEiFj.s:1979   .text.USB_DevDisconnect:00000000 $t
C:\Users\subdia\AppData\Local\Temp\ccmLEiFj.s:1985   .text.USB_DevDisconnect:00000000 USB_DevDisconnect
C:\Users\subdia\AppData\Local\Temp\ccmLEiFj.s:2004   .text.USB_ReadInterrupts:00000000 $t
C:\Users\subdia\AppData\Local\Temp\ccmLEiFj.s:2010   .text.USB_ReadInterrupts:00000000 USB_ReadInterrupts
C:\Users\subdia\AppData\Local\Temp\ccmLEiFj.s:2033   .text.USB_ReadDevAllOutEpInterrupt:00000000 $t
C:\Users\subdia\AppData\Local\Temp\ccmLEiFj.s:2039   .text.USB_ReadDevAllOutEpInterrupt:00000000 USB_ReadDevAllOutEpInterrupt
C:\Users\subdia\AppData\Local\Temp\ccmLEiFj.s:2058   .text.USB_ReadDevAllInEpInterrupt:00000000 $t
C:\Users\subdia\AppData\Local\Temp\ccmLEiFj.s:2064   .text.USB_ReadDevAllInEpInterrupt:00000000 USB_ReadDevAllInEpInterrupt
C:\Users\subdia\AppData\Local\Temp\ccmLEiFj.s:2083   .text.USB_ReadDevOutEPInterrupt:00000000 $t
C:\Users\subdia\AppData\Local\Temp\ccmLEiFj.s:2089   .text.USB_ReadDevOutEPInterrupt:00000000 USB_ReadDevOutEPInterrupt
C:\Users\subdia\AppData\Local\Temp\ccmLEiFj.s:2109   .text.USB_ReadDevInEPInterrupt:00000000 $t
C:\Users\subdia\AppData\Local\Temp\ccmLEiFj.s:2115   .text.USB_ReadDevInEPInterrupt:00000000 USB_ReadDevInEPInterrupt
C:\Users\subdia\AppData\Local\Temp\ccmLEiFj.s:2135   .text.USB_ClearInterrupts:00000000 $t
C:\Users\subdia\AppData\Local\Temp\ccmLEiFj.s:2141   .text.USB_ClearInterrupts:00000000 USB_ClearInterrupts
C:\Users\subdia\AppData\Local\Temp\ccmLEiFj.s:2157   .text.USB_EP0_OutStart:00000000 $t
C:\Users\subdia\AppData\Local\Temp\ccmLEiFj.s:2163   .text.USB_EP0_OutStart:00000000 USB_EP0_OutStart
C:\Users\subdia\AppData\Local\Temp\ccmLEiFj.s:2183   .text.USB_ActivateRemoteWakeup:00000000 $t
C:\Users\subdia\AppData\Local\Temp\ccmLEiFj.s:2189   .text.USB_ActivateRemoteWakeup:00000000 USB_ActivateRemoteWakeup
C:\Users\subdia\AppData\Local\Temp\ccmLEiFj.s:2214   .text.USB_DeActivateRemoteWakeup:00000000 $t
C:\Users\subdia\AppData\Local\Temp\ccmLEiFj.s:2220   .text.USB_DeActivateRemoteWakeup:00000000 USB_DeActivateRemoteWakeup
C:\Users\subdia\AppData\Local\Temp\ccmLEiFj.s:2246   .text.USB_WritePMA:00000000 $t
C:\Users\subdia\AppData\Local\Temp\ccmLEiFj.s:2252   .text.USB_WritePMA:00000000 USB_WritePMA
C:\Users\subdia\AppData\Local\Temp\ccmLEiFj.s:2318   .text.USB_EPStartXfer:00000000 $t
C:\Users\subdia\AppData\Local\Temp\ccmLEiFj.s:2324   .text.USB_EPStartXfer:00000000 USB_EPStartXfer
C:\Users\subdia\AppData\Local\Temp\ccmLEiFj.s:4163   .text.USB_ReadPMA:00000000 $t
ARM GAS  C:\Users\subdia\AppData\Local\Temp\ccmLEiFj.s 			page 143


C:\Users\subdia\AppData\Local\Temp\ccmLEiFj.s:4169   .text.USB_ReadPMA:00000000 USB_ReadPMA

NO UNDEFINED SYMBOLS
