ARM GAS  C:\Users\subdia\AppData\Local\Temp\cczK76oD.s 			page 1


   1              		.cpu cortex-m3
   2              		.arch armv7-m
   3              		.fpu softvfp
   4              		.eabi_attribute 20, 1
   5              		.eabi_attribute 21, 1
   6              		.eabi_attribute 23, 3
   7              		.eabi_attribute 24, 1
   8              		.eabi_attribute 25, 1
   9              		.eabi_attribute 26, 1
  10              		.eabi_attribute 30, 1
  11              		.eabi_attribute 34, 1
  12              		.eabi_attribute 18, 4
  13              		.file	"stm32f1xx_hal_pcd.c"
  14              		.text
  15              	.Ltext0:
  16              		.cfi_sections	.debug_frame
  17              		.file 1 "Drivers/STM32F1xx_HAL_Driver/Src/stm32f1xx_hal_pcd.c"
  18              		.section	.text.HAL_PCD_EP_DB_Receive,"ax",%progbits
  19              		.align	1
  20              		.syntax unified
  21              		.thumb
  22              		.thumb_func
  24              	HAL_PCD_EP_DB_Receive:
  25              	.LVL0:
  26              	.LFB100:
   1:Drivers/STM32F1xx_HAL_Driver/Src/stm32f1xx_hal_pcd.c **** /**
   2:Drivers/STM32F1xx_HAL_Driver/Src/stm32f1xx_hal_pcd.c ****   ******************************************************************************
   3:Drivers/STM32F1xx_HAL_Driver/Src/stm32f1xx_hal_pcd.c ****   * @file    stm32f1xx_hal_pcd.c
   4:Drivers/STM32F1xx_HAL_Driver/Src/stm32f1xx_hal_pcd.c ****   * @author  MCD Application Team
   5:Drivers/STM32F1xx_HAL_Driver/Src/stm32f1xx_hal_pcd.c ****   * @brief   PCD HAL module driver.
   6:Drivers/STM32F1xx_HAL_Driver/Src/stm32f1xx_hal_pcd.c ****   *          This file provides firmware functions to manage the following
   7:Drivers/STM32F1xx_HAL_Driver/Src/stm32f1xx_hal_pcd.c ****   *          functionalities of the USB Peripheral Controller:
   8:Drivers/STM32F1xx_HAL_Driver/Src/stm32f1xx_hal_pcd.c ****   *           + Initialization and de-initialization functions
   9:Drivers/STM32F1xx_HAL_Driver/Src/stm32f1xx_hal_pcd.c ****   *           + IO operation functions
  10:Drivers/STM32F1xx_HAL_Driver/Src/stm32f1xx_hal_pcd.c ****   *           + Peripheral Control functions
  11:Drivers/STM32F1xx_HAL_Driver/Src/stm32f1xx_hal_pcd.c ****   *           + Peripheral State functions
  12:Drivers/STM32F1xx_HAL_Driver/Src/stm32f1xx_hal_pcd.c ****   *
  13:Drivers/STM32F1xx_HAL_Driver/Src/stm32f1xx_hal_pcd.c ****   ******************************************************************************
  14:Drivers/STM32F1xx_HAL_Driver/Src/stm32f1xx_hal_pcd.c ****   * @attention
  15:Drivers/STM32F1xx_HAL_Driver/Src/stm32f1xx_hal_pcd.c ****   *
  16:Drivers/STM32F1xx_HAL_Driver/Src/stm32f1xx_hal_pcd.c ****   * Copyright (c) 2016 STMicroelectronics.
  17:Drivers/STM32F1xx_HAL_Driver/Src/stm32f1xx_hal_pcd.c ****   * All rights reserved.
  18:Drivers/STM32F1xx_HAL_Driver/Src/stm32f1xx_hal_pcd.c ****   *
  19:Drivers/STM32F1xx_HAL_Driver/Src/stm32f1xx_hal_pcd.c ****   * This software is licensed under terms that can be found in the LICENSE file
  20:Drivers/STM32F1xx_HAL_Driver/Src/stm32f1xx_hal_pcd.c ****   * in the root directory of this software component.
  21:Drivers/STM32F1xx_HAL_Driver/Src/stm32f1xx_hal_pcd.c ****   * If no LICENSE file comes with this software, it is provided AS-IS.
  22:Drivers/STM32F1xx_HAL_Driver/Src/stm32f1xx_hal_pcd.c ****   *
  23:Drivers/STM32F1xx_HAL_Driver/Src/stm32f1xx_hal_pcd.c ****   ******************************************************************************
  24:Drivers/STM32F1xx_HAL_Driver/Src/stm32f1xx_hal_pcd.c ****   @verbatim
  25:Drivers/STM32F1xx_HAL_Driver/Src/stm32f1xx_hal_pcd.c ****   ==============================================================================
  26:Drivers/STM32F1xx_HAL_Driver/Src/stm32f1xx_hal_pcd.c ****                     ##### How to use this driver #####
  27:Drivers/STM32F1xx_HAL_Driver/Src/stm32f1xx_hal_pcd.c ****   ==============================================================================
  28:Drivers/STM32F1xx_HAL_Driver/Src/stm32f1xx_hal_pcd.c ****     [..]
  29:Drivers/STM32F1xx_HAL_Driver/Src/stm32f1xx_hal_pcd.c ****       The PCD HAL driver can be used as follows:
  30:Drivers/STM32F1xx_HAL_Driver/Src/stm32f1xx_hal_pcd.c **** 
  31:Drivers/STM32F1xx_HAL_Driver/Src/stm32f1xx_hal_pcd.c ****      (#) Declare a PCD_HandleTypeDef handle structure, for example:
  32:Drivers/STM32F1xx_HAL_Driver/Src/stm32f1xx_hal_pcd.c ****          PCD_HandleTypeDef  hpcd;
ARM GAS  C:\Users\subdia\AppData\Local\Temp\cczK76oD.s 			page 2


  33:Drivers/STM32F1xx_HAL_Driver/Src/stm32f1xx_hal_pcd.c **** 
  34:Drivers/STM32F1xx_HAL_Driver/Src/stm32f1xx_hal_pcd.c ****      (#) Fill parameters of Init structure in HCD handle
  35:Drivers/STM32F1xx_HAL_Driver/Src/stm32f1xx_hal_pcd.c **** 
  36:Drivers/STM32F1xx_HAL_Driver/Src/stm32f1xx_hal_pcd.c ****      (#) Call HAL_PCD_Init() API to initialize the PCD peripheral (Core, Device core, ...)
  37:Drivers/STM32F1xx_HAL_Driver/Src/stm32f1xx_hal_pcd.c **** 
  38:Drivers/STM32F1xx_HAL_Driver/Src/stm32f1xx_hal_pcd.c ****      (#) Initialize the PCD low level resources through the HAL_PCD_MspInit() API:
  39:Drivers/STM32F1xx_HAL_Driver/Src/stm32f1xx_hal_pcd.c ****          (##) Enable the PCD/USB Low Level interface clock using
  40:Drivers/STM32F1xx_HAL_Driver/Src/stm32f1xx_hal_pcd.c ****               (+++) __HAL_RCC_USB_CLK_ENABLE(); For USB Device FS peripheral
  41:Drivers/STM32F1xx_HAL_Driver/Src/stm32f1xx_hal_pcd.c ****               (+++) __HAL_RCC_USB_OTG_FS_CLK_ENABLE();
  42:Drivers/STM32F1xx_HAL_Driver/Src/stm32f1xx_hal_pcd.c **** 
  43:Drivers/STM32F1xx_HAL_Driver/Src/stm32f1xx_hal_pcd.c ****          (##) Initialize the related GPIO clocks
  44:Drivers/STM32F1xx_HAL_Driver/Src/stm32f1xx_hal_pcd.c ****          (##) Configure PCD pin-out
  45:Drivers/STM32F1xx_HAL_Driver/Src/stm32f1xx_hal_pcd.c ****          (##) Configure PCD NVIC interrupt
  46:Drivers/STM32F1xx_HAL_Driver/Src/stm32f1xx_hal_pcd.c **** 
  47:Drivers/STM32F1xx_HAL_Driver/Src/stm32f1xx_hal_pcd.c ****      (#)Associate the Upper USB device stack to the HAL PCD Driver:
  48:Drivers/STM32F1xx_HAL_Driver/Src/stm32f1xx_hal_pcd.c ****          (##) hpcd.pData = pdev;
  49:Drivers/STM32F1xx_HAL_Driver/Src/stm32f1xx_hal_pcd.c **** 
  50:Drivers/STM32F1xx_HAL_Driver/Src/stm32f1xx_hal_pcd.c ****      (#)Enable PCD transmission and reception:
  51:Drivers/STM32F1xx_HAL_Driver/Src/stm32f1xx_hal_pcd.c ****          (##) HAL_PCD_Start();
  52:Drivers/STM32F1xx_HAL_Driver/Src/stm32f1xx_hal_pcd.c **** 
  53:Drivers/STM32F1xx_HAL_Driver/Src/stm32f1xx_hal_pcd.c ****   @endverbatim
  54:Drivers/STM32F1xx_HAL_Driver/Src/stm32f1xx_hal_pcd.c ****   ******************************************************************************
  55:Drivers/STM32F1xx_HAL_Driver/Src/stm32f1xx_hal_pcd.c ****   */
  56:Drivers/STM32F1xx_HAL_Driver/Src/stm32f1xx_hal_pcd.c **** 
  57:Drivers/STM32F1xx_HAL_Driver/Src/stm32f1xx_hal_pcd.c **** /* Includes ------------------------------------------------------------------*/
  58:Drivers/STM32F1xx_HAL_Driver/Src/stm32f1xx_hal_pcd.c **** #include "stm32f1xx_hal.h"
  59:Drivers/STM32F1xx_HAL_Driver/Src/stm32f1xx_hal_pcd.c **** 
  60:Drivers/STM32F1xx_HAL_Driver/Src/stm32f1xx_hal_pcd.c **** /** @addtogroup STM32F1xx_HAL_Driver
  61:Drivers/STM32F1xx_HAL_Driver/Src/stm32f1xx_hal_pcd.c ****   * @{
  62:Drivers/STM32F1xx_HAL_Driver/Src/stm32f1xx_hal_pcd.c ****   */
  63:Drivers/STM32F1xx_HAL_Driver/Src/stm32f1xx_hal_pcd.c **** 
  64:Drivers/STM32F1xx_HAL_Driver/Src/stm32f1xx_hal_pcd.c **** /** @defgroup PCD PCD
  65:Drivers/STM32F1xx_HAL_Driver/Src/stm32f1xx_hal_pcd.c ****   * @brief PCD HAL module driver
  66:Drivers/STM32F1xx_HAL_Driver/Src/stm32f1xx_hal_pcd.c ****   * @{
  67:Drivers/STM32F1xx_HAL_Driver/Src/stm32f1xx_hal_pcd.c ****   */
  68:Drivers/STM32F1xx_HAL_Driver/Src/stm32f1xx_hal_pcd.c **** 
  69:Drivers/STM32F1xx_HAL_Driver/Src/stm32f1xx_hal_pcd.c **** #ifdef HAL_PCD_MODULE_ENABLED
  70:Drivers/STM32F1xx_HAL_Driver/Src/stm32f1xx_hal_pcd.c **** 
  71:Drivers/STM32F1xx_HAL_Driver/Src/stm32f1xx_hal_pcd.c **** #if defined (USB) || defined (USB_OTG_FS)
  72:Drivers/STM32F1xx_HAL_Driver/Src/stm32f1xx_hal_pcd.c **** 
  73:Drivers/STM32F1xx_HAL_Driver/Src/stm32f1xx_hal_pcd.c **** /* Private types -------------------------------------------------------------*/
  74:Drivers/STM32F1xx_HAL_Driver/Src/stm32f1xx_hal_pcd.c **** /* Private variables ---------------------------------------------------------*/
  75:Drivers/STM32F1xx_HAL_Driver/Src/stm32f1xx_hal_pcd.c **** /* Private constants ---------------------------------------------------------*/
  76:Drivers/STM32F1xx_HAL_Driver/Src/stm32f1xx_hal_pcd.c **** /* Private macros ------------------------------------------------------------*/
  77:Drivers/STM32F1xx_HAL_Driver/Src/stm32f1xx_hal_pcd.c **** /** @defgroup PCD_Private_Macros PCD Private Macros
  78:Drivers/STM32F1xx_HAL_Driver/Src/stm32f1xx_hal_pcd.c ****   * @{
  79:Drivers/STM32F1xx_HAL_Driver/Src/stm32f1xx_hal_pcd.c ****   */
  80:Drivers/STM32F1xx_HAL_Driver/Src/stm32f1xx_hal_pcd.c **** #define PCD_MIN(a, b)  (((a) < (b)) ? (a) : (b))
  81:Drivers/STM32F1xx_HAL_Driver/Src/stm32f1xx_hal_pcd.c **** #define PCD_MAX(a, b)  (((a) > (b)) ? (a) : (b))
  82:Drivers/STM32F1xx_HAL_Driver/Src/stm32f1xx_hal_pcd.c **** /**
  83:Drivers/STM32F1xx_HAL_Driver/Src/stm32f1xx_hal_pcd.c ****   * @}
  84:Drivers/STM32F1xx_HAL_Driver/Src/stm32f1xx_hal_pcd.c ****   */
  85:Drivers/STM32F1xx_HAL_Driver/Src/stm32f1xx_hal_pcd.c **** 
  86:Drivers/STM32F1xx_HAL_Driver/Src/stm32f1xx_hal_pcd.c **** /* Private functions prototypes ----------------------------------------------*/
  87:Drivers/STM32F1xx_HAL_Driver/Src/stm32f1xx_hal_pcd.c **** /** @defgroup PCD_Private_Functions PCD Private Functions
  88:Drivers/STM32F1xx_HAL_Driver/Src/stm32f1xx_hal_pcd.c ****   * @{
  89:Drivers/STM32F1xx_HAL_Driver/Src/stm32f1xx_hal_pcd.c ****   */
ARM GAS  C:\Users\subdia\AppData\Local\Temp\cczK76oD.s 			page 3


  90:Drivers/STM32F1xx_HAL_Driver/Src/stm32f1xx_hal_pcd.c **** #if defined (USB_OTG_FS)
  91:Drivers/STM32F1xx_HAL_Driver/Src/stm32f1xx_hal_pcd.c **** static HAL_StatusTypeDef PCD_WriteEmptyTxFifo(PCD_HandleTypeDef *hpcd, uint32_t epnum);
  92:Drivers/STM32F1xx_HAL_Driver/Src/stm32f1xx_hal_pcd.c **** static HAL_StatusTypeDef PCD_EP_OutXfrComplete_int(PCD_HandleTypeDef *hpcd, uint32_t epnum);
  93:Drivers/STM32F1xx_HAL_Driver/Src/stm32f1xx_hal_pcd.c **** static HAL_StatusTypeDef PCD_EP_OutSetupPacket_int(PCD_HandleTypeDef *hpcd, uint32_t epnum);
  94:Drivers/STM32F1xx_HAL_Driver/Src/stm32f1xx_hal_pcd.c **** #endif /* defined (USB_OTG_FS) */
  95:Drivers/STM32F1xx_HAL_Driver/Src/stm32f1xx_hal_pcd.c **** 
  96:Drivers/STM32F1xx_HAL_Driver/Src/stm32f1xx_hal_pcd.c **** #if defined (USB)
  97:Drivers/STM32F1xx_HAL_Driver/Src/stm32f1xx_hal_pcd.c **** static HAL_StatusTypeDef PCD_EP_ISR_Handler(PCD_HandleTypeDef *hpcd);
  98:Drivers/STM32F1xx_HAL_Driver/Src/stm32f1xx_hal_pcd.c **** #if (USE_USB_DOUBLE_BUFFER == 1U)
  99:Drivers/STM32F1xx_HAL_Driver/Src/stm32f1xx_hal_pcd.c **** static HAL_StatusTypeDef HAL_PCD_EP_DB_Transmit(PCD_HandleTypeDef *hpcd, PCD_EPTypeDef *ep, uint16_
 100:Drivers/STM32F1xx_HAL_Driver/Src/stm32f1xx_hal_pcd.c **** static uint16_t HAL_PCD_EP_DB_Receive(PCD_HandleTypeDef *hpcd, PCD_EPTypeDef *ep, uint16_t wEPVal);
 101:Drivers/STM32F1xx_HAL_Driver/Src/stm32f1xx_hal_pcd.c **** #endif /* (USE_USB_DOUBLE_BUFFER == 1U) */
 102:Drivers/STM32F1xx_HAL_Driver/Src/stm32f1xx_hal_pcd.c **** #endif /* defined (USB) */
 103:Drivers/STM32F1xx_HAL_Driver/Src/stm32f1xx_hal_pcd.c **** /**
 104:Drivers/STM32F1xx_HAL_Driver/Src/stm32f1xx_hal_pcd.c ****   * @}
 105:Drivers/STM32F1xx_HAL_Driver/Src/stm32f1xx_hal_pcd.c ****   */
 106:Drivers/STM32F1xx_HAL_Driver/Src/stm32f1xx_hal_pcd.c **** 
 107:Drivers/STM32F1xx_HAL_Driver/Src/stm32f1xx_hal_pcd.c **** /* Exported functions --------------------------------------------------------*/
 108:Drivers/STM32F1xx_HAL_Driver/Src/stm32f1xx_hal_pcd.c **** /** @defgroup PCD_Exported_Functions PCD Exported Functions
 109:Drivers/STM32F1xx_HAL_Driver/Src/stm32f1xx_hal_pcd.c ****   * @{
 110:Drivers/STM32F1xx_HAL_Driver/Src/stm32f1xx_hal_pcd.c ****   */
 111:Drivers/STM32F1xx_HAL_Driver/Src/stm32f1xx_hal_pcd.c **** 
 112:Drivers/STM32F1xx_HAL_Driver/Src/stm32f1xx_hal_pcd.c **** /** @defgroup PCD_Exported_Functions_Group1 Initialization and de-initialization functions
 113:Drivers/STM32F1xx_HAL_Driver/Src/stm32f1xx_hal_pcd.c ****   *  @brief    Initialization and Configuration functions
 114:Drivers/STM32F1xx_HAL_Driver/Src/stm32f1xx_hal_pcd.c ****   *
 115:Drivers/STM32F1xx_HAL_Driver/Src/stm32f1xx_hal_pcd.c **** @verbatim
 116:Drivers/STM32F1xx_HAL_Driver/Src/stm32f1xx_hal_pcd.c ****  ===============================================================================
 117:Drivers/STM32F1xx_HAL_Driver/Src/stm32f1xx_hal_pcd.c ****             ##### Initialization and de-initialization functions #####
 118:Drivers/STM32F1xx_HAL_Driver/Src/stm32f1xx_hal_pcd.c ****  ===============================================================================
 119:Drivers/STM32F1xx_HAL_Driver/Src/stm32f1xx_hal_pcd.c ****     [..]  This section provides functions allowing to:
 120:Drivers/STM32F1xx_HAL_Driver/Src/stm32f1xx_hal_pcd.c **** 
 121:Drivers/STM32F1xx_HAL_Driver/Src/stm32f1xx_hal_pcd.c **** @endverbatim
 122:Drivers/STM32F1xx_HAL_Driver/Src/stm32f1xx_hal_pcd.c ****   * @{
 123:Drivers/STM32F1xx_HAL_Driver/Src/stm32f1xx_hal_pcd.c ****   */
 124:Drivers/STM32F1xx_HAL_Driver/Src/stm32f1xx_hal_pcd.c **** 
 125:Drivers/STM32F1xx_HAL_Driver/Src/stm32f1xx_hal_pcd.c **** /**
 126:Drivers/STM32F1xx_HAL_Driver/Src/stm32f1xx_hal_pcd.c ****   * @brief  Initializes the PCD according to the specified
 127:Drivers/STM32F1xx_HAL_Driver/Src/stm32f1xx_hal_pcd.c ****   *         parameters in the PCD_InitTypeDef and initialize the associated handle.
 128:Drivers/STM32F1xx_HAL_Driver/Src/stm32f1xx_hal_pcd.c ****   * @param  hpcd PCD handle
 129:Drivers/STM32F1xx_HAL_Driver/Src/stm32f1xx_hal_pcd.c ****   * @retval HAL status
 130:Drivers/STM32F1xx_HAL_Driver/Src/stm32f1xx_hal_pcd.c ****   */
 131:Drivers/STM32F1xx_HAL_Driver/Src/stm32f1xx_hal_pcd.c **** HAL_StatusTypeDef HAL_PCD_Init(PCD_HandleTypeDef *hpcd)
 132:Drivers/STM32F1xx_HAL_Driver/Src/stm32f1xx_hal_pcd.c **** {
 133:Drivers/STM32F1xx_HAL_Driver/Src/stm32f1xx_hal_pcd.c ****   uint8_t i;
 134:Drivers/STM32F1xx_HAL_Driver/Src/stm32f1xx_hal_pcd.c **** 
 135:Drivers/STM32F1xx_HAL_Driver/Src/stm32f1xx_hal_pcd.c ****   /* Check the PCD handle allocation */
 136:Drivers/STM32F1xx_HAL_Driver/Src/stm32f1xx_hal_pcd.c ****   if (hpcd == NULL)
 137:Drivers/STM32F1xx_HAL_Driver/Src/stm32f1xx_hal_pcd.c ****   {
 138:Drivers/STM32F1xx_HAL_Driver/Src/stm32f1xx_hal_pcd.c ****     return HAL_ERROR;
 139:Drivers/STM32F1xx_HAL_Driver/Src/stm32f1xx_hal_pcd.c ****   }
 140:Drivers/STM32F1xx_HAL_Driver/Src/stm32f1xx_hal_pcd.c **** 
 141:Drivers/STM32F1xx_HAL_Driver/Src/stm32f1xx_hal_pcd.c ****   /* Check the parameters */
 142:Drivers/STM32F1xx_HAL_Driver/Src/stm32f1xx_hal_pcd.c ****   assert_param(IS_PCD_ALL_INSTANCE(hpcd->Instance));
 143:Drivers/STM32F1xx_HAL_Driver/Src/stm32f1xx_hal_pcd.c **** 
 144:Drivers/STM32F1xx_HAL_Driver/Src/stm32f1xx_hal_pcd.c ****   if (hpcd->State == HAL_PCD_STATE_RESET)
 145:Drivers/STM32F1xx_HAL_Driver/Src/stm32f1xx_hal_pcd.c ****   {
 146:Drivers/STM32F1xx_HAL_Driver/Src/stm32f1xx_hal_pcd.c ****     /* Allocate lock resource and initialize it */
ARM GAS  C:\Users\subdia\AppData\Local\Temp\cczK76oD.s 			page 4


 147:Drivers/STM32F1xx_HAL_Driver/Src/stm32f1xx_hal_pcd.c ****     hpcd->Lock = HAL_UNLOCKED;
 148:Drivers/STM32F1xx_HAL_Driver/Src/stm32f1xx_hal_pcd.c **** 
 149:Drivers/STM32F1xx_HAL_Driver/Src/stm32f1xx_hal_pcd.c **** #if (USE_HAL_PCD_REGISTER_CALLBACKS == 1U)
 150:Drivers/STM32F1xx_HAL_Driver/Src/stm32f1xx_hal_pcd.c ****     hpcd->SOFCallback = HAL_PCD_SOFCallback;
 151:Drivers/STM32F1xx_HAL_Driver/Src/stm32f1xx_hal_pcd.c ****     hpcd->SetupStageCallback = HAL_PCD_SetupStageCallback;
 152:Drivers/STM32F1xx_HAL_Driver/Src/stm32f1xx_hal_pcd.c ****     hpcd->ResetCallback = HAL_PCD_ResetCallback;
 153:Drivers/STM32F1xx_HAL_Driver/Src/stm32f1xx_hal_pcd.c ****     hpcd->SuspendCallback = HAL_PCD_SuspendCallback;
 154:Drivers/STM32F1xx_HAL_Driver/Src/stm32f1xx_hal_pcd.c ****     hpcd->ResumeCallback = HAL_PCD_ResumeCallback;
 155:Drivers/STM32F1xx_HAL_Driver/Src/stm32f1xx_hal_pcd.c ****     hpcd->ConnectCallback = HAL_PCD_ConnectCallback;
 156:Drivers/STM32F1xx_HAL_Driver/Src/stm32f1xx_hal_pcd.c ****     hpcd->DisconnectCallback = HAL_PCD_DisconnectCallback;
 157:Drivers/STM32F1xx_HAL_Driver/Src/stm32f1xx_hal_pcd.c ****     hpcd->DataOutStageCallback = HAL_PCD_DataOutStageCallback;
 158:Drivers/STM32F1xx_HAL_Driver/Src/stm32f1xx_hal_pcd.c ****     hpcd->DataInStageCallback = HAL_PCD_DataInStageCallback;
 159:Drivers/STM32F1xx_HAL_Driver/Src/stm32f1xx_hal_pcd.c ****     hpcd->ISOOUTIncompleteCallback = HAL_PCD_ISOOUTIncompleteCallback;
 160:Drivers/STM32F1xx_HAL_Driver/Src/stm32f1xx_hal_pcd.c ****     hpcd->ISOINIncompleteCallback = HAL_PCD_ISOINIncompleteCallback;
 161:Drivers/STM32F1xx_HAL_Driver/Src/stm32f1xx_hal_pcd.c **** 
 162:Drivers/STM32F1xx_HAL_Driver/Src/stm32f1xx_hal_pcd.c ****     if (hpcd->MspInitCallback == NULL)
 163:Drivers/STM32F1xx_HAL_Driver/Src/stm32f1xx_hal_pcd.c ****     {
 164:Drivers/STM32F1xx_HAL_Driver/Src/stm32f1xx_hal_pcd.c ****       hpcd->MspInitCallback = HAL_PCD_MspInit;
 165:Drivers/STM32F1xx_HAL_Driver/Src/stm32f1xx_hal_pcd.c ****     }
 166:Drivers/STM32F1xx_HAL_Driver/Src/stm32f1xx_hal_pcd.c **** 
 167:Drivers/STM32F1xx_HAL_Driver/Src/stm32f1xx_hal_pcd.c ****     /* Init the low level hardware */
 168:Drivers/STM32F1xx_HAL_Driver/Src/stm32f1xx_hal_pcd.c ****     hpcd->MspInitCallback(hpcd);
 169:Drivers/STM32F1xx_HAL_Driver/Src/stm32f1xx_hal_pcd.c **** #else
 170:Drivers/STM32F1xx_HAL_Driver/Src/stm32f1xx_hal_pcd.c ****     /* Init the low level hardware : GPIO, CLOCK, NVIC... */
 171:Drivers/STM32F1xx_HAL_Driver/Src/stm32f1xx_hal_pcd.c ****     HAL_PCD_MspInit(hpcd);
 172:Drivers/STM32F1xx_HAL_Driver/Src/stm32f1xx_hal_pcd.c **** #endif /* (USE_HAL_PCD_REGISTER_CALLBACKS) */
 173:Drivers/STM32F1xx_HAL_Driver/Src/stm32f1xx_hal_pcd.c ****   }
 174:Drivers/STM32F1xx_HAL_Driver/Src/stm32f1xx_hal_pcd.c **** 
 175:Drivers/STM32F1xx_HAL_Driver/Src/stm32f1xx_hal_pcd.c ****   hpcd->State = HAL_PCD_STATE_BUSY;
 176:Drivers/STM32F1xx_HAL_Driver/Src/stm32f1xx_hal_pcd.c **** 
 177:Drivers/STM32F1xx_HAL_Driver/Src/stm32f1xx_hal_pcd.c ****   /* Disable DMA mode for FS instance */
 178:Drivers/STM32F1xx_HAL_Driver/Src/stm32f1xx_hal_pcd.c ****   hpcd->Init.dma_enable = 0U;
 179:Drivers/STM32F1xx_HAL_Driver/Src/stm32f1xx_hal_pcd.c **** 
 180:Drivers/STM32F1xx_HAL_Driver/Src/stm32f1xx_hal_pcd.c ****   /* Disable the Interrupts */
 181:Drivers/STM32F1xx_HAL_Driver/Src/stm32f1xx_hal_pcd.c ****   __HAL_PCD_DISABLE(hpcd);
 182:Drivers/STM32F1xx_HAL_Driver/Src/stm32f1xx_hal_pcd.c **** 
 183:Drivers/STM32F1xx_HAL_Driver/Src/stm32f1xx_hal_pcd.c ****   /*Init the Core (common init.) */
 184:Drivers/STM32F1xx_HAL_Driver/Src/stm32f1xx_hal_pcd.c ****   if (USB_CoreInit(hpcd->Instance, hpcd->Init) != HAL_OK)
 185:Drivers/STM32F1xx_HAL_Driver/Src/stm32f1xx_hal_pcd.c ****   {
 186:Drivers/STM32F1xx_HAL_Driver/Src/stm32f1xx_hal_pcd.c ****     hpcd->State = HAL_PCD_STATE_ERROR;
 187:Drivers/STM32F1xx_HAL_Driver/Src/stm32f1xx_hal_pcd.c ****     return HAL_ERROR;
 188:Drivers/STM32F1xx_HAL_Driver/Src/stm32f1xx_hal_pcd.c ****   }
 189:Drivers/STM32F1xx_HAL_Driver/Src/stm32f1xx_hal_pcd.c **** 
 190:Drivers/STM32F1xx_HAL_Driver/Src/stm32f1xx_hal_pcd.c ****   /* Force Device Mode */
 191:Drivers/STM32F1xx_HAL_Driver/Src/stm32f1xx_hal_pcd.c ****   if (USB_SetCurrentMode(hpcd->Instance, USB_DEVICE_MODE) != HAL_OK)
 192:Drivers/STM32F1xx_HAL_Driver/Src/stm32f1xx_hal_pcd.c ****   {
 193:Drivers/STM32F1xx_HAL_Driver/Src/stm32f1xx_hal_pcd.c ****     hpcd->State = HAL_PCD_STATE_ERROR;
 194:Drivers/STM32F1xx_HAL_Driver/Src/stm32f1xx_hal_pcd.c ****     return HAL_ERROR;
 195:Drivers/STM32F1xx_HAL_Driver/Src/stm32f1xx_hal_pcd.c ****   }
 196:Drivers/STM32F1xx_HAL_Driver/Src/stm32f1xx_hal_pcd.c **** 
 197:Drivers/STM32F1xx_HAL_Driver/Src/stm32f1xx_hal_pcd.c ****   /* Init endpoints structures */
 198:Drivers/STM32F1xx_HAL_Driver/Src/stm32f1xx_hal_pcd.c ****   for (i = 0U; i < hpcd->Init.dev_endpoints; i++)
 199:Drivers/STM32F1xx_HAL_Driver/Src/stm32f1xx_hal_pcd.c ****   {
 200:Drivers/STM32F1xx_HAL_Driver/Src/stm32f1xx_hal_pcd.c ****     /* Init ep structure */
 201:Drivers/STM32F1xx_HAL_Driver/Src/stm32f1xx_hal_pcd.c ****     hpcd->IN_ep[i].is_in = 1U;
 202:Drivers/STM32F1xx_HAL_Driver/Src/stm32f1xx_hal_pcd.c ****     hpcd->IN_ep[i].num = i;
 203:Drivers/STM32F1xx_HAL_Driver/Src/stm32f1xx_hal_pcd.c **** #if defined (USB_OTG_FS)
ARM GAS  C:\Users\subdia\AppData\Local\Temp\cczK76oD.s 			page 5


 204:Drivers/STM32F1xx_HAL_Driver/Src/stm32f1xx_hal_pcd.c ****     hpcd->IN_ep[i].tx_fifo_num = i;
 205:Drivers/STM32F1xx_HAL_Driver/Src/stm32f1xx_hal_pcd.c **** #endif /* defined (USB_OTG_FS) */
 206:Drivers/STM32F1xx_HAL_Driver/Src/stm32f1xx_hal_pcd.c ****     /* Control until ep is activated */
 207:Drivers/STM32F1xx_HAL_Driver/Src/stm32f1xx_hal_pcd.c ****     hpcd->IN_ep[i].type = EP_TYPE_CTRL;
 208:Drivers/STM32F1xx_HAL_Driver/Src/stm32f1xx_hal_pcd.c ****     hpcd->IN_ep[i].maxpacket = 0U;
 209:Drivers/STM32F1xx_HAL_Driver/Src/stm32f1xx_hal_pcd.c ****     hpcd->IN_ep[i].xfer_buff = 0U;
 210:Drivers/STM32F1xx_HAL_Driver/Src/stm32f1xx_hal_pcd.c ****     hpcd->IN_ep[i].xfer_len = 0U;
 211:Drivers/STM32F1xx_HAL_Driver/Src/stm32f1xx_hal_pcd.c ****   }
 212:Drivers/STM32F1xx_HAL_Driver/Src/stm32f1xx_hal_pcd.c **** 
 213:Drivers/STM32F1xx_HAL_Driver/Src/stm32f1xx_hal_pcd.c ****   for (i = 0U; i < hpcd->Init.dev_endpoints; i++)
 214:Drivers/STM32F1xx_HAL_Driver/Src/stm32f1xx_hal_pcd.c ****   {
 215:Drivers/STM32F1xx_HAL_Driver/Src/stm32f1xx_hal_pcd.c ****     hpcd->OUT_ep[i].is_in = 0U;
 216:Drivers/STM32F1xx_HAL_Driver/Src/stm32f1xx_hal_pcd.c ****     hpcd->OUT_ep[i].num = i;
 217:Drivers/STM32F1xx_HAL_Driver/Src/stm32f1xx_hal_pcd.c ****     /* Control until ep is activated */
 218:Drivers/STM32F1xx_HAL_Driver/Src/stm32f1xx_hal_pcd.c ****     hpcd->OUT_ep[i].type = EP_TYPE_CTRL;
 219:Drivers/STM32F1xx_HAL_Driver/Src/stm32f1xx_hal_pcd.c ****     hpcd->OUT_ep[i].maxpacket = 0U;
 220:Drivers/STM32F1xx_HAL_Driver/Src/stm32f1xx_hal_pcd.c ****     hpcd->OUT_ep[i].xfer_buff = 0U;
 221:Drivers/STM32F1xx_HAL_Driver/Src/stm32f1xx_hal_pcd.c ****     hpcd->OUT_ep[i].xfer_len = 0U;
 222:Drivers/STM32F1xx_HAL_Driver/Src/stm32f1xx_hal_pcd.c ****   }
 223:Drivers/STM32F1xx_HAL_Driver/Src/stm32f1xx_hal_pcd.c **** 
 224:Drivers/STM32F1xx_HAL_Driver/Src/stm32f1xx_hal_pcd.c ****   /* Init Device */
 225:Drivers/STM32F1xx_HAL_Driver/Src/stm32f1xx_hal_pcd.c ****   if (USB_DevInit(hpcd->Instance, hpcd->Init) != HAL_OK)
 226:Drivers/STM32F1xx_HAL_Driver/Src/stm32f1xx_hal_pcd.c ****   {
 227:Drivers/STM32F1xx_HAL_Driver/Src/stm32f1xx_hal_pcd.c ****     hpcd->State = HAL_PCD_STATE_ERROR;
 228:Drivers/STM32F1xx_HAL_Driver/Src/stm32f1xx_hal_pcd.c ****     return HAL_ERROR;
 229:Drivers/STM32F1xx_HAL_Driver/Src/stm32f1xx_hal_pcd.c ****   }
 230:Drivers/STM32F1xx_HAL_Driver/Src/stm32f1xx_hal_pcd.c **** 
 231:Drivers/STM32F1xx_HAL_Driver/Src/stm32f1xx_hal_pcd.c ****   hpcd->USB_Address = 0U;
 232:Drivers/STM32F1xx_HAL_Driver/Src/stm32f1xx_hal_pcd.c ****   hpcd->State = HAL_PCD_STATE_READY;
 233:Drivers/STM32F1xx_HAL_Driver/Src/stm32f1xx_hal_pcd.c ****   (void)USB_DevDisconnect(hpcd->Instance);
 234:Drivers/STM32F1xx_HAL_Driver/Src/stm32f1xx_hal_pcd.c **** 
 235:Drivers/STM32F1xx_HAL_Driver/Src/stm32f1xx_hal_pcd.c ****   return HAL_OK;
 236:Drivers/STM32F1xx_HAL_Driver/Src/stm32f1xx_hal_pcd.c **** }
 237:Drivers/STM32F1xx_HAL_Driver/Src/stm32f1xx_hal_pcd.c **** 
 238:Drivers/STM32F1xx_HAL_Driver/Src/stm32f1xx_hal_pcd.c **** /**
 239:Drivers/STM32F1xx_HAL_Driver/Src/stm32f1xx_hal_pcd.c ****   * @brief  DeInitializes the PCD peripheral.
 240:Drivers/STM32F1xx_HAL_Driver/Src/stm32f1xx_hal_pcd.c ****   * @param  hpcd PCD handle
 241:Drivers/STM32F1xx_HAL_Driver/Src/stm32f1xx_hal_pcd.c ****   * @retval HAL status
 242:Drivers/STM32F1xx_HAL_Driver/Src/stm32f1xx_hal_pcd.c ****   */
 243:Drivers/STM32F1xx_HAL_Driver/Src/stm32f1xx_hal_pcd.c **** HAL_StatusTypeDef HAL_PCD_DeInit(PCD_HandleTypeDef *hpcd)
 244:Drivers/STM32F1xx_HAL_Driver/Src/stm32f1xx_hal_pcd.c **** {
 245:Drivers/STM32F1xx_HAL_Driver/Src/stm32f1xx_hal_pcd.c ****   /* Check the PCD handle allocation */
 246:Drivers/STM32F1xx_HAL_Driver/Src/stm32f1xx_hal_pcd.c ****   if (hpcd == NULL)
 247:Drivers/STM32F1xx_HAL_Driver/Src/stm32f1xx_hal_pcd.c ****   {
 248:Drivers/STM32F1xx_HAL_Driver/Src/stm32f1xx_hal_pcd.c ****     return HAL_ERROR;
 249:Drivers/STM32F1xx_HAL_Driver/Src/stm32f1xx_hal_pcd.c ****   }
 250:Drivers/STM32F1xx_HAL_Driver/Src/stm32f1xx_hal_pcd.c **** 
 251:Drivers/STM32F1xx_HAL_Driver/Src/stm32f1xx_hal_pcd.c ****   hpcd->State = HAL_PCD_STATE_BUSY;
 252:Drivers/STM32F1xx_HAL_Driver/Src/stm32f1xx_hal_pcd.c **** 
 253:Drivers/STM32F1xx_HAL_Driver/Src/stm32f1xx_hal_pcd.c ****   /* Stop Device */
 254:Drivers/STM32F1xx_HAL_Driver/Src/stm32f1xx_hal_pcd.c ****   if (USB_StopDevice(hpcd->Instance) != HAL_OK)
 255:Drivers/STM32F1xx_HAL_Driver/Src/stm32f1xx_hal_pcd.c ****   {
 256:Drivers/STM32F1xx_HAL_Driver/Src/stm32f1xx_hal_pcd.c ****     return HAL_ERROR;
 257:Drivers/STM32F1xx_HAL_Driver/Src/stm32f1xx_hal_pcd.c ****   }
 258:Drivers/STM32F1xx_HAL_Driver/Src/stm32f1xx_hal_pcd.c **** 
 259:Drivers/STM32F1xx_HAL_Driver/Src/stm32f1xx_hal_pcd.c **** #if (USE_HAL_PCD_REGISTER_CALLBACKS == 1U)
 260:Drivers/STM32F1xx_HAL_Driver/Src/stm32f1xx_hal_pcd.c ****   if (hpcd->MspDeInitCallback == NULL)
ARM GAS  C:\Users\subdia\AppData\Local\Temp\cczK76oD.s 			page 6


 261:Drivers/STM32F1xx_HAL_Driver/Src/stm32f1xx_hal_pcd.c ****   {
 262:Drivers/STM32F1xx_HAL_Driver/Src/stm32f1xx_hal_pcd.c ****     hpcd->MspDeInitCallback = HAL_PCD_MspDeInit; /* Legacy weak MspDeInit  */
 263:Drivers/STM32F1xx_HAL_Driver/Src/stm32f1xx_hal_pcd.c ****   }
 264:Drivers/STM32F1xx_HAL_Driver/Src/stm32f1xx_hal_pcd.c **** 
 265:Drivers/STM32F1xx_HAL_Driver/Src/stm32f1xx_hal_pcd.c ****   /* DeInit the low level hardware */
 266:Drivers/STM32F1xx_HAL_Driver/Src/stm32f1xx_hal_pcd.c ****   hpcd->MspDeInitCallback(hpcd);
 267:Drivers/STM32F1xx_HAL_Driver/Src/stm32f1xx_hal_pcd.c **** #else
 268:Drivers/STM32F1xx_HAL_Driver/Src/stm32f1xx_hal_pcd.c ****   /* DeInit the low level hardware: CLOCK, NVIC.*/
 269:Drivers/STM32F1xx_HAL_Driver/Src/stm32f1xx_hal_pcd.c ****   HAL_PCD_MspDeInit(hpcd);
 270:Drivers/STM32F1xx_HAL_Driver/Src/stm32f1xx_hal_pcd.c **** #endif /* USE_HAL_PCD_REGISTER_CALLBACKS */
 271:Drivers/STM32F1xx_HAL_Driver/Src/stm32f1xx_hal_pcd.c **** 
 272:Drivers/STM32F1xx_HAL_Driver/Src/stm32f1xx_hal_pcd.c ****   hpcd->State = HAL_PCD_STATE_RESET;
 273:Drivers/STM32F1xx_HAL_Driver/Src/stm32f1xx_hal_pcd.c **** 
 274:Drivers/STM32F1xx_HAL_Driver/Src/stm32f1xx_hal_pcd.c ****   return HAL_OK;
 275:Drivers/STM32F1xx_HAL_Driver/Src/stm32f1xx_hal_pcd.c **** }
 276:Drivers/STM32F1xx_HAL_Driver/Src/stm32f1xx_hal_pcd.c **** 
 277:Drivers/STM32F1xx_HAL_Driver/Src/stm32f1xx_hal_pcd.c **** /**
 278:Drivers/STM32F1xx_HAL_Driver/Src/stm32f1xx_hal_pcd.c ****   * @brief  Initializes the PCD MSP.
 279:Drivers/STM32F1xx_HAL_Driver/Src/stm32f1xx_hal_pcd.c ****   * @param  hpcd PCD handle
 280:Drivers/STM32F1xx_HAL_Driver/Src/stm32f1xx_hal_pcd.c ****   * @retval None
 281:Drivers/STM32F1xx_HAL_Driver/Src/stm32f1xx_hal_pcd.c ****   */
 282:Drivers/STM32F1xx_HAL_Driver/Src/stm32f1xx_hal_pcd.c **** __weak void HAL_PCD_MspInit(PCD_HandleTypeDef *hpcd)
 283:Drivers/STM32F1xx_HAL_Driver/Src/stm32f1xx_hal_pcd.c **** {
 284:Drivers/STM32F1xx_HAL_Driver/Src/stm32f1xx_hal_pcd.c ****   /* Prevent unused argument(s) compilation warning */
 285:Drivers/STM32F1xx_HAL_Driver/Src/stm32f1xx_hal_pcd.c ****   UNUSED(hpcd);
 286:Drivers/STM32F1xx_HAL_Driver/Src/stm32f1xx_hal_pcd.c **** 
 287:Drivers/STM32F1xx_HAL_Driver/Src/stm32f1xx_hal_pcd.c ****   /* NOTE : This function should not be modified, when the callback is needed,
 288:Drivers/STM32F1xx_HAL_Driver/Src/stm32f1xx_hal_pcd.c ****             the HAL_PCD_MspInit could be implemented in the user file
 289:Drivers/STM32F1xx_HAL_Driver/Src/stm32f1xx_hal_pcd.c ****    */
 290:Drivers/STM32F1xx_HAL_Driver/Src/stm32f1xx_hal_pcd.c **** }
 291:Drivers/STM32F1xx_HAL_Driver/Src/stm32f1xx_hal_pcd.c **** 
 292:Drivers/STM32F1xx_HAL_Driver/Src/stm32f1xx_hal_pcd.c **** /**
 293:Drivers/STM32F1xx_HAL_Driver/Src/stm32f1xx_hal_pcd.c ****   * @brief  DeInitializes PCD MSP.
 294:Drivers/STM32F1xx_HAL_Driver/Src/stm32f1xx_hal_pcd.c ****   * @param  hpcd PCD handle
 295:Drivers/STM32F1xx_HAL_Driver/Src/stm32f1xx_hal_pcd.c ****   * @retval None
 296:Drivers/STM32F1xx_HAL_Driver/Src/stm32f1xx_hal_pcd.c ****   */
 297:Drivers/STM32F1xx_HAL_Driver/Src/stm32f1xx_hal_pcd.c **** __weak void HAL_PCD_MspDeInit(PCD_HandleTypeDef *hpcd)
 298:Drivers/STM32F1xx_HAL_Driver/Src/stm32f1xx_hal_pcd.c **** {
 299:Drivers/STM32F1xx_HAL_Driver/Src/stm32f1xx_hal_pcd.c ****   /* Prevent unused argument(s) compilation warning */
 300:Drivers/STM32F1xx_HAL_Driver/Src/stm32f1xx_hal_pcd.c ****   UNUSED(hpcd);
 301:Drivers/STM32F1xx_HAL_Driver/Src/stm32f1xx_hal_pcd.c **** 
 302:Drivers/STM32F1xx_HAL_Driver/Src/stm32f1xx_hal_pcd.c ****   /* NOTE : This function should not be modified, when the callback is needed,
 303:Drivers/STM32F1xx_HAL_Driver/Src/stm32f1xx_hal_pcd.c ****             the HAL_PCD_MspDeInit could be implemented in the user file
 304:Drivers/STM32F1xx_HAL_Driver/Src/stm32f1xx_hal_pcd.c ****    */
 305:Drivers/STM32F1xx_HAL_Driver/Src/stm32f1xx_hal_pcd.c **** }
 306:Drivers/STM32F1xx_HAL_Driver/Src/stm32f1xx_hal_pcd.c **** 
 307:Drivers/STM32F1xx_HAL_Driver/Src/stm32f1xx_hal_pcd.c **** #if (USE_HAL_PCD_REGISTER_CALLBACKS == 1U)
 308:Drivers/STM32F1xx_HAL_Driver/Src/stm32f1xx_hal_pcd.c **** /**
 309:Drivers/STM32F1xx_HAL_Driver/Src/stm32f1xx_hal_pcd.c ****   * @brief  Register a User USB PCD Callback
 310:Drivers/STM32F1xx_HAL_Driver/Src/stm32f1xx_hal_pcd.c ****   *         To be used instead of the weak predefined callback
 311:Drivers/STM32F1xx_HAL_Driver/Src/stm32f1xx_hal_pcd.c ****   * @param  hpcd USB PCD handle
 312:Drivers/STM32F1xx_HAL_Driver/Src/stm32f1xx_hal_pcd.c ****   * @param  CallbackID ID of the callback to be registered
 313:Drivers/STM32F1xx_HAL_Driver/Src/stm32f1xx_hal_pcd.c ****   *         This parameter can be one of the following values:
 314:Drivers/STM32F1xx_HAL_Driver/Src/stm32f1xx_hal_pcd.c ****   *          @arg @ref HAL_PCD_SOF_CB_ID USB PCD SOF callback ID
 315:Drivers/STM32F1xx_HAL_Driver/Src/stm32f1xx_hal_pcd.c ****   *          @arg @ref HAL_PCD_SETUPSTAGE_CB_ID USB PCD Setup callback ID
 316:Drivers/STM32F1xx_HAL_Driver/Src/stm32f1xx_hal_pcd.c ****   *          @arg @ref HAL_PCD_RESET_CB_ID USB PCD Reset callback ID
 317:Drivers/STM32F1xx_HAL_Driver/Src/stm32f1xx_hal_pcd.c ****   *          @arg @ref HAL_PCD_SUSPEND_CB_ID USB PCD Suspend callback ID
ARM GAS  C:\Users\subdia\AppData\Local\Temp\cczK76oD.s 			page 7


 318:Drivers/STM32F1xx_HAL_Driver/Src/stm32f1xx_hal_pcd.c ****   *          @arg @ref HAL_PCD_RESUME_CB_ID USB PCD Resume callback ID
 319:Drivers/STM32F1xx_HAL_Driver/Src/stm32f1xx_hal_pcd.c ****   *          @arg @ref HAL_PCD_CONNECT_CB_ID USB PCD Connect callback ID
 320:Drivers/STM32F1xx_HAL_Driver/Src/stm32f1xx_hal_pcd.c ****   *          @arg @ref HAL_PCD_DISCONNECT_CB_ID USB PCD Disconnect callback ID
 321:Drivers/STM32F1xx_HAL_Driver/Src/stm32f1xx_hal_pcd.c ****   *          @arg @ref HAL_PCD_MSPINIT_CB_ID MspDeInit callback ID
 322:Drivers/STM32F1xx_HAL_Driver/Src/stm32f1xx_hal_pcd.c ****   *          @arg @ref HAL_PCD_MSPDEINIT_CB_ID MspDeInit callback ID
 323:Drivers/STM32F1xx_HAL_Driver/Src/stm32f1xx_hal_pcd.c ****   * @param  pCallback pointer to the Callback function
 324:Drivers/STM32F1xx_HAL_Driver/Src/stm32f1xx_hal_pcd.c ****   * @retval HAL status
 325:Drivers/STM32F1xx_HAL_Driver/Src/stm32f1xx_hal_pcd.c ****   */
 326:Drivers/STM32F1xx_HAL_Driver/Src/stm32f1xx_hal_pcd.c **** HAL_StatusTypeDef HAL_PCD_RegisterCallback(PCD_HandleTypeDef *hpcd,
 327:Drivers/STM32F1xx_HAL_Driver/Src/stm32f1xx_hal_pcd.c ****                                            HAL_PCD_CallbackIDTypeDef CallbackID,
 328:Drivers/STM32F1xx_HAL_Driver/Src/stm32f1xx_hal_pcd.c ****                                            pPCD_CallbackTypeDef pCallback)
 329:Drivers/STM32F1xx_HAL_Driver/Src/stm32f1xx_hal_pcd.c **** {
 330:Drivers/STM32F1xx_HAL_Driver/Src/stm32f1xx_hal_pcd.c ****   HAL_StatusTypeDef status = HAL_OK;
 331:Drivers/STM32F1xx_HAL_Driver/Src/stm32f1xx_hal_pcd.c **** 
 332:Drivers/STM32F1xx_HAL_Driver/Src/stm32f1xx_hal_pcd.c ****   if (pCallback == NULL)
 333:Drivers/STM32F1xx_HAL_Driver/Src/stm32f1xx_hal_pcd.c ****   {
 334:Drivers/STM32F1xx_HAL_Driver/Src/stm32f1xx_hal_pcd.c ****     /* Update the error code */
 335:Drivers/STM32F1xx_HAL_Driver/Src/stm32f1xx_hal_pcd.c ****     hpcd->ErrorCode |= HAL_PCD_ERROR_INVALID_CALLBACK;
 336:Drivers/STM32F1xx_HAL_Driver/Src/stm32f1xx_hal_pcd.c ****     return HAL_ERROR;
 337:Drivers/STM32F1xx_HAL_Driver/Src/stm32f1xx_hal_pcd.c ****   }
 338:Drivers/STM32F1xx_HAL_Driver/Src/stm32f1xx_hal_pcd.c ****   /* Process locked */
 339:Drivers/STM32F1xx_HAL_Driver/Src/stm32f1xx_hal_pcd.c ****   __HAL_LOCK(hpcd);
 340:Drivers/STM32F1xx_HAL_Driver/Src/stm32f1xx_hal_pcd.c **** 
 341:Drivers/STM32F1xx_HAL_Driver/Src/stm32f1xx_hal_pcd.c ****   if (hpcd->State == HAL_PCD_STATE_READY)
 342:Drivers/STM32F1xx_HAL_Driver/Src/stm32f1xx_hal_pcd.c ****   {
 343:Drivers/STM32F1xx_HAL_Driver/Src/stm32f1xx_hal_pcd.c ****     switch (CallbackID)
 344:Drivers/STM32F1xx_HAL_Driver/Src/stm32f1xx_hal_pcd.c ****     {
 345:Drivers/STM32F1xx_HAL_Driver/Src/stm32f1xx_hal_pcd.c ****       case HAL_PCD_SOF_CB_ID :
 346:Drivers/STM32F1xx_HAL_Driver/Src/stm32f1xx_hal_pcd.c ****         hpcd->SOFCallback = pCallback;
 347:Drivers/STM32F1xx_HAL_Driver/Src/stm32f1xx_hal_pcd.c ****         break;
 348:Drivers/STM32F1xx_HAL_Driver/Src/stm32f1xx_hal_pcd.c **** 
 349:Drivers/STM32F1xx_HAL_Driver/Src/stm32f1xx_hal_pcd.c ****       case HAL_PCD_SETUPSTAGE_CB_ID :
 350:Drivers/STM32F1xx_HAL_Driver/Src/stm32f1xx_hal_pcd.c ****         hpcd->SetupStageCallback = pCallback;
 351:Drivers/STM32F1xx_HAL_Driver/Src/stm32f1xx_hal_pcd.c ****         break;
 352:Drivers/STM32F1xx_HAL_Driver/Src/stm32f1xx_hal_pcd.c **** 
 353:Drivers/STM32F1xx_HAL_Driver/Src/stm32f1xx_hal_pcd.c ****       case HAL_PCD_RESET_CB_ID :
 354:Drivers/STM32F1xx_HAL_Driver/Src/stm32f1xx_hal_pcd.c ****         hpcd->ResetCallback = pCallback;
 355:Drivers/STM32F1xx_HAL_Driver/Src/stm32f1xx_hal_pcd.c ****         break;
 356:Drivers/STM32F1xx_HAL_Driver/Src/stm32f1xx_hal_pcd.c **** 
 357:Drivers/STM32F1xx_HAL_Driver/Src/stm32f1xx_hal_pcd.c ****       case HAL_PCD_SUSPEND_CB_ID :
 358:Drivers/STM32F1xx_HAL_Driver/Src/stm32f1xx_hal_pcd.c ****         hpcd->SuspendCallback = pCallback;
 359:Drivers/STM32F1xx_HAL_Driver/Src/stm32f1xx_hal_pcd.c ****         break;
 360:Drivers/STM32F1xx_HAL_Driver/Src/stm32f1xx_hal_pcd.c **** 
 361:Drivers/STM32F1xx_HAL_Driver/Src/stm32f1xx_hal_pcd.c ****       case HAL_PCD_RESUME_CB_ID :
 362:Drivers/STM32F1xx_HAL_Driver/Src/stm32f1xx_hal_pcd.c ****         hpcd->ResumeCallback = pCallback;
 363:Drivers/STM32F1xx_HAL_Driver/Src/stm32f1xx_hal_pcd.c ****         break;
 364:Drivers/STM32F1xx_HAL_Driver/Src/stm32f1xx_hal_pcd.c **** 
 365:Drivers/STM32F1xx_HAL_Driver/Src/stm32f1xx_hal_pcd.c ****       case HAL_PCD_CONNECT_CB_ID :
 366:Drivers/STM32F1xx_HAL_Driver/Src/stm32f1xx_hal_pcd.c ****         hpcd->ConnectCallback = pCallback;
 367:Drivers/STM32F1xx_HAL_Driver/Src/stm32f1xx_hal_pcd.c ****         break;
 368:Drivers/STM32F1xx_HAL_Driver/Src/stm32f1xx_hal_pcd.c **** 
 369:Drivers/STM32F1xx_HAL_Driver/Src/stm32f1xx_hal_pcd.c ****       case HAL_PCD_DISCONNECT_CB_ID :
 370:Drivers/STM32F1xx_HAL_Driver/Src/stm32f1xx_hal_pcd.c ****         hpcd->DisconnectCallback = pCallback;
 371:Drivers/STM32F1xx_HAL_Driver/Src/stm32f1xx_hal_pcd.c ****         break;
 372:Drivers/STM32F1xx_HAL_Driver/Src/stm32f1xx_hal_pcd.c **** 
 373:Drivers/STM32F1xx_HAL_Driver/Src/stm32f1xx_hal_pcd.c ****       case HAL_PCD_MSPINIT_CB_ID :
 374:Drivers/STM32F1xx_HAL_Driver/Src/stm32f1xx_hal_pcd.c ****         hpcd->MspInitCallback = pCallback;
ARM GAS  C:\Users\subdia\AppData\Local\Temp\cczK76oD.s 			page 8


 375:Drivers/STM32F1xx_HAL_Driver/Src/stm32f1xx_hal_pcd.c ****         break;
 376:Drivers/STM32F1xx_HAL_Driver/Src/stm32f1xx_hal_pcd.c **** 
 377:Drivers/STM32F1xx_HAL_Driver/Src/stm32f1xx_hal_pcd.c ****       case HAL_PCD_MSPDEINIT_CB_ID :
 378:Drivers/STM32F1xx_HAL_Driver/Src/stm32f1xx_hal_pcd.c ****         hpcd->MspDeInitCallback = pCallback;
 379:Drivers/STM32F1xx_HAL_Driver/Src/stm32f1xx_hal_pcd.c ****         break;
 380:Drivers/STM32F1xx_HAL_Driver/Src/stm32f1xx_hal_pcd.c **** 
 381:Drivers/STM32F1xx_HAL_Driver/Src/stm32f1xx_hal_pcd.c ****       default :
 382:Drivers/STM32F1xx_HAL_Driver/Src/stm32f1xx_hal_pcd.c ****         /* Update the error code */
 383:Drivers/STM32F1xx_HAL_Driver/Src/stm32f1xx_hal_pcd.c ****         hpcd->ErrorCode |= HAL_PCD_ERROR_INVALID_CALLBACK;
 384:Drivers/STM32F1xx_HAL_Driver/Src/stm32f1xx_hal_pcd.c ****         /* Return error status */
 385:Drivers/STM32F1xx_HAL_Driver/Src/stm32f1xx_hal_pcd.c ****         status =  HAL_ERROR;
 386:Drivers/STM32F1xx_HAL_Driver/Src/stm32f1xx_hal_pcd.c ****         break;
 387:Drivers/STM32F1xx_HAL_Driver/Src/stm32f1xx_hal_pcd.c ****     }
 388:Drivers/STM32F1xx_HAL_Driver/Src/stm32f1xx_hal_pcd.c ****   }
 389:Drivers/STM32F1xx_HAL_Driver/Src/stm32f1xx_hal_pcd.c ****   else if (hpcd->State == HAL_PCD_STATE_RESET)
 390:Drivers/STM32F1xx_HAL_Driver/Src/stm32f1xx_hal_pcd.c ****   {
 391:Drivers/STM32F1xx_HAL_Driver/Src/stm32f1xx_hal_pcd.c ****     switch (CallbackID)
 392:Drivers/STM32F1xx_HAL_Driver/Src/stm32f1xx_hal_pcd.c ****     {
 393:Drivers/STM32F1xx_HAL_Driver/Src/stm32f1xx_hal_pcd.c ****       case HAL_PCD_MSPINIT_CB_ID :
 394:Drivers/STM32F1xx_HAL_Driver/Src/stm32f1xx_hal_pcd.c ****         hpcd->MspInitCallback = pCallback;
 395:Drivers/STM32F1xx_HAL_Driver/Src/stm32f1xx_hal_pcd.c ****         break;
 396:Drivers/STM32F1xx_HAL_Driver/Src/stm32f1xx_hal_pcd.c **** 
 397:Drivers/STM32F1xx_HAL_Driver/Src/stm32f1xx_hal_pcd.c ****       case HAL_PCD_MSPDEINIT_CB_ID :
 398:Drivers/STM32F1xx_HAL_Driver/Src/stm32f1xx_hal_pcd.c ****         hpcd->MspDeInitCallback = pCallback;
 399:Drivers/STM32F1xx_HAL_Driver/Src/stm32f1xx_hal_pcd.c ****         break;
 400:Drivers/STM32F1xx_HAL_Driver/Src/stm32f1xx_hal_pcd.c **** 
 401:Drivers/STM32F1xx_HAL_Driver/Src/stm32f1xx_hal_pcd.c ****       default :
 402:Drivers/STM32F1xx_HAL_Driver/Src/stm32f1xx_hal_pcd.c ****         /* Update the error code */
 403:Drivers/STM32F1xx_HAL_Driver/Src/stm32f1xx_hal_pcd.c ****         hpcd->ErrorCode |= HAL_PCD_ERROR_INVALID_CALLBACK;
 404:Drivers/STM32F1xx_HAL_Driver/Src/stm32f1xx_hal_pcd.c ****         /* Return error status */
 405:Drivers/STM32F1xx_HAL_Driver/Src/stm32f1xx_hal_pcd.c ****         status =  HAL_ERROR;
 406:Drivers/STM32F1xx_HAL_Driver/Src/stm32f1xx_hal_pcd.c ****         break;
 407:Drivers/STM32F1xx_HAL_Driver/Src/stm32f1xx_hal_pcd.c ****     }
 408:Drivers/STM32F1xx_HAL_Driver/Src/stm32f1xx_hal_pcd.c ****   }
 409:Drivers/STM32F1xx_HAL_Driver/Src/stm32f1xx_hal_pcd.c ****   else
 410:Drivers/STM32F1xx_HAL_Driver/Src/stm32f1xx_hal_pcd.c ****   {
 411:Drivers/STM32F1xx_HAL_Driver/Src/stm32f1xx_hal_pcd.c ****     /* Update the error code */
 412:Drivers/STM32F1xx_HAL_Driver/Src/stm32f1xx_hal_pcd.c ****     hpcd->ErrorCode |= HAL_PCD_ERROR_INVALID_CALLBACK;
 413:Drivers/STM32F1xx_HAL_Driver/Src/stm32f1xx_hal_pcd.c ****     /* Return error status */
 414:Drivers/STM32F1xx_HAL_Driver/Src/stm32f1xx_hal_pcd.c ****     status =  HAL_ERROR;
 415:Drivers/STM32F1xx_HAL_Driver/Src/stm32f1xx_hal_pcd.c ****   }
 416:Drivers/STM32F1xx_HAL_Driver/Src/stm32f1xx_hal_pcd.c **** 
 417:Drivers/STM32F1xx_HAL_Driver/Src/stm32f1xx_hal_pcd.c ****   /* Release Lock */
 418:Drivers/STM32F1xx_HAL_Driver/Src/stm32f1xx_hal_pcd.c ****   __HAL_UNLOCK(hpcd);
 419:Drivers/STM32F1xx_HAL_Driver/Src/stm32f1xx_hal_pcd.c ****   return status;
 420:Drivers/STM32F1xx_HAL_Driver/Src/stm32f1xx_hal_pcd.c **** }
 421:Drivers/STM32F1xx_HAL_Driver/Src/stm32f1xx_hal_pcd.c **** 
 422:Drivers/STM32F1xx_HAL_Driver/Src/stm32f1xx_hal_pcd.c **** /**
 423:Drivers/STM32F1xx_HAL_Driver/Src/stm32f1xx_hal_pcd.c ****   * @brief  Unregister an USB PCD Callback
 424:Drivers/STM32F1xx_HAL_Driver/Src/stm32f1xx_hal_pcd.c ****   *         USB PCD callback is redirected to the weak predefined callback
 425:Drivers/STM32F1xx_HAL_Driver/Src/stm32f1xx_hal_pcd.c ****   * @param  hpcd USB PCD handle
 426:Drivers/STM32F1xx_HAL_Driver/Src/stm32f1xx_hal_pcd.c ****   * @param  CallbackID ID of the callback to be unregistered
 427:Drivers/STM32F1xx_HAL_Driver/Src/stm32f1xx_hal_pcd.c ****   *         This parameter can be one of the following values:
 428:Drivers/STM32F1xx_HAL_Driver/Src/stm32f1xx_hal_pcd.c ****   *          @arg @ref HAL_PCD_SOF_CB_ID USB PCD SOF callback ID
 429:Drivers/STM32F1xx_HAL_Driver/Src/stm32f1xx_hal_pcd.c ****   *          @arg @ref HAL_PCD_SETUPSTAGE_CB_ID USB PCD Setup callback ID
 430:Drivers/STM32F1xx_HAL_Driver/Src/stm32f1xx_hal_pcd.c ****   *          @arg @ref HAL_PCD_RESET_CB_ID USB PCD Reset callback ID
 431:Drivers/STM32F1xx_HAL_Driver/Src/stm32f1xx_hal_pcd.c ****   *          @arg @ref HAL_PCD_SUSPEND_CB_ID USB PCD Suspend callback ID
ARM GAS  C:\Users\subdia\AppData\Local\Temp\cczK76oD.s 			page 9


 432:Drivers/STM32F1xx_HAL_Driver/Src/stm32f1xx_hal_pcd.c ****   *          @arg @ref HAL_PCD_RESUME_CB_ID USB PCD Resume callback ID
 433:Drivers/STM32F1xx_HAL_Driver/Src/stm32f1xx_hal_pcd.c ****   *          @arg @ref HAL_PCD_CONNECT_CB_ID USB PCD Connect callback ID
 434:Drivers/STM32F1xx_HAL_Driver/Src/stm32f1xx_hal_pcd.c ****   *          @arg @ref HAL_PCD_DISCONNECT_CB_ID USB PCD Disconnect callback ID
 435:Drivers/STM32F1xx_HAL_Driver/Src/stm32f1xx_hal_pcd.c ****   *          @arg @ref HAL_PCD_MSPINIT_CB_ID MspDeInit callback ID
 436:Drivers/STM32F1xx_HAL_Driver/Src/stm32f1xx_hal_pcd.c ****   *          @arg @ref HAL_PCD_MSPDEINIT_CB_ID MspDeInit callback ID
 437:Drivers/STM32F1xx_HAL_Driver/Src/stm32f1xx_hal_pcd.c ****   * @retval HAL status
 438:Drivers/STM32F1xx_HAL_Driver/Src/stm32f1xx_hal_pcd.c ****   */
 439:Drivers/STM32F1xx_HAL_Driver/Src/stm32f1xx_hal_pcd.c **** HAL_StatusTypeDef HAL_PCD_UnRegisterCallback(PCD_HandleTypeDef *hpcd, HAL_PCD_CallbackIDTypeDef Cal
 440:Drivers/STM32F1xx_HAL_Driver/Src/stm32f1xx_hal_pcd.c **** {
 441:Drivers/STM32F1xx_HAL_Driver/Src/stm32f1xx_hal_pcd.c ****   HAL_StatusTypeDef status = HAL_OK;
 442:Drivers/STM32F1xx_HAL_Driver/Src/stm32f1xx_hal_pcd.c **** 
 443:Drivers/STM32F1xx_HAL_Driver/Src/stm32f1xx_hal_pcd.c ****   /* Process locked */
 444:Drivers/STM32F1xx_HAL_Driver/Src/stm32f1xx_hal_pcd.c ****   __HAL_LOCK(hpcd);
 445:Drivers/STM32F1xx_HAL_Driver/Src/stm32f1xx_hal_pcd.c **** 
 446:Drivers/STM32F1xx_HAL_Driver/Src/stm32f1xx_hal_pcd.c ****   /* Setup Legacy weak Callbacks  */
 447:Drivers/STM32F1xx_HAL_Driver/Src/stm32f1xx_hal_pcd.c ****   if (hpcd->State == HAL_PCD_STATE_READY)
 448:Drivers/STM32F1xx_HAL_Driver/Src/stm32f1xx_hal_pcd.c ****   {
 449:Drivers/STM32F1xx_HAL_Driver/Src/stm32f1xx_hal_pcd.c ****     switch (CallbackID)
 450:Drivers/STM32F1xx_HAL_Driver/Src/stm32f1xx_hal_pcd.c ****     {
 451:Drivers/STM32F1xx_HAL_Driver/Src/stm32f1xx_hal_pcd.c ****       case HAL_PCD_SOF_CB_ID :
 452:Drivers/STM32F1xx_HAL_Driver/Src/stm32f1xx_hal_pcd.c ****         hpcd->SOFCallback = HAL_PCD_SOFCallback;
 453:Drivers/STM32F1xx_HAL_Driver/Src/stm32f1xx_hal_pcd.c ****         break;
 454:Drivers/STM32F1xx_HAL_Driver/Src/stm32f1xx_hal_pcd.c **** 
 455:Drivers/STM32F1xx_HAL_Driver/Src/stm32f1xx_hal_pcd.c ****       case HAL_PCD_SETUPSTAGE_CB_ID :
 456:Drivers/STM32F1xx_HAL_Driver/Src/stm32f1xx_hal_pcd.c ****         hpcd->SetupStageCallback = HAL_PCD_SetupStageCallback;
 457:Drivers/STM32F1xx_HAL_Driver/Src/stm32f1xx_hal_pcd.c ****         break;
 458:Drivers/STM32F1xx_HAL_Driver/Src/stm32f1xx_hal_pcd.c **** 
 459:Drivers/STM32F1xx_HAL_Driver/Src/stm32f1xx_hal_pcd.c ****       case HAL_PCD_RESET_CB_ID :
 460:Drivers/STM32F1xx_HAL_Driver/Src/stm32f1xx_hal_pcd.c ****         hpcd->ResetCallback = HAL_PCD_ResetCallback;
 461:Drivers/STM32F1xx_HAL_Driver/Src/stm32f1xx_hal_pcd.c ****         break;
 462:Drivers/STM32F1xx_HAL_Driver/Src/stm32f1xx_hal_pcd.c **** 
 463:Drivers/STM32F1xx_HAL_Driver/Src/stm32f1xx_hal_pcd.c ****       case HAL_PCD_SUSPEND_CB_ID :
 464:Drivers/STM32F1xx_HAL_Driver/Src/stm32f1xx_hal_pcd.c ****         hpcd->SuspendCallback = HAL_PCD_SuspendCallback;
 465:Drivers/STM32F1xx_HAL_Driver/Src/stm32f1xx_hal_pcd.c ****         break;
 466:Drivers/STM32F1xx_HAL_Driver/Src/stm32f1xx_hal_pcd.c **** 
 467:Drivers/STM32F1xx_HAL_Driver/Src/stm32f1xx_hal_pcd.c ****       case HAL_PCD_RESUME_CB_ID :
 468:Drivers/STM32F1xx_HAL_Driver/Src/stm32f1xx_hal_pcd.c ****         hpcd->ResumeCallback = HAL_PCD_ResumeCallback;
 469:Drivers/STM32F1xx_HAL_Driver/Src/stm32f1xx_hal_pcd.c ****         break;
 470:Drivers/STM32F1xx_HAL_Driver/Src/stm32f1xx_hal_pcd.c **** 
 471:Drivers/STM32F1xx_HAL_Driver/Src/stm32f1xx_hal_pcd.c ****       case HAL_PCD_CONNECT_CB_ID :
 472:Drivers/STM32F1xx_HAL_Driver/Src/stm32f1xx_hal_pcd.c ****         hpcd->ConnectCallback = HAL_PCD_ConnectCallback;
 473:Drivers/STM32F1xx_HAL_Driver/Src/stm32f1xx_hal_pcd.c ****         break;
 474:Drivers/STM32F1xx_HAL_Driver/Src/stm32f1xx_hal_pcd.c **** 
 475:Drivers/STM32F1xx_HAL_Driver/Src/stm32f1xx_hal_pcd.c ****       case HAL_PCD_DISCONNECT_CB_ID :
 476:Drivers/STM32F1xx_HAL_Driver/Src/stm32f1xx_hal_pcd.c ****         hpcd->DisconnectCallback = HAL_PCD_DisconnectCallback;
 477:Drivers/STM32F1xx_HAL_Driver/Src/stm32f1xx_hal_pcd.c ****         break;
 478:Drivers/STM32F1xx_HAL_Driver/Src/stm32f1xx_hal_pcd.c **** 
 479:Drivers/STM32F1xx_HAL_Driver/Src/stm32f1xx_hal_pcd.c ****       case HAL_PCD_MSPINIT_CB_ID :
 480:Drivers/STM32F1xx_HAL_Driver/Src/stm32f1xx_hal_pcd.c ****         hpcd->MspInitCallback = HAL_PCD_MspInit;
 481:Drivers/STM32F1xx_HAL_Driver/Src/stm32f1xx_hal_pcd.c ****         break;
 482:Drivers/STM32F1xx_HAL_Driver/Src/stm32f1xx_hal_pcd.c **** 
 483:Drivers/STM32F1xx_HAL_Driver/Src/stm32f1xx_hal_pcd.c ****       case HAL_PCD_MSPDEINIT_CB_ID :
 484:Drivers/STM32F1xx_HAL_Driver/Src/stm32f1xx_hal_pcd.c ****         hpcd->MspDeInitCallback = HAL_PCD_MspDeInit;
 485:Drivers/STM32F1xx_HAL_Driver/Src/stm32f1xx_hal_pcd.c ****         break;
 486:Drivers/STM32F1xx_HAL_Driver/Src/stm32f1xx_hal_pcd.c **** 
 487:Drivers/STM32F1xx_HAL_Driver/Src/stm32f1xx_hal_pcd.c ****       default :
 488:Drivers/STM32F1xx_HAL_Driver/Src/stm32f1xx_hal_pcd.c ****         /* Update the error code */
ARM GAS  C:\Users\subdia\AppData\Local\Temp\cczK76oD.s 			page 10


 489:Drivers/STM32F1xx_HAL_Driver/Src/stm32f1xx_hal_pcd.c ****         hpcd->ErrorCode |= HAL_PCD_ERROR_INVALID_CALLBACK;
 490:Drivers/STM32F1xx_HAL_Driver/Src/stm32f1xx_hal_pcd.c **** 
 491:Drivers/STM32F1xx_HAL_Driver/Src/stm32f1xx_hal_pcd.c ****         /* Return error status */
 492:Drivers/STM32F1xx_HAL_Driver/Src/stm32f1xx_hal_pcd.c ****         status =  HAL_ERROR;
 493:Drivers/STM32F1xx_HAL_Driver/Src/stm32f1xx_hal_pcd.c ****         break;
 494:Drivers/STM32F1xx_HAL_Driver/Src/stm32f1xx_hal_pcd.c ****     }
 495:Drivers/STM32F1xx_HAL_Driver/Src/stm32f1xx_hal_pcd.c ****   }
 496:Drivers/STM32F1xx_HAL_Driver/Src/stm32f1xx_hal_pcd.c ****   else if (hpcd->State == HAL_PCD_STATE_RESET)
 497:Drivers/STM32F1xx_HAL_Driver/Src/stm32f1xx_hal_pcd.c ****   {
 498:Drivers/STM32F1xx_HAL_Driver/Src/stm32f1xx_hal_pcd.c ****     switch (CallbackID)
 499:Drivers/STM32F1xx_HAL_Driver/Src/stm32f1xx_hal_pcd.c ****     {
 500:Drivers/STM32F1xx_HAL_Driver/Src/stm32f1xx_hal_pcd.c ****       case HAL_PCD_MSPINIT_CB_ID :
 501:Drivers/STM32F1xx_HAL_Driver/Src/stm32f1xx_hal_pcd.c ****         hpcd->MspInitCallback = HAL_PCD_MspInit;
 502:Drivers/STM32F1xx_HAL_Driver/Src/stm32f1xx_hal_pcd.c ****         break;
 503:Drivers/STM32F1xx_HAL_Driver/Src/stm32f1xx_hal_pcd.c **** 
 504:Drivers/STM32F1xx_HAL_Driver/Src/stm32f1xx_hal_pcd.c ****       case HAL_PCD_MSPDEINIT_CB_ID :
 505:Drivers/STM32F1xx_HAL_Driver/Src/stm32f1xx_hal_pcd.c ****         hpcd->MspDeInitCallback = HAL_PCD_MspDeInit;
 506:Drivers/STM32F1xx_HAL_Driver/Src/stm32f1xx_hal_pcd.c ****         break;
 507:Drivers/STM32F1xx_HAL_Driver/Src/stm32f1xx_hal_pcd.c **** 
 508:Drivers/STM32F1xx_HAL_Driver/Src/stm32f1xx_hal_pcd.c ****       default :
 509:Drivers/STM32F1xx_HAL_Driver/Src/stm32f1xx_hal_pcd.c ****         /* Update the error code */
 510:Drivers/STM32F1xx_HAL_Driver/Src/stm32f1xx_hal_pcd.c ****         hpcd->ErrorCode |= HAL_PCD_ERROR_INVALID_CALLBACK;
 511:Drivers/STM32F1xx_HAL_Driver/Src/stm32f1xx_hal_pcd.c **** 
 512:Drivers/STM32F1xx_HAL_Driver/Src/stm32f1xx_hal_pcd.c ****         /* Return error status */
 513:Drivers/STM32F1xx_HAL_Driver/Src/stm32f1xx_hal_pcd.c ****         status =  HAL_ERROR;
 514:Drivers/STM32F1xx_HAL_Driver/Src/stm32f1xx_hal_pcd.c ****         break;
 515:Drivers/STM32F1xx_HAL_Driver/Src/stm32f1xx_hal_pcd.c ****     }
 516:Drivers/STM32F1xx_HAL_Driver/Src/stm32f1xx_hal_pcd.c ****   }
 517:Drivers/STM32F1xx_HAL_Driver/Src/stm32f1xx_hal_pcd.c ****   else
 518:Drivers/STM32F1xx_HAL_Driver/Src/stm32f1xx_hal_pcd.c ****   {
 519:Drivers/STM32F1xx_HAL_Driver/Src/stm32f1xx_hal_pcd.c ****     /* Update the error code */
 520:Drivers/STM32F1xx_HAL_Driver/Src/stm32f1xx_hal_pcd.c ****     hpcd->ErrorCode |= HAL_PCD_ERROR_INVALID_CALLBACK;
 521:Drivers/STM32F1xx_HAL_Driver/Src/stm32f1xx_hal_pcd.c **** 
 522:Drivers/STM32F1xx_HAL_Driver/Src/stm32f1xx_hal_pcd.c ****     /* Return error status */
 523:Drivers/STM32F1xx_HAL_Driver/Src/stm32f1xx_hal_pcd.c ****     status =  HAL_ERROR;
 524:Drivers/STM32F1xx_HAL_Driver/Src/stm32f1xx_hal_pcd.c ****   }
 525:Drivers/STM32F1xx_HAL_Driver/Src/stm32f1xx_hal_pcd.c **** 
 526:Drivers/STM32F1xx_HAL_Driver/Src/stm32f1xx_hal_pcd.c ****   /* Release Lock */
 527:Drivers/STM32F1xx_HAL_Driver/Src/stm32f1xx_hal_pcd.c ****   __HAL_UNLOCK(hpcd);
 528:Drivers/STM32F1xx_HAL_Driver/Src/stm32f1xx_hal_pcd.c ****   return status;
 529:Drivers/STM32F1xx_HAL_Driver/Src/stm32f1xx_hal_pcd.c **** }
 530:Drivers/STM32F1xx_HAL_Driver/Src/stm32f1xx_hal_pcd.c **** 
 531:Drivers/STM32F1xx_HAL_Driver/Src/stm32f1xx_hal_pcd.c **** /**
 532:Drivers/STM32F1xx_HAL_Driver/Src/stm32f1xx_hal_pcd.c ****   * @brief  Register USB PCD Data OUT Stage Callback
 533:Drivers/STM32F1xx_HAL_Driver/Src/stm32f1xx_hal_pcd.c ****   *         To be used instead of the weak HAL_PCD_DataOutStageCallback() predefined callback
 534:Drivers/STM32F1xx_HAL_Driver/Src/stm32f1xx_hal_pcd.c ****   * @param  hpcd PCD handle
 535:Drivers/STM32F1xx_HAL_Driver/Src/stm32f1xx_hal_pcd.c ****   * @param  pCallback pointer to the USB PCD Data OUT Stage Callback function
 536:Drivers/STM32F1xx_HAL_Driver/Src/stm32f1xx_hal_pcd.c ****   * @retval HAL status
 537:Drivers/STM32F1xx_HAL_Driver/Src/stm32f1xx_hal_pcd.c ****   */
 538:Drivers/STM32F1xx_HAL_Driver/Src/stm32f1xx_hal_pcd.c **** HAL_StatusTypeDef HAL_PCD_RegisterDataOutStageCallback(PCD_HandleTypeDef *hpcd,
 539:Drivers/STM32F1xx_HAL_Driver/Src/stm32f1xx_hal_pcd.c ****                                                        pPCD_DataOutStageCallbackTypeDef pCallback)
 540:Drivers/STM32F1xx_HAL_Driver/Src/stm32f1xx_hal_pcd.c **** {
 541:Drivers/STM32F1xx_HAL_Driver/Src/stm32f1xx_hal_pcd.c ****   HAL_StatusTypeDef status = HAL_OK;
 542:Drivers/STM32F1xx_HAL_Driver/Src/stm32f1xx_hal_pcd.c **** 
 543:Drivers/STM32F1xx_HAL_Driver/Src/stm32f1xx_hal_pcd.c ****   if (pCallback == NULL)
 544:Drivers/STM32F1xx_HAL_Driver/Src/stm32f1xx_hal_pcd.c ****   {
 545:Drivers/STM32F1xx_HAL_Driver/Src/stm32f1xx_hal_pcd.c ****     /* Update the error code */
ARM GAS  C:\Users\subdia\AppData\Local\Temp\cczK76oD.s 			page 11


 546:Drivers/STM32F1xx_HAL_Driver/Src/stm32f1xx_hal_pcd.c ****     hpcd->ErrorCode |= HAL_PCD_ERROR_INVALID_CALLBACK;
 547:Drivers/STM32F1xx_HAL_Driver/Src/stm32f1xx_hal_pcd.c **** 
 548:Drivers/STM32F1xx_HAL_Driver/Src/stm32f1xx_hal_pcd.c ****     return HAL_ERROR;
 549:Drivers/STM32F1xx_HAL_Driver/Src/stm32f1xx_hal_pcd.c ****   }
 550:Drivers/STM32F1xx_HAL_Driver/Src/stm32f1xx_hal_pcd.c **** 
 551:Drivers/STM32F1xx_HAL_Driver/Src/stm32f1xx_hal_pcd.c ****   /* Process locked */
 552:Drivers/STM32F1xx_HAL_Driver/Src/stm32f1xx_hal_pcd.c ****   __HAL_LOCK(hpcd);
 553:Drivers/STM32F1xx_HAL_Driver/Src/stm32f1xx_hal_pcd.c **** 
 554:Drivers/STM32F1xx_HAL_Driver/Src/stm32f1xx_hal_pcd.c ****   if (hpcd->State == HAL_PCD_STATE_READY)
 555:Drivers/STM32F1xx_HAL_Driver/Src/stm32f1xx_hal_pcd.c ****   {
 556:Drivers/STM32F1xx_HAL_Driver/Src/stm32f1xx_hal_pcd.c ****     hpcd->DataOutStageCallback = pCallback;
 557:Drivers/STM32F1xx_HAL_Driver/Src/stm32f1xx_hal_pcd.c ****   }
 558:Drivers/STM32F1xx_HAL_Driver/Src/stm32f1xx_hal_pcd.c ****   else
 559:Drivers/STM32F1xx_HAL_Driver/Src/stm32f1xx_hal_pcd.c ****   {
 560:Drivers/STM32F1xx_HAL_Driver/Src/stm32f1xx_hal_pcd.c ****     /* Update the error code */
 561:Drivers/STM32F1xx_HAL_Driver/Src/stm32f1xx_hal_pcd.c ****     hpcd->ErrorCode |= HAL_PCD_ERROR_INVALID_CALLBACK;
 562:Drivers/STM32F1xx_HAL_Driver/Src/stm32f1xx_hal_pcd.c **** 
 563:Drivers/STM32F1xx_HAL_Driver/Src/stm32f1xx_hal_pcd.c ****     /* Return error status */
 564:Drivers/STM32F1xx_HAL_Driver/Src/stm32f1xx_hal_pcd.c ****     status =  HAL_ERROR;
 565:Drivers/STM32F1xx_HAL_Driver/Src/stm32f1xx_hal_pcd.c ****   }
 566:Drivers/STM32F1xx_HAL_Driver/Src/stm32f1xx_hal_pcd.c **** 
 567:Drivers/STM32F1xx_HAL_Driver/Src/stm32f1xx_hal_pcd.c ****   /* Release Lock */
 568:Drivers/STM32F1xx_HAL_Driver/Src/stm32f1xx_hal_pcd.c ****   __HAL_UNLOCK(hpcd);
 569:Drivers/STM32F1xx_HAL_Driver/Src/stm32f1xx_hal_pcd.c **** 
 570:Drivers/STM32F1xx_HAL_Driver/Src/stm32f1xx_hal_pcd.c ****   return status;
 571:Drivers/STM32F1xx_HAL_Driver/Src/stm32f1xx_hal_pcd.c **** }
 572:Drivers/STM32F1xx_HAL_Driver/Src/stm32f1xx_hal_pcd.c **** 
 573:Drivers/STM32F1xx_HAL_Driver/Src/stm32f1xx_hal_pcd.c **** /**
 574:Drivers/STM32F1xx_HAL_Driver/Src/stm32f1xx_hal_pcd.c ****   * @brief  Unregister the USB PCD Data OUT Stage Callback
 575:Drivers/STM32F1xx_HAL_Driver/Src/stm32f1xx_hal_pcd.c ****   *         USB PCD Data OUT Stage Callback is redirected to the weak HAL_PCD_DataOutStageCallback(
 576:Drivers/STM32F1xx_HAL_Driver/Src/stm32f1xx_hal_pcd.c ****   * @param  hpcd PCD handle
 577:Drivers/STM32F1xx_HAL_Driver/Src/stm32f1xx_hal_pcd.c ****   * @retval HAL status
 578:Drivers/STM32F1xx_HAL_Driver/Src/stm32f1xx_hal_pcd.c ****   */
 579:Drivers/STM32F1xx_HAL_Driver/Src/stm32f1xx_hal_pcd.c **** HAL_StatusTypeDef HAL_PCD_UnRegisterDataOutStageCallback(PCD_HandleTypeDef *hpcd)
 580:Drivers/STM32F1xx_HAL_Driver/Src/stm32f1xx_hal_pcd.c **** {
 581:Drivers/STM32F1xx_HAL_Driver/Src/stm32f1xx_hal_pcd.c ****   HAL_StatusTypeDef status = HAL_OK;
 582:Drivers/STM32F1xx_HAL_Driver/Src/stm32f1xx_hal_pcd.c **** 
 583:Drivers/STM32F1xx_HAL_Driver/Src/stm32f1xx_hal_pcd.c ****   /* Process locked */
 584:Drivers/STM32F1xx_HAL_Driver/Src/stm32f1xx_hal_pcd.c ****   __HAL_LOCK(hpcd);
 585:Drivers/STM32F1xx_HAL_Driver/Src/stm32f1xx_hal_pcd.c **** 
 586:Drivers/STM32F1xx_HAL_Driver/Src/stm32f1xx_hal_pcd.c ****   if (hpcd->State == HAL_PCD_STATE_READY)
 587:Drivers/STM32F1xx_HAL_Driver/Src/stm32f1xx_hal_pcd.c ****   {
 588:Drivers/STM32F1xx_HAL_Driver/Src/stm32f1xx_hal_pcd.c ****     hpcd->DataOutStageCallback = HAL_PCD_DataOutStageCallback; /* Legacy weak DataOutStageCallback 
 589:Drivers/STM32F1xx_HAL_Driver/Src/stm32f1xx_hal_pcd.c ****   }
 590:Drivers/STM32F1xx_HAL_Driver/Src/stm32f1xx_hal_pcd.c ****   else
 591:Drivers/STM32F1xx_HAL_Driver/Src/stm32f1xx_hal_pcd.c ****   {
 592:Drivers/STM32F1xx_HAL_Driver/Src/stm32f1xx_hal_pcd.c ****     /* Update the error code */
 593:Drivers/STM32F1xx_HAL_Driver/Src/stm32f1xx_hal_pcd.c ****     hpcd->ErrorCode |= HAL_PCD_ERROR_INVALID_CALLBACK;
 594:Drivers/STM32F1xx_HAL_Driver/Src/stm32f1xx_hal_pcd.c **** 
 595:Drivers/STM32F1xx_HAL_Driver/Src/stm32f1xx_hal_pcd.c ****     /* Return error status */
 596:Drivers/STM32F1xx_HAL_Driver/Src/stm32f1xx_hal_pcd.c ****     status =  HAL_ERROR;
 597:Drivers/STM32F1xx_HAL_Driver/Src/stm32f1xx_hal_pcd.c ****   }
 598:Drivers/STM32F1xx_HAL_Driver/Src/stm32f1xx_hal_pcd.c **** 
 599:Drivers/STM32F1xx_HAL_Driver/Src/stm32f1xx_hal_pcd.c ****   /* Release Lock */
 600:Drivers/STM32F1xx_HAL_Driver/Src/stm32f1xx_hal_pcd.c ****   __HAL_UNLOCK(hpcd);
 601:Drivers/STM32F1xx_HAL_Driver/Src/stm32f1xx_hal_pcd.c **** 
 602:Drivers/STM32F1xx_HAL_Driver/Src/stm32f1xx_hal_pcd.c ****   return status;
ARM GAS  C:\Users\subdia\AppData\Local\Temp\cczK76oD.s 			page 12


 603:Drivers/STM32F1xx_HAL_Driver/Src/stm32f1xx_hal_pcd.c **** }
 604:Drivers/STM32F1xx_HAL_Driver/Src/stm32f1xx_hal_pcd.c **** 
 605:Drivers/STM32F1xx_HAL_Driver/Src/stm32f1xx_hal_pcd.c **** /**
 606:Drivers/STM32F1xx_HAL_Driver/Src/stm32f1xx_hal_pcd.c ****   * @brief  Register USB PCD Data IN Stage Callback
 607:Drivers/STM32F1xx_HAL_Driver/Src/stm32f1xx_hal_pcd.c ****   *         To be used instead of the weak HAL_PCD_DataInStageCallback() predefined callback
 608:Drivers/STM32F1xx_HAL_Driver/Src/stm32f1xx_hal_pcd.c ****   * @param  hpcd PCD handle
 609:Drivers/STM32F1xx_HAL_Driver/Src/stm32f1xx_hal_pcd.c ****   * @param  pCallback pointer to the USB PCD Data IN Stage Callback function
 610:Drivers/STM32F1xx_HAL_Driver/Src/stm32f1xx_hal_pcd.c ****   * @retval HAL status
 611:Drivers/STM32F1xx_HAL_Driver/Src/stm32f1xx_hal_pcd.c ****   */
 612:Drivers/STM32F1xx_HAL_Driver/Src/stm32f1xx_hal_pcd.c **** HAL_StatusTypeDef HAL_PCD_RegisterDataInStageCallback(PCD_HandleTypeDef *hpcd,
 613:Drivers/STM32F1xx_HAL_Driver/Src/stm32f1xx_hal_pcd.c ****                                                       pPCD_DataInStageCallbackTypeDef pCallback)
 614:Drivers/STM32F1xx_HAL_Driver/Src/stm32f1xx_hal_pcd.c **** {
 615:Drivers/STM32F1xx_HAL_Driver/Src/stm32f1xx_hal_pcd.c ****   HAL_StatusTypeDef status = HAL_OK;
 616:Drivers/STM32F1xx_HAL_Driver/Src/stm32f1xx_hal_pcd.c **** 
 617:Drivers/STM32F1xx_HAL_Driver/Src/stm32f1xx_hal_pcd.c ****   if (pCallback == NULL)
 618:Drivers/STM32F1xx_HAL_Driver/Src/stm32f1xx_hal_pcd.c ****   {
 619:Drivers/STM32F1xx_HAL_Driver/Src/stm32f1xx_hal_pcd.c ****     /* Update the error code */
 620:Drivers/STM32F1xx_HAL_Driver/Src/stm32f1xx_hal_pcd.c ****     hpcd->ErrorCode |= HAL_PCD_ERROR_INVALID_CALLBACK;
 621:Drivers/STM32F1xx_HAL_Driver/Src/stm32f1xx_hal_pcd.c **** 
 622:Drivers/STM32F1xx_HAL_Driver/Src/stm32f1xx_hal_pcd.c ****     return HAL_ERROR;
 623:Drivers/STM32F1xx_HAL_Driver/Src/stm32f1xx_hal_pcd.c ****   }
 624:Drivers/STM32F1xx_HAL_Driver/Src/stm32f1xx_hal_pcd.c **** 
 625:Drivers/STM32F1xx_HAL_Driver/Src/stm32f1xx_hal_pcd.c ****   /* Process locked */
 626:Drivers/STM32F1xx_HAL_Driver/Src/stm32f1xx_hal_pcd.c ****   __HAL_LOCK(hpcd);
 627:Drivers/STM32F1xx_HAL_Driver/Src/stm32f1xx_hal_pcd.c **** 
 628:Drivers/STM32F1xx_HAL_Driver/Src/stm32f1xx_hal_pcd.c ****   if (hpcd->State == HAL_PCD_STATE_READY)
 629:Drivers/STM32F1xx_HAL_Driver/Src/stm32f1xx_hal_pcd.c ****   {
 630:Drivers/STM32F1xx_HAL_Driver/Src/stm32f1xx_hal_pcd.c ****     hpcd->DataInStageCallback = pCallback;
 631:Drivers/STM32F1xx_HAL_Driver/Src/stm32f1xx_hal_pcd.c ****   }
 632:Drivers/STM32F1xx_HAL_Driver/Src/stm32f1xx_hal_pcd.c ****   else
 633:Drivers/STM32F1xx_HAL_Driver/Src/stm32f1xx_hal_pcd.c ****   {
 634:Drivers/STM32F1xx_HAL_Driver/Src/stm32f1xx_hal_pcd.c ****     /* Update the error code */
 635:Drivers/STM32F1xx_HAL_Driver/Src/stm32f1xx_hal_pcd.c ****     hpcd->ErrorCode |= HAL_PCD_ERROR_INVALID_CALLBACK;
 636:Drivers/STM32F1xx_HAL_Driver/Src/stm32f1xx_hal_pcd.c **** 
 637:Drivers/STM32F1xx_HAL_Driver/Src/stm32f1xx_hal_pcd.c ****     /* Return error status */
 638:Drivers/STM32F1xx_HAL_Driver/Src/stm32f1xx_hal_pcd.c ****     status =  HAL_ERROR;
 639:Drivers/STM32F1xx_HAL_Driver/Src/stm32f1xx_hal_pcd.c ****   }
 640:Drivers/STM32F1xx_HAL_Driver/Src/stm32f1xx_hal_pcd.c **** 
 641:Drivers/STM32F1xx_HAL_Driver/Src/stm32f1xx_hal_pcd.c ****   /* Release Lock */
 642:Drivers/STM32F1xx_HAL_Driver/Src/stm32f1xx_hal_pcd.c ****   __HAL_UNLOCK(hpcd);
 643:Drivers/STM32F1xx_HAL_Driver/Src/stm32f1xx_hal_pcd.c **** 
 644:Drivers/STM32F1xx_HAL_Driver/Src/stm32f1xx_hal_pcd.c ****   return status;
 645:Drivers/STM32F1xx_HAL_Driver/Src/stm32f1xx_hal_pcd.c **** }
 646:Drivers/STM32F1xx_HAL_Driver/Src/stm32f1xx_hal_pcd.c **** 
 647:Drivers/STM32F1xx_HAL_Driver/Src/stm32f1xx_hal_pcd.c **** /**
 648:Drivers/STM32F1xx_HAL_Driver/Src/stm32f1xx_hal_pcd.c ****   * @brief  Unregister the USB PCD Data IN Stage Callback
 649:Drivers/STM32F1xx_HAL_Driver/Src/stm32f1xx_hal_pcd.c ****   *         USB PCD Data OUT Stage Callback is redirected to the weak HAL_PCD_DataInStageCallback()
 650:Drivers/STM32F1xx_HAL_Driver/Src/stm32f1xx_hal_pcd.c ****   * @param  hpcd PCD handle
 651:Drivers/STM32F1xx_HAL_Driver/Src/stm32f1xx_hal_pcd.c ****   * @retval HAL status
 652:Drivers/STM32F1xx_HAL_Driver/Src/stm32f1xx_hal_pcd.c ****   */
 653:Drivers/STM32F1xx_HAL_Driver/Src/stm32f1xx_hal_pcd.c **** HAL_StatusTypeDef HAL_PCD_UnRegisterDataInStageCallback(PCD_HandleTypeDef *hpcd)
 654:Drivers/STM32F1xx_HAL_Driver/Src/stm32f1xx_hal_pcd.c **** {
 655:Drivers/STM32F1xx_HAL_Driver/Src/stm32f1xx_hal_pcd.c ****   HAL_StatusTypeDef status = HAL_OK;
 656:Drivers/STM32F1xx_HAL_Driver/Src/stm32f1xx_hal_pcd.c **** 
 657:Drivers/STM32F1xx_HAL_Driver/Src/stm32f1xx_hal_pcd.c ****   /* Process locked */
 658:Drivers/STM32F1xx_HAL_Driver/Src/stm32f1xx_hal_pcd.c ****   __HAL_LOCK(hpcd);
 659:Drivers/STM32F1xx_HAL_Driver/Src/stm32f1xx_hal_pcd.c **** 
ARM GAS  C:\Users\subdia\AppData\Local\Temp\cczK76oD.s 			page 13


 660:Drivers/STM32F1xx_HAL_Driver/Src/stm32f1xx_hal_pcd.c ****   if (hpcd->State == HAL_PCD_STATE_READY)
 661:Drivers/STM32F1xx_HAL_Driver/Src/stm32f1xx_hal_pcd.c ****   {
 662:Drivers/STM32F1xx_HAL_Driver/Src/stm32f1xx_hal_pcd.c ****     hpcd->DataInStageCallback = HAL_PCD_DataInStageCallback; /* Legacy weak DataInStageCallback  */
 663:Drivers/STM32F1xx_HAL_Driver/Src/stm32f1xx_hal_pcd.c ****   }
 664:Drivers/STM32F1xx_HAL_Driver/Src/stm32f1xx_hal_pcd.c ****   else
 665:Drivers/STM32F1xx_HAL_Driver/Src/stm32f1xx_hal_pcd.c ****   {
 666:Drivers/STM32F1xx_HAL_Driver/Src/stm32f1xx_hal_pcd.c ****     /* Update the error code */
 667:Drivers/STM32F1xx_HAL_Driver/Src/stm32f1xx_hal_pcd.c ****     hpcd->ErrorCode |= HAL_PCD_ERROR_INVALID_CALLBACK;
 668:Drivers/STM32F1xx_HAL_Driver/Src/stm32f1xx_hal_pcd.c **** 
 669:Drivers/STM32F1xx_HAL_Driver/Src/stm32f1xx_hal_pcd.c ****     /* Return error status */
 670:Drivers/STM32F1xx_HAL_Driver/Src/stm32f1xx_hal_pcd.c ****     status =  HAL_ERROR;
 671:Drivers/STM32F1xx_HAL_Driver/Src/stm32f1xx_hal_pcd.c ****   }
 672:Drivers/STM32F1xx_HAL_Driver/Src/stm32f1xx_hal_pcd.c **** 
 673:Drivers/STM32F1xx_HAL_Driver/Src/stm32f1xx_hal_pcd.c ****   /* Release Lock */
 674:Drivers/STM32F1xx_HAL_Driver/Src/stm32f1xx_hal_pcd.c ****   __HAL_UNLOCK(hpcd);
 675:Drivers/STM32F1xx_HAL_Driver/Src/stm32f1xx_hal_pcd.c **** 
 676:Drivers/STM32F1xx_HAL_Driver/Src/stm32f1xx_hal_pcd.c ****   return status;
 677:Drivers/STM32F1xx_HAL_Driver/Src/stm32f1xx_hal_pcd.c **** }
 678:Drivers/STM32F1xx_HAL_Driver/Src/stm32f1xx_hal_pcd.c **** 
 679:Drivers/STM32F1xx_HAL_Driver/Src/stm32f1xx_hal_pcd.c **** /**
 680:Drivers/STM32F1xx_HAL_Driver/Src/stm32f1xx_hal_pcd.c ****   * @brief  Register USB PCD Iso OUT incomplete Callback
 681:Drivers/STM32F1xx_HAL_Driver/Src/stm32f1xx_hal_pcd.c ****   *         To be used instead of the weak HAL_PCD_ISOOUTIncompleteCallback() predefined callback
 682:Drivers/STM32F1xx_HAL_Driver/Src/stm32f1xx_hal_pcd.c ****   * @param  hpcd PCD handle
 683:Drivers/STM32F1xx_HAL_Driver/Src/stm32f1xx_hal_pcd.c ****   * @param  pCallback pointer to the USB PCD Iso OUT incomplete Callback function
 684:Drivers/STM32F1xx_HAL_Driver/Src/stm32f1xx_hal_pcd.c ****   * @retval HAL status
 685:Drivers/STM32F1xx_HAL_Driver/Src/stm32f1xx_hal_pcd.c ****   */
 686:Drivers/STM32F1xx_HAL_Driver/Src/stm32f1xx_hal_pcd.c **** HAL_StatusTypeDef HAL_PCD_RegisterIsoOutIncpltCallback(PCD_HandleTypeDef *hpcd,
 687:Drivers/STM32F1xx_HAL_Driver/Src/stm32f1xx_hal_pcd.c ****                                                        pPCD_IsoOutIncpltCallbackTypeDef pCallback)
 688:Drivers/STM32F1xx_HAL_Driver/Src/stm32f1xx_hal_pcd.c **** {
 689:Drivers/STM32F1xx_HAL_Driver/Src/stm32f1xx_hal_pcd.c ****   HAL_StatusTypeDef status = HAL_OK;
 690:Drivers/STM32F1xx_HAL_Driver/Src/stm32f1xx_hal_pcd.c **** 
 691:Drivers/STM32F1xx_HAL_Driver/Src/stm32f1xx_hal_pcd.c ****   if (pCallback == NULL)
 692:Drivers/STM32F1xx_HAL_Driver/Src/stm32f1xx_hal_pcd.c ****   {
 693:Drivers/STM32F1xx_HAL_Driver/Src/stm32f1xx_hal_pcd.c ****     /* Update the error code */
 694:Drivers/STM32F1xx_HAL_Driver/Src/stm32f1xx_hal_pcd.c ****     hpcd->ErrorCode |= HAL_PCD_ERROR_INVALID_CALLBACK;
 695:Drivers/STM32F1xx_HAL_Driver/Src/stm32f1xx_hal_pcd.c **** 
 696:Drivers/STM32F1xx_HAL_Driver/Src/stm32f1xx_hal_pcd.c ****     return HAL_ERROR;
 697:Drivers/STM32F1xx_HAL_Driver/Src/stm32f1xx_hal_pcd.c ****   }
 698:Drivers/STM32F1xx_HAL_Driver/Src/stm32f1xx_hal_pcd.c **** 
 699:Drivers/STM32F1xx_HAL_Driver/Src/stm32f1xx_hal_pcd.c ****   /* Process locked */
 700:Drivers/STM32F1xx_HAL_Driver/Src/stm32f1xx_hal_pcd.c ****   __HAL_LOCK(hpcd);
 701:Drivers/STM32F1xx_HAL_Driver/Src/stm32f1xx_hal_pcd.c **** 
 702:Drivers/STM32F1xx_HAL_Driver/Src/stm32f1xx_hal_pcd.c ****   if (hpcd->State == HAL_PCD_STATE_READY)
 703:Drivers/STM32F1xx_HAL_Driver/Src/stm32f1xx_hal_pcd.c ****   {
 704:Drivers/STM32F1xx_HAL_Driver/Src/stm32f1xx_hal_pcd.c ****     hpcd->ISOOUTIncompleteCallback = pCallback;
 705:Drivers/STM32F1xx_HAL_Driver/Src/stm32f1xx_hal_pcd.c ****   }
 706:Drivers/STM32F1xx_HAL_Driver/Src/stm32f1xx_hal_pcd.c ****   else
 707:Drivers/STM32F1xx_HAL_Driver/Src/stm32f1xx_hal_pcd.c ****   {
 708:Drivers/STM32F1xx_HAL_Driver/Src/stm32f1xx_hal_pcd.c ****     /* Update the error code */
 709:Drivers/STM32F1xx_HAL_Driver/Src/stm32f1xx_hal_pcd.c ****     hpcd->ErrorCode |= HAL_PCD_ERROR_INVALID_CALLBACK;
 710:Drivers/STM32F1xx_HAL_Driver/Src/stm32f1xx_hal_pcd.c **** 
 711:Drivers/STM32F1xx_HAL_Driver/Src/stm32f1xx_hal_pcd.c ****     /* Return error status */
 712:Drivers/STM32F1xx_HAL_Driver/Src/stm32f1xx_hal_pcd.c ****     status =  HAL_ERROR;
 713:Drivers/STM32F1xx_HAL_Driver/Src/stm32f1xx_hal_pcd.c ****   }
 714:Drivers/STM32F1xx_HAL_Driver/Src/stm32f1xx_hal_pcd.c **** 
 715:Drivers/STM32F1xx_HAL_Driver/Src/stm32f1xx_hal_pcd.c ****   /* Release Lock */
 716:Drivers/STM32F1xx_HAL_Driver/Src/stm32f1xx_hal_pcd.c ****   __HAL_UNLOCK(hpcd);
ARM GAS  C:\Users\subdia\AppData\Local\Temp\cczK76oD.s 			page 14


 717:Drivers/STM32F1xx_HAL_Driver/Src/stm32f1xx_hal_pcd.c **** 
 718:Drivers/STM32F1xx_HAL_Driver/Src/stm32f1xx_hal_pcd.c ****   return status;
 719:Drivers/STM32F1xx_HAL_Driver/Src/stm32f1xx_hal_pcd.c **** }
 720:Drivers/STM32F1xx_HAL_Driver/Src/stm32f1xx_hal_pcd.c **** 
 721:Drivers/STM32F1xx_HAL_Driver/Src/stm32f1xx_hal_pcd.c **** /**
 722:Drivers/STM32F1xx_HAL_Driver/Src/stm32f1xx_hal_pcd.c ****   * @brief  Unregister the USB PCD Iso OUT incomplete Callback
 723:Drivers/STM32F1xx_HAL_Driver/Src/stm32f1xx_hal_pcd.c ****   *         USB PCD Iso OUT incomplete Callback is redirected
 724:Drivers/STM32F1xx_HAL_Driver/Src/stm32f1xx_hal_pcd.c ****   *         to the weak HAL_PCD_ISOOUTIncompleteCallback() predefined callback
 725:Drivers/STM32F1xx_HAL_Driver/Src/stm32f1xx_hal_pcd.c ****   * @param  hpcd PCD handle
 726:Drivers/STM32F1xx_HAL_Driver/Src/stm32f1xx_hal_pcd.c ****   * @retval HAL status
 727:Drivers/STM32F1xx_HAL_Driver/Src/stm32f1xx_hal_pcd.c ****   */
 728:Drivers/STM32F1xx_HAL_Driver/Src/stm32f1xx_hal_pcd.c **** HAL_StatusTypeDef HAL_PCD_UnRegisterIsoOutIncpltCallback(PCD_HandleTypeDef *hpcd)
 729:Drivers/STM32F1xx_HAL_Driver/Src/stm32f1xx_hal_pcd.c **** {
 730:Drivers/STM32F1xx_HAL_Driver/Src/stm32f1xx_hal_pcd.c ****   HAL_StatusTypeDef status = HAL_OK;
 731:Drivers/STM32F1xx_HAL_Driver/Src/stm32f1xx_hal_pcd.c **** 
 732:Drivers/STM32F1xx_HAL_Driver/Src/stm32f1xx_hal_pcd.c ****   /* Process locked */
 733:Drivers/STM32F1xx_HAL_Driver/Src/stm32f1xx_hal_pcd.c ****   __HAL_LOCK(hpcd);
 734:Drivers/STM32F1xx_HAL_Driver/Src/stm32f1xx_hal_pcd.c **** 
 735:Drivers/STM32F1xx_HAL_Driver/Src/stm32f1xx_hal_pcd.c ****   if (hpcd->State == HAL_PCD_STATE_READY)
 736:Drivers/STM32F1xx_HAL_Driver/Src/stm32f1xx_hal_pcd.c ****   {
 737:Drivers/STM32F1xx_HAL_Driver/Src/stm32f1xx_hal_pcd.c ****     hpcd->ISOOUTIncompleteCallback = HAL_PCD_ISOOUTIncompleteCallback; /* Legacy weak ISOOUTIncompl
 738:Drivers/STM32F1xx_HAL_Driver/Src/stm32f1xx_hal_pcd.c ****   }
 739:Drivers/STM32F1xx_HAL_Driver/Src/stm32f1xx_hal_pcd.c ****   else
 740:Drivers/STM32F1xx_HAL_Driver/Src/stm32f1xx_hal_pcd.c ****   {
 741:Drivers/STM32F1xx_HAL_Driver/Src/stm32f1xx_hal_pcd.c ****     /* Update the error code */
 742:Drivers/STM32F1xx_HAL_Driver/Src/stm32f1xx_hal_pcd.c ****     hpcd->ErrorCode |= HAL_PCD_ERROR_INVALID_CALLBACK;
 743:Drivers/STM32F1xx_HAL_Driver/Src/stm32f1xx_hal_pcd.c **** 
 744:Drivers/STM32F1xx_HAL_Driver/Src/stm32f1xx_hal_pcd.c ****     /* Return error status */
 745:Drivers/STM32F1xx_HAL_Driver/Src/stm32f1xx_hal_pcd.c ****     status =  HAL_ERROR;
 746:Drivers/STM32F1xx_HAL_Driver/Src/stm32f1xx_hal_pcd.c ****   }
 747:Drivers/STM32F1xx_HAL_Driver/Src/stm32f1xx_hal_pcd.c **** 
 748:Drivers/STM32F1xx_HAL_Driver/Src/stm32f1xx_hal_pcd.c ****   /* Release Lock */
 749:Drivers/STM32F1xx_HAL_Driver/Src/stm32f1xx_hal_pcd.c ****   __HAL_UNLOCK(hpcd);
 750:Drivers/STM32F1xx_HAL_Driver/Src/stm32f1xx_hal_pcd.c **** 
 751:Drivers/STM32F1xx_HAL_Driver/Src/stm32f1xx_hal_pcd.c ****   return status;
 752:Drivers/STM32F1xx_HAL_Driver/Src/stm32f1xx_hal_pcd.c **** }
 753:Drivers/STM32F1xx_HAL_Driver/Src/stm32f1xx_hal_pcd.c **** 
 754:Drivers/STM32F1xx_HAL_Driver/Src/stm32f1xx_hal_pcd.c **** /**
 755:Drivers/STM32F1xx_HAL_Driver/Src/stm32f1xx_hal_pcd.c ****   * @brief  Register USB PCD Iso IN incomplete Callback
 756:Drivers/STM32F1xx_HAL_Driver/Src/stm32f1xx_hal_pcd.c ****   *         To be used instead of the weak HAL_PCD_ISOINIncompleteCallback() predefined callback
 757:Drivers/STM32F1xx_HAL_Driver/Src/stm32f1xx_hal_pcd.c ****   * @param  hpcd PCD handle
 758:Drivers/STM32F1xx_HAL_Driver/Src/stm32f1xx_hal_pcd.c ****   * @param  pCallback pointer to the USB PCD Iso IN incomplete Callback function
 759:Drivers/STM32F1xx_HAL_Driver/Src/stm32f1xx_hal_pcd.c ****   * @retval HAL status
 760:Drivers/STM32F1xx_HAL_Driver/Src/stm32f1xx_hal_pcd.c ****   */
 761:Drivers/STM32F1xx_HAL_Driver/Src/stm32f1xx_hal_pcd.c **** HAL_StatusTypeDef HAL_PCD_RegisterIsoInIncpltCallback(PCD_HandleTypeDef *hpcd,
 762:Drivers/STM32F1xx_HAL_Driver/Src/stm32f1xx_hal_pcd.c ****                                                       pPCD_IsoInIncpltCallbackTypeDef pCallback)
 763:Drivers/STM32F1xx_HAL_Driver/Src/stm32f1xx_hal_pcd.c **** {
 764:Drivers/STM32F1xx_HAL_Driver/Src/stm32f1xx_hal_pcd.c ****   HAL_StatusTypeDef status = HAL_OK;
 765:Drivers/STM32F1xx_HAL_Driver/Src/stm32f1xx_hal_pcd.c **** 
 766:Drivers/STM32F1xx_HAL_Driver/Src/stm32f1xx_hal_pcd.c ****   if (pCallback == NULL)
 767:Drivers/STM32F1xx_HAL_Driver/Src/stm32f1xx_hal_pcd.c ****   {
 768:Drivers/STM32F1xx_HAL_Driver/Src/stm32f1xx_hal_pcd.c ****     /* Update the error code */
 769:Drivers/STM32F1xx_HAL_Driver/Src/stm32f1xx_hal_pcd.c ****     hpcd->ErrorCode |= HAL_PCD_ERROR_INVALID_CALLBACK;
 770:Drivers/STM32F1xx_HAL_Driver/Src/stm32f1xx_hal_pcd.c **** 
 771:Drivers/STM32F1xx_HAL_Driver/Src/stm32f1xx_hal_pcd.c ****     return HAL_ERROR;
 772:Drivers/STM32F1xx_HAL_Driver/Src/stm32f1xx_hal_pcd.c ****   }
 773:Drivers/STM32F1xx_HAL_Driver/Src/stm32f1xx_hal_pcd.c **** 
ARM GAS  C:\Users\subdia\AppData\Local\Temp\cczK76oD.s 			page 15


 774:Drivers/STM32F1xx_HAL_Driver/Src/stm32f1xx_hal_pcd.c ****   /* Process locked */
 775:Drivers/STM32F1xx_HAL_Driver/Src/stm32f1xx_hal_pcd.c ****   __HAL_LOCK(hpcd);
 776:Drivers/STM32F1xx_HAL_Driver/Src/stm32f1xx_hal_pcd.c **** 
 777:Drivers/STM32F1xx_HAL_Driver/Src/stm32f1xx_hal_pcd.c ****   if (hpcd->State == HAL_PCD_STATE_READY)
 778:Drivers/STM32F1xx_HAL_Driver/Src/stm32f1xx_hal_pcd.c ****   {
 779:Drivers/STM32F1xx_HAL_Driver/Src/stm32f1xx_hal_pcd.c ****     hpcd->ISOINIncompleteCallback = pCallback;
 780:Drivers/STM32F1xx_HAL_Driver/Src/stm32f1xx_hal_pcd.c ****   }
 781:Drivers/STM32F1xx_HAL_Driver/Src/stm32f1xx_hal_pcd.c ****   else
 782:Drivers/STM32F1xx_HAL_Driver/Src/stm32f1xx_hal_pcd.c ****   {
 783:Drivers/STM32F1xx_HAL_Driver/Src/stm32f1xx_hal_pcd.c ****     /* Update the error code */
 784:Drivers/STM32F1xx_HAL_Driver/Src/stm32f1xx_hal_pcd.c ****     hpcd->ErrorCode |= HAL_PCD_ERROR_INVALID_CALLBACK;
 785:Drivers/STM32F1xx_HAL_Driver/Src/stm32f1xx_hal_pcd.c **** 
 786:Drivers/STM32F1xx_HAL_Driver/Src/stm32f1xx_hal_pcd.c ****     /* Return error status */
 787:Drivers/STM32F1xx_HAL_Driver/Src/stm32f1xx_hal_pcd.c ****     status =  HAL_ERROR;
 788:Drivers/STM32F1xx_HAL_Driver/Src/stm32f1xx_hal_pcd.c ****   }
 789:Drivers/STM32F1xx_HAL_Driver/Src/stm32f1xx_hal_pcd.c **** 
 790:Drivers/STM32F1xx_HAL_Driver/Src/stm32f1xx_hal_pcd.c ****   /* Release Lock */
 791:Drivers/STM32F1xx_HAL_Driver/Src/stm32f1xx_hal_pcd.c ****   __HAL_UNLOCK(hpcd);
 792:Drivers/STM32F1xx_HAL_Driver/Src/stm32f1xx_hal_pcd.c **** 
 793:Drivers/STM32F1xx_HAL_Driver/Src/stm32f1xx_hal_pcd.c ****   return status;
 794:Drivers/STM32F1xx_HAL_Driver/Src/stm32f1xx_hal_pcd.c **** }
 795:Drivers/STM32F1xx_HAL_Driver/Src/stm32f1xx_hal_pcd.c **** 
 796:Drivers/STM32F1xx_HAL_Driver/Src/stm32f1xx_hal_pcd.c **** /**
 797:Drivers/STM32F1xx_HAL_Driver/Src/stm32f1xx_hal_pcd.c ****   * @brief  Unregister the USB PCD Iso IN incomplete Callback
 798:Drivers/STM32F1xx_HAL_Driver/Src/stm32f1xx_hal_pcd.c ****   *         USB PCD Iso IN incomplete Callback is redirected
 799:Drivers/STM32F1xx_HAL_Driver/Src/stm32f1xx_hal_pcd.c ****   *         to the weak HAL_PCD_ISOINIncompleteCallback() predefined callback
 800:Drivers/STM32F1xx_HAL_Driver/Src/stm32f1xx_hal_pcd.c ****   * @param  hpcd PCD handle
 801:Drivers/STM32F1xx_HAL_Driver/Src/stm32f1xx_hal_pcd.c ****   * @retval HAL status
 802:Drivers/STM32F1xx_HAL_Driver/Src/stm32f1xx_hal_pcd.c ****   */
 803:Drivers/STM32F1xx_HAL_Driver/Src/stm32f1xx_hal_pcd.c **** HAL_StatusTypeDef HAL_PCD_UnRegisterIsoInIncpltCallback(PCD_HandleTypeDef *hpcd)
 804:Drivers/STM32F1xx_HAL_Driver/Src/stm32f1xx_hal_pcd.c **** {
 805:Drivers/STM32F1xx_HAL_Driver/Src/stm32f1xx_hal_pcd.c ****   HAL_StatusTypeDef status = HAL_OK;
 806:Drivers/STM32F1xx_HAL_Driver/Src/stm32f1xx_hal_pcd.c **** 
 807:Drivers/STM32F1xx_HAL_Driver/Src/stm32f1xx_hal_pcd.c ****   /* Process locked */
 808:Drivers/STM32F1xx_HAL_Driver/Src/stm32f1xx_hal_pcd.c ****   __HAL_LOCK(hpcd);
 809:Drivers/STM32F1xx_HAL_Driver/Src/stm32f1xx_hal_pcd.c **** 
 810:Drivers/STM32F1xx_HAL_Driver/Src/stm32f1xx_hal_pcd.c ****   if (hpcd->State == HAL_PCD_STATE_READY)
 811:Drivers/STM32F1xx_HAL_Driver/Src/stm32f1xx_hal_pcd.c ****   {
 812:Drivers/STM32F1xx_HAL_Driver/Src/stm32f1xx_hal_pcd.c ****     hpcd->ISOINIncompleteCallback = HAL_PCD_ISOINIncompleteCallback; /* Legacy weak ISOINIncomplete
 813:Drivers/STM32F1xx_HAL_Driver/Src/stm32f1xx_hal_pcd.c ****   }
 814:Drivers/STM32F1xx_HAL_Driver/Src/stm32f1xx_hal_pcd.c ****   else
 815:Drivers/STM32F1xx_HAL_Driver/Src/stm32f1xx_hal_pcd.c ****   {
 816:Drivers/STM32F1xx_HAL_Driver/Src/stm32f1xx_hal_pcd.c ****     /* Update the error code */
 817:Drivers/STM32F1xx_HAL_Driver/Src/stm32f1xx_hal_pcd.c ****     hpcd->ErrorCode |= HAL_PCD_ERROR_INVALID_CALLBACK;
 818:Drivers/STM32F1xx_HAL_Driver/Src/stm32f1xx_hal_pcd.c **** 
 819:Drivers/STM32F1xx_HAL_Driver/Src/stm32f1xx_hal_pcd.c ****     /* Return error status */
 820:Drivers/STM32F1xx_HAL_Driver/Src/stm32f1xx_hal_pcd.c ****     status =  HAL_ERROR;
 821:Drivers/STM32F1xx_HAL_Driver/Src/stm32f1xx_hal_pcd.c ****   }
 822:Drivers/STM32F1xx_HAL_Driver/Src/stm32f1xx_hal_pcd.c **** 
 823:Drivers/STM32F1xx_HAL_Driver/Src/stm32f1xx_hal_pcd.c ****   /* Release Lock */
 824:Drivers/STM32F1xx_HAL_Driver/Src/stm32f1xx_hal_pcd.c ****   __HAL_UNLOCK(hpcd);
 825:Drivers/STM32F1xx_HAL_Driver/Src/stm32f1xx_hal_pcd.c **** 
 826:Drivers/STM32F1xx_HAL_Driver/Src/stm32f1xx_hal_pcd.c ****   return status;
 827:Drivers/STM32F1xx_HAL_Driver/Src/stm32f1xx_hal_pcd.c **** }
 828:Drivers/STM32F1xx_HAL_Driver/Src/stm32f1xx_hal_pcd.c **** 
 829:Drivers/STM32F1xx_HAL_Driver/Src/stm32f1xx_hal_pcd.c **** #endif /* USE_HAL_PCD_REGISTER_CALLBACKS */
 830:Drivers/STM32F1xx_HAL_Driver/Src/stm32f1xx_hal_pcd.c **** 
ARM GAS  C:\Users\subdia\AppData\Local\Temp\cczK76oD.s 			page 16


 831:Drivers/STM32F1xx_HAL_Driver/Src/stm32f1xx_hal_pcd.c **** /**
 832:Drivers/STM32F1xx_HAL_Driver/Src/stm32f1xx_hal_pcd.c ****   * @}
 833:Drivers/STM32F1xx_HAL_Driver/Src/stm32f1xx_hal_pcd.c ****   */
 834:Drivers/STM32F1xx_HAL_Driver/Src/stm32f1xx_hal_pcd.c **** 
 835:Drivers/STM32F1xx_HAL_Driver/Src/stm32f1xx_hal_pcd.c **** /** @defgroup PCD_Exported_Functions_Group2 Input and Output operation functions
 836:Drivers/STM32F1xx_HAL_Driver/Src/stm32f1xx_hal_pcd.c ****   *  @brief   Data transfers functions
 837:Drivers/STM32F1xx_HAL_Driver/Src/stm32f1xx_hal_pcd.c ****   *
 838:Drivers/STM32F1xx_HAL_Driver/Src/stm32f1xx_hal_pcd.c **** @verbatim
 839:Drivers/STM32F1xx_HAL_Driver/Src/stm32f1xx_hal_pcd.c ****  ===============================================================================
 840:Drivers/STM32F1xx_HAL_Driver/Src/stm32f1xx_hal_pcd.c ****                       ##### IO operation functions #####
 841:Drivers/STM32F1xx_HAL_Driver/Src/stm32f1xx_hal_pcd.c ****  ===============================================================================
 842:Drivers/STM32F1xx_HAL_Driver/Src/stm32f1xx_hal_pcd.c ****     [..]
 843:Drivers/STM32F1xx_HAL_Driver/Src/stm32f1xx_hal_pcd.c ****     This subsection provides a set of functions allowing to manage the PCD data
 844:Drivers/STM32F1xx_HAL_Driver/Src/stm32f1xx_hal_pcd.c ****     transfers.
 845:Drivers/STM32F1xx_HAL_Driver/Src/stm32f1xx_hal_pcd.c **** 
 846:Drivers/STM32F1xx_HAL_Driver/Src/stm32f1xx_hal_pcd.c **** @endverbatim
 847:Drivers/STM32F1xx_HAL_Driver/Src/stm32f1xx_hal_pcd.c ****   * @{
 848:Drivers/STM32F1xx_HAL_Driver/Src/stm32f1xx_hal_pcd.c ****   */
 849:Drivers/STM32F1xx_HAL_Driver/Src/stm32f1xx_hal_pcd.c **** 
 850:Drivers/STM32F1xx_HAL_Driver/Src/stm32f1xx_hal_pcd.c **** /**
 851:Drivers/STM32F1xx_HAL_Driver/Src/stm32f1xx_hal_pcd.c ****   * @brief  Start the USB device
 852:Drivers/STM32F1xx_HAL_Driver/Src/stm32f1xx_hal_pcd.c ****   * @param  hpcd PCD handle
 853:Drivers/STM32F1xx_HAL_Driver/Src/stm32f1xx_hal_pcd.c ****   * @retval HAL status
 854:Drivers/STM32F1xx_HAL_Driver/Src/stm32f1xx_hal_pcd.c ****   */
 855:Drivers/STM32F1xx_HAL_Driver/Src/stm32f1xx_hal_pcd.c **** HAL_StatusTypeDef HAL_PCD_Start(PCD_HandleTypeDef *hpcd)
 856:Drivers/STM32F1xx_HAL_Driver/Src/stm32f1xx_hal_pcd.c **** {
 857:Drivers/STM32F1xx_HAL_Driver/Src/stm32f1xx_hal_pcd.c ****   __HAL_LOCK(hpcd);
 858:Drivers/STM32F1xx_HAL_Driver/Src/stm32f1xx_hal_pcd.c ****   __HAL_PCD_ENABLE(hpcd);
 859:Drivers/STM32F1xx_HAL_Driver/Src/stm32f1xx_hal_pcd.c **** 
 860:Drivers/STM32F1xx_HAL_Driver/Src/stm32f1xx_hal_pcd.c **** #if defined (USB)
 861:Drivers/STM32F1xx_HAL_Driver/Src/stm32f1xx_hal_pcd.c ****   HAL_PCDEx_SetConnectionState(hpcd, 1U);
 862:Drivers/STM32F1xx_HAL_Driver/Src/stm32f1xx_hal_pcd.c **** #endif /* defined (USB) */
 863:Drivers/STM32F1xx_HAL_Driver/Src/stm32f1xx_hal_pcd.c **** 
 864:Drivers/STM32F1xx_HAL_Driver/Src/stm32f1xx_hal_pcd.c ****   (void)USB_DevConnect(hpcd->Instance);
 865:Drivers/STM32F1xx_HAL_Driver/Src/stm32f1xx_hal_pcd.c ****   __HAL_UNLOCK(hpcd);
 866:Drivers/STM32F1xx_HAL_Driver/Src/stm32f1xx_hal_pcd.c **** 
 867:Drivers/STM32F1xx_HAL_Driver/Src/stm32f1xx_hal_pcd.c ****   return HAL_OK;
 868:Drivers/STM32F1xx_HAL_Driver/Src/stm32f1xx_hal_pcd.c **** }
 869:Drivers/STM32F1xx_HAL_Driver/Src/stm32f1xx_hal_pcd.c **** 
 870:Drivers/STM32F1xx_HAL_Driver/Src/stm32f1xx_hal_pcd.c **** /**
 871:Drivers/STM32F1xx_HAL_Driver/Src/stm32f1xx_hal_pcd.c ****   * @brief  Stop the USB device.
 872:Drivers/STM32F1xx_HAL_Driver/Src/stm32f1xx_hal_pcd.c ****   * @param  hpcd PCD handle
 873:Drivers/STM32F1xx_HAL_Driver/Src/stm32f1xx_hal_pcd.c ****   * @retval HAL status
 874:Drivers/STM32F1xx_HAL_Driver/Src/stm32f1xx_hal_pcd.c ****   */
 875:Drivers/STM32F1xx_HAL_Driver/Src/stm32f1xx_hal_pcd.c **** HAL_StatusTypeDef HAL_PCD_Stop(PCD_HandleTypeDef *hpcd)
 876:Drivers/STM32F1xx_HAL_Driver/Src/stm32f1xx_hal_pcd.c **** {
 877:Drivers/STM32F1xx_HAL_Driver/Src/stm32f1xx_hal_pcd.c ****   __HAL_LOCK(hpcd);
 878:Drivers/STM32F1xx_HAL_Driver/Src/stm32f1xx_hal_pcd.c ****   __HAL_PCD_DISABLE(hpcd);
 879:Drivers/STM32F1xx_HAL_Driver/Src/stm32f1xx_hal_pcd.c **** 
 880:Drivers/STM32F1xx_HAL_Driver/Src/stm32f1xx_hal_pcd.c **** #if defined (USB)
 881:Drivers/STM32F1xx_HAL_Driver/Src/stm32f1xx_hal_pcd.c ****   HAL_PCDEx_SetConnectionState(hpcd, 0U);
 882:Drivers/STM32F1xx_HAL_Driver/Src/stm32f1xx_hal_pcd.c **** #endif /* defined (USB) */
 883:Drivers/STM32F1xx_HAL_Driver/Src/stm32f1xx_hal_pcd.c **** 
 884:Drivers/STM32F1xx_HAL_Driver/Src/stm32f1xx_hal_pcd.c ****   (void)USB_DevDisconnect(hpcd->Instance);
 885:Drivers/STM32F1xx_HAL_Driver/Src/stm32f1xx_hal_pcd.c **** 
 886:Drivers/STM32F1xx_HAL_Driver/Src/stm32f1xx_hal_pcd.c **** #if defined (USB_OTG_FS)
 887:Drivers/STM32F1xx_HAL_Driver/Src/stm32f1xx_hal_pcd.c ****   (void)USB_FlushTxFifo(hpcd->Instance, 0x10U);
ARM GAS  C:\Users\subdia\AppData\Local\Temp\cczK76oD.s 			page 17


 888:Drivers/STM32F1xx_HAL_Driver/Src/stm32f1xx_hal_pcd.c **** #endif /* defined (USB_OTG_FS) */
 889:Drivers/STM32F1xx_HAL_Driver/Src/stm32f1xx_hal_pcd.c **** 
 890:Drivers/STM32F1xx_HAL_Driver/Src/stm32f1xx_hal_pcd.c ****   __HAL_UNLOCK(hpcd);
 891:Drivers/STM32F1xx_HAL_Driver/Src/stm32f1xx_hal_pcd.c **** 
 892:Drivers/STM32F1xx_HAL_Driver/Src/stm32f1xx_hal_pcd.c ****   return HAL_OK;
 893:Drivers/STM32F1xx_HAL_Driver/Src/stm32f1xx_hal_pcd.c **** }
 894:Drivers/STM32F1xx_HAL_Driver/Src/stm32f1xx_hal_pcd.c **** 
 895:Drivers/STM32F1xx_HAL_Driver/Src/stm32f1xx_hal_pcd.c **** #if defined (USB_OTG_FS)
 896:Drivers/STM32F1xx_HAL_Driver/Src/stm32f1xx_hal_pcd.c **** /**
 897:Drivers/STM32F1xx_HAL_Driver/Src/stm32f1xx_hal_pcd.c ****   * @brief  Handles PCD interrupt request.
 898:Drivers/STM32F1xx_HAL_Driver/Src/stm32f1xx_hal_pcd.c ****   * @param  hpcd PCD handle
 899:Drivers/STM32F1xx_HAL_Driver/Src/stm32f1xx_hal_pcd.c ****   * @retval HAL status
 900:Drivers/STM32F1xx_HAL_Driver/Src/stm32f1xx_hal_pcd.c ****   */
 901:Drivers/STM32F1xx_HAL_Driver/Src/stm32f1xx_hal_pcd.c **** void HAL_PCD_IRQHandler(PCD_HandleTypeDef *hpcd)
 902:Drivers/STM32F1xx_HAL_Driver/Src/stm32f1xx_hal_pcd.c **** {
 903:Drivers/STM32F1xx_HAL_Driver/Src/stm32f1xx_hal_pcd.c ****   USB_OTG_GlobalTypeDef *USBx = hpcd->Instance;
 904:Drivers/STM32F1xx_HAL_Driver/Src/stm32f1xx_hal_pcd.c ****   uint32_t USBx_BASE = (uint32_t)USBx;
 905:Drivers/STM32F1xx_HAL_Driver/Src/stm32f1xx_hal_pcd.c ****   USB_OTG_EPTypeDef *ep;
 906:Drivers/STM32F1xx_HAL_Driver/Src/stm32f1xx_hal_pcd.c ****   uint32_t i;
 907:Drivers/STM32F1xx_HAL_Driver/Src/stm32f1xx_hal_pcd.c ****   uint32_t ep_intr;
 908:Drivers/STM32F1xx_HAL_Driver/Src/stm32f1xx_hal_pcd.c ****   uint32_t epint;
 909:Drivers/STM32F1xx_HAL_Driver/Src/stm32f1xx_hal_pcd.c ****   uint32_t epnum;
 910:Drivers/STM32F1xx_HAL_Driver/Src/stm32f1xx_hal_pcd.c ****   uint32_t fifoemptymsk;
 911:Drivers/STM32F1xx_HAL_Driver/Src/stm32f1xx_hal_pcd.c ****   uint32_t RegVal;
 912:Drivers/STM32F1xx_HAL_Driver/Src/stm32f1xx_hal_pcd.c **** 
 913:Drivers/STM32F1xx_HAL_Driver/Src/stm32f1xx_hal_pcd.c ****   /* ensure that we are in device mode */
 914:Drivers/STM32F1xx_HAL_Driver/Src/stm32f1xx_hal_pcd.c ****   if (USB_GetMode(hpcd->Instance) == USB_OTG_MODE_DEVICE)
 915:Drivers/STM32F1xx_HAL_Driver/Src/stm32f1xx_hal_pcd.c ****   {
 916:Drivers/STM32F1xx_HAL_Driver/Src/stm32f1xx_hal_pcd.c ****     /* avoid spurious interrupt */
 917:Drivers/STM32F1xx_HAL_Driver/Src/stm32f1xx_hal_pcd.c ****     if (__HAL_PCD_IS_INVALID_INTERRUPT(hpcd))
 918:Drivers/STM32F1xx_HAL_Driver/Src/stm32f1xx_hal_pcd.c ****     {
 919:Drivers/STM32F1xx_HAL_Driver/Src/stm32f1xx_hal_pcd.c ****       return;
 920:Drivers/STM32F1xx_HAL_Driver/Src/stm32f1xx_hal_pcd.c ****     }
 921:Drivers/STM32F1xx_HAL_Driver/Src/stm32f1xx_hal_pcd.c **** 
 922:Drivers/STM32F1xx_HAL_Driver/Src/stm32f1xx_hal_pcd.c ****     /* store current frame number */
 923:Drivers/STM32F1xx_HAL_Driver/Src/stm32f1xx_hal_pcd.c ****     hpcd->FrameNumber = (USBx_DEVICE->DSTS & USB_OTG_DSTS_FNSOF_Msk) >> USB_OTG_DSTS_FNSOF_Pos;
 924:Drivers/STM32F1xx_HAL_Driver/Src/stm32f1xx_hal_pcd.c **** 
 925:Drivers/STM32F1xx_HAL_Driver/Src/stm32f1xx_hal_pcd.c ****     if (__HAL_PCD_GET_FLAG(hpcd, USB_OTG_GINTSTS_MMIS))
 926:Drivers/STM32F1xx_HAL_Driver/Src/stm32f1xx_hal_pcd.c ****     {
 927:Drivers/STM32F1xx_HAL_Driver/Src/stm32f1xx_hal_pcd.c ****       /* incorrect mode, acknowledge the interrupt */
 928:Drivers/STM32F1xx_HAL_Driver/Src/stm32f1xx_hal_pcd.c ****       __HAL_PCD_CLEAR_FLAG(hpcd, USB_OTG_GINTSTS_MMIS);
 929:Drivers/STM32F1xx_HAL_Driver/Src/stm32f1xx_hal_pcd.c ****     }
 930:Drivers/STM32F1xx_HAL_Driver/Src/stm32f1xx_hal_pcd.c **** 
 931:Drivers/STM32F1xx_HAL_Driver/Src/stm32f1xx_hal_pcd.c ****     /* Handle RxQLevel Interrupt */
 932:Drivers/STM32F1xx_HAL_Driver/Src/stm32f1xx_hal_pcd.c ****     if (__HAL_PCD_GET_FLAG(hpcd, USB_OTG_GINTSTS_RXFLVL))
 933:Drivers/STM32F1xx_HAL_Driver/Src/stm32f1xx_hal_pcd.c ****     {
 934:Drivers/STM32F1xx_HAL_Driver/Src/stm32f1xx_hal_pcd.c ****       USB_MASK_INTERRUPT(hpcd->Instance, USB_OTG_GINTSTS_RXFLVL);
 935:Drivers/STM32F1xx_HAL_Driver/Src/stm32f1xx_hal_pcd.c **** 
 936:Drivers/STM32F1xx_HAL_Driver/Src/stm32f1xx_hal_pcd.c ****       RegVal = USBx->GRXSTSP;
 937:Drivers/STM32F1xx_HAL_Driver/Src/stm32f1xx_hal_pcd.c **** 
 938:Drivers/STM32F1xx_HAL_Driver/Src/stm32f1xx_hal_pcd.c ****       ep = &hpcd->OUT_ep[RegVal & USB_OTG_GRXSTSP_EPNUM];
 939:Drivers/STM32F1xx_HAL_Driver/Src/stm32f1xx_hal_pcd.c **** 
 940:Drivers/STM32F1xx_HAL_Driver/Src/stm32f1xx_hal_pcd.c ****       if (((RegVal & USB_OTG_GRXSTSP_PKTSTS) >> 17) ==  STS_DATA_UPDT)
 941:Drivers/STM32F1xx_HAL_Driver/Src/stm32f1xx_hal_pcd.c ****       {
 942:Drivers/STM32F1xx_HAL_Driver/Src/stm32f1xx_hal_pcd.c ****         if ((RegVal & USB_OTG_GRXSTSP_BCNT) != 0U)
 943:Drivers/STM32F1xx_HAL_Driver/Src/stm32f1xx_hal_pcd.c ****         {
 944:Drivers/STM32F1xx_HAL_Driver/Src/stm32f1xx_hal_pcd.c ****           (void)USB_ReadPacket(USBx, ep->xfer_buff,
ARM GAS  C:\Users\subdia\AppData\Local\Temp\cczK76oD.s 			page 18


 945:Drivers/STM32F1xx_HAL_Driver/Src/stm32f1xx_hal_pcd.c ****                                (uint16_t)((RegVal & USB_OTG_GRXSTSP_BCNT) >> 4));
 946:Drivers/STM32F1xx_HAL_Driver/Src/stm32f1xx_hal_pcd.c **** 
 947:Drivers/STM32F1xx_HAL_Driver/Src/stm32f1xx_hal_pcd.c ****           ep->xfer_buff += (RegVal & USB_OTG_GRXSTSP_BCNT) >> 4;
 948:Drivers/STM32F1xx_HAL_Driver/Src/stm32f1xx_hal_pcd.c ****           ep->xfer_count += (RegVal & USB_OTG_GRXSTSP_BCNT) >> 4;
 949:Drivers/STM32F1xx_HAL_Driver/Src/stm32f1xx_hal_pcd.c ****         }
 950:Drivers/STM32F1xx_HAL_Driver/Src/stm32f1xx_hal_pcd.c ****       }
 951:Drivers/STM32F1xx_HAL_Driver/Src/stm32f1xx_hal_pcd.c ****       else if (((RegVal & USB_OTG_GRXSTSP_PKTSTS) >> 17) == STS_SETUP_UPDT)
 952:Drivers/STM32F1xx_HAL_Driver/Src/stm32f1xx_hal_pcd.c ****       {
 953:Drivers/STM32F1xx_HAL_Driver/Src/stm32f1xx_hal_pcd.c ****         (void)USB_ReadPacket(USBx, (uint8_t *)hpcd->Setup, 8U);
 954:Drivers/STM32F1xx_HAL_Driver/Src/stm32f1xx_hal_pcd.c ****         ep->xfer_count += (RegVal & USB_OTG_GRXSTSP_BCNT) >> 4;
 955:Drivers/STM32F1xx_HAL_Driver/Src/stm32f1xx_hal_pcd.c ****       }
 956:Drivers/STM32F1xx_HAL_Driver/Src/stm32f1xx_hal_pcd.c ****       else
 957:Drivers/STM32F1xx_HAL_Driver/Src/stm32f1xx_hal_pcd.c ****       {
 958:Drivers/STM32F1xx_HAL_Driver/Src/stm32f1xx_hal_pcd.c ****         /* ... */
 959:Drivers/STM32F1xx_HAL_Driver/Src/stm32f1xx_hal_pcd.c ****       }
 960:Drivers/STM32F1xx_HAL_Driver/Src/stm32f1xx_hal_pcd.c **** 
 961:Drivers/STM32F1xx_HAL_Driver/Src/stm32f1xx_hal_pcd.c ****       USB_UNMASK_INTERRUPT(hpcd->Instance, USB_OTG_GINTSTS_RXFLVL);
 962:Drivers/STM32F1xx_HAL_Driver/Src/stm32f1xx_hal_pcd.c ****     }
 963:Drivers/STM32F1xx_HAL_Driver/Src/stm32f1xx_hal_pcd.c **** 
 964:Drivers/STM32F1xx_HAL_Driver/Src/stm32f1xx_hal_pcd.c ****     if (__HAL_PCD_GET_FLAG(hpcd, USB_OTG_GINTSTS_OEPINT))
 965:Drivers/STM32F1xx_HAL_Driver/Src/stm32f1xx_hal_pcd.c ****     {
 966:Drivers/STM32F1xx_HAL_Driver/Src/stm32f1xx_hal_pcd.c ****       epnum = 0U;
 967:Drivers/STM32F1xx_HAL_Driver/Src/stm32f1xx_hal_pcd.c **** 
 968:Drivers/STM32F1xx_HAL_Driver/Src/stm32f1xx_hal_pcd.c ****       /* Read in the device interrupt bits */
 969:Drivers/STM32F1xx_HAL_Driver/Src/stm32f1xx_hal_pcd.c ****       ep_intr = USB_ReadDevAllOutEpInterrupt(hpcd->Instance);
 970:Drivers/STM32F1xx_HAL_Driver/Src/stm32f1xx_hal_pcd.c **** 
 971:Drivers/STM32F1xx_HAL_Driver/Src/stm32f1xx_hal_pcd.c ****       while (ep_intr != 0U)
 972:Drivers/STM32F1xx_HAL_Driver/Src/stm32f1xx_hal_pcd.c ****       {
 973:Drivers/STM32F1xx_HAL_Driver/Src/stm32f1xx_hal_pcd.c ****         if ((ep_intr & 0x1U) != 0U)
 974:Drivers/STM32F1xx_HAL_Driver/Src/stm32f1xx_hal_pcd.c ****         {
 975:Drivers/STM32F1xx_HAL_Driver/Src/stm32f1xx_hal_pcd.c ****           epint = USB_ReadDevOutEPInterrupt(hpcd->Instance, (uint8_t)epnum);
 976:Drivers/STM32F1xx_HAL_Driver/Src/stm32f1xx_hal_pcd.c **** 
 977:Drivers/STM32F1xx_HAL_Driver/Src/stm32f1xx_hal_pcd.c ****           if ((epint & USB_OTG_DOEPINT_XFRC) == USB_OTG_DOEPINT_XFRC)
 978:Drivers/STM32F1xx_HAL_Driver/Src/stm32f1xx_hal_pcd.c ****           {
 979:Drivers/STM32F1xx_HAL_Driver/Src/stm32f1xx_hal_pcd.c ****             CLEAR_OUT_EP_INTR(epnum, USB_OTG_DOEPINT_XFRC);
 980:Drivers/STM32F1xx_HAL_Driver/Src/stm32f1xx_hal_pcd.c ****             (void)PCD_EP_OutXfrComplete_int(hpcd, epnum);
 981:Drivers/STM32F1xx_HAL_Driver/Src/stm32f1xx_hal_pcd.c ****           }
 982:Drivers/STM32F1xx_HAL_Driver/Src/stm32f1xx_hal_pcd.c **** 
 983:Drivers/STM32F1xx_HAL_Driver/Src/stm32f1xx_hal_pcd.c ****           if ((epint & USB_OTG_DOEPINT_STUP) == USB_OTG_DOEPINT_STUP)
 984:Drivers/STM32F1xx_HAL_Driver/Src/stm32f1xx_hal_pcd.c ****           {
 985:Drivers/STM32F1xx_HAL_Driver/Src/stm32f1xx_hal_pcd.c ****             CLEAR_OUT_EP_INTR(epnum, USB_OTG_DOEPINT_STUP);
 986:Drivers/STM32F1xx_HAL_Driver/Src/stm32f1xx_hal_pcd.c ****             /* Class B setup phase done for previous decoded setup */
 987:Drivers/STM32F1xx_HAL_Driver/Src/stm32f1xx_hal_pcd.c ****             (void)PCD_EP_OutSetupPacket_int(hpcd, epnum);
 988:Drivers/STM32F1xx_HAL_Driver/Src/stm32f1xx_hal_pcd.c ****           }
 989:Drivers/STM32F1xx_HAL_Driver/Src/stm32f1xx_hal_pcd.c **** 
 990:Drivers/STM32F1xx_HAL_Driver/Src/stm32f1xx_hal_pcd.c ****           if ((epint & USB_OTG_DOEPINT_OTEPDIS) == USB_OTG_DOEPINT_OTEPDIS)
 991:Drivers/STM32F1xx_HAL_Driver/Src/stm32f1xx_hal_pcd.c ****           {
 992:Drivers/STM32F1xx_HAL_Driver/Src/stm32f1xx_hal_pcd.c ****             CLEAR_OUT_EP_INTR(epnum, USB_OTG_DOEPINT_OTEPDIS);
 993:Drivers/STM32F1xx_HAL_Driver/Src/stm32f1xx_hal_pcd.c ****           }
 994:Drivers/STM32F1xx_HAL_Driver/Src/stm32f1xx_hal_pcd.c **** 
 995:Drivers/STM32F1xx_HAL_Driver/Src/stm32f1xx_hal_pcd.c ****           /* Clear OUT Endpoint disable interrupt */
 996:Drivers/STM32F1xx_HAL_Driver/Src/stm32f1xx_hal_pcd.c ****           if ((epint & USB_OTG_DOEPINT_EPDISD) == USB_OTG_DOEPINT_EPDISD)
 997:Drivers/STM32F1xx_HAL_Driver/Src/stm32f1xx_hal_pcd.c ****           {
 998:Drivers/STM32F1xx_HAL_Driver/Src/stm32f1xx_hal_pcd.c ****             if ((USBx->GINTSTS & USB_OTG_GINTSTS_BOUTNAKEFF) == USB_OTG_GINTSTS_BOUTNAKEFF)
 999:Drivers/STM32F1xx_HAL_Driver/Src/stm32f1xx_hal_pcd.c ****             {
1000:Drivers/STM32F1xx_HAL_Driver/Src/stm32f1xx_hal_pcd.c ****               USBx_DEVICE->DCTL |= USB_OTG_DCTL_CGONAK;
1001:Drivers/STM32F1xx_HAL_Driver/Src/stm32f1xx_hal_pcd.c ****             }
ARM GAS  C:\Users\subdia\AppData\Local\Temp\cczK76oD.s 			page 19


1002:Drivers/STM32F1xx_HAL_Driver/Src/stm32f1xx_hal_pcd.c **** 
1003:Drivers/STM32F1xx_HAL_Driver/Src/stm32f1xx_hal_pcd.c ****             ep = &hpcd->OUT_ep[epnum];
1004:Drivers/STM32F1xx_HAL_Driver/Src/stm32f1xx_hal_pcd.c **** 
1005:Drivers/STM32F1xx_HAL_Driver/Src/stm32f1xx_hal_pcd.c ****             if (ep->is_iso_incomplete == 1U)
1006:Drivers/STM32F1xx_HAL_Driver/Src/stm32f1xx_hal_pcd.c ****             {
1007:Drivers/STM32F1xx_HAL_Driver/Src/stm32f1xx_hal_pcd.c ****               ep->is_iso_incomplete = 0U;
1008:Drivers/STM32F1xx_HAL_Driver/Src/stm32f1xx_hal_pcd.c **** 
1009:Drivers/STM32F1xx_HAL_Driver/Src/stm32f1xx_hal_pcd.c **** #if (USE_HAL_PCD_REGISTER_CALLBACKS == 1U)
1010:Drivers/STM32F1xx_HAL_Driver/Src/stm32f1xx_hal_pcd.c ****               hpcd->ISOOUTIncompleteCallback(hpcd, (uint8_t)epnum);
1011:Drivers/STM32F1xx_HAL_Driver/Src/stm32f1xx_hal_pcd.c **** #else
1012:Drivers/STM32F1xx_HAL_Driver/Src/stm32f1xx_hal_pcd.c ****               HAL_PCD_ISOOUTIncompleteCallback(hpcd, (uint8_t)epnum);
1013:Drivers/STM32F1xx_HAL_Driver/Src/stm32f1xx_hal_pcd.c **** #endif /* USE_HAL_PCD_REGISTER_CALLBACKS */
1014:Drivers/STM32F1xx_HAL_Driver/Src/stm32f1xx_hal_pcd.c ****             }
1015:Drivers/STM32F1xx_HAL_Driver/Src/stm32f1xx_hal_pcd.c **** 
1016:Drivers/STM32F1xx_HAL_Driver/Src/stm32f1xx_hal_pcd.c ****             CLEAR_OUT_EP_INTR(epnum, USB_OTG_DOEPINT_EPDISD);
1017:Drivers/STM32F1xx_HAL_Driver/Src/stm32f1xx_hal_pcd.c ****           }
1018:Drivers/STM32F1xx_HAL_Driver/Src/stm32f1xx_hal_pcd.c **** 
1019:Drivers/STM32F1xx_HAL_Driver/Src/stm32f1xx_hal_pcd.c ****           /* Clear Status Phase Received interrupt */
1020:Drivers/STM32F1xx_HAL_Driver/Src/stm32f1xx_hal_pcd.c ****           if ((epint & USB_OTG_DOEPINT_OTEPSPR) == USB_OTG_DOEPINT_OTEPSPR)
1021:Drivers/STM32F1xx_HAL_Driver/Src/stm32f1xx_hal_pcd.c ****           {
1022:Drivers/STM32F1xx_HAL_Driver/Src/stm32f1xx_hal_pcd.c ****             CLEAR_OUT_EP_INTR(epnum, USB_OTG_DOEPINT_OTEPSPR);
1023:Drivers/STM32F1xx_HAL_Driver/Src/stm32f1xx_hal_pcd.c ****           }
1024:Drivers/STM32F1xx_HAL_Driver/Src/stm32f1xx_hal_pcd.c **** 
1025:Drivers/STM32F1xx_HAL_Driver/Src/stm32f1xx_hal_pcd.c ****           /* Clear OUT NAK interrupt */
1026:Drivers/STM32F1xx_HAL_Driver/Src/stm32f1xx_hal_pcd.c ****           if ((epint & USB_OTG_DOEPINT_NAK) == USB_OTG_DOEPINT_NAK)
1027:Drivers/STM32F1xx_HAL_Driver/Src/stm32f1xx_hal_pcd.c ****           {
1028:Drivers/STM32F1xx_HAL_Driver/Src/stm32f1xx_hal_pcd.c ****             CLEAR_OUT_EP_INTR(epnum, USB_OTG_DOEPINT_NAK);
1029:Drivers/STM32F1xx_HAL_Driver/Src/stm32f1xx_hal_pcd.c ****           }
1030:Drivers/STM32F1xx_HAL_Driver/Src/stm32f1xx_hal_pcd.c ****         }
1031:Drivers/STM32F1xx_HAL_Driver/Src/stm32f1xx_hal_pcd.c ****         epnum++;
1032:Drivers/STM32F1xx_HAL_Driver/Src/stm32f1xx_hal_pcd.c ****         ep_intr >>= 1U;
1033:Drivers/STM32F1xx_HAL_Driver/Src/stm32f1xx_hal_pcd.c ****       }
1034:Drivers/STM32F1xx_HAL_Driver/Src/stm32f1xx_hal_pcd.c ****     }
1035:Drivers/STM32F1xx_HAL_Driver/Src/stm32f1xx_hal_pcd.c **** 
1036:Drivers/STM32F1xx_HAL_Driver/Src/stm32f1xx_hal_pcd.c ****     if (__HAL_PCD_GET_FLAG(hpcd, USB_OTG_GINTSTS_IEPINT))
1037:Drivers/STM32F1xx_HAL_Driver/Src/stm32f1xx_hal_pcd.c ****     {
1038:Drivers/STM32F1xx_HAL_Driver/Src/stm32f1xx_hal_pcd.c ****       /* Read in the device interrupt bits */
1039:Drivers/STM32F1xx_HAL_Driver/Src/stm32f1xx_hal_pcd.c ****       ep_intr = USB_ReadDevAllInEpInterrupt(hpcd->Instance);
1040:Drivers/STM32F1xx_HAL_Driver/Src/stm32f1xx_hal_pcd.c **** 
1041:Drivers/STM32F1xx_HAL_Driver/Src/stm32f1xx_hal_pcd.c ****       epnum = 0U;
1042:Drivers/STM32F1xx_HAL_Driver/Src/stm32f1xx_hal_pcd.c **** 
1043:Drivers/STM32F1xx_HAL_Driver/Src/stm32f1xx_hal_pcd.c ****       while (ep_intr != 0U)
1044:Drivers/STM32F1xx_HAL_Driver/Src/stm32f1xx_hal_pcd.c ****       {
1045:Drivers/STM32F1xx_HAL_Driver/Src/stm32f1xx_hal_pcd.c ****         if ((ep_intr & 0x1U) != 0U) /* In ITR */
1046:Drivers/STM32F1xx_HAL_Driver/Src/stm32f1xx_hal_pcd.c ****         {
1047:Drivers/STM32F1xx_HAL_Driver/Src/stm32f1xx_hal_pcd.c ****           epint = USB_ReadDevInEPInterrupt(hpcd->Instance, (uint8_t)epnum);
1048:Drivers/STM32F1xx_HAL_Driver/Src/stm32f1xx_hal_pcd.c **** 
1049:Drivers/STM32F1xx_HAL_Driver/Src/stm32f1xx_hal_pcd.c ****           if ((epint & USB_OTG_DIEPINT_XFRC) == USB_OTG_DIEPINT_XFRC)
1050:Drivers/STM32F1xx_HAL_Driver/Src/stm32f1xx_hal_pcd.c ****           {
1051:Drivers/STM32F1xx_HAL_Driver/Src/stm32f1xx_hal_pcd.c ****             fifoemptymsk = (uint32_t)(0x1UL << (epnum & EP_ADDR_MSK));
1052:Drivers/STM32F1xx_HAL_Driver/Src/stm32f1xx_hal_pcd.c ****             USBx_DEVICE->DIEPEMPMSK &= ~fifoemptymsk;
1053:Drivers/STM32F1xx_HAL_Driver/Src/stm32f1xx_hal_pcd.c **** 
1054:Drivers/STM32F1xx_HAL_Driver/Src/stm32f1xx_hal_pcd.c ****             CLEAR_IN_EP_INTR(epnum, USB_OTG_DIEPINT_XFRC);
1055:Drivers/STM32F1xx_HAL_Driver/Src/stm32f1xx_hal_pcd.c **** 
1056:Drivers/STM32F1xx_HAL_Driver/Src/stm32f1xx_hal_pcd.c **** #if (USE_HAL_PCD_REGISTER_CALLBACKS == 1U)
1057:Drivers/STM32F1xx_HAL_Driver/Src/stm32f1xx_hal_pcd.c ****             hpcd->DataInStageCallback(hpcd, (uint8_t)epnum);
1058:Drivers/STM32F1xx_HAL_Driver/Src/stm32f1xx_hal_pcd.c **** #else
ARM GAS  C:\Users\subdia\AppData\Local\Temp\cczK76oD.s 			page 20


1059:Drivers/STM32F1xx_HAL_Driver/Src/stm32f1xx_hal_pcd.c ****             HAL_PCD_DataInStageCallback(hpcd, (uint8_t)epnum);
1060:Drivers/STM32F1xx_HAL_Driver/Src/stm32f1xx_hal_pcd.c **** #endif /* USE_HAL_PCD_REGISTER_CALLBACKS */
1061:Drivers/STM32F1xx_HAL_Driver/Src/stm32f1xx_hal_pcd.c ****           }
1062:Drivers/STM32F1xx_HAL_Driver/Src/stm32f1xx_hal_pcd.c ****           if ((epint & USB_OTG_DIEPINT_TOC) == USB_OTG_DIEPINT_TOC)
1063:Drivers/STM32F1xx_HAL_Driver/Src/stm32f1xx_hal_pcd.c ****           {
1064:Drivers/STM32F1xx_HAL_Driver/Src/stm32f1xx_hal_pcd.c ****             CLEAR_IN_EP_INTR(epnum, USB_OTG_DIEPINT_TOC);
1065:Drivers/STM32F1xx_HAL_Driver/Src/stm32f1xx_hal_pcd.c ****           }
1066:Drivers/STM32F1xx_HAL_Driver/Src/stm32f1xx_hal_pcd.c ****           if ((epint & USB_OTG_DIEPINT_ITTXFE) == USB_OTG_DIEPINT_ITTXFE)
1067:Drivers/STM32F1xx_HAL_Driver/Src/stm32f1xx_hal_pcd.c ****           {
1068:Drivers/STM32F1xx_HAL_Driver/Src/stm32f1xx_hal_pcd.c ****             CLEAR_IN_EP_INTR(epnum, USB_OTG_DIEPINT_ITTXFE);
1069:Drivers/STM32F1xx_HAL_Driver/Src/stm32f1xx_hal_pcd.c ****           }
1070:Drivers/STM32F1xx_HAL_Driver/Src/stm32f1xx_hal_pcd.c ****           if ((epint & USB_OTG_DIEPINT_INEPNE) == USB_OTG_DIEPINT_INEPNE)
1071:Drivers/STM32F1xx_HAL_Driver/Src/stm32f1xx_hal_pcd.c ****           {
1072:Drivers/STM32F1xx_HAL_Driver/Src/stm32f1xx_hal_pcd.c ****             CLEAR_IN_EP_INTR(epnum, USB_OTG_DIEPINT_INEPNE);
1073:Drivers/STM32F1xx_HAL_Driver/Src/stm32f1xx_hal_pcd.c ****           }
1074:Drivers/STM32F1xx_HAL_Driver/Src/stm32f1xx_hal_pcd.c ****           if ((epint & USB_OTG_DIEPINT_EPDISD) == USB_OTG_DIEPINT_EPDISD)
1075:Drivers/STM32F1xx_HAL_Driver/Src/stm32f1xx_hal_pcd.c ****           {
1076:Drivers/STM32F1xx_HAL_Driver/Src/stm32f1xx_hal_pcd.c ****             (void)USB_FlushTxFifo(USBx, epnum);
1077:Drivers/STM32F1xx_HAL_Driver/Src/stm32f1xx_hal_pcd.c **** 
1078:Drivers/STM32F1xx_HAL_Driver/Src/stm32f1xx_hal_pcd.c ****             ep = &hpcd->IN_ep[epnum];
1079:Drivers/STM32F1xx_HAL_Driver/Src/stm32f1xx_hal_pcd.c **** 
1080:Drivers/STM32F1xx_HAL_Driver/Src/stm32f1xx_hal_pcd.c ****             if (ep->is_iso_incomplete == 1U)
1081:Drivers/STM32F1xx_HAL_Driver/Src/stm32f1xx_hal_pcd.c ****             {
1082:Drivers/STM32F1xx_HAL_Driver/Src/stm32f1xx_hal_pcd.c ****               ep->is_iso_incomplete = 0U;
1083:Drivers/STM32F1xx_HAL_Driver/Src/stm32f1xx_hal_pcd.c **** 
1084:Drivers/STM32F1xx_HAL_Driver/Src/stm32f1xx_hal_pcd.c **** #if (USE_HAL_PCD_REGISTER_CALLBACKS == 1U)
1085:Drivers/STM32F1xx_HAL_Driver/Src/stm32f1xx_hal_pcd.c ****               hpcd->ISOINIncompleteCallback(hpcd, (uint8_t)epnum);
1086:Drivers/STM32F1xx_HAL_Driver/Src/stm32f1xx_hal_pcd.c **** #else
1087:Drivers/STM32F1xx_HAL_Driver/Src/stm32f1xx_hal_pcd.c ****               HAL_PCD_ISOINIncompleteCallback(hpcd, (uint8_t)epnum);
1088:Drivers/STM32F1xx_HAL_Driver/Src/stm32f1xx_hal_pcd.c **** #endif /* USE_HAL_PCD_REGISTER_CALLBACKS */
1089:Drivers/STM32F1xx_HAL_Driver/Src/stm32f1xx_hal_pcd.c ****             }
1090:Drivers/STM32F1xx_HAL_Driver/Src/stm32f1xx_hal_pcd.c **** 
1091:Drivers/STM32F1xx_HAL_Driver/Src/stm32f1xx_hal_pcd.c ****             CLEAR_IN_EP_INTR(epnum, USB_OTG_DIEPINT_EPDISD);
1092:Drivers/STM32F1xx_HAL_Driver/Src/stm32f1xx_hal_pcd.c ****           }
1093:Drivers/STM32F1xx_HAL_Driver/Src/stm32f1xx_hal_pcd.c ****           if ((epint & USB_OTG_DIEPINT_TXFE) == USB_OTG_DIEPINT_TXFE)
1094:Drivers/STM32F1xx_HAL_Driver/Src/stm32f1xx_hal_pcd.c ****           {
1095:Drivers/STM32F1xx_HAL_Driver/Src/stm32f1xx_hal_pcd.c ****             (void)PCD_WriteEmptyTxFifo(hpcd, epnum);
1096:Drivers/STM32F1xx_HAL_Driver/Src/stm32f1xx_hal_pcd.c ****           }
1097:Drivers/STM32F1xx_HAL_Driver/Src/stm32f1xx_hal_pcd.c ****         }
1098:Drivers/STM32F1xx_HAL_Driver/Src/stm32f1xx_hal_pcd.c ****         epnum++;
1099:Drivers/STM32F1xx_HAL_Driver/Src/stm32f1xx_hal_pcd.c ****         ep_intr >>= 1U;
1100:Drivers/STM32F1xx_HAL_Driver/Src/stm32f1xx_hal_pcd.c ****       }
1101:Drivers/STM32F1xx_HAL_Driver/Src/stm32f1xx_hal_pcd.c ****     }
1102:Drivers/STM32F1xx_HAL_Driver/Src/stm32f1xx_hal_pcd.c **** 
1103:Drivers/STM32F1xx_HAL_Driver/Src/stm32f1xx_hal_pcd.c ****     /* Handle Resume Interrupt */
1104:Drivers/STM32F1xx_HAL_Driver/Src/stm32f1xx_hal_pcd.c ****     if (__HAL_PCD_GET_FLAG(hpcd, USB_OTG_GINTSTS_WKUINT))
1105:Drivers/STM32F1xx_HAL_Driver/Src/stm32f1xx_hal_pcd.c ****     {
1106:Drivers/STM32F1xx_HAL_Driver/Src/stm32f1xx_hal_pcd.c ****       /* Clear the Remote Wake-up Signaling */
1107:Drivers/STM32F1xx_HAL_Driver/Src/stm32f1xx_hal_pcd.c ****       USBx_DEVICE->DCTL &= ~USB_OTG_DCTL_RWUSIG;
1108:Drivers/STM32F1xx_HAL_Driver/Src/stm32f1xx_hal_pcd.c **** 
1109:Drivers/STM32F1xx_HAL_Driver/Src/stm32f1xx_hal_pcd.c **** #if (USE_HAL_PCD_REGISTER_CALLBACKS == 1U)
1110:Drivers/STM32F1xx_HAL_Driver/Src/stm32f1xx_hal_pcd.c ****       hpcd->ResumeCallback(hpcd);
1111:Drivers/STM32F1xx_HAL_Driver/Src/stm32f1xx_hal_pcd.c **** #else
1112:Drivers/STM32F1xx_HAL_Driver/Src/stm32f1xx_hal_pcd.c ****       HAL_PCD_ResumeCallback(hpcd);
1113:Drivers/STM32F1xx_HAL_Driver/Src/stm32f1xx_hal_pcd.c **** #endif /* USE_HAL_PCD_REGISTER_CALLBACKS */
1114:Drivers/STM32F1xx_HAL_Driver/Src/stm32f1xx_hal_pcd.c **** 
1115:Drivers/STM32F1xx_HAL_Driver/Src/stm32f1xx_hal_pcd.c ****       __HAL_PCD_CLEAR_FLAG(hpcd, USB_OTG_GINTSTS_WKUINT);
ARM GAS  C:\Users\subdia\AppData\Local\Temp\cczK76oD.s 			page 21


1116:Drivers/STM32F1xx_HAL_Driver/Src/stm32f1xx_hal_pcd.c ****     }
1117:Drivers/STM32F1xx_HAL_Driver/Src/stm32f1xx_hal_pcd.c **** 
1118:Drivers/STM32F1xx_HAL_Driver/Src/stm32f1xx_hal_pcd.c ****     /* Handle Suspend Interrupt */
1119:Drivers/STM32F1xx_HAL_Driver/Src/stm32f1xx_hal_pcd.c ****     if (__HAL_PCD_GET_FLAG(hpcd, USB_OTG_GINTSTS_USBSUSP))
1120:Drivers/STM32F1xx_HAL_Driver/Src/stm32f1xx_hal_pcd.c ****     {
1121:Drivers/STM32F1xx_HAL_Driver/Src/stm32f1xx_hal_pcd.c ****       if ((USBx_DEVICE->DSTS & USB_OTG_DSTS_SUSPSTS) == USB_OTG_DSTS_SUSPSTS)
1122:Drivers/STM32F1xx_HAL_Driver/Src/stm32f1xx_hal_pcd.c ****       {
1123:Drivers/STM32F1xx_HAL_Driver/Src/stm32f1xx_hal_pcd.c **** #if (USE_HAL_PCD_REGISTER_CALLBACKS == 1U)
1124:Drivers/STM32F1xx_HAL_Driver/Src/stm32f1xx_hal_pcd.c ****         hpcd->SuspendCallback(hpcd);
1125:Drivers/STM32F1xx_HAL_Driver/Src/stm32f1xx_hal_pcd.c **** #else
1126:Drivers/STM32F1xx_HAL_Driver/Src/stm32f1xx_hal_pcd.c ****         HAL_PCD_SuspendCallback(hpcd);
1127:Drivers/STM32F1xx_HAL_Driver/Src/stm32f1xx_hal_pcd.c **** #endif /* USE_HAL_PCD_REGISTER_CALLBACKS */
1128:Drivers/STM32F1xx_HAL_Driver/Src/stm32f1xx_hal_pcd.c ****       }
1129:Drivers/STM32F1xx_HAL_Driver/Src/stm32f1xx_hal_pcd.c ****       __HAL_PCD_CLEAR_FLAG(hpcd, USB_OTG_GINTSTS_USBSUSP);
1130:Drivers/STM32F1xx_HAL_Driver/Src/stm32f1xx_hal_pcd.c ****     }
1131:Drivers/STM32F1xx_HAL_Driver/Src/stm32f1xx_hal_pcd.c ****     /* Handle Reset Interrupt */
1132:Drivers/STM32F1xx_HAL_Driver/Src/stm32f1xx_hal_pcd.c ****     if (__HAL_PCD_GET_FLAG(hpcd, USB_OTG_GINTSTS_USBRST))
1133:Drivers/STM32F1xx_HAL_Driver/Src/stm32f1xx_hal_pcd.c ****     {
1134:Drivers/STM32F1xx_HAL_Driver/Src/stm32f1xx_hal_pcd.c ****       USBx_DEVICE->DCTL &= ~USB_OTG_DCTL_RWUSIG;
1135:Drivers/STM32F1xx_HAL_Driver/Src/stm32f1xx_hal_pcd.c ****       (void)USB_FlushTxFifo(hpcd->Instance, 0x10U);
1136:Drivers/STM32F1xx_HAL_Driver/Src/stm32f1xx_hal_pcd.c **** 
1137:Drivers/STM32F1xx_HAL_Driver/Src/stm32f1xx_hal_pcd.c ****       for (i = 0U; i < hpcd->Init.dev_endpoints; i++)
1138:Drivers/STM32F1xx_HAL_Driver/Src/stm32f1xx_hal_pcd.c ****       {
1139:Drivers/STM32F1xx_HAL_Driver/Src/stm32f1xx_hal_pcd.c ****         USBx_INEP(i)->DIEPINT = 0xFB7FU;
1140:Drivers/STM32F1xx_HAL_Driver/Src/stm32f1xx_hal_pcd.c ****         USBx_INEP(i)->DIEPCTL &= ~USB_OTG_DIEPCTL_STALL;
1141:Drivers/STM32F1xx_HAL_Driver/Src/stm32f1xx_hal_pcd.c ****         USBx_OUTEP(i)->DOEPINT = 0xFB7FU;
1142:Drivers/STM32F1xx_HAL_Driver/Src/stm32f1xx_hal_pcd.c ****         USBx_OUTEP(i)->DOEPCTL &= ~USB_OTG_DOEPCTL_STALL;
1143:Drivers/STM32F1xx_HAL_Driver/Src/stm32f1xx_hal_pcd.c ****         USBx_OUTEP(i)->DOEPCTL |= USB_OTG_DOEPCTL_SNAK;
1144:Drivers/STM32F1xx_HAL_Driver/Src/stm32f1xx_hal_pcd.c ****       }
1145:Drivers/STM32F1xx_HAL_Driver/Src/stm32f1xx_hal_pcd.c ****       USBx_DEVICE->DAINTMSK |= 0x10001U;
1146:Drivers/STM32F1xx_HAL_Driver/Src/stm32f1xx_hal_pcd.c **** 
1147:Drivers/STM32F1xx_HAL_Driver/Src/stm32f1xx_hal_pcd.c ****       if (hpcd->Init.use_dedicated_ep1 != 0U)
1148:Drivers/STM32F1xx_HAL_Driver/Src/stm32f1xx_hal_pcd.c ****       {
1149:Drivers/STM32F1xx_HAL_Driver/Src/stm32f1xx_hal_pcd.c ****         USBx_DEVICE->DOUTEP1MSK |= USB_OTG_DOEPMSK_STUPM |
1150:Drivers/STM32F1xx_HAL_Driver/Src/stm32f1xx_hal_pcd.c ****                                    USB_OTG_DOEPMSK_XFRCM |
1151:Drivers/STM32F1xx_HAL_Driver/Src/stm32f1xx_hal_pcd.c ****                                    USB_OTG_DOEPMSK_EPDM;
1152:Drivers/STM32F1xx_HAL_Driver/Src/stm32f1xx_hal_pcd.c **** 
1153:Drivers/STM32F1xx_HAL_Driver/Src/stm32f1xx_hal_pcd.c ****         USBx_DEVICE->DINEP1MSK |= USB_OTG_DIEPMSK_TOM |
1154:Drivers/STM32F1xx_HAL_Driver/Src/stm32f1xx_hal_pcd.c ****                                   USB_OTG_DIEPMSK_XFRCM |
1155:Drivers/STM32F1xx_HAL_Driver/Src/stm32f1xx_hal_pcd.c ****                                   USB_OTG_DIEPMSK_EPDM;
1156:Drivers/STM32F1xx_HAL_Driver/Src/stm32f1xx_hal_pcd.c ****       }
1157:Drivers/STM32F1xx_HAL_Driver/Src/stm32f1xx_hal_pcd.c ****       else
1158:Drivers/STM32F1xx_HAL_Driver/Src/stm32f1xx_hal_pcd.c ****       {
1159:Drivers/STM32F1xx_HAL_Driver/Src/stm32f1xx_hal_pcd.c ****         USBx_DEVICE->DOEPMSK |= USB_OTG_DOEPMSK_STUPM |
1160:Drivers/STM32F1xx_HAL_Driver/Src/stm32f1xx_hal_pcd.c ****                                 USB_OTG_DOEPMSK_XFRCM |
1161:Drivers/STM32F1xx_HAL_Driver/Src/stm32f1xx_hal_pcd.c ****                                 USB_OTG_DOEPMSK_EPDM |
1162:Drivers/STM32F1xx_HAL_Driver/Src/stm32f1xx_hal_pcd.c ****                                 USB_OTG_DOEPMSK_OTEPSPRM |
1163:Drivers/STM32F1xx_HAL_Driver/Src/stm32f1xx_hal_pcd.c ****                                 USB_OTG_DOEPMSK_NAKM;
1164:Drivers/STM32F1xx_HAL_Driver/Src/stm32f1xx_hal_pcd.c **** 
1165:Drivers/STM32F1xx_HAL_Driver/Src/stm32f1xx_hal_pcd.c ****         USBx_DEVICE->DIEPMSK |= USB_OTG_DIEPMSK_TOM |
1166:Drivers/STM32F1xx_HAL_Driver/Src/stm32f1xx_hal_pcd.c ****                                 USB_OTG_DIEPMSK_XFRCM |
1167:Drivers/STM32F1xx_HAL_Driver/Src/stm32f1xx_hal_pcd.c ****                                 USB_OTG_DIEPMSK_EPDM;
1168:Drivers/STM32F1xx_HAL_Driver/Src/stm32f1xx_hal_pcd.c ****       }
1169:Drivers/STM32F1xx_HAL_Driver/Src/stm32f1xx_hal_pcd.c **** 
1170:Drivers/STM32F1xx_HAL_Driver/Src/stm32f1xx_hal_pcd.c ****       /* Set Default Address to 0 */
1171:Drivers/STM32F1xx_HAL_Driver/Src/stm32f1xx_hal_pcd.c ****       USBx_DEVICE->DCFG &= ~USB_OTG_DCFG_DAD;
1172:Drivers/STM32F1xx_HAL_Driver/Src/stm32f1xx_hal_pcd.c **** 
ARM GAS  C:\Users\subdia\AppData\Local\Temp\cczK76oD.s 			page 22


1173:Drivers/STM32F1xx_HAL_Driver/Src/stm32f1xx_hal_pcd.c ****       /* setup EP0 to receive SETUP packets */
1174:Drivers/STM32F1xx_HAL_Driver/Src/stm32f1xx_hal_pcd.c ****       (void)USB_EP0_OutStart(hpcd->Instance, (uint8_t *)hpcd->Setup);
1175:Drivers/STM32F1xx_HAL_Driver/Src/stm32f1xx_hal_pcd.c **** 
1176:Drivers/STM32F1xx_HAL_Driver/Src/stm32f1xx_hal_pcd.c ****       __HAL_PCD_CLEAR_FLAG(hpcd, USB_OTG_GINTSTS_USBRST);
1177:Drivers/STM32F1xx_HAL_Driver/Src/stm32f1xx_hal_pcd.c ****     }
1178:Drivers/STM32F1xx_HAL_Driver/Src/stm32f1xx_hal_pcd.c **** 
1179:Drivers/STM32F1xx_HAL_Driver/Src/stm32f1xx_hal_pcd.c ****     /* Handle Enumeration done Interrupt */
1180:Drivers/STM32F1xx_HAL_Driver/Src/stm32f1xx_hal_pcd.c ****     if (__HAL_PCD_GET_FLAG(hpcd, USB_OTG_GINTSTS_ENUMDNE))
1181:Drivers/STM32F1xx_HAL_Driver/Src/stm32f1xx_hal_pcd.c ****     {
1182:Drivers/STM32F1xx_HAL_Driver/Src/stm32f1xx_hal_pcd.c ****       (void)USB_ActivateSetup(hpcd->Instance);
1183:Drivers/STM32F1xx_HAL_Driver/Src/stm32f1xx_hal_pcd.c ****       hpcd->Init.speed = USB_GetDevSpeed(hpcd->Instance);
1184:Drivers/STM32F1xx_HAL_Driver/Src/stm32f1xx_hal_pcd.c **** 
1185:Drivers/STM32F1xx_HAL_Driver/Src/stm32f1xx_hal_pcd.c ****       /* Set USB Turnaround time */
1186:Drivers/STM32F1xx_HAL_Driver/Src/stm32f1xx_hal_pcd.c ****       (void)USB_SetTurnaroundTime(hpcd->Instance,
1187:Drivers/STM32F1xx_HAL_Driver/Src/stm32f1xx_hal_pcd.c ****                                   HAL_RCC_GetHCLKFreq(),
1188:Drivers/STM32F1xx_HAL_Driver/Src/stm32f1xx_hal_pcd.c ****                                   (uint8_t)hpcd->Init.speed);
1189:Drivers/STM32F1xx_HAL_Driver/Src/stm32f1xx_hal_pcd.c **** 
1190:Drivers/STM32F1xx_HAL_Driver/Src/stm32f1xx_hal_pcd.c **** #if (USE_HAL_PCD_REGISTER_CALLBACKS == 1U)
1191:Drivers/STM32F1xx_HAL_Driver/Src/stm32f1xx_hal_pcd.c ****       hpcd->ResetCallback(hpcd);
1192:Drivers/STM32F1xx_HAL_Driver/Src/stm32f1xx_hal_pcd.c **** #else
1193:Drivers/STM32F1xx_HAL_Driver/Src/stm32f1xx_hal_pcd.c ****       HAL_PCD_ResetCallback(hpcd);
1194:Drivers/STM32F1xx_HAL_Driver/Src/stm32f1xx_hal_pcd.c **** #endif /* USE_HAL_PCD_REGISTER_CALLBACKS */
1195:Drivers/STM32F1xx_HAL_Driver/Src/stm32f1xx_hal_pcd.c **** 
1196:Drivers/STM32F1xx_HAL_Driver/Src/stm32f1xx_hal_pcd.c ****       __HAL_PCD_CLEAR_FLAG(hpcd, USB_OTG_GINTSTS_ENUMDNE);
1197:Drivers/STM32F1xx_HAL_Driver/Src/stm32f1xx_hal_pcd.c ****     }
1198:Drivers/STM32F1xx_HAL_Driver/Src/stm32f1xx_hal_pcd.c **** 
1199:Drivers/STM32F1xx_HAL_Driver/Src/stm32f1xx_hal_pcd.c ****     /* Handle SOF Interrupt */
1200:Drivers/STM32F1xx_HAL_Driver/Src/stm32f1xx_hal_pcd.c ****     if (__HAL_PCD_GET_FLAG(hpcd, USB_OTG_GINTSTS_SOF))
1201:Drivers/STM32F1xx_HAL_Driver/Src/stm32f1xx_hal_pcd.c ****     {
1202:Drivers/STM32F1xx_HAL_Driver/Src/stm32f1xx_hal_pcd.c **** #if (USE_HAL_PCD_REGISTER_CALLBACKS == 1U)
1203:Drivers/STM32F1xx_HAL_Driver/Src/stm32f1xx_hal_pcd.c ****       hpcd->SOFCallback(hpcd);
1204:Drivers/STM32F1xx_HAL_Driver/Src/stm32f1xx_hal_pcd.c **** #else
1205:Drivers/STM32F1xx_HAL_Driver/Src/stm32f1xx_hal_pcd.c ****       HAL_PCD_SOFCallback(hpcd);
1206:Drivers/STM32F1xx_HAL_Driver/Src/stm32f1xx_hal_pcd.c **** #endif /* USE_HAL_PCD_REGISTER_CALLBACKS */
1207:Drivers/STM32F1xx_HAL_Driver/Src/stm32f1xx_hal_pcd.c **** 
1208:Drivers/STM32F1xx_HAL_Driver/Src/stm32f1xx_hal_pcd.c ****       __HAL_PCD_CLEAR_FLAG(hpcd, USB_OTG_GINTSTS_SOF);
1209:Drivers/STM32F1xx_HAL_Driver/Src/stm32f1xx_hal_pcd.c ****     }
1210:Drivers/STM32F1xx_HAL_Driver/Src/stm32f1xx_hal_pcd.c **** 
1211:Drivers/STM32F1xx_HAL_Driver/Src/stm32f1xx_hal_pcd.c ****     /* Handle Global OUT NAK effective Interrupt */
1212:Drivers/STM32F1xx_HAL_Driver/Src/stm32f1xx_hal_pcd.c ****     if (__HAL_PCD_GET_FLAG(hpcd, USB_OTG_GINTSTS_BOUTNAKEFF))
1213:Drivers/STM32F1xx_HAL_Driver/Src/stm32f1xx_hal_pcd.c ****     {
1214:Drivers/STM32F1xx_HAL_Driver/Src/stm32f1xx_hal_pcd.c ****       USBx->GINTMSK &= ~USB_OTG_GINTMSK_GONAKEFFM;
1215:Drivers/STM32F1xx_HAL_Driver/Src/stm32f1xx_hal_pcd.c **** 
1216:Drivers/STM32F1xx_HAL_Driver/Src/stm32f1xx_hal_pcd.c ****       for (epnum = 1U; epnum < hpcd->Init.dev_endpoints; epnum++)
1217:Drivers/STM32F1xx_HAL_Driver/Src/stm32f1xx_hal_pcd.c ****       {
1218:Drivers/STM32F1xx_HAL_Driver/Src/stm32f1xx_hal_pcd.c ****         if (hpcd->OUT_ep[epnum].is_iso_incomplete == 1U)
1219:Drivers/STM32F1xx_HAL_Driver/Src/stm32f1xx_hal_pcd.c ****         {
1220:Drivers/STM32F1xx_HAL_Driver/Src/stm32f1xx_hal_pcd.c ****           /* Abort current transaction and disable the EP */
1221:Drivers/STM32F1xx_HAL_Driver/Src/stm32f1xx_hal_pcd.c ****           (void)HAL_PCD_EP_Abort(hpcd, (uint8_t)epnum);
1222:Drivers/STM32F1xx_HAL_Driver/Src/stm32f1xx_hal_pcd.c ****         }
1223:Drivers/STM32F1xx_HAL_Driver/Src/stm32f1xx_hal_pcd.c ****       }
1224:Drivers/STM32F1xx_HAL_Driver/Src/stm32f1xx_hal_pcd.c ****     }
1225:Drivers/STM32F1xx_HAL_Driver/Src/stm32f1xx_hal_pcd.c **** 
1226:Drivers/STM32F1xx_HAL_Driver/Src/stm32f1xx_hal_pcd.c ****     /* Handle Incomplete ISO IN Interrupt */
1227:Drivers/STM32F1xx_HAL_Driver/Src/stm32f1xx_hal_pcd.c ****     if (__HAL_PCD_GET_FLAG(hpcd, USB_OTG_GINTSTS_IISOIXFR))
1228:Drivers/STM32F1xx_HAL_Driver/Src/stm32f1xx_hal_pcd.c ****     {
1229:Drivers/STM32F1xx_HAL_Driver/Src/stm32f1xx_hal_pcd.c ****       for (epnum = 1U; epnum < hpcd->Init.dev_endpoints; epnum++)
ARM GAS  C:\Users\subdia\AppData\Local\Temp\cczK76oD.s 			page 23


1230:Drivers/STM32F1xx_HAL_Driver/Src/stm32f1xx_hal_pcd.c ****       {
1231:Drivers/STM32F1xx_HAL_Driver/Src/stm32f1xx_hal_pcd.c ****         RegVal = USBx_INEP(epnum)->DIEPCTL;
1232:Drivers/STM32F1xx_HAL_Driver/Src/stm32f1xx_hal_pcd.c **** 
1233:Drivers/STM32F1xx_HAL_Driver/Src/stm32f1xx_hal_pcd.c ****         if ((hpcd->IN_ep[epnum].type == EP_TYPE_ISOC) &&
1234:Drivers/STM32F1xx_HAL_Driver/Src/stm32f1xx_hal_pcd.c ****             ((RegVal & USB_OTG_DIEPCTL_EPENA) == USB_OTG_DIEPCTL_EPENA))
1235:Drivers/STM32F1xx_HAL_Driver/Src/stm32f1xx_hal_pcd.c ****         {
1236:Drivers/STM32F1xx_HAL_Driver/Src/stm32f1xx_hal_pcd.c ****           hpcd->IN_ep[epnum].is_iso_incomplete = 1U;
1237:Drivers/STM32F1xx_HAL_Driver/Src/stm32f1xx_hal_pcd.c **** 
1238:Drivers/STM32F1xx_HAL_Driver/Src/stm32f1xx_hal_pcd.c ****           /* Abort current transaction and disable the EP */
1239:Drivers/STM32F1xx_HAL_Driver/Src/stm32f1xx_hal_pcd.c ****           (void)HAL_PCD_EP_Abort(hpcd, (uint8_t)(epnum | 0x80U));
1240:Drivers/STM32F1xx_HAL_Driver/Src/stm32f1xx_hal_pcd.c ****         }
1241:Drivers/STM32F1xx_HAL_Driver/Src/stm32f1xx_hal_pcd.c ****       }
1242:Drivers/STM32F1xx_HAL_Driver/Src/stm32f1xx_hal_pcd.c **** 
1243:Drivers/STM32F1xx_HAL_Driver/Src/stm32f1xx_hal_pcd.c ****       __HAL_PCD_CLEAR_FLAG(hpcd, USB_OTG_GINTSTS_IISOIXFR);
1244:Drivers/STM32F1xx_HAL_Driver/Src/stm32f1xx_hal_pcd.c ****     }
1245:Drivers/STM32F1xx_HAL_Driver/Src/stm32f1xx_hal_pcd.c **** 
1246:Drivers/STM32F1xx_HAL_Driver/Src/stm32f1xx_hal_pcd.c ****     /* Handle Incomplete ISO OUT Interrupt */
1247:Drivers/STM32F1xx_HAL_Driver/Src/stm32f1xx_hal_pcd.c ****     if (__HAL_PCD_GET_FLAG(hpcd, USB_OTG_GINTSTS_PXFR_INCOMPISOOUT))
1248:Drivers/STM32F1xx_HAL_Driver/Src/stm32f1xx_hal_pcd.c ****     {
1249:Drivers/STM32F1xx_HAL_Driver/Src/stm32f1xx_hal_pcd.c ****       for (epnum = 1U; epnum < hpcd->Init.dev_endpoints; epnum++)
1250:Drivers/STM32F1xx_HAL_Driver/Src/stm32f1xx_hal_pcd.c ****       {
1251:Drivers/STM32F1xx_HAL_Driver/Src/stm32f1xx_hal_pcd.c ****         RegVal = USBx_OUTEP(epnum)->DOEPCTL;
1252:Drivers/STM32F1xx_HAL_Driver/Src/stm32f1xx_hal_pcd.c **** 
1253:Drivers/STM32F1xx_HAL_Driver/Src/stm32f1xx_hal_pcd.c ****         if ((hpcd->OUT_ep[epnum].type == EP_TYPE_ISOC) &&
1254:Drivers/STM32F1xx_HAL_Driver/Src/stm32f1xx_hal_pcd.c ****             ((RegVal & USB_OTG_DOEPCTL_EPENA) == USB_OTG_DOEPCTL_EPENA) &&
1255:Drivers/STM32F1xx_HAL_Driver/Src/stm32f1xx_hal_pcd.c ****             ((RegVal & (0x1U << 16)) == (hpcd->FrameNumber & 0x1U)))
1256:Drivers/STM32F1xx_HAL_Driver/Src/stm32f1xx_hal_pcd.c ****         {
1257:Drivers/STM32F1xx_HAL_Driver/Src/stm32f1xx_hal_pcd.c ****           hpcd->OUT_ep[epnum].is_iso_incomplete = 1U;
1258:Drivers/STM32F1xx_HAL_Driver/Src/stm32f1xx_hal_pcd.c **** 
1259:Drivers/STM32F1xx_HAL_Driver/Src/stm32f1xx_hal_pcd.c ****           USBx->GINTMSK |= USB_OTG_GINTMSK_GONAKEFFM;
1260:Drivers/STM32F1xx_HAL_Driver/Src/stm32f1xx_hal_pcd.c **** 
1261:Drivers/STM32F1xx_HAL_Driver/Src/stm32f1xx_hal_pcd.c ****           if ((USBx->GINTSTS & USB_OTG_GINTSTS_BOUTNAKEFF) == 0U)
1262:Drivers/STM32F1xx_HAL_Driver/Src/stm32f1xx_hal_pcd.c ****           {
1263:Drivers/STM32F1xx_HAL_Driver/Src/stm32f1xx_hal_pcd.c ****             USBx_DEVICE->DCTL |= USB_OTG_DCTL_SGONAK;
1264:Drivers/STM32F1xx_HAL_Driver/Src/stm32f1xx_hal_pcd.c ****             break;
1265:Drivers/STM32F1xx_HAL_Driver/Src/stm32f1xx_hal_pcd.c ****           }
1266:Drivers/STM32F1xx_HAL_Driver/Src/stm32f1xx_hal_pcd.c ****         }
1267:Drivers/STM32F1xx_HAL_Driver/Src/stm32f1xx_hal_pcd.c ****       }
1268:Drivers/STM32F1xx_HAL_Driver/Src/stm32f1xx_hal_pcd.c **** 
1269:Drivers/STM32F1xx_HAL_Driver/Src/stm32f1xx_hal_pcd.c ****       __HAL_PCD_CLEAR_FLAG(hpcd, USB_OTG_GINTSTS_PXFR_INCOMPISOOUT);
1270:Drivers/STM32F1xx_HAL_Driver/Src/stm32f1xx_hal_pcd.c ****     }
1271:Drivers/STM32F1xx_HAL_Driver/Src/stm32f1xx_hal_pcd.c **** 
1272:Drivers/STM32F1xx_HAL_Driver/Src/stm32f1xx_hal_pcd.c ****     /* Handle Connection event Interrupt */
1273:Drivers/STM32F1xx_HAL_Driver/Src/stm32f1xx_hal_pcd.c ****     if (__HAL_PCD_GET_FLAG(hpcd, USB_OTG_GINTSTS_SRQINT))
1274:Drivers/STM32F1xx_HAL_Driver/Src/stm32f1xx_hal_pcd.c ****     {
1275:Drivers/STM32F1xx_HAL_Driver/Src/stm32f1xx_hal_pcd.c **** #if (USE_HAL_PCD_REGISTER_CALLBACKS == 1U)
1276:Drivers/STM32F1xx_HAL_Driver/Src/stm32f1xx_hal_pcd.c ****       hpcd->ConnectCallback(hpcd);
1277:Drivers/STM32F1xx_HAL_Driver/Src/stm32f1xx_hal_pcd.c **** #else
1278:Drivers/STM32F1xx_HAL_Driver/Src/stm32f1xx_hal_pcd.c ****       HAL_PCD_ConnectCallback(hpcd);
1279:Drivers/STM32F1xx_HAL_Driver/Src/stm32f1xx_hal_pcd.c **** #endif /* USE_HAL_PCD_REGISTER_CALLBACKS */
1280:Drivers/STM32F1xx_HAL_Driver/Src/stm32f1xx_hal_pcd.c **** 
1281:Drivers/STM32F1xx_HAL_Driver/Src/stm32f1xx_hal_pcd.c ****       __HAL_PCD_CLEAR_FLAG(hpcd, USB_OTG_GINTSTS_SRQINT);
1282:Drivers/STM32F1xx_HAL_Driver/Src/stm32f1xx_hal_pcd.c ****     }
1283:Drivers/STM32F1xx_HAL_Driver/Src/stm32f1xx_hal_pcd.c **** 
1284:Drivers/STM32F1xx_HAL_Driver/Src/stm32f1xx_hal_pcd.c ****     /* Handle Disconnection event Interrupt */
1285:Drivers/STM32F1xx_HAL_Driver/Src/stm32f1xx_hal_pcd.c ****     if (__HAL_PCD_GET_FLAG(hpcd, USB_OTG_GINTSTS_OTGINT))
1286:Drivers/STM32F1xx_HAL_Driver/Src/stm32f1xx_hal_pcd.c ****     {
ARM GAS  C:\Users\subdia\AppData\Local\Temp\cczK76oD.s 			page 24


1287:Drivers/STM32F1xx_HAL_Driver/Src/stm32f1xx_hal_pcd.c ****       RegVal = hpcd->Instance->GOTGINT;
1288:Drivers/STM32F1xx_HAL_Driver/Src/stm32f1xx_hal_pcd.c **** 
1289:Drivers/STM32F1xx_HAL_Driver/Src/stm32f1xx_hal_pcd.c ****       if ((RegVal & USB_OTG_GOTGINT_SEDET) == USB_OTG_GOTGINT_SEDET)
1290:Drivers/STM32F1xx_HAL_Driver/Src/stm32f1xx_hal_pcd.c ****       {
1291:Drivers/STM32F1xx_HAL_Driver/Src/stm32f1xx_hal_pcd.c **** #if (USE_HAL_PCD_REGISTER_CALLBACKS == 1U)
1292:Drivers/STM32F1xx_HAL_Driver/Src/stm32f1xx_hal_pcd.c ****         hpcd->DisconnectCallback(hpcd);
1293:Drivers/STM32F1xx_HAL_Driver/Src/stm32f1xx_hal_pcd.c **** #else
1294:Drivers/STM32F1xx_HAL_Driver/Src/stm32f1xx_hal_pcd.c ****         HAL_PCD_DisconnectCallback(hpcd);
1295:Drivers/STM32F1xx_HAL_Driver/Src/stm32f1xx_hal_pcd.c **** #endif /* USE_HAL_PCD_REGISTER_CALLBACKS */
1296:Drivers/STM32F1xx_HAL_Driver/Src/stm32f1xx_hal_pcd.c ****       }
1297:Drivers/STM32F1xx_HAL_Driver/Src/stm32f1xx_hal_pcd.c ****       hpcd->Instance->GOTGINT |= RegVal;
1298:Drivers/STM32F1xx_HAL_Driver/Src/stm32f1xx_hal_pcd.c ****     }
1299:Drivers/STM32F1xx_HAL_Driver/Src/stm32f1xx_hal_pcd.c ****   }
1300:Drivers/STM32F1xx_HAL_Driver/Src/stm32f1xx_hal_pcd.c **** }
1301:Drivers/STM32F1xx_HAL_Driver/Src/stm32f1xx_hal_pcd.c **** 
1302:Drivers/STM32F1xx_HAL_Driver/Src/stm32f1xx_hal_pcd.c **** 
1303:Drivers/STM32F1xx_HAL_Driver/Src/stm32f1xx_hal_pcd.c **** /**
1304:Drivers/STM32F1xx_HAL_Driver/Src/stm32f1xx_hal_pcd.c ****   * @brief  Handles PCD Wakeup interrupt request.
1305:Drivers/STM32F1xx_HAL_Driver/Src/stm32f1xx_hal_pcd.c ****   * @param  hpcd PCD handle
1306:Drivers/STM32F1xx_HAL_Driver/Src/stm32f1xx_hal_pcd.c ****   * @retval HAL status
1307:Drivers/STM32F1xx_HAL_Driver/Src/stm32f1xx_hal_pcd.c ****   */
1308:Drivers/STM32F1xx_HAL_Driver/Src/stm32f1xx_hal_pcd.c **** void HAL_PCD_WKUP_IRQHandler(PCD_HandleTypeDef *hpcd)
1309:Drivers/STM32F1xx_HAL_Driver/Src/stm32f1xx_hal_pcd.c **** {
1310:Drivers/STM32F1xx_HAL_Driver/Src/stm32f1xx_hal_pcd.c ****   /* Clear EXTI pending Bit */
1311:Drivers/STM32F1xx_HAL_Driver/Src/stm32f1xx_hal_pcd.c ****   __HAL_USB_OTG_FS_WAKEUP_EXTI_CLEAR_FLAG();
1312:Drivers/STM32F1xx_HAL_Driver/Src/stm32f1xx_hal_pcd.c **** }
1313:Drivers/STM32F1xx_HAL_Driver/Src/stm32f1xx_hal_pcd.c **** #endif /* defined (USB_OTG_FS) */
1314:Drivers/STM32F1xx_HAL_Driver/Src/stm32f1xx_hal_pcd.c **** 
1315:Drivers/STM32F1xx_HAL_Driver/Src/stm32f1xx_hal_pcd.c **** #if defined (USB)
1316:Drivers/STM32F1xx_HAL_Driver/Src/stm32f1xx_hal_pcd.c **** /**
1317:Drivers/STM32F1xx_HAL_Driver/Src/stm32f1xx_hal_pcd.c ****   * @brief  This function handles PCD interrupt request.
1318:Drivers/STM32F1xx_HAL_Driver/Src/stm32f1xx_hal_pcd.c ****   * @param  hpcd PCD handle
1319:Drivers/STM32F1xx_HAL_Driver/Src/stm32f1xx_hal_pcd.c ****   * @retval HAL status
1320:Drivers/STM32F1xx_HAL_Driver/Src/stm32f1xx_hal_pcd.c ****   */
1321:Drivers/STM32F1xx_HAL_Driver/Src/stm32f1xx_hal_pcd.c **** void HAL_PCD_IRQHandler(PCD_HandleTypeDef *hpcd)
1322:Drivers/STM32F1xx_HAL_Driver/Src/stm32f1xx_hal_pcd.c **** {
1323:Drivers/STM32F1xx_HAL_Driver/Src/stm32f1xx_hal_pcd.c ****   uint32_t wIstr = USB_ReadInterrupts(hpcd->Instance);
1324:Drivers/STM32F1xx_HAL_Driver/Src/stm32f1xx_hal_pcd.c ****   uint16_t store_ep[8];
1325:Drivers/STM32F1xx_HAL_Driver/Src/stm32f1xx_hal_pcd.c ****   uint8_t i;
1326:Drivers/STM32F1xx_HAL_Driver/Src/stm32f1xx_hal_pcd.c **** 
1327:Drivers/STM32F1xx_HAL_Driver/Src/stm32f1xx_hal_pcd.c ****   if ((wIstr & USB_ISTR_CTR) == USB_ISTR_CTR)
1328:Drivers/STM32F1xx_HAL_Driver/Src/stm32f1xx_hal_pcd.c ****   {
1329:Drivers/STM32F1xx_HAL_Driver/Src/stm32f1xx_hal_pcd.c ****     /* servicing of the endpoint correct transfer interrupt */
1330:Drivers/STM32F1xx_HAL_Driver/Src/stm32f1xx_hal_pcd.c ****     /* clear of the CTR flag into the sub */
1331:Drivers/STM32F1xx_HAL_Driver/Src/stm32f1xx_hal_pcd.c ****     (void)PCD_EP_ISR_Handler(hpcd);
1332:Drivers/STM32F1xx_HAL_Driver/Src/stm32f1xx_hal_pcd.c **** 
1333:Drivers/STM32F1xx_HAL_Driver/Src/stm32f1xx_hal_pcd.c ****     return;
1334:Drivers/STM32F1xx_HAL_Driver/Src/stm32f1xx_hal_pcd.c ****   }
1335:Drivers/STM32F1xx_HAL_Driver/Src/stm32f1xx_hal_pcd.c **** 
1336:Drivers/STM32F1xx_HAL_Driver/Src/stm32f1xx_hal_pcd.c ****   if ((wIstr & USB_ISTR_RESET) == USB_ISTR_RESET)
1337:Drivers/STM32F1xx_HAL_Driver/Src/stm32f1xx_hal_pcd.c ****   {
1338:Drivers/STM32F1xx_HAL_Driver/Src/stm32f1xx_hal_pcd.c ****     __HAL_PCD_CLEAR_FLAG(hpcd, USB_ISTR_RESET);
1339:Drivers/STM32F1xx_HAL_Driver/Src/stm32f1xx_hal_pcd.c **** 
1340:Drivers/STM32F1xx_HAL_Driver/Src/stm32f1xx_hal_pcd.c **** #if (USE_HAL_PCD_REGISTER_CALLBACKS == 1U)
1341:Drivers/STM32F1xx_HAL_Driver/Src/stm32f1xx_hal_pcd.c ****     hpcd->ResetCallback(hpcd);
1342:Drivers/STM32F1xx_HAL_Driver/Src/stm32f1xx_hal_pcd.c **** #else
1343:Drivers/STM32F1xx_HAL_Driver/Src/stm32f1xx_hal_pcd.c ****     HAL_PCD_ResetCallback(hpcd);
ARM GAS  C:\Users\subdia\AppData\Local\Temp\cczK76oD.s 			page 25


1344:Drivers/STM32F1xx_HAL_Driver/Src/stm32f1xx_hal_pcd.c **** #endif /* USE_HAL_PCD_REGISTER_CALLBACKS */
1345:Drivers/STM32F1xx_HAL_Driver/Src/stm32f1xx_hal_pcd.c **** 
1346:Drivers/STM32F1xx_HAL_Driver/Src/stm32f1xx_hal_pcd.c ****     (void)HAL_PCD_SetAddress(hpcd, 0U);
1347:Drivers/STM32F1xx_HAL_Driver/Src/stm32f1xx_hal_pcd.c **** 
1348:Drivers/STM32F1xx_HAL_Driver/Src/stm32f1xx_hal_pcd.c ****     return;
1349:Drivers/STM32F1xx_HAL_Driver/Src/stm32f1xx_hal_pcd.c ****   }
1350:Drivers/STM32F1xx_HAL_Driver/Src/stm32f1xx_hal_pcd.c **** 
1351:Drivers/STM32F1xx_HAL_Driver/Src/stm32f1xx_hal_pcd.c ****   if ((wIstr & USB_ISTR_PMAOVR) == USB_ISTR_PMAOVR)
1352:Drivers/STM32F1xx_HAL_Driver/Src/stm32f1xx_hal_pcd.c ****   {
1353:Drivers/STM32F1xx_HAL_Driver/Src/stm32f1xx_hal_pcd.c ****     __HAL_PCD_CLEAR_FLAG(hpcd, USB_ISTR_PMAOVR);
1354:Drivers/STM32F1xx_HAL_Driver/Src/stm32f1xx_hal_pcd.c **** 
1355:Drivers/STM32F1xx_HAL_Driver/Src/stm32f1xx_hal_pcd.c ****     return;
1356:Drivers/STM32F1xx_HAL_Driver/Src/stm32f1xx_hal_pcd.c ****   }
1357:Drivers/STM32F1xx_HAL_Driver/Src/stm32f1xx_hal_pcd.c **** 
1358:Drivers/STM32F1xx_HAL_Driver/Src/stm32f1xx_hal_pcd.c ****   if ((wIstr & USB_ISTR_ERR) == USB_ISTR_ERR)
1359:Drivers/STM32F1xx_HAL_Driver/Src/stm32f1xx_hal_pcd.c ****   {
1360:Drivers/STM32F1xx_HAL_Driver/Src/stm32f1xx_hal_pcd.c ****     __HAL_PCD_CLEAR_FLAG(hpcd, USB_ISTR_ERR);
1361:Drivers/STM32F1xx_HAL_Driver/Src/stm32f1xx_hal_pcd.c **** 
1362:Drivers/STM32F1xx_HAL_Driver/Src/stm32f1xx_hal_pcd.c ****     return;
1363:Drivers/STM32F1xx_HAL_Driver/Src/stm32f1xx_hal_pcd.c ****   }
1364:Drivers/STM32F1xx_HAL_Driver/Src/stm32f1xx_hal_pcd.c **** 
1365:Drivers/STM32F1xx_HAL_Driver/Src/stm32f1xx_hal_pcd.c ****   if ((wIstr & USB_ISTR_WKUP) == USB_ISTR_WKUP)
1366:Drivers/STM32F1xx_HAL_Driver/Src/stm32f1xx_hal_pcd.c ****   {
1367:Drivers/STM32F1xx_HAL_Driver/Src/stm32f1xx_hal_pcd.c ****     hpcd->Instance->CNTR &= (uint16_t) ~(USB_CNTR_LP_MODE);
1368:Drivers/STM32F1xx_HAL_Driver/Src/stm32f1xx_hal_pcd.c ****     hpcd->Instance->CNTR &= (uint16_t) ~(USB_CNTR_FSUSP);
1369:Drivers/STM32F1xx_HAL_Driver/Src/stm32f1xx_hal_pcd.c **** 
1370:Drivers/STM32F1xx_HAL_Driver/Src/stm32f1xx_hal_pcd.c **** #if (USE_HAL_PCD_REGISTER_CALLBACKS == 1U)
1371:Drivers/STM32F1xx_HAL_Driver/Src/stm32f1xx_hal_pcd.c ****     hpcd->ResumeCallback(hpcd);
1372:Drivers/STM32F1xx_HAL_Driver/Src/stm32f1xx_hal_pcd.c **** #else
1373:Drivers/STM32F1xx_HAL_Driver/Src/stm32f1xx_hal_pcd.c ****     HAL_PCD_ResumeCallback(hpcd);
1374:Drivers/STM32F1xx_HAL_Driver/Src/stm32f1xx_hal_pcd.c **** #endif /* USE_HAL_PCD_REGISTER_CALLBACKS */
1375:Drivers/STM32F1xx_HAL_Driver/Src/stm32f1xx_hal_pcd.c **** 
1376:Drivers/STM32F1xx_HAL_Driver/Src/stm32f1xx_hal_pcd.c ****     __HAL_PCD_CLEAR_FLAG(hpcd, USB_ISTR_WKUP);
1377:Drivers/STM32F1xx_HAL_Driver/Src/stm32f1xx_hal_pcd.c **** 
1378:Drivers/STM32F1xx_HAL_Driver/Src/stm32f1xx_hal_pcd.c ****     return;
1379:Drivers/STM32F1xx_HAL_Driver/Src/stm32f1xx_hal_pcd.c ****   }
1380:Drivers/STM32F1xx_HAL_Driver/Src/stm32f1xx_hal_pcd.c **** 
1381:Drivers/STM32F1xx_HAL_Driver/Src/stm32f1xx_hal_pcd.c ****   if ((wIstr & USB_ISTR_SUSP) == USB_ISTR_SUSP)
1382:Drivers/STM32F1xx_HAL_Driver/Src/stm32f1xx_hal_pcd.c ****   {
1383:Drivers/STM32F1xx_HAL_Driver/Src/stm32f1xx_hal_pcd.c ****     /* WA: To Clear Wakeup flag if raised with suspend signal */
1384:Drivers/STM32F1xx_HAL_Driver/Src/stm32f1xx_hal_pcd.c **** 
1385:Drivers/STM32F1xx_HAL_Driver/Src/stm32f1xx_hal_pcd.c ****     /* Store Endpoint registers */
1386:Drivers/STM32F1xx_HAL_Driver/Src/stm32f1xx_hal_pcd.c ****     for (i = 0U; i < 8U; i++)
1387:Drivers/STM32F1xx_HAL_Driver/Src/stm32f1xx_hal_pcd.c ****     {
1388:Drivers/STM32F1xx_HAL_Driver/Src/stm32f1xx_hal_pcd.c ****       store_ep[i] = PCD_GET_ENDPOINT(hpcd->Instance, i);
1389:Drivers/STM32F1xx_HAL_Driver/Src/stm32f1xx_hal_pcd.c ****     }
1390:Drivers/STM32F1xx_HAL_Driver/Src/stm32f1xx_hal_pcd.c **** 
1391:Drivers/STM32F1xx_HAL_Driver/Src/stm32f1xx_hal_pcd.c ****     /* FORCE RESET */
1392:Drivers/STM32F1xx_HAL_Driver/Src/stm32f1xx_hal_pcd.c ****     hpcd->Instance->CNTR |= (uint16_t)(USB_CNTR_FRES);
1393:Drivers/STM32F1xx_HAL_Driver/Src/stm32f1xx_hal_pcd.c **** 
1394:Drivers/STM32F1xx_HAL_Driver/Src/stm32f1xx_hal_pcd.c ****     /* CLEAR RESET */
1395:Drivers/STM32F1xx_HAL_Driver/Src/stm32f1xx_hal_pcd.c ****     hpcd->Instance->CNTR &= (uint16_t)(~USB_CNTR_FRES);
1396:Drivers/STM32F1xx_HAL_Driver/Src/stm32f1xx_hal_pcd.c **** 
1397:Drivers/STM32F1xx_HAL_Driver/Src/stm32f1xx_hal_pcd.c ****     /* wait for reset flag in ISTR */
1398:Drivers/STM32F1xx_HAL_Driver/Src/stm32f1xx_hal_pcd.c ****     while ((hpcd->Instance->ISTR & USB_ISTR_RESET) == 0U)
1399:Drivers/STM32F1xx_HAL_Driver/Src/stm32f1xx_hal_pcd.c ****     {
1400:Drivers/STM32F1xx_HAL_Driver/Src/stm32f1xx_hal_pcd.c ****     }
ARM GAS  C:\Users\subdia\AppData\Local\Temp\cczK76oD.s 			page 26


1401:Drivers/STM32F1xx_HAL_Driver/Src/stm32f1xx_hal_pcd.c **** 
1402:Drivers/STM32F1xx_HAL_Driver/Src/stm32f1xx_hal_pcd.c ****     /* Clear Reset Flag */
1403:Drivers/STM32F1xx_HAL_Driver/Src/stm32f1xx_hal_pcd.c ****     __HAL_PCD_CLEAR_FLAG(hpcd, USB_ISTR_RESET);
1404:Drivers/STM32F1xx_HAL_Driver/Src/stm32f1xx_hal_pcd.c **** 
1405:Drivers/STM32F1xx_HAL_Driver/Src/stm32f1xx_hal_pcd.c ****     /* Restore Registre */
1406:Drivers/STM32F1xx_HAL_Driver/Src/stm32f1xx_hal_pcd.c ****     for (i = 0U; i < 8U; i++)
1407:Drivers/STM32F1xx_HAL_Driver/Src/stm32f1xx_hal_pcd.c ****     {
1408:Drivers/STM32F1xx_HAL_Driver/Src/stm32f1xx_hal_pcd.c ****       PCD_SET_ENDPOINT(hpcd->Instance, i, store_ep[i]);
1409:Drivers/STM32F1xx_HAL_Driver/Src/stm32f1xx_hal_pcd.c ****     }
1410:Drivers/STM32F1xx_HAL_Driver/Src/stm32f1xx_hal_pcd.c **** 
1411:Drivers/STM32F1xx_HAL_Driver/Src/stm32f1xx_hal_pcd.c ****     /* Force low-power mode in the macrocell */
1412:Drivers/STM32F1xx_HAL_Driver/Src/stm32f1xx_hal_pcd.c ****     hpcd->Instance->CNTR |= (uint16_t)USB_CNTR_FSUSP;
1413:Drivers/STM32F1xx_HAL_Driver/Src/stm32f1xx_hal_pcd.c **** 
1414:Drivers/STM32F1xx_HAL_Driver/Src/stm32f1xx_hal_pcd.c ****     /* clear of the ISTR bit must be done after setting of CNTR_FSUSP */
1415:Drivers/STM32F1xx_HAL_Driver/Src/stm32f1xx_hal_pcd.c ****     __HAL_PCD_CLEAR_FLAG(hpcd, USB_ISTR_SUSP);
1416:Drivers/STM32F1xx_HAL_Driver/Src/stm32f1xx_hal_pcd.c **** 
1417:Drivers/STM32F1xx_HAL_Driver/Src/stm32f1xx_hal_pcd.c ****     hpcd->Instance->CNTR |= (uint16_t)USB_CNTR_LP_MODE;
1418:Drivers/STM32F1xx_HAL_Driver/Src/stm32f1xx_hal_pcd.c **** 
1419:Drivers/STM32F1xx_HAL_Driver/Src/stm32f1xx_hal_pcd.c **** #if (USE_HAL_PCD_REGISTER_CALLBACKS == 1U)
1420:Drivers/STM32F1xx_HAL_Driver/Src/stm32f1xx_hal_pcd.c ****     hpcd->SuspendCallback(hpcd);
1421:Drivers/STM32F1xx_HAL_Driver/Src/stm32f1xx_hal_pcd.c **** #else
1422:Drivers/STM32F1xx_HAL_Driver/Src/stm32f1xx_hal_pcd.c ****     HAL_PCD_SuspendCallback(hpcd);
1423:Drivers/STM32F1xx_HAL_Driver/Src/stm32f1xx_hal_pcd.c **** #endif /* USE_HAL_PCD_REGISTER_CALLBACKS */
1424:Drivers/STM32F1xx_HAL_Driver/Src/stm32f1xx_hal_pcd.c **** 
1425:Drivers/STM32F1xx_HAL_Driver/Src/stm32f1xx_hal_pcd.c ****     return;
1426:Drivers/STM32F1xx_HAL_Driver/Src/stm32f1xx_hal_pcd.c ****   }
1427:Drivers/STM32F1xx_HAL_Driver/Src/stm32f1xx_hal_pcd.c **** 
1428:Drivers/STM32F1xx_HAL_Driver/Src/stm32f1xx_hal_pcd.c ****   if ((wIstr & USB_ISTR_SOF) == USB_ISTR_SOF)
1429:Drivers/STM32F1xx_HAL_Driver/Src/stm32f1xx_hal_pcd.c ****   {
1430:Drivers/STM32F1xx_HAL_Driver/Src/stm32f1xx_hal_pcd.c ****     __HAL_PCD_CLEAR_FLAG(hpcd, USB_ISTR_SOF);
1431:Drivers/STM32F1xx_HAL_Driver/Src/stm32f1xx_hal_pcd.c **** 
1432:Drivers/STM32F1xx_HAL_Driver/Src/stm32f1xx_hal_pcd.c **** #if (USE_HAL_PCD_REGISTER_CALLBACKS == 1U)
1433:Drivers/STM32F1xx_HAL_Driver/Src/stm32f1xx_hal_pcd.c ****     hpcd->SOFCallback(hpcd);
1434:Drivers/STM32F1xx_HAL_Driver/Src/stm32f1xx_hal_pcd.c **** #else
1435:Drivers/STM32F1xx_HAL_Driver/Src/stm32f1xx_hal_pcd.c ****     HAL_PCD_SOFCallback(hpcd);
1436:Drivers/STM32F1xx_HAL_Driver/Src/stm32f1xx_hal_pcd.c **** #endif /* USE_HAL_PCD_REGISTER_CALLBACKS */
1437:Drivers/STM32F1xx_HAL_Driver/Src/stm32f1xx_hal_pcd.c **** 
1438:Drivers/STM32F1xx_HAL_Driver/Src/stm32f1xx_hal_pcd.c ****     return;
1439:Drivers/STM32F1xx_HAL_Driver/Src/stm32f1xx_hal_pcd.c ****   }
1440:Drivers/STM32F1xx_HAL_Driver/Src/stm32f1xx_hal_pcd.c **** 
1441:Drivers/STM32F1xx_HAL_Driver/Src/stm32f1xx_hal_pcd.c ****   if ((wIstr & USB_ISTR_ESOF) == USB_ISTR_ESOF)
1442:Drivers/STM32F1xx_HAL_Driver/Src/stm32f1xx_hal_pcd.c ****   {
1443:Drivers/STM32F1xx_HAL_Driver/Src/stm32f1xx_hal_pcd.c ****     /* clear ESOF flag in ISTR */
1444:Drivers/STM32F1xx_HAL_Driver/Src/stm32f1xx_hal_pcd.c ****     __HAL_PCD_CLEAR_FLAG(hpcd, USB_ISTR_ESOF);
1445:Drivers/STM32F1xx_HAL_Driver/Src/stm32f1xx_hal_pcd.c **** 
1446:Drivers/STM32F1xx_HAL_Driver/Src/stm32f1xx_hal_pcd.c ****     return;
1447:Drivers/STM32F1xx_HAL_Driver/Src/stm32f1xx_hal_pcd.c ****   }
1448:Drivers/STM32F1xx_HAL_Driver/Src/stm32f1xx_hal_pcd.c **** }
1449:Drivers/STM32F1xx_HAL_Driver/Src/stm32f1xx_hal_pcd.c **** 
1450:Drivers/STM32F1xx_HAL_Driver/Src/stm32f1xx_hal_pcd.c **** 
1451:Drivers/STM32F1xx_HAL_Driver/Src/stm32f1xx_hal_pcd.c **** /**
1452:Drivers/STM32F1xx_HAL_Driver/Src/stm32f1xx_hal_pcd.c ****   * @brief  Handles PCD Wakeup interrupt request.
1453:Drivers/STM32F1xx_HAL_Driver/Src/stm32f1xx_hal_pcd.c ****   * @param  hpcd PCD handle
1454:Drivers/STM32F1xx_HAL_Driver/Src/stm32f1xx_hal_pcd.c ****   * @retval HAL status
1455:Drivers/STM32F1xx_HAL_Driver/Src/stm32f1xx_hal_pcd.c ****   */
1456:Drivers/STM32F1xx_HAL_Driver/Src/stm32f1xx_hal_pcd.c **** void HAL_PCD_WKUP_IRQHandler(PCD_HandleTypeDef *hpcd)
1457:Drivers/STM32F1xx_HAL_Driver/Src/stm32f1xx_hal_pcd.c **** {
ARM GAS  C:\Users\subdia\AppData\Local\Temp\cczK76oD.s 			page 27


1458:Drivers/STM32F1xx_HAL_Driver/Src/stm32f1xx_hal_pcd.c ****   /* Clear EXTI pending Bit */
1459:Drivers/STM32F1xx_HAL_Driver/Src/stm32f1xx_hal_pcd.c ****   __HAL_USB_WAKEUP_EXTI_CLEAR_FLAG();
1460:Drivers/STM32F1xx_HAL_Driver/Src/stm32f1xx_hal_pcd.c **** }
1461:Drivers/STM32F1xx_HAL_Driver/Src/stm32f1xx_hal_pcd.c **** #endif /* defined (USB) */
1462:Drivers/STM32F1xx_HAL_Driver/Src/stm32f1xx_hal_pcd.c **** 
1463:Drivers/STM32F1xx_HAL_Driver/Src/stm32f1xx_hal_pcd.c **** /**
1464:Drivers/STM32F1xx_HAL_Driver/Src/stm32f1xx_hal_pcd.c ****   * @brief  Data OUT stage callback.
1465:Drivers/STM32F1xx_HAL_Driver/Src/stm32f1xx_hal_pcd.c ****   * @param  hpcd PCD handle
1466:Drivers/STM32F1xx_HAL_Driver/Src/stm32f1xx_hal_pcd.c ****   * @param  epnum endpoint number
1467:Drivers/STM32F1xx_HAL_Driver/Src/stm32f1xx_hal_pcd.c ****   * @retval None
1468:Drivers/STM32F1xx_HAL_Driver/Src/stm32f1xx_hal_pcd.c ****   */
1469:Drivers/STM32F1xx_HAL_Driver/Src/stm32f1xx_hal_pcd.c **** __weak void HAL_PCD_DataOutStageCallback(PCD_HandleTypeDef *hpcd, uint8_t epnum)
1470:Drivers/STM32F1xx_HAL_Driver/Src/stm32f1xx_hal_pcd.c **** {
1471:Drivers/STM32F1xx_HAL_Driver/Src/stm32f1xx_hal_pcd.c ****   /* Prevent unused argument(s) compilation warning */
1472:Drivers/STM32F1xx_HAL_Driver/Src/stm32f1xx_hal_pcd.c ****   UNUSED(hpcd);
1473:Drivers/STM32F1xx_HAL_Driver/Src/stm32f1xx_hal_pcd.c ****   UNUSED(epnum);
1474:Drivers/STM32F1xx_HAL_Driver/Src/stm32f1xx_hal_pcd.c **** 
1475:Drivers/STM32F1xx_HAL_Driver/Src/stm32f1xx_hal_pcd.c ****   /* NOTE : This function should not be modified, when the callback is needed,
1476:Drivers/STM32F1xx_HAL_Driver/Src/stm32f1xx_hal_pcd.c ****             the HAL_PCD_DataOutStageCallback could be implemented in the user file
1477:Drivers/STM32F1xx_HAL_Driver/Src/stm32f1xx_hal_pcd.c ****    */
1478:Drivers/STM32F1xx_HAL_Driver/Src/stm32f1xx_hal_pcd.c **** }
1479:Drivers/STM32F1xx_HAL_Driver/Src/stm32f1xx_hal_pcd.c **** 
1480:Drivers/STM32F1xx_HAL_Driver/Src/stm32f1xx_hal_pcd.c **** /**
1481:Drivers/STM32F1xx_HAL_Driver/Src/stm32f1xx_hal_pcd.c ****   * @brief  Data IN stage callback
1482:Drivers/STM32F1xx_HAL_Driver/Src/stm32f1xx_hal_pcd.c ****   * @param  hpcd PCD handle
1483:Drivers/STM32F1xx_HAL_Driver/Src/stm32f1xx_hal_pcd.c ****   * @param  epnum endpoint number
1484:Drivers/STM32F1xx_HAL_Driver/Src/stm32f1xx_hal_pcd.c ****   * @retval None
1485:Drivers/STM32F1xx_HAL_Driver/Src/stm32f1xx_hal_pcd.c ****   */
1486:Drivers/STM32F1xx_HAL_Driver/Src/stm32f1xx_hal_pcd.c **** __weak void HAL_PCD_DataInStageCallback(PCD_HandleTypeDef *hpcd, uint8_t epnum)
1487:Drivers/STM32F1xx_HAL_Driver/Src/stm32f1xx_hal_pcd.c **** {
1488:Drivers/STM32F1xx_HAL_Driver/Src/stm32f1xx_hal_pcd.c ****   /* Prevent unused argument(s) compilation warning */
1489:Drivers/STM32F1xx_HAL_Driver/Src/stm32f1xx_hal_pcd.c ****   UNUSED(hpcd);
1490:Drivers/STM32F1xx_HAL_Driver/Src/stm32f1xx_hal_pcd.c ****   UNUSED(epnum);
1491:Drivers/STM32F1xx_HAL_Driver/Src/stm32f1xx_hal_pcd.c **** 
1492:Drivers/STM32F1xx_HAL_Driver/Src/stm32f1xx_hal_pcd.c ****   /* NOTE : This function should not be modified, when the callback is needed,
1493:Drivers/STM32F1xx_HAL_Driver/Src/stm32f1xx_hal_pcd.c ****             the HAL_PCD_DataInStageCallback could be implemented in the user file
1494:Drivers/STM32F1xx_HAL_Driver/Src/stm32f1xx_hal_pcd.c ****    */
1495:Drivers/STM32F1xx_HAL_Driver/Src/stm32f1xx_hal_pcd.c **** }
1496:Drivers/STM32F1xx_HAL_Driver/Src/stm32f1xx_hal_pcd.c **** /**
1497:Drivers/STM32F1xx_HAL_Driver/Src/stm32f1xx_hal_pcd.c ****   * @brief  Setup stage callback
1498:Drivers/STM32F1xx_HAL_Driver/Src/stm32f1xx_hal_pcd.c ****   * @param  hpcd PCD handle
1499:Drivers/STM32F1xx_HAL_Driver/Src/stm32f1xx_hal_pcd.c ****   * @retval None
1500:Drivers/STM32F1xx_HAL_Driver/Src/stm32f1xx_hal_pcd.c ****   */
1501:Drivers/STM32F1xx_HAL_Driver/Src/stm32f1xx_hal_pcd.c **** __weak void HAL_PCD_SetupStageCallback(PCD_HandleTypeDef *hpcd)
1502:Drivers/STM32F1xx_HAL_Driver/Src/stm32f1xx_hal_pcd.c **** {
1503:Drivers/STM32F1xx_HAL_Driver/Src/stm32f1xx_hal_pcd.c ****   /* Prevent unused argument(s) compilation warning */
1504:Drivers/STM32F1xx_HAL_Driver/Src/stm32f1xx_hal_pcd.c ****   UNUSED(hpcd);
1505:Drivers/STM32F1xx_HAL_Driver/Src/stm32f1xx_hal_pcd.c **** 
1506:Drivers/STM32F1xx_HAL_Driver/Src/stm32f1xx_hal_pcd.c ****   /* NOTE : This function should not be modified, when the callback is needed,
1507:Drivers/STM32F1xx_HAL_Driver/Src/stm32f1xx_hal_pcd.c ****             the HAL_PCD_SetupStageCallback could be implemented in the user file
1508:Drivers/STM32F1xx_HAL_Driver/Src/stm32f1xx_hal_pcd.c ****    */
1509:Drivers/STM32F1xx_HAL_Driver/Src/stm32f1xx_hal_pcd.c **** }
1510:Drivers/STM32F1xx_HAL_Driver/Src/stm32f1xx_hal_pcd.c **** 
1511:Drivers/STM32F1xx_HAL_Driver/Src/stm32f1xx_hal_pcd.c **** /**
1512:Drivers/STM32F1xx_HAL_Driver/Src/stm32f1xx_hal_pcd.c ****   * @brief  USB Start Of Frame callback.
1513:Drivers/STM32F1xx_HAL_Driver/Src/stm32f1xx_hal_pcd.c ****   * @param  hpcd PCD handle
1514:Drivers/STM32F1xx_HAL_Driver/Src/stm32f1xx_hal_pcd.c ****   * @retval None
ARM GAS  C:\Users\subdia\AppData\Local\Temp\cczK76oD.s 			page 28


1515:Drivers/STM32F1xx_HAL_Driver/Src/stm32f1xx_hal_pcd.c ****   */
1516:Drivers/STM32F1xx_HAL_Driver/Src/stm32f1xx_hal_pcd.c **** __weak void HAL_PCD_SOFCallback(PCD_HandleTypeDef *hpcd)
1517:Drivers/STM32F1xx_HAL_Driver/Src/stm32f1xx_hal_pcd.c **** {
1518:Drivers/STM32F1xx_HAL_Driver/Src/stm32f1xx_hal_pcd.c ****   /* Prevent unused argument(s) compilation warning */
1519:Drivers/STM32F1xx_HAL_Driver/Src/stm32f1xx_hal_pcd.c ****   UNUSED(hpcd);
1520:Drivers/STM32F1xx_HAL_Driver/Src/stm32f1xx_hal_pcd.c **** 
1521:Drivers/STM32F1xx_HAL_Driver/Src/stm32f1xx_hal_pcd.c ****   /* NOTE : This function should not be modified, when the callback is needed,
1522:Drivers/STM32F1xx_HAL_Driver/Src/stm32f1xx_hal_pcd.c ****             the HAL_PCD_SOFCallback could be implemented in the user file
1523:Drivers/STM32F1xx_HAL_Driver/Src/stm32f1xx_hal_pcd.c ****    */
1524:Drivers/STM32F1xx_HAL_Driver/Src/stm32f1xx_hal_pcd.c **** }
1525:Drivers/STM32F1xx_HAL_Driver/Src/stm32f1xx_hal_pcd.c **** 
1526:Drivers/STM32F1xx_HAL_Driver/Src/stm32f1xx_hal_pcd.c **** /**
1527:Drivers/STM32F1xx_HAL_Driver/Src/stm32f1xx_hal_pcd.c ****   * @brief  USB Reset callback.
1528:Drivers/STM32F1xx_HAL_Driver/Src/stm32f1xx_hal_pcd.c ****   * @param  hpcd PCD handle
1529:Drivers/STM32F1xx_HAL_Driver/Src/stm32f1xx_hal_pcd.c ****   * @retval None
1530:Drivers/STM32F1xx_HAL_Driver/Src/stm32f1xx_hal_pcd.c ****   */
1531:Drivers/STM32F1xx_HAL_Driver/Src/stm32f1xx_hal_pcd.c **** __weak void HAL_PCD_ResetCallback(PCD_HandleTypeDef *hpcd)
1532:Drivers/STM32F1xx_HAL_Driver/Src/stm32f1xx_hal_pcd.c **** {
1533:Drivers/STM32F1xx_HAL_Driver/Src/stm32f1xx_hal_pcd.c ****   /* Prevent unused argument(s) compilation warning */
1534:Drivers/STM32F1xx_HAL_Driver/Src/stm32f1xx_hal_pcd.c ****   UNUSED(hpcd);
1535:Drivers/STM32F1xx_HAL_Driver/Src/stm32f1xx_hal_pcd.c **** 
1536:Drivers/STM32F1xx_HAL_Driver/Src/stm32f1xx_hal_pcd.c ****   /* NOTE : This function should not be modified, when the callback is needed,
1537:Drivers/STM32F1xx_HAL_Driver/Src/stm32f1xx_hal_pcd.c ****             the HAL_PCD_ResetCallback could be implemented in the user file
1538:Drivers/STM32F1xx_HAL_Driver/Src/stm32f1xx_hal_pcd.c ****    */
1539:Drivers/STM32F1xx_HAL_Driver/Src/stm32f1xx_hal_pcd.c **** }
1540:Drivers/STM32F1xx_HAL_Driver/Src/stm32f1xx_hal_pcd.c **** 
1541:Drivers/STM32F1xx_HAL_Driver/Src/stm32f1xx_hal_pcd.c **** /**
1542:Drivers/STM32F1xx_HAL_Driver/Src/stm32f1xx_hal_pcd.c ****   * @brief  Suspend event callback.
1543:Drivers/STM32F1xx_HAL_Driver/Src/stm32f1xx_hal_pcd.c ****   * @param  hpcd PCD handle
1544:Drivers/STM32F1xx_HAL_Driver/Src/stm32f1xx_hal_pcd.c ****   * @retval None
1545:Drivers/STM32F1xx_HAL_Driver/Src/stm32f1xx_hal_pcd.c ****   */
1546:Drivers/STM32F1xx_HAL_Driver/Src/stm32f1xx_hal_pcd.c **** __weak void HAL_PCD_SuspendCallback(PCD_HandleTypeDef *hpcd)
1547:Drivers/STM32F1xx_HAL_Driver/Src/stm32f1xx_hal_pcd.c **** {
1548:Drivers/STM32F1xx_HAL_Driver/Src/stm32f1xx_hal_pcd.c ****   /* Prevent unused argument(s) compilation warning */
1549:Drivers/STM32F1xx_HAL_Driver/Src/stm32f1xx_hal_pcd.c ****   UNUSED(hpcd);
1550:Drivers/STM32F1xx_HAL_Driver/Src/stm32f1xx_hal_pcd.c **** 
1551:Drivers/STM32F1xx_HAL_Driver/Src/stm32f1xx_hal_pcd.c ****   /* NOTE : This function should not be modified, when the callback is needed,
1552:Drivers/STM32F1xx_HAL_Driver/Src/stm32f1xx_hal_pcd.c ****             the HAL_PCD_SuspendCallback could be implemented in the user file
1553:Drivers/STM32F1xx_HAL_Driver/Src/stm32f1xx_hal_pcd.c ****    */
1554:Drivers/STM32F1xx_HAL_Driver/Src/stm32f1xx_hal_pcd.c **** }
1555:Drivers/STM32F1xx_HAL_Driver/Src/stm32f1xx_hal_pcd.c **** 
1556:Drivers/STM32F1xx_HAL_Driver/Src/stm32f1xx_hal_pcd.c **** /**
1557:Drivers/STM32F1xx_HAL_Driver/Src/stm32f1xx_hal_pcd.c ****   * @brief  Resume event callback.
1558:Drivers/STM32F1xx_HAL_Driver/Src/stm32f1xx_hal_pcd.c ****   * @param  hpcd PCD handle
1559:Drivers/STM32F1xx_HAL_Driver/Src/stm32f1xx_hal_pcd.c ****   * @retval None
1560:Drivers/STM32F1xx_HAL_Driver/Src/stm32f1xx_hal_pcd.c ****   */
1561:Drivers/STM32F1xx_HAL_Driver/Src/stm32f1xx_hal_pcd.c **** __weak void HAL_PCD_ResumeCallback(PCD_HandleTypeDef *hpcd)
1562:Drivers/STM32F1xx_HAL_Driver/Src/stm32f1xx_hal_pcd.c **** {
1563:Drivers/STM32F1xx_HAL_Driver/Src/stm32f1xx_hal_pcd.c ****   /* Prevent unused argument(s) compilation warning */
1564:Drivers/STM32F1xx_HAL_Driver/Src/stm32f1xx_hal_pcd.c ****   UNUSED(hpcd);
1565:Drivers/STM32F1xx_HAL_Driver/Src/stm32f1xx_hal_pcd.c **** 
1566:Drivers/STM32F1xx_HAL_Driver/Src/stm32f1xx_hal_pcd.c ****   /* NOTE : This function should not be modified, when the callback is needed,
1567:Drivers/STM32F1xx_HAL_Driver/Src/stm32f1xx_hal_pcd.c ****             the HAL_PCD_ResumeCallback could be implemented in the user file
1568:Drivers/STM32F1xx_HAL_Driver/Src/stm32f1xx_hal_pcd.c ****    */
1569:Drivers/STM32F1xx_HAL_Driver/Src/stm32f1xx_hal_pcd.c **** }
1570:Drivers/STM32F1xx_HAL_Driver/Src/stm32f1xx_hal_pcd.c **** 
1571:Drivers/STM32F1xx_HAL_Driver/Src/stm32f1xx_hal_pcd.c **** /**
ARM GAS  C:\Users\subdia\AppData\Local\Temp\cczK76oD.s 			page 29


1572:Drivers/STM32F1xx_HAL_Driver/Src/stm32f1xx_hal_pcd.c ****   * @brief  Incomplete ISO OUT callback.
1573:Drivers/STM32F1xx_HAL_Driver/Src/stm32f1xx_hal_pcd.c ****   * @param  hpcd PCD handle
1574:Drivers/STM32F1xx_HAL_Driver/Src/stm32f1xx_hal_pcd.c ****   * @param  epnum endpoint number
1575:Drivers/STM32F1xx_HAL_Driver/Src/stm32f1xx_hal_pcd.c ****   * @retval None
1576:Drivers/STM32F1xx_HAL_Driver/Src/stm32f1xx_hal_pcd.c ****   */
1577:Drivers/STM32F1xx_HAL_Driver/Src/stm32f1xx_hal_pcd.c **** __weak void HAL_PCD_ISOOUTIncompleteCallback(PCD_HandleTypeDef *hpcd, uint8_t epnum)
1578:Drivers/STM32F1xx_HAL_Driver/Src/stm32f1xx_hal_pcd.c **** {
1579:Drivers/STM32F1xx_HAL_Driver/Src/stm32f1xx_hal_pcd.c ****   /* Prevent unused argument(s) compilation warning */
1580:Drivers/STM32F1xx_HAL_Driver/Src/stm32f1xx_hal_pcd.c ****   UNUSED(hpcd);
1581:Drivers/STM32F1xx_HAL_Driver/Src/stm32f1xx_hal_pcd.c ****   UNUSED(epnum);
1582:Drivers/STM32F1xx_HAL_Driver/Src/stm32f1xx_hal_pcd.c **** 
1583:Drivers/STM32F1xx_HAL_Driver/Src/stm32f1xx_hal_pcd.c ****   /* NOTE : This function should not be modified, when the callback is needed,
1584:Drivers/STM32F1xx_HAL_Driver/Src/stm32f1xx_hal_pcd.c ****             the HAL_PCD_ISOOUTIncompleteCallback could be implemented in the user file
1585:Drivers/STM32F1xx_HAL_Driver/Src/stm32f1xx_hal_pcd.c ****    */
1586:Drivers/STM32F1xx_HAL_Driver/Src/stm32f1xx_hal_pcd.c **** }
1587:Drivers/STM32F1xx_HAL_Driver/Src/stm32f1xx_hal_pcd.c **** 
1588:Drivers/STM32F1xx_HAL_Driver/Src/stm32f1xx_hal_pcd.c **** /**
1589:Drivers/STM32F1xx_HAL_Driver/Src/stm32f1xx_hal_pcd.c ****   * @brief  Incomplete ISO IN callback.
1590:Drivers/STM32F1xx_HAL_Driver/Src/stm32f1xx_hal_pcd.c ****   * @param  hpcd PCD handle
1591:Drivers/STM32F1xx_HAL_Driver/Src/stm32f1xx_hal_pcd.c ****   * @param  epnum endpoint number
1592:Drivers/STM32F1xx_HAL_Driver/Src/stm32f1xx_hal_pcd.c ****   * @retval None
1593:Drivers/STM32F1xx_HAL_Driver/Src/stm32f1xx_hal_pcd.c ****   */
1594:Drivers/STM32F1xx_HAL_Driver/Src/stm32f1xx_hal_pcd.c **** __weak void HAL_PCD_ISOINIncompleteCallback(PCD_HandleTypeDef *hpcd, uint8_t epnum)
1595:Drivers/STM32F1xx_HAL_Driver/Src/stm32f1xx_hal_pcd.c **** {
1596:Drivers/STM32F1xx_HAL_Driver/Src/stm32f1xx_hal_pcd.c ****   /* Prevent unused argument(s) compilation warning */
1597:Drivers/STM32F1xx_HAL_Driver/Src/stm32f1xx_hal_pcd.c ****   UNUSED(hpcd);
1598:Drivers/STM32F1xx_HAL_Driver/Src/stm32f1xx_hal_pcd.c ****   UNUSED(epnum);
1599:Drivers/STM32F1xx_HAL_Driver/Src/stm32f1xx_hal_pcd.c **** 
1600:Drivers/STM32F1xx_HAL_Driver/Src/stm32f1xx_hal_pcd.c ****   /* NOTE : This function should not be modified, when the callback is needed,
1601:Drivers/STM32F1xx_HAL_Driver/Src/stm32f1xx_hal_pcd.c ****             the HAL_PCD_ISOINIncompleteCallback could be implemented in the user file
1602:Drivers/STM32F1xx_HAL_Driver/Src/stm32f1xx_hal_pcd.c ****    */
1603:Drivers/STM32F1xx_HAL_Driver/Src/stm32f1xx_hal_pcd.c **** }
1604:Drivers/STM32F1xx_HAL_Driver/Src/stm32f1xx_hal_pcd.c **** 
1605:Drivers/STM32F1xx_HAL_Driver/Src/stm32f1xx_hal_pcd.c **** /**
1606:Drivers/STM32F1xx_HAL_Driver/Src/stm32f1xx_hal_pcd.c ****   * @brief  Connection event callback.
1607:Drivers/STM32F1xx_HAL_Driver/Src/stm32f1xx_hal_pcd.c ****   * @param  hpcd PCD handle
1608:Drivers/STM32F1xx_HAL_Driver/Src/stm32f1xx_hal_pcd.c ****   * @retval None
1609:Drivers/STM32F1xx_HAL_Driver/Src/stm32f1xx_hal_pcd.c ****   */
1610:Drivers/STM32F1xx_HAL_Driver/Src/stm32f1xx_hal_pcd.c **** __weak void HAL_PCD_ConnectCallback(PCD_HandleTypeDef *hpcd)
1611:Drivers/STM32F1xx_HAL_Driver/Src/stm32f1xx_hal_pcd.c **** {
1612:Drivers/STM32F1xx_HAL_Driver/Src/stm32f1xx_hal_pcd.c ****   /* Prevent unused argument(s) compilation warning */
1613:Drivers/STM32F1xx_HAL_Driver/Src/stm32f1xx_hal_pcd.c ****   UNUSED(hpcd);
1614:Drivers/STM32F1xx_HAL_Driver/Src/stm32f1xx_hal_pcd.c **** 
1615:Drivers/STM32F1xx_HAL_Driver/Src/stm32f1xx_hal_pcd.c ****   /* NOTE : This function should not be modified, when the callback is needed,
1616:Drivers/STM32F1xx_HAL_Driver/Src/stm32f1xx_hal_pcd.c ****             the HAL_PCD_ConnectCallback could be implemented in the user file
1617:Drivers/STM32F1xx_HAL_Driver/Src/stm32f1xx_hal_pcd.c ****    */
1618:Drivers/STM32F1xx_HAL_Driver/Src/stm32f1xx_hal_pcd.c **** }
1619:Drivers/STM32F1xx_HAL_Driver/Src/stm32f1xx_hal_pcd.c **** 
1620:Drivers/STM32F1xx_HAL_Driver/Src/stm32f1xx_hal_pcd.c **** /**
1621:Drivers/STM32F1xx_HAL_Driver/Src/stm32f1xx_hal_pcd.c ****   * @brief  Disconnection event callback.
1622:Drivers/STM32F1xx_HAL_Driver/Src/stm32f1xx_hal_pcd.c ****   * @param  hpcd PCD handle
1623:Drivers/STM32F1xx_HAL_Driver/Src/stm32f1xx_hal_pcd.c ****   * @retval None
1624:Drivers/STM32F1xx_HAL_Driver/Src/stm32f1xx_hal_pcd.c ****   */
1625:Drivers/STM32F1xx_HAL_Driver/Src/stm32f1xx_hal_pcd.c **** __weak void HAL_PCD_DisconnectCallback(PCD_HandleTypeDef *hpcd)
1626:Drivers/STM32F1xx_HAL_Driver/Src/stm32f1xx_hal_pcd.c **** {
1627:Drivers/STM32F1xx_HAL_Driver/Src/stm32f1xx_hal_pcd.c ****   /* Prevent unused argument(s) compilation warning */
1628:Drivers/STM32F1xx_HAL_Driver/Src/stm32f1xx_hal_pcd.c ****   UNUSED(hpcd);
ARM GAS  C:\Users\subdia\AppData\Local\Temp\cczK76oD.s 			page 30


1629:Drivers/STM32F1xx_HAL_Driver/Src/stm32f1xx_hal_pcd.c **** 
1630:Drivers/STM32F1xx_HAL_Driver/Src/stm32f1xx_hal_pcd.c ****   /* NOTE : This function should not be modified, when the callback is needed,
1631:Drivers/STM32F1xx_HAL_Driver/Src/stm32f1xx_hal_pcd.c ****             the HAL_PCD_DisconnectCallback could be implemented in the user file
1632:Drivers/STM32F1xx_HAL_Driver/Src/stm32f1xx_hal_pcd.c ****    */
1633:Drivers/STM32F1xx_HAL_Driver/Src/stm32f1xx_hal_pcd.c **** }
1634:Drivers/STM32F1xx_HAL_Driver/Src/stm32f1xx_hal_pcd.c **** 
1635:Drivers/STM32F1xx_HAL_Driver/Src/stm32f1xx_hal_pcd.c **** /**
1636:Drivers/STM32F1xx_HAL_Driver/Src/stm32f1xx_hal_pcd.c ****   * @}
1637:Drivers/STM32F1xx_HAL_Driver/Src/stm32f1xx_hal_pcd.c ****   */
1638:Drivers/STM32F1xx_HAL_Driver/Src/stm32f1xx_hal_pcd.c **** 
1639:Drivers/STM32F1xx_HAL_Driver/Src/stm32f1xx_hal_pcd.c **** /** @defgroup PCD_Exported_Functions_Group3 Peripheral Control functions
1640:Drivers/STM32F1xx_HAL_Driver/Src/stm32f1xx_hal_pcd.c ****   *  @brief   management functions
1641:Drivers/STM32F1xx_HAL_Driver/Src/stm32f1xx_hal_pcd.c ****   *
1642:Drivers/STM32F1xx_HAL_Driver/Src/stm32f1xx_hal_pcd.c **** @verbatim
1643:Drivers/STM32F1xx_HAL_Driver/Src/stm32f1xx_hal_pcd.c ****  ===============================================================================
1644:Drivers/STM32F1xx_HAL_Driver/Src/stm32f1xx_hal_pcd.c ****                       ##### Peripheral Control functions #####
1645:Drivers/STM32F1xx_HAL_Driver/Src/stm32f1xx_hal_pcd.c ****  ===============================================================================
1646:Drivers/STM32F1xx_HAL_Driver/Src/stm32f1xx_hal_pcd.c ****     [..]
1647:Drivers/STM32F1xx_HAL_Driver/Src/stm32f1xx_hal_pcd.c ****     This subsection provides a set of functions allowing to control the PCD data
1648:Drivers/STM32F1xx_HAL_Driver/Src/stm32f1xx_hal_pcd.c ****     transfers.
1649:Drivers/STM32F1xx_HAL_Driver/Src/stm32f1xx_hal_pcd.c **** 
1650:Drivers/STM32F1xx_HAL_Driver/Src/stm32f1xx_hal_pcd.c **** @endverbatim
1651:Drivers/STM32F1xx_HAL_Driver/Src/stm32f1xx_hal_pcd.c ****   * @{
1652:Drivers/STM32F1xx_HAL_Driver/Src/stm32f1xx_hal_pcd.c ****   */
1653:Drivers/STM32F1xx_HAL_Driver/Src/stm32f1xx_hal_pcd.c **** 
1654:Drivers/STM32F1xx_HAL_Driver/Src/stm32f1xx_hal_pcd.c **** /**
1655:Drivers/STM32F1xx_HAL_Driver/Src/stm32f1xx_hal_pcd.c ****   * @brief  Connect the USB device
1656:Drivers/STM32F1xx_HAL_Driver/Src/stm32f1xx_hal_pcd.c ****   * @param  hpcd PCD handle
1657:Drivers/STM32F1xx_HAL_Driver/Src/stm32f1xx_hal_pcd.c ****   * @retval HAL status
1658:Drivers/STM32F1xx_HAL_Driver/Src/stm32f1xx_hal_pcd.c ****   */
1659:Drivers/STM32F1xx_HAL_Driver/Src/stm32f1xx_hal_pcd.c **** HAL_StatusTypeDef HAL_PCD_DevConnect(PCD_HandleTypeDef *hpcd)
1660:Drivers/STM32F1xx_HAL_Driver/Src/stm32f1xx_hal_pcd.c **** {
1661:Drivers/STM32F1xx_HAL_Driver/Src/stm32f1xx_hal_pcd.c ****   __HAL_LOCK(hpcd);
1662:Drivers/STM32F1xx_HAL_Driver/Src/stm32f1xx_hal_pcd.c **** 
1663:Drivers/STM32F1xx_HAL_Driver/Src/stm32f1xx_hal_pcd.c **** #if defined (USB)
1664:Drivers/STM32F1xx_HAL_Driver/Src/stm32f1xx_hal_pcd.c ****   HAL_PCDEx_SetConnectionState(hpcd, 1U);
1665:Drivers/STM32F1xx_HAL_Driver/Src/stm32f1xx_hal_pcd.c **** #endif /* defined (USB) */
1666:Drivers/STM32F1xx_HAL_Driver/Src/stm32f1xx_hal_pcd.c **** 
1667:Drivers/STM32F1xx_HAL_Driver/Src/stm32f1xx_hal_pcd.c ****   (void)USB_DevConnect(hpcd->Instance);
1668:Drivers/STM32F1xx_HAL_Driver/Src/stm32f1xx_hal_pcd.c ****   __HAL_UNLOCK(hpcd);
1669:Drivers/STM32F1xx_HAL_Driver/Src/stm32f1xx_hal_pcd.c **** 
1670:Drivers/STM32F1xx_HAL_Driver/Src/stm32f1xx_hal_pcd.c ****   return HAL_OK;
1671:Drivers/STM32F1xx_HAL_Driver/Src/stm32f1xx_hal_pcd.c **** }
1672:Drivers/STM32F1xx_HAL_Driver/Src/stm32f1xx_hal_pcd.c **** 
1673:Drivers/STM32F1xx_HAL_Driver/Src/stm32f1xx_hal_pcd.c **** /**
1674:Drivers/STM32F1xx_HAL_Driver/Src/stm32f1xx_hal_pcd.c ****   * @brief  Disconnect the USB device.
1675:Drivers/STM32F1xx_HAL_Driver/Src/stm32f1xx_hal_pcd.c ****   * @param  hpcd PCD handle
1676:Drivers/STM32F1xx_HAL_Driver/Src/stm32f1xx_hal_pcd.c ****   * @retval HAL status
1677:Drivers/STM32F1xx_HAL_Driver/Src/stm32f1xx_hal_pcd.c ****   */
1678:Drivers/STM32F1xx_HAL_Driver/Src/stm32f1xx_hal_pcd.c **** HAL_StatusTypeDef HAL_PCD_DevDisconnect(PCD_HandleTypeDef *hpcd)
1679:Drivers/STM32F1xx_HAL_Driver/Src/stm32f1xx_hal_pcd.c **** {
1680:Drivers/STM32F1xx_HAL_Driver/Src/stm32f1xx_hal_pcd.c ****   __HAL_LOCK(hpcd);
1681:Drivers/STM32F1xx_HAL_Driver/Src/stm32f1xx_hal_pcd.c **** 
1682:Drivers/STM32F1xx_HAL_Driver/Src/stm32f1xx_hal_pcd.c **** #if defined (USB)
1683:Drivers/STM32F1xx_HAL_Driver/Src/stm32f1xx_hal_pcd.c ****   HAL_PCDEx_SetConnectionState(hpcd, 0U);
1684:Drivers/STM32F1xx_HAL_Driver/Src/stm32f1xx_hal_pcd.c **** #endif /* defined (USB) */
1685:Drivers/STM32F1xx_HAL_Driver/Src/stm32f1xx_hal_pcd.c **** 
ARM GAS  C:\Users\subdia\AppData\Local\Temp\cczK76oD.s 			page 31


1686:Drivers/STM32F1xx_HAL_Driver/Src/stm32f1xx_hal_pcd.c ****   (void)USB_DevDisconnect(hpcd->Instance);
1687:Drivers/STM32F1xx_HAL_Driver/Src/stm32f1xx_hal_pcd.c ****   __HAL_UNLOCK(hpcd);
1688:Drivers/STM32F1xx_HAL_Driver/Src/stm32f1xx_hal_pcd.c **** 
1689:Drivers/STM32F1xx_HAL_Driver/Src/stm32f1xx_hal_pcd.c ****   return HAL_OK;
1690:Drivers/STM32F1xx_HAL_Driver/Src/stm32f1xx_hal_pcd.c **** }
1691:Drivers/STM32F1xx_HAL_Driver/Src/stm32f1xx_hal_pcd.c **** 
1692:Drivers/STM32F1xx_HAL_Driver/Src/stm32f1xx_hal_pcd.c **** /**
1693:Drivers/STM32F1xx_HAL_Driver/Src/stm32f1xx_hal_pcd.c ****   * @brief  Set the USB Device address.
1694:Drivers/STM32F1xx_HAL_Driver/Src/stm32f1xx_hal_pcd.c ****   * @param  hpcd PCD handle
1695:Drivers/STM32F1xx_HAL_Driver/Src/stm32f1xx_hal_pcd.c ****   * @param  address new device address
1696:Drivers/STM32F1xx_HAL_Driver/Src/stm32f1xx_hal_pcd.c ****   * @retval HAL status
1697:Drivers/STM32F1xx_HAL_Driver/Src/stm32f1xx_hal_pcd.c ****   */
1698:Drivers/STM32F1xx_HAL_Driver/Src/stm32f1xx_hal_pcd.c **** HAL_StatusTypeDef HAL_PCD_SetAddress(PCD_HandleTypeDef *hpcd, uint8_t address)
1699:Drivers/STM32F1xx_HAL_Driver/Src/stm32f1xx_hal_pcd.c **** {
1700:Drivers/STM32F1xx_HAL_Driver/Src/stm32f1xx_hal_pcd.c ****   __HAL_LOCK(hpcd);
1701:Drivers/STM32F1xx_HAL_Driver/Src/stm32f1xx_hal_pcd.c ****   hpcd->USB_Address = address;
1702:Drivers/STM32F1xx_HAL_Driver/Src/stm32f1xx_hal_pcd.c ****   (void)USB_SetDevAddress(hpcd->Instance, address);
1703:Drivers/STM32F1xx_HAL_Driver/Src/stm32f1xx_hal_pcd.c ****   __HAL_UNLOCK(hpcd);
1704:Drivers/STM32F1xx_HAL_Driver/Src/stm32f1xx_hal_pcd.c **** 
1705:Drivers/STM32F1xx_HAL_Driver/Src/stm32f1xx_hal_pcd.c ****   return HAL_OK;
1706:Drivers/STM32F1xx_HAL_Driver/Src/stm32f1xx_hal_pcd.c **** }
1707:Drivers/STM32F1xx_HAL_Driver/Src/stm32f1xx_hal_pcd.c **** /**
1708:Drivers/STM32F1xx_HAL_Driver/Src/stm32f1xx_hal_pcd.c ****   * @brief  Open and configure an endpoint.
1709:Drivers/STM32F1xx_HAL_Driver/Src/stm32f1xx_hal_pcd.c ****   * @param  hpcd PCD handle
1710:Drivers/STM32F1xx_HAL_Driver/Src/stm32f1xx_hal_pcd.c ****   * @param  ep_addr endpoint address
1711:Drivers/STM32F1xx_HAL_Driver/Src/stm32f1xx_hal_pcd.c ****   * @param  ep_mps endpoint max packet size
1712:Drivers/STM32F1xx_HAL_Driver/Src/stm32f1xx_hal_pcd.c ****   * @param  ep_type endpoint type
1713:Drivers/STM32F1xx_HAL_Driver/Src/stm32f1xx_hal_pcd.c ****   * @retval HAL status
1714:Drivers/STM32F1xx_HAL_Driver/Src/stm32f1xx_hal_pcd.c ****   */
1715:Drivers/STM32F1xx_HAL_Driver/Src/stm32f1xx_hal_pcd.c **** HAL_StatusTypeDef HAL_PCD_EP_Open(PCD_HandleTypeDef *hpcd, uint8_t ep_addr,
1716:Drivers/STM32F1xx_HAL_Driver/Src/stm32f1xx_hal_pcd.c ****                                   uint16_t ep_mps, uint8_t ep_type)
1717:Drivers/STM32F1xx_HAL_Driver/Src/stm32f1xx_hal_pcd.c **** {
1718:Drivers/STM32F1xx_HAL_Driver/Src/stm32f1xx_hal_pcd.c ****   HAL_StatusTypeDef  ret = HAL_OK;
1719:Drivers/STM32F1xx_HAL_Driver/Src/stm32f1xx_hal_pcd.c ****   PCD_EPTypeDef *ep;
1720:Drivers/STM32F1xx_HAL_Driver/Src/stm32f1xx_hal_pcd.c **** 
1721:Drivers/STM32F1xx_HAL_Driver/Src/stm32f1xx_hal_pcd.c ****   if ((ep_addr & 0x80U) == 0x80U)
1722:Drivers/STM32F1xx_HAL_Driver/Src/stm32f1xx_hal_pcd.c ****   {
1723:Drivers/STM32F1xx_HAL_Driver/Src/stm32f1xx_hal_pcd.c ****     ep = &hpcd->IN_ep[ep_addr & EP_ADDR_MSK];
1724:Drivers/STM32F1xx_HAL_Driver/Src/stm32f1xx_hal_pcd.c ****     ep->is_in = 1U;
1725:Drivers/STM32F1xx_HAL_Driver/Src/stm32f1xx_hal_pcd.c ****   }
1726:Drivers/STM32F1xx_HAL_Driver/Src/stm32f1xx_hal_pcd.c ****   else
1727:Drivers/STM32F1xx_HAL_Driver/Src/stm32f1xx_hal_pcd.c ****   {
1728:Drivers/STM32F1xx_HAL_Driver/Src/stm32f1xx_hal_pcd.c ****     ep = &hpcd->OUT_ep[ep_addr & EP_ADDR_MSK];
1729:Drivers/STM32F1xx_HAL_Driver/Src/stm32f1xx_hal_pcd.c ****     ep->is_in = 0U;
1730:Drivers/STM32F1xx_HAL_Driver/Src/stm32f1xx_hal_pcd.c ****   }
1731:Drivers/STM32F1xx_HAL_Driver/Src/stm32f1xx_hal_pcd.c **** 
1732:Drivers/STM32F1xx_HAL_Driver/Src/stm32f1xx_hal_pcd.c ****   ep->num = ep_addr & EP_ADDR_MSK;
1733:Drivers/STM32F1xx_HAL_Driver/Src/stm32f1xx_hal_pcd.c ****   ep->maxpacket = ep_mps;
1734:Drivers/STM32F1xx_HAL_Driver/Src/stm32f1xx_hal_pcd.c ****   ep->type = ep_type;
1735:Drivers/STM32F1xx_HAL_Driver/Src/stm32f1xx_hal_pcd.c **** 
1736:Drivers/STM32F1xx_HAL_Driver/Src/stm32f1xx_hal_pcd.c **** #if defined (USB_OTG_FS)
1737:Drivers/STM32F1xx_HAL_Driver/Src/stm32f1xx_hal_pcd.c ****   if (ep->is_in != 0U)
1738:Drivers/STM32F1xx_HAL_Driver/Src/stm32f1xx_hal_pcd.c ****   {
1739:Drivers/STM32F1xx_HAL_Driver/Src/stm32f1xx_hal_pcd.c ****     /* Assign a Tx FIFO */
1740:Drivers/STM32F1xx_HAL_Driver/Src/stm32f1xx_hal_pcd.c ****     ep->tx_fifo_num = ep->num;
1741:Drivers/STM32F1xx_HAL_Driver/Src/stm32f1xx_hal_pcd.c ****   }
1742:Drivers/STM32F1xx_HAL_Driver/Src/stm32f1xx_hal_pcd.c **** #endif /* defined (USB_OTG_FS) */
ARM GAS  C:\Users\subdia\AppData\Local\Temp\cczK76oD.s 			page 32


1743:Drivers/STM32F1xx_HAL_Driver/Src/stm32f1xx_hal_pcd.c **** 
1744:Drivers/STM32F1xx_HAL_Driver/Src/stm32f1xx_hal_pcd.c ****   /* Set initial data PID. */
1745:Drivers/STM32F1xx_HAL_Driver/Src/stm32f1xx_hal_pcd.c ****   if (ep_type == EP_TYPE_BULK)
1746:Drivers/STM32F1xx_HAL_Driver/Src/stm32f1xx_hal_pcd.c ****   {
1747:Drivers/STM32F1xx_HAL_Driver/Src/stm32f1xx_hal_pcd.c ****     ep->data_pid_start = 0U;
1748:Drivers/STM32F1xx_HAL_Driver/Src/stm32f1xx_hal_pcd.c ****   }
1749:Drivers/STM32F1xx_HAL_Driver/Src/stm32f1xx_hal_pcd.c **** 
1750:Drivers/STM32F1xx_HAL_Driver/Src/stm32f1xx_hal_pcd.c ****   __HAL_LOCK(hpcd);
1751:Drivers/STM32F1xx_HAL_Driver/Src/stm32f1xx_hal_pcd.c ****   (void)USB_ActivateEndpoint(hpcd->Instance, ep);
1752:Drivers/STM32F1xx_HAL_Driver/Src/stm32f1xx_hal_pcd.c ****   __HAL_UNLOCK(hpcd);
1753:Drivers/STM32F1xx_HAL_Driver/Src/stm32f1xx_hal_pcd.c **** 
1754:Drivers/STM32F1xx_HAL_Driver/Src/stm32f1xx_hal_pcd.c ****   return ret;
1755:Drivers/STM32F1xx_HAL_Driver/Src/stm32f1xx_hal_pcd.c **** }
1756:Drivers/STM32F1xx_HAL_Driver/Src/stm32f1xx_hal_pcd.c **** 
1757:Drivers/STM32F1xx_HAL_Driver/Src/stm32f1xx_hal_pcd.c **** /**
1758:Drivers/STM32F1xx_HAL_Driver/Src/stm32f1xx_hal_pcd.c ****   * @brief  Deactivate an endpoint.
1759:Drivers/STM32F1xx_HAL_Driver/Src/stm32f1xx_hal_pcd.c ****   * @param  hpcd PCD handle
1760:Drivers/STM32F1xx_HAL_Driver/Src/stm32f1xx_hal_pcd.c ****   * @param  ep_addr endpoint address
1761:Drivers/STM32F1xx_HAL_Driver/Src/stm32f1xx_hal_pcd.c ****   * @retval HAL status
1762:Drivers/STM32F1xx_HAL_Driver/Src/stm32f1xx_hal_pcd.c ****   */
1763:Drivers/STM32F1xx_HAL_Driver/Src/stm32f1xx_hal_pcd.c **** HAL_StatusTypeDef HAL_PCD_EP_Close(PCD_HandleTypeDef *hpcd, uint8_t ep_addr)
1764:Drivers/STM32F1xx_HAL_Driver/Src/stm32f1xx_hal_pcd.c **** {
1765:Drivers/STM32F1xx_HAL_Driver/Src/stm32f1xx_hal_pcd.c ****   PCD_EPTypeDef *ep;
1766:Drivers/STM32F1xx_HAL_Driver/Src/stm32f1xx_hal_pcd.c **** 
1767:Drivers/STM32F1xx_HAL_Driver/Src/stm32f1xx_hal_pcd.c ****   if ((ep_addr & 0x80U) == 0x80U)
1768:Drivers/STM32F1xx_HAL_Driver/Src/stm32f1xx_hal_pcd.c ****   {
1769:Drivers/STM32F1xx_HAL_Driver/Src/stm32f1xx_hal_pcd.c ****     ep = &hpcd->IN_ep[ep_addr & EP_ADDR_MSK];
1770:Drivers/STM32F1xx_HAL_Driver/Src/stm32f1xx_hal_pcd.c ****     ep->is_in = 1U;
1771:Drivers/STM32F1xx_HAL_Driver/Src/stm32f1xx_hal_pcd.c ****   }
1772:Drivers/STM32F1xx_HAL_Driver/Src/stm32f1xx_hal_pcd.c ****   else
1773:Drivers/STM32F1xx_HAL_Driver/Src/stm32f1xx_hal_pcd.c ****   {
1774:Drivers/STM32F1xx_HAL_Driver/Src/stm32f1xx_hal_pcd.c ****     ep = &hpcd->OUT_ep[ep_addr & EP_ADDR_MSK];
1775:Drivers/STM32F1xx_HAL_Driver/Src/stm32f1xx_hal_pcd.c ****     ep->is_in = 0U;
1776:Drivers/STM32F1xx_HAL_Driver/Src/stm32f1xx_hal_pcd.c ****   }
1777:Drivers/STM32F1xx_HAL_Driver/Src/stm32f1xx_hal_pcd.c ****   ep->num = ep_addr & EP_ADDR_MSK;
1778:Drivers/STM32F1xx_HAL_Driver/Src/stm32f1xx_hal_pcd.c **** 
1779:Drivers/STM32F1xx_HAL_Driver/Src/stm32f1xx_hal_pcd.c ****   __HAL_LOCK(hpcd);
1780:Drivers/STM32F1xx_HAL_Driver/Src/stm32f1xx_hal_pcd.c ****   (void)USB_DeactivateEndpoint(hpcd->Instance, ep);
1781:Drivers/STM32F1xx_HAL_Driver/Src/stm32f1xx_hal_pcd.c ****   __HAL_UNLOCK(hpcd);
1782:Drivers/STM32F1xx_HAL_Driver/Src/stm32f1xx_hal_pcd.c ****   return HAL_OK;
1783:Drivers/STM32F1xx_HAL_Driver/Src/stm32f1xx_hal_pcd.c **** }
1784:Drivers/STM32F1xx_HAL_Driver/Src/stm32f1xx_hal_pcd.c **** 
1785:Drivers/STM32F1xx_HAL_Driver/Src/stm32f1xx_hal_pcd.c **** 
1786:Drivers/STM32F1xx_HAL_Driver/Src/stm32f1xx_hal_pcd.c **** /**
1787:Drivers/STM32F1xx_HAL_Driver/Src/stm32f1xx_hal_pcd.c ****   * @brief  Receive an amount of data.
1788:Drivers/STM32F1xx_HAL_Driver/Src/stm32f1xx_hal_pcd.c ****   * @param  hpcd PCD handle
1789:Drivers/STM32F1xx_HAL_Driver/Src/stm32f1xx_hal_pcd.c ****   * @param  ep_addr endpoint address
1790:Drivers/STM32F1xx_HAL_Driver/Src/stm32f1xx_hal_pcd.c ****   * @param  pBuf pointer to the reception buffer
1791:Drivers/STM32F1xx_HAL_Driver/Src/stm32f1xx_hal_pcd.c ****   * @param  len amount of data to be received
1792:Drivers/STM32F1xx_HAL_Driver/Src/stm32f1xx_hal_pcd.c ****   * @retval HAL status
1793:Drivers/STM32F1xx_HAL_Driver/Src/stm32f1xx_hal_pcd.c ****   */
1794:Drivers/STM32F1xx_HAL_Driver/Src/stm32f1xx_hal_pcd.c **** HAL_StatusTypeDef HAL_PCD_EP_Receive(PCD_HandleTypeDef *hpcd, uint8_t ep_addr, uint8_t *pBuf, uint3
1795:Drivers/STM32F1xx_HAL_Driver/Src/stm32f1xx_hal_pcd.c **** {
1796:Drivers/STM32F1xx_HAL_Driver/Src/stm32f1xx_hal_pcd.c ****   PCD_EPTypeDef *ep;
1797:Drivers/STM32F1xx_HAL_Driver/Src/stm32f1xx_hal_pcd.c **** 
1798:Drivers/STM32F1xx_HAL_Driver/Src/stm32f1xx_hal_pcd.c ****   ep = &hpcd->OUT_ep[ep_addr & EP_ADDR_MSK];
1799:Drivers/STM32F1xx_HAL_Driver/Src/stm32f1xx_hal_pcd.c **** 
ARM GAS  C:\Users\subdia\AppData\Local\Temp\cczK76oD.s 			page 33


1800:Drivers/STM32F1xx_HAL_Driver/Src/stm32f1xx_hal_pcd.c ****   /*setup and start the Xfer */
1801:Drivers/STM32F1xx_HAL_Driver/Src/stm32f1xx_hal_pcd.c ****   ep->xfer_buff = pBuf;
1802:Drivers/STM32F1xx_HAL_Driver/Src/stm32f1xx_hal_pcd.c ****   ep->xfer_len = len;
1803:Drivers/STM32F1xx_HAL_Driver/Src/stm32f1xx_hal_pcd.c ****   ep->xfer_count = 0U;
1804:Drivers/STM32F1xx_HAL_Driver/Src/stm32f1xx_hal_pcd.c ****   ep->is_in = 0U;
1805:Drivers/STM32F1xx_HAL_Driver/Src/stm32f1xx_hal_pcd.c ****   ep->num = ep_addr & EP_ADDR_MSK;
1806:Drivers/STM32F1xx_HAL_Driver/Src/stm32f1xx_hal_pcd.c **** 
1807:Drivers/STM32F1xx_HAL_Driver/Src/stm32f1xx_hal_pcd.c ****   (void)USB_EPStartXfer(hpcd->Instance, ep);
1808:Drivers/STM32F1xx_HAL_Driver/Src/stm32f1xx_hal_pcd.c **** 
1809:Drivers/STM32F1xx_HAL_Driver/Src/stm32f1xx_hal_pcd.c ****   return HAL_OK;
1810:Drivers/STM32F1xx_HAL_Driver/Src/stm32f1xx_hal_pcd.c **** }
1811:Drivers/STM32F1xx_HAL_Driver/Src/stm32f1xx_hal_pcd.c **** 
1812:Drivers/STM32F1xx_HAL_Driver/Src/stm32f1xx_hal_pcd.c **** /**
1813:Drivers/STM32F1xx_HAL_Driver/Src/stm32f1xx_hal_pcd.c ****   * @brief  Get Received Data Size
1814:Drivers/STM32F1xx_HAL_Driver/Src/stm32f1xx_hal_pcd.c ****   * @param  hpcd PCD handle
1815:Drivers/STM32F1xx_HAL_Driver/Src/stm32f1xx_hal_pcd.c ****   * @param  ep_addr endpoint address
1816:Drivers/STM32F1xx_HAL_Driver/Src/stm32f1xx_hal_pcd.c ****   * @retval Data Size
1817:Drivers/STM32F1xx_HAL_Driver/Src/stm32f1xx_hal_pcd.c ****   */
1818:Drivers/STM32F1xx_HAL_Driver/Src/stm32f1xx_hal_pcd.c **** uint32_t HAL_PCD_EP_GetRxCount(PCD_HandleTypeDef const *hpcd, uint8_t ep_addr)
1819:Drivers/STM32F1xx_HAL_Driver/Src/stm32f1xx_hal_pcd.c **** {
1820:Drivers/STM32F1xx_HAL_Driver/Src/stm32f1xx_hal_pcd.c ****   return hpcd->OUT_ep[ep_addr & EP_ADDR_MSK].xfer_count;
1821:Drivers/STM32F1xx_HAL_Driver/Src/stm32f1xx_hal_pcd.c **** }
1822:Drivers/STM32F1xx_HAL_Driver/Src/stm32f1xx_hal_pcd.c **** /**
1823:Drivers/STM32F1xx_HAL_Driver/Src/stm32f1xx_hal_pcd.c ****   * @brief  Send an amount of data
1824:Drivers/STM32F1xx_HAL_Driver/Src/stm32f1xx_hal_pcd.c ****   * @param  hpcd PCD handle
1825:Drivers/STM32F1xx_HAL_Driver/Src/stm32f1xx_hal_pcd.c ****   * @param  ep_addr endpoint address
1826:Drivers/STM32F1xx_HAL_Driver/Src/stm32f1xx_hal_pcd.c ****   * @param  pBuf pointer to the transmission buffer
1827:Drivers/STM32F1xx_HAL_Driver/Src/stm32f1xx_hal_pcd.c ****   * @param  len amount of data to be sent
1828:Drivers/STM32F1xx_HAL_Driver/Src/stm32f1xx_hal_pcd.c ****   * @retval HAL status
1829:Drivers/STM32F1xx_HAL_Driver/Src/stm32f1xx_hal_pcd.c ****   */
1830:Drivers/STM32F1xx_HAL_Driver/Src/stm32f1xx_hal_pcd.c **** HAL_StatusTypeDef HAL_PCD_EP_Transmit(PCD_HandleTypeDef *hpcd, uint8_t ep_addr, uint8_t *pBuf, uint
1831:Drivers/STM32F1xx_HAL_Driver/Src/stm32f1xx_hal_pcd.c **** {
1832:Drivers/STM32F1xx_HAL_Driver/Src/stm32f1xx_hal_pcd.c ****   PCD_EPTypeDef *ep;
1833:Drivers/STM32F1xx_HAL_Driver/Src/stm32f1xx_hal_pcd.c **** 
1834:Drivers/STM32F1xx_HAL_Driver/Src/stm32f1xx_hal_pcd.c ****   ep = &hpcd->IN_ep[ep_addr & EP_ADDR_MSK];
1835:Drivers/STM32F1xx_HAL_Driver/Src/stm32f1xx_hal_pcd.c **** 
1836:Drivers/STM32F1xx_HAL_Driver/Src/stm32f1xx_hal_pcd.c ****   /*setup and start the Xfer */
1837:Drivers/STM32F1xx_HAL_Driver/Src/stm32f1xx_hal_pcd.c ****   ep->xfer_buff = pBuf;
1838:Drivers/STM32F1xx_HAL_Driver/Src/stm32f1xx_hal_pcd.c ****   ep->xfer_len = len;
1839:Drivers/STM32F1xx_HAL_Driver/Src/stm32f1xx_hal_pcd.c **** #if defined (USB)
1840:Drivers/STM32F1xx_HAL_Driver/Src/stm32f1xx_hal_pcd.c ****   ep->xfer_fill_db = 1U;
1841:Drivers/STM32F1xx_HAL_Driver/Src/stm32f1xx_hal_pcd.c ****   ep->xfer_len_db = len;
1842:Drivers/STM32F1xx_HAL_Driver/Src/stm32f1xx_hal_pcd.c **** #endif /* defined (USB) */
1843:Drivers/STM32F1xx_HAL_Driver/Src/stm32f1xx_hal_pcd.c ****   ep->xfer_count = 0U;
1844:Drivers/STM32F1xx_HAL_Driver/Src/stm32f1xx_hal_pcd.c ****   ep->is_in = 1U;
1845:Drivers/STM32F1xx_HAL_Driver/Src/stm32f1xx_hal_pcd.c ****   ep->num = ep_addr & EP_ADDR_MSK;
1846:Drivers/STM32F1xx_HAL_Driver/Src/stm32f1xx_hal_pcd.c **** 
1847:Drivers/STM32F1xx_HAL_Driver/Src/stm32f1xx_hal_pcd.c ****   (void)USB_EPStartXfer(hpcd->Instance, ep);
1848:Drivers/STM32F1xx_HAL_Driver/Src/stm32f1xx_hal_pcd.c **** 
1849:Drivers/STM32F1xx_HAL_Driver/Src/stm32f1xx_hal_pcd.c ****   return HAL_OK;
1850:Drivers/STM32F1xx_HAL_Driver/Src/stm32f1xx_hal_pcd.c **** }
1851:Drivers/STM32F1xx_HAL_Driver/Src/stm32f1xx_hal_pcd.c **** 
1852:Drivers/STM32F1xx_HAL_Driver/Src/stm32f1xx_hal_pcd.c **** /**
1853:Drivers/STM32F1xx_HAL_Driver/Src/stm32f1xx_hal_pcd.c ****   * @brief  Set a STALL condition over an endpoint
1854:Drivers/STM32F1xx_HAL_Driver/Src/stm32f1xx_hal_pcd.c ****   * @param  hpcd PCD handle
1855:Drivers/STM32F1xx_HAL_Driver/Src/stm32f1xx_hal_pcd.c ****   * @param  ep_addr endpoint address
1856:Drivers/STM32F1xx_HAL_Driver/Src/stm32f1xx_hal_pcd.c ****   * @retval HAL status
ARM GAS  C:\Users\subdia\AppData\Local\Temp\cczK76oD.s 			page 34


1857:Drivers/STM32F1xx_HAL_Driver/Src/stm32f1xx_hal_pcd.c ****   */
1858:Drivers/STM32F1xx_HAL_Driver/Src/stm32f1xx_hal_pcd.c **** HAL_StatusTypeDef HAL_PCD_EP_SetStall(PCD_HandleTypeDef *hpcd, uint8_t ep_addr)
1859:Drivers/STM32F1xx_HAL_Driver/Src/stm32f1xx_hal_pcd.c **** {
1860:Drivers/STM32F1xx_HAL_Driver/Src/stm32f1xx_hal_pcd.c ****   PCD_EPTypeDef *ep;
1861:Drivers/STM32F1xx_HAL_Driver/Src/stm32f1xx_hal_pcd.c **** 
1862:Drivers/STM32F1xx_HAL_Driver/Src/stm32f1xx_hal_pcd.c ****   if (((uint32_t)ep_addr & EP_ADDR_MSK) > hpcd->Init.dev_endpoints)
1863:Drivers/STM32F1xx_HAL_Driver/Src/stm32f1xx_hal_pcd.c ****   {
1864:Drivers/STM32F1xx_HAL_Driver/Src/stm32f1xx_hal_pcd.c ****     return HAL_ERROR;
1865:Drivers/STM32F1xx_HAL_Driver/Src/stm32f1xx_hal_pcd.c ****   }
1866:Drivers/STM32F1xx_HAL_Driver/Src/stm32f1xx_hal_pcd.c **** 
1867:Drivers/STM32F1xx_HAL_Driver/Src/stm32f1xx_hal_pcd.c ****   if ((0x80U & ep_addr) == 0x80U)
1868:Drivers/STM32F1xx_HAL_Driver/Src/stm32f1xx_hal_pcd.c ****   {
1869:Drivers/STM32F1xx_HAL_Driver/Src/stm32f1xx_hal_pcd.c ****     ep = &hpcd->IN_ep[ep_addr & EP_ADDR_MSK];
1870:Drivers/STM32F1xx_HAL_Driver/Src/stm32f1xx_hal_pcd.c ****     ep->is_in = 1U;
1871:Drivers/STM32F1xx_HAL_Driver/Src/stm32f1xx_hal_pcd.c ****   }
1872:Drivers/STM32F1xx_HAL_Driver/Src/stm32f1xx_hal_pcd.c ****   else
1873:Drivers/STM32F1xx_HAL_Driver/Src/stm32f1xx_hal_pcd.c ****   {
1874:Drivers/STM32F1xx_HAL_Driver/Src/stm32f1xx_hal_pcd.c ****     ep = &hpcd->OUT_ep[ep_addr];
1875:Drivers/STM32F1xx_HAL_Driver/Src/stm32f1xx_hal_pcd.c ****     ep->is_in = 0U;
1876:Drivers/STM32F1xx_HAL_Driver/Src/stm32f1xx_hal_pcd.c ****   }
1877:Drivers/STM32F1xx_HAL_Driver/Src/stm32f1xx_hal_pcd.c **** 
1878:Drivers/STM32F1xx_HAL_Driver/Src/stm32f1xx_hal_pcd.c ****   ep->is_stall = 1U;
1879:Drivers/STM32F1xx_HAL_Driver/Src/stm32f1xx_hal_pcd.c ****   ep->num = ep_addr & EP_ADDR_MSK;
1880:Drivers/STM32F1xx_HAL_Driver/Src/stm32f1xx_hal_pcd.c **** 
1881:Drivers/STM32F1xx_HAL_Driver/Src/stm32f1xx_hal_pcd.c ****   __HAL_LOCK(hpcd);
1882:Drivers/STM32F1xx_HAL_Driver/Src/stm32f1xx_hal_pcd.c **** 
1883:Drivers/STM32F1xx_HAL_Driver/Src/stm32f1xx_hal_pcd.c ****   (void)USB_EPSetStall(hpcd->Instance, ep);
1884:Drivers/STM32F1xx_HAL_Driver/Src/stm32f1xx_hal_pcd.c **** 
1885:Drivers/STM32F1xx_HAL_Driver/Src/stm32f1xx_hal_pcd.c ****   if ((ep_addr & EP_ADDR_MSK) == 0U)
1886:Drivers/STM32F1xx_HAL_Driver/Src/stm32f1xx_hal_pcd.c ****   {
1887:Drivers/STM32F1xx_HAL_Driver/Src/stm32f1xx_hal_pcd.c ****     (void)USB_EP0_OutStart(hpcd->Instance, (uint8_t *)hpcd->Setup);
1888:Drivers/STM32F1xx_HAL_Driver/Src/stm32f1xx_hal_pcd.c ****   }
1889:Drivers/STM32F1xx_HAL_Driver/Src/stm32f1xx_hal_pcd.c **** 
1890:Drivers/STM32F1xx_HAL_Driver/Src/stm32f1xx_hal_pcd.c ****   __HAL_UNLOCK(hpcd);
1891:Drivers/STM32F1xx_HAL_Driver/Src/stm32f1xx_hal_pcd.c **** 
1892:Drivers/STM32F1xx_HAL_Driver/Src/stm32f1xx_hal_pcd.c ****   return HAL_OK;
1893:Drivers/STM32F1xx_HAL_Driver/Src/stm32f1xx_hal_pcd.c **** }
1894:Drivers/STM32F1xx_HAL_Driver/Src/stm32f1xx_hal_pcd.c **** 
1895:Drivers/STM32F1xx_HAL_Driver/Src/stm32f1xx_hal_pcd.c **** /**
1896:Drivers/STM32F1xx_HAL_Driver/Src/stm32f1xx_hal_pcd.c ****   * @brief  Clear a STALL condition over in an endpoint
1897:Drivers/STM32F1xx_HAL_Driver/Src/stm32f1xx_hal_pcd.c ****   * @param  hpcd PCD handle
1898:Drivers/STM32F1xx_HAL_Driver/Src/stm32f1xx_hal_pcd.c ****   * @param  ep_addr endpoint address
1899:Drivers/STM32F1xx_HAL_Driver/Src/stm32f1xx_hal_pcd.c ****   * @retval HAL status
1900:Drivers/STM32F1xx_HAL_Driver/Src/stm32f1xx_hal_pcd.c ****   */
1901:Drivers/STM32F1xx_HAL_Driver/Src/stm32f1xx_hal_pcd.c **** HAL_StatusTypeDef HAL_PCD_EP_ClrStall(PCD_HandleTypeDef *hpcd, uint8_t ep_addr)
1902:Drivers/STM32F1xx_HAL_Driver/Src/stm32f1xx_hal_pcd.c **** {
1903:Drivers/STM32F1xx_HAL_Driver/Src/stm32f1xx_hal_pcd.c ****   PCD_EPTypeDef *ep;
1904:Drivers/STM32F1xx_HAL_Driver/Src/stm32f1xx_hal_pcd.c **** 
1905:Drivers/STM32F1xx_HAL_Driver/Src/stm32f1xx_hal_pcd.c ****   if (((uint32_t)ep_addr & 0x0FU) > hpcd->Init.dev_endpoints)
1906:Drivers/STM32F1xx_HAL_Driver/Src/stm32f1xx_hal_pcd.c ****   {
1907:Drivers/STM32F1xx_HAL_Driver/Src/stm32f1xx_hal_pcd.c ****     return HAL_ERROR;
1908:Drivers/STM32F1xx_HAL_Driver/Src/stm32f1xx_hal_pcd.c ****   }
1909:Drivers/STM32F1xx_HAL_Driver/Src/stm32f1xx_hal_pcd.c **** 
1910:Drivers/STM32F1xx_HAL_Driver/Src/stm32f1xx_hal_pcd.c ****   if ((0x80U & ep_addr) == 0x80U)
1911:Drivers/STM32F1xx_HAL_Driver/Src/stm32f1xx_hal_pcd.c ****   {
1912:Drivers/STM32F1xx_HAL_Driver/Src/stm32f1xx_hal_pcd.c ****     ep = &hpcd->IN_ep[ep_addr & EP_ADDR_MSK];
1913:Drivers/STM32F1xx_HAL_Driver/Src/stm32f1xx_hal_pcd.c ****     ep->is_in = 1U;
ARM GAS  C:\Users\subdia\AppData\Local\Temp\cczK76oD.s 			page 35


1914:Drivers/STM32F1xx_HAL_Driver/Src/stm32f1xx_hal_pcd.c ****   }
1915:Drivers/STM32F1xx_HAL_Driver/Src/stm32f1xx_hal_pcd.c ****   else
1916:Drivers/STM32F1xx_HAL_Driver/Src/stm32f1xx_hal_pcd.c ****   {
1917:Drivers/STM32F1xx_HAL_Driver/Src/stm32f1xx_hal_pcd.c ****     ep = &hpcd->OUT_ep[ep_addr & EP_ADDR_MSK];
1918:Drivers/STM32F1xx_HAL_Driver/Src/stm32f1xx_hal_pcd.c ****     ep->is_in = 0U;
1919:Drivers/STM32F1xx_HAL_Driver/Src/stm32f1xx_hal_pcd.c ****   }
1920:Drivers/STM32F1xx_HAL_Driver/Src/stm32f1xx_hal_pcd.c **** 
1921:Drivers/STM32F1xx_HAL_Driver/Src/stm32f1xx_hal_pcd.c ****   ep->is_stall = 0U;
1922:Drivers/STM32F1xx_HAL_Driver/Src/stm32f1xx_hal_pcd.c ****   ep->num = ep_addr & EP_ADDR_MSK;
1923:Drivers/STM32F1xx_HAL_Driver/Src/stm32f1xx_hal_pcd.c **** 
1924:Drivers/STM32F1xx_HAL_Driver/Src/stm32f1xx_hal_pcd.c ****   __HAL_LOCK(hpcd);
1925:Drivers/STM32F1xx_HAL_Driver/Src/stm32f1xx_hal_pcd.c ****   (void)USB_EPClearStall(hpcd->Instance, ep);
1926:Drivers/STM32F1xx_HAL_Driver/Src/stm32f1xx_hal_pcd.c ****   __HAL_UNLOCK(hpcd);
1927:Drivers/STM32F1xx_HAL_Driver/Src/stm32f1xx_hal_pcd.c **** 
1928:Drivers/STM32F1xx_HAL_Driver/Src/stm32f1xx_hal_pcd.c ****   return HAL_OK;
1929:Drivers/STM32F1xx_HAL_Driver/Src/stm32f1xx_hal_pcd.c **** }
1930:Drivers/STM32F1xx_HAL_Driver/Src/stm32f1xx_hal_pcd.c **** 
1931:Drivers/STM32F1xx_HAL_Driver/Src/stm32f1xx_hal_pcd.c **** /**
1932:Drivers/STM32F1xx_HAL_Driver/Src/stm32f1xx_hal_pcd.c ****    * @brief  Abort an USB EP transaction.
1933:Drivers/STM32F1xx_HAL_Driver/Src/stm32f1xx_hal_pcd.c ****    * @param  hpcd PCD handle
1934:Drivers/STM32F1xx_HAL_Driver/Src/stm32f1xx_hal_pcd.c ****    * @param  ep_addr endpoint address
1935:Drivers/STM32F1xx_HAL_Driver/Src/stm32f1xx_hal_pcd.c ****    * @retval HAL status
1936:Drivers/STM32F1xx_HAL_Driver/Src/stm32f1xx_hal_pcd.c ****    */
1937:Drivers/STM32F1xx_HAL_Driver/Src/stm32f1xx_hal_pcd.c **** HAL_StatusTypeDef HAL_PCD_EP_Abort(PCD_HandleTypeDef *hpcd, uint8_t ep_addr)
1938:Drivers/STM32F1xx_HAL_Driver/Src/stm32f1xx_hal_pcd.c **** {
1939:Drivers/STM32F1xx_HAL_Driver/Src/stm32f1xx_hal_pcd.c ****   HAL_StatusTypeDef ret;
1940:Drivers/STM32F1xx_HAL_Driver/Src/stm32f1xx_hal_pcd.c ****   PCD_EPTypeDef *ep;
1941:Drivers/STM32F1xx_HAL_Driver/Src/stm32f1xx_hal_pcd.c **** 
1942:Drivers/STM32F1xx_HAL_Driver/Src/stm32f1xx_hal_pcd.c ****   if ((0x80U & ep_addr) == 0x80U)
1943:Drivers/STM32F1xx_HAL_Driver/Src/stm32f1xx_hal_pcd.c ****   {
1944:Drivers/STM32F1xx_HAL_Driver/Src/stm32f1xx_hal_pcd.c ****     ep = &hpcd->IN_ep[ep_addr & EP_ADDR_MSK];
1945:Drivers/STM32F1xx_HAL_Driver/Src/stm32f1xx_hal_pcd.c ****   }
1946:Drivers/STM32F1xx_HAL_Driver/Src/stm32f1xx_hal_pcd.c ****   else
1947:Drivers/STM32F1xx_HAL_Driver/Src/stm32f1xx_hal_pcd.c ****   {
1948:Drivers/STM32F1xx_HAL_Driver/Src/stm32f1xx_hal_pcd.c ****     ep = &hpcd->OUT_ep[ep_addr & EP_ADDR_MSK];
1949:Drivers/STM32F1xx_HAL_Driver/Src/stm32f1xx_hal_pcd.c ****   }
1950:Drivers/STM32F1xx_HAL_Driver/Src/stm32f1xx_hal_pcd.c **** 
1951:Drivers/STM32F1xx_HAL_Driver/Src/stm32f1xx_hal_pcd.c ****   /* Stop Xfer */
1952:Drivers/STM32F1xx_HAL_Driver/Src/stm32f1xx_hal_pcd.c ****   ret = USB_EPStopXfer(hpcd->Instance, ep);
1953:Drivers/STM32F1xx_HAL_Driver/Src/stm32f1xx_hal_pcd.c **** 
1954:Drivers/STM32F1xx_HAL_Driver/Src/stm32f1xx_hal_pcd.c ****   return ret;
1955:Drivers/STM32F1xx_HAL_Driver/Src/stm32f1xx_hal_pcd.c **** }
1956:Drivers/STM32F1xx_HAL_Driver/Src/stm32f1xx_hal_pcd.c **** 
1957:Drivers/STM32F1xx_HAL_Driver/Src/stm32f1xx_hal_pcd.c **** /**
1958:Drivers/STM32F1xx_HAL_Driver/Src/stm32f1xx_hal_pcd.c ****   * @brief  Flush an endpoint
1959:Drivers/STM32F1xx_HAL_Driver/Src/stm32f1xx_hal_pcd.c ****   * @param  hpcd PCD handle
1960:Drivers/STM32F1xx_HAL_Driver/Src/stm32f1xx_hal_pcd.c ****   * @param  ep_addr endpoint address
1961:Drivers/STM32F1xx_HAL_Driver/Src/stm32f1xx_hal_pcd.c ****   * @retval HAL status
1962:Drivers/STM32F1xx_HAL_Driver/Src/stm32f1xx_hal_pcd.c ****   */
1963:Drivers/STM32F1xx_HAL_Driver/Src/stm32f1xx_hal_pcd.c **** HAL_StatusTypeDef HAL_PCD_EP_Flush(PCD_HandleTypeDef *hpcd, uint8_t ep_addr)
1964:Drivers/STM32F1xx_HAL_Driver/Src/stm32f1xx_hal_pcd.c **** {
1965:Drivers/STM32F1xx_HAL_Driver/Src/stm32f1xx_hal_pcd.c ****   __HAL_LOCK(hpcd);
1966:Drivers/STM32F1xx_HAL_Driver/Src/stm32f1xx_hal_pcd.c **** 
1967:Drivers/STM32F1xx_HAL_Driver/Src/stm32f1xx_hal_pcd.c ****   if ((ep_addr & 0x80U) == 0x80U)
1968:Drivers/STM32F1xx_HAL_Driver/Src/stm32f1xx_hal_pcd.c ****   {
1969:Drivers/STM32F1xx_HAL_Driver/Src/stm32f1xx_hal_pcd.c ****     (void)USB_FlushTxFifo(hpcd->Instance, (uint32_t)ep_addr & EP_ADDR_MSK);
1970:Drivers/STM32F1xx_HAL_Driver/Src/stm32f1xx_hal_pcd.c ****   }
ARM GAS  C:\Users\subdia\AppData\Local\Temp\cczK76oD.s 			page 36


1971:Drivers/STM32F1xx_HAL_Driver/Src/stm32f1xx_hal_pcd.c ****   else
1972:Drivers/STM32F1xx_HAL_Driver/Src/stm32f1xx_hal_pcd.c ****   {
1973:Drivers/STM32F1xx_HAL_Driver/Src/stm32f1xx_hal_pcd.c ****     (void)USB_FlushRxFifo(hpcd->Instance);
1974:Drivers/STM32F1xx_HAL_Driver/Src/stm32f1xx_hal_pcd.c ****   }
1975:Drivers/STM32F1xx_HAL_Driver/Src/stm32f1xx_hal_pcd.c **** 
1976:Drivers/STM32F1xx_HAL_Driver/Src/stm32f1xx_hal_pcd.c ****   __HAL_UNLOCK(hpcd);
1977:Drivers/STM32F1xx_HAL_Driver/Src/stm32f1xx_hal_pcd.c **** 
1978:Drivers/STM32F1xx_HAL_Driver/Src/stm32f1xx_hal_pcd.c ****   return HAL_OK;
1979:Drivers/STM32F1xx_HAL_Driver/Src/stm32f1xx_hal_pcd.c **** }
1980:Drivers/STM32F1xx_HAL_Driver/Src/stm32f1xx_hal_pcd.c **** 
1981:Drivers/STM32F1xx_HAL_Driver/Src/stm32f1xx_hal_pcd.c **** /**
1982:Drivers/STM32F1xx_HAL_Driver/Src/stm32f1xx_hal_pcd.c ****   * @brief  Activate remote wakeup signalling
1983:Drivers/STM32F1xx_HAL_Driver/Src/stm32f1xx_hal_pcd.c ****   * @param  hpcd PCD handle
1984:Drivers/STM32F1xx_HAL_Driver/Src/stm32f1xx_hal_pcd.c ****   * @retval HAL status
1985:Drivers/STM32F1xx_HAL_Driver/Src/stm32f1xx_hal_pcd.c ****   */
1986:Drivers/STM32F1xx_HAL_Driver/Src/stm32f1xx_hal_pcd.c **** HAL_StatusTypeDef HAL_PCD_ActivateRemoteWakeup(PCD_HandleTypeDef *hpcd)
1987:Drivers/STM32F1xx_HAL_Driver/Src/stm32f1xx_hal_pcd.c **** {
1988:Drivers/STM32F1xx_HAL_Driver/Src/stm32f1xx_hal_pcd.c ****   return (USB_ActivateRemoteWakeup(hpcd->Instance));
1989:Drivers/STM32F1xx_HAL_Driver/Src/stm32f1xx_hal_pcd.c **** }
1990:Drivers/STM32F1xx_HAL_Driver/Src/stm32f1xx_hal_pcd.c **** 
1991:Drivers/STM32F1xx_HAL_Driver/Src/stm32f1xx_hal_pcd.c **** /**
1992:Drivers/STM32F1xx_HAL_Driver/Src/stm32f1xx_hal_pcd.c ****   * @brief  De-activate remote wakeup signalling.
1993:Drivers/STM32F1xx_HAL_Driver/Src/stm32f1xx_hal_pcd.c ****   * @param  hpcd PCD handle
1994:Drivers/STM32F1xx_HAL_Driver/Src/stm32f1xx_hal_pcd.c ****   * @retval HAL status
1995:Drivers/STM32F1xx_HAL_Driver/Src/stm32f1xx_hal_pcd.c ****   */
1996:Drivers/STM32F1xx_HAL_Driver/Src/stm32f1xx_hal_pcd.c **** HAL_StatusTypeDef HAL_PCD_DeActivateRemoteWakeup(PCD_HandleTypeDef *hpcd)
1997:Drivers/STM32F1xx_HAL_Driver/Src/stm32f1xx_hal_pcd.c **** {
1998:Drivers/STM32F1xx_HAL_Driver/Src/stm32f1xx_hal_pcd.c ****   return (USB_DeActivateRemoteWakeup(hpcd->Instance));
1999:Drivers/STM32F1xx_HAL_Driver/Src/stm32f1xx_hal_pcd.c **** }
2000:Drivers/STM32F1xx_HAL_Driver/Src/stm32f1xx_hal_pcd.c **** 
2001:Drivers/STM32F1xx_HAL_Driver/Src/stm32f1xx_hal_pcd.c **** /**
2002:Drivers/STM32F1xx_HAL_Driver/Src/stm32f1xx_hal_pcd.c ****   * @}
2003:Drivers/STM32F1xx_HAL_Driver/Src/stm32f1xx_hal_pcd.c ****   */
2004:Drivers/STM32F1xx_HAL_Driver/Src/stm32f1xx_hal_pcd.c **** 
2005:Drivers/STM32F1xx_HAL_Driver/Src/stm32f1xx_hal_pcd.c **** /** @defgroup PCD_Exported_Functions_Group4 Peripheral State functions
2006:Drivers/STM32F1xx_HAL_Driver/Src/stm32f1xx_hal_pcd.c ****   *  @brief   Peripheral State functions
2007:Drivers/STM32F1xx_HAL_Driver/Src/stm32f1xx_hal_pcd.c ****   *
2008:Drivers/STM32F1xx_HAL_Driver/Src/stm32f1xx_hal_pcd.c **** @verbatim
2009:Drivers/STM32F1xx_HAL_Driver/Src/stm32f1xx_hal_pcd.c ****  ===============================================================================
2010:Drivers/STM32F1xx_HAL_Driver/Src/stm32f1xx_hal_pcd.c ****                       ##### Peripheral State functions #####
2011:Drivers/STM32F1xx_HAL_Driver/Src/stm32f1xx_hal_pcd.c ****  ===============================================================================
2012:Drivers/STM32F1xx_HAL_Driver/Src/stm32f1xx_hal_pcd.c ****     [..]
2013:Drivers/STM32F1xx_HAL_Driver/Src/stm32f1xx_hal_pcd.c ****     This subsection permits to get in run-time the status of the peripheral
2014:Drivers/STM32F1xx_HAL_Driver/Src/stm32f1xx_hal_pcd.c ****     and the data flow.
2015:Drivers/STM32F1xx_HAL_Driver/Src/stm32f1xx_hal_pcd.c **** 
2016:Drivers/STM32F1xx_HAL_Driver/Src/stm32f1xx_hal_pcd.c **** @endverbatim
2017:Drivers/STM32F1xx_HAL_Driver/Src/stm32f1xx_hal_pcd.c ****   * @{
2018:Drivers/STM32F1xx_HAL_Driver/Src/stm32f1xx_hal_pcd.c ****   */
2019:Drivers/STM32F1xx_HAL_Driver/Src/stm32f1xx_hal_pcd.c **** 
2020:Drivers/STM32F1xx_HAL_Driver/Src/stm32f1xx_hal_pcd.c **** /**
2021:Drivers/STM32F1xx_HAL_Driver/Src/stm32f1xx_hal_pcd.c ****   * @brief  Return the PCD handle state.
2022:Drivers/STM32F1xx_HAL_Driver/Src/stm32f1xx_hal_pcd.c ****   * @param  hpcd PCD handle
2023:Drivers/STM32F1xx_HAL_Driver/Src/stm32f1xx_hal_pcd.c ****   * @retval HAL state
2024:Drivers/STM32F1xx_HAL_Driver/Src/stm32f1xx_hal_pcd.c ****   */
2025:Drivers/STM32F1xx_HAL_Driver/Src/stm32f1xx_hal_pcd.c **** PCD_StateTypeDef HAL_PCD_GetState(PCD_HandleTypeDef const *hpcd)
2026:Drivers/STM32F1xx_HAL_Driver/Src/stm32f1xx_hal_pcd.c **** {
2027:Drivers/STM32F1xx_HAL_Driver/Src/stm32f1xx_hal_pcd.c ****   return hpcd->State;
ARM GAS  C:\Users\subdia\AppData\Local\Temp\cczK76oD.s 			page 37


2028:Drivers/STM32F1xx_HAL_Driver/Src/stm32f1xx_hal_pcd.c **** }
2029:Drivers/STM32F1xx_HAL_Driver/Src/stm32f1xx_hal_pcd.c **** 
2030:Drivers/STM32F1xx_HAL_Driver/Src/stm32f1xx_hal_pcd.c **** /**
2031:Drivers/STM32F1xx_HAL_Driver/Src/stm32f1xx_hal_pcd.c ****   * @}
2032:Drivers/STM32F1xx_HAL_Driver/Src/stm32f1xx_hal_pcd.c ****   */
2033:Drivers/STM32F1xx_HAL_Driver/Src/stm32f1xx_hal_pcd.c **** 
2034:Drivers/STM32F1xx_HAL_Driver/Src/stm32f1xx_hal_pcd.c **** /**
2035:Drivers/STM32F1xx_HAL_Driver/Src/stm32f1xx_hal_pcd.c ****   * @}
2036:Drivers/STM32F1xx_HAL_Driver/Src/stm32f1xx_hal_pcd.c ****   */
2037:Drivers/STM32F1xx_HAL_Driver/Src/stm32f1xx_hal_pcd.c **** 
2038:Drivers/STM32F1xx_HAL_Driver/Src/stm32f1xx_hal_pcd.c **** /* Private functions ---------------------------------------------------------*/
2039:Drivers/STM32F1xx_HAL_Driver/Src/stm32f1xx_hal_pcd.c **** /** @addtogroup PCD_Private_Functions
2040:Drivers/STM32F1xx_HAL_Driver/Src/stm32f1xx_hal_pcd.c ****   * @{
2041:Drivers/STM32F1xx_HAL_Driver/Src/stm32f1xx_hal_pcd.c ****   */
2042:Drivers/STM32F1xx_HAL_Driver/Src/stm32f1xx_hal_pcd.c **** #if defined (USB_OTG_FS)
2043:Drivers/STM32F1xx_HAL_Driver/Src/stm32f1xx_hal_pcd.c **** /**
2044:Drivers/STM32F1xx_HAL_Driver/Src/stm32f1xx_hal_pcd.c ****   * @brief  Check FIFO for the next packet to be loaded.
2045:Drivers/STM32F1xx_HAL_Driver/Src/stm32f1xx_hal_pcd.c ****   * @param  hpcd PCD handle
2046:Drivers/STM32F1xx_HAL_Driver/Src/stm32f1xx_hal_pcd.c ****   * @param  epnum endpoint number
2047:Drivers/STM32F1xx_HAL_Driver/Src/stm32f1xx_hal_pcd.c ****   * @retval HAL status
2048:Drivers/STM32F1xx_HAL_Driver/Src/stm32f1xx_hal_pcd.c ****   */
2049:Drivers/STM32F1xx_HAL_Driver/Src/stm32f1xx_hal_pcd.c **** static HAL_StatusTypeDef PCD_WriteEmptyTxFifo(PCD_HandleTypeDef *hpcd, uint32_t epnum)
2050:Drivers/STM32F1xx_HAL_Driver/Src/stm32f1xx_hal_pcd.c **** {
2051:Drivers/STM32F1xx_HAL_Driver/Src/stm32f1xx_hal_pcd.c ****   USB_OTG_GlobalTypeDef *USBx = hpcd->Instance;
2052:Drivers/STM32F1xx_HAL_Driver/Src/stm32f1xx_hal_pcd.c ****   uint32_t USBx_BASE = (uint32_t)USBx;
2053:Drivers/STM32F1xx_HAL_Driver/Src/stm32f1xx_hal_pcd.c ****   USB_OTG_EPTypeDef *ep;
2054:Drivers/STM32F1xx_HAL_Driver/Src/stm32f1xx_hal_pcd.c ****   uint32_t len;
2055:Drivers/STM32F1xx_HAL_Driver/Src/stm32f1xx_hal_pcd.c ****   uint32_t len32b;
2056:Drivers/STM32F1xx_HAL_Driver/Src/stm32f1xx_hal_pcd.c ****   uint32_t fifoemptymsk;
2057:Drivers/STM32F1xx_HAL_Driver/Src/stm32f1xx_hal_pcd.c **** 
2058:Drivers/STM32F1xx_HAL_Driver/Src/stm32f1xx_hal_pcd.c ****   ep = &hpcd->IN_ep[epnum];
2059:Drivers/STM32F1xx_HAL_Driver/Src/stm32f1xx_hal_pcd.c **** 
2060:Drivers/STM32F1xx_HAL_Driver/Src/stm32f1xx_hal_pcd.c ****   if (ep->xfer_count > ep->xfer_len)
2061:Drivers/STM32F1xx_HAL_Driver/Src/stm32f1xx_hal_pcd.c ****   {
2062:Drivers/STM32F1xx_HAL_Driver/Src/stm32f1xx_hal_pcd.c ****     return HAL_ERROR;
2063:Drivers/STM32F1xx_HAL_Driver/Src/stm32f1xx_hal_pcd.c ****   }
2064:Drivers/STM32F1xx_HAL_Driver/Src/stm32f1xx_hal_pcd.c **** 
2065:Drivers/STM32F1xx_HAL_Driver/Src/stm32f1xx_hal_pcd.c ****   len = ep->xfer_len - ep->xfer_count;
2066:Drivers/STM32F1xx_HAL_Driver/Src/stm32f1xx_hal_pcd.c **** 
2067:Drivers/STM32F1xx_HAL_Driver/Src/stm32f1xx_hal_pcd.c ****   if (len > ep->maxpacket)
2068:Drivers/STM32F1xx_HAL_Driver/Src/stm32f1xx_hal_pcd.c ****   {
2069:Drivers/STM32F1xx_HAL_Driver/Src/stm32f1xx_hal_pcd.c ****     len = ep->maxpacket;
2070:Drivers/STM32F1xx_HAL_Driver/Src/stm32f1xx_hal_pcd.c ****   }
2071:Drivers/STM32F1xx_HAL_Driver/Src/stm32f1xx_hal_pcd.c **** 
2072:Drivers/STM32F1xx_HAL_Driver/Src/stm32f1xx_hal_pcd.c ****   len32b = (len + 3U) / 4U;
2073:Drivers/STM32F1xx_HAL_Driver/Src/stm32f1xx_hal_pcd.c **** 
2074:Drivers/STM32F1xx_HAL_Driver/Src/stm32f1xx_hal_pcd.c ****   while (((USBx_INEP(epnum)->DTXFSTS & USB_OTG_DTXFSTS_INEPTFSAV) >= len32b) &&
2075:Drivers/STM32F1xx_HAL_Driver/Src/stm32f1xx_hal_pcd.c ****          (ep->xfer_count < ep->xfer_len) && (ep->xfer_len != 0U))
2076:Drivers/STM32F1xx_HAL_Driver/Src/stm32f1xx_hal_pcd.c ****   {
2077:Drivers/STM32F1xx_HAL_Driver/Src/stm32f1xx_hal_pcd.c ****     /* Write the FIFO */
2078:Drivers/STM32F1xx_HAL_Driver/Src/stm32f1xx_hal_pcd.c ****     len = ep->xfer_len - ep->xfer_count;
2079:Drivers/STM32F1xx_HAL_Driver/Src/stm32f1xx_hal_pcd.c **** 
2080:Drivers/STM32F1xx_HAL_Driver/Src/stm32f1xx_hal_pcd.c ****     if (len > ep->maxpacket)
2081:Drivers/STM32F1xx_HAL_Driver/Src/stm32f1xx_hal_pcd.c ****     {
2082:Drivers/STM32F1xx_HAL_Driver/Src/stm32f1xx_hal_pcd.c ****       len = ep->maxpacket;
2083:Drivers/STM32F1xx_HAL_Driver/Src/stm32f1xx_hal_pcd.c ****     }
2084:Drivers/STM32F1xx_HAL_Driver/Src/stm32f1xx_hal_pcd.c ****     len32b = (len + 3U) / 4U;
ARM GAS  C:\Users\subdia\AppData\Local\Temp\cczK76oD.s 			page 38


2085:Drivers/STM32F1xx_HAL_Driver/Src/stm32f1xx_hal_pcd.c **** 
2086:Drivers/STM32F1xx_HAL_Driver/Src/stm32f1xx_hal_pcd.c ****     (void)USB_WritePacket(USBx, ep->xfer_buff, (uint8_t)epnum, (uint16_t)len);
2087:Drivers/STM32F1xx_HAL_Driver/Src/stm32f1xx_hal_pcd.c **** 
2088:Drivers/STM32F1xx_HAL_Driver/Src/stm32f1xx_hal_pcd.c ****     ep->xfer_buff  += len;
2089:Drivers/STM32F1xx_HAL_Driver/Src/stm32f1xx_hal_pcd.c ****     ep->xfer_count += len;
2090:Drivers/STM32F1xx_HAL_Driver/Src/stm32f1xx_hal_pcd.c ****   }
2091:Drivers/STM32F1xx_HAL_Driver/Src/stm32f1xx_hal_pcd.c **** 
2092:Drivers/STM32F1xx_HAL_Driver/Src/stm32f1xx_hal_pcd.c ****   if (ep->xfer_len <= ep->xfer_count)
2093:Drivers/STM32F1xx_HAL_Driver/Src/stm32f1xx_hal_pcd.c ****   {
2094:Drivers/STM32F1xx_HAL_Driver/Src/stm32f1xx_hal_pcd.c ****     fifoemptymsk = (uint32_t)(0x1UL << (epnum & EP_ADDR_MSK));
2095:Drivers/STM32F1xx_HAL_Driver/Src/stm32f1xx_hal_pcd.c ****     USBx_DEVICE->DIEPEMPMSK &= ~fifoemptymsk;
2096:Drivers/STM32F1xx_HAL_Driver/Src/stm32f1xx_hal_pcd.c ****   }
2097:Drivers/STM32F1xx_HAL_Driver/Src/stm32f1xx_hal_pcd.c **** 
2098:Drivers/STM32F1xx_HAL_Driver/Src/stm32f1xx_hal_pcd.c ****   return HAL_OK;
2099:Drivers/STM32F1xx_HAL_Driver/Src/stm32f1xx_hal_pcd.c **** }
2100:Drivers/STM32F1xx_HAL_Driver/Src/stm32f1xx_hal_pcd.c **** 
2101:Drivers/STM32F1xx_HAL_Driver/Src/stm32f1xx_hal_pcd.c **** 
2102:Drivers/STM32F1xx_HAL_Driver/Src/stm32f1xx_hal_pcd.c **** /**
2103:Drivers/STM32F1xx_HAL_Driver/Src/stm32f1xx_hal_pcd.c ****   * @brief  process EP OUT transfer complete interrupt.
2104:Drivers/STM32F1xx_HAL_Driver/Src/stm32f1xx_hal_pcd.c ****   * @param  hpcd PCD handle
2105:Drivers/STM32F1xx_HAL_Driver/Src/stm32f1xx_hal_pcd.c ****   * @param  epnum endpoint number
2106:Drivers/STM32F1xx_HAL_Driver/Src/stm32f1xx_hal_pcd.c ****   * @retval HAL status
2107:Drivers/STM32F1xx_HAL_Driver/Src/stm32f1xx_hal_pcd.c ****   */
2108:Drivers/STM32F1xx_HAL_Driver/Src/stm32f1xx_hal_pcd.c **** static HAL_StatusTypeDef PCD_EP_OutXfrComplete_int(PCD_HandleTypeDef *hpcd, uint32_t epnum)
2109:Drivers/STM32F1xx_HAL_Driver/Src/stm32f1xx_hal_pcd.c **** {
2110:Drivers/STM32F1xx_HAL_Driver/Src/stm32f1xx_hal_pcd.c ****   const USB_OTG_GlobalTypeDef *USBx = hpcd->Instance;
2111:Drivers/STM32F1xx_HAL_Driver/Src/stm32f1xx_hal_pcd.c ****   uint32_t USBx_BASE = (uint32_t)USBx;
2112:Drivers/STM32F1xx_HAL_Driver/Src/stm32f1xx_hal_pcd.c ****   uint32_t gSNPSiD = *(__IO const uint32_t *)(&USBx->CID + 0x1U);
2113:Drivers/STM32F1xx_HAL_Driver/Src/stm32f1xx_hal_pcd.c ****   uint32_t DoepintReg = USBx_OUTEP(epnum)->DOEPINT;
2114:Drivers/STM32F1xx_HAL_Driver/Src/stm32f1xx_hal_pcd.c **** 
2115:Drivers/STM32F1xx_HAL_Driver/Src/stm32f1xx_hal_pcd.c ****   if (gSNPSiD == USB_OTG_CORE_ID_310A)
2116:Drivers/STM32F1xx_HAL_Driver/Src/stm32f1xx_hal_pcd.c ****   {
2117:Drivers/STM32F1xx_HAL_Driver/Src/stm32f1xx_hal_pcd.c ****     /* StupPktRcvd = 1 this is a setup packet */
2118:Drivers/STM32F1xx_HAL_Driver/Src/stm32f1xx_hal_pcd.c ****     if ((DoepintReg & USB_OTG_DOEPINT_STPKTRX) == USB_OTG_DOEPINT_STPKTRX)
2119:Drivers/STM32F1xx_HAL_Driver/Src/stm32f1xx_hal_pcd.c ****     {
2120:Drivers/STM32F1xx_HAL_Driver/Src/stm32f1xx_hal_pcd.c ****       CLEAR_OUT_EP_INTR(epnum, USB_OTG_DOEPINT_STPKTRX);
2121:Drivers/STM32F1xx_HAL_Driver/Src/stm32f1xx_hal_pcd.c ****     }
2122:Drivers/STM32F1xx_HAL_Driver/Src/stm32f1xx_hal_pcd.c ****     else
2123:Drivers/STM32F1xx_HAL_Driver/Src/stm32f1xx_hal_pcd.c ****     {
2124:Drivers/STM32F1xx_HAL_Driver/Src/stm32f1xx_hal_pcd.c ****       if ((DoepintReg & USB_OTG_DOEPINT_OTEPSPR) == USB_OTG_DOEPINT_OTEPSPR)
2125:Drivers/STM32F1xx_HAL_Driver/Src/stm32f1xx_hal_pcd.c ****       {
2126:Drivers/STM32F1xx_HAL_Driver/Src/stm32f1xx_hal_pcd.c ****         CLEAR_OUT_EP_INTR(epnum, USB_OTG_DOEPINT_OTEPSPR);
2127:Drivers/STM32F1xx_HAL_Driver/Src/stm32f1xx_hal_pcd.c ****       }
2128:Drivers/STM32F1xx_HAL_Driver/Src/stm32f1xx_hal_pcd.c **** 
2129:Drivers/STM32F1xx_HAL_Driver/Src/stm32f1xx_hal_pcd.c **** #if (USE_HAL_PCD_REGISTER_CALLBACKS == 1U)
2130:Drivers/STM32F1xx_HAL_Driver/Src/stm32f1xx_hal_pcd.c ****       hpcd->DataOutStageCallback(hpcd, (uint8_t)epnum);
2131:Drivers/STM32F1xx_HAL_Driver/Src/stm32f1xx_hal_pcd.c **** #else
2132:Drivers/STM32F1xx_HAL_Driver/Src/stm32f1xx_hal_pcd.c ****       HAL_PCD_DataOutStageCallback(hpcd, (uint8_t)epnum);
2133:Drivers/STM32F1xx_HAL_Driver/Src/stm32f1xx_hal_pcd.c **** #endif /* USE_HAL_PCD_REGISTER_CALLBACKS */
2134:Drivers/STM32F1xx_HAL_Driver/Src/stm32f1xx_hal_pcd.c ****     }
2135:Drivers/STM32F1xx_HAL_Driver/Src/stm32f1xx_hal_pcd.c ****   }
2136:Drivers/STM32F1xx_HAL_Driver/Src/stm32f1xx_hal_pcd.c ****   else
2137:Drivers/STM32F1xx_HAL_Driver/Src/stm32f1xx_hal_pcd.c ****   {
2138:Drivers/STM32F1xx_HAL_Driver/Src/stm32f1xx_hal_pcd.c **** #if (USE_HAL_PCD_REGISTER_CALLBACKS == 1U)
2139:Drivers/STM32F1xx_HAL_Driver/Src/stm32f1xx_hal_pcd.c ****     hpcd->DataOutStageCallback(hpcd, (uint8_t)epnum);
2140:Drivers/STM32F1xx_HAL_Driver/Src/stm32f1xx_hal_pcd.c **** #else
2141:Drivers/STM32F1xx_HAL_Driver/Src/stm32f1xx_hal_pcd.c ****     HAL_PCD_DataOutStageCallback(hpcd, (uint8_t)epnum);
ARM GAS  C:\Users\subdia\AppData\Local\Temp\cczK76oD.s 			page 39


2142:Drivers/STM32F1xx_HAL_Driver/Src/stm32f1xx_hal_pcd.c **** #endif /* USE_HAL_PCD_REGISTER_CALLBACKS */
2143:Drivers/STM32F1xx_HAL_Driver/Src/stm32f1xx_hal_pcd.c ****   }
2144:Drivers/STM32F1xx_HAL_Driver/Src/stm32f1xx_hal_pcd.c **** 
2145:Drivers/STM32F1xx_HAL_Driver/Src/stm32f1xx_hal_pcd.c ****   return HAL_OK;
2146:Drivers/STM32F1xx_HAL_Driver/Src/stm32f1xx_hal_pcd.c **** }
2147:Drivers/STM32F1xx_HAL_Driver/Src/stm32f1xx_hal_pcd.c **** 
2148:Drivers/STM32F1xx_HAL_Driver/Src/stm32f1xx_hal_pcd.c **** 
2149:Drivers/STM32F1xx_HAL_Driver/Src/stm32f1xx_hal_pcd.c **** /**
2150:Drivers/STM32F1xx_HAL_Driver/Src/stm32f1xx_hal_pcd.c ****   * @brief  process EP OUT setup packet received interrupt.
2151:Drivers/STM32F1xx_HAL_Driver/Src/stm32f1xx_hal_pcd.c ****   * @param  hpcd PCD handle
2152:Drivers/STM32F1xx_HAL_Driver/Src/stm32f1xx_hal_pcd.c ****   * @param  epnum endpoint number
2153:Drivers/STM32F1xx_HAL_Driver/Src/stm32f1xx_hal_pcd.c ****   * @retval HAL status
2154:Drivers/STM32F1xx_HAL_Driver/Src/stm32f1xx_hal_pcd.c ****   */
2155:Drivers/STM32F1xx_HAL_Driver/Src/stm32f1xx_hal_pcd.c **** static HAL_StatusTypeDef PCD_EP_OutSetupPacket_int(PCD_HandleTypeDef *hpcd, uint32_t epnum)
2156:Drivers/STM32F1xx_HAL_Driver/Src/stm32f1xx_hal_pcd.c **** {
2157:Drivers/STM32F1xx_HAL_Driver/Src/stm32f1xx_hal_pcd.c ****   const USB_OTG_GlobalTypeDef *USBx = hpcd->Instance;
2158:Drivers/STM32F1xx_HAL_Driver/Src/stm32f1xx_hal_pcd.c ****   uint32_t USBx_BASE = (uint32_t)USBx;
2159:Drivers/STM32F1xx_HAL_Driver/Src/stm32f1xx_hal_pcd.c ****   uint32_t gSNPSiD = *(__IO const uint32_t *)(&USBx->CID + 0x1U);
2160:Drivers/STM32F1xx_HAL_Driver/Src/stm32f1xx_hal_pcd.c ****   uint32_t DoepintReg = USBx_OUTEP(epnum)->DOEPINT;
2161:Drivers/STM32F1xx_HAL_Driver/Src/stm32f1xx_hal_pcd.c **** 
2162:Drivers/STM32F1xx_HAL_Driver/Src/stm32f1xx_hal_pcd.c ****   if ((gSNPSiD > USB_OTG_CORE_ID_300A) &&
2163:Drivers/STM32F1xx_HAL_Driver/Src/stm32f1xx_hal_pcd.c ****       ((DoepintReg & USB_OTG_DOEPINT_STPKTRX) == USB_OTG_DOEPINT_STPKTRX))
2164:Drivers/STM32F1xx_HAL_Driver/Src/stm32f1xx_hal_pcd.c ****   {
2165:Drivers/STM32F1xx_HAL_Driver/Src/stm32f1xx_hal_pcd.c ****     CLEAR_OUT_EP_INTR(epnum, USB_OTG_DOEPINT_STPKTRX);
2166:Drivers/STM32F1xx_HAL_Driver/Src/stm32f1xx_hal_pcd.c ****   }
2167:Drivers/STM32F1xx_HAL_Driver/Src/stm32f1xx_hal_pcd.c **** 
2168:Drivers/STM32F1xx_HAL_Driver/Src/stm32f1xx_hal_pcd.c ****   /* Inform the upper layer that a setup packet is available */
2169:Drivers/STM32F1xx_HAL_Driver/Src/stm32f1xx_hal_pcd.c **** #if (USE_HAL_PCD_REGISTER_CALLBACKS == 1U)
2170:Drivers/STM32F1xx_HAL_Driver/Src/stm32f1xx_hal_pcd.c ****   hpcd->SetupStageCallback(hpcd);
2171:Drivers/STM32F1xx_HAL_Driver/Src/stm32f1xx_hal_pcd.c **** #else
2172:Drivers/STM32F1xx_HAL_Driver/Src/stm32f1xx_hal_pcd.c ****   HAL_PCD_SetupStageCallback(hpcd);
2173:Drivers/STM32F1xx_HAL_Driver/Src/stm32f1xx_hal_pcd.c **** #endif /* USE_HAL_PCD_REGISTER_CALLBACKS */
2174:Drivers/STM32F1xx_HAL_Driver/Src/stm32f1xx_hal_pcd.c **** 
2175:Drivers/STM32F1xx_HAL_Driver/Src/stm32f1xx_hal_pcd.c ****   return HAL_OK;
2176:Drivers/STM32F1xx_HAL_Driver/Src/stm32f1xx_hal_pcd.c **** }
2177:Drivers/STM32F1xx_HAL_Driver/Src/stm32f1xx_hal_pcd.c **** #endif /* defined (USB_OTG_FS) */
2178:Drivers/STM32F1xx_HAL_Driver/Src/stm32f1xx_hal_pcd.c **** 
2179:Drivers/STM32F1xx_HAL_Driver/Src/stm32f1xx_hal_pcd.c **** #if defined (USB)
2180:Drivers/STM32F1xx_HAL_Driver/Src/stm32f1xx_hal_pcd.c **** /**
2181:Drivers/STM32F1xx_HAL_Driver/Src/stm32f1xx_hal_pcd.c ****   * @brief  This function handles PCD Endpoint interrupt request.
2182:Drivers/STM32F1xx_HAL_Driver/Src/stm32f1xx_hal_pcd.c ****   * @param  hpcd PCD handle
2183:Drivers/STM32F1xx_HAL_Driver/Src/stm32f1xx_hal_pcd.c ****   * @retval HAL status
2184:Drivers/STM32F1xx_HAL_Driver/Src/stm32f1xx_hal_pcd.c ****   */
2185:Drivers/STM32F1xx_HAL_Driver/Src/stm32f1xx_hal_pcd.c **** static HAL_StatusTypeDef PCD_EP_ISR_Handler(PCD_HandleTypeDef *hpcd)
2186:Drivers/STM32F1xx_HAL_Driver/Src/stm32f1xx_hal_pcd.c **** {
2187:Drivers/STM32F1xx_HAL_Driver/Src/stm32f1xx_hal_pcd.c ****   PCD_EPTypeDef *ep;
2188:Drivers/STM32F1xx_HAL_Driver/Src/stm32f1xx_hal_pcd.c ****   uint16_t count;
2189:Drivers/STM32F1xx_HAL_Driver/Src/stm32f1xx_hal_pcd.c ****   uint16_t wIstr;
2190:Drivers/STM32F1xx_HAL_Driver/Src/stm32f1xx_hal_pcd.c ****   uint16_t wEPVal;
2191:Drivers/STM32F1xx_HAL_Driver/Src/stm32f1xx_hal_pcd.c ****   uint16_t TxPctSize;
2192:Drivers/STM32F1xx_HAL_Driver/Src/stm32f1xx_hal_pcd.c ****   uint8_t epindex;
2193:Drivers/STM32F1xx_HAL_Driver/Src/stm32f1xx_hal_pcd.c **** 
2194:Drivers/STM32F1xx_HAL_Driver/Src/stm32f1xx_hal_pcd.c **** #if (USE_USB_DOUBLE_BUFFER != 1U)
2195:Drivers/STM32F1xx_HAL_Driver/Src/stm32f1xx_hal_pcd.c ****   count = 0U;
2196:Drivers/STM32F1xx_HAL_Driver/Src/stm32f1xx_hal_pcd.c **** #endif /* USE_USB_DOUBLE_BUFFER */
2197:Drivers/STM32F1xx_HAL_Driver/Src/stm32f1xx_hal_pcd.c **** 
2198:Drivers/STM32F1xx_HAL_Driver/Src/stm32f1xx_hal_pcd.c ****   /* stay in loop while pending interrupts */
ARM GAS  C:\Users\subdia\AppData\Local\Temp\cczK76oD.s 			page 40


2199:Drivers/STM32F1xx_HAL_Driver/Src/stm32f1xx_hal_pcd.c ****   while ((hpcd->Instance->ISTR & USB_ISTR_CTR) != 0U)
2200:Drivers/STM32F1xx_HAL_Driver/Src/stm32f1xx_hal_pcd.c ****   {
2201:Drivers/STM32F1xx_HAL_Driver/Src/stm32f1xx_hal_pcd.c ****     wIstr = hpcd->Instance->ISTR;
2202:Drivers/STM32F1xx_HAL_Driver/Src/stm32f1xx_hal_pcd.c **** 
2203:Drivers/STM32F1xx_HAL_Driver/Src/stm32f1xx_hal_pcd.c ****     /* extract highest priority endpoint number */
2204:Drivers/STM32F1xx_HAL_Driver/Src/stm32f1xx_hal_pcd.c ****     epindex = (uint8_t)(wIstr & USB_ISTR_EP_ID);
2205:Drivers/STM32F1xx_HAL_Driver/Src/stm32f1xx_hal_pcd.c **** 
2206:Drivers/STM32F1xx_HAL_Driver/Src/stm32f1xx_hal_pcd.c ****     if (epindex == 0U)
2207:Drivers/STM32F1xx_HAL_Driver/Src/stm32f1xx_hal_pcd.c ****     {
2208:Drivers/STM32F1xx_HAL_Driver/Src/stm32f1xx_hal_pcd.c ****       /* Decode and service control endpoint interrupt */
2209:Drivers/STM32F1xx_HAL_Driver/Src/stm32f1xx_hal_pcd.c **** 
2210:Drivers/STM32F1xx_HAL_Driver/Src/stm32f1xx_hal_pcd.c ****       /* DIR bit = origin of the interrupt */
2211:Drivers/STM32F1xx_HAL_Driver/Src/stm32f1xx_hal_pcd.c ****       if ((wIstr & USB_ISTR_DIR) == 0U)
2212:Drivers/STM32F1xx_HAL_Driver/Src/stm32f1xx_hal_pcd.c ****       {
2213:Drivers/STM32F1xx_HAL_Driver/Src/stm32f1xx_hal_pcd.c ****         /* DIR = 0 */
2214:Drivers/STM32F1xx_HAL_Driver/Src/stm32f1xx_hal_pcd.c **** 
2215:Drivers/STM32F1xx_HAL_Driver/Src/stm32f1xx_hal_pcd.c ****         /* DIR = 0 => IN  int */
2216:Drivers/STM32F1xx_HAL_Driver/Src/stm32f1xx_hal_pcd.c ****         /* DIR = 0 implies that (EP_CTR_TX = 1) always */
2217:Drivers/STM32F1xx_HAL_Driver/Src/stm32f1xx_hal_pcd.c ****         PCD_CLEAR_TX_EP_CTR(hpcd->Instance, PCD_ENDP0);
2218:Drivers/STM32F1xx_HAL_Driver/Src/stm32f1xx_hal_pcd.c ****         ep = &hpcd->IN_ep[0];
2219:Drivers/STM32F1xx_HAL_Driver/Src/stm32f1xx_hal_pcd.c **** 
2220:Drivers/STM32F1xx_HAL_Driver/Src/stm32f1xx_hal_pcd.c ****         ep->xfer_count = PCD_GET_EP_TX_CNT(hpcd->Instance, ep->num);
2221:Drivers/STM32F1xx_HAL_Driver/Src/stm32f1xx_hal_pcd.c ****         ep->xfer_buff += ep->xfer_count;
2222:Drivers/STM32F1xx_HAL_Driver/Src/stm32f1xx_hal_pcd.c **** 
2223:Drivers/STM32F1xx_HAL_Driver/Src/stm32f1xx_hal_pcd.c ****         /* TX COMPLETE */
2224:Drivers/STM32F1xx_HAL_Driver/Src/stm32f1xx_hal_pcd.c **** #if (USE_HAL_PCD_REGISTER_CALLBACKS == 1U)
2225:Drivers/STM32F1xx_HAL_Driver/Src/stm32f1xx_hal_pcd.c ****         hpcd->DataInStageCallback(hpcd, 0U);
2226:Drivers/STM32F1xx_HAL_Driver/Src/stm32f1xx_hal_pcd.c **** #else
2227:Drivers/STM32F1xx_HAL_Driver/Src/stm32f1xx_hal_pcd.c ****         HAL_PCD_DataInStageCallback(hpcd, 0U);
2228:Drivers/STM32F1xx_HAL_Driver/Src/stm32f1xx_hal_pcd.c **** #endif /* USE_HAL_PCD_REGISTER_CALLBACKS */
2229:Drivers/STM32F1xx_HAL_Driver/Src/stm32f1xx_hal_pcd.c **** 
2230:Drivers/STM32F1xx_HAL_Driver/Src/stm32f1xx_hal_pcd.c ****         if ((hpcd->USB_Address > 0U) && (ep->xfer_len == 0U))
2231:Drivers/STM32F1xx_HAL_Driver/Src/stm32f1xx_hal_pcd.c ****         {
2232:Drivers/STM32F1xx_HAL_Driver/Src/stm32f1xx_hal_pcd.c ****           hpcd->Instance->DADDR = ((uint16_t)hpcd->USB_Address | USB_DADDR_EF);
2233:Drivers/STM32F1xx_HAL_Driver/Src/stm32f1xx_hal_pcd.c ****           hpcd->USB_Address = 0U;
2234:Drivers/STM32F1xx_HAL_Driver/Src/stm32f1xx_hal_pcd.c ****         }
2235:Drivers/STM32F1xx_HAL_Driver/Src/stm32f1xx_hal_pcd.c ****       }
2236:Drivers/STM32F1xx_HAL_Driver/Src/stm32f1xx_hal_pcd.c ****       else
2237:Drivers/STM32F1xx_HAL_Driver/Src/stm32f1xx_hal_pcd.c ****       {
2238:Drivers/STM32F1xx_HAL_Driver/Src/stm32f1xx_hal_pcd.c ****         /* DIR = 1 */
2239:Drivers/STM32F1xx_HAL_Driver/Src/stm32f1xx_hal_pcd.c **** 
2240:Drivers/STM32F1xx_HAL_Driver/Src/stm32f1xx_hal_pcd.c ****         /* DIR = 1 & CTR_RX => SETUP or OUT int */
2241:Drivers/STM32F1xx_HAL_Driver/Src/stm32f1xx_hal_pcd.c ****         /* DIR = 1 & (CTR_TX | CTR_RX) => 2 int pending */
2242:Drivers/STM32F1xx_HAL_Driver/Src/stm32f1xx_hal_pcd.c ****         ep = &hpcd->OUT_ep[0];
2243:Drivers/STM32F1xx_HAL_Driver/Src/stm32f1xx_hal_pcd.c ****         wEPVal = PCD_GET_ENDPOINT(hpcd->Instance, PCD_ENDP0);
2244:Drivers/STM32F1xx_HAL_Driver/Src/stm32f1xx_hal_pcd.c **** 
2245:Drivers/STM32F1xx_HAL_Driver/Src/stm32f1xx_hal_pcd.c ****         if ((wEPVal & USB_EP_SETUP) != 0U)
2246:Drivers/STM32F1xx_HAL_Driver/Src/stm32f1xx_hal_pcd.c ****         {
2247:Drivers/STM32F1xx_HAL_Driver/Src/stm32f1xx_hal_pcd.c ****           /* Get SETUP Packet */
2248:Drivers/STM32F1xx_HAL_Driver/Src/stm32f1xx_hal_pcd.c ****           ep->xfer_count = PCD_GET_EP_RX_CNT(hpcd->Instance, ep->num);
2249:Drivers/STM32F1xx_HAL_Driver/Src/stm32f1xx_hal_pcd.c **** 
2250:Drivers/STM32F1xx_HAL_Driver/Src/stm32f1xx_hal_pcd.c ****           USB_ReadPMA(hpcd->Instance, (uint8_t *)hpcd->Setup,
2251:Drivers/STM32F1xx_HAL_Driver/Src/stm32f1xx_hal_pcd.c ****                       ep->pmaadress, (uint16_t)ep->xfer_count);
2252:Drivers/STM32F1xx_HAL_Driver/Src/stm32f1xx_hal_pcd.c **** 
2253:Drivers/STM32F1xx_HAL_Driver/Src/stm32f1xx_hal_pcd.c ****           /* SETUP bit kept frozen while CTR_RX = 1 */
2254:Drivers/STM32F1xx_HAL_Driver/Src/stm32f1xx_hal_pcd.c ****           PCD_CLEAR_RX_EP_CTR(hpcd->Instance, PCD_ENDP0);
2255:Drivers/STM32F1xx_HAL_Driver/Src/stm32f1xx_hal_pcd.c **** 
ARM GAS  C:\Users\subdia\AppData\Local\Temp\cczK76oD.s 			page 41


2256:Drivers/STM32F1xx_HAL_Driver/Src/stm32f1xx_hal_pcd.c ****           /* Process SETUP Packet*/
2257:Drivers/STM32F1xx_HAL_Driver/Src/stm32f1xx_hal_pcd.c **** #if (USE_HAL_PCD_REGISTER_CALLBACKS == 1U)
2258:Drivers/STM32F1xx_HAL_Driver/Src/stm32f1xx_hal_pcd.c ****           hpcd->SetupStageCallback(hpcd);
2259:Drivers/STM32F1xx_HAL_Driver/Src/stm32f1xx_hal_pcd.c **** #else
2260:Drivers/STM32F1xx_HAL_Driver/Src/stm32f1xx_hal_pcd.c ****           HAL_PCD_SetupStageCallback(hpcd);
2261:Drivers/STM32F1xx_HAL_Driver/Src/stm32f1xx_hal_pcd.c **** #endif /* USE_HAL_PCD_REGISTER_CALLBACKS */
2262:Drivers/STM32F1xx_HAL_Driver/Src/stm32f1xx_hal_pcd.c ****         }
2263:Drivers/STM32F1xx_HAL_Driver/Src/stm32f1xx_hal_pcd.c ****         else if ((wEPVal & USB_EP_CTR_RX) != 0U)
2264:Drivers/STM32F1xx_HAL_Driver/Src/stm32f1xx_hal_pcd.c ****         {
2265:Drivers/STM32F1xx_HAL_Driver/Src/stm32f1xx_hal_pcd.c ****           PCD_CLEAR_RX_EP_CTR(hpcd->Instance, PCD_ENDP0);
2266:Drivers/STM32F1xx_HAL_Driver/Src/stm32f1xx_hal_pcd.c **** 
2267:Drivers/STM32F1xx_HAL_Driver/Src/stm32f1xx_hal_pcd.c ****           /* Get Control Data OUT Packet */
2268:Drivers/STM32F1xx_HAL_Driver/Src/stm32f1xx_hal_pcd.c ****           ep->xfer_count = PCD_GET_EP_RX_CNT(hpcd->Instance, ep->num);
2269:Drivers/STM32F1xx_HAL_Driver/Src/stm32f1xx_hal_pcd.c **** 
2270:Drivers/STM32F1xx_HAL_Driver/Src/stm32f1xx_hal_pcd.c ****           if ((ep->xfer_count != 0U) && (ep->xfer_buff != 0U))
2271:Drivers/STM32F1xx_HAL_Driver/Src/stm32f1xx_hal_pcd.c ****           {
2272:Drivers/STM32F1xx_HAL_Driver/Src/stm32f1xx_hal_pcd.c ****             USB_ReadPMA(hpcd->Instance, ep->xfer_buff,
2273:Drivers/STM32F1xx_HAL_Driver/Src/stm32f1xx_hal_pcd.c ****                         ep->pmaadress, (uint16_t)ep->xfer_count);
2274:Drivers/STM32F1xx_HAL_Driver/Src/stm32f1xx_hal_pcd.c **** 
2275:Drivers/STM32F1xx_HAL_Driver/Src/stm32f1xx_hal_pcd.c ****             ep->xfer_buff += ep->xfer_count;
2276:Drivers/STM32F1xx_HAL_Driver/Src/stm32f1xx_hal_pcd.c **** 
2277:Drivers/STM32F1xx_HAL_Driver/Src/stm32f1xx_hal_pcd.c ****             /* Process Control Data OUT Packet */
2278:Drivers/STM32F1xx_HAL_Driver/Src/stm32f1xx_hal_pcd.c **** #if (USE_HAL_PCD_REGISTER_CALLBACKS == 1U)
2279:Drivers/STM32F1xx_HAL_Driver/Src/stm32f1xx_hal_pcd.c ****             hpcd->DataOutStageCallback(hpcd, 0U);
2280:Drivers/STM32F1xx_HAL_Driver/Src/stm32f1xx_hal_pcd.c **** #else
2281:Drivers/STM32F1xx_HAL_Driver/Src/stm32f1xx_hal_pcd.c ****             HAL_PCD_DataOutStageCallback(hpcd, 0U);
2282:Drivers/STM32F1xx_HAL_Driver/Src/stm32f1xx_hal_pcd.c **** #endif /* USE_HAL_PCD_REGISTER_CALLBACKS */
2283:Drivers/STM32F1xx_HAL_Driver/Src/stm32f1xx_hal_pcd.c ****           }
2284:Drivers/STM32F1xx_HAL_Driver/Src/stm32f1xx_hal_pcd.c **** 
2285:Drivers/STM32F1xx_HAL_Driver/Src/stm32f1xx_hal_pcd.c ****           wEPVal = (uint16_t)PCD_GET_ENDPOINT(hpcd->Instance, PCD_ENDP0);
2286:Drivers/STM32F1xx_HAL_Driver/Src/stm32f1xx_hal_pcd.c **** 
2287:Drivers/STM32F1xx_HAL_Driver/Src/stm32f1xx_hal_pcd.c ****           if (((wEPVal & USB_EP_SETUP) == 0U) && ((wEPVal & USB_EP_RX_STRX) != USB_EP_RX_VALID))
2288:Drivers/STM32F1xx_HAL_Driver/Src/stm32f1xx_hal_pcd.c ****           {
2289:Drivers/STM32F1xx_HAL_Driver/Src/stm32f1xx_hal_pcd.c ****             PCD_SET_EP_RX_CNT(hpcd->Instance, PCD_ENDP0, ep->maxpacket);
2290:Drivers/STM32F1xx_HAL_Driver/Src/stm32f1xx_hal_pcd.c ****             PCD_SET_EP_RX_STATUS(hpcd->Instance, PCD_ENDP0, USB_EP_RX_VALID);
2291:Drivers/STM32F1xx_HAL_Driver/Src/stm32f1xx_hal_pcd.c ****           }
2292:Drivers/STM32F1xx_HAL_Driver/Src/stm32f1xx_hal_pcd.c ****         }
2293:Drivers/STM32F1xx_HAL_Driver/Src/stm32f1xx_hal_pcd.c ****       }
2294:Drivers/STM32F1xx_HAL_Driver/Src/stm32f1xx_hal_pcd.c ****     }
2295:Drivers/STM32F1xx_HAL_Driver/Src/stm32f1xx_hal_pcd.c ****     else
2296:Drivers/STM32F1xx_HAL_Driver/Src/stm32f1xx_hal_pcd.c ****     {
2297:Drivers/STM32F1xx_HAL_Driver/Src/stm32f1xx_hal_pcd.c ****       /* Decode and service non control endpoints interrupt */
2298:Drivers/STM32F1xx_HAL_Driver/Src/stm32f1xx_hal_pcd.c ****       /* process related endpoint register */
2299:Drivers/STM32F1xx_HAL_Driver/Src/stm32f1xx_hal_pcd.c ****       wEPVal = PCD_GET_ENDPOINT(hpcd->Instance, epindex);
2300:Drivers/STM32F1xx_HAL_Driver/Src/stm32f1xx_hal_pcd.c **** 
2301:Drivers/STM32F1xx_HAL_Driver/Src/stm32f1xx_hal_pcd.c ****       if ((wEPVal & USB_EP_CTR_RX) != 0U)
2302:Drivers/STM32F1xx_HAL_Driver/Src/stm32f1xx_hal_pcd.c ****       {
2303:Drivers/STM32F1xx_HAL_Driver/Src/stm32f1xx_hal_pcd.c ****         /* clear int flag */
2304:Drivers/STM32F1xx_HAL_Driver/Src/stm32f1xx_hal_pcd.c ****         PCD_CLEAR_RX_EP_CTR(hpcd->Instance, epindex);
2305:Drivers/STM32F1xx_HAL_Driver/Src/stm32f1xx_hal_pcd.c ****         ep = &hpcd->OUT_ep[epindex];
2306:Drivers/STM32F1xx_HAL_Driver/Src/stm32f1xx_hal_pcd.c **** 
2307:Drivers/STM32F1xx_HAL_Driver/Src/stm32f1xx_hal_pcd.c ****         /* OUT Single Buffering */
2308:Drivers/STM32F1xx_HAL_Driver/Src/stm32f1xx_hal_pcd.c ****         if (ep->doublebuffer == 0U)
2309:Drivers/STM32F1xx_HAL_Driver/Src/stm32f1xx_hal_pcd.c ****         {
2310:Drivers/STM32F1xx_HAL_Driver/Src/stm32f1xx_hal_pcd.c ****           count = (uint16_t)PCD_GET_EP_RX_CNT(hpcd->Instance, ep->num);
2311:Drivers/STM32F1xx_HAL_Driver/Src/stm32f1xx_hal_pcd.c **** 
2312:Drivers/STM32F1xx_HAL_Driver/Src/stm32f1xx_hal_pcd.c ****           if (count != 0U)
ARM GAS  C:\Users\subdia\AppData\Local\Temp\cczK76oD.s 			page 42


2313:Drivers/STM32F1xx_HAL_Driver/Src/stm32f1xx_hal_pcd.c ****           {
2314:Drivers/STM32F1xx_HAL_Driver/Src/stm32f1xx_hal_pcd.c ****             USB_ReadPMA(hpcd->Instance, ep->xfer_buff, ep->pmaadress, count);
2315:Drivers/STM32F1xx_HAL_Driver/Src/stm32f1xx_hal_pcd.c ****           }
2316:Drivers/STM32F1xx_HAL_Driver/Src/stm32f1xx_hal_pcd.c ****         }
2317:Drivers/STM32F1xx_HAL_Driver/Src/stm32f1xx_hal_pcd.c **** #if (USE_USB_DOUBLE_BUFFER == 1U)
2318:Drivers/STM32F1xx_HAL_Driver/Src/stm32f1xx_hal_pcd.c ****         else
2319:Drivers/STM32F1xx_HAL_Driver/Src/stm32f1xx_hal_pcd.c ****         {
2320:Drivers/STM32F1xx_HAL_Driver/Src/stm32f1xx_hal_pcd.c ****           /* manage double buffer bulk out */
2321:Drivers/STM32F1xx_HAL_Driver/Src/stm32f1xx_hal_pcd.c ****           if (ep->type == EP_TYPE_BULK)
2322:Drivers/STM32F1xx_HAL_Driver/Src/stm32f1xx_hal_pcd.c ****           {
2323:Drivers/STM32F1xx_HAL_Driver/Src/stm32f1xx_hal_pcd.c ****             count = HAL_PCD_EP_DB_Receive(hpcd, ep, wEPVal);
2324:Drivers/STM32F1xx_HAL_Driver/Src/stm32f1xx_hal_pcd.c ****           }
2325:Drivers/STM32F1xx_HAL_Driver/Src/stm32f1xx_hal_pcd.c ****           else /* manage double buffer iso out */
2326:Drivers/STM32F1xx_HAL_Driver/Src/stm32f1xx_hal_pcd.c ****           {
2327:Drivers/STM32F1xx_HAL_Driver/Src/stm32f1xx_hal_pcd.c ****             /* free EP OUT Buffer */
2328:Drivers/STM32F1xx_HAL_Driver/Src/stm32f1xx_hal_pcd.c ****             PCD_FREE_USER_BUFFER(hpcd->Instance, ep->num, 0U);
2329:Drivers/STM32F1xx_HAL_Driver/Src/stm32f1xx_hal_pcd.c **** 
2330:Drivers/STM32F1xx_HAL_Driver/Src/stm32f1xx_hal_pcd.c ****             if ((PCD_GET_ENDPOINT(hpcd->Instance, ep->num) & USB_EP_DTOG_RX) != 0U)
2331:Drivers/STM32F1xx_HAL_Driver/Src/stm32f1xx_hal_pcd.c ****             {
2332:Drivers/STM32F1xx_HAL_Driver/Src/stm32f1xx_hal_pcd.c ****               /* read from endpoint BUF0Addr buffer */
2333:Drivers/STM32F1xx_HAL_Driver/Src/stm32f1xx_hal_pcd.c ****               count = (uint16_t)PCD_GET_EP_DBUF0_CNT(hpcd->Instance, ep->num);
2334:Drivers/STM32F1xx_HAL_Driver/Src/stm32f1xx_hal_pcd.c **** 
2335:Drivers/STM32F1xx_HAL_Driver/Src/stm32f1xx_hal_pcd.c ****               if (count != 0U)
2336:Drivers/STM32F1xx_HAL_Driver/Src/stm32f1xx_hal_pcd.c ****               {
2337:Drivers/STM32F1xx_HAL_Driver/Src/stm32f1xx_hal_pcd.c ****                 USB_ReadPMA(hpcd->Instance, ep->xfer_buff, ep->pmaaddr0, count);
2338:Drivers/STM32F1xx_HAL_Driver/Src/stm32f1xx_hal_pcd.c ****               }
2339:Drivers/STM32F1xx_HAL_Driver/Src/stm32f1xx_hal_pcd.c ****             }
2340:Drivers/STM32F1xx_HAL_Driver/Src/stm32f1xx_hal_pcd.c ****             else
2341:Drivers/STM32F1xx_HAL_Driver/Src/stm32f1xx_hal_pcd.c ****             {
2342:Drivers/STM32F1xx_HAL_Driver/Src/stm32f1xx_hal_pcd.c ****               /* read from endpoint BUF1Addr buffer */
2343:Drivers/STM32F1xx_HAL_Driver/Src/stm32f1xx_hal_pcd.c ****               count = (uint16_t)PCD_GET_EP_DBUF1_CNT(hpcd->Instance, ep->num);
2344:Drivers/STM32F1xx_HAL_Driver/Src/stm32f1xx_hal_pcd.c **** 
2345:Drivers/STM32F1xx_HAL_Driver/Src/stm32f1xx_hal_pcd.c ****               if (count != 0U)
2346:Drivers/STM32F1xx_HAL_Driver/Src/stm32f1xx_hal_pcd.c ****               {
2347:Drivers/STM32F1xx_HAL_Driver/Src/stm32f1xx_hal_pcd.c ****                 USB_ReadPMA(hpcd->Instance, ep->xfer_buff, ep->pmaaddr1, count);
2348:Drivers/STM32F1xx_HAL_Driver/Src/stm32f1xx_hal_pcd.c ****               }
2349:Drivers/STM32F1xx_HAL_Driver/Src/stm32f1xx_hal_pcd.c ****             }
2350:Drivers/STM32F1xx_HAL_Driver/Src/stm32f1xx_hal_pcd.c ****           }
2351:Drivers/STM32F1xx_HAL_Driver/Src/stm32f1xx_hal_pcd.c ****         }
2352:Drivers/STM32F1xx_HAL_Driver/Src/stm32f1xx_hal_pcd.c **** #endif /* (USE_USB_DOUBLE_BUFFER == 1U) */
2353:Drivers/STM32F1xx_HAL_Driver/Src/stm32f1xx_hal_pcd.c **** 
2354:Drivers/STM32F1xx_HAL_Driver/Src/stm32f1xx_hal_pcd.c ****         /* multi-packet on the NON control OUT endpoint */
2355:Drivers/STM32F1xx_HAL_Driver/Src/stm32f1xx_hal_pcd.c ****         ep->xfer_count += count;
2356:Drivers/STM32F1xx_HAL_Driver/Src/stm32f1xx_hal_pcd.c ****         ep->xfer_buff += count;
2357:Drivers/STM32F1xx_HAL_Driver/Src/stm32f1xx_hal_pcd.c **** 
2358:Drivers/STM32F1xx_HAL_Driver/Src/stm32f1xx_hal_pcd.c ****         if ((ep->xfer_len == 0U) || (count < ep->maxpacket))
2359:Drivers/STM32F1xx_HAL_Driver/Src/stm32f1xx_hal_pcd.c ****         {
2360:Drivers/STM32F1xx_HAL_Driver/Src/stm32f1xx_hal_pcd.c ****           /* RX COMPLETE */
2361:Drivers/STM32F1xx_HAL_Driver/Src/stm32f1xx_hal_pcd.c **** #if (USE_HAL_PCD_REGISTER_CALLBACKS == 1U)
2362:Drivers/STM32F1xx_HAL_Driver/Src/stm32f1xx_hal_pcd.c ****           hpcd->DataOutStageCallback(hpcd, ep->num);
2363:Drivers/STM32F1xx_HAL_Driver/Src/stm32f1xx_hal_pcd.c **** #else
2364:Drivers/STM32F1xx_HAL_Driver/Src/stm32f1xx_hal_pcd.c ****           HAL_PCD_DataOutStageCallback(hpcd, ep->num);
2365:Drivers/STM32F1xx_HAL_Driver/Src/stm32f1xx_hal_pcd.c **** #endif /* USE_HAL_PCD_REGISTER_CALLBACKS */
2366:Drivers/STM32F1xx_HAL_Driver/Src/stm32f1xx_hal_pcd.c ****         }
2367:Drivers/STM32F1xx_HAL_Driver/Src/stm32f1xx_hal_pcd.c ****         else
2368:Drivers/STM32F1xx_HAL_Driver/Src/stm32f1xx_hal_pcd.c ****         {
2369:Drivers/STM32F1xx_HAL_Driver/Src/stm32f1xx_hal_pcd.c ****           (void)USB_EPStartXfer(hpcd->Instance, ep);
ARM GAS  C:\Users\subdia\AppData\Local\Temp\cczK76oD.s 			page 43


2370:Drivers/STM32F1xx_HAL_Driver/Src/stm32f1xx_hal_pcd.c ****         }
2371:Drivers/STM32F1xx_HAL_Driver/Src/stm32f1xx_hal_pcd.c ****       }
2372:Drivers/STM32F1xx_HAL_Driver/Src/stm32f1xx_hal_pcd.c **** 
2373:Drivers/STM32F1xx_HAL_Driver/Src/stm32f1xx_hal_pcd.c ****       if ((wEPVal & USB_EP_CTR_TX) != 0U)
2374:Drivers/STM32F1xx_HAL_Driver/Src/stm32f1xx_hal_pcd.c ****       {
2375:Drivers/STM32F1xx_HAL_Driver/Src/stm32f1xx_hal_pcd.c ****         ep = &hpcd->IN_ep[epindex];
2376:Drivers/STM32F1xx_HAL_Driver/Src/stm32f1xx_hal_pcd.c **** 
2377:Drivers/STM32F1xx_HAL_Driver/Src/stm32f1xx_hal_pcd.c ****         /* clear int flag */
2378:Drivers/STM32F1xx_HAL_Driver/Src/stm32f1xx_hal_pcd.c ****         PCD_CLEAR_TX_EP_CTR(hpcd->Instance, epindex);
2379:Drivers/STM32F1xx_HAL_Driver/Src/stm32f1xx_hal_pcd.c **** 
2380:Drivers/STM32F1xx_HAL_Driver/Src/stm32f1xx_hal_pcd.c ****         if (ep->type == EP_TYPE_ISOC)
2381:Drivers/STM32F1xx_HAL_Driver/Src/stm32f1xx_hal_pcd.c ****         {
2382:Drivers/STM32F1xx_HAL_Driver/Src/stm32f1xx_hal_pcd.c ****           ep->xfer_len = 0U;
2383:Drivers/STM32F1xx_HAL_Driver/Src/stm32f1xx_hal_pcd.c **** 
2384:Drivers/STM32F1xx_HAL_Driver/Src/stm32f1xx_hal_pcd.c **** #if (USE_USB_DOUBLE_BUFFER == 1U)
2385:Drivers/STM32F1xx_HAL_Driver/Src/stm32f1xx_hal_pcd.c ****           if (ep->doublebuffer != 0U)
2386:Drivers/STM32F1xx_HAL_Driver/Src/stm32f1xx_hal_pcd.c ****           {
2387:Drivers/STM32F1xx_HAL_Driver/Src/stm32f1xx_hal_pcd.c ****             if ((wEPVal & USB_EP_DTOG_TX) != 0U)
2388:Drivers/STM32F1xx_HAL_Driver/Src/stm32f1xx_hal_pcd.c ****             {
2389:Drivers/STM32F1xx_HAL_Driver/Src/stm32f1xx_hal_pcd.c ****               PCD_SET_EP_DBUF0_CNT(hpcd->Instance, ep->num, ep->is_in, 0U);
2390:Drivers/STM32F1xx_HAL_Driver/Src/stm32f1xx_hal_pcd.c ****             }
2391:Drivers/STM32F1xx_HAL_Driver/Src/stm32f1xx_hal_pcd.c ****             else
2392:Drivers/STM32F1xx_HAL_Driver/Src/stm32f1xx_hal_pcd.c ****             {
2393:Drivers/STM32F1xx_HAL_Driver/Src/stm32f1xx_hal_pcd.c ****               PCD_SET_EP_DBUF1_CNT(hpcd->Instance, ep->num, ep->is_in, 0U);
2394:Drivers/STM32F1xx_HAL_Driver/Src/stm32f1xx_hal_pcd.c ****             }
2395:Drivers/STM32F1xx_HAL_Driver/Src/stm32f1xx_hal_pcd.c ****           }
2396:Drivers/STM32F1xx_HAL_Driver/Src/stm32f1xx_hal_pcd.c **** #endif /* (USE_USB_DOUBLE_BUFFER == 1U) */
2397:Drivers/STM32F1xx_HAL_Driver/Src/stm32f1xx_hal_pcd.c **** 
2398:Drivers/STM32F1xx_HAL_Driver/Src/stm32f1xx_hal_pcd.c ****           /* TX COMPLETE */
2399:Drivers/STM32F1xx_HAL_Driver/Src/stm32f1xx_hal_pcd.c **** #if (USE_HAL_PCD_REGISTER_CALLBACKS == 1U)
2400:Drivers/STM32F1xx_HAL_Driver/Src/stm32f1xx_hal_pcd.c ****           hpcd->DataInStageCallback(hpcd, ep->num);
2401:Drivers/STM32F1xx_HAL_Driver/Src/stm32f1xx_hal_pcd.c **** #else
2402:Drivers/STM32F1xx_HAL_Driver/Src/stm32f1xx_hal_pcd.c ****           HAL_PCD_DataInStageCallback(hpcd, ep->num);
2403:Drivers/STM32F1xx_HAL_Driver/Src/stm32f1xx_hal_pcd.c **** #endif /* USE_HAL_PCD_REGISTER_CALLBACKS */
2404:Drivers/STM32F1xx_HAL_Driver/Src/stm32f1xx_hal_pcd.c ****         }
2405:Drivers/STM32F1xx_HAL_Driver/Src/stm32f1xx_hal_pcd.c ****         else
2406:Drivers/STM32F1xx_HAL_Driver/Src/stm32f1xx_hal_pcd.c ****         {
2407:Drivers/STM32F1xx_HAL_Driver/Src/stm32f1xx_hal_pcd.c ****           /* Manage Single Buffer Transaction */
2408:Drivers/STM32F1xx_HAL_Driver/Src/stm32f1xx_hal_pcd.c ****           if ((wEPVal & USB_EP_KIND) == 0U)
2409:Drivers/STM32F1xx_HAL_Driver/Src/stm32f1xx_hal_pcd.c ****           {
2410:Drivers/STM32F1xx_HAL_Driver/Src/stm32f1xx_hal_pcd.c ****             /* multi-packet on the NON control IN endpoint */
2411:Drivers/STM32F1xx_HAL_Driver/Src/stm32f1xx_hal_pcd.c ****             TxPctSize = (uint16_t)PCD_GET_EP_TX_CNT(hpcd->Instance, ep->num);
2412:Drivers/STM32F1xx_HAL_Driver/Src/stm32f1xx_hal_pcd.c **** 
2413:Drivers/STM32F1xx_HAL_Driver/Src/stm32f1xx_hal_pcd.c ****             if (ep->xfer_len > TxPctSize)
2414:Drivers/STM32F1xx_HAL_Driver/Src/stm32f1xx_hal_pcd.c ****             {
2415:Drivers/STM32F1xx_HAL_Driver/Src/stm32f1xx_hal_pcd.c ****               ep->xfer_len -= TxPctSize;
2416:Drivers/STM32F1xx_HAL_Driver/Src/stm32f1xx_hal_pcd.c ****             }
2417:Drivers/STM32F1xx_HAL_Driver/Src/stm32f1xx_hal_pcd.c ****             else
2418:Drivers/STM32F1xx_HAL_Driver/Src/stm32f1xx_hal_pcd.c ****             {
2419:Drivers/STM32F1xx_HAL_Driver/Src/stm32f1xx_hal_pcd.c ****               ep->xfer_len = 0U;
2420:Drivers/STM32F1xx_HAL_Driver/Src/stm32f1xx_hal_pcd.c ****             }
2421:Drivers/STM32F1xx_HAL_Driver/Src/stm32f1xx_hal_pcd.c **** 
2422:Drivers/STM32F1xx_HAL_Driver/Src/stm32f1xx_hal_pcd.c ****             /* Zero Length Packet? */
2423:Drivers/STM32F1xx_HAL_Driver/Src/stm32f1xx_hal_pcd.c ****             if (ep->xfer_len == 0U)
2424:Drivers/STM32F1xx_HAL_Driver/Src/stm32f1xx_hal_pcd.c ****             {
2425:Drivers/STM32F1xx_HAL_Driver/Src/stm32f1xx_hal_pcd.c ****               /* TX COMPLETE */
2426:Drivers/STM32F1xx_HAL_Driver/Src/stm32f1xx_hal_pcd.c **** #if (USE_HAL_PCD_REGISTER_CALLBACKS == 1U)
ARM GAS  C:\Users\subdia\AppData\Local\Temp\cczK76oD.s 			page 44


2427:Drivers/STM32F1xx_HAL_Driver/Src/stm32f1xx_hal_pcd.c ****               hpcd->DataInStageCallback(hpcd, ep->num);
2428:Drivers/STM32F1xx_HAL_Driver/Src/stm32f1xx_hal_pcd.c **** #else
2429:Drivers/STM32F1xx_HAL_Driver/Src/stm32f1xx_hal_pcd.c ****               HAL_PCD_DataInStageCallback(hpcd, ep->num);
2430:Drivers/STM32F1xx_HAL_Driver/Src/stm32f1xx_hal_pcd.c **** #endif /* USE_HAL_PCD_REGISTER_CALLBACKS */
2431:Drivers/STM32F1xx_HAL_Driver/Src/stm32f1xx_hal_pcd.c ****             }
2432:Drivers/STM32F1xx_HAL_Driver/Src/stm32f1xx_hal_pcd.c ****             else
2433:Drivers/STM32F1xx_HAL_Driver/Src/stm32f1xx_hal_pcd.c ****             {
2434:Drivers/STM32F1xx_HAL_Driver/Src/stm32f1xx_hal_pcd.c ****               /* Transfer is not yet Done */
2435:Drivers/STM32F1xx_HAL_Driver/Src/stm32f1xx_hal_pcd.c ****               ep->xfer_buff += TxPctSize;
2436:Drivers/STM32F1xx_HAL_Driver/Src/stm32f1xx_hal_pcd.c ****               ep->xfer_count += TxPctSize;
2437:Drivers/STM32F1xx_HAL_Driver/Src/stm32f1xx_hal_pcd.c ****               (void)USB_EPStartXfer(hpcd->Instance, ep);
2438:Drivers/STM32F1xx_HAL_Driver/Src/stm32f1xx_hal_pcd.c ****             }
2439:Drivers/STM32F1xx_HAL_Driver/Src/stm32f1xx_hal_pcd.c ****           }
2440:Drivers/STM32F1xx_HAL_Driver/Src/stm32f1xx_hal_pcd.c **** #if (USE_USB_DOUBLE_BUFFER == 1U)
2441:Drivers/STM32F1xx_HAL_Driver/Src/stm32f1xx_hal_pcd.c ****           /* Double Buffer bulk IN (bulk transfer Len > Ep_Mps) */
2442:Drivers/STM32F1xx_HAL_Driver/Src/stm32f1xx_hal_pcd.c ****           else
2443:Drivers/STM32F1xx_HAL_Driver/Src/stm32f1xx_hal_pcd.c ****           {
2444:Drivers/STM32F1xx_HAL_Driver/Src/stm32f1xx_hal_pcd.c ****             (void)HAL_PCD_EP_DB_Transmit(hpcd, ep, wEPVal);
2445:Drivers/STM32F1xx_HAL_Driver/Src/stm32f1xx_hal_pcd.c ****           }
2446:Drivers/STM32F1xx_HAL_Driver/Src/stm32f1xx_hal_pcd.c **** #endif /* (USE_USB_DOUBLE_BUFFER == 1U) */
2447:Drivers/STM32F1xx_HAL_Driver/Src/stm32f1xx_hal_pcd.c ****         }
2448:Drivers/STM32F1xx_HAL_Driver/Src/stm32f1xx_hal_pcd.c ****       }
2449:Drivers/STM32F1xx_HAL_Driver/Src/stm32f1xx_hal_pcd.c ****     }
2450:Drivers/STM32F1xx_HAL_Driver/Src/stm32f1xx_hal_pcd.c ****   }
2451:Drivers/STM32F1xx_HAL_Driver/Src/stm32f1xx_hal_pcd.c **** 
2452:Drivers/STM32F1xx_HAL_Driver/Src/stm32f1xx_hal_pcd.c ****   return HAL_OK;
2453:Drivers/STM32F1xx_HAL_Driver/Src/stm32f1xx_hal_pcd.c **** }
2454:Drivers/STM32F1xx_HAL_Driver/Src/stm32f1xx_hal_pcd.c **** 
2455:Drivers/STM32F1xx_HAL_Driver/Src/stm32f1xx_hal_pcd.c **** 
2456:Drivers/STM32F1xx_HAL_Driver/Src/stm32f1xx_hal_pcd.c **** #if (USE_USB_DOUBLE_BUFFER == 1U)
2457:Drivers/STM32F1xx_HAL_Driver/Src/stm32f1xx_hal_pcd.c **** /**
2458:Drivers/STM32F1xx_HAL_Driver/Src/stm32f1xx_hal_pcd.c ****   * @brief  Manage double buffer bulk out transaction from ISR
2459:Drivers/STM32F1xx_HAL_Driver/Src/stm32f1xx_hal_pcd.c ****   * @param  hpcd PCD handle
2460:Drivers/STM32F1xx_HAL_Driver/Src/stm32f1xx_hal_pcd.c ****   * @param  ep current endpoint handle
2461:Drivers/STM32F1xx_HAL_Driver/Src/stm32f1xx_hal_pcd.c ****   * @param  wEPVal Last snapshot of EPRx register value taken in ISR
2462:Drivers/STM32F1xx_HAL_Driver/Src/stm32f1xx_hal_pcd.c ****   * @retval HAL status
2463:Drivers/STM32F1xx_HAL_Driver/Src/stm32f1xx_hal_pcd.c ****   */
2464:Drivers/STM32F1xx_HAL_Driver/Src/stm32f1xx_hal_pcd.c **** static uint16_t HAL_PCD_EP_DB_Receive(PCD_HandleTypeDef *hpcd,
2465:Drivers/STM32F1xx_HAL_Driver/Src/stm32f1xx_hal_pcd.c ****                                       PCD_EPTypeDef *ep, uint16_t wEPVal)
2466:Drivers/STM32F1xx_HAL_Driver/Src/stm32f1xx_hal_pcd.c **** {
  27              		.loc 1 2466 1 view -0
  28              		.cfi_startproc
  29              		@ args = 0, pretend = 0, frame = 0
  30              		@ frame_needed = 0, uses_anonymous_args = 0
  31              		.loc 1 2466 1 is_stmt 0 view .LVU1
  32 0000 10B5     		push	{r4, lr}
  33              	.LCFI0:
  34              		.cfi_def_cfa_offset 8
  35              		.cfi_offset 4, -8
  36              		.cfi_offset 14, -4
2467:Drivers/STM32F1xx_HAL_Driver/Src/stm32f1xx_hal_pcd.c ****   uint16_t count;
  37              		.loc 1 2467 3 is_stmt 1 view .LVU2
2468:Drivers/STM32F1xx_HAL_Driver/Src/stm32f1xx_hal_pcd.c **** 
2469:Drivers/STM32F1xx_HAL_Driver/Src/stm32f1xx_hal_pcd.c ****   /* Manage Buffer0 OUT */
2470:Drivers/STM32F1xx_HAL_Driver/Src/stm32f1xx_hal_pcd.c ****   if ((wEPVal & USB_EP_DTOG_RX) != 0U)
  38              		.loc 1 2470 3 view .LVU3
  39              		.loc 1 2470 6 is_stmt 0 view .LVU4
ARM GAS  C:\Users\subdia\AppData\Local\Temp\cczK76oD.s 			page 45


  40 0002 12F4804F 		tst	r2, #16384
  41 0006 46D0     		beq	.L2
2471:Drivers/STM32F1xx_HAL_Driver/Src/stm32f1xx_hal_pcd.c ****   {
2472:Drivers/STM32F1xx_HAL_Driver/Src/stm32f1xx_hal_pcd.c ****     /* Get count of received Data on buffer0 */
2473:Drivers/STM32F1xx_HAL_Driver/Src/stm32f1xx_hal_pcd.c ****     count = (uint16_t)PCD_GET_EP_DBUF0_CNT(hpcd->Instance, ep->num);
  42              		.loc 1 2473 5 is_stmt 1 view .LVU5
  43              		.loc 1 2473 23 is_stmt 0 view .LVU6
  44 0008 0468     		ldr	r4, [r0]
  45 000a B4F85030 		ldrh	r3, [r4, #80]
  46 000e 9BB2     		uxth	r3, r3
  47 0010 91F800C0 		ldrb	ip, [r1]	@ zero_extendqisi2
  48 0014 03EBCC03 		add	r3, r3, ip, lsl #3
  49 0018 0233     		adds	r3, r3, #2
  50 001a 04EB4304 		add	r4, r4, r3, lsl #1
  51 001e B4F80044 		ldrh	r4, [r4, #1024]
  52              		.loc 1 2473 11 view .LVU7
  53 0022 C4F30904 		ubfx	r4, r4, #0, #10
  54              	.LVL1:
2474:Drivers/STM32F1xx_HAL_Driver/Src/stm32f1xx_hal_pcd.c **** 
2475:Drivers/STM32F1xx_HAL_Driver/Src/stm32f1xx_hal_pcd.c ****     if (ep->xfer_len >= count)
  55              		.loc 1 2475 5 is_stmt 1 view .LVU8
  56              		.loc 1 2475 11 is_stmt 0 view .LVU9
  57 0026 8B69     		ldr	r3, [r1, #24]
  58              		.loc 1 2475 8 view .LVU10
  59 0028 A342     		cmp	r3, r4
  60 002a 2AD3     		bcc	.L3
2476:Drivers/STM32F1xx_HAL_Driver/Src/stm32f1xx_hal_pcd.c ****     {
2477:Drivers/STM32F1xx_HAL_Driver/Src/stm32f1xx_hal_pcd.c ****       ep->xfer_len -= count;
  61              		.loc 1 2477 7 is_stmt 1 view .LVU11
  62              		.loc 1 2477 20 is_stmt 0 view .LVU12
  63 002c 1B1B     		subs	r3, r3, r4
  64 002e 8B61     		str	r3, [r1, #24]
  65              	.L4:
2478:Drivers/STM32F1xx_HAL_Driver/Src/stm32f1xx_hal_pcd.c ****     }
2479:Drivers/STM32F1xx_HAL_Driver/Src/stm32f1xx_hal_pcd.c ****     else
2480:Drivers/STM32F1xx_HAL_Driver/Src/stm32f1xx_hal_pcd.c ****     {
2481:Drivers/STM32F1xx_HAL_Driver/Src/stm32f1xx_hal_pcd.c ****       ep->xfer_len = 0U;
2482:Drivers/STM32F1xx_HAL_Driver/Src/stm32f1xx_hal_pcd.c ****     }
2483:Drivers/STM32F1xx_HAL_Driver/Src/stm32f1xx_hal_pcd.c **** 
2484:Drivers/STM32F1xx_HAL_Driver/Src/stm32f1xx_hal_pcd.c ****     if (ep->xfer_len == 0U)
  66              		.loc 1 2484 5 is_stmt 1 view .LVU13
  67              		.loc 1 2484 11 is_stmt 0 view .LVU14
  68 0030 8B69     		ldr	r3, [r1, #24]
  69              		.loc 1 2484 8 view .LVU15
  70 0032 83B9     		cbnz	r3, .L5
2485:Drivers/STM32F1xx_HAL_Driver/Src/stm32f1xx_hal_pcd.c ****     {
2486:Drivers/STM32F1xx_HAL_Driver/Src/stm32f1xx_hal_pcd.c ****       /* set NAK to OUT endpoint since double buffer is enabled */
2487:Drivers/STM32F1xx_HAL_Driver/Src/stm32f1xx_hal_pcd.c ****       PCD_SET_EP_RX_STATUS(hpcd->Instance, ep->num, USB_EP_RX_NAK);
  71              		.loc 1 2487 7 is_stmt 1 view .LVU16
  72              	.LBB2:
  73              		.loc 1 2487 7 view .LVU17
  74              		.loc 1 2487 7 view .LVU18
  75 0034 D0F800E0 		ldr	lr, [r0]
  76 0038 3EF82C30 		ldrh	r3, [lr, ip, lsl #2]
  77 003c 9BB2     		uxth	r3, r3
  78 003e 23F48043 		bic	r3, r3, #16384
  79 0042 23F07003 		bic	r3, r3, #112
ARM GAS  C:\Users\subdia\AppData\Local\Temp\cczK76oD.s 			page 46


  80              	.LVL2:
  81              		.loc 1 2487 7 view .LVU19
  82              		.loc 1 2487 7 discriminator 3 view .LVU20
  83              		.loc 1 2487 7 discriminator 4 view .LVU21
  84 0046 83F40053 		eor	r3, r3, #8192
  85              	.LVL3:
  86              		.loc 1 2487 7 discriminator 6 view .LVU22
  87 004a 43F40043 		orr	r3, r3, #32768
  88              	.LVL4:
  89              		.loc 1 2487 7 is_stmt 0 discriminator 6 view .LVU23
  90 004e 43F08003 		orr	r3, r3, #128
  91 0052 2EF82C30 		strh	r3, [lr, ip, lsl #2]	@ movhi
  92              	.LVL5:
  93              	.L5:
  94              		.loc 1 2487 7 discriminator 6 view .LVU24
  95              	.LBE2:
  96              		.loc 1 2487 7 is_stmt 1 view .LVU25
2488:Drivers/STM32F1xx_HAL_Driver/Src/stm32f1xx_hal_pcd.c ****     }
2489:Drivers/STM32F1xx_HAL_Driver/Src/stm32f1xx_hal_pcd.c **** 
2490:Drivers/STM32F1xx_HAL_Driver/Src/stm32f1xx_hal_pcd.c ****     /* Check if Buffer1 is in blocked state which requires to toggle */
2491:Drivers/STM32F1xx_HAL_Driver/Src/stm32f1xx_hal_pcd.c ****     if ((wEPVal & USB_EP_DTOG_TX) != 0U)
  97              		.loc 1 2491 5 view .LVU26
  98              		.loc 1 2491 8 is_stmt 0 view .LVU27
  99 0056 12F0400F 		tst	r2, #64
 100 005a 0FD0     		beq	.L6
2492:Drivers/STM32F1xx_HAL_Driver/Src/stm32f1xx_hal_pcd.c ****     {
2493:Drivers/STM32F1xx_HAL_Driver/Src/stm32f1xx_hal_pcd.c ****       PCD_FREE_USER_BUFFER(hpcd->Instance, ep->num, 0U);
 101              		.loc 1 2493 7 is_stmt 1 view .LVU28
 102              		.loc 1 2493 7 view .LVU29
 103              		.loc 1 2493 7 discriminator 1 view .LVU30
 104              	.LBB3:
 105              		.loc 1 2493 7 discriminator 1 view .LVU31
 106              		.loc 1 2493 7 discriminator 1 view .LVU32
 107 005c 0268     		ldr	r2, [r0]
 108              	.LVL6:
 109              		.loc 1 2493 7 is_stmt 0 discriminator 1 view .LVU33
 110 005e 91F800C0 		ldrb	ip, [r1]	@ zero_extendqisi2
 111 0062 32F82C30 		ldrh	r3, [r2, ip, lsl #2]
 112 0066 9BB2     		uxth	r3, r3
 113 0068 23F4E043 		bic	r3, r3, #28672
 114 006c 23F07003 		bic	r3, r3, #112
 115              	.LVL7:
 116              		.loc 1 2493 7 is_stmt 1 view .LVU34
 117              		.loc 1 2493 7 is_stmt 0 discriminator 1 view .LVU35
 118 0070 43F40043 		orr	r3, r3, #32768
 119              	.LVL8:
 120              		.loc 1 2493 7 discriminator 1 view .LVU36
 121 0074 43F0C003 		orr	r3, r3, #192
 122 0078 22F82C30 		strh	r3, [r2, ip, lsl #2]	@ movhi
 123              	.LBE3:
 124              		.loc 1 2493 7 is_stmt 1 view .LVU37
 125              	.LVL9:
 126              	.L6:
 127              		.loc 1 2493 7 view .LVU38
 128              		.loc 1 2493 7 view .LVU39
2494:Drivers/STM32F1xx_HAL_Driver/Src/stm32f1xx_hal_pcd.c ****     }
2495:Drivers/STM32F1xx_HAL_Driver/Src/stm32f1xx_hal_pcd.c **** 
ARM GAS  C:\Users\subdia\AppData\Local\Temp\cczK76oD.s 			page 47


2496:Drivers/STM32F1xx_HAL_Driver/Src/stm32f1xx_hal_pcd.c ****     if (count != 0U)
 129              		.loc 1 2496 5 view .LVU40
 130              		.loc 1 2496 8 is_stmt 0 view .LVU41
 131 007c 24B9     		cbnz	r4, .L13
 132              	.LVL10:
 133              	.L7:
2497:Drivers/STM32F1xx_HAL_Driver/Src/stm32f1xx_hal_pcd.c ****     {
2498:Drivers/STM32F1xx_HAL_Driver/Src/stm32f1xx_hal_pcd.c ****       USB_ReadPMA(hpcd->Instance, ep->xfer_buff, ep->pmaaddr0, count);
2499:Drivers/STM32F1xx_HAL_Driver/Src/stm32f1xx_hal_pcd.c ****     }
2500:Drivers/STM32F1xx_HAL_Driver/Src/stm32f1xx_hal_pcd.c ****   }
2501:Drivers/STM32F1xx_HAL_Driver/Src/stm32f1xx_hal_pcd.c ****   /* Manage Buffer 1 DTOG_RX=0 */
2502:Drivers/STM32F1xx_HAL_Driver/Src/stm32f1xx_hal_pcd.c ****   else
2503:Drivers/STM32F1xx_HAL_Driver/Src/stm32f1xx_hal_pcd.c ****   {
2504:Drivers/STM32F1xx_HAL_Driver/Src/stm32f1xx_hal_pcd.c ****     /* Get count of received data */
2505:Drivers/STM32F1xx_HAL_Driver/Src/stm32f1xx_hal_pcd.c ****     count = (uint16_t)PCD_GET_EP_DBUF1_CNT(hpcd->Instance, ep->num);
2506:Drivers/STM32F1xx_HAL_Driver/Src/stm32f1xx_hal_pcd.c **** 
2507:Drivers/STM32F1xx_HAL_Driver/Src/stm32f1xx_hal_pcd.c ****     if (ep->xfer_len >= count)
2508:Drivers/STM32F1xx_HAL_Driver/Src/stm32f1xx_hal_pcd.c ****     {
2509:Drivers/STM32F1xx_HAL_Driver/Src/stm32f1xx_hal_pcd.c ****       ep->xfer_len -= count;
2510:Drivers/STM32F1xx_HAL_Driver/Src/stm32f1xx_hal_pcd.c ****     }
2511:Drivers/STM32F1xx_HAL_Driver/Src/stm32f1xx_hal_pcd.c ****     else
2512:Drivers/STM32F1xx_HAL_Driver/Src/stm32f1xx_hal_pcd.c ****     {
2513:Drivers/STM32F1xx_HAL_Driver/Src/stm32f1xx_hal_pcd.c ****       ep->xfer_len = 0U;
2514:Drivers/STM32F1xx_HAL_Driver/Src/stm32f1xx_hal_pcd.c ****     }
2515:Drivers/STM32F1xx_HAL_Driver/Src/stm32f1xx_hal_pcd.c **** 
2516:Drivers/STM32F1xx_HAL_Driver/Src/stm32f1xx_hal_pcd.c ****     if (ep->xfer_len == 0U)
2517:Drivers/STM32F1xx_HAL_Driver/Src/stm32f1xx_hal_pcd.c ****     {
2518:Drivers/STM32F1xx_HAL_Driver/Src/stm32f1xx_hal_pcd.c ****       /* set NAK on the current endpoint */
2519:Drivers/STM32F1xx_HAL_Driver/Src/stm32f1xx_hal_pcd.c ****       PCD_SET_EP_RX_STATUS(hpcd->Instance, ep->num, USB_EP_RX_NAK);
2520:Drivers/STM32F1xx_HAL_Driver/Src/stm32f1xx_hal_pcd.c ****     }
2521:Drivers/STM32F1xx_HAL_Driver/Src/stm32f1xx_hal_pcd.c **** 
2522:Drivers/STM32F1xx_HAL_Driver/Src/stm32f1xx_hal_pcd.c ****     /*Need to FreeUser Buffer*/
2523:Drivers/STM32F1xx_HAL_Driver/Src/stm32f1xx_hal_pcd.c ****     if ((wEPVal & USB_EP_DTOG_TX) == 0U)
2524:Drivers/STM32F1xx_HAL_Driver/Src/stm32f1xx_hal_pcd.c ****     {
2525:Drivers/STM32F1xx_HAL_Driver/Src/stm32f1xx_hal_pcd.c ****       PCD_FREE_USER_BUFFER(hpcd->Instance, ep->num, 0U);
2526:Drivers/STM32F1xx_HAL_Driver/Src/stm32f1xx_hal_pcd.c ****     }
2527:Drivers/STM32F1xx_HAL_Driver/Src/stm32f1xx_hal_pcd.c **** 
2528:Drivers/STM32F1xx_HAL_Driver/Src/stm32f1xx_hal_pcd.c ****     if (count != 0U)
2529:Drivers/STM32F1xx_HAL_Driver/Src/stm32f1xx_hal_pcd.c ****     {
2530:Drivers/STM32F1xx_HAL_Driver/Src/stm32f1xx_hal_pcd.c ****       USB_ReadPMA(hpcd->Instance, ep->xfer_buff, ep->pmaaddr1, count);
2531:Drivers/STM32F1xx_HAL_Driver/Src/stm32f1xx_hal_pcd.c ****     }
2532:Drivers/STM32F1xx_HAL_Driver/Src/stm32f1xx_hal_pcd.c ****   }
2533:Drivers/STM32F1xx_HAL_Driver/Src/stm32f1xx_hal_pcd.c **** 
2534:Drivers/STM32F1xx_HAL_Driver/Src/stm32f1xx_hal_pcd.c ****   return count;
 134              		.loc 1 2534 3 is_stmt 1 view .LVU42
2535:Drivers/STM32F1xx_HAL_Driver/Src/stm32f1xx_hal_pcd.c **** }
 135              		.loc 1 2535 1 is_stmt 0 view .LVU43
 136 007e 2046     		mov	r0, r4
 137 0080 10BD     		pop	{r4, pc}
 138              	.LVL11:
 139              	.L3:
2481:Drivers/STM32F1xx_HAL_Driver/Src/stm32f1xx_hal_pcd.c ****     }
 140              		.loc 1 2481 7 is_stmt 1 view .LVU44
2481:Drivers/STM32F1xx_HAL_Driver/Src/stm32f1xx_hal_pcd.c ****     }
 141              		.loc 1 2481 20 is_stmt 0 view .LVU45
 142 0082 0023     		movs	r3, #0
 143 0084 8B61     		str	r3, [r1, #24]
ARM GAS  C:\Users\subdia\AppData\Local\Temp\cczK76oD.s 			page 48


 144 0086 D3E7     		b	.L4
 145              	.LVL12:
 146              	.L13:
2498:Drivers/STM32F1xx_HAL_Driver/Src/stm32f1xx_hal_pcd.c ****     }
 147              		.loc 1 2498 7 is_stmt 1 view .LVU46
 148 0088 2346     		mov	r3, r4
 149 008a 0A89     		ldrh	r2, [r1, #8]
 150 008c 4969     		ldr	r1, [r1, #20]
 151              	.LVL13:
2498:Drivers/STM32F1xx_HAL_Driver/Src/stm32f1xx_hal_pcd.c ****     }
 152              		.loc 1 2498 7 is_stmt 0 view .LVU47
 153 008e 0068     		ldr	r0, [r0]
 154              	.LVL14:
2498:Drivers/STM32F1xx_HAL_Driver/Src/stm32f1xx_hal_pcd.c ****     }
 155              		.loc 1 2498 7 view .LVU48
 156 0090 FFF7FEFF 		bl	USB_ReadPMA
 157              	.LVL15:
 158 0094 F3E7     		b	.L7
 159              	.LVL16:
 160              	.L2:
2505:Drivers/STM32F1xx_HAL_Driver/Src/stm32f1xx_hal_pcd.c **** 
 161              		.loc 1 2505 5 is_stmt 1 view .LVU49
2505:Drivers/STM32F1xx_HAL_Driver/Src/stm32f1xx_hal_pcd.c **** 
 162              		.loc 1 2505 23 is_stmt 0 view .LVU50
 163 0096 0468     		ldr	r4, [r0]
 164 0098 B4F85030 		ldrh	r3, [r4, #80]
 165 009c 9BB2     		uxth	r3, r3
 166 009e 91F800C0 		ldrb	ip, [r1]	@ zero_extendqisi2
 167 00a2 03EBCC03 		add	r3, r3, ip, lsl #3
 168 00a6 0633     		adds	r3, r3, #6
 169 00a8 04EB4304 		add	r4, r4, r3, lsl #1
 170 00ac B4F80044 		ldrh	r4, [r4, #1024]
2505:Drivers/STM32F1xx_HAL_Driver/Src/stm32f1xx_hal_pcd.c **** 
 171              		.loc 1 2505 11 view .LVU51
 172 00b0 C4F30904 		ubfx	r4, r4, #0, #10
 173              	.LVL17:
2507:Drivers/STM32F1xx_HAL_Driver/Src/stm32f1xx_hal_pcd.c ****     {
 174              		.loc 1 2507 5 is_stmt 1 view .LVU52
2507:Drivers/STM32F1xx_HAL_Driver/Src/stm32f1xx_hal_pcd.c ****     {
 175              		.loc 1 2507 11 is_stmt 0 view .LVU53
 176 00b4 8B69     		ldr	r3, [r1, #24]
2507:Drivers/STM32F1xx_HAL_Driver/Src/stm32f1xx_hal_pcd.c ****     {
 177              		.loc 1 2507 8 view .LVU54
 178 00b6 A342     		cmp	r3, r4
 179 00b8 30D3     		bcc	.L8
2509:Drivers/STM32F1xx_HAL_Driver/Src/stm32f1xx_hal_pcd.c ****     }
 180              		.loc 1 2509 7 is_stmt 1 view .LVU55
2509:Drivers/STM32F1xx_HAL_Driver/Src/stm32f1xx_hal_pcd.c ****     }
 181              		.loc 1 2509 20 is_stmt 0 view .LVU56
 182 00ba 1B1B     		subs	r3, r3, r4
 183 00bc 8B61     		str	r3, [r1, #24]
 184              	.L9:
2516:Drivers/STM32F1xx_HAL_Driver/Src/stm32f1xx_hal_pcd.c ****     {
 185              		.loc 1 2516 5 is_stmt 1 view .LVU57
2516:Drivers/STM32F1xx_HAL_Driver/Src/stm32f1xx_hal_pcd.c ****     {
 186              		.loc 1 2516 11 is_stmt 0 view .LVU58
 187 00be 8B69     		ldr	r3, [r1, #24]
ARM GAS  C:\Users\subdia\AppData\Local\Temp\cczK76oD.s 			page 49


2516:Drivers/STM32F1xx_HAL_Driver/Src/stm32f1xx_hal_pcd.c ****     {
 188              		.loc 1 2516 8 view .LVU59
 189 00c0 83B9     		cbnz	r3, .L10
2519:Drivers/STM32F1xx_HAL_Driver/Src/stm32f1xx_hal_pcd.c ****     }
 190              		.loc 1 2519 7 is_stmt 1 view .LVU60
 191              	.LBB4:
2519:Drivers/STM32F1xx_HAL_Driver/Src/stm32f1xx_hal_pcd.c ****     }
 192              		.loc 1 2519 7 view .LVU61
2519:Drivers/STM32F1xx_HAL_Driver/Src/stm32f1xx_hal_pcd.c ****     }
 193              		.loc 1 2519 7 view .LVU62
 194 00c2 D0F800E0 		ldr	lr, [r0]
 195 00c6 3EF82C30 		ldrh	r3, [lr, ip, lsl #2]
 196 00ca 9BB2     		uxth	r3, r3
 197 00cc 23F48043 		bic	r3, r3, #16384
 198 00d0 23F07003 		bic	r3, r3, #112
 199              	.LVL18:
2519:Drivers/STM32F1xx_HAL_Driver/Src/stm32f1xx_hal_pcd.c ****     }
 200              		.loc 1 2519 7 view .LVU63
2519:Drivers/STM32F1xx_HAL_Driver/Src/stm32f1xx_hal_pcd.c ****     }
 201              		.loc 1 2519 7 discriminator 3 view .LVU64
2519:Drivers/STM32F1xx_HAL_Driver/Src/stm32f1xx_hal_pcd.c ****     }
 202              		.loc 1 2519 7 discriminator 4 view .LVU65
 203 00d4 83F40053 		eor	r3, r3, #8192
 204              	.LVL19:
2519:Drivers/STM32F1xx_HAL_Driver/Src/stm32f1xx_hal_pcd.c ****     }
 205              		.loc 1 2519 7 discriminator 6 view .LVU66
 206 00d8 43F40043 		orr	r3, r3, #32768
 207              	.LVL20:
2519:Drivers/STM32F1xx_HAL_Driver/Src/stm32f1xx_hal_pcd.c ****     }
 208              		.loc 1 2519 7 is_stmt 0 discriminator 6 view .LVU67
 209 00dc 43F08003 		orr	r3, r3, #128
 210 00e0 2EF82C30 		strh	r3, [lr, ip, lsl #2]	@ movhi
 211              	.LVL21:
 212              	.L10:
2519:Drivers/STM32F1xx_HAL_Driver/Src/stm32f1xx_hal_pcd.c ****     }
 213              		.loc 1 2519 7 discriminator 6 view .LVU68
 214              	.LBE4:
2519:Drivers/STM32F1xx_HAL_Driver/Src/stm32f1xx_hal_pcd.c ****     }
 215              		.loc 1 2519 7 is_stmt 1 view .LVU69
2523:Drivers/STM32F1xx_HAL_Driver/Src/stm32f1xx_hal_pcd.c ****     {
 216              		.loc 1 2523 5 view .LVU70
2523:Drivers/STM32F1xx_HAL_Driver/Src/stm32f1xx_hal_pcd.c ****     {
 217              		.loc 1 2523 8 is_stmt 0 view .LVU71
 218 00e4 12F0400F 		tst	r2, #64
 219 00e8 0FD1     		bne	.L11
2525:Drivers/STM32F1xx_HAL_Driver/Src/stm32f1xx_hal_pcd.c ****     }
 220              		.loc 1 2525 7 is_stmt 1 view .LVU72
2525:Drivers/STM32F1xx_HAL_Driver/Src/stm32f1xx_hal_pcd.c ****     }
 221              		.loc 1 2525 7 view .LVU73
2525:Drivers/STM32F1xx_HAL_Driver/Src/stm32f1xx_hal_pcd.c ****     }
 222              		.loc 1 2525 7 discriminator 1 view .LVU74
 223              	.LBB5:
2525:Drivers/STM32F1xx_HAL_Driver/Src/stm32f1xx_hal_pcd.c ****     }
 224              		.loc 1 2525 7 discriminator 1 view .LVU75
2525:Drivers/STM32F1xx_HAL_Driver/Src/stm32f1xx_hal_pcd.c ****     }
 225              		.loc 1 2525 7 discriminator 1 view .LVU76
 226 00ea 0268     		ldr	r2, [r0]
ARM GAS  C:\Users\subdia\AppData\Local\Temp\cczK76oD.s 			page 50


 227              	.LVL22:
2525:Drivers/STM32F1xx_HAL_Driver/Src/stm32f1xx_hal_pcd.c ****     }
 228              		.loc 1 2525 7 is_stmt 0 discriminator 1 view .LVU77
 229 00ec 91F800C0 		ldrb	ip, [r1]	@ zero_extendqisi2
 230 00f0 32F82C30 		ldrh	r3, [r2, ip, lsl #2]
 231 00f4 9BB2     		uxth	r3, r3
 232 00f6 23F4E043 		bic	r3, r3, #28672
 233 00fa 23F07003 		bic	r3, r3, #112
 234              	.LVL23:
2525:Drivers/STM32F1xx_HAL_Driver/Src/stm32f1xx_hal_pcd.c ****     }
 235              		.loc 1 2525 7 is_stmt 1 view .LVU78
2525:Drivers/STM32F1xx_HAL_Driver/Src/stm32f1xx_hal_pcd.c ****     }
 236              		.loc 1 2525 7 is_stmt 0 discriminator 1 view .LVU79
 237 00fe 43F40043 		orr	r3, r3, #32768
 238              	.LVL24:
2525:Drivers/STM32F1xx_HAL_Driver/Src/stm32f1xx_hal_pcd.c ****     }
 239              		.loc 1 2525 7 discriminator 1 view .LVU80
 240 0102 43F0C003 		orr	r3, r3, #192
 241 0106 22F82C30 		strh	r3, [r2, ip, lsl #2]	@ movhi
 242              	.LBE5:
2525:Drivers/STM32F1xx_HAL_Driver/Src/stm32f1xx_hal_pcd.c ****     }
 243              		.loc 1 2525 7 is_stmt 1 view .LVU81
 244              	.LVL25:
 245              	.L11:
2525:Drivers/STM32F1xx_HAL_Driver/Src/stm32f1xx_hal_pcd.c ****     }
 246              		.loc 1 2525 7 view .LVU82
2525:Drivers/STM32F1xx_HAL_Driver/Src/stm32f1xx_hal_pcd.c ****     }
 247              		.loc 1 2525 7 view .LVU83
2528:Drivers/STM32F1xx_HAL_Driver/Src/stm32f1xx_hal_pcd.c ****     {
 248              		.loc 1 2528 5 view .LVU84
2528:Drivers/STM32F1xx_HAL_Driver/Src/stm32f1xx_hal_pcd.c ****     {
 249              		.loc 1 2528 8 is_stmt 0 view .LVU85
 250 010a 002C     		cmp	r4, #0
 251 010c B7D0     		beq	.L7
2530:Drivers/STM32F1xx_HAL_Driver/Src/stm32f1xx_hal_pcd.c ****     }
 252              		.loc 1 2530 7 is_stmt 1 view .LVU86
 253 010e 2346     		mov	r3, r4
 254 0110 4A89     		ldrh	r2, [r1, #10]
 255 0112 4969     		ldr	r1, [r1, #20]
 256              	.LVL26:
2530:Drivers/STM32F1xx_HAL_Driver/Src/stm32f1xx_hal_pcd.c ****     }
 257              		.loc 1 2530 7 is_stmt 0 view .LVU87
 258 0114 0068     		ldr	r0, [r0]
 259              	.LVL27:
2530:Drivers/STM32F1xx_HAL_Driver/Src/stm32f1xx_hal_pcd.c ****     }
 260              		.loc 1 2530 7 view .LVU88
 261 0116 FFF7FEFF 		bl	USB_ReadPMA
 262              	.LVL28:
 263 011a B0E7     		b	.L7
 264              	.LVL29:
 265              	.L8:
2513:Drivers/STM32F1xx_HAL_Driver/Src/stm32f1xx_hal_pcd.c ****     }
 266              		.loc 1 2513 7 is_stmt 1 view .LVU89
2513:Drivers/STM32F1xx_HAL_Driver/Src/stm32f1xx_hal_pcd.c ****     }
 267              		.loc 1 2513 20 is_stmt 0 view .LVU90
 268 011c 0023     		movs	r3, #0
 269 011e 8B61     		str	r3, [r1, #24]
ARM GAS  C:\Users\subdia\AppData\Local\Temp\cczK76oD.s 			page 51


 270 0120 CDE7     		b	.L9
 271              		.cfi_endproc
 272              	.LFE100:
 274              		.section	.text.HAL_PCD_MspInit,"ax",%progbits
 275              		.align	1
 276              		.weak	HAL_PCD_MspInit
 277              		.syntax unified
 278              		.thumb
 279              		.thumb_func
 281              	HAL_PCD_MspInit:
 282              	.LVL30:
 283              	.LFB67:
 283:Drivers/STM32F1xx_HAL_Driver/Src/stm32f1xx_hal_pcd.c ****   /* Prevent unused argument(s) compilation warning */
 284              		.loc 1 283 1 is_stmt 1 view -0
 285              		.cfi_startproc
 286              		@ args = 0, pretend = 0, frame = 0
 287              		@ frame_needed = 0, uses_anonymous_args = 0
 288              		@ link register save eliminated.
 285:Drivers/STM32F1xx_HAL_Driver/Src/stm32f1xx_hal_pcd.c **** 
 289              		.loc 1 285 3 view .LVU92
 290:Drivers/STM32F1xx_HAL_Driver/Src/stm32f1xx_hal_pcd.c **** 
 290              		.loc 1 290 1 is_stmt 0 view .LVU93
 291 0000 7047     		bx	lr
 292              		.cfi_endproc
 293              	.LFE67:
 295              		.section	.text.HAL_PCD_Init,"ax",%progbits
 296              		.align	1
 297              		.global	HAL_PCD_Init
 298              		.syntax unified
 299              		.thumb
 300              		.thumb_func
 302              	HAL_PCD_Init:
 303              	.LVL31:
 304              	.LFB65:
 132:Drivers/STM32F1xx_HAL_Driver/Src/stm32f1xx_hal_pcd.c ****   uint8_t i;
 305              		.loc 1 132 1 is_stmt 1 view -0
 306              		.cfi_startproc
 307              		@ args = 0, pretend = 0, frame = 0
 308              		@ frame_needed = 0, uses_anonymous_args = 0
 132:Drivers/STM32F1xx_HAL_Driver/Src/stm32f1xx_hal_pcd.c ****   uint8_t i;
 309              		.loc 1 132 1 is_stmt 0 view .LVU95
 310 0000 38B5     		push	{r3, r4, r5, lr}
 311              	.LCFI1:
 312              		.cfi_def_cfa_offset 16
 313              		.cfi_offset 3, -16
 314              		.cfi_offset 4, -12
 315              		.cfi_offset 5, -8
 316              		.cfi_offset 14, -4
 133:Drivers/STM32F1xx_HAL_Driver/Src/stm32f1xx_hal_pcd.c **** 
 317              		.loc 1 133 3 is_stmt 1 view .LVU96
 136:Drivers/STM32F1xx_HAL_Driver/Src/stm32f1xx_hal_pcd.c ****   {
 318              		.loc 1 136 3 view .LVU97
 136:Drivers/STM32F1xx_HAL_Driver/Src/stm32f1xx_hal_pcd.c ****   {
 319              		.loc 1 136 6 is_stmt 0 view .LVU98
 320 0002 0028     		cmp	r0, #0
 321 0004 70D0     		beq	.L24
 322 0006 0446     		mov	r4, r0
ARM GAS  C:\Users\subdia\AppData\Local\Temp\cczK76oD.s 			page 52


 142:Drivers/STM32F1xx_HAL_Driver/Src/stm32f1xx_hal_pcd.c **** 
 323              		.loc 1 142 3 is_stmt 1 view .LVU99
 144:Drivers/STM32F1xx_HAL_Driver/Src/stm32f1xx_hal_pcd.c ****   {
 324              		.loc 1 144 3 view .LVU100
 144:Drivers/STM32F1xx_HAL_Driver/Src/stm32f1xx_hal_pcd.c ****   {
 325              		.loc 1 144 11 is_stmt 0 view .LVU101
 326 0008 90F89132 		ldrb	r3, [r0, #657]	@ zero_extendqisi2
 144:Drivers/STM32F1xx_HAL_Driver/Src/stm32f1xx_hal_pcd.c ****   {
 327              		.loc 1 144 6 view .LVU102
 328 000c ABB1     		cbz	r3, .L27
 329              	.LVL32:
 330              	.L17:
 175:Drivers/STM32F1xx_HAL_Driver/Src/stm32f1xx_hal_pcd.c **** 
 331              		.loc 1 175 3 is_stmt 1 view .LVU103
 175:Drivers/STM32F1xx_HAL_Driver/Src/stm32f1xx_hal_pcd.c **** 
 332              		.loc 1 175 15 is_stmt 0 view .LVU104
 333 000e 0323     		movs	r3, #3
 334 0010 84F89132 		strb	r3, [r4, #657]
 178:Drivers/STM32F1xx_HAL_Driver/Src/stm32f1xx_hal_pcd.c **** 
 335              		.loc 1 178 3 is_stmt 1 view .LVU105
 178:Drivers/STM32F1xx_HAL_Driver/Src/stm32f1xx_hal_pcd.c **** 
 336              		.loc 1 178 25 is_stmt 0 view .LVU106
 337 0014 0023     		movs	r3, #0
 338 0016 6371     		strb	r3, [r4, #5]
 181:Drivers/STM32F1xx_HAL_Driver/Src/stm32f1xx_hal_pcd.c **** 
 339              		.loc 1 181 3 is_stmt 1 view .LVU107
 340 0018 2068     		ldr	r0, [r4]
 341 001a FFF7FEFF 		bl	USB_DisableGlobalInt
 342              	.LVL33:
 184:Drivers/STM32F1xx_HAL_Driver/Src/stm32f1xx_hal_pcd.c ****   {
 343              		.loc 1 184 3 view .LVU108
 184:Drivers/STM32F1xx_HAL_Driver/Src/stm32f1xx_hal_pcd.c ****   {
 344              		.loc 1 184 24 is_stmt 0 view .LVU109
 345 001e 2346     		mov	r3, r4
 346 0020 53F8040B 		ldr	r0, [r3], #4
 184:Drivers/STM32F1xx_HAL_Driver/Src/stm32f1xx_hal_pcd.c ****   {
 347              		.loc 1 184 7 view .LVU110
 348 0024 0ECB     		ldm	r3, {r1, r2, r3}
 349 0026 FFF7FEFF 		bl	USB_CoreInit
 350              	.LVL34:
 184:Drivers/STM32F1xx_HAL_Driver/Src/stm32f1xx_hal_pcd.c ****   {
 351              		.loc 1 184 6 discriminator 1 view .LVU111
 352 002a 58B1     		cbz	r0, .L18
 186:Drivers/STM32F1xx_HAL_Driver/Src/stm32f1xx_hal_pcd.c ****     return HAL_ERROR;
 353              		.loc 1 186 5 is_stmt 1 view .LVU112
 186:Drivers/STM32F1xx_HAL_Driver/Src/stm32f1xx_hal_pcd.c ****     return HAL_ERROR;
 354              		.loc 1 186 17 is_stmt 0 view .LVU113
 355 002c 0223     		movs	r3, #2
 356 002e 84F89132 		strb	r3, [r4, #657]
 187:Drivers/STM32F1xx_HAL_Driver/Src/stm32f1xx_hal_pcd.c ****   }
 357              		.loc 1 187 5 is_stmt 1 view .LVU114
 187:Drivers/STM32F1xx_HAL_Driver/Src/stm32f1xx_hal_pcd.c ****   }
 358              		.loc 1 187 12 is_stmt 0 view .LVU115
 359 0032 0123     		movs	r3, #1
 360 0034 1D46     		mov	r5, r3
 361              	.LVL35:
 362              	.L16:
ARM GAS  C:\Users\subdia\AppData\Local\Temp\cczK76oD.s 			page 53


 236:Drivers/STM32F1xx_HAL_Driver/Src/stm32f1xx_hal_pcd.c **** 
 363              		.loc 1 236 1 view .LVU116
 364 0036 2846     		mov	r0, r5
 365 0038 38BD     		pop	{r3, r4, r5, pc}
 366              	.LVL36:
 367              	.L27:
 147:Drivers/STM32F1xx_HAL_Driver/Src/stm32f1xx_hal_pcd.c **** 
 368              		.loc 1 147 5 is_stmt 1 view .LVU117
 147:Drivers/STM32F1xx_HAL_Driver/Src/stm32f1xx_hal_pcd.c **** 
 369              		.loc 1 147 16 is_stmt 0 view .LVU118
 370 003a 80F89032 		strb	r3, [r0, #656]
 171:Drivers/STM32F1xx_HAL_Driver/Src/stm32f1xx_hal_pcd.c **** #endif /* (USE_HAL_PCD_REGISTER_CALLBACKS) */
 371              		.loc 1 171 5 is_stmt 1 view .LVU119
 372 003e FFF7FEFF 		bl	HAL_PCD_MspInit
 373              	.LVL37:
 171:Drivers/STM32F1xx_HAL_Driver/Src/stm32f1xx_hal_pcd.c **** #endif /* (USE_HAL_PCD_REGISTER_CALLBACKS) */
 374              		.loc 1 171 5 is_stmt 0 view .LVU120
 375 0042 E4E7     		b	.L17
 376              	.L18:
 191:Drivers/STM32F1xx_HAL_Driver/Src/stm32f1xx_hal_pcd.c ****   {
 377              		.loc 1 191 3 is_stmt 1 view .LVU121
 191:Drivers/STM32F1xx_HAL_Driver/Src/stm32f1xx_hal_pcd.c ****   {
 378              		.loc 1 191 7 is_stmt 0 view .LVU122
 379 0044 0146     		mov	r1, r0
 380 0046 2068     		ldr	r0, [r4]
 381 0048 FFF7FEFF 		bl	USB_SetCurrentMode
 382              	.LVL38:
 191:Drivers/STM32F1xx_HAL_Driver/Src/stm32f1xx_hal_pcd.c ****   {
 383              		.loc 1 191 6 discriminator 1 view .LVU123
 384 004c 0346     		mov	r3, r0
 385 004e A8B9     		cbnz	r0, .L28
 198:Drivers/STM32F1xx_HAL_Driver/Src/stm32f1xx_hal_pcd.c ****   {
 386              		.loc 1 198 10 view .LVU124
 387 0050 0246     		mov	r2, r0
 388              	.L19:
 389              	.LVL39:
 198:Drivers/STM32F1xx_HAL_Driver/Src/stm32f1xx_hal_pcd.c ****   {
 390              		.loc 1 198 18 is_stmt 1 discriminator 1 view .LVU125
 198:Drivers/STM32F1xx_HAL_Driver/Src/stm32f1xx_hal_pcd.c ****   {
 391              		.loc 1 198 30 is_stmt 0 discriminator 1 view .LVU126
 392 0052 2079     		ldrb	r0, [r4, #4]	@ zero_extendqisi2
 198:Drivers/STM32F1xx_HAL_Driver/Src/stm32f1xx_hal_pcd.c ****   {
 393              		.loc 1 198 18 discriminator 1 view .LVU127
 394 0054 9042     		cmp	r0, r2
 395 0056 17D9     		bls	.L21
 201:Drivers/STM32F1xx_HAL_Driver/Src/stm32f1xx_hal_pcd.c ****     hpcd->IN_ep[i].num = i;
 396              		.loc 1 201 5 is_stmt 1 view .LVU128
 201:Drivers/STM32F1xx_HAL_Driver/Src/stm32f1xx_hal_pcd.c ****     hpcd->IN_ep[i].num = i;
 397              		.loc 1 201 26 is_stmt 0 view .LVU129
 398 0058 02EB8201 		add	r1, r2, r2, lsl #2
 399 005c 04EBC101 		add	r1, r4, r1, lsl #3
 400 0060 0120     		movs	r0, #1
 401 0062 4874     		strb	r0, [r1, #17]
 202:Drivers/STM32F1xx_HAL_Driver/Src/stm32f1xx_hal_pcd.c **** #if defined (USB_OTG_FS)
 402              		.loc 1 202 5 is_stmt 1 view .LVU130
 202:Drivers/STM32F1xx_HAL_Driver/Src/stm32f1xx_hal_pcd.c **** #if defined (USB_OTG_FS)
 403              		.loc 1 202 24 is_stmt 0 view .LVU131
ARM GAS  C:\Users\subdia\AppData\Local\Temp\cczK76oD.s 			page 54


 404 0064 0A74     		strb	r2, [r1, #16]
 207:Drivers/STM32F1xx_HAL_Driver/Src/stm32f1xx_hal_pcd.c ****     hpcd->IN_ep[i].maxpacket = 0U;
 405              		.loc 1 207 5 is_stmt 1 view .LVU132
 207:Drivers/STM32F1xx_HAL_Driver/Src/stm32f1xx_hal_pcd.c ****     hpcd->IN_ep[i].maxpacket = 0U;
 406              		.loc 1 207 25 is_stmt 0 view .LVU133
 407 0066 0020     		movs	r0, #0
 408 0068 C874     		strb	r0, [r1, #19]
 208:Drivers/STM32F1xx_HAL_Driver/Src/stm32f1xx_hal_pcd.c ****     hpcd->IN_ep[i].xfer_buff = 0U;
 409              		.loc 1 208 5 is_stmt 1 view .LVU134
 208:Drivers/STM32F1xx_HAL_Driver/Src/stm32f1xx_hal_pcd.c ****     hpcd->IN_ep[i].xfer_buff = 0U;
 410              		.loc 1 208 30 is_stmt 0 view .LVU135
 411 006a 0862     		str	r0, [r1, #32]
 209:Drivers/STM32F1xx_HAL_Driver/Src/stm32f1xx_hal_pcd.c ****     hpcd->IN_ep[i].xfer_len = 0U;
 412              		.loc 1 209 5 is_stmt 1 view .LVU136
 209:Drivers/STM32F1xx_HAL_Driver/Src/stm32f1xx_hal_pcd.c ****     hpcd->IN_ep[i].xfer_len = 0U;
 413              		.loc 1 209 30 is_stmt 0 view .LVU137
 414 006c 4862     		str	r0, [r1, #36]
 210:Drivers/STM32F1xx_HAL_Driver/Src/stm32f1xx_hal_pcd.c ****   }
 415              		.loc 1 210 5 is_stmt 1 view .LVU138
 210:Drivers/STM32F1xx_HAL_Driver/Src/stm32f1xx_hal_pcd.c ****   }
 416              		.loc 1 210 29 is_stmt 0 view .LVU139
 417 006e 0132     		adds	r2, r2, #1
 418              	.LVL40:
 210:Drivers/STM32F1xx_HAL_Driver/Src/stm32f1xx_hal_pcd.c ****   }
 419              		.loc 1 210 29 view .LVU140
 420 0070 02EB8201 		add	r1, r2, r2, lsl #2
 421              	.LVL41:
 210:Drivers/STM32F1xx_HAL_Driver/Src/stm32f1xx_hal_pcd.c ****   }
 422              		.loc 1 210 29 view .LVU141
 423 0074 C900     		lsls	r1, r1, #3
 424 0076 6050     		str	r0, [r4, r1]
 425              	.LVL42:
 198:Drivers/STM32F1xx_HAL_Driver/Src/stm32f1xx_hal_pcd.c ****   {
 426              		.loc 1 198 47 is_stmt 1 discriminator 3 view .LVU142
 427 0078 D2B2     		uxtb	r2, r2
 428              	.LVL43:
 198:Drivers/STM32F1xx_HAL_Driver/Src/stm32f1xx_hal_pcd.c ****   {
 429              		.loc 1 198 47 is_stmt 0 discriminator 3 view .LVU143
 430 007a EAE7     		b	.L19
 431              	.LVL44:
 432              	.L28:
 193:Drivers/STM32F1xx_HAL_Driver/Src/stm32f1xx_hal_pcd.c ****     return HAL_ERROR;
 433              		.loc 1 193 5 is_stmt 1 view .LVU144
 193:Drivers/STM32F1xx_HAL_Driver/Src/stm32f1xx_hal_pcd.c ****     return HAL_ERROR;
 434              		.loc 1 193 17 is_stmt 0 view .LVU145
 435 007c 0223     		movs	r3, #2
 436 007e 84F89132 		strb	r3, [r4, #657]
 194:Drivers/STM32F1xx_HAL_Driver/Src/stm32f1xx_hal_pcd.c ****   }
 437              		.loc 1 194 5 is_stmt 1 view .LVU146
 194:Drivers/STM32F1xx_HAL_Driver/Src/stm32f1xx_hal_pcd.c ****   }
 438              		.loc 1 194 12 is_stmt 0 view .LVU147
 439 0082 0123     		movs	r3, #1
 440 0084 1D46     		mov	r5, r3
 441 0086 D6E7     		b	.L16
 442              	.L21:
 443              	.LVL45:
 213:Drivers/STM32F1xx_HAL_Driver/Src/stm32f1xx_hal_pcd.c ****   {
ARM GAS  C:\Users\subdia\AppData\Local\Temp\cczK76oD.s 			page 55


 444              		.loc 1 213 18 is_stmt 1 discriminator 1 view .LVU148
 445 0088 9842     		cmp	r0, r3
 446 008a 17D9     		bls	.L29
 215:Drivers/STM32F1xx_HAL_Driver/Src/stm32f1xx_hal_pcd.c ****     hpcd->OUT_ep[i].num = i;
 447              		.loc 1 215 5 view .LVU149
 215:Drivers/STM32F1xx_HAL_Driver/Src/stm32f1xx_hal_pcd.c ****     hpcd->OUT_ep[i].num = i;
 448              		.loc 1 215 27 is_stmt 0 view .LVU150
 449 008c 03EB8302 		add	r2, r3, r3, lsl #2
 450 0090 04EBC202 		add	r2, r4, r2, lsl #3
 451 0094 0021     		movs	r1, #0
 452 0096 82F85111 		strb	r1, [r2, #337]
 216:Drivers/STM32F1xx_HAL_Driver/Src/stm32f1xx_hal_pcd.c ****     /* Control until ep is activated */
 453              		.loc 1 216 5 is_stmt 1 view .LVU151
 216:Drivers/STM32F1xx_HAL_Driver/Src/stm32f1xx_hal_pcd.c ****     /* Control until ep is activated */
 454              		.loc 1 216 25 is_stmt 0 view .LVU152
 455 009a 82F85031 		strb	r3, [r2, #336]
 218:Drivers/STM32F1xx_HAL_Driver/Src/stm32f1xx_hal_pcd.c ****     hpcd->OUT_ep[i].maxpacket = 0U;
 456              		.loc 1 218 5 is_stmt 1 view .LVU153
 218:Drivers/STM32F1xx_HAL_Driver/Src/stm32f1xx_hal_pcd.c ****     hpcd->OUT_ep[i].maxpacket = 0U;
 457              		.loc 1 218 26 is_stmt 0 view .LVU154
 458 009e 82F85311 		strb	r1, [r2, #339]
 219:Drivers/STM32F1xx_HAL_Driver/Src/stm32f1xx_hal_pcd.c ****     hpcd->OUT_ep[i].xfer_buff = 0U;
 459              		.loc 1 219 5 is_stmt 1 view .LVU155
 219:Drivers/STM32F1xx_HAL_Driver/Src/stm32f1xx_hal_pcd.c ****     hpcd->OUT_ep[i].xfer_buff = 0U;
 460              		.loc 1 219 31 is_stmt 0 view .LVU156
 461 00a2 C2F86011 		str	r1, [r2, #352]
 220:Drivers/STM32F1xx_HAL_Driver/Src/stm32f1xx_hal_pcd.c ****     hpcd->OUT_ep[i].xfer_len = 0U;
 462              		.loc 1 220 5 is_stmt 1 view .LVU157
 220:Drivers/STM32F1xx_HAL_Driver/Src/stm32f1xx_hal_pcd.c ****     hpcd->OUT_ep[i].xfer_len = 0U;
 463              		.loc 1 220 31 is_stmt 0 view .LVU158
 464 00a6 C2F86411 		str	r1, [r2, #356]
 221:Drivers/STM32F1xx_HAL_Driver/Src/stm32f1xx_hal_pcd.c ****   }
 465              		.loc 1 221 5 is_stmt 1 view .LVU159
 221:Drivers/STM32F1xx_HAL_Driver/Src/stm32f1xx_hal_pcd.c ****   }
 466              		.loc 1 221 30 is_stmt 0 view .LVU160
 467 00aa 03EB8302 		add	r2, r3, r3, lsl #2
 468 00ae 04EBC202 		add	r2, r4, r2, lsl #3
 469 00b2 C2F86811 		str	r1, [r2, #360]
 213:Drivers/STM32F1xx_HAL_Driver/Src/stm32f1xx_hal_pcd.c ****   {
 470              		.loc 1 213 47 is_stmt 1 discriminator 3 view .LVU161
 471 00b6 0133     		adds	r3, r3, #1
 472              	.LVL46:
 213:Drivers/STM32F1xx_HAL_Driver/Src/stm32f1xx_hal_pcd.c ****   {
 473              		.loc 1 213 47 is_stmt 0 discriminator 3 view .LVU162
 474 00b8 DBB2     		uxtb	r3, r3
 475 00ba E5E7     		b	.L21
 476              	.LVL47:
 477              	.L29:
 225:Drivers/STM32F1xx_HAL_Driver/Src/stm32f1xx_hal_pcd.c ****   {
 478              		.loc 1 225 3 is_stmt 1 view .LVU163
 225:Drivers/STM32F1xx_HAL_Driver/Src/stm32f1xx_hal_pcd.c ****   {
 479              		.loc 1 225 23 is_stmt 0 view .LVU164
 480 00bc 2346     		mov	r3, r4
 481              	.LVL48:
 225:Drivers/STM32F1xx_HAL_Driver/Src/stm32f1xx_hal_pcd.c ****   {
 482              		.loc 1 225 23 view .LVU165
 483 00be 53F8040B 		ldr	r0, [r3], #4
ARM GAS  C:\Users\subdia\AppData\Local\Temp\cczK76oD.s 			page 56


 225:Drivers/STM32F1xx_HAL_Driver/Src/stm32f1xx_hal_pcd.c ****   {
 484              		.loc 1 225 7 view .LVU166
 485 00c2 0ECB     		ldm	r3, {r1, r2, r3}
 486 00c4 FFF7FEFF 		bl	USB_DevInit
 487              	.LVL49:
 225:Drivers/STM32F1xx_HAL_Driver/Src/stm32f1xx_hal_pcd.c ****   {
 488              		.loc 1 225 6 discriminator 1 view .LVU167
 489 00c8 0546     		mov	r5, r0
 490 00ca 28B1     		cbz	r0, .L23
 227:Drivers/STM32F1xx_HAL_Driver/Src/stm32f1xx_hal_pcd.c ****     return HAL_ERROR;
 491              		.loc 1 227 5 is_stmt 1 view .LVU168
 227:Drivers/STM32F1xx_HAL_Driver/Src/stm32f1xx_hal_pcd.c ****     return HAL_ERROR;
 492              		.loc 1 227 17 is_stmt 0 view .LVU169
 493 00cc 0223     		movs	r3, #2
 494 00ce 84F89132 		strb	r3, [r4, #657]
 228:Drivers/STM32F1xx_HAL_Driver/Src/stm32f1xx_hal_pcd.c ****   }
 495              		.loc 1 228 5 is_stmt 1 view .LVU170
 228:Drivers/STM32F1xx_HAL_Driver/Src/stm32f1xx_hal_pcd.c ****   }
 496              		.loc 1 228 12 is_stmt 0 view .LVU171
 497 00d2 0123     		movs	r3, #1
 498 00d4 1D46     		mov	r5, r3
 499 00d6 AEE7     		b	.L16
 500              	.L23:
 231:Drivers/STM32F1xx_HAL_Driver/Src/stm32f1xx_hal_pcd.c ****   hpcd->State = HAL_PCD_STATE_READY;
 501              		.loc 1 231 3 is_stmt 1 view .LVU172
 231:Drivers/STM32F1xx_HAL_Driver/Src/stm32f1xx_hal_pcd.c ****   hpcd->State = HAL_PCD_STATE_READY;
 502              		.loc 1 231 21 is_stmt 0 view .LVU173
 503 00d8 6073     		strb	r0, [r4, #13]
 232:Drivers/STM32F1xx_HAL_Driver/Src/stm32f1xx_hal_pcd.c ****   (void)USB_DevDisconnect(hpcd->Instance);
 504              		.loc 1 232 3 is_stmt 1 view .LVU174
 232:Drivers/STM32F1xx_HAL_Driver/Src/stm32f1xx_hal_pcd.c ****   (void)USB_DevDisconnect(hpcd->Instance);
 505              		.loc 1 232 15 is_stmt 0 view .LVU175
 506 00da 0123     		movs	r3, #1
 507 00dc 84F89132 		strb	r3, [r4, #657]
 233:Drivers/STM32F1xx_HAL_Driver/Src/stm32f1xx_hal_pcd.c **** 
 508              		.loc 1 233 3 is_stmt 1 view .LVU176
 233:Drivers/STM32F1xx_HAL_Driver/Src/stm32f1xx_hal_pcd.c **** 
 509              		.loc 1 233 9 is_stmt 0 view .LVU177
 510 00e0 2068     		ldr	r0, [r4]
 511 00e2 FFF7FEFF 		bl	USB_DevDisconnect
 512              	.LVL50:
 235:Drivers/STM32F1xx_HAL_Driver/Src/stm32f1xx_hal_pcd.c **** }
 513              		.loc 1 235 3 is_stmt 1 view .LVU178
 235:Drivers/STM32F1xx_HAL_Driver/Src/stm32f1xx_hal_pcd.c **** }
 514              		.loc 1 235 10 is_stmt 0 view .LVU179
 515 00e6 A6E7     		b	.L16
 516              	.LVL51:
 517              	.L24:
 138:Drivers/STM32F1xx_HAL_Driver/Src/stm32f1xx_hal_pcd.c ****   }
 518              		.loc 1 138 12 view .LVU180
 519 00e8 0123     		movs	r3, #1
 520 00ea 1D46     		mov	r5, r3
 521 00ec A3E7     		b	.L16
 522              		.cfi_endproc
 523              	.LFE65:
 525              		.section	.text.HAL_PCD_MspDeInit,"ax",%progbits
 526              		.align	1
ARM GAS  C:\Users\subdia\AppData\Local\Temp\cczK76oD.s 			page 57


 527              		.weak	HAL_PCD_MspDeInit
 528              		.syntax unified
 529              		.thumb
 530              		.thumb_func
 532              	HAL_PCD_MspDeInit:
 533              	.LVL52:
 534              	.LFB68:
 298:Drivers/STM32F1xx_HAL_Driver/Src/stm32f1xx_hal_pcd.c ****   /* Prevent unused argument(s) compilation warning */
 535              		.loc 1 298 1 is_stmt 1 view -0
 536              		.cfi_startproc
 537              		@ args = 0, pretend = 0, frame = 0
 538              		@ frame_needed = 0, uses_anonymous_args = 0
 539              		@ link register save eliminated.
 300:Drivers/STM32F1xx_HAL_Driver/Src/stm32f1xx_hal_pcd.c **** 
 540              		.loc 1 300 3 view .LVU182
 305:Drivers/STM32F1xx_HAL_Driver/Src/stm32f1xx_hal_pcd.c **** 
 541              		.loc 1 305 1 is_stmt 0 view .LVU183
 542 0000 7047     		bx	lr
 543              		.cfi_endproc
 544              	.LFE68:
 546              		.section	.text.HAL_PCD_DeInit,"ax",%progbits
 547              		.align	1
 548              		.global	HAL_PCD_DeInit
 549              		.syntax unified
 550              		.thumb
 551              		.thumb_func
 553              	HAL_PCD_DeInit:
 554              	.LVL53:
 555              	.LFB66:
 244:Drivers/STM32F1xx_HAL_Driver/Src/stm32f1xx_hal_pcd.c ****   /* Check the PCD handle allocation */
 556              		.loc 1 244 1 is_stmt 1 view -0
 557              		.cfi_startproc
 558              		@ args = 0, pretend = 0, frame = 0
 559              		@ frame_needed = 0, uses_anonymous_args = 0
 244:Drivers/STM32F1xx_HAL_Driver/Src/stm32f1xx_hal_pcd.c ****   /* Check the PCD handle allocation */
 560              		.loc 1 244 1 is_stmt 0 view .LVU185
 561 0000 38B5     		push	{r3, r4, r5, lr}
 562              	.LCFI2:
 563              		.cfi_def_cfa_offset 16
 564              		.cfi_offset 3, -16
 565              		.cfi_offset 4, -12
 566              		.cfi_offset 5, -8
 567              		.cfi_offset 14, -4
 246:Drivers/STM32F1xx_HAL_Driver/Src/stm32f1xx_hal_pcd.c ****   {
 568              		.loc 1 246 3 is_stmt 1 view .LVU186
 246:Drivers/STM32F1xx_HAL_Driver/Src/stm32f1xx_hal_pcd.c ****   {
 569              		.loc 1 246 6 is_stmt 0 view .LVU187
 570 0002 98B1     		cbz	r0, .L33
 571 0004 0446     		mov	r4, r0
 251:Drivers/STM32F1xx_HAL_Driver/Src/stm32f1xx_hal_pcd.c **** 
 572              		.loc 1 251 3 is_stmt 1 view .LVU188
 251:Drivers/STM32F1xx_HAL_Driver/Src/stm32f1xx_hal_pcd.c **** 
 573              		.loc 1 251 15 is_stmt 0 view .LVU189
 574 0006 0323     		movs	r3, #3
 575 0008 80F89132 		strb	r3, [r0, #657]
 254:Drivers/STM32F1xx_HAL_Driver/Src/stm32f1xx_hal_pcd.c ****   {
 576              		.loc 1 254 3 is_stmt 1 view .LVU190
ARM GAS  C:\Users\subdia\AppData\Local\Temp\cczK76oD.s 			page 58


 254:Drivers/STM32F1xx_HAL_Driver/Src/stm32f1xx_hal_pcd.c ****   {
 577              		.loc 1 254 7 is_stmt 0 view .LVU191
 578 000c 0068     		ldr	r0, [r0]
 579              	.LVL54:
 254:Drivers/STM32F1xx_HAL_Driver/Src/stm32f1xx_hal_pcd.c ****   {
 580              		.loc 1 254 7 view .LVU192
 581 000e FFF7FEFF 		bl	USB_StopDevice
 582              	.LVL55:
 254:Drivers/STM32F1xx_HAL_Driver/Src/stm32f1xx_hal_pcd.c ****   {
 583              		.loc 1 254 6 discriminator 1 view .LVU193
 584 0012 0546     		mov	r5, r0
 585 0014 18B1     		cbz	r0, .L36
 256:Drivers/STM32F1xx_HAL_Driver/Src/stm32f1xx_hal_pcd.c ****   }
 586              		.loc 1 256 12 view .LVU194
 587 0016 0123     		movs	r3, #1
 588 0018 1D46     		mov	r5, r3
 589              	.LVL56:
 590              	.L32:
 275:Drivers/STM32F1xx_HAL_Driver/Src/stm32f1xx_hal_pcd.c **** 
 591              		.loc 1 275 1 view .LVU195
 592 001a 2846     		mov	r0, r5
 593 001c 38BD     		pop	{r3, r4, r5, pc}
 594              	.LVL57:
 595              	.L36:
 269:Drivers/STM32F1xx_HAL_Driver/Src/stm32f1xx_hal_pcd.c **** #endif /* USE_HAL_PCD_REGISTER_CALLBACKS */
 596              		.loc 1 269 3 is_stmt 1 view .LVU196
 597 001e 2046     		mov	r0, r4
 598 0020 FFF7FEFF 		bl	HAL_PCD_MspDeInit
 599              	.LVL58:
 272:Drivers/STM32F1xx_HAL_Driver/Src/stm32f1xx_hal_pcd.c **** 
 600              		.loc 1 272 3 view .LVU197
 272:Drivers/STM32F1xx_HAL_Driver/Src/stm32f1xx_hal_pcd.c **** 
 601              		.loc 1 272 15 is_stmt 0 view .LVU198
 602 0024 0023     		movs	r3, #0
 603 0026 84F89132 		strb	r3, [r4, #657]
 274:Drivers/STM32F1xx_HAL_Driver/Src/stm32f1xx_hal_pcd.c **** }
 604              		.loc 1 274 3 is_stmt 1 view .LVU199
 274:Drivers/STM32F1xx_HAL_Driver/Src/stm32f1xx_hal_pcd.c **** }
 605              		.loc 1 274 10 is_stmt 0 view .LVU200
 606 002a F6E7     		b	.L32
 607              	.LVL59:
 608              	.L33:
 248:Drivers/STM32F1xx_HAL_Driver/Src/stm32f1xx_hal_pcd.c ****   }
 609              		.loc 1 248 12 view .LVU201
 610 002c 0123     		movs	r3, #1
 611 002e 1D46     		mov	r5, r3
 612 0030 F3E7     		b	.L32
 613              		.cfi_endproc
 614              	.LFE66:
 616              		.section	.text.HAL_PCD_Start,"ax",%progbits
 617              		.align	1
 618              		.global	HAL_PCD_Start
 619              		.syntax unified
 620              		.thumb
 621              		.thumb_func
 623              	HAL_PCD_Start:
 624              	.LVL60:
ARM GAS  C:\Users\subdia\AppData\Local\Temp\cczK76oD.s 			page 59


 625              	.LFB69:
 856:Drivers/STM32F1xx_HAL_Driver/Src/stm32f1xx_hal_pcd.c ****   __HAL_LOCK(hpcd);
 626              		.loc 1 856 1 is_stmt 1 view -0
 627              		.cfi_startproc
 628              		@ args = 0, pretend = 0, frame = 0
 629              		@ frame_needed = 0, uses_anonymous_args = 0
 857:Drivers/STM32F1xx_HAL_Driver/Src/stm32f1xx_hal_pcd.c ****   __HAL_PCD_ENABLE(hpcd);
 630              		.loc 1 857 3 view .LVU203
 857:Drivers/STM32F1xx_HAL_Driver/Src/stm32f1xx_hal_pcd.c ****   __HAL_PCD_ENABLE(hpcd);
 631              		.loc 1 857 3 view .LVU204
 632 0000 90F89032 		ldrb	r3, [r0, #656]	@ zero_extendqisi2
 633 0004 012B     		cmp	r3, #1
 634 0006 13D0     		beq	.L39
 856:Drivers/STM32F1xx_HAL_Driver/Src/stm32f1xx_hal_pcd.c ****   __HAL_LOCK(hpcd);
 635              		.loc 1 856 1 is_stmt 0 view .LVU205
 636 0008 10B5     		push	{r4, lr}
 637              	.LCFI3:
 638              		.cfi_def_cfa_offset 8
 639              		.cfi_offset 4, -8
 640              		.cfi_offset 14, -4
 641 000a 0446     		mov	r4, r0
 857:Drivers/STM32F1xx_HAL_Driver/Src/stm32f1xx_hal_pcd.c ****   __HAL_PCD_ENABLE(hpcd);
 642              		.loc 1 857 3 is_stmt 1 discriminator 2 view .LVU206
 643 000c 4FF00103 		mov	r3, #1
 644 0010 80F89032 		strb	r3, [r0, #656]
 857:Drivers/STM32F1xx_HAL_Driver/Src/stm32f1xx_hal_pcd.c ****   __HAL_PCD_ENABLE(hpcd);
 645              		.loc 1 857 3 view .LVU207
 858:Drivers/STM32F1xx_HAL_Driver/Src/stm32f1xx_hal_pcd.c **** 
 646              		.loc 1 858 3 view .LVU208
 647 0014 0068     		ldr	r0, [r0]
 648              	.LVL61:
 858:Drivers/STM32F1xx_HAL_Driver/Src/stm32f1xx_hal_pcd.c **** 
 649              		.loc 1 858 3 is_stmt 0 view .LVU209
 650 0016 FFF7FEFF 		bl	USB_EnableGlobalInt
 651              	.LVL62:
 861:Drivers/STM32F1xx_HAL_Driver/Src/stm32f1xx_hal_pcd.c **** #endif /* defined (USB) */
 652              		.loc 1 861 3 is_stmt 1 view .LVU210
 653 001a 0121     		movs	r1, #1
 654 001c 2046     		mov	r0, r4
 655 001e FFF7FEFF 		bl	HAL_PCDEx_SetConnectionState
 656              	.LVL63:
 864:Drivers/STM32F1xx_HAL_Driver/Src/stm32f1xx_hal_pcd.c ****   __HAL_UNLOCK(hpcd);
 657              		.loc 1 864 3 view .LVU211
 864:Drivers/STM32F1xx_HAL_Driver/Src/stm32f1xx_hal_pcd.c ****   __HAL_UNLOCK(hpcd);
 658              		.loc 1 864 9 is_stmt 0 view .LVU212
 659 0022 2068     		ldr	r0, [r4]
 660 0024 FFF7FEFF 		bl	USB_DevConnect
 661              	.LVL64:
 865:Drivers/STM32F1xx_HAL_Driver/Src/stm32f1xx_hal_pcd.c **** 
 662              		.loc 1 865 3 is_stmt 1 view .LVU213
 865:Drivers/STM32F1xx_HAL_Driver/Src/stm32f1xx_hal_pcd.c **** 
 663              		.loc 1 865 3 view .LVU214
 664 0028 0020     		movs	r0, #0
 665 002a 84F89002 		strb	r0, [r4, #656]
 865:Drivers/STM32F1xx_HAL_Driver/Src/stm32f1xx_hal_pcd.c **** 
 666              		.loc 1 865 3 view .LVU215
 867:Drivers/STM32F1xx_HAL_Driver/Src/stm32f1xx_hal_pcd.c **** }
ARM GAS  C:\Users\subdia\AppData\Local\Temp\cczK76oD.s 			page 60


 667              		.loc 1 867 3 view .LVU216
 868:Drivers/STM32F1xx_HAL_Driver/Src/stm32f1xx_hal_pcd.c **** 
 668              		.loc 1 868 1 is_stmt 0 view .LVU217
 669 002e 10BD     		pop	{r4, pc}
 670              	.LVL65:
 671              	.L39:
 672              	.LCFI4:
 673              		.cfi_def_cfa_offset 0
 674              		.cfi_restore 4
 675              		.cfi_restore 14
 857:Drivers/STM32F1xx_HAL_Driver/Src/stm32f1xx_hal_pcd.c ****   __HAL_PCD_ENABLE(hpcd);
 676              		.loc 1 857 3 discriminator 1 view .LVU218
 677 0030 0220     		movs	r0, #2
 678              	.LVL66:
 868:Drivers/STM32F1xx_HAL_Driver/Src/stm32f1xx_hal_pcd.c **** 
 679              		.loc 1 868 1 view .LVU219
 680 0032 7047     		bx	lr
 681              		.cfi_endproc
 682              	.LFE69:
 684              		.section	.text.HAL_PCD_Stop,"ax",%progbits
 685              		.align	1
 686              		.global	HAL_PCD_Stop
 687              		.syntax unified
 688              		.thumb
 689              		.thumb_func
 691              	HAL_PCD_Stop:
 692              	.LVL67:
 693              	.LFB70:
 876:Drivers/STM32F1xx_HAL_Driver/Src/stm32f1xx_hal_pcd.c ****   __HAL_LOCK(hpcd);
 694              		.loc 1 876 1 is_stmt 1 view -0
 695              		.cfi_startproc
 696              		@ args = 0, pretend = 0, frame = 0
 697              		@ frame_needed = 0, uses_anonymous_args = 0
 877:Drivers/STM32F1xx_HAL_Driver/Src/stm32f1xx_hal_pcd.c ****   __HAL_PCD_DISABLE(hpcd);
 698              		.loc 1 877 3 view .LVU221
 877:Drivers/STM32F1xx_HAL_Driver/Src/stm32f1xx_hal_pcd.c ****   __HAL_PCD_DISABLE(hpcd);
 699              		.loc 1 877 3 view .LVU222
 700 0000 90F89032 		ldrb	r3, [r0, #656]	@ zero_extendqisi2
 701 0004 012B     		cmp	r3, #1
 702 0006 12D0     		beq	.L46
 876:Drivers/STM32F1xx_HAL_Driver/Src/stm32f1xx_hal_pcd.c ****   __HAL_LOCK(hpcd);
 703              		.loc 1 876 1 is_stmt 0 view .LVU223
 704 0008 10B5     		push	{r4, lr}
 705              	.LCFI5:
 706              		.cfi_def_cfa_offset 8
 707              		.cfi_offset 4, -8
 708              		.cfi_offset 14, -4
 709 000a 0446     		mov	r4, r0
 877:Drivers/STM32F1xx_HAL_Driver/Src/stm32f1xx_hal_pcd.c ****   __HAL_PCD_DISABLE(hpcd);
 710              		.loc 1 877 3 is_stmt 1 discriminator 2 view .LVU224
 711 000c 0123     		movs	r3, #1
 712 000e 80F89032 		strb	r3, [r0, #656]
 877:Drivers/STM32F1xx_HAL_Driver/Src/stm32f1xx_hal_pcd.c ****   __HAL_PCD_DISABLE(hpcd);
 713              		.loc 1 877 3 view .LVU225
 878:Drivers/STM32F1xx_HAL_Driver/Src/stm32f1xx_hal_pcd.c **** 
 714              		.loc 1 878 3 view .LVU226
 715 0012 0068     		ldr	r0, [r0]
ARM GAS  C:\Users\subdia\AppData\Local\Temp\cczK76oD.s 			page 61


 716              	.LVL68:
 878:Drivers/STM32F1xx_HAL_Driver/Src/stm32f1xx_hal_pcd.c **** 
 717              		.loc 1 878 3 is_stmt 0 view .LVU227
 718 0014 FFF7FEFF 		bl	USB_DisableGlobalInt
 719              	.LVL69:
 881:Drivers/STM32F1xx_HAL_Driver/Src/stm32f1xx_hal_pcd.c **** #endif /* defined (USB) */
 720              		.loc 1 881 3 is_stmt 1 view .LVU228
 721 0018 0021     		movs	r1, #0
 722 001a 2046     		mov	r0, r4
 723 001c FFF7FEFF 		bl	HAL_PCDEx_SetConnectionState
 724              	.LVL70:
 884:Drivers/STM32F1xx_HAL_Driver/Src/stm32f1xx_hal_pcd.c **** 
 725              		.loc 1 884 3 view .LVU229
 884:Drivers/STM32F1xx_HAL_Driver/Src/stm32f1xx_hal_pcd.c **** 
 726              		.loc 1 884 9 is_stmt 0 view .LVU230
 727 0020 2068     		ldr	r0, [r4]
 728 0022 FFF7FEFF 		bl	USB_DevDisconnect
 729              	.LVL71:
 890:Drivers/STM32F1xx_HAL_Driver/Src/stm32f1xx_hal_pcd.c **** 
 730              		.loc 1 890 3 is_stmt 1 view .LVU231
 890:Drivers/STM32F1xx_HAL_Driver/Src/stm32f1xx_hal_pcd.c **** 
 731              		.loc 1 890 3 view .LVU232
 732 0026 0020     		movs	r0, #0
 733 0028 84F89002 		strb	r0, [r4, #656]
 890:Drivers/STM32F1xx_HAL_Driver/Src/stm32f1xx_hal_pcd.c **** 
 734              		.loc 1 890 3 view .LVU233
 892:Drivers/STM32F1xx_HAL_Driver/Src/stm32f1xx_hal_pcd.c **** }
 735              		.loc 1 892 3 view .LVU234
 893:Drivers/STM32F1xx_HAL_Driver/Src/stm32f1xx_hal_pcd.c **** 
 736              		.loc 1 893 1 is_stmt 0 view .LVU235
 737 002c 10BD     		pop	{r4, pc}
 738              	.LVL72:
 739              	.L46:
 740              	.LCFI6:
 741              		.cfi_def_cfa_offset 0
 742              		.cfi_restore 4
 743              		.cfi_restore 14
 877:Drivers/STM32F1xx_HAL_Driver/Src/stm32f1xx_hal_pcd.c ****   __HAL_PCD_DISABLE(hpcd);
 744              		.loc 1 877 3 discriminator 1 view .LVU236
 745 002e 0220     		movs	r0, #2
 746              	.LVL73:
 893:Drivers/STM32F1xx_HAL_Driver/Src/stm32f1xx_hal_pcd.c **** 
 747              		.loc 1 893 1 view .LVU237
 748 0030 7047     		bx	lr
 749              		.cfi_endproc
 750              	.LFE70:
 752              		.section	.text.HAL_PCD_WKUP_IRQHandler,"ax",%progbits
 753              		.align	1
 754              		.global	HAL_PCD_WKUP_IRQHandler
 755              		.syntax unified
 756              		.thumb
 757              		.thumb_func
 759              	HAL_PCD_WKUP_IRQHandler:
 760              	.LVL74:
 761              	.LFB72:
1457:Drivers/STM32F1xx_HAL_Driver/Src/stm32f1xx_hal_pcd.c ****   /* Clear EXTI pending Bit */
 762              		.loc 1 1457 1 is_stmt 1 view -0
ARM GAS  C:\Users\subdia\AppData\Local\Temp\cczK76oD.s 			page 62


 763              		.cfi_startproc
 764              		@ args = 0, pretend = 0, frame = 0
 765              		@ frame_needed = 0, uses_anonymous_args = 0
 766              		@ link register save eliminated.
1459:Drivers/STM32F1xx_HAL_Driver/Src/stm32f1xx_hal_pcd.c **** }
 767              		.loc 1 1459 3 view .LVU239
 768 0000 024B     		ldr	r3, .L52
 769 0002 4FF48022 		mov	r2, #262144
 770 0006 5A61     		str	r2, [r3, #20]
1460:Drivers/STM32F1xx_HAL_Driver/Src/stm32f1xx_hal_pcd.c **** #endif /* defined (USB) */
 771              		.loc 1 1460 1 is_stmt 0 view .LVU240
 772 0008 7047     		bx	lr
 773              	.L53:
 774 000a 00BF     		.align	2
 775              	.L52:
 776 000c 00040140 		.word	1073808384
 777              		.cfi_endproc
 778              	.LFE72:
 780              		.section	.text.HAL_PCD_DataOutStageCallback,"ax",%progbits
 781              		.align	1
 782              		.weak	HAL_PCD_DataOutStageCallback
 783              		.syntax unified
 784              		.thumb
 785              		.thumb_func
 787              	HAL_PCD_DataOutStageCallback:
 788              	.LVL75:
 789              	.LFB73:
1470:Drivers/STM32F1xx_HAL_Driver/Src/stm32f1xx_hal_pcd.c ****   /* Prevent unused argument(s) compilation warning */
 790              		.loc 1 1470 1 is_stmt 1 view -0
 791              		.cfi_startproc
 792              		@ args = 0, pretend = 0, frame = 0
 793              		@ frame_needed = 0, uses_anonymous_args = 0
 794              		@ link register save eliminated.
1472:Drivers/STM32F1xx_HAL_Driver/Src/stm32f1xx_hal_pcd.c ****   UNUSED(epnum);
 795              		.loc 1 1472 3 view .LVU242
1473:Drivers/STM32F1xx_HAL_Driver/Src/stm32f1xx_hal_pcd.c **** 
 796              		.loc 1 1473 3 view .LVU243
1478:Drivers/STM32F1xx_HAL_Driver/Src/stm32f1xx_hal_pcd.c **** 
 797              		.loc 1 1478 1 is_stmt 0 view .LVU244
 798 0000 7047     		bx	lr
 799              		.cfi_endproc
 800              	.LFE73:
 802              		.section	.text.HAL_PCD_DataInStageCallback,"ax",%progbits
 803              		.align	1
 804              		.weak	HAL_PCD_DataInStageCallback
 805              		.syntax unified
 806              		.thumb
 807              		.thumb_func
 809              	HAL_PCD_DataInStageCallback:
 810              	.LVL76:
 811              	.LFB74:
1487:Drivers/STM32F1xx_HAL_Driver/Src/stm32f1xx_hal_pcd.c ****   /* Prevent unused argument(s) compilation warning */
 812              		.loc 1 1487 1 is_stmt 1 view -0
 813              		.cfi_startproc
 814              		@ args = 0, pretend = 0, frame = 0
 815              		@ frame_needed = 0, uses_anonymous_args = 0
 816              		@ link register save eliminated.
ARM GAS  C:\Users\subdia\AppData\Local\Temp\cczK76oD.s 			page 63


1489:Drivers/STM32F1xx_HAL_Driver/Src/stm32f1xx_hal_pcd.c ****   UNUSED(epnum);
 817              		.loc 1 1489 3 view .LVU246
1490:Drivers/STM32F1xx_HAL_Driver/Src/stm32f1xx_hal_pcd.c **** 
 818              		.loc 1 1490 3 view .LVU247
1495:Drivers/STM32F1xx_HAL_Driver/Src/stm32f1xx_hal_pcd.c **** /**
 819              		.loc 1 1495 1 is_stmt 0 view .LVU248
 820 0000 7047     		bx	lr
 821              		.cfi_endproc
 822              	.LFE74:
 824              		.section	.text.HAL_PCD_EP_DB_Transmit,"ax",%progbits
 825              		.align	1
 826              		.syntax unified
 827              		.thumb
 828              		.thumb_func
 830              	HAL_PCD_EP_DB_Transmit:
 831              	.LVL77:
 832              	.LFB101:
2536:Drivers/STM32F1xx_HAL_Driver/Src/stm32f1xx_hal_pcd.c **** 
2537:Drivers/STM32F1xx_HAL_Driver/Src/stm32f1xx_hal_pcd.c **** 
2538:Drivers/STM32F1xx_HAL_Driver/Src/stm32f1xx_hal_pcd.c **** /**
2539:Drivers/STM32F1xx_HAL_Driver/Src/stm32f1xx_hal_pcd.c ****   * @brief  Manage double buffer bulk IN transaction from ISR
2540:Drivers/STM32F1xx_HAL_Driver/Src/stm32f1xx_hal_pcd.c ****   * @param  hpcd PCD handle
2541:Drivers/STM32F1xx_HAL_Driver/Src/stm32f1xx_hal_pcd.c ****   * @param  ep current endpoint handle
2542:Drivers/STM32F1xx_HAL_Driver/Src/stm32f1xx_hal_pcd.c ****   * @param  wEPVal Last snapshot of EPRx register value taken in ISR
2543:Drivers/STM32F1xx_HAL_Driver/Src/stm32f1xx_hal_pcd.c ****   * @retval HAL status
2544:Drivers/STM32F1xx_HAL_Driver/Src/stm32f1xx_hal_pcd.c ****   */
2545:Drivers/STM32F1xx_HAL_Driver/Src/stm32f1xx_hal_pcd.c **** static HAL_StatusTypeDef HAL_PCD_EP_DB_Transmit(PCD_HandleTypeDef *hpcd,
2546:Drivers/STM32F1xx_HAL_Driver/Src/stm32f1xx_hal_pcd.c ****                                                 PCD_EPTypeDef *ep, uint16_t wEPVal)
2547:Drivers/STM32F1xx_HAL_Driver/Src/stm32f1xx_hal_pcd.c **** {
 833              		.loc 1 2547 1 is_stmt 1 view -0
 834              		.cfi_startproc
 835              		@ args = 0, pretend = 0, frame = 0
 836              		@ frame_needed = 0, uses_anonymous_args = 0
 837              		.loc 1 2547 1 is_stmt 0 view .LVU250
 838 0000 70B5     		push	{r4, r5, r6, lr}
 839              	.LCFI7:
 840              		.cfi_def_cfa_offset 16
 841              		.cfi_offset 4, -16
 842              		.cfi_offset 5, -12
 843              		.cfi_offset 6, -8
 844              		.cfi_offset 14, -4
 845 0002 0546     		mov	r5, r0
 846 0004 0C46     		mov	r4, r1
 847 0006 1646     		mov	r6, r2
2548:Drivers/STM32F1xx_HAL_Driver/Src/stm32f1xx_hal_pcd.c ****   uint32_t len;
 848              		.loc 1 2548 3 is_stmt 1 view .LVU251
2549:Drivers/STM32F1xx_HAL_Driver/Src/stm32f1xx_hal_pcd.c ****   uint16_t TxPctSize;
 849              		.loc 1 2549 3 view .LVU252
2550:Drivers/STM32F1xx_HAL_Driver/Src/stm32f1xx_hal_pcd.c **** 
2551:Drivers/STM32F1xx_HAL_Driver/Src/stm32f1xx_hal_pcd.c ****   /* Data Buffer0 ACK received */
2552:Drivers/STM32F1xx_HAL_Driver/Src/stm32f1xx_hal_pcd.c ****   if ((wEPVal & USB_EP_DTOG_TX) != 0U)
 850              		.loc 1 2552 3 view .LVU253
 851              		.loc 1 2552 6 is_stmt 0 view .LVU254
 852 0008 12F0400F 		tst	r2, #64
 853 000c 00F00D81 		beq	.L57
2553:Drivers/STM32F1xx_HAL_Driver/Src/stm32f1xx_hal_pcd.c ****   {
2554:Drivers/STM32F1xx_HAL_Driver/Src/stm32f1xx_hal_pcd.c ****     /* multi-packet on the NON control IN endpoint */
ARM GAS  C:\Users\subdia\AppData\Local\Temp\cczK76oD.s 			page 64


2555:Drivers/STM32F1xx_HAL_Driver/Src/stm32f1xx_hal_pcd.c ****     TxPctSize = (uint16_t)PCD_GET_EP_DBUF0_CNT(hpcd->Instance, ep->num);
 854              		.loc 1 2555 5 is_stmt 1 view .LVU255
 855              		.loc 1 2555 27 is_stmt 0 view .LVU256
 856 0010 0268     		ldr	r2, [r0]
 857              	.LVL78:
 858              		.loc 1 2555 27 view .LVU257
 859 0012 B2F85030 		ldrh	r3, [r2, #80]
 860 0016 9BB2     		uxth	r3, r3
 861 0018 0978     		ldrb	r1, [r1]	@ zero_extendqisi2
 862              	.LVL79:
 863              		.loc 1 2555 27 view .LVU258
 864 001a 03EBC103 		add	r3, r3, r1, lsl #3
 865 001e 0233     		adds	r3, r3, #2
 866 0020 02EB4302 		add	r2, r2, r3, lsl #1
 867 0024 B2F80024 		ldrh	r2, [r2, #1024]
 868              		.loc 1 2555 15 view .LVU259
 869 0028 C2F30902 		ubfx	r2, r2, #0, #10
 870              	.LVL80:
2556:Drivers/STM32F1xx_HAL_Driver/Src/stm32f1xx_hal_pcd.c **** 
2557:Drivers/STM32F1xx_HAL_Driver/Src/stm32f1xx_hal_pcd.c ****     if (ep->xfer_len > TxPctSize)
 871              		.loc 1 2557 5 is_stmt 1 view .LVU260
 872              		.loc 1 2557 11 is_stmt 0 view .LVU261
 873 002c A369     		ldr	r3, [r4, #24]
 874              		.loc 1 2557 8 view .LVU262
 875 002e 9342     		cmp	r3, r2
 876 0030 4ED9     		bls	.L58
2558:Drivers/STM32F1xx_HAL_Driver/Src/stm32f1xx_hal_pcd.c ****     {
2559:Drivers/STM32F1xx_HAL_Driver/Src/stm32f1xx_hal_pcd.c ****       ep->xfer_len -= TxPctSize;
 877              		.loc 1 2559 7 is_stmt 1 view .LVU263
 878              		.loc 1 2559 20 is_stmt 0 view .LVU264
 879 0032 9B1A     		subs	r3, r3, r2
 880 0034 A361     		str	r3, [r4, #24]
 881              	.L59:
2560:Drivers/STM32F1xx_HAL_Driver/Src/stm32f1xx_hal_pcd.c ****     }
2561:Drivers/STM32F1xx_HAL_Driver/Src/stm32f1xx_hal_pcd.c ****     else
2562:Drivers/STM32F1xx_HAL_Driver/Src/stm32f1xx_hal_pcd.c ****     {
2563:Drivers/STM32F1xx_HAL_Driver/Src/stm32f1xx_hal_pcd.c ****       ep->xfer_len = 0U;
2564:Drivers/STM32F1xx_HAL_Driver/Src/stm32f1xx_hal_pcd.c ****     }
2565:Drivers/STM32F1xx_HAL_Driver/Src/stm32f1xx_hal_pcd.c **** 
2566:Drivers/STM32F1xx_HAL_Driver/Src/stm32f1xx_hal_pcd.c ****     /* Transfer is completed */
2567:Drivers/STM32F1xx_HAL_Driver/Src/stm32f1xx_hal_pcd.c ****     if (ep->xfer_len == 0U)
 882              		.loc 1 2567 5 is_stmt 1 view .LVU265
 883              		.loc 1 2567 11 is_stmt 0 view .LVU266
 884 0036 A369     		ldr	r3, [r4, #24]
 885              		.loc 1 2567 8 view .LVU267
 886 0038 002B     		cmp	r3, #0
 887 003a 66D1     		bne	.L60
2568:Drivers/STM32F1xx_HAL_Driver/Src/stm32f1xx_hal_pcd.c ****     {
2569:Drivers/STM32F1xx_HAL_Driver/Src/stm32f1xx_hal_pcd.c ****       PCD_SET_EP_DBUF0_CNT(hpcd->Instance, ep->num, ep->is_in, 0U);
 888              		.loc 1 2569 7 is_stmt 1 view .LVU268
 889              		.loc 1 2569 7 view .LVU269
 890 003c 6378     		ldrb	r3, [r4, #1]	@ zero_extendqisi2
 891 003e 002B     		cmp	r3, #0
 892 0040 49D1     		bne	.L61
 893              		.loc 1 2569 7 discriminator 1 view .LVU270
 894              	.LBB6:
 895              		.loc 1 2569 7 discriminator 1 view .LVU271
ARM GAS  C:\Users\subdia\AppData\Local\Temp\cczK76oD.s 			page 65


 896 0042 2B68     		ldr	r3, [r5]
 897              	.LVL81:
 898              		.loc 1 2569 7 view .LVU272
 899              		.loc 1 2569 7 view .LVU273
 900              		.loc 1 2569 7 is_stmt 0 discriminator 1 view .LVU274
 901 0044 B3F85020 		ldrh	r2, [r3, #80]
 902              	.LVL82:
 903              		.loc 1 2569 7 discriminator 1 view .LVU275
 904 0048 92B2     		uxth	r2, r2
 905 004a 1344     		add	r3, r3, r2
 906              	.LVL83:
 907              		.loc 1 2569 7 is_stmt 1 view .LVU276
 908              		.loc 1 2569 7 is_stmt 0 discriminator 1 view .LVU277
 909 004c 03EB0113 		add	r3, r3, r1, lsl #4
 910              	.LVL84:
 911              		.loc 1 2569 7 is_stmt 1 view .LVU278
 912              	.LBB7:
 913              		.loc 1 2569 7 view .LVU279
 914              		.loc 1 2569 7 view .LVU280
 915              		.loc 1 2569 7 is_stmt 0 discriminator 1 view .LVU281
 916 0050 B3F80424 		ldrh	r2, [r3, #1028]
 917              	.LVL85:
 918              		.loc 1 2569 7 discriminator 1 view .LVU282
 919 0054 C2F30902 		ubfx	r2, r2, #0, #10
 920 0058 A3F80424 		strh	r2, [r3, #1028]	@ movhi
 921              		.loc 1 2569 7 is_stmt 1 view .LVU283
 922              		.loc 1 2569 7 discriminator 4 view .LVU284
 923              		.loc 1 2569 7 discriminator 8 view .LVU285
 924 005c B3F80424 		ldrh	r2, [r3, #1028]
 925 0060 6FEA4242 		mvn	r2, r2, lsl #17
 926 0064 6FEA5242 		mvn	r2, r2, lsr #17
 927 0068 92B2     		uxth	r2, r2
 928 006a A3F80424 		strh	r2, [r3, #1028]	@ movhi
 929              		.loc 1 2569 7 view .LVU286
 930              	.LBE7:
 931              		.loc 1 2569 7 view .LVU287
 932              	.LBE6:
 933              		.loc 1 2569 7 view .LVU288
 934              	.LVL86:
 935              	.L62:
 936              		.loc 1 2569 7 view .LVU289
 937              		.loc 1 2569 7 view .LVU290
2570:Drivers/STM32F1xx_HAL_Driver/Src/stm32f1xx_hal_pcd.c ****       PCD_SET_EP_DBUF1_CNT(hpcd->Instance, ep->num, ep->is_in, 0U);
 938              		.loc 1 2570 7 view .LVU291
 939              	.LBB8:
 940              		.loc 1 2570 7 view .LVU292
 941 006e 2B68     		ldr	r3, [r5]
 942              	.LVL87:
 943              		.loc 1 2570 7 view .LVU293
 944              		.loc 1 2570 7 view .LVU294
 945 0070 6278     		ldrb	r2, [r4, #1]	@ zero_extendqisi2
 946 0072 002A     		cmp	r2, #0
 947 0074 3CD1     		bne	.L63
 948              		.loc 1 2570 7 discriminator 1 view .LVU295
 949              	.LBB9:
 950              		.loc 1 2570 7 discriminator 1 view .LVU296
 951              	.LVL88:
ARM GAS  C:\Users\subdia\AppData\Local\Temp\cczK76oD.s 			page 66


 952              		.loc 1 2570 7 view .LVU297
 953              		.loc 1 2570 7 view .LVU298
 954              		.loc 1 2570 7 is_stmt 0 discriminator 1 view .LVU299
 955 0076 B3F85020 		ldrh	r2, [r3, #80]
 956 007a 92B2     		uxth	r2, r2
 957 007c 1344     		add	r3, r3, r2
 958              	.LVL89:
 959              		.loc 1 2570 7 is_stmt 1 view .LVU300
 960              		.loc 1 2570 7 is_stmt 0 discriminator 1 view .LVU301
 961 007e 2278     		ldrb	r2, [r4]	@ zero_extendqisi2
 962 0080 03EB0213 		add	r3, r3, r2, lsl #4
 963              	.LVL90:
 964              		.loc 1 2570 7 is_stmt 1 view .LVU302
 965              	.LBB10:
 966              		.loc 1 2570 7 view .LVU303
 967              		.loc 1 2570 7 view .LVU304
 968              		.loc 1 2570 7 is_stmt 0 discriminator 1 view .LVU305
 969 0084 B3F80C24 		ldrh	r2, [r3, #1036]
 970 0088 C2F30902 		ubfx	r2, r2, #0, #10
 971 008c A3F80C24 		strh	r2, [r3, #1036]	@ movhi
 972              	.LVL91:
 973              		.loc 1 2570 7 is_stmt 1 view .LVU306
 974              		.loc 1 2570 7 discriminator 4 view .LVU307
 975              		.loc 1 2570 7 discriminator 8 view .LVU308
 976 0090 B3F80C24 		ldrh	r2, [r3, #1036]
 977 0094 6FEA4242 		mvn	r2, r2, lsl #17
 978 0098 6FEA5242 		mvn	r2, r2, lsr #17
 979 009c 92B2     		uxth	r2, r2
 980 009e A3F80C24 		strh	r2, [r3, #1036]	@ movhi
 981              		.loc 1 2570 7 view .LVU309
 982              	.LBE10:
 983              		.loc 1 2570 7 view .LVU310
 984              	.LBE9:
 985              		.loc 1 2570 7 view .LVU311
 986              	.LVL92:
 987              	.L64:
 988              		.loc 1 2570 7 is_stmt 0 view .LVU312
 989              	.LBE8:
 990              		.loc 1 2570 7 is_stmt 1 view .LVU313
2571:Drivers/STM32F1xx_HAL_Driver/Src/stm32f1xx_hal_pcd.c **** 
2572:Drivers/STM32F1xx_HAL_Driver/Src/stm32f1xx_hal_pcd.c ****       /* TX COMPLETE */
2573:Drivers/STM32F1xx_HAL_Driver/Src/stm32f1xx_hal_pcd.c **** #if (USE_HAL_PCD_REGISTER_CALLBACKS == 1U)
2574:Drivers/STM32F1xx_HAL_Driver/Src/stm32f1xx_hal_pcd.c ****       hpcd->DataInStageCallback(hpcd, ep->num);
2575:Drivers/STM32F1xx_HAL_Driver/Src/stm32f1xx_hal_pcd.c **** #else
2576:Drivers/STM32F1xx_HAL_Driver/Src/stm32f1xx_hal_pcd.c ****       HAL_PCD_DataInStageCallback(hpcd, ep->num);
 991              		.loc 1 2576 7 view .LVU314
 992 00a2 2178     		ldrb	r1, [r4]	@ zero_extendqisi2
 993 00a4 2846     		mov	r0, r5
 994              	.LVL93:
 995              		.loc 1 2576 7 is_stmt 0 view .LVU315
 996 00a6 FFF7FEFF 		bl	HAL_PCD_DataInStageCallback
 997              	.LVL94:
2577:Drivers/STM32F1xx_HAL_Driver/Src/stm32f1xx_hal_pcd.c **** #endif /* USE_HAL_PCD_REGISTER_CALLBACKS */
2578:Drivers/STM32F1xx_HAL_Driver/Src/stm32f1xx_hal_pcd.c **** 
2579:Drivers/STM32F1xx_HAL_Driver/Src/stm32f1xx_hal_pcd.c ****       if ((wEPVal & USB_EP_DTOG_RX) != 0U)
 998              		.loc 1 2579 7 is_stmt 1 view .LVU316
 999              		.loc 1 2579 10 is_stmt 0 view .LVU317
ARM GAS  C:\Users\subdia\AppData\Local\Temp\cczK76oD.s 			page 67


 1000 00aa 16F4804F 		tst	r6, #16384
 1001 00ae 41D0     		beq	.L65
2580:Drivers/STM32F1xx_HAL_Driver/Src/stm32f1xx_hal_pcd.c ****       {
2581:Drivers/STM32F1xx_HAL_Driver/Src/stm32f1xx_hal_pcd.c ****         PCD_FREE_USER_BUFFER(hpcd->Instance, ep->num, 1U);
 1002              		.loc 1 2581 9 is_stmt 1 view .LVU318
 1003              		.loc 1 2581 9 view .LVU319
 1004              		.loc 1 2581 9 discriminator 2 view .LVU320
 1005              		.loc 1 2581 9 discriminator 3 view .LVU321
 1006              	.LBB11:
 1007              		.loc 1 2581 9 discriminator 3 view .LVU322
 1008              		.loc 1 2581 9 discriminator 3 view .LVU323
 1009 00b0 2A68     		ldr	r2, [r5]
 1010 00b2 2178     		ldrb	r1, [r4]	@ zero_extendqisi2
 1011 00b4 32F82130 		ldrh	r3, [r2, r1, lsl #2]
 1012 00b8 9BB2     		uxth	r3, r3
 1013 00ba 23F4E043 		bic	r3, r3, #28672
 1014 00be 23F07003 		bic	r3, r3, #112
 1015              	.LVL95:
 1016              		.loc 1 2581 9 view .LVU324
 1017              		.loc 1 2581 9 is_stmt 0 discriminator 3 view .LVU325
 1018 00c2 43F44043 		orr	r3, r3, #49152
 1019              	.LVL96:
 1020              		.loc 1 2581 9 discriminator 3 view .LVU326
 1021 00c6 43F08003 		orr	r3, r3, #128
 1022 00ca 22F82130 		strh	r3, [r2, r1, lsl #2]	@ movhi
 1023 00ce 31E0     		b	.L65
 1024              	.LVL97:
 1025              	.L58:
 1026              		.loc 1 2581 9 discriminator 3 view .LVU327
 1027              	.LBE11:
2563:Drivers/STM32F1xx_HAL_Driver/Src/stm32f1xx_hal_pcd.c ****     }
 1028              		.loc 1 2563 7 is_stmt 1 view .LVU328
2563:Drivers/STM32F1xx_HAL_Driver/Src/stm32f1xx_hal_pcd.c ****     }
 1029              		.loc 1 2563 20 is_stmt 0 view .LVU329
 1030 00d0 0023     		movs	r3, #0
 1031 00d2 A361     		str	r3, [r4, #24]
 1032 00d4 AFE7     		b	.L59
 1033              	.L61:
2569:Drivers/STM32F1xx_HAL_Driver/Src/stm32f1xx_hal_pcd.c ****       PCD_SET_EP_DBUF1_CNT(hpcd->Instance, ep->num, ep->is_in, 0U);
 1034              		.loc 1 2569 7 is_stmt 1 discriminator 2 view .LVU330
 1035 00d6 012B     		cmp	r3, #1
 1036 00d8 C9D1     		bne	.L62
2569:Drivers/STM32F1xx_HAL_Driver/Src/stm32f1xx_hal_pcd.c ****       PCD_SET_EP_DBUF1_CNT(hpcd->Instance, ep->num, ep->is_in, 0U);
 1037              		.loc 1 2569 7 discriminator 13 view .LVU331
 1038              	.LBB12:
2569:Drivers/STM32F1xx_HAL_Driver/Src/stm32f1xx_hal_pcd.c ****       PCD_SET_EP_DBUF1_CNT(hpcd->Instance, ep->num, ep->is_in, 0U);
 1039              		.loc 1 2569 7 discriminator 13 view .LVU332
 1040 00da 2B68     		ldr	r3, [r5]
 1041              	.LVL98:
2569:Drivers/STM32F1xx_HAL_Driver/Src/stm32f1xx_hal_pcd.c ****       PCD_SET_EP_DBUF1_CNT(hpcd->Instance, ep->num, ep->is_in, 0U);
 1042              		.loc 1 2569 7 view .LVU333
2569:Drivers/STM32F1xx_HAL_Driver/Src/stm32f1xx_hal_pcd.c ****       PCD_SET_EP_DBUF1_CNT(hpcd->Instance, ep->num, ep->is_in, 0U);
 1043              		.loc 1 2569 7 view .LVU334
2569:Drivers/STM32F1xx_HAL_Driver/Src/stm32f1xx_hal_pcd.c ****       PCD_SET_EP_DBUF1_CNT(hpcd->Instance, ep->num, ep->is_in, 0U);
 1044              		.loc 1 2569 7 is_stmt 0 discriminator 13 view .LVU335
 1045 00dc B3F85020 		ldrh	r2, [r3, #80]
 1046              	.LVL99:
ARM GAS  C:\Users\subdia\AppData\Local\Temp\cczK76oD.s 			page 68


2569:Drivers/STM32F1xx_HAL_Driver/Src/stm32f1xx_hal_pcd.c ****       PCD_SET_EP_DBUF1_CNT(hpcd->Instance, ep->num, ep->is_in, 0U);
 1047              		.loc 1 2569 7 discriminator 13 view .LVU336
 1048 00e0 92B2     		uxth	r2, r2
 1049 00e2 1344     		add	r3, r3, r2
 1050              	.LVL100:
2569:Drivers/STM32F1xx_HAL_Driver/Src/stm32f1xx_hal_pcd.c ****       PCD_SET_EP_DBUF1_CNT(hpcd->Instance, ep->num, ep->is_in, 0U);
 1051              		.loc 1 2569 7 is_stmt 1 view .LVU337
2569:Drivers/STM32F1xx_HAL_Driver/Src/stm32f1xx_hal_pcd.c ****       PCD_SET_EP_DBUF1_CNT(hpcd->Instance, ep->num, ep->is_in, 0U);
 1052              		.loc 1 2569 7 is_stmt 0 discriminator 13 view .LVU338
 1053 00e4 03EB0113 		add	r3, r3, r1, lsl #4
 1054              	.LVL101:
2569:Drivers/STM32F1xx_HAL_Driver/Src/stm32f1xx_hal_pcd.c ****       PCD_SET_EP_DBUF1_CNT(hpcd->Instance, ep->num, ep->is_in, 0U);
 1055              		.loc 1 2569 7 is_stmt 1 view .LVU339
2569:Drivers/STM32F1xx_HAL_Driver/Src/stm32f1xx_hal_pcd.c ****       PCD_SET_EP_DBUF1_CNT(hpcd->Instance, ep->num, ep->is_in, 0U);
 1056              		.loc 1 2569 7 is_stmt 0 discriminator 13 view .LVU340
 1057 00e8 0022     		movs	r2, #0
 1058              	.LVL102:
2569:Drivers/STM32F1xx_HAL_Driver/Src/stm32f1xx_hal_pcd.c ****       PCD_SET_EP_DBUF1_CNT(hpcd->Instance, ep->num, ep->is_in, 0U);
 1059              		.loc 1 2569 7 discriminator 13 view .LVU341
 1060 00ea A3F80424 		strh	r2, [r3, #1028]	@ movhi
2569:Drivers/STM32F1xx_HAL_Driver/Src/stm32f1xx_hal_pcd.c ****       PCD_SET_EP_DBUF1_CNT(hpcd->Instance, ep->num, ep->is_in, 0U);
 1061              		.loc 1 2569 7 discriminator 13 view .LVU342
 1062 00ee BEE7     		b	.L62
 1063              	.LVL103:
 1064              	.L63:
2569:Drivers/STM32F1xx_HAL_Driver/Src/stm32f1xx_hal_pcd.c ****       PCD_SET_EP_DBUF1_CNT(hpcd->Instance, ep->num, ep->is_in, 0U);
 1065              		.loc 1 2569 7 discriminator 13 view .LVU343
 1066              	.LBE12:
 1067              	.LBB13:
2570:Drivers/STM32F1xx_HAL_Driver/Src/stm32f1xx_hal_pcd.c **** 
 1068              		.loc 1 2570 7 is_stmt 1 discriminator 2 view .LVU344
 1069 00f0 012A     		cmp	r2, #1
 1070 00f2 D6D1     		bne	.L64
2570:Drivers/STM32F1xx_HAL_Driver/Src/stm32f1xx_hal_pcd.c **** 
 1071              		.loc 1 2570 7 discriminator 13 view .LVU345
 1072 00f4 B3F85020 		ldrh	r2, [r3, #80]
 1073 00f8 92B2     		uxth	r2, r2
 1074 00fa 1344     		add	r3, r3, r2
 1075              	.LVL104:
2570:Drivers/STM32F1xx_HAL_Driver/Src/stm32f1xx_hal_pcd.c **** 
 1076              		.loc 1 2570 7 view .LVU346
2570:Drivers/STM32F1xx_HAL_Driver/Src/stm32f1xx_hal_pcd.c **** 
 1077              		.loc 1 2570 7 is_stmt 0 discriminator 13 view .LVU347
 1078 00fc 2278     		ldrb	r2, [r4]	@ zero_extendqisi2
 1079 00fe 03EB0213 		add	r3, r3, r2, lsl #4
 1080              	.LVL105:
2570:Drivers/STM32F1xx_HAL_Driver/Src/stm32f1xx_hal_pcd.c **** 
 1081              		.loc 1 2570 7 is_stmt 1 view .LVU348
2570:Drivers/STM32F1xx_HAL_Driver/Src/stm32f1xx_hal_pcd.c **** 
 1082              		.loc 1 2570 7 is_stmt 0 discriminator 13 view .LVU349
 1083 0102 0022     		movs	r2, #0
 1084 0104 A3F80C24 		strh	r2, [r3, #1036]	@ movhi
2570:Drivers/STM32F1xx_HAL_Driver/Src/stm32f1xx_hal_pcd.c **** 
 1085              		.loc 1 2570 7 discriminator 13 view .LVU350
 1086 0108 CBE7     		b	.L64
 1087              	.LVL106:
 1088              	.L60:
ARM GAS  C:\Users\subdia\AppData\Local\Temp\cczK76oD.s 			page 69


2570:Drivers/STM32F1xx_HAL_Driver/Src/stm32f1xx_hal_pcd.c **** 
 1089              		.loc 1 2570 7 discriminator 13 view .LVU351
 1090              	.LBE13:
2582:Drivers/STM32F1xx_HAL_Driver/Src/stm32f1xx_hal_pcd.c ****       }
2583:Drivers/STM32F1xx_HAL_Driver/Src/stm32f1xx_hal_pcd.c ****     }
2584:Drivers/STM32F1xx_HAL_Driver/Src/stm32f1xx_hal_pcd.c ****     else /* Transfer is not yet Done */
2585:Drivers/STM32F1xx_HAL_Driver/Src/stm32f1xx_hal_pcd.c ****     {
2586:Drivers/STM32F1xx_HAL_Driver/Src/stm32f1xx_hal_pcd.c ****       /* need to Free USB Buff */
2587:Drivers/STM32F1xx_HAL_Driver/Src/stm32f1xx_hal_pcd.c ****       if ((wEPVal & USB_EP_DTOG_RX) != 0U)
 1091              		.loc 1 2587 7 is_stmt 1 view .LVU352
 1092              		.loc 1 2587 10 is_stmt 0 view .LVU353
 1093 010a 16F4804F 		tst	r6, #16384
 1094 010e 0DD0     		beq	.L66
2588:Drivers/STM32F1xx_HAL_Driver/Src/stm32f1xx_hal_pcd.c ****       {
2589:Drivers/STM32F1xx_HAL_Driver/Src/stm32f1xx_hal_pcd.c ****         PCD_FREE_USER_BUFFER(hpcd->Instance, ep->num, 1U);
 1095              		.loc 1 2589 9 is_stmt 1 view .LVU354
 1096              		.loc 1 2589 9 view .LVU355
 1097              		.loc 1 2589 9 discriminator 2 view .LVU356
 1098              		.loc 1 2589 9 discriminator 3 view .LVU357
 1099              	.LBB14:
 1100              		.loc 1 2589 9 discriminator 3 view .LVU358
 1101              		.loc 1 2589 9 discriminator 3 view .LVU359
 1102 0110 2868     		ldr	r0, [r5]
 1103              	.LVL107:
 1104              		.loc 1 2589 9 is_stmt 0 discriminator 3 view .LVU360
 1105 0112 30F82130 		ldrh	r3, [r0, r1, lsl #2]
 1106 0116 9BB2     		uxth	r3, r3
 1107 0118 23F4E043 		bic	r3, r3, #28672
 1108 011c 23F07003 		bic	r3, r3, #112
 1109              	.LVL108:
 1110              		.loc 1 2589 9 is_stmt 1 view .LVU361
 1111              		.loc 1 2589 9 is_stmt 0 discriminator 3 view .LVU362
 1112 0120 43F44043 		orr	r3, r3, #49152
 1113              	.LVL109:
 1114              		.loc 1 2589 9 discriminator 3 view .LVU363
 1115 0124 43F08003 		orr	r3, r3, #128
 1116 0128 20F82130 		strh	r3, [r0, r1, lsl #2]	@ movhi
 1117              	.LVL110:
 1118              	.L66:
 1119              		.loc 1 2589 9 discriminator 3 view .LVU364
 1120              	.LBE14:
 1121              		.loc 1 2589 9 is_stmt 1 view .LVU365
 1122              		.loc 1 2589 9 view .LVU366
2590:Drivers/STM32F1xx_HAL_Driver/Src/stm32f1xx_hal_pcd.c ****       }
2591:Drivers/STM32F1xx_HAL_Driver/Src/stm32f1xx_hal_pcd.c **** 
2592:Drivers/STM32F1xx_HAL_Driver/Src/stm32f1xx_hal_pcd.c ****       /* Still there is data to Fill in the next Buffer */
2593:Drivers/STM32F1xx_HAL_Driver/Src/stm32f1xx_hal_pcd.c ****       if (ep->xfer_fill_db == 1U)
 1123              		.loc 1 2593 7 view .LVU367
 1124              		.loc 1 2593 13 is_stmt 0 view .LVU368
 1125 012c 94F82430 		ldrb	r3, [r4, #36]	@ zero_extendqisi2
 1126              		.loc 1 2593 10 view .LVU369
 1127 0130 012B     		cmp	r3, #1
 1128 0132 12D0     		beq	.L94
 1129              	.LVL111:
 1130              	.L65:
2594:Drivers/STM32F1xx_HAL_Driver/Src/stm32f1xx_hal_pcd.c ****       {
2595:Drivers/STM32F1xx_HAL_Driver/Src/stm32f1xx_hal_pcd.c ****         ep->xfer_buff += TxPctSize;
ARM GAS  C:\Users\subdia\AppData\Local\Temp\cczK76oD.s 			page 70


2596:Drivers/STM32F1xx_HAL_Driver/Src/stm32f1xx_hal_pcd.c ****         ep->xfer_count += TxPctSize;
2597:Drivers/STM32F1xx_HAL_Driver/Src/stm32f1xx_hal_pcd.c **** 
2598:Drivers/STM32F1xx_HAL_Driver/Src/stm32f1xx_hal_pcd.c ****         /* Calculate the len of the new buffer to fill */
2599:Drivers/STM32F1xx_HAL_Driver/Src/stm32f1xx_hal_pcd.c ****         if (ep->xfer_len_db >= ep->maxpacket)
2600:Drivers/STM32F1xx_HAL_Driver/Src/stm32f1xx_hal_pcd.c ****         {
2601:Drivers/STM32F1xx_HAL_Driver/Src/stm32f1xx_hal_pcd.c ****           len = ep->maxpacket;
2602:Drivers/STM32F1xx_HAL_Driver/Src/stm32f1xx_hal_pcd.c ****           ep->xfer_len_db -= len;
2603:Drivers/STM32F1xx_HAL_Driver/Src/stm32f1xx_hal_pcd.c ****         }
2604:Drivers/STM32F1xx_HAL_Driver/Src/stm32f1xx_hal_pcd.c ****         else if (ep->xfer_len_db == 0U)
2605:Drivers/STM32F1xx_HAL_Driver/Src/stm32f1xx_hal_pcd.c ****         {
2606:Drivers/STM32F1xx_HAL_Driver/Src/stm32f1xx_hal_pcd.c ****           len = TxPctSize;
2607:Drivers/STM32F1xx_HAL_Driver/Src/stm32f1xx_hal_pcd.c ****           ep->xfer_fill_db = 0U;
2608:Drivers/STM32F1xx_HAL_Driver/Src/stm32f1xx_hal_pcd.c ****         }
2609:Drivers/STM32F1xx_HAL_Driver/Src/stm32f1xx_hal_pcd.c ****         else
2610:Drivers/STM32F1xx_HAL_Driver/Src/stm32f1xx_hal_pcd.c ****         {
2611:Drivers/STM32F1xx_HAL_Driver/Src/stm32f1xx_hal_pcd.c ****           ep->xfer_fill_db = 0U;
2612:Drivers/STM32F1xx_HAL_Driver/Src/stm32f1xx_hal_pcd.c ****           len = ep->xfer_len_db;
2613:Drivers/STM32F1xx_HAL_Driver/Src/stm32f1xx_hal_pcd.c ****           ep->xfer_len_db = 0U;
2614:Drivers/STM32F1xx_HAL_Driver/Src/stm32f1xx_hal_pcd.c ****         }
2615:Drivers/STM32F1xx_HAL_Driver/Src/stm32f1xx_hal_pcd.c **** 
2616:Drivers/STM32F1xx_HAL_Driver/Src/stm32f1xx_hal_pcd.c ****         /* Write remaining Data to Buffer */
2617:Drivers/STM32F1xx_HAL_Driver/Src/stm32f1xx_hal_pcd.c ****         /* Set the Double buffer counter for pma buffer1 */
2618:Drivers/STM32F1xx_HAL_Driver/Src/stm32f1xx_hal_pcd.c ****         PCD_SET_EP_DBUF0_CNT(hpcd->Instance, ep->num, ep->is_in, len);
2619:Drivers/STM32F1xx_HAL_Driver/Src/stm32f1xx_hal_pcd.c **** 
2620:Drivers/STM32F1xx_HAL_Driver/Src/stm32f1xx_hal_pcd.c ****         /* Copy user buffer to USB PMA */
2621:Drivers/STM32F1xx_HAL_Driver/Src/stm32f1xx_hal_pcd.c ****         USB_WritePMA(hpcd->Instance, ep->xfer_buff,  ep->pmaaddr0, (uint16_t)len);
2622:Drivers/STM32F1xx_HAL_Driver/Src/stm32f1xx_hal_pcd.c ****       }
2623:Drivers/STM32F1xx_HAL_Driver/Src/stm32f1xx_hal_pcd.c ****     }
2624:Drivers/STM32F1xx_HAL_Driver/Src/stm32f1xx_hal_pcd.c ****   }
2625:Drivers/STM32F1xx_HAL_Driver/Src/stm32f1xx_hal_pcd.c ****   else /* Data Buffer1 ACK received */
2626:Drivers/STM32F1xx_HAL_Driver/Src/stm32f1xx_hal_pcd.c ****   {
2627:Drivers/STM32F1xx_HAL_Driver/Src/stm32f1xx_hal_pcd.c ****     /* multi-packet on the NON control IN endpoint */
2628:Drivers/STM32F1xx_HAL_Driver/Src/stm32f1xx_hal_pcd.c ****     TxPctSize = (uint16_t)PCD_GET_EP_DBUF1_CNT(hpcd->Instance, ep->num);
2629:Drivers/STM32F1xx_HAL_Driver/Src/stm32f1xx_hal_pcd.c **** 
2630:Drivers/STM32F1xx_HAL_Driver/Src/stm32f1xx_hal_pcd.c ****     if (ep->xfer_len >= TxPctSize)
2631:Drivers/STM32F1xx_HAL_Driver/Src/stm32f1xx_hal_pcd.c ****     {
2632:Drivers/STM32F1xx_HAL_Driver/Src/stm32f1xx_hal_pcd.c ****       ep->xfer_len -= TxPctSize;
2633:Drivers/STM32F1xx_HAL_Driver/Src/stm32f1xx_hal_pcd.c ****     }
2634:Drivers/STM32F1xx_HAL_Driver/Src/stm32f1xx_hal_pcd.c ****     else
2635:Drivers/STM32F1xx_HAL_Driver/Src/stm32f1xx_hal_pcd.c ****     {
2636:Drivers/STM32F1xx_HAL_Driver/Src/stm32f1xx_hal_pcd.c ****       ep->xfer_len = 0U;
2637:Drivers/STM32F1xx_HAL_Driver/Src/stm32f1xx_hal_pcd.c ****     }
2638:Drivers/STM32F1xx_HAL_Driver/Src/stm32f1xx_hal_pcd.c **** 
2639:Drivers/STM32F1xx_HAL_Driver/Src/stm32f1xx_hal_pcd.c ****     /* Transfer is completed */
2640:Drivers/STM32F1xx_HAL_Driver/Src/stm32f1xx_hal_pcd.c ****     if (ep->xfer_len == 0U)
2641:Drivers/STM32F1xx_HAL_Driver/Src/stm32f1xx_hal_pcd.c ****     {
2642:Drivers/STM32F1xx_HAL_Driver/Src/stm32f1xx_hal_pcd.c ****       PCD_SET_EP_DBUF0_CNT(hpcd->Instance, ep->num, ep->is_in, 0U);
2643:Drivers/STM32F1xx_HAL_Driver/Src/stm32f1xx_hal_pcd.c ****       PCD_SET_EP_DBUF1_CNT(hpcd->Instance, ep->num, ep->is_in, 0U);
2644:Drivers/STM32F1xx_HAL_Driver/Src/stm32f1xx_hal_pcd.c **** 
2645:Drivers/STM32F1xx_HAL_Driver/Src/stm32f1xx_hal_pcd.c ****       /* TX COMPLETE */
2646:Drivers/STM32F1xx_HAL_Driver/Src/stm32f1xx_hal_pcd.c **** #if (USE_HAL_PCD_REGISTER_CALLBACKS == 1U)
2647:Drivers/STM32F1xx_HAL_Driver/Src/stm32f1xx_hal_pcd.c ****       hpcd->DataInStageCallback(hpcd, ep->num);
2648:Drivers/STM32F1xx_HAL_Driver/Src/stm32f1xx_hal_pcd.c **** #else
2649:Drivers/STM32F1xx_HAL_Driver/Src/stm32f1xx_hal_pcd.c ****       HAL_PCD_DataInStageCallback(hpcd, ep->num);
2650:Drivers/STM32F1xx_HAL_Driver/Src/stm32f1xx_hal_pcd.c **** #endif /* USE_HAL_PCD_REGISTER_CALLBACKS */
2651:Drivers/STM32F1xx_HAL_Driver/Src/stm32f1xx_hal_pcd.c **** 
2652:Drivers/STM32F1xx_HAL_Driver/Src/stm32f1xx_hal_pcd.c ****       /* need to Free USB Buff */
ARM GAS  C:\Users\subdia\AppData\Local\Temp\cczK76oD.s 			page 71


2653:Drivers/STM32F1xx_HAL_Driver/Src/stm32f1xx_hal_pcd.c ****       if ((wEPVal & USB_EP_DTOG_RX) == 0U)
2654:Drivers/STM32F1xx_HAL_Driver/Src/stm32f1xx_hal_pcd.c ****       {
2655:Drivers/STM32F1xx_HAL_Driver/Src/stm32f1xx_hal_pcd.c ****         PCD_FREE_USER_BUFFER(hpcd->Instance, ep->num, 1U);
2656:Drivers/STM32F1xx_HAL_Driver/Src/stm32f1xx_hal_pcd.c ****       }
2657:Drivers/STM32F1xx_HAL_Driver/Src/stm32f1xx_hal_pcd.c ****     }
2658:Drivers/STM32F1xx_HAL_Driver/Src/stm32f1xx_hal_pcd.c ****     else /* Transfer is not yet Done */
2659:Drivers/STM32F1xx_HAL_Driver/Src/stm32f1xx_hal_pcd.c ****     {
2660:Drivers/STM32F1xx_HAL_Driver/Src/stm32f1xx_hal_pcd.c ****       /* need to Free USB Buff */
2661:Drivers/STM32F1xx_HAL_Driver/Src/stm32f1xx_hal_pcd.c ****       if ((wEPVal & USB_EP_DTOG_RX) == 0U)
2662:Drivers/STM32F1xx_HAL_Driver/Src/stm32f1xx_hal_pcd.c ****       {
2663:Drivers/STM32F1xx_HAL_Driver/Src/stm32f1xx_hal_pcd.c ****         PCD_FREE_USER_BUFFER(hpcd->Instance, ep->num, 1U);
2664:Drivers/STM32F1xx_HAL_Driver/Src/stm32f1xx_hal_pcd.c ****       }
2665:Drivers/STM32F1xx_HAL_Driver/Src/stm32f1xx_hal_pcd.c **** 
2666:Drivers/STM32F1xx_HAL_Driver/Src/stm32f1xx_hal_pcd.c ****       /* Still there is data to Fill in the next Buffer */
2667:Drivers/STM32F1xx_HAL_Driver/Src/stm32f1xx_hal_pcd.c ****       if (ep->xfer_fill_db == 1U)
2668:Drivers/STM32F1xx_HAL_Driver/Src/stm32f1xx_hal_pcd.c ****       {
2669:Drivers/STM32F1xx_HAL_Driver/Src/stm32f1xx_hal_pcd.c ****         ep->xfer_buff += TxPctSize;
2670:Drivers/STM32F1xx_HAL_Driver/Src/stm32f1xx_hal_pcd.c ****         ep->xfer_count += TxPctSize;
2671:Drivers/STM32F1xx_HAL_Driver/Src/stm32f1xx_hal_pcd.c **** 
2672:Drivers/STM32F1xx_HAL_Driver/Src/stm32f1xx_hal_pcd.c ****         /* Calculate the len of the new buffer to fill */
2673:Drivers/STM32F1xx_HAL_Driver/Src/stm32f1xx_hal_pcd.c ****         if (ep->xfer_len_db >= ep->maxpacket)
2674:Drivers/STM32F1xx_HAL_Driver/Src/stm32f1xx_hal_pcd.c ****         {
2675:Drivers/STM32F1xx_HAL_Driver/Src/stm32f1xx_hal_pcd.c ****           len = ep->maxpacket;
2676:Drivers/STM32F1xx_HAL_Driver/Src/stm32f1xx_hal_pcd.c ****           ep->xfer_len_db -= len;
2677:Drivers/STM32F1xx_HAL_Driver/Src/stm32f1xx_hal_pcd.c ****         }
2678:Drivers/STM32F1xx_HAL_Driver/Src/stm32f1xx_hal_pcd.c ****         else if (ep->xfer_len_db == 0U)
2679:Drivers/STM32F1xx_HAL_Driver/Src/stm32f1xx_hal_pcd.c ****         {
2680:Drivers/STM32F1xx_HAL_Driver/Src/stm32f1xx_hal_pcd.c ****           len = TxPctSize;
2681:Drivers/STM32F1xx_HAL_Driver/Src/stm32f1xx_hal_pcd.c ****           ep->xfer_fill_db = 0U;
2682:Drivers/STM32F1xx_HAL_Driver/Src/stm32f1xx_hal_pcd.c ****         }
2683:Drivers/STM32F1xx_HAL_Driver/Src/stm32f1xx_hal_pcd.c ****         else
2684:Drivers/STM32F1xx_HAL_Driver/Src/stm32f1xx_hal_pcd.c ****         {
2685:Drivers/STM32F1xx_HAL_Driver/Src/stm32f1xx_hal_pcd.c ****           len = ep->xfer_len_db;
2686:Drivers/STM32F1xx_HAL_Driver/Src/stm32f1xx_hal_pcd.c ****           ep->xfer_len_db = 0U;
2687:Drivers/STM32F1xx_HAL_Driver/Src/stm32f1xx_hal_pcd.c ****           ep->xfer_fill_db = 0;
2688:Drivers/STM32F1xx_HAL_Driver/Src/stm32f1xx_hal_pcd.c ****         }
2689:Drivers/STM32F1xx_HAL_Driver/Src/stm32f1xx_hal_pcd.c **** 
2690:Drivers/STM32F1xx_HAL_Driver/Src/stm32f1xx_hal_pcd.c ****         /* Set the Double buffer counter for pmabuffer1 */
2691:Drivers/STM32F1xx_HAL_Driver/Src/stm32f1xx_hal_pcd.c ****         PCD_SET_EP_DBUF1_CNT(hpcd->Instance, ep->num, ep->is_in, len);
2692:Drivers/STM32F1xx_HAL_Driver/Src/stm32f1xx_hal_pcd.c **** 
2693:Drivers/STM32F1xx_HAL_Driver/Src/stm32f1xx_hal_pcd.c ****         /* Copy the user buffer to USB PMA */
2694:Drivers/STM32F1xx_HAL_Driver/Src/stm32f1xx_hal_pcd.c ****         USB_WritePMA(hpcd->Instance, ep->xfer_buff,  ep->pmaaddr1, (uint16_t)len);
2695:Drivers/STM32F1xx_HAL_Driver/Src/stm32f1xx_hal_pcd.c ****       }
2696:Drivers/STM32F1xx_HAL_Driver/Src/stm32f1xx_hal_pcd.c ****     }
2697:Drivers/STM32F1xx_HAL_Driver/Src/stm32f1xx_hal_pcd.c ****   }
2698:Drivers/STM32F1xx_HAL_Driver/Src/stm32f1xx_hal_pcd.c **** 
2699:Drivers/STM32F1xx_HAL_Driver/Src/stm32f1xx_hal_pcd.c ****   /*enable endpoint IN*/
2700:Drivers/STM32F1xx_HAL_Driver/Src/stm32f1xx_hal_pcd.c ****   PCD_SET_EP_TX_STATUS(hpcd->Instance, ep->num, USB_EP_TX_VALID);
 1131              		.loc 1 2700 3 is_stmt 1 view .LVU370
 1132              	.LBB15:
 1133              		.loc 1 2700 3 view .LVU371
 1134              		.loc 1 2700 3 view .LVU372
 1135 0134 2A68     		ldr	r2, [r5]
 1136 0136 2178     		ldrb	r1, [r4]	@ zero_extendqisi2
 1137 0138 32F82130 		ldrh	r3, [r2, r1, lsl #2]
 1138 013c 9BB2     		uxth	r3, r3
 1139 013e 23F4E043 		bic	r3, r3, #28672
ARM GAS  C:\Users\subdia\AppData\Local\Temp\cczK76oD.s 			page 72


 1140 0142 23F04003 		bic	r3, r3, #64
 1141              		.loc 1 2700 3 view .LVU373
 1142              		.loc 1 2700 3 discriminator 1 view .LVU374
 1143              	.LVL112:
 1144              		.loc 1 2700 3 discriminator 3 view .LVU375
 1145              		.loc 1 2700 3 discriminator 4 view .LVU376
 1146 0146 83F03003 		eor	r3, r3, #48
 1147              	.LVL113:
 1148              		.loc 1 2700 3 discriminator 6 view .LVU377
 1149 014a 43F40043 		orr	r3, r3, #32768
 1150              	.LVL114:
 1151              		.loc 1 2700 3 is_stmt 0 discriminator 6 view .LVU378
 1152 014e 43F08003 		orr	r3, r3, #128
 1153 0152 22F82130 		strh	r3, [r2, r1, lsl #2]	@ movhi
 1154              	.LBE15:
 1155              		.loc 1 2700 3 is_stmt 1 view .LVU379
2701:Drivers/STM32F1xx_HAL_Driver/Src/stm32f1xx_hal_pcd.c **** 
2702:Drivers/STM32F1xx_HAL_Driver/Src/stm32f1xx_hal_pcd.c ****   return HAL_OK;
 1156              		.loc 1 2702 3 view .LVU380
2703:Drivers/STM32F1xx_HAL_Driver/Src/stm32f1xx_hal_pcd.c **** }
 1157              		.loc 1 2703 1 is_stmt 0 view .LVU381
 1158 0156 0020     		movs	r0, #0
 1159 0158 70BD     		pop	{r4, r5, r6, pc}
 1160              	.LVL115:
 1161              	.L94:
2595:Drivers/STM32F1xx_HAL_Driver/Src/stm32f1xx_hal_pcd.c ****         ep->xfer_count += TxPctSize;
 1162              		.loc 1 2595 9 is_stmt 1 view .LVU382
2595:Drivers/STM32F1xx_HAL_Driver/Src/stm32f1xx_hal_pcd.c ****         ep->xfer_count += TxPctSize;
 1163              		.loc 1 2595 11 is_stmt 0 view .LVU383
 1164 015a 6369     		ldr	r3, [r4, #20]
2595:Drivers/STM32F1xx_HAL_Driver/Src/stm32f1xx_hal_pcd.c ****         ep->xfer_count += TxPctSize;
 1165              		.loc 1 2595 23 view .LVU384
 1166 015c 1344     		add	r3, r3, r2
 1167 015e 6361     		str	r3, [r4, #20]
2596:Drivers/STM32F1xx_HAL_Driver/Src/stm32f1xx_hal_pcd.c **** 
 1168              		.loc 1 2596 9 is_stmt 1 view .LVU385
2596:Drivers/STM32F1xx_HAL_Driver/Src/stm32f1xx_hal_pcd.c **** 
 1169              		.loc 1 2596 11 is_stmt 0 view .LVU386
 1170 0160 E369     		ldr	r3, [r4, #28]
2596:Drivers/STM32F1xx_HAL_Driver/Src/stm32f1xx_hal_pcd.c **** 
 1171              		.loc 1 2596 24 view .LVU387
 1172 0162 1344     		add	r3, r3, r2
 1173 0164 E361     		str	r3, [r4, #28]
2599:Drivers/STM32F1xx_HAL_Driver/Src/stm32f1xx_hal_pcd.c ****         {
 1174              		.loc 1 2599 9 is_stmt 1 view .LVU388
2599:Drivers/STM32F1xx_HAL_Driver/Src/stm32f1xx_hal_pcd.c ****         {
 1175              		.loc 1 2599 15 is_stmt 0 view .LVU389
 1176 0166 216A     		ldr	r1, [r4, #32]
2599:Drivers/STM32F1xx_HAL_Driver/Src/stm32f1xx_hal_pcd.c ****         {
 1177              		.loc 1 2599 34 view .LVU390
 1178 0168 2369     		ldr	r3, [r4, #16]
2599:Drivers/STM32F1xx_HAL_Driver/Src/stm32f1xx_hal_pcd.c ****         {
 1179              		.loc 1 2599 12 view .LVU391
 1180 016a 9942     		cmp	r1, r3
 1181 016c 24D3     		bcc	.L67
2601:Drivers/STM32F1xx_HAL_Driver/Src/stm32f1xx_hal_pcd.c ****           ep->xfer_len_db -= len;
 1182              		.loc 1 2601 11 is_stmt 1 view .LVU392
ARM GAS  C:\Users\subdia\AppData\Local\Temp\cczK76oD.s 			page 73


 1183              	.LVL116:
2602:Drivers/STM32F1xx_HAL_Driver/Src/stm32f1xx_hal_pcd.c ****         }
 1184              		.loc 1 2602 11 view .LVU393
2602:Drivers/STM32F1xx_HAL_Driver/Src/stm32f1xx_hal_pcd.c ****         }
 1185              		.loc 1 2602 27 is_stmt 0 view .LVU394
 1186 016e C91A     		subs	r1, r1, r3
 1187 0170 2162     		str	r1, [r4, #32]
 1188              	.L68:
2618:Drivers/STM32F1xx_HAL_Driver/Src/stm32f1xx_hal_pcd.c **** 
 1189              		.loc 1 2618 9 is_stmt 1 view .LVU395
2618:Drivers/STM32F1xx_HAL_Driver/Src/stm32f1xx_hal_pcd.c **** 
 1190              		.loc 1 2618 9 view .LVU396
 1191 0172 6278     		ldrb	r2, [r4, #1]	@ zero_extendqisi2
 1192              	.LVL117:
2618:Drivers/STM32F1xx_HAL_Driver/Src/stm32f1xx_hal_pcd.c **** 
 1193              		.loc 1 2618 9 is_stmt 0 view .LVU397
 1194 0174 002A     		cmp	r2, #0
 1195 0176 43D1     		bne	.L70
2618:Drivers/STM32F1xx_HAL_Driver/Src/stm32f1xx_hal_pcd.c **** 
 1196              		.loc 1 2618 9 is_stmt 1 discriminator 1 view .LVU398
 1197              	.LBB16:
2618:Drivers/STM32F1xx_HAL_Driver/Src/stm32f1xx_hal_pcd.c **** 
 1198              		.loc 1 2618 9 discriminator 1 view .LVU399
 1199 0178 2A68     		ldr	r2, [r5]
 1200              	.LVL118:
2618:Drivers/STM32F1xx_HAL_Driver/Src/stm32f1xx_hal_pcd.c **** 
 1201              		.loc 1 2618 9 view .LVU400
2618:Drivers/STM32F1xx_HAL_Driver/Src/stm32f1xx_hal_pcd.c **** 
 1202              		.loc 1 2618 9 view .LVU401
2618:Drivers/STM32F1xx_HAL_Driver/Src/stm32f1xx_hal_pcd.c **** 
 1203              		.loc 1 2618 9 is_stmt 0 discriminator 1 view .LVU402
 1204 017a B2F85010 		ldrh	r1, [r2, #80]
 1205 017e 89B2     		uxth	r1, r1
 1206 0180 0A44     		add	r2, r2, r1
 1207              	.LVL119:
2618:Drivers/STM32F1xx_HAL_Driver/Src/stm32f1xx_hal_pcd.c **** 
 1208              		.loc 1 2618 9 is_stmt 1 view .LVU403
2618:Drivers/STM32F1xx_HAL_Driver/Src/stm32f1xx_hal_pcd.c **** 
 1209              		.loc 1 2618 9 is_stmt 0 discriminator 1 view .LVU404
 1210 0182 2178     		ldrb	r1, [r4]	@ zero_extendqisi2
 1211 0184 02EB0112 		add	r2, r2, r1, lsl #4
 1212              	.LVL120:
2618:Drivers/STM32F1xx_HAL_Driver/Src/stm32f1xx_hal_pcd.c **** 
 1213              		.loc 1 2618 9 is_stmt 1 view .LVU405
 1214              	.LBB17:
2618:Drivers/STM32F1xx_HAL_Driver/Src/stm32f1xx_hal_pcd.c **** 
 1215              		.loc 1 2618 9 view .LVU406
2618:Drivers/STM32F1xx_HAL_Driver/Src/stm32f1xx_hal_pcd.c **** 
 1216              		.loc 1 2618 9 view .LVU407
2618:Drivers/STM32F1xx_HAL_Driver/Src/stm32f1xx_hal_pcd.c **** 
 1217              		.loc 1 2618 9 is_stmt 0 discriminator 1 view .LVU408
 1218 0188 B2F80414 		ldrh	r1, [r2, #1028]
 1219 018c C1F30901 		ubfx	r1, r1, #0, #10
 1220 0190 A2F80414 		strh	r1, [r2, #1028]	@ movhi
2618:Drivers/STM32F1xx_HAL_Driver/Src/stm32f1xx_hal_pcd.c **** 
 1221              		.loc 1 2618 9 is_stmt 1 view .LVU409
2618:Drivers/STM32F1xx_HAL_Driver/Src/stm32f1xx_hal_pcd.c **** 
ARM GAS  C:\Users\subdia\AppData\Local\Temp\cczK76oD.s 			page 74


 1222              		.loc 1 2618 9 is_stmt 0 discriminator 1 view .LVU410
 1223 0194 3E2B     		cmp	r3, #62
 1224 0196 1AD9     		bls	.L71
2618:Drivers/STM32F1xx_HAL_Driver/Src/stm32f1xx_hal_pcd.c **** 
 1225              		.loc 1 2618 9 is_stmt 1 discriminator 3 view .LVU411
2618:Drivers/STM32F1xx_HAL_Driver/Src/stm32f1xx_hal_pcd.c **** 
 1226              		.loc 1 2618 9 discriminator 3 view .LVU412
 1227 0198 5809     		lsrs	r0, r3, #5
 1228              	.LVL121:
2618:Drivers/STM32F1xx_HAL_Driver/Src/stm32f1xx_hal_pcd.c **** 
 1229              		.loc 1 2618 9 view .LVU413
2618:Drivers/STM32F1xx_HAL_Driver/Src/stm32f1xx_hal_pcd.c **** 
 1230              		.loc 1 2618 9 is_stmt 0 discriminator 3 view .LVU414
 1231 019a 13F01F0F 		tst	r3, #31
 1232 019e 00D1     		bne	.L72
2618:Drivers/STM32F1xx_HAL_Driver/Src/stm32f1xx_hal_pcd.c **** 
 1233              		.loc 1 2618 9 is_stmt 1 discriminator 5 view .LVU415
 1234 01a0 0138     		subs	r0, r0, #1
 1235              	.LVL122:
 1236              	.L72:
2618:Drivers/STM32F1xx_HAL_Driver/Src/stm32f1xx_hal_pcd.c **** 
 1237              		.loc 1 2618 9 discriminator 7 view .LVU416
 1238 01a2 B2F80414 		ldrh	r1, [r2, #1028]
 1239 01a6 89B2     		uxth	r1, r1
 1240 01a8 8002     		lsls	r0, r0, #10
 1241              	.LVL123:
2618:Drivers/STM32F1xx_HAL_Driver/Src/stm32f1xx_hal_pcd.c **** 
 1242              		.loc 1 2618 9 is_stmt 0 discriminator 7 view .LVU417
 1243 01aa 80B2     		uxth	r0, r0
 1244 01ac 0143     		orrs	r1, r1, r0
 1245 01ae 41F40041 		orr	r1, r1, #32768
 1246 01b2 A2F80414 		strh	r1, [r2, #1028]	@ movhi
2618:Drivers/STM32F1xx_HAL_Driver/Src/stm32f1xx_hal_pcd.c **** 
 1247              		.loc 1 2618 9 is_stmt 1 view .LVU418
 1248 01b6 25E0     		b	.L73
 1249              	.LVL124:
 1250              	.L67:
2618:Drivers/STM32F1xx_HAL_Driver/Src/stm32f1xx_hal_pcd.c **** 
 1251              		.loc 1 2618 9 is_stmt 0 view .LVU419
 1252              	.LBE17:
 1253              	.LBE16:
2604:Drivers/STM32F1xx_HAL_Driver/Src/stm32f1xx_hal_pcd.c ****         {
 1254              		.loc 1 2604 14 is_stmt 1 view .LVU420
2604:Drivers/STM32F1xx_HAL_Driver/Src/stm32f1xx_hal_pcd.c ****         {
 1255              		.loc 1 2604 17 is_stmt 0 view .LVU421
 1256 01b8 19B9     		cbnz	r1, .L69
2606:Drivers/STM32F1xx_HAL_Driver/Src/stm32f1xx_hal_pcd.c ****           ep->xfer_fill_db = 0U;
 1257              		.loc 1 2606 11 is_stmt 1 view .LVU422
 1258              	.LVL125:
2607:Drivers/STM32F1xx_HAL_Driver/Src/stm32f1xx_hal_pcd.c ****         }
 1259              		.loc 1 2607 11 view .LVU423
2607:Drivers/STM32F1xx_HAL_Driver/Src/stm32f1xx_hal_pcd.c ****         }
 1260              		.loc 1 2607 28 is_stmt 0 view .LVU424
 1261 01ba 84F82410 		strb	r1, [r4, #36]
2606:Drivers/STM32F1xx_HAL_Driver/Src/stm32f1xx_hal_pcd.c ****           ep->xfer_fill_db = 0U;
 1262              		.loc 1 2606 15 view .LVU425
 1263 01be 1346     		mov	r3, r2
ARM GAS  C:\Users\subdia\AppData\Local\Temp\cczK76oD.s 			page 75


 1264 01c0 D7E7     		b	.L68
 1265              	.LVL126:
 1266              	.L69:
2611:Drivers/STM32F1xx_HAL_Driver/Src/stm32f1xx_hal_pcd.c ****           len = ep->xfer_len_db;
 1267              		.loc 1 2611 11 is_stmt 1 view .LVU426
2611:Drivers/STM32F1xx_HAL_Driver/Src/stm32f1xx_hal_pcd.c ****           len = ep->xfer_len_db;
 1268              		.loc 1 2611 28 is_stmt 0 view .LVU427
 1269 01c2 0023     		movs	r3, #0
 1270 01c4 84F82430 		strb	r3, [r4, #36]
2612:Drivers/STM32F1xx_HAL_Driver/Src/stm32f1xx_hal_pcd.c ****           ep->xfer_len_db = 0U;
 1271              		.loc 1 2612 11 is_stmt 1 view .LVU428
 1272              	.LVL127:
2613:Drivers/STM32F1xx_HAL_Driver/Src/stm32f1xx_hal_pcd.c ****         }
 1273              		.loc 1 2613 11 view .LVU429
2613:Drivers/STM32F1xx_HAL_Driver/Src/stm32f1xx_hal_pcd.c ****         }
 1274              		.loc 1 2613 27 is_stmt 0 view .LVU430
 1275 01c8 2362     		str	r3, [r4, #32]
2612:Drivers/STM32F1xx_HAL_Driver/Src/stm32f1xx_hal_pcd.c ****           ep->xfer_len_db = 0U;
 1276              		.loc 1 2612 15 view .LVU431
 1277 01ca 0B46     		mov	r3, r1
 1278 01cc D1E7     		b	.L68
 1279              	.LVL128:
 1280              	.L71:
 1281              	.LBB19:
 1282              	.LBB18:
2618:Drivers/STM32F1xx_HAL_Driver/Src/stm32f1xx_hal_pcd.c **** 
 1283              		.loc 1 2618 9 is_stmt 1 discriminator 4 view .LVU432
 1284 01ce 4BB9     		cbnz	r3, .L74
2618:Drivers/STM32F1xx_HAL_Driver/Src/stm32f1xx_hal_pcd.c **** 
 1285              		.loc 1 2618 9 discriminator 8 view .LVU433
 1286 01d0 B2F80414 		ldrh	r1, [r2, #1028]
 1287 01d4 6FEA4141 		mvn	r1, r1, lsl #17
 1288 01d8 6FEA5141 		mvn	r1, r1, lsr #17
 1289 01dc 89B2     		uxth	r1, r1
 1290 01de A2F80414 		strh	r1, [r2, #1028]	@ movhi
 1291 01e2 0FE0     		b	.L73
 1292              	.L74:
2618:Drivers/STM32F1xx_HAL_Driver/Src/stm32f1xx_hal_pcd.c **** 
 1293              		.loc 1 2618 9 discriminator 9 view .LVU434
2618:Drivers/STM32F1xx_HAL_Driver/Src/stm32f1xx_hal_pcd.c **** 
 1294              		.loc 1 2618 9 discriminator 9 view .LVU435
 1295 01e4 5908     		lsrs	r1, r3, #1
 1296              	.LVL129:
2618:Drivers/STM32F1xx_HAL_Driver/Src/stm32f1xx_hal_pcd.c **** 
 1297              		.loc 1 2618 9 view .LVU436
2618:Drivers/STM32F1xx_HAL_Driver/Src/stm32f1xx_hal_pcd.c **** 
 1298              		.loc 1 2618 9 is_stmt 0 discriminator 9 view .LVU437
 1299 01e6 13F0010F 		tst	r3, #1
 1300 01ea 00D0     		beq	.L75
2618:Drivers/STM32F1xx_HAL_Driver/Src/stm32f1xx_hal_pcd.c **** 
 1301              		.loc 1 2618 9 is_stmt 1 discriminator 10 view .LVU438
 1302 01ec 0131     		adds	r1, r1, #1
 1303              	.LVL130:
 1304              	.L75:
2618:Drivers/STM32F1xx_HAL_Driver/Src/stm32f1xx_hal_pcd.c **** 
 1305              		.loc 1 2618 9 discriminator 12 view .LVU439
 1306 01ee B2F80404 		ldrh	r0, [r2, #1028]
ARM GAS  C:\Users\subdia\AppData\Local\Temp\cczK76oD.s 			page 76


 1307 01f2 80B2     		uxth	r0, r0
 1308 01f4 8902     		lsls	r1, r1, #10
 1309              	.LVL131:
2618:Drivers/STM32F1xx_HAL_Driver/Src/stm32f1xx_hal_pcd.c **** 
 1310              		.loc 1 2618 9 is_stmt 0 discriminator 12 view .LVU440
 1311 01f6 89B2     		uxth	r1, r1
 1312 01f8 0143     		orrs	r1, r1, r0
 1313 01fa A2F80414 		strh	r1, [r2, #1028]	@ movhi
 1314 01fe 01E0     		b	.L73
 1315              	.LVL132:
 1316              	.L70:
2618:Drivers/STM32F1xx_HAL_Driver/Src/stm32f1xx_hal_pcd.c **** 
 1317              		.loc 1 2618 9 discriminator 12 view .LVU441
 1318              	.LBE18:
 1319              	.LBE19:
2618:Drivers/STM32F1xx_HAL_Driver/Src/stm32f1xx_hal_pcd.c **** 
 1320              		.loc 1 2618 9 is_stmt 1 discriminator 2 view .LVU442
 1321 0200 012A     		cmp	r2, #1
 1322 0202 06D0     		beq	.L95
 1323              	.L73:
2618:Drivers/STM32F1xx_HAL_Driver/Src/stm32f1xx_hal_pcd.c **** 
 1324              		.loc 1 2618 9 view .LVU443
2618:Drivers/STM32F1xx_HAL_Driver/Src/stm32f1xx_hal_pcd.c **** 
 1325              		.loc 1 2618 9 view .LVU444
2621:Drivers/STM32F1xx_HAL_Driver/Src/stm32f1xx_hal_pcd.c ****       }
 1326              		.loc 1 2621 9 view .LVU445
 1327 0204 9BB2     		uxth	r3, r3
 1328              	.LVL133:
2621:Drivers/STM32F1xx_HAL_Driver/Src/stm32f1xx_hal_pcd.c ****       }
 1329              		.loc 1 2621 9 is_stmt 0 view .LVU446
 1330 0206 2289     		ldrh	r2, [r4, #8]
 1331 0208 6169     		ldr	r1, [r4, #20]
 1332 020a 2868     		ldr	r0, [r5]
 1333 020c FFF7FEFF 		bl	USB_WritePMA
 1334              	.LVL134:
 1335 0210 90E7     		b	.L65
 1336              	.LVL135:
 1337              	.L95:
2618:Drivers/STM32F1xx_HAL_Driver/Src/stm32f1xx_hal_pcd.c **** 
 1338              		.loc 1 2618 9 is_stmt 1 discriminator 13 view .LVU447
 1339              	.LBB20:
2618:Drivers/STM32F1xx_HAL_Driver/Src/stm32f1xx_hal_pcd.c **** 
 1340              		.loc 1 2618 9 discriminator 13 view .LVU448
 1341 0212 2A68     		ldr	r2, [r5]
 1342              	.LVL136:
2618:Drivers/STM32F1xx_HAL_Driver/Src/stm32f1xx_hal_pcd.c **** 
 1343              		.loc 1 2618 9 view .LVU449
2618:Drivers/STM32F1xx_HAL_Driver/Src/stm32f1xx_hal_pcd.c **** 
 1344              		.loc 1 2618 9 view .LVU450
2618:Drivers/STM32F1xx_HAL_Driver/Src/stm32f1xx_hal_pcd.c **** 
 1345              		.loc 1 2618 9 is_stmt 0 discriminator 13 view .LVU451
 1346 0214 B2F85010 		ldrh	r1, [r2, #80]
 1347 0218 89B2     		uxth	r1, r1
 1348 021a 0A44     		add	r2, r2, r1
 1349              	.LVL137:
2618:Drivers/STM32F1xx_HAL_Driver/Src/stm32f1xx_hal_pcd.c **** 
 1350              		.loc 1 2618 9 is_stmt 1 view .LVU452
ARM GAS  C:\Users\subdia\AppData\Local\Temp\cczK76oD.s 			page 77


2618:Drivers/STM32F1xx_HAL_Driver/Src/stm32f1xx_hal_pcd.c **** 
 1351              		.loc 1 2618 9 is_stmt 0 discriminator 13 view .LVU453
 1352 021c 2178     		ldrb	r1, [r4]	@ zero_extendqisi2
 1353 021e 02EB0112 		add	r2, r2, r1, lsl #4
 1354              	.LVL138:
2618:Drivers/STM32F1xx_HAL_Driver/Src/stm32f1xx_hal_pcd.c **** 
 1355              		.loc 1 2618 9 is_stmt 1 view .LVU454
2618:Drivers/STM32F1xx_HAL_Driver/Src/stm32f1xx_hal_pcd.c **** 
 1356              		.loc 1 2618 9 is_stmt 0 discriminator 13 view .LVU455
 1357 0222 99B2     		uxth	r1, r3
 1358 0224 A2F80414 		strh	r1, [r2, #1028]	@ movhi
2618:Drivers/STM32F1xx_HAL_Driver/Src/stm32f1xx_hal_pcd.c **** 
 1359              		.loc 1 2618 9 discriminator 13 view .LVU456
 1360 0228 ECE7     		b	.L73
 1361              	.LVL139:
 1362              	.L57:
2618:Drivers/STM32F1xx_HAL_Driver/Src/stm32f1xx_hal_pcd.c **** 
 1363              		.loc 1 2618 9 discriminator 13 view .LVU457
 1364              	.LBE20:
2628:Drivers/STM32F1xx_HAL_Driver/Src/stm32f1xx_hal_pcd.c **** 
 1365              		.loc 1 2628 5 is_stmt 1 view .LVU458
2628:Drivers/STM32F1xx_HAL_Driver/Src/stm32f1xx_hal_pcd.c **** 
 1366              		.loc 1 2628 27 is_stmt 0 view .LVU459
 1367 022a 0268     		ldr	r2, [r0]
 1368              	.LVL140:
2628:Drivers/STM32F1xx_HAL_Driver/Src/stm32f1xx_hal_pcd.c **** 
 1369              		.loc 1 2628 27 view .LVU460
 1370 022c B2F85030 		ldrh	r3, [r2, #80]
 1371 0230 9BB2     		uxth	r3, r3
 1372 0232 0978     		ldrb	r1, [r1]	@ zero_extendqisi2
 1373              	.LVL141:
2628:Drivers/STM32F1xx_HAL_Driver/Src/stm32f1xx_hal_pcd.c **** 
 1374              		.loc 1 2628 27 view .LVU461
 1375 0234 03EBC103 		add	r3, r3, r1, lsl #3
 1376 0238 0633     		adds	r3, r3, #6
 1377 023a 02EB4302 		add	r2, r2, r3, lsl #1
 1378 023e B2F80024 		ldrh	r2, [r2, #1024]
2628:Drivers/STM32F1xx_HAL_Driver/Src/stm32f1xx_hal_pcd.c **** 
 1379              		.loc 1 2628 15 view .LVU462
 1380 0242 C2F30902 		ubfx	r2, r2, #0, #10
 1381              	.LVL142:
2630:Drivers/STM32F1xx_HAL_Driver/Src/stm32f1xx_hal_pcd.c ****     {
 1382              		.loc 1 2630 5 is_stmt 1 view .LVU463
2630:Drivers/STM32F1xx_HAL_Driver/Src/stm32f1xx_hal_pcd.c ****     {
 1383              		.loc 1 2630 11 is_stmt 0 view .LVU464
 1384 0246 A369     		ldr	r3, [r4, #24]
2630:Drivers/STM32F1xx_HAL_Driver/Src/stm32f1xx_hal_pcd.c ****     {
 1385              		.loc 1 2630 8 view .LVU465
 1386 0248 9342     		cmp	r3, r2
 1387 024a 4FD3     		bcc	.L76
2632:Drivers/STM32F1xx_HAL_Driver/Src/stm32f1xx_hal_pcd.c ****     }
 1388              		.loc 1 2632 7 is_stmt 1 view .LVU466
2632:Drivers/STM32F1xx_HAL_Driver/Src/stm32f1xx_hal_pcd.c ****     }
 1389              		.loc 1 2632 20 is_stmt 0 view .LVU467
 1390 024c 9B1A     		subs	r3, r3, r2
 1391 024e A361     		str	r3, [r4, #24]
 1392              	.L77:
ARM GAS  C:\Users\subdia\AppData\Local\Temp\cczK76oD.s 			page 78


2640:Drivers/STM32F1xx_HAL_Driver/Src/stm32f1xx_hal_pcd.c ****     {
 1393              		.loc 1 2640 5 is_stmt 1 view .LVU468
2640:Drivers/STM32F1xx_HAL_Driver/Src/stm32f1xx_hal_pcd.c ****     {
 1394              		.loc 1 2640 11 is_stmt 0 view .LVU469
 1395 0250 A369     		ldr	r3, [r4, #24]
2640:Drivers/STM32F1xx_HAL_Driver/Src/stm32f1xx_hal_pcd.c ****     {
 1396              		.loc 1 2640 8 view .LVU470
 1397 0252 002B     		cmp	r3, #0
 1398 0254 67D1     		bne	.L78
2642:Drivers/STM32F1xx_HAL_Driver/Src/stm32f1xx_hal_pcd.c ****       PCD_SET_EP_DBUF1_CNT(hpcd->Instance, ep->num, ep->is_in, 0U);
 1399              		.loc 1 2642 7 is_stmt 1 view .LVU471
2642:Drivers/STM32F1xx_HAL_Driver/Src/stm32f1xx_hal_pcd.c ****       PCD_SET_EP_DBUF1_CNT(hpcd->Instance, ep->num, ep->is_in, 0U);
 1400              		.loc 1 2642 7 view .LVU472
 1401 0256 6378     		ldrb	r3, [r4, #1]	@ zero_extendqisi2
 1402 0258 002B     		cmp	r3, #0
 1403 025a 4AD1     		bne	.L79
2642:Drivers/STM32F1xx_HAL_Driver/Src/stm32f1xx_hal_pcd.c ****       PCD_SET_EP_DBUF1_CNT(hpcd->Instance, ep->num, ep->is_in, 0U);
 1404              		.loc 1 2642 7 discriminator 1 view .LVU473
 1405              	.LBB21:
2642:Drivers/STM32F1xx_HAL_Driver/Src/stm32f1xx_hal_pcd.c ****       PCD_SET_EP_DBUF1_CNT(hpcd->Instance, ep->num, ep->is_in, 0U);
 1406              		.loc 1 2642 7 discriminator 1 view .LVU474
 1407 025c 2B68     		ldr	r3, [r5]
 1408              	.LVL143:
2642:Drivers/STM32F1xx_HAL_Driver/Src/stm32f1xx_hal_pcd.c ****       PCD_SET_EP_DBUF1_CNT(hpcd->Instance, ep->num, ep->is_in, 0U);
 1409              		.loc 1 2642 7 view .LVU475
2642:Drivers/STM32F1xx_HAL_Driver/Src/stm32f1xx_hal_pcd.c ****       PCD_SET_EP_DBUF1_CNT(hpcd->Instance, ep->num, ep->is_in, 0U);
 1410              		.loc 1 2642 7 view .LVU476
2642:Drivers/STM32F1xx_HAL_Driver/Src/stm32f1xx_hal_pcd.c ****       PCD_SET_EP_DBUF1_CNT(hpcd->Instance, ep->num, ep->is_in, 0U);
 1411              		.loc 1 2642 7 is_stmt 0 discriminator 1 view .LVU477
 1412 025e B3F85020 		ldrh	r2, [r3, #80]
 1413              	.LVL144:
2642:Drivers/STM32F1xx_HAL_Driver/Src/stm32f1xx_hal_pcd.c ****       PCD_SET_EP_DBUF1_CNT(hpcd->Instance, ep->num, ep->is_in, 0U);
 1414              		.loc 1 2642 7 discriminator 1 view .LVU478
 1415 0262 92B2     		uxth	r2, r2
 1416 0264 1344     		add	r3, r3, r2
 1417              	.LVL145:
2642:Drivers/STM32F1xx_HAL_Driver/Src/stm32f1xx_hal_pcd.c ****       PCD_SET_EP_DBUF1_CNT(hpcd->Instance, ep->num, ep->is_in, 0U);
 1418              		.loc 1 2642 7 is_stmt 1 view .LVU479
2642:Drivers/STM32F1xx_HAL_Driver/Src/stm32f1xx_hal_pcd.c ****       PCD_SET_EP_DBUF1_CNT(hpcd->Instance, ep->num, ep->is_in, 0U);
 1419              		.loc 1 2642 7 is_stmt 0 discriminator 1 view .LVU480
 1420 0266 03EB0113 		add	r3, r3, r1, lsl #4
 1421              	.LVL146:
2642:Drivers/STM32F1xx_HAL_Driver/Src/stm32f1xx_hal_pcd.c ****       PCD_SET_EP_DBUF1_CNT(hpcd->Instance, ep->num, ep->is_in, 0U);
 1422              		.loc 1 2642 7 is_stmt 1 view .LVU481
 1423              	.LBB22:
2642:Drivers/STM32F1xx_HAL_Driver/Src/stm32f1xx_hal_pcd.c ****       PCD_SET_EP_DBUF1_CNT(hpcd->Instance, ep->num, ep->is_in, 0U);
 1424              		.loc 1 2642 7 view .LVU482
2642:Drivers/STM32F1xx_HAL_Driver/Src/stm32f1xx_hal_pcd.c ****       PCD_SET_EP_DBUF1_CNT(hpcd->Instance, ep->num, ep->is_in, 0U);
 1425              		.loc 1 2642 7 view .LVU483
2642:Drivers/STM32F1xx_HAL_Driver/Src/stm32f1xx_hal_pcd.c ****       PCD_SET_EP_DBUF1_CNT(hpcd->Instance, ep->num, ep->is_in, 0U);
 1426              		.loc 1 2642 7 is_stmt 0 discriminator 1 view .LVU484
 1427 026a B3F80424 		ldrh	r2, [r3, #1028]
 1428              	.LVL147:
2642:Drivers/STM32F1xx_HAL_Driver/Src/stm32f1xx_hal_pcd.c ****       PCD_SET_EP_DBUF1_CNT(hpcd->Instance, ep->num, ep->is_in, 0U);
 1429              		.loc 1 2642 7 discriminator 1 view .LVU485
 1430 026e C2F30902 		ubfx	r2, r2, #0, #10
 1431 0272 A3F80424 		strh	r2, [r3, #1028]	@ movhi
ARM GAS  C:\Users\subdia\AppData\Local\Temp\cczK76oD.s 			page 79


2642:Drivers/STM32F1xx_HAL_Driver/Src/stm32f1xx_hal_pcd.c ****       PCD_SET_EP_DBUF1_CNT(hpcd->Instance, ep->num, ep->is_in, 0U);
 1432              		.loc 1 2642 7 is_stmt 1 view .LVU486
2642:Drivers/STM32F1xx_HAL_Driver/Src/stm32f1xx_hal_pcd.c ****       PCD_SET_EP_DBUF1_CNT(hpcd->Instance, ep->num, ep->is_in, 0U);
 1433              		.loc 1 2642 7 discriminator 4 view .LVU487
2642:Drivers/STM32F1xx_HAL_Driver/Src/stm32f1xx_hal_pcd.c ****       PCD_SET_EP_DBUF1_CNT(hpcd->Instance, ep->num, ep->is_in, 0U);
 1434              		.loc 1 2642 7 discriminator 8 view .LVU488
 1435 0276 B3F80424 		ldrh	r2, [r3, #1028]
 1436 027a 6FEA4242 		mvn	r2, r2, lsl #17
 1437 027e 6FEA5242 		mvn	r2, r2, lsr #17
 1438 0282 92B2     		uxth	r2, r2
 1439 0284 A3F80424 		strh	r2, [r3, #1028]	@ movhi
2642:Drivers/STM32F1xx_HAL_Driver/Src/stm32f1xx_hal_pcd.c ****       PCD_SET_EP_DBUF1_CNT(hpcd->Instance, ep->num, ep->is_in, 0U);
 1440              		.loc 1 2642 7 view .LVU489
 1441              	.LBE22:
2642:Drivers/STM32F1xx_HAL_Driver/Src/stm32f1xx_hal_pcd.c ****       PCD_SET_EP_DBUF1_CNT(hpcd->Instance, ep->num, ep->is_in, 0U);
 1442              		.loc 1 2642 7 view .LVU490
 1443              	.LBE21:
2642:Drivers/STM32F1xx_HAL_Driver/Src/stm32f1xx_hal_pcd.c ****       PCD_SET_EP_DBUF1_CNT(hpcd->Instance, ep->num, ep->is_in, 0U);
 1444              		.loc 1 2642 7 view .LVU491
 1445              	.LVL148:
 1446              	.L80:
2642:Drivers/STM32F1xx_HAL_Driver/Src/stm32f1xx_hal_pcd.c ****       PCD_SET_EP_DBUF1_CNT(hpcd->Instance, ep->num, ep->is_in, 0U);
 1447              		.loc 1 2642 7 view .LVU492
2642:Drivers/STM32F1xx_HAL_Driver/Src/stm32f1xx_hal_pcd.c ****       PCD_SET_EP_DBUF1_CNT(hpcd->Instance, ep->num, ep->is_in, 0U);
 1448              		.loc 1 2642 7 view .LVU493
2643:Drivers/STM32F1xx_HAL_Driver/Src/stm32f1xx_hal_pcd.c **** 
 1449              		.loc 1 2643 7 view .LVU494
 1450              	.LBB23:
2643:Drivers/STM32F1xx_HAL_Driver/Src/stm32f1xx_hal_pcd.c **** 
 1451              		.loc 1 2643 7 view .LVU495
 1452 0288 2B68     		ldr	r3, [r5]
 1453              	.LVL149:
2643:Drivers/STM32F1xx_HAL_Driver/Src/stm32f1xx_hal_pcd.c **** 
 1454              		.loc 1 2643 7 view .LVU496
2643:Drivers/STM32F1xx_HAL_Driver/Src/stm32f1xx_hal_pcd.c **** 
 1455              		.loc 1 2643 7 view .LVU497
 1456 028a 6278     		ldrb	r2, [r4, #1]	@ zero_extendqisi2
 1457 028c 002A     		cmp	r2, #0
 1458 028e 3DD1     		bne	.L81
2643:Drivers/STM32F1xx_HAL_Driver/Src/stm32f1xx_hal_pcd.c **** 
 1459              		.loc 1 2643 7 discriminator 1 view .LVU498
 1460              	.LBB24:
2643:Drivers/STM32F1xx_HAL_Driver/Src/stm32f1xx_hal_pcd.c **** 
 1461              		.loc 1 2643 7 discriminator 1 view .LVU499
 1462              	.LVL150:
2643:Drivers/STM32F1xx_HAL_Driver/Src/stm32f1xx_hal_pcd.c **** 
 1463              		.loc 1 2643 7 view .LVU500
2643:Drivers/STM32F1xx_HAL_Driver/Src/stm32f1xx_hal_pcd.c **** 
 1464              		.loc 1 2643 7 view .LVU501
2643:Drivers/STM32F1xx_HAL_Driver/Src/stm32f1xx_hal_pcd.c **** 
 1465              		.loc 1 2643 7 is_stmt 0 discriminator 1 view .LVU502
 1466 0290 B3F85020 		ldrh	r2, [r3, #80]
 1467 0294 92B2     		uxth	r2, r2
 1468 0296 1344     		add	r3, r3, r2
 1469              	.LVL151:
2643:Drivers/STM32F1xx_HAL_Driver/Src/stm32f1xx_hal_pcd.c **** 
 1470              		.loc 1 2643 7 is_stmt 1 view .LVU503
ARM GAS  C:\Users\subdia\AppData\Local\Temp\cczK76oD.s 			page 80


2643:Drivers/STM32F1xx_HAL_Driver/Src/stm32f1xx_hal_pcd.c **** 
 1471              		.loc 1 2643 7 is_stmt 0 discriminator 1 view .LVU504
 1472 0298 2278     		ldrb	r2, [r4]	@ zero_extendqisi2
 1473 029a 03EB0213 		add	r3, r3, r2, lsl #4
 1474              	.LVL152:
2643:Drivers/STM32F1xx_HAL_Driver/Src/stm32f1xx_hal_pcd.c **** 
 1475              		.loc 1 2643 7 is_stmt 1 view .LVU505
 1476              	.LBB25:
2643:Drivers/STM32F1xx_HAL_Driver/Src/stm32f1xx_hal_pcd.c **** 
 1477              		.loc 1 2643 7 view .LVU506
2643:Drivers/STM32F1xx_HAL_Driver/Src/stm32f1xx_hal_pcd.c **** 
 1478              		.loc 1 2643 7 view .LVU507
2643:Drivers/STM32F1xx_HAL_Driver/Src/stm32f1xx_hal_pcd.c **** 
 1479              		.loc 1 2643 7 is_stmt 0 discriminator 1 view .LVU508
 1480 029e B3F80C24 		ldrh	r2, [r3, #1036]
 1481 02a2 C2F30902 		ubfx	r2, r2, #0, #10
 1482 02a6 A3F80C24 		strh	r2, [r3, #1036]	@ movhi
 1483              	.LVL153:
2643:Drivers/STM32F1xx_HAL_Driver/Src/stm32f1xx_hal_pcd.c **** 
 1484              		.loc 1 2643 7 is_stmt 1 view .LVU509
2643:Drivers/STM32F1xx_HAL_Driver/Src/stm32f1xx_hal_pcd.c **** 
 1485              		.loc 1 2643 7 discriminator 4 view .LVU510
2643:Drivers/STM32F1xx_HAL_Driver/Src/stm32f1xx_hal_pcd.c **** 
 1486              		.loc 1 2643 7 discriminator 8 view .LVU511
 1487 02aa B3F80C24 		ldrh	r2, [r3, #1036]
 1488 02ae 6FEA4242 		mvn	r2, r2, lsl #17
 1489 02b2 6FEA5242 		mvn	r2, r2, lsr #17
 1490 02b6 92B2     		uxth	r2, r2
 1491 02b8 A3F80C24 		strh	r2, [r3, #1036]	@ movhi
2643:Drivers/STM32F1xx_HAL_Driver/Src/stm32f1xx_hal_pcd.c **** 
 1492              		.loc 1 2643 7 view .LVU512
 1493              	.LBE25:
2643:Drivers/STM32F1xx_HAL_Driver/Src/stm32f1xx_hal_pcd.c **** 
 1494              		.loc 1 2643 7 view .LVU513
 1495              	.LBE24:
2643:Drivers/STM32F1xx_HAL_Driver/Src/stm32f1xx_hal_pcd.c **** 
 1496              		.loc 1 2643 7 view .LVU514
 1497              	.LVL154:
 1498              	.L82:
2643:Drivers/STM32F1xx_HAL_Driver/Src/stm32f1xx_hal_pcd.c **** 
 1499              		.loc 1 2643 7 is_stmt 0 view .LVU515
 1500              	.LBE23:
2643:Drivers/STM32F1xx_HAL_Driver/Src/stm32f1xx_hal_pcd.c **** 
 1501              		.loc 1 2643 7 is_stmt 1 view .LVU516
2649:Drivers/STM32F1xx_HAL_Driver/Src/stm32f1xx_hal_pcd.c **** #endif /* USE_HAL_PCD_REGISTER_CALLBACKS */
 1502              		.loc 1 2649 7 view .LVU517
 1503 02bc 2178     		ldrb	r1, [r4]	@ zero_extendqisi2
 1504 02be 2846     		mov	r0, r5
 1505              	.LVL155:
2649:Drivers/STM32F1xx_HAL_Driver/Src/stm32f1xx_hal_pcd.c **** #endif /* USE_HAL_PCD_REGISTER_CALLBACKS */
 1506              		.loc 1 2649 7 is_stmt 0 view .LVU518
 1507 02c0 FFF7FEFF 		bl	HAL_PCD_DataInStageCallback
 1508              	.LVL156:
2653:Drivers/STM32F1xx_HAL_Driver/Src/stm32f1xx_hal_pcd.c ****       {
 1509              		.loc 1 2653 7 is_stmt 1 view .LVU519
2653:Drivers/STM32F1xx_HAL_Driver/Src/stm32f1xx_hal_pcd.c ****       {
 1510              		.loc 1 2653 10 is_stmt 0 view .LVU520
ARM GAS  C:\Users\subdia\AppData\Local\Temp\cczK76oD.s 			page 81


 1511 02c4 16F4804F 		tst	r6, #16384
 1512 02c8 7FF434AF 		bne	.L65
2655:Drivers/STM32F1xx_HAL_Driver/Src/stm32f1xx_hal_pcd.c ****       }
 1513              		.loc 1 2655 9 is_stmt 1 view .LVU521
2655:Drivers/STM32F1xx_HAL_Driver/Src/stm32f1xx_hal_pcd.c ****       }
 1514              		.loc 1 2655 9 view .LVU522
2655:Drivers/STM32F1xx_HAL_Driver/Src/stm32f1xx_hal_pcd.c ****       }
 1515              		.loc 1 2655 9 discriminator 2 view .LVU523
2655:Drivers/STM32F1xx_HAL_Driver/Src/stm32f1xx_hal_pcd.c ****       }
 1516              		.loc 1 2655 9 discriminator 3 view .LVU524
 1517              	.LBB26:
2655:Drivers/STM32F1xx_HAL_Driver/Src/stm32f1xx_hal_pcd.c ****       }
 1518              		.loc 1 2655 9 discriminator 3 view .LVU525
2655:Drivers/STM32F1xx_HAL_Driver/Src/stm32f1xx_hal_pcd.c ****       }
 1519              		.loc 1 2655 9 discriminator 3 view .LVU526
 1520 02cc 2A68     		ldr	r2, [r5]
 1521 02ce 2178     		ldrb	r1, [r4]	@ zero_extendqisi2
 1522 02d0 32F82130 		ldrh	r3, [r2, r1, lsl #2]
 1523 02d4 9BB2     		uxth	r3, r3
 1524 02d6 23F4E043 		bic	r3, r3, #28672
 1525 02da 23F07003 		bic	r3, r3, #112
 1526              	.LVL157:
2655:Drivers/STM32F1xx_HAL_Driver/Src/stm32f1xx_hal_pcd.c ****       }
 1527              		.loc 1 2655 9 view .LVU527
2655:Drivers/STM32F1xx_HAL_Driver/Src/stm32f1xx_hal_pcd.c ****       }
 1528              		.loc 1 2655 9 is_stmt 0 discriminator 3 view .LVU528
 1529 02de 43F44043 		orr	r3, r3, #49152
 1530              	.LVL158:
2655:Drivers/STM32F1xx_HAL_Driver/Src/stm32f1xx_hal_pcd.c ****       }
 1531              		.loc 1 2655 9 discriminator 3 view .LVU529
 1532 02e2 43F08003 		orr	r3, r3, #128
 1533 02e6 22F82130 		strh	r3, [r2, r1, lsl #2]	@ movhi
 1534 02ea 23E7     		b	.L65
 1535              	.LVL159:
 1536              	.L76:
2655:Drivers/STM32F1xx_HAL_Driver/Src/stm32f1xx_hal_pcd.c ****       }
 1537              		.loc 1 2655 9 discriminator 3 view .LVU530
 1538              	.LBE26:
2636:Drivers/STM32F1xx_HAL_Driver/Src/stm32f1xx_hal_pcd.c ****     }
 1539              		.loc 1 2636 7 is_stmt 1 view .LVU531
2636:Drivers/STM32F1xx_HAL_Driver/Src/stm32f1xx_hal_pcd.c ****     }
 1540              		.loc 1 2636 20 is_stmt 0 view .LVU532
 1541 02ec 0023     		movs	r3, #0
 1542 02ee A361     		str	r3, [r4, #24]
 1543 02f0 AEE7     		b	.L77
 1544              	.L79:
2642:Drivers/STM32F1xx_HAL_Driver/Src/stm32f1xx_hal_pcd.c ****       PCD_SET_EP_DBUF1_CNT(hpcd->Instance, ep->num, ep->is_in, 0U);
 1545              		.loc 1 2642 7 is_stmt 1 discriminator 2 view .LVU533
 1546 02f2 012B     		cmp	r3, #1
 1547 02f4 C8D1     		bne	.L80
2642:Drivers/STM32F1xx_HAL_Driver/Src/stm32f1xx_hal_pcd.c ****       PCD_SET_EP_DBUF1_CNT(hpcd->Instance, ep->num, ep->is_in, 0U);
 1548              		.loc 1 2642 7 discriminator 13 view .LVU534
 1549              	.LBB27:
2642:Drivers/STM32F1xx_HAL_Driver/Src/stm32f1xx_hal_pcd.c ****       PCD_SET_EP_DBUF1_CNT(hpcd->Instance, ep->num, ep->is_in, 0U);
 1550              		.loc 1 2642 7 discriminator 13 view .LVU535
 1551 02f6 2B68     		ldr	r3, [r5]
 1552              	.LVL160:
ARM GAS  C:\Users\subdia\AppData\Local\Temp\cczK76oD.s 			page 82


2642:Drivers/STM32F1xx_HAL_Driver/Src/stm32f1xx_hal_pcd.c ****       PCD_SET_EP_DBUF1_CNT(hpcd->Instance, ep->num, ep->is_in, 0U);
 1553              		.loc 1 2642 7 view .LVU536
2642:Drivers/STM32F1xx_HAL_Driver/Src/stm32f1xx_hal_pcd.c ****       PCD_SET_EP_DBUF1_CNT(hpcd->Instance, ep->num, ep->is_in, 0U);
 1554              		.loc 1 2642 7 view .LVU537
2642:Drivers/STM32F1xx_HAL_Driver/Src/stm32f1xx_hal_pcd.c ****       PCD_SET_EP_DBUF1_CNT(hpcd->Instance, ep->num, ep->is_in, 0U);
 1555              		.loc 1 2642 7 is_stmt 0 discriminator 13 view .LVU538
 1556 02f8 B3F85020 		ldrh	r2, [r3, #80]
 1557              	.LVL161:
2642:Drivers/STM32F1xx_HAL_Driver/Src/stm32f1xx_hal_pcd.c ****       PCD_SET_EP_DBUF1_CNT(hpcd->Instance, ep->num, ep->is_in, 0U);
 1558              		.loc 1 2642 7 discriminator 13 view .LVU539
 1559 02fc 92B2     		uxth	r2, r2
 1560 02fe 1344     		add	r3, r3, r2
 1561              	.LVL162:
2642:Drivers/STM32F1xx_HAL_Driver/Src/stm32f1xx_hal_pcd.c ****       PCD_SET_EP_DBUF1_CNT(hpcd->Instance, ep->num, ep->is_in, 0U);
 1562              		.loc 1 2642 7 is_stmt 1 view .LVU540
2642:Drivers/STM32F1xx_HAL_Driver/Src/stm32f1xx_hal_pcd.c ****       PCD_SET_EP_DBUF1_CNT(hpcd->Instance, ep->num, ep->is_in, 0U);
 1563              		.loc 1 2642 7 is_stmt 0 discriminator 13 view .LVU541
 1564 0300 03EB0113 		add	r3, r3, r1, lsl #4
 1565              	.LVL163:
2642:Drivers/STM32F1xx_HAL_Driver/Src/stm32f1xx_hal_pcd.c ****       PCD_SET_EP_DBUF1_CNT(hpcd->Instance, ep->num, ep->is_in, 0U);
 1566              		.loc 1 2642 7 is_stmt 1 view .LVU542
2642:Drivers/STM32F1xx_HAL_Driver/Src/stm32f1xx_hal_pcd.c ****       PCD_SET_EP_DBUF1_CNT(hpcd->Instance, ep->num, ep->is_in, 0U);
 1567              		.loc 1 2642 7 is_stmt 0 discriminator 13 view .LVU543
 1568 0304 0022     		movs	r2, #0
 1569              	.LVL164:
2642:Drivers/STM32F1xx_HAL_Driver/Src/stm32f1xx_hal_pcd.c ****       PCD_SET_EP_DBUF1_CNT(hpcd->Instance, ep->num, ep->is_in, 0U);
 1570              		.loc 1 2642 7 discriminator 13 view .LVU544
 1571 0306 A3F80424 		strh	r2, [r3, #1028]	@ movhi
2642:Drivers/STM32F1xx_HAL_Driver/Src/stm32f1xx_hal_pcd.c ****       PCD_SET_EP_DBUF1_CNT(hpcd->Instance, ep->num, ep->is_in, 0U);
 1572              		.loc 1 2642 7 discriminator 13 view .LVU545
 1573 030a BDE7     		b	.L80
 1574              	.LVL165:
 1575              	.L81:
2642:Drivers/STM32F1xx_HAL_Driver/Src/stm32f1xx_hal_pcd.c ****       PCD_SET_EP_DBUF1_CNT(hpcd->Instance, ep->num, ep->is_in, 0U);
 1576              		.loc 1 2642 7 discriminator 13 view .LVU546
 1577              	.LBE27:
 1578              	.LBB28:
2643:Drivers/STM32F1xx_HAL_Driver/Src/stm32f1xx_hal_pcd.c **** 
 1579              		.loc 1 2643 7 is_stmt 1 discriminator 2 view .LVU547
 1580 030c 012A     		cmp	r2, #1
 1581 030e D5D1     		bne	.L82
2643:Drivers/STM32F1xx_HAL_Driver/Src/stm32f1xx_hal_pcd.c **** 
 1582              		.loc 1 2643 7 discriminator 13 view .LVU548
 1583 0310 B3F85020 		ldrh	r2, [r3, #80]
 1584 0314 92B2     		uxth	r2, r2
 1585 0316 1344     		add	r3, r3, r2
 1586              	.LVL166:
2643:Drivers/STM32F1xx_HAL_Driver/Src/stm32f1xx_hal_pcd.c **** 
 1587              		.loc 1 2643 7 view .LVU549
2643:Drivers/STM32F1xx_HAL_Driver/Src/stm32f1xx_hal_pcd.c **** 
 1588              		.loc 1 2643 7 is_stmt 0 discriminator 13 view .LVU550
 1589 0318 2278     		ldrb	r2, [r4]	@ zero_extendqisi2
 1590 031a 03EB0213 		add	r3, r3, r2, lsl #4
 1591              	.LVL167:
2643:Drivers/STM32F1xx_HAL_Driver/Src/stm32f1xx_hal_pcd.c **** 
 1592              		.loc 1 2643 7 is_stmt 1 view .LVU551
2643:Drivers/STM32F1xx_HAL_Driver/Src/stm32f1xx_hal_pcd.c **** 
ARM GAS  C:\Users\subdia\AppData\Local\Temp\cczK76oD.s 			page 83


 1593              		.loc 1 2643 7 is_stmt 0 discriminator 13 view .LVU552
 1594 031e 0022     		movs	r2, #0
 1595 0320 A3F80C24 		strh	r2, [r3, #1036]	@ movhi
2643:Drivers/STM32F1xx_HAL_Driver/Src/stm32f1xx_hal_pcd.c **** 
 1596              		.loc 1 2643 7 discriminator 13 view .LVU553
 1597 0324 CAE7     		b	.L82
 1598              	.LVL168:
 1599              	.L78:
2643:Drivers/STM32F1xx_HAL_Driver/Src/stm32f1xx_hal_pcd.c **** 
 1600              		.loc 1 2643 7 discriminator 13 view .LVU554
 1601              	.LBE28:
2661:Drivers/STM32F1xx_HAL_Driver/Src/stm32f1xx_hal_pcd.c ****       {
 1602              		.loc 1 2661 7 is_stmt 1 view .LVU555
2661:Drivers/STM32F1xx_HAL_Driver/Src/stm32f1xx_hal_pcd.c ****       {
 1603              		.loc 1 2661 10 is_stmt 0 view .LVU556
 1604 0326 16F4804F 		tst	r6, #16384
 1605 032a 0DD1     		bne	.L83
2663:Drivers/STM32F1xx_HAL_Driver/Src/stm32f1xx_hal_pcd.c ****       }
 1606              		.loc 1 2663 9 is_stmt 1 view .LVU557
2663:Drivers/STM32F1xx_HAL_Driver/Src/stm32f1xx_hal_pcd.c ****       }
 1607              		.loc 1 2663 9 view .LVU558
2663:Drivers/STM32F1xx_HAL_Driver/Src/stm32f1xx_hal_pcd.c ****       }
 1608              		.loc 1 2663 9 discriminator 2 view .LVU559
2663:Drivers/STM32F1xx_HAL_Driver/Src/stm32f1xx_hal_pcd.c ****       }
 1609              		.loc 1 2663 9 discriminator 3 view .LVU560
 1610              	.LBB29:
2663:Drivers/STM32F1xx_HAL_Driver/Src/stm32f1xx_hal_pcd.c ****       }
 1611              		.loc 1 2663 9 discriminator 3 view .LVU561
2663:Drivers/STM32F1xx_HAL_Driver/Src/stm32f1xx_hal_pcd.c ****       }
 1612              		.loc 1 2663 9 discriminator 3 view .LVU562
 1613 032c 2868     		ldr	r0, [r5]
 1614              	.LVL169:
2663:Drivers/STM32F1xx_HAL_Driver/Src/stm32f1xx_hal_pcd.c ****       }
 1615              		.loc 1 2663 9 is_stmt 0 discriminator 3 view .LVU563
 1616 032e 30F82130 		ldrh	r3, [r0, r1, lsl #2]
 1617 0332 9BB2     		uxth	r3, r3
 1618 0334 23F4E043 		bic	r3, r3, #28672
 1619 0338 23F07003 		bic	r3, r3, #112
 1620              	.LVL170:
2663:Drivers/STM32F1xx_HAL_Driver/Src/stm32f1xx_hal_pcd.c ****       }
 1621              		.loc 1 2663 9 is_stmt 1 view .LVU564
2663:Drivers/STM32F1xx_HAL_Driver/Src/stm32f1xx_hal_pcd.c ****       }
 1622              		.loc 1 2663 9 is_stmt 0 discriminator 3 view .LVU565
 1623 033c 43F44043 		orr	r3, r3, #49152
 1624              	.LVL171:
2663:Drivers/STM32F1xx_HAL_Driver/Src/stm32f1xx_hal_pcd.c ****       }
 1625              		.loc 1 2663 9 discriminator 3 view .LVU566
 1626 0340 43F08003 		orr	r3, r3, #128
 1627 0344 20F82130 		strh	r3, [r0, r1, lsl #2]	@ movhi
 1628              	.LVL172:
 1629              	.L83:
2663:Drivers/STM32F1xx_HAL_Driver/Src/stm32f1xx_hal_pcd.c ****       }
 1630              		.loc 1 2663 9 discriminator 3 view .LVU567
 1631              	.LBE29:
2663:Drivers/STM32F1xx_HAL_Driver/Src/stm32f1xx_hal_pcd.c ****       }
 1632              		.loc 1 2663 9 is_stmt 1 view .LVU568
2663:Drivers/STM32F1xx_HAL_Driver/Src/stm32f1xx_hal_pcd.c ****       }
ARM GAS  C:\Users\subdia\AppData\Local\Temp\cczK76oD.s 			page 84


 1633              		.loc 1 2663 9 view .LVU569
2667:Drivers/STM32F1xx_HAL_Driver/Src/stm32f1xx_hal_pcd.c ****       {
 1634              		.loc 1 2667 7 view .LVU570
2667:Drivers/STM32F1xx_HAL_Driver/Src/stm32f1xx_hal_pcd.c ****       {
 1635              		.loc 1 2667 13 is_stmt 0 view .LVU571
 1636 0348 94F82430 		ldrb	r3, [r4, #36]	@ zero_extendqisi2
2667:Drivers/STM32F1xx_HAL_Driver/Src/stm32f1xx_hal_pcd.c ****       {
 1637              		.loc 1 2667 10 view .LVU572
 1638 034c 012B     		cmp	r3, #1
 1639 034e 7FF4F1AE 		bne	.L65
2669:Drivers/STM32F1xx_HAL_Driver/Src/stm32f1xx_hal_pcd.c ****         ep->xfer_count += TxPctSize;
 1640              		.loc 1 2669 9 is_stmt 1 view .LVU573
2669:Drivers/STM32F1xx_HAL_Driver/Src/stm32f1xx_hal_pcd.c ****         ep->xfer_count += TxPctSize;
 1641              		.loc 1 2669 11 is_stmt 0 view .LVU574
 1642 0352 6369     		ldr	r3, [r4, #20]
2669:Drivers/STM32F1xx_HAL_Driver/Src/stm32f1xx_hal_pcd.c ****         ep->xfer_count += TxPctSize;
 1643              		.loc 1 2669 23 view .LVU575
 1644 0354 1344     		add	r3, r3, r2
 1645 0356 6361     		str	r3, [r4, #20]
2670:Drivers/STM32F1xx_HAL_Driver/Src/stm32f1xx_hal_pcd.c **** 
 1646              		.loc 1 2670 9 is_stmt 1 view .LVU576
2670:Drivers/STM32F1xx_HAL_Driver/Src/stm32f1xx_hal_pcd.c **** 
 1647              		.loc 1 2670 11 is_stmt 0 view .LVU577
 1648 0358 E369     		ldr	r3, [r4, #28]
2670:Drivers/STM32F1xx_HAL_Driver/Src/stm32f1xx_hal_pcd.c **** 
 1649              		.loc 1 2670 24 view .LVU578
 1650 035a 1344     		add	r3, r3, r2
 1651 035c E361     		str	r3, [r4, #28]
2673:Drivers/STM32F1xx_HAL_Driver/Src/stm32f1xx_hal_pcd.c ****         {
 1652              		.loc 1 2673 9 is_stmt 1 view .LVU579
2673:Drivers/STM32F1xx_HAL_Driver/Src/stm32f1xx_hal_pcd.c ****         {
 1653              		.loc 1 2673 15 is_stmt 0 view .LVU580
 1654 035e 216A     		ldr	r1, [r4, #32]
2673:Drivers/STM32F1xx_HAL_Driver/Src/stm32f1xx_hal_pcd.c ****         {
 1655              		.loc 1 2673 34 view .LVU581
 1656 0360 2369     		ldr	r3, [r4, #16]
2673:Drivers/STM32F1xx_HAL_Driver/Src/stm32f1xx_hal_pcd.c ****         {
 1657              		.loc 1 2673 12 view .LVU582
 1658 0362 9942     		cmp	r1, r3
 1659 0364 24D3     		bcc	.L84
2675:Drivers/STM32F1xx_HAL_Driver/Src/stm32f1xx_hal_pcd.c ****           ep->xfer_len_db -= len;
 1660              		.loc 1 2675 11 is_stmt 1 view .LVU583
 1661              	.LVL173:
2676:Drivers/STM32F1xx_HAL_Driver/Src/stm32f1xx_hal_pcd.c ****         }
 1662              		.loc 1 2676 11 view .LVU584
2676:Drivers/STM32F1xx_HAL_Driver/Src/stm32f1xx_hal_pcd.c ****         }
 1663              		.loc 1 2676 27 is_stmt 0 view .LVU585
 1664 0366 C91A     		subs	r1, r1, r3
 1665 0368 2162     		str	r1, [r4, #32]
 1666              	.L85:
2691:Drivers/STM32F1xx_HAL_Driver/Src/stm32f1xx_hal_pcd.c **** 
 1667              		.loc 1 2691 9 is_stmt 1 view .LVU586
 1668              	.LBB30:
2691:Drivers/STM32F1xx_HAL_Driver/Src/stm32f1xx_hal_pcd.c **** 
 1669              		.loc 1 2691 9 view .LVU587
 1670 036a 2A68     		ldr	r2, [r5]
 1671              	.LVL174:
ARM GAS  C:\Users\subdia\AppData\Local\Temp\cczK76oD.s 			page 85


2691:Drivers/STM32F1xx_HAL_Driver/Src/stm32f1xx_hal_pcd.c **** 
 1672              		.loc 1 2691 9 view .LVU588
2691:Drivers/STM32F1xx_HAL_Driver/Src/stm32f1xx_hal_pcd.c **** 
 1673              		.loc 1 2691 9 view .LVU589
 1674 036c 6178     		ldrb	r1, [r4, #1]	@ zero_extendqisi2
 1675 036e 0029     		cmp	r1, #0
 1676 0370 42D1     		bne	.L87
2691:Drivers/STM32F1xx_HAL_Driver/Src/stm32f1xx_hal_pcd.c **** 
 1677              		.loc 1 2691 9 discriminator 1 view .LVU590
 1678              	.LBB31:
2691:Drivers/STM32F1xx_HAL_Driver/Src/stm32f1xx_hal_pcd.c **** 
 1679              		.loc 1 2691 9 discriminator 1 view .LVU591
 1680              	.LVL175:
2691:Drivers/STM32F1xx_HAL_Driver/Src/stm32f1xx_hal_pcd.c **** 
 1681              		.loc 1 2691 9 view .LVU592
2691:Drivers/STM32F1xx_HAL_Driver/Src/stm32f1xx_hal_pcd.c **** 
 1682              		.loc 1 2691 9 view .LVU593
2691:Drivers/STM32F1xx_HAL_Driver/Src/stm32f1xx_hal_pcd.c **** 
 1683              		.loc 1 2691 9 is_stmt 0 discriminator 1 view .LVU594
 1684 0372 B2F85010 		ldrh	r1, [r2, #80]
 1685 0376 89B2     		uxth	r1, r1
 1686 0378 0A44     		add	r2, r2, r1
 1687              	.LVL176:
2691:Drivers/STM32F1xx_HAL_Driver/Src/stm32f1xx_hal_pcd.c **** 
 1688              		.loc 1 2691 9 is_stmt 1 view .LVU595
2691:Drivers/STM32F1xx_HAL_Driver/Src/stm32f1xx_hal_pcd.c **** 
 1689              		.loc 1 2691 9 is_stmt 0 discriminator 1 view .LVU596
 1690 037a 2178     		ldrb	r1, [r4]	@ zero_extendqisi2
 1691 037c 02EB0112 		add	r2, r2, r1, lsl #4
 1692              	.LVL177:
2691:Drivers/STM32F1xx_HAL_Driver/Src/stm32f1xx_hal_pcd.c **** 
 1693              		.loc 1 2691 9 is_stmt 1 view .LVU597
 1694              	.LBB32:
2691:Drivers/STM32F1xx_HAL_Driver/Src/stm32f1xx_hal_pcd.c **** 
 1695              		.loc 1 2691 9 view .LVU598
2691:Drivers/STM32F1xx_HAL_Driver/Src/stm32f1xx_hal_pcd.c **** 
 1696              		.loc 1 2691 9 view .LVU599
2691:Drivers/STM32F1xx_HAL_Driver/Src/stm32f1xx_hal_pcd.c **** 
 1697              		.loc 1 2691 9 is_stmt 0 discriminator 1 view .LVU600
 1698 0380 B2F80C14 		ldrh	r1, [r2, #1036]
 1699 0384 C1F30901 		ubfx	r1, r1, #0, #10
 1700 0388 A2F80C14 		strh	r1, [r2, #1036]	@ movhi
 1701              	.LVL178:
2691:Drivers/STM32F1xx_HAL_Driver/Src/stm32f1xx_hal_pcd.c **** 
 1702              		.loc 1 2691 9 is_stmt 1 view .LVU601
2691:Drivers/STM32F1xx_HAL_Driver/Src/stm32f1xx_hal_pcd.c **** 
 1703              		.loc 1 2691 9 is_stmt 0 discriminator 1 view .LVU602
 1704 038c 3E2B     		cmp	r3, #62
 1705 038e 1AD9     		bls	.L88
2691:Drivers/STM32F1xx_HAL_Driver/Src/stm32f1xx_hal_pcd.c **** 
 1706              		.loc 1 2691 9 is_stmt 1 discriminator 3 view .LVU603
2691:Drivers/STM32F1xx_HAL_Driver/Src/stm32f1xx_hal_pcd.c **** 
 1707              		.loc 1 2691 9 discriminator 3 view .LVU604
 1708 0390 5809     		lsrs	r0, r3, #5
 1709              	.LVL179:
2691:Drivers/STM32F1xx_HAL_Driver/Src/stm32f1xx_hal_pcd.c **** 
 1710              		.loc 1 2691 9 view .LVU605
ARM GAS  C:\Users\subdia\AppData\Local\Temp\cczK76oD.s 			page 86


2691:Drivers/STM32F1xx_HAL_Driver/Src/stm32f1xx_hal_pcd.c **** 
 1711              		.loc 1 2691 9 is_stmt 0 discriminator 3 view .LVU606
 1712 0392 13F01F0F 		tst	r3, #31
 1713 0396 00D1     		bne	.L89
2691:Drivers/STM32F1xx_HAL_Driver/Src/stm32f1xx_hal_pcd.c **** 
 1714              		.loc 1 2691 9 is_stmt 1 discriminator 5 view .LVU607
 1715 0398 0138     		subs	r0, r0, #1
 1716              	.LVL180:
 1717              	.L89:
2691:Drivers/STM32F1xx_HAL_Driver/Src/stm32f1xx_hal_pcd.c **** 
 1718              		.loc 1 2691 9 discriminator 7 view .LVU608
 1719 039a B2F80C14 		ldrh	r1, [r2, #1036]
 1720 039e 89B2     		uxth	r1, r1
 1721 03a0 8002     		lsls	r0, r0, #10
 1722              	.LVL181:
2691:Drivers/STM32F1xx_HAL_Driver/Src/stm32f1xx_hal_pcd.c **** 
 1723              		.loc 1 2691 9 is_stmt 0 discriminator 7 view .LVU609
 1724 03a2 80B2     		uxth	r0, r0
 1725 03a4 0143     		orrs	r1, r1, r0
 1726 03a6 41F40041 		orr	r1, r1, #32768
 1727 03aa A2F80C14 		strh	r1, [r2, #1036]	@ movhi
2691:Drivers/STM32F1xx_HAL_Driver/Src/stm32f1xx_hal_pcd.c **** 
 1728              		.loc 1 2691 9 is_stmt 1 view .LVU610
 1729 03ae 25E0     		b	.L90
 1730              	.LVL182:
 1731              	.L84:
2691:Drivers/STM32F1xx_HAL_Driver/Src/stm32f1xx_hal_pcd.c **** 
 1732              		.loc 1 2691 9 is_stmt 0 view .LVU611
 1733              	.LBE32:
 1734              	.LBE31:
 1735              	.LBE30:
2678:Drivers/STM32F1xx_HAL_Driver/Src/stm32f1xx_hal_pcd.c ****         {
 1736              		.loc 1 2678 14 is_stmt 1 view .LVU612
2678:Drivers/STM32F1xx_HAL_Driver/Src/stm32f1xx_hal_pcd.c ****         {
 1737              		.loc 1 2678 17 is_stmt 0 view .LVU613
 1738 03b0 19B9     		cbnz	r1, .L86
2680:Drivers/STM32F1xx_HAL_Driver/Src/stm32f1xx_hal_pcd.c ****           ep->xfer_fill_db = 0U;
 1739              		.loc 1 2680 11 is_stmt 1 view .LVU614
 1740              	.LVL183:
2681:Drivers/STM32F1xx_HAL_Driver/Src/stm32f1xx_hal_pcd.c ****         }
 1741              		.loc 1 2681 11 view .LVU615
2681:Drivers/STM32F1xx_HAL_Driver/Src/stm32f1xx_hal_pcd.c ****         }
 1742              		.loc 1 2681 28 is_stmt 0 view .LVU616
 1743 03b2 84F82410 		strb	r1, [r4, #36]
2680:Drivers/STM32F1xx_HAL_Driver/Src/stm32f1xx_hal_pcd.c ****           ep->xfer_fill_db = 0U;
 1744              		.loc 1 2680 15 view .LVU617
 1745 03b6 1346     		mov	r3, r2
 1746 03b8 D7E7     		b	.L85
 1747              	.LVL184:
 1748              	.L86:
2685:Drivers/STM32F1xx_HAL_Driver/Src/stm32f1xx_hal_pcd.c ****           ep->xfer_len_db = 0U;
 1749              		.loc 1 2685 11 is_stmt 1 view .LVU618
2686:Drivers/STM32F1xx_HAL_Driver/Src/stm32f1xx_hal_pcd.c ****           ep->xfer_fill_db = 0;
 1750              		.loc 1 2686 11 view .LVU619
2686:Drivers/STM32F1xx_HAL_Driver/Src/stm32f1xx_hal_pcd.c ****           ep->xfer_fill_db = 0;
 1751              		.loc 1 2686 27 is_stmt 0 view .LVU620
 1752 03ba 0023     		movs	r3, #0
ARM GAS  C:\Users\subdia\AppData\Local\Temp\cczK76oD.s 			page 87


 1753 03bc 2362     		str	r3, [r4, #32]
2687:Drivers/STM32F1xx_HAL_Driver/Src/stm32f1xx_hal_pcd.c ****         }
 1754              		.loc 1 2687 11 is_stmt 1 view .LVU621
2687:Drivers/STM32F1xx_HAL_Driver/Src/stm32f1xx_hal_pcd.c ****         }
 1755              		.loc 1 2687 28 is_stmt 0 view .LVU622
 1756 03be 84F82430 		strb	r3, [r4, #36]
2685:Drivers/STM32F1xx_HAL_Driver/Src/stm32f1xx_hal_pcd.c ****           ep->xfer_len_db = 0U;
 1757              		.loc 1 2685 15 view .LVU623
 1758 03c2 0B46     		mov	r3, r1
 1759 03c4 D1E7     		b	.L85
 1760              	.LVL185:
 1761              	.L88:
 1762              	.LBB35:
 1763              	.LBB34:
 1764              	.LBB33:
2691:Drivers/STM32F1xx_HAL_Driver/Src/stm32f1xx_hal_pcd.c **** 
 1765              		.loc 1 2691 9 is_stmt 1 discriminator 4 view .LVU624
 1766 03c6 4BB9     		cbnz	r3, .L91
2691:Drivers/STM32F1xx_HAL_Driver/Src/stm32f1xx_hal_pcd.c **** 
 1767              		.loc 1 2691 9 discriminator 8 view .LVU625
 1768 03c8 B2F80C14 		ldrh	r1, [r2, #1036]
 1769 03cc 6FEA4141 		mvn	r1, r1, lsl #17
 1770 03d0 6FEA5141 		mvn	r1, r1, lsr #17
 1771 03d4 89B2     		uxth	r1, r1
 1772 03d6 A2F80C14 		strh	r1, [r2, #1036]	@ movhi
 1773 03da 0FE0     		b	.L90
 1774              	.L91:
2691:Drivers/STM32F1xx_HAL_Driver/Src/stm32f1xx_hal_pcd.c **** 
 1775              		.loc 1 2691 9 discriminator 9 view .LVU626
2691:Drivers/STM32F1xx_HAL_Driver/Src/stm32f1xx_hal_pcd.c **** 
 1776              		.loc 1 2691 9 discriminator 9 view .LVU627
 1777 03dc 5908     		lsrs	r1, r3, #1
 1778              	.LVL186:
2691:Drivers/STM32F1xx_HAL_Driver/Src/stm32f1xx_hal_pcd.c **** 
 1779              		.loc 1 2691 9 view .LVU628
2691:Drivers/STM32F1xx_HAL_Driver/Src/stm32f1xx_hal_pcd.c **** 
 1780              		.loc 1 2691 9 is_stmt 0 discriminator 9 view .LVU629
 1781 03de 13F0010F 		tst	r3, #1
 1782 03e2 00D0     		beq	.L92
2691:Drivers/STM32F1xx_HAL_Driver/Src/stm32f1xx_hal_pcd.c **** 
 1783              		.loc 1 2691 9 is_stmt 1 discriminator 10 view .LVU630
 1784 03e4 0131     		adds	r1, r1, #1
 1785              	.LVL187:
 1786              	.L92:
2691:Drivers/STM32F1xx_HAL_Driver/Src/stm32f1xx_hal_pcd.c **** 
 1787              		.loc 1 2691 9 discriminator 12 view .LVU631
 1788 03e6 B2F80C04 		ldrh	r0, [r2, #1036]
 1789 03ea 80B2     		uxth	r0, r0
 1790 03ec 8902     		lsls	r1, r1, #10
 1791              	.LVL188:
2691:Drivers/STM32F1xx_HAL_Driver/Src/stm32f1xx_hal_pcd.c **** 
 1792              		.loc 1 2691 9 is_stmt 0 discriminator 12 view .LVU632
 1793 03ee 89B2     		uxth	r1, r1
 1794 03f0 0143     		orrs	r1, r1, r0
 1795 03f2 A2F80C14 		strh	r1, [r2, #1036]	@ movhi
 1796 03f6 01E0     		b	.L90
 1797              	.LVL189:
ARM GAS  C:\Users\subdia\AppData\Local\Temp\cczK76oD.s 			page 88


 1798              	.L87:
2691:Drivers/STM32F1xx_HAL_Driver/Src/stm32f1xx_hal_pcd.c **** 
 1799              		.loc 1 2691 9 discriminator 12 view .LVU633
 1800              	.LBE33:
 1801              	.LBE34:
2691:Drivers/STM32F1xx_HAL_Driver/Src/stm32f1xx_hal_pcd.c **** 
 1802              		.loc 1 2691 9 is_stmt 1 discriminator 2 view .LVU634
 1803 03f8 0129     		cmp	r1, #1
 1804 03fa 06D0     		beq	.L96
 1805              	.LVL190:
 1806              	.L90:
2691:Drivers/STM32F1xx_HAL_Driver/Src/stm32f1xx_hal_pcd.c **** 
 1807              		.loc 1 2691 9 is_stmt 0 discriminator 2 view .LVU635
 1808              	.LBE35:
2691:Drivers/STM32F1xx_HAL_Driver/Src/stm32f1xx_hal_pcd.c **** 
 1809              		.loc 1 2691 9 is_stmt 1 view .LVU636
2694:Drivers/STM32F1xx_HAL_Driver/Src/stm32f1xx_hal_pcd.c ****       }
 1810              		.loc 1 2694 9 view .LVU637
 1811 03fc 9BB2     		uxth	r3, r3
 1812              	.LVL191:
2694:Drivers/STM32F1xx_HAL_Driver/Src/stm32f1xx_hal_pcd.c ****       }
 1813              		.loc 1 2694 9 is_stmt 0 view .LVU638
 1814 03fe 6289     		ldrh	r2, [r4, #10]
 1815 0400 6169     		ldr	r1, [r4, #20]
 1816 0402 2868     		ldr	r0, [r5]
 1817 0404 FFF7FEFF 		bl	USB_WritePMA
 1818              	.LVL192:
 1819 0408 94E6     		b	.L65
 1820              	.LVL193:
 1821              	.L96:
 1822              	.LBB36:
2691:Drivers/STM32F1xx_HAL_Driver/Src/stm32f1xx_hal_pcd.c **** 
 1823              		.loc 1 2691 9 is_stmt 1 discriminator 13 view .LVU639
 1824 040a B2F85010 		ldrh	r1, [r2, #80]
 1825 040e 89B2     		uxth	r1, r1
 1826 0410 0A44     		add	r2, r2, r1
 1827              	.LVL194:
2691:Drivers/STM32F1xx_HAL_Driver/Src/stm32f1xx_hal_pcd.c **** 
 1828              		.loc 1 2691 9 view .LVU640
2691:Drivers/STM32F1xx_HAL_Driver/Src/stm32f1xx_hal_pcd.c **** 
 1829              		.loc 1 2691 9 is_stmt 0 discriminator 13 view .LVU641
 1830 0412 2178     		ldrb	r1, [r4]	@ zero_extendqisi2
 1831 0414 02EB0112 		add	r2, r2, r1, lsl #4
 1832              	.LVL195:
2691:Drivers/STM32F1xx_HAL_Driver/Src/stm32f1xx_hal_pcd.c **** 
 1833              		.loc 1 2691 9 is_stmt 1 view .LVU642
2691:Drivers/STM32F1xx_HAL_Driver/Src/stm32f1xx_hal_pcd.c **** 
 1834              		.loc 1 2691 9 is_stmt 0 discriminator 13 view .LVU643
 1835 0418 99B2     		uxth	r1, r3
 1836 041a A2F80C14 		strh	r1, [r2, #1036]	@ movhi
2691:Drivers/STM32F1xx_HAL_Driver/Src/stm32f1xx_hal_pcd.c **** 
 1837              		.loc 1 2691 9 discriminator 13 view .LVU644
 1838 041e EDE7     		b	.L90
 1839              	.LBE36:
 1840              		.cfi_endproc
 1841              	.LFE101:
 1843              		.section	.text.HAL_PCD_SetupStageCallback,"ax",%progbits
ARM GAS  C:\Users\subdia\AppData\Local\Temp\cczK76oD.s 			page 89


 1844              		.align	1
 1845              		.weak	HAL_PCD_SetupStageCallback
 1846              		.syntax unified
 1847              		.thumb
 1848              		.thumb_func
 1850              	HAL_PCD_SetupStageCallback:
 1851              	.LVL196:
 1852              	.LFB75:
1502:Drivers/STM32F1xx_HAL_Driver/Src/stm32f1xx_hal_pcd.c ****   /* Prevent unused argument(s) compilation warning */
 1853              		.loc 1 1502 1 is_stmt 1 view -0
 1854              		.cfi_startproc
 1855              		@ args = 0, pretend = 0, frame = 0
 1856              		@ frame_needed = 0, uses_anonymous_args = 0
 1857              		@ link register save eliminated.
1504:Drivers/STM32F1xx_HAL_Driver/Src/stm32f1xx_hal_pcd.c **** 
 1858              		.loc 1 1504 3 view .LVU646
1509:Drivers/STM32F1xx_HAL_Driver/Src/stm32f1xx_hal_pcd.c **** 
 1859              		.loc 1 1509 1 is_stmt 0 view .LVU647
 1860 0000 7047     		bx	lr
 1861              		.cfi_endproc
 1862              	.LFE75:
 1864              		.section	.text.PCD_EP_ISR_Handler,"ax",%progbits
 1865              		.align	1
 1866              		.syntax unified
 1867              		.thumb
 1868              		.thumb_func
 1870              	PCD_EP_ISR_Handler:
 1871              	.LVL197:
 1872              	.LFB99:
2186:Drivers/STM32F1xx_HAL_Driver/Src/stm32f1xx_hal_pcd.c ****   PCD_EPTypeDef *ep;
 1873              		.loc 1 2186 1 is_stmt 1 view -0
 1874              		.cfi_startproc
 1875              		@ args = 0, pretend = 0, frame = 0
 1876              		@ frame_needed = 0, uses_anonymous_args = 0
2186:Drivers/STM32F1xx_HAL_Driver/Src/stm32f1xx_hal_pcd.c ****   PCD_EPTypeDef *ep;
 1877              		.loc 1 2186 1 is_stmt 0 view .LVU649
 1878 0000 2DE9F041 		push	{r4, r5, r6, r7, r8, lr}
 1879              	.LCFI8:
 1880              		.cfi_def_cfa_offset 24
 1881              		.cfi_offset 4, -24
 1882              		.cfi_offset 5, -20
 1883              		.cfi_offset 6, -16
 1884              		.cfi_offset 7, -12
 1885              		.cfi_offset 8, -8
 1886              		.cfi_offset 14, -4
 1887 0004 0546     		mov	r5, r0
2187:Drivers/STM32F1xx_HAL_Driver/Src/stm32f1xx_hal_pcd.c ****   uint16_t count;
 1888              		.loc 1 2187 3 is_stmt 1 view .LVU650
2188:Drivers/STM32F1xx_HAL_Driver/Src/stm32f1xx_hal_pcd.c ****   uint16_t wIstr;
 1889              		.loc 1 2188 3 view .LVU651
2189:Drivers/STM32F1xx_HAL_Driver/Src/stm32f1xx_hal_pcd.c ****   uint16_t wEPVal;
 1890              		.loc 1 2189 3 view .LVU652
2190:Drivers/STM32F1xx_HAL_Driver/Src/stm32f1xx_hal_pcd.c ****   uint16_t TxPctSize;
 1891              		.loc 1 2190 3 view .LVU653
2191:Drivers/STM32F1xx_HAL_Driver/Src/stm32f1xx_hal_pcd.c ****   uint8_t epindex;
 1892              		.loc 1 2191 3 view .LVU654
2192:Drivers/STM32F1xx_HAL_Driver/Src/stm32f1xx_hal_pcd.c **** 
ARM GAS  C:\Users\subdia\AppData\Local\Temp\cczK76oD.s 			page 90


 1893              		.loc 1 2192 3 view .LVU655
2199:Drivers/STM32F1xx_HAL_Driver/Src/stm32f1xx_hal_pcd.c ****   {
 1894              		.loc 1 2199 3 view .LVU656
 1895              	.LVL198:
 1896              	.L99:
2199:Drivers/STM32F1xx_HAL_Driver/Src/stm32f1xx_hal_pcd.c ****   {
 1897              		.loc 1 2199 48 view .LVU657
2199:Drivers/STM32F1xx_HAL_Driver/Src/stm32f1xx_hal_pcd.c ****   {
 1898              		.loc 1 2199 15 is_stmt 0 view .LVU658
 1899 0006 2868     		ldr	r0, [r5]
2199:Drivers/STM32F1xx_HAL_Driver/Src/stm32f1xx_hal_pcd.c ****   {
 1900              		.loc 1 2199 25 view .LVU659
 1901 0008 B0F84430 		ldrh	r3, [r0, #68]
2199:Drivers/STM32F1xx_HAL_Driver/Src/stm32f1xx_hal_pcd.c ****   {
 1902              		.loc 1 2199 48 view .LVU660
 1903 000c 13F4004F 		tst	r3, #32768
 1904 0010 00F0A082 		beq	.L128
2201:Drivers/STM32F1xx_HAL_Driver/Src/stm32f1xx_hal_pcd.c **** 
 1905              		.loc 1 2201 5 is_stmt 1 view .LVU661
2201:Drivers/STM32F1xx_HAL_Driver/Src/stm32f1xx_hal_pcd.c **** 
 1906              		.loc 1 2201 11 is_stmt 0 view .LVU662
 1907 0014 B0F84440 		ldrh	r4, [r0, #68]
 1908 0018 A3B2     		uxth	r3, r4
 1909              	.LVL199:
2204:Drivers/STM32F1xx_HAL_Driver/Src/stm32f1xx_hal_pcd.c **** 
 1910              		.loc 1 2204 5 is_stmt 1 view .LVU663
2206:Drivers/STM32F1xx_HAL_Driver/Src/stm32f1xx_hal_pcd.c ****     {
 1911              		.loc 1 2206 5 view .LVU664
2206:Drivers/STM32F1xx_HAL_Driver/Src/stm32f1xx_hal_pcd.c ****     {
 1912              		.loc 1 2206 8 is_stmt 0 view .LVU665
 1913 001a 14F00F04 		ands	r4, r4, #15
 1914              	.LVL200:
2206:Drivers/STM32F1xx_HAL_Driver/Src/stm32f1xx_hal_pcd.c ****     {
 1915              		.loc 1 2206 8 view .LVU666
 1916 001e 40F0E080 		bne	.L100
2211:Drivers/STM32F1xx_HAL_Driver/Src/stm32f1xx_hal_pcd.c ****       {
 1917              		.loc 1 2211 7 is_stmt 1 view .LVU667
2211:Drivers/STM32F1xx_HAL_Driver/Src/stm32f1xx_hal_pcd.c ****       {
 1918              		.loc 1 2211 10 is_stmt 0 view .LVU668
 1919 0022 13F0100F 		tst	r3, #16
 1920 0026 6CD0     		beq	.L129
2242:Drivers/STM32F1xx_HAL_Driver/Src/stm32f1xx_hal_pcd.c ****         wEPVal = PCD_GET_ENDPOINT(hpcd->Instance, PCD_ENDP0);
 1921              		.loc 1 2242 9 is_stmt 1 view .LVU669
 1922              	.LVL201:
2243:Drivers/STM32F1xx_HAL_Driver/Src/stm32f1xx_hal_pcd.c **** 
 1923              		.loc 1 2243 9 view .LVU670
2243:Drivers/STM32F1xx_HAL_Driver/Src/stm32f1xx_hal_pcd.c **** 
 1924              		.loc 1 2243 16 is_stmt 0 view .LVU671
 1925 0028 0388     		ldrh	r3, [r0]
 1926              	.LVL202:
2243:Drivers/STM32F1xx_HAL_Driver/Src/stm32f1xx_hal_pcd.c **** 
 1927              		.loc 1 2243 16 view .LVU672
 1928 002a 9AB2     		uxth	r2, r3
 1929              	.LVL203:
2245:Drivers/STM32F1xx_HAL_Driver/Src/stm32f1xx_hal_pcd.c ****         {
 1930              		.loc 1 2245 9 is_stmt 1 view .LVU673
2245:Drivers/STM32F1xx_HAL_Driver/Src/stm32f1xx_hal_pcd.c ****         {
ARM GAS  C:\Users\subdia\AppData\Local\Temp\cczK76oD.s 			page 91


 1931              		.loc 1 2245 12 is_stmt 0 view .LVU674
 1932 002c 13F4006F 		tst	r3, #2048
 1933 0030 40F09A80 		bne	.L130
2263:Drivers/STM32F1xx_HAL_Driver/Src/stm32f1xx_hal_pcd.c ****         {
 1934              		.loc 1 2263 14 is_stmt 1 view .LVU675
2263:Drivers/STM32F1xx_HAL_Driver/Src/stm32f1xx_hal_pcd.c ****         {
 1935              		.loc 1 2263 17 is_stmt 0 view .LVU676
 1936 0034 12F4004F 		tst	r2, #32768
 1937 0038 E5D0     		beq	.L99
2265:Drivers/STM32F1xx_HAL_Driver/Src/stm32f1xx_hal_pcd.c **** 
 1938              		.loc 1 2265 11 is_stmt 1 view .LVU677
 1939              	.LBB37:
2265:Drivers/STM32F1xx_HAL_Driver/Src/stm32f1xx_hal_pcd.c **** 
 1940              		.loc 1 2265 11 view .LVU678
2265:Drivers/STM32F1xx_HAL_Driver/Src/stm32f1xx_hal_pcd.c **** 
 1941              		.loc 1 2265 11 view .LVU679
 1942 003a 0388     		ldrh	r3, [r0]
 1943 003c 9BB2     		uxth	r3, r3
 1944 003e 23F07003 		bic	r3, r3, #112
 1945 0042 1B05     		lsls	r3, r3, #20
 1946 0044 1B0D     		lsrs	r3, r3, #20
 1947              	.LVL204:
2265:Drivers/STM32F1xx_HAL_Driver/Src/stm32f1xx_hal_pcd.c **** 
 1948              		.loc 1 2265 11 view .LVU680
 1949 0046 43F08003 		orr	r3, r3, #128
 1950              	.LVL205:
2265:Drivers/STM32F1xx_HAL_Driver/Src/stm32f1xx_hal_pcd.c **** 
 1951              		.loc 1 2265 11 is_stmt 0 view .LVU681
 1952 004a 0380     		strh	r3, [r0]	@ movhi
 1953              	.LBE37:
2265:Drivers/STM32F1xx_HAL_Driver/Src/stm32f1xx_hal_pcd.c **** 
 1954              		.loc 1 2265 11 is_stmt 1 view .LVU682
2268:Drivers/STM32F1xx_HAL_Driver/Src/stm32f1xx_hal_pcd.c **** 
 1955              		.loc 1 2268 11 view .LVU683
2268:Drivers/STM32F1xx_HAL_Driver/Src/stm32f1xx_hal_pcd.c **** 
 1956              		.loc 1 2268 28 is_stmt 0 view .LVU684
 1957 004c 2868     		ldr	r0, [r5]
 1958 004e B0F85030 		ldrh	r3, [r0, #80]
 1959 0052 9BB2     		uxth	r3, r3
 1960 0054 95F85021 		ldrb	r2, [r5, #336]	@ zero_extendqisi2
 1961              	.LVL206:
2268:Drivers/STM32F1xx_HAL_Driver/Src/stm32f1xx_hal_pcd.c **** 
 1962              		.loc 1 2268 28 view .LVU685
 1963 0058 03EBC203 		add	r3, r3, r2, lsl #3
 1964 005c 0633     		adds	r3, r3, #6
 1965 005e 00EB4303 		add	r3, r0, r3, lsl #1
 1966 0062 B3F80034 		ldrh	r3, [r3, #1024]
 1967 0066 C3F30903 		ubfx	r3, r3, #0, #10
2268:Drivers/STM32F1xx_HAL_Driver/Src/stm32f1xx_hal_pcd.c **** 
 1968              		.loc 1 2268 26 view .LVU686
 1969 006a C5F86C31 		str	r3, [r5, #364]
2270:Drivers/STM32F1xx_HAL_Driver/Src/stm32f1xx_hal_pcd.c ****           {
 1970              		.loc 1 2270 11 is_stmt 1 view .LVU687
2270:Drivers/STM32F1xx_HAL_Driver/Src/stm32f1xx_hal_pcd.c ****           {
 1971              		.loc 1 2270 14 is_stmt 0 view .LVU688
 1972 006e 8BB1     		cbz	r3, .L104
2270:Drivers/STM32F1xx_HAL_Driver/Src/stm32f1xx_hal_pcd.c ****           {
ARM GAS  C:\Users\subdia\AppData\Local\Temp\cczK76oD.s 			page 92


 1973              		.loc 1 2270 44 discriminator 1 view .LVU689
 1974 0070 D5F86411 		ldr	r1, [r5, #356]
2270:Drivers/STM32F1xx_HAL_Driver/Src/stm32f1xx_hal_pcd.c ****           {
 1975              		.loc 1 2270 38 discriminator 1 view .LVU690
 1976 0074 71B1     		cbz	r1, .L104
2272:Drivers/STM32F1xx_HAL_Driver/Src/stm32f1xx_hal_pcd.c ****                         ep->pmaadress, (uint16_t)ep->xfer_count);
 1977              		.loc 1 2272 13 is_stmt 1 view .LVU691
 1978 0076 B5F85621 		ldrh	r2, [r5, #342]
 1979 007a FFF7FEFF 		bl	USB_ReadPMA
 1980              	.LVL207:
2275:Drivers/STM32F1xx_HAL_Driver/Src/stm32f1xx_hal_pcd.c **** 
 1981              		.loc 1 2275 13 view .LVU692
2275:Drivers/STM32F1xx_HAL_Driver/Src/stm32f1xx_hal_pcd.c **** 
 1982              		.loc 1 2275 15 is_stmt 0 view .LVU693
 1983 007e D5F86431 		ldr	r3, [r5, #356]
2275:Drivers/STM32F1xx_HAL_Driver/Src/stm32f1xx_hal_pcd.c **** 
 1984              		.loc 1 2275 32 view .LVU694
 1985 0082 D5F86C21 		ldr	r2, [r5, #364]
2275:Drivers/STM32F1xx_HAL_Driver/Src/stm32f1xx_hal_pcd.c **** 
 1986              		.loc 1 2275 27 view .LVU695
 1987 0086 1344     		add	r3, r3, r2
 1988 0088 C5F86431 		str	r3, [r5, #356]
2281:Drivers/STM32F1xx_HAL_Driver/Src/stm32f1xx_hal_pcd.c **** #endif /* USE_HAL_PCD_REGISTER_CALLBACKS */
 1989              		.loc 1 2281 13 is_stmt 1 view .LVU696
 1990 008c 0021     		movs	r1, #0
 1991 008e 2846     		mov	r0, r5
 1992 0090 FFF7FEFF 		bl	HAL_PCD_DataOutStageCallback
 1993              	.LVL208:
 1994              	.L104:
2285:Drivers/STM32F1xx_HAL_Driver/Src/stm32f1xx_hal_pcd.c **** 
 1995              		.loc 1 2285 11 view .LVU697
2285:Drivers/STM32F1xx_HAL_Driver/Src/stm32f1xx_hal_pcd.c **** 
 1996              		.loc 1 2285 30 is_stmt 0 view .LVU698
 1997 0094 2A68     		ldr	r2, [r5]
2285:Drivers/STM32F1xx_HAL_Driver/Src/stm32f1xx_hal_pcd.c **** 
 1998              		.loc 1 2285 18 view .LVU699
 1999 0096 1388     		ldrh	r3, [r2]
 2000 0098 99B2     		uxth	r1, r3
 2001              	.LVL209:
2287:Drivers/STM32F1xx_HAL_Driver/Src/stm32f1xx_hal_pcd.c ****           {
 2002              		.loc 1 2287 11 is_stmt 1 view .LVU700
2287:Drivers/STM32F1xx_HAL_Driver/Src/stm32f1xx_hal_pcd.c ****           {
 2003              		.loc 1 2287 14 is_stmt 0 view .LVU701
 2004 009a 13F4006F 		tst	r3, #2048
 2005 009e B2D1     		bne	.L99
2287:Drivers/STM32F1xx_HAL_Driver/Src/stm32f1xx_hal_pcd.c ****           {
 2006              		.loc 1 2287 47 discriminator 1 view .LVU702
 2007 00a0 01F44051 		and	r1, r1, #12288
 2008              	.LVL210:
2287:Drivers/STM32F1xx_HAL_Driver/Src/stm32f1xx_hal_pcd.c ****           {
 2009              		.loc 1 2287 47 discriminator 1 view .LVU703
 2010 00a4 B1F5405F 		cmp	r1, #12288
 2011 00a8 ADD0     		beq	.L99
2289:Drivers/STM32F1xx_HAL_Driver/Src/stm32f1xx_hal_pcd.c ****             PCD_SET_EP_RX_STATUS(hpcd->Instance, PCD_ENDP0, USB_EP_RX_VALID);
 2012              		.loc 1 2289 13 is_stmt 1 view .LVU704
 2013              	.LBB38:
2289:Drivers/STM32F1xx_HAL_Driver/Src/stm32f1xx_hal_pcd.c ****             PCD_SET_EP_RX_STATUS(hpcd->Instance, PCD_ENDP0, USB_EP_RX_VALID);
ARM GAS  C:\Users\subdia\AppData\Local\Temp\cczK76oD.s 			page 93


 2014              		.loc 1 2289 13 view .LVU705
 2015              	.LVL211:
2289:Drivers/STM32F1xx_HAL_Driver/Src/stm32f1xx_hal_pcd.c ****             PCD_SET_EP_RX_STATUS(hpcd->Instance, PCD_ENDP0, USB_EP_RX_VALID);
 2016              		.loc 1 2289 13 view .LVU706
2289:Drivers/STM32F1xx_HAL_Driver/Src/stm32f1xx_hal_pcd.c ****             PCD_SET_EP_RX_STATUS(hpcd->Instance, PCD_ENDP0, USB_EP_RX_VALID);
 2017              		.loc 1 2289 13 view .LVU707
 2018 00aa B2F85030 		ldrh	r3, [r2, #80]
 2019              	.LVL212:
2289:Drivers/STM32F1xx_HAL_Driver/Src/stm32f1xx_hal_pcd.c ****             PCD_SET_EP_RX_STATUS(hpcd->Instance, PCD_ENDP0, USB_EP_RX_VALID);
 2020              		.loc 1 2289 13 is_stmt 0 view .LVU708
 2021 00ae 9BB2     		uxth	r3, r3
 2022 00b0 1A44     		add	r2, r2, r3
 2023              	.LVL213:
2289:Drivers/STM32F1xx_HAL_Driver/Src/stm32f1xx_hal_pcd.c ****             PCD_SET_EP_RX_STATUS(hpcd->Instance, PCD_ENDP0, USB_EP_RX_VALID);
 2024              		.loc 1 2289 13 is_stmt 1 view .LVU709
2289:Drivers/STM32F1xx_HAL_Driver/Src/stm32f1xx_hal_pcd.c ****             PCD_SET_EP_RX_STATUS(hpcd->Instance, PCD_ENDP0, USB_EP_RX_VALID);
 2025              		.loc 1 2289 13 view .LVU710
 2026              	.LBB39:
2289:Drivers/STM32F1xx_HAL_Driver/Src/stm32f1xx_hal_pcd.c ****             PCD_SET_EP_RX_STATUS(hpcd->Instance, PCD_ENDP0, USB_EP_RX_VALID);
 2027              		.loc 1 2289 13 view .LVU711
2289:Drivers/STM32F1xx_HAL_Driver/Src/stm32f1xx_hal_pcd.c ****             PCD_SET_EP_RX_STATUS(hpcd->Instance, PCD_ENDP0, USB_EP_RX_VALID);
 2028              		.loc 1 2289 13 view .LVU712
 2029 00b2 B2F80C34 		ldrh	r3, [r2, #1036]
 2030 00b6 C3F30903 		ubfx	r3, r3, #0, #10
 2031 00ba A2F80C34 		strh	r3, [r2, #1036]	@ movhi
2289:Drivers/STM32F1xx_HAL_Driver/Src/stm32f1xx_hal_pcd.c ****             PCD_SET_EP_RX_STATUS(hpcd->Instance, PCD_ENDP0, USB_EP_RX_VALID);
 2032              		.loc 1 2289 13 view .LVU713
 2033 00be D5F86031 		ldr	r3, [r5, #352]
 2034 00c2 3E2B     		cmp	r3, #62
 2035 00c4 74D9     		bls	.L105
2289:Drivers/STM32F1xx_HAL_Driver/Src/stm32f1xx_hal_pcd.c ****             PCD_SET_EP_RX_STATUS(hpcd->Instance, PCD_ENDP0, USB_EP_RX_VALID);
 2036              		.loc 1 2289 13 discriminator 1 view .LVU714
2289:Drivers/STM32F1xx_HAL_Driver/Src/stm32f1xx_hal_pcd.c ****             PCD_SET_EP_RX_STATUS(hpcd->Instance, PCD_ENDP0, USB_EP_RX_VALID);
 2037              		.loc 1 2289 13 discriminator 1 view .LVU715
 2038 00c6 5909     		lsrs	r1, r3, #5
 2039              	.LVL214:
2289:Drivers/STM32F1xx_HAL_Driver/Src/stm32f1xx_hal_pcd.c ****             PCD_SET_EP_RX_STATUS(hpcd->Instance, PCD_ENDP0, USB_EP_RX_VALID);
 2040              		.loc 1 2289 13 view .LVU716
2289:Drivers/STM32F1xx_HAL_Driver/Src/stm32f1xx_hal_pcd.c ****             PCD_SET_EP_RX_STATUS(hpcd->Instance, PCD_ENDP0, USB_EP_RX_VALID);
 2041              		.loc 1 2289 13 is_stmt 0 discriminator 1 view .LVU717
 2042 00c8 13F01F0F 		tst	r3, #31
 2043 00cc 00D1     		bne	.L106
2289:Drivers/STM32F1xx_HAL_Driver/Src/stm32f1xx_hal_pcd.c ****             PCD_SET_EP_RX_STATUS(hpcd->Instance, PCD_ENDP0, USB_EP_RX_VALID);
 2044              		.loc 1 2289 13 is_stmt 1 discriminator 3 view .LVU718
 2045 00ce 0139     		subs	r1, r1, #1
 2046              	.LVL215:
 2047              	.L106:
2289:Drivers/STM32F1xx_HAL_Driver/Src/stm32f1xx_hal_pcd.c ****             PCD_SET_EP_RX_STATUS(hpcd->Instance, PCD_ENDP0, USB_EP_RX_VALID);
 2048              		.loc 1 2289 13 discriminator 5 view .LVU719
 2049 00d0 B2F80C34 		ldrh	r3, [r2, #1036]
 2050 00d4 9BB2     		uxth	r3, r3
 2051 00d6 8902     		lsls	r1, r1, #10
 2052              	.LVL216:
2289:Drivers/STM32F1xx_HAL_Driver/Src/stm32f1xx_hal_pcd.c ****             PCD_SET_EP_RX_STATUS(hpcd->Instance, PCD_ENDP0, USB_EP_RX_VALID);
 2053              		.loc 1 2289 13 is_stmt 0 discriminator 5 view .LVU720
 2054 00d8 89B2     		uxth	r1, r1
 2055 00da 0B43     		orrs	r3, r3, r1
ARM GAS  C:\Users\subdia\AppData\Local\Temp\cczK76oD.s 			page 94


 2056 00dc 43F40043 		orr	r3, r3, #32768
 2057 00e0 A2F80C34 		strh	r3, [r2, #1036]	@ movhi
2289:Drivers/STM32F1xx_HAL_Driver/Src/stm32f1xx_hal_pcd.c ****             PCD_SET_EP_RX_STATUS(hpcd->Instance, PCD_ENDP0, USB_EP_RX_VALID);
 2058              		.loc 1 2289 13 is_stmt 1 view .LVU721
 2059              	.LVL217:
 2060              	.L107:
2289:Drivers/STM32F1xx_HAL_Driver/Src/stm32f1xx_hal_pcd.c ****             PCD_SET_EP_RX_STATUS(hpcd->Instance, PCD_ENDP0, USB_EP_RX_VALID);
 2061              		.loc 1 2289 13 view .LVU722
 2062              	.LBE39:
2289:Drivers/STM32F1xx_HAL_Driver/Src/stm32f1xx_hal_pcd.c ****             PCD_SET_EP_RX_STATUS(hpcd->Instance, PCD_ENDP0, USB_EP_RX_VALID);
 2063              		.loc 1 2289 13 view .LVU723
 2064              	.LBE38:
2289:Drivers/STM32F1xx_HAL_Driver/Src/stm32f1xx_hal_pcd.c ****             PCD_SET_EP_RX_STATUS(hpcd->Instance, PCD_ENDP0, USB_EP_RX_VALID);
 2065              		.loc 1 2289 13 view .LVU724
2290:Drivers/STM32F1xx_HAL_Driver/Src/stm32f1xx_hal_pcd.c ****           }
 2066              		.loc 1 2290 13 view .LVU725
 2067              	.LBB41:
2290:Drivers/STM32F1xx_HAL_Driver/Src/stm32f1xx_hal_pcd.c ****           }
 2068              		.loc 1 2290 13 view .LVU726
2290:Drivers/STM32F1xx_HAL_Driver/Src/stm32f1xx_hal_pcd.c ****           }
 2069              		.loc 1 2290 13 view .LVU727
 2070 00e4 2A68     		ldr	r2, [r5]
 2071              	.LVL218:
2290:Drivers/STM32F1xx_HAL_Driver/Src/stm32f1xx_hal_pcd.c ****           }
 2072              		.loc 1 2290 13 is_stmt 0 view .LVU728
 2073 00e6 1388     		ldrh	r3, [r2]
 2074 00e8 9BB2     		uxth	r3, r3
 2075 00ea 23F48043 		bic	r3, r3, #16384
 2076 00ee 23F07003 		bic	r3, r3, #112
2290:Drivers/STM32F1xx_HAL_Driver/Src/stm32f1xx_hal_pcd.c ****           }
 2077              		.loc 1 2290 13 is_stmt 1 view .LVU729
2290:Drivers/STM32F1xx_HAL_Driver/Src/stm32f1xx_hal_pcd.c ****           }
 2078              		.loc 1 2290 13 discriminator 1 view .LVU730
 2079              	.LVL219:
2290:Drivers/STM32F1xx_HAL_Driver/Src/stm32f1xx_hal_pcd.c ****           }
 2080              		.loc 1 2290 13 discriminator 3 view .LVU731
2290:Drivers/STM32F1xx_HAL_Driver/Src/stm32f1xx_hal_pcd.c ****           }
 2081              		.loc 1 2290 13 discriminator 4 view .LVU732
 2082 00f2 83F44053 		eor	r3, r3, #12288
 2083              	.LVL220:
2290:Drivers/STM32F1xx_HAL_Driver/Src/stm32f1xx_hal_pcd.c ****           }
 2084              		.loc 1 2290 13 discriminator 6 view .LVU733
 2085 00f6 43F40043 		orr	r3, r3, #32768
 2086              	.LVL221:
2290:Drivers/STM32F1xx_HAL_Driver/Src/stm32f1xx_hal_pcd.c ****           }
 2087              		.loc 1 2290 13 is_stmt 0 discriminator 6 view .LVU734
 2088 00fa 43F08003 		orr	r3, r3, #128
 2089 00fe 1380     		strh	r3, [r2]	@ movhi
 2090 0100 81E7     		b	.L99
 2091              	.LVL222:
 2092              	.L129:
2290:Drivers/STM32F1xx_HAL_Driver/Src/stm32f1xx_hal_pcd.c ****           }
 2093              		.loc 1 2290 13 discriminator 6 view .LVU735
 2094              	.LBE41:
2217:Drivers/STM32F1xx_HAL_Driver/Src/stm32f1xx_hal_pcd.c ****         ep = &hpcd->IN_ep[0];
 2095              		.loc 1 2217 9 is_stmt 1 view .LVU736
 2096              	.LBB42:
ARM GAS  C:\Users\subdia\AppData\Local\Temp\cczK76oD.s 			page 95


2217:Drivers/STM32F1xx_HAL_Driver/Src/stm32f1xx_hal_pcd.c ****         ep = &hpcd->IN_ep[0];
 2097              		.loc 1 2217 9 view .LVU737
2217:Drivers/STM32F1xx_HAL_Driver/Src/stm32f1xx_hal_pcd.c ****         ep = &hpcd->IN_ep[0];
 2098              		.loc 1 2217 9 view .LVU738
 2099 0102 0388     		ldrh	r3, [r0]
 2100              	.LVL223:
2217:Drivers/STM32F1xx_HAL_Driver/Src/stm32f1xx_hal_pcd.c ****         ep = &hpcd->IN_ep[0];
 2101              		.loc 1 2217 9 is_stmt 0 view .LVU739
 2102 0104 9BB2     		uxth	r3, r3
 2103 0106 23F4E143 		bic	r3, r3, #28800
 2104 010a 23F07003 		bic	r3, r3, #112
 2105              	.LVL224:
2217:Drivers/STM32F1xx_HAL_Driver/Src/stm32f1xx_hal_pcd.c ****         ep = &hpcd->IN_ep[0];
 2106              		.loc 1 2217 9 is_stmt 1 view .LVU740
 2107 010e 6FEA4343 		mvn	r3, r3, lsl #17
 2108              	.LVL225:
2217:Drivers/STM32F1xx_HAL_Driver/Src/stm32f1xx_hal_pcd.c ****         ep = &hpcd->IN_ep[0];
 2109              		.loc 1 2217 9 is_stmt 0 view .LVU741
 2110 0112 6FEA5343 		mvn	r3, r3, lsr #17
 2111 0116 9BB2     		uxth	r3, r3
 2112 0118 0380     		strh	r3, [r0]	@ movhi
 2113              	.LBE42:
2217:Drivers/STM32F1xx_HAL_Driver/Src/stm32f1xx_hal_pcd.c ****         ep = &hpcd->IN_ep[0];
 2114              		.loc 1 2217 9 is_stmt 1 view .LVU742
2218:Drivers/STM32F1xx_HAL_Driver/Src/stm32f1xx_hal_pcd.c **** 
 2115              		.loc 1 2218 9 view .LVU743
 2116              	.LVL226:
2220:Drivers/STM32F1xx_HAL_Driver/Src/stm32f1xx_hal_pcd.c ****         ep->xfer_buff += ep->xfer_count;
 2117              		.loc 1 2220 9 view .LVU744
2220:Drivers/STM32F1xx_HAL_Driver/Src/stm32f1xx_hal_pcd.c ****         ep->xfer_buff += ep->xfer_count;
 2118              		.loc 1 2220 26 is_stmt 0 view .LVU745
 2119 011a 2A68     		ldr	r2, [r5]
 2120 011c B2F85030 		ldrh	r3, [r2, #80]
 2121 0120 9BB2     		uxth	r3, r3
 2122 0122 297C     		ldrb	r1, [r5, #16]	@ zero_extendqisi2
 2123 0124 03EBC103 		add	r3, r3, r1, lsl #3
 2124 0128 0233     		adds	r3, r3, #2
 2125 012a 02EB4302 		add	r2, r2, r3, lsl #1
 2126 012e B2F80034 		ldrh	r3, [r2, #1024]
 2127 0132 C3F30903 		ubfx	r3, r3, #0, #10
2220:Drivers/STM32F1xx_HAL_Driver/Src/stm32f1xx_hal_pcd.c ****         ep->xfer_buff += ep->xfer_count;
 2128              		.loc 1 2220 24 view .LVU746
 2129 0136 EB62     		str	r3, [r5, #44]
2221:Drivers/STM32F1xx_HAL_Driver/Src/stm32f1xx_hal_pcd.c **** 
 2130              		.loc 1 2221 9 is_stmt 1 view .LVU747
2221:Drivers/STM32F1xx_HAL_Driver/Src/stm32f1xx_hal_pcd.c **** 
 2131              		.loc 1 2221 11 is_stmt 0 view .LVU748
 2132 0138 6A6A     		ldr	r2, [r5, #36]
2221:Drivers/STM32F1xx_HAL_Driver/Src/stm32f1xx_hal_pcd.c **** 
 2133              		.loc 1 2221 23 view .LVU749
 2134 013a 1A44     		add	r2, r2, r3
 2135 013c 6A62     		str	r2, [r5, #36]
2227:Drivers/STM32F1xx_HAL_Driver/Src/stm32f1xx_hal_pcd.c **** #endif /* USE_HAL_PCD_REGISTER_CALLBACKS */
 2136              		.loc 1 2227 9 is_stmt 1 view .LVU750
 2137 013e 0021     		movs	r1, #0
 2138 0140 2846     		mov	r0, r5
 2139 0142 FFF7FEFF 		bl	HAL_PCD_DataInStageCallback
ARM GAS  C:\Users\subdia\AppData\Local\Temp\cczK76oD.s 			page 96


 2140              	.LVL227:
2230:Drivers/STM32F1xx_HAL_Driver/Src/stm32f1xx_hal_pcd.c ****         {
 2141              		.loc 1 2230 9 view .LVU751
2230:Drivers/STM32F1xx_HAL_Driver/Src/stm32f1xx_hal_pcd.c ****         {
 2142              		.loc 1 2230 18 is_stmt 0 view .LVU752
 2143 0146 6B7B     		ldrb	r3, [r5, #13]	@ zero_extendqisi2
2230:Drivers/STM32F1xx_HAL_Driver/Src/stm32f1xx_hal_pcd.c ****         {
 2144              		.loc 1 2230 12 view .LVU753
 2145 0148 002B     		cmp	r3, #0
 2146 014a 3FF45CAF 		beq	.L99
2230:Drivers/STM32F1xx_HAL_Driver/Src/stm32f1xx_hal_pcd.c ****         {
 2147              		.loc 1 2230 44 discriminator 1 view .LVU754
 2148 014e AB6A     		ldr	r3, [r5, #40]
2230:Drivers/STM32F1xx_HAL_Driver/Src/stm32f1xx_hal_pcd.c ****         {
 2149              		.loc 1 2230 38 discriminator 1 view .LVU755
 2150 0150 002B     		cmp	r3, #0
 2151 0152 7FF458AF 		bne	.L99
2232:Drivers/STM32F1xx_HAL_Driver/Src/stm32f1xx_hal_pcd.c ****           hpcd->USB_Address = 0U;
 2152              		.loc 1 2232 11 is_stmt 1 view .LVU756
2232:Drivers/STM32F1xx_HAL_Driver/Src/stm32f1xx_hal_pcd.c ****           hpcd->USB_Address = 0U;
 2153              		.loc 1 2232 50 is_stmt 0 view .LVU757
 2154 0156 6B7B     		ldrb	r3, [r5, #13]	@ zero_extendqisi2
2232:Drivers/STM32F1xx_HAL_Driver/Src/stm32f1xx_hal_pcd.c ****           hpcd->USB_Address = 0U;
 2155              		.loc 1 2232 15 view .LVU758
 2156 0158 2A68     		ldr	r2, [r5]
2232:Drivers/STM32F1xx_HAL_Driver/Src/stm32f1xx_hal_pcd.c ****           hpcd->USB_Address = 0U;
 2157              		.loc 1 2232 33 view .LVU759
 2158 015a 43F08003 		orr	r3, r3, #128
 2159 015e A2F84C30 		strh	r3, [r2, #76]	@ movhi
2233:Drivers/STM32F1xx_HAL_Driver/Src/stm32f1xx_hal_pcd.c ****         }
 2160              		.loc 1 2233 11 is_stmt 1 view .LVU760
2233:Drivers/STM32F1xx_HAL_Driver/Src/stm32f1xx_hal_pcd.c ****         }
 2161              		.loc 1 2233 29 is_stmt 0 view .LVU761
 2162 0162 0023     		movs	r3, #0
 2163 0164 6B73     		strb	r3, [r5, #13]
 2164 0166 4EE7     		b	.L99
 2165              	.LVL228:
 2166              	.L130:
2248:Drivers/STM32F1xx_HAL_Driver/Src/stm32f1xx_hal_pcd.c **** 
 2167              		.loc 1 2248 11 is_stmt 1 view .LVU762
2248:Drivers/STM32F1xx_HAL_Driver/Src/stm32f1xx_hal_pcd.c **** 
 2168              		.loc 1 2248 28 is_stmt 0 view .LVU763
 2169 0168 B0F85030 		ldrh	r3, [r0, #80]
 2170 016c 9BB2     		uxth	r3, r3
 2171 016e 95F85021 		ldrb	r2, [r5, #336]	@ zero_extendqisi2
 2172              	.LVL229:
2248:Drivers/STM32F1xx_HAL_Driver/Src/stm32f1xx_hal_pcd.c **** 
 2173              		.loc 1 2248 28 view .LVU764
 2174 0172 03EBC203 		add	r3, r3, r2, lsl #3
 2175 0176 0633     		adds	r3, r3, #6
 2176 0178 00EB4303 		add	r3, r0, r3, lsl #1
 2177 017c B3F80034 		ldrh	r3, [r3, #1024]
 2178 0180 C3F30903 		ubfx	r3, r3, #0, #10
2248:Drivers/STM32F1xx_HAL_Driver/Src/stm32f1xx_hal_pcd.c **** 
 2179              		.loc 1 2248 26 view .LVU765
 2180 0184 C5F86C31 		str	r3, [r5, #364]
2250:Drivers/STM32F1xx_HAL_Driver/Src/stm32f1xx_hal_pcd.c ****                       ep->pmaadress, (uint16_t)ep->xfer_count);
ARM GAS  C:\Users\subdia\AppData\Local\Temp\cczK76oD.s 			page 97


 2181              		.loc 1 2250 11 is_stmt 1 view .LVU766
 2182 0188 B5F85621 		ldrh	r2, [r5, #342]
 2183 018c 05F52671 		add	r1, r5, #664
 2184 0190 FFF7FEFF 		bl	USB_ReadPMA
 2185              	.LVL230:
2254:Drivers/STM32F1xx_HAL_Driver/Src/stm32f1xx_hal_pcd.c **** 
 2186              		.loc 1 2254 11 view .LVU767
 2187              	.LBB43:
2254:Drivers/STM32F1xx_HAL_Driver/Src/stm32f1xx_hal_pcd.c **** 
 2188              		.loc 1 2254 11 view .LVU768
2254:Drivers/STM32F1xx_HAL_Driver/Src/stm32f1xx_hal_pcd.c **** 
 2189              		.loc 1 2254 11 view .LVU769
 2190 0194 2A68     		ldr	r2, [r5]
 2191 0196 1388     		ldrh	r3, [r2]
 2192 0198 9BB2     		uxth	r3, r3
 2193 019a 23F07003 		bic	r3, r3, #112
 2194 019e 1B05     		lsls	r3, r3, #20
 2195 01a0 1B0D     		lsrs	r3, r3, #20
 2196              	.LVL231:
2254:Drivers/STM32F1xx_HAL_Driver/Src/stm32f1xx_hal_pcd.c **** 
 2197              		.loc 1 2254 11 view .LVU770
 2198 01a2 43F08003 		orr	r3, r3, #128
 2199              	.LVL232:
2254:Drivers/STM32F1xx_HAL_Driver/Src/stm32f1xx_hal_pcd.c **** 
 2200              		.loc 1 2254 11 is_stmt 0 view .LVU771
 2201 01a6 1380     		strh	r3, [r2]	@ movhi
 2202              	.LBE43:
2254:Drivers/STM32F1xx_HAL_Driver/Src/stm32f1xx_hal_pcd.c **** 
 2203              		.loc 1 2254 11 is_stmt 1 view .LVU772
2260:Drivers/STM32F1xx_HAL_Driver/Src/stm32f1xx_hal_pcd.c **** #endif /* USE_HAL_PCD_REGISTER_CALLBACKS */
 2204              		.loc 1 2260 11 view .LVU773
 2205 01a8 2846     		mov	r0, r5
 2206 01aa FFF7FEFF 		bl	HAL_PCD_SetupStageCallback
 2207              	.LVL233:
 2208 01ae 2AE7     		b	.L99
 2209              	.LVL234:
 2210              	.L105:
 2211              	.LBB44:
 2212              	.LBB40:
2289:Drivers/STM32F1xx_HAL_Driver/Src/stm32f1xx_hal_pcd.c ****             PCD_SET_EP_RX_STATUS(hpcd->Instance, PCD_ENDP0, USB_EP_RX_VALID);
 2213              		.loc 1 2289 13 discriminator 2 view .LVU774
 2214 01b0 4BB9     		cbnz	r3, .L108
2289:Drivers/STM32F1xx_HAL_Driver/Src/stm32f1xx_hal_pcd.c ****             PCD_SET_EP_RX_STATUS(hpcd->Instance, PCD_ENDP0, USB_EP_RX_VALID);
 2215              		.loc 1 2289 13 discriminator 6 view .LVU775
 2216 01b2 B2F80C34 		ldrh	r3, [r2, #1036]
 2217 01b6 6FEA4343 		mvn	r3, r3, lsl #17
 2218 01ba 6FEA5343 		mvn	r3, r3, lsr #17
 2219 01be 9BB2     		uxth	r3, r3
 2220 01c0 A2F80C34 		strh	r3, [r2, #1036]	@ movhi
 2221 01c4 8EE7     		b	.L107
 2222              	.L108:
2289:Drivers/STM32F1xx_HAL_Driver/Src/stm32f1xx_hal_pcd.c ****             PCD_SET_EP_RX_STATUS(hpcd->Instance, PCD_ENDP0, USB_EP_RX_VALID);
 2223              		.loc 1 2289 13 discriminator 7 view .LVU776
2289:Drivers/STM32F1xx_HAL_Driver/Src/stm32f1xx_hal_pcd.c ****             PCD_SET_EP_RX_STATUS(hpcd->Instance, PCD_ENDP0, USB_EP_RX_VALID);
 2224              		.loc 1 2289 13 discriminator 7 view .LVU777
 2225 01c6 5908     		lsrs	r1, r3, #1
 2226              	.LVL235:
ARM GAS  C:\Users\subdia\AppData\Local\Temp\cczK76oD.s 			page 98


2289:Drivers/STM32F1xx_HAL_Driver/Src/stm32f1xx_hal_pcd.c ****             PCD_SET_EP_RX_STATUS(hpcd->Instance, PCD_ENDP0, USB_EP_RX_VALID);
 2227              		.loc 1 2289 13 view .LVU778
2289:Drivers/STM32F1xx_HAL_Driver/Src/stm32f1xx_hal_pcd.c ****             PCD_SET_EP_RX_STATUS(hpcd->Instance, PCD_ENDP0, USB_EP_RX_VALID);
 2228              		.loc 1 2289 13 is_stmt 0 discriminator 7 view .LVU779
 2229 01c8 13F0010F 		tst	r3, #1
 2230 01cc 00D0     		beq	.L109
2289:Drivers/STM32F1xx_HAL_Driver/Src/stm32f1xx_hal_pcd.c ****             PCD_SET_EP_RX_STATUS(hpcd->Instance, PCD_ENDP0, USB_EP_RX_VALID);
 2231              		.loc 1 2289 13 is_stmt 1 discriminator 8 view .LVU780
 2232 01ce 0131     		adds	r1, r1, #1
 2233              	.LVL236:
 2234              	.L109:
2289:Drivers/STM32F1xx_HAL_Driver/Src/stm32f1xx_hal_pcd.c ****             PCD_SET_EP_RX_STATUS(hpcd->Instance, PCD_ENDP0, USB_EP_RX_VALID);
 2235              		.loc 1 2289 13 discriminator 10 view .LVU781
 2236 01d0 B2F80C34 		ldrh	r3, [r2, #1036]
 2237 01d4 98B2     		uxth	r0, r3
 2238 01d6 8B02     		lsls	r3, r1, #10
 2239 01d8 9BB2     		uxth	r3, r3
 2240 01da 0343     		orrs	r3, r3, r0
 2241 01dc A2F80C34 		strh	r3, [r2, #1036]	@ movhi
 2242 01e0 80E7     		b	.L107
 2243              	.LVL237:
 2244              	.L100:
2289:Drivers/STM32F1xx_HAL_Driver/Src/stm32f1xx_hal_pcd.c ****             PCD_SET_EP_RX_STATUS(hpcd->Instance, PCD_ENDP0, USB_EP_RX_VALID);
 2245              		.loc 1 2289 13 is_stmt 0 discriminator 10 view .LVU782
 2246              	.LBE40:
 2247              	.LBE44:
2299:Drivers/STM32F1xx_HAL_Driver/Src/stm32f1xx_hal_pcd.c **** 
 2248              		.loc 1 2299 7 is_stmt 1 view .LVU783
2299:Drivers/STM32F1xx_HAL_Driver/Src/stm32f1xx_hal_pcd.c **** 
 2249              		.loc 1 2299 14 is_stmt 0 view .LVU784
 2250 01e2 30F82430 		ldrh	r3, [r0, r4, lsl #2]
 2251              	.LVL238:
2299:Drivers/STM32F1xx_HAL_Driver/Src/stm32f1xx_hal_pcd.c **** 
 2252              		.loc 1 2299 14 view .LVU785
 2253 01e6 9EB2     		uxth	r6, r3
 2254              	.LVL239:
2301:Drivers/STM32F1xx_HAL_Driver/Src/stm32f1xx_hal_pcd.c ****       {
 2255              		.loc 1 2301 7 is_stmt 1 view .LVU786
2301:Drivers/STM32F1xx_HAL_Driver/Src/stm32f1xx_hal_pcd.c ****       {
 2256              		.loc 1 2301 10 is_stmt 0 view .LVU787
 2257 01e8 13F4004F 		tst	r3, #32768
 2258 01ec 50D1     		bne	.L131
 2259              	.L110:
2373:Drivers/STM32F1xx_HAL_Driver/Src/stm32f1xx_hal_pcd.c ****       {
 2260              		.loc 1 2373 7 is_stmt 1 view .LVU788
2373:Drivers/STM32F1xx_HAL_Driver/Src/stm32f1xx_hal_pcd.c ****       {
 2261              		.loc 1 2373 10 is_stmt 0 view .LVU789
 2262 01ee 16F0800F 		tst	r6, #128
 2263 01f2 3FF408AF 		beq	.L99
2375:Drivers/STM32F1xx_HAL_Driver/Src/stm32f1xx_hal_pcd.c **** 
 2264              		.loc 1 2375 9 is_stmt 1 view .LVU790
2375:Drivers/STM32F1xx_HAL_Driver/Src/stm32f1xx_hal_pcd.c **** 
 2265              		.loc 1 2375 12 is_stmt 0 view .LVU791
 2266 01f6 04EB8401 		add	r1, r4, r4, lsl #2
 2267 01fa C900     		lsls	r1, r1, #3
 2268 01fc 1031     		adds	r1, r1, #16
 2269 01fe 2944     		add	r1, r1, r5
ARM GAS  C:\Users\subdia\AppData\Local\Temp\cczK76oD.s 			page 99


 2270              	.LVL240:
2378:Drivers/STM32F1xx_HAL_Driver/Src/stm32f1xx_hal_pcd.c **** 
 2271              		.loc 1 2378 9 is_stmt 1 view .LVU792
 2272              	.LBB45:
2378:Drivers/STM32F1xx_HAL_Driver/Src/stm32f1xx_hal_pcd.c **** 
 2273              		.loc 1 2378 9 view .LVU793
2378:Drivers/STM32F1xx_HAL_Driver/Src/stm32f1xx_hal_pcd.c **** 
 2274              		.loc 1 2378 9 view .LVU794
 2275 0200 2A68     		ldr	r2, [r5]
 2276 0202 32F82430 		ldrh	r3, [r2, r4, lsl #2]
 2277 0206 9BB2     		uxth	r3, r3
 2278 0208 23F4E143 		bic	r3, r3, #28800
 2279 020c 23F07003 		bic	r3, r3, #112
 2280              	.LVL241:
2378:Drivers/STM32F1xx_HAL_Driver/Src/stm32f1xx_hal_pcd.c **** 
 2281              		.loc 1 2378 9 view .LVU795
 2282 0210 6FEA4343 		mvn	r3, r3, lsl #17
 2283              	.LVL242:
2378:Drivers/STM32F1xx_HAL_Driver/Src/stm32f1xx_hal_pcd.c **** 
 2284              		.loc 1 2378 9 is_stmt 0 view .LVU796
 2285 0214 6FEA5343 		mvn	r3, r3, lsr #17
 2286 0218 9BB2     		uxth	r3, r3
 2287 021a 22F82430 		strh	r3, [r2, r4, lsl #2]	@ movhi
 2288              	.LBE45:
2378:Drivers/STM32F1xx_HAL_Driver/Src/stm32f1xx_hal_pcd.c **** 
 2289              		.loc 1 2378 9 is_stmt 1 view .LVU797
2380:Drivers/STM32F1xx_HAL_Driver/Src/stm32f1xx_hal_pcd.c ****         {
 2290              		.loc 1 2380 9 view .LVU798
2380:Drivers/STM32F1xx_HAL_Driver/Src/stm32f1xx_hal_pcd.c ****         {
 2291              		.loc 1 2380 15 is_stmt 0 view .LVU799
 2292 021e 04EB8403 		add	r3, r4, r4, lsl #2
 2293 0222 05EBC303 		add	r3, r5, r3, lsl #3
 2294 0226 DB7C     		ldrb	r3, [r3, #19]	@ zero_extendqisi2
2380:Drivers/STM32F1xx_HAL_Driver/Src/stm32f1xx_hal_pcd.c ****         {
 2295              		.loc 1 2380 12 view .LVU800
 2296 0228 012B     		cmp	r3, #1
 2297 022a 00F0F380 		beq	.L132
2408:Drivers/STM32F1xx_HAL_Driver/Src/stm32f1xx_hal_pcd.c ****           {
 2298              		.loc 1 2408 11 is_stmt 1 view .LVU801
2408:Drivers/STM32F1xx_HAL_Driver/Src/stm32f1xx_hal_pcd.c ****           {
 2299              		.loc 1 2408 14 is_stmt 0 view .LVU802
 2300 022e 16F4807F 		tst	r6, #256
 2301 0232 40F08A81 		bne	.L122
2411:Drivers/STM32F1xx_HAL_Driver/Src/stm32f1xx_hal_pcd.c **** 
 2302              		.loc 1 2411 13 is_stmt 1 view .LVU803
2411:Drivers/STM32F1xx_HAL_Driver/Src/stm32f1xx_hal_pcd.c **** 
 2303              		.loc 1 2411 35 is_stmt 0 view .LVU804
 2304 0236 2868     		ldr	r0, [r5]
 2305 0238 B0F85030 		ldrh	r3, [r0, #80]
 2306 023c 9BB2     		uxth	r3, r3
 2307 023e 04EB8402 		add	r2, r4, r4, lsl #2
 2308 0242 05EBC202 		add	r2, r5, r2, lsl #3
 2309 0246 167C     		ldrb	r6, [r2, #16]	@ zero_extendqisi2
 2310              	.LVL243:
2411:Drivers/STM32F1xx_HAL_Driver/Src/stm32f1xx_hal_pcd.c **** 
 2311              		.loc 1 2411 35 view .LVU805
 2312 0248 03EBC603 		add	r3, r3, r6, lsl #3
ARM GAS  C:\Users\subdia\AppData\Local\Temp\cczK76oD.s 			page 100


 2313 024c 0233     		adds	r3, r3, #2
 2314 024e 00EB4303 		add	r3, r0, r3, lsl #1
 2315 0252 B3F80034 		ldrh	r3, [r3, #1024]
2411:Drivers/STM32F1xx_HAL_Driver/Src/stm32f1xx_hal_pcd.c **** 
 2316              		.loc 1 2411 23 view .LVU806
 2317 0256 C3F30903 		ubfx	r3, r3, #0, #10
 2318              	.LVL244:
2413:Drivers/STM32F1xx_HAL_Driver/Src/stm32f1xx_hal_pcd.c ****             {
 2319              		.loc 1 2413 13 is_stmt 1 view .LVU807
2413:Drivers/STM32F1xx_HAL_Driver/Src/stm32f1xx_hal_pcd.c ****             {
 2320              		.loc 1 2413 19 is_stmt 0 view .LVU808
 2321 025a 621C     		adds	r2, r4, #1
 2322 025c 02EB8202 		add	r2, r2, r2, lsl #2
 2323 0260 55F83220 		ldr	r2, [r5, r2, lsl #3]
2413:Drivers/STM32F1xx_HAL_Driver/Src/stm32f1xx_hal_pcd.c ****             {
 2324              		.loc 1 2413 16 view .LVU809
 2325 0264 9A42     		cmp	r2, r3
 2326 0266 40F25381 		bls	.L123
2415:Drivers/STM32F1xx_HAL_Driver/Src/stm32f1xx_hal_pcd.c ****             }
 2327              		.loc 1 2415 15 is_stmt 1 view .LVU810
2415:Drivers/STM32F1xx_HAL_Driver/Src/stm32f1xx_hal_pcd.c ****             }
 2328              		.loc 1 2415 28 is_stmt 0 view .LVU811
 2329 026a 671C     		adds	r7, r4, #1
 2330 026c 07EB8707 		add	r7, r7, r7, lsl #2
 2331 0270 D21A     		subs	r2, r2, r3
 2332 0272 45F83720 		str	r2, [r5, r7, lsl #3]
 2333              	.L124:
2423:Drivers/STM32F1xx_HAL_Driver/Src/stm32f1xx_hal_pcd.c ****             {
 2334              		.loc 1 2423 13 is_stmt 1 view .LVU812
2423:Drivers/STM32F1xx_HAL_Driver/Src/stm32f1xx_hal_pcd.c ****             {
 2335              		.loc 1 2423 19 is_stmt 0 view .LVU813
 2336 0276 621C     		adds	r2, r4, #1
 2337 0278 02EB8202 		add	r2, r2, r2, lsl #2
 2338 027c 55F83220 		ldr	r2, [r5, r2, lsl #3]
2423:Drivers/STM32F1xx_HAL_Driver/Src/stm32f1xx_hal_pcd.c ****             {
 2339              		.loc 1 2423 16 view .LVU814
 2340 0280 002A     		cmp	r2, #0
 2341 0282 40F04C81 		bne	.L125
2429:Drivers/STM32F1xx_HAL_Driver/Src/stm32f1xx_hal_pcd.c **** #endif /* USE_HAL_PCD_REGISTER_CALLBACKS */
 2342              		.loc 1 2429 15 is_stmt 1 view .LVU815
 2343 0286 3146     		mov	r1, r6
 2344              	.LVL245:
2429:Drivers/STM32F1xx_HAL_Driver/Src/stm32f1xx_hal_pcd.c **** #endif /* USE_HAL_PCD_REGISTER_CALLBACKS */
 2345              		.loc 1 2429 15 is_stmt 0 view .LVU816
 2346 0288 2846     		mov	r0, r5
 2347 028a FFF7FEFF 		bl	HAL_PCD_DataInStageCallback
 2348              	.LVL246:
2429:Drivers/STM32F1xx_HAL_Driver/Src/stm32f1xx_hal_pcd.c **** #endif /* USE_HAL_PCD_REGISTER_CALLBACKS */
 2349              		.loc 1 2429 15 view .LVU817
 2350 028e BAE6     		b	.L99
 2351              	.LVL247:
 2352              	.L131:
2304:Drivers/STM32F1xx_HAL_Driver/Src/stm32f1xx_hal_pcd.c ****         ep = &hpcd->OUT_ep[epindex];
 2353              		.loc 1 2304 9 is_stmt 1 view .LVU818
 2354              	.LBB46:
2304:Drivers/STM32F1xx_HAL_Driver/Src/stm32f1xx_hal_pcd.c ****         ep = &hpcd->OUT_ep[epindex];
 2355              		.loc 1 2304 9 view .LVU819
ARM GAS  C:\Users\subdia\AppData\Local\Temp\cczK76oD.s 			page 101


2304:Drivers/STM32F1xx_HAL_Driver/Src/stm32f1xx_hal_pcd.c ****         ep = &hpcd->OUT_ep[epindex];
 2356              		.loc 1 2304 9 view .LVU820
 2357 0290 30F82430 		ldrh	r3, [r0, r4, lsl #2]
 2358 0294 9BB2     		uxth	r3, r3
 2359 0296 23F07003 		bic	r3, r3, #112
 2360 029a 1B05     		lsls	r3, r3, #20
 2361 029c 1B0D     		lsrs	r3, r3, #20
 2362              	.LVL248:
2304:Drivers/STM32F1xx_HAL_Driver/Src/stm32f1xx_hal_pcd.c ****         ep = &hpcd->OUT_ep[epindex];
 2363              		.loc 1 2304 9 view .LVU821
 2364 029e 43F08003 		orr	r3, r3, #128
 2365              	.LVL249:
2304:Drivers/STM32F1xx_HAL_Driver/Src/stm32f1xx_hal_pcd.c ****         ep = &hpcd->OUT_ep[epindex];
 2366              		.loc 1 2304 9 is_stmt 0 view .LVU822
 2367 02a2 20F82430 		strh	r3, [r0, r4, lsl #2]	@ movhi
 2368              	.LBE46:
2304:Drivers/STM32F1xx_HAL_Driver/Src/stm32f1xx_hal_pcd.c ****         ep = &hpcd->OUT_ep[epindex];
 2369              		.loc 1 2304 9 is_stmt 1 view .LVU823
2305:Drivers/STM32F1xx_HAL_Driver/Src/stm32f1xx_hal_pcd.c **** 
 2370              		.loc 1 2305 9 view .LVU824
2305:Drivers/STM32F1xx_HAL_Driver/Src/stm32f1xx_hal_pcd.c **** 
 2371              		.loc 1 2305 12 is_stmt 0 view .LVU825
 2372 02a6 04EB8401 		add	r1, r4, r4, lsl #2
 2373 02aa C900     		lsls	r1, r1, #3
 2374 02ac 01F5A871 		add	r1, r1, #336
 2375 02b0 05EB0108 		add	r8, r5, r1
 2376              	.LVL250:
2308:Drivers/STM32F1xx_HAL_Driver/Src/stm32f1xx_hal_pcd.c ****         {
 2377              		.loc 1 2308 9 is_stmt 1 view .LVU826
2308:Drivers/STM32F1xx_HAL_Driver/Src/stm32f1xx_hal_pcd.c ****         {
 2378              		.loc 1 2308 15 is_stmt 0 view .LVU827
 2379 02b4 04EB8403 		add	r3, r4, r4, lsl #2
 2380 02b8 05EBC303 		add	r3, r5, r3, lsl #3
 2381 02bc 93F85C31 		ldrb	r3, [r3, #348]	@ zero_extendqisi2
2308:Drivers/STM32F1xx_HAL_Driver/Src/stm32f1xx_hal_pcd.c ****         {
 2382              		.loc 1 2308 12 view .LVU828
 2383 02c0 002B     		cmp	r3, #0
 2384 02c2 42D1     		bne	.L111
2310:Drivers/STM32F1xx_HAL_Driver/Src/stm32f1xx_hal_pcd.c **** 
 2385              		.loc 1 2310 11 is_stmt 1 view .LVU829
2310:Drivers/STM32F1xx_HAL_Driver/Src/stm32f1xx_hal_pcd.c **** 
 2386              		.loc 1 2310 29 is_stmt 0 view .LVU830
 2387 02c4 2868     		ldr	r0, [r5]
 2388 02c6 B0F85030 		ldrh	r3, [r0, #80]
 2389 02ca 9BB2     		uxth	r3, r3
 2390 02cc 04EB8402 		add	r2, r4, r4, lsl #2
 2391 02d0 05EBC202 		add	r2, r5, r2, lsl #3
 2392 02d4 92F85021 		ldrb	r2, [r2, #336]	@ zero_extendqisi2
 2393 02d8 03EBC203 		add	r3, r3, r2, lsl #3
 2394 02dc 0633     		adds	r3, r3, #6
 2395 02de 00EB4303 		add	r3, r0, r3, lsl #1
 2396 02e2 B3F80074 		ldrh	r7, [r3, #1024]
2310:Drivers/STM32F1xx_HAL_Driver/Src/stm32f1xx_hal_pcd.c **** 
 2397              		.loc 1 2310 17 view .LVU831
 2398 02e6 C7F30907 		ubfx	r7, r7, #0, #10
 2399              	.LVL251:
2312:Drivers/STM32F1xx_HAL_Driver/Src/stm32f1xx_hal_pcd.c ****           {
ARM GAS  C:\Users\subdia\AppData\Local\Temp\cczK76oD.s 			page 102


 2400              		.loc 1 2312 11 is_stmt 1 view .LVU832
2312:Drivers/STM32F1xx_HAL_Driver/Src/stm32f1xx_hal_pcd.c ****           {
 2401              		.loc 1 2312 14 is_stmt 0 view .LVU833
 2402 02ea 17BB     		cbnz	r7, .L133
 2403              	.L112:
2355:Drivers/STM32F1xx_HAL_Driver/Src/stm32f1xx_hal_pcd.c ****         ep->xfer_buff += count;
 2404              		.loc 1 2355 9 is_stmt 1 view .LVU834
2355:Drivers/STM32F1xx_HAL_Driver/Src/stm32f1xx_hal_pcd.c ****         ep->xfer_buff += count;
 2405              		.loc 1 2355 11 is_stmt 0 view .LVU835
 2406 02ec 04EB8403 		add	r3, r4, r4, lsl #2
 2407 02f0 05EBC303 		add	r3, r5, r3, lsl #3
 2408 02f4 D3F86C21 		ldr	r2, [r3, #364]
2355:Drivers/STM32F1xx_HAL_Driver/Src/stm32f1xx_hal_pcd.c ****         ep->xfer_buff += count;
 2409              		.loc 1 2355 24 view .LVU836
 2410 02f8 3A44     		add	r2, r2, r7
 2411 02fa C3F86C21 		str	r2, [r3, #364]
2356:Drivers/STM32F1xx_HAL_Driver/Src/stm32f1xx_hal_pcd.c **** 
 2412              		.loc 1 2356 9 is_stmt 1 view .LVU837
2356:Drivers/STM32F1xx_HAL_Driver/Src/stm32f1xx_hal_pcd.c **** 
 2413              		.loc 1 2356 11 is_stmt 0 view .LVU838
 2414 02fe D3F86421 		ldr	r2, [r3, #356]
2356:Drivers/STM32F1xx_HAL_Driver/Src/stm32f1xx_hal_pcd.c **** 
 2415              		.loc 1 2356 23 view .LVU839
 2416 0302 3A44     		add	r2, r2, r7
 2417 0304 C3F86421 		str	r2, [r3, #356]
2358:Drivers/STM32F1xx_HAL_Driver/Src/stm32f1xx_hal_pcd.c ****         {
 2418              		.loc 1 2358 9 is_stmt 1 view .LVU840
2358:Drivers/STM32F1xx_HAL_Driver/Src/stm32f1xx_hal_pcd.c ****         {
 2419              		.loc 1 2358 16 is_stmt 0 view .LVU841
 2420 0308 D3F86831 		ldr	r3, [r3, #360]
2358:Drivers/STM32F1xx_HAL_Driver/Src/stm32f1xx_hal_pcd.c ****         {
 2421              		.loc 1 2358 12 view .LVU842
 2422 030c 3BB1     		cbz	r3, .L115
2358:Drivers/STM32F1xx_HAL_Driver/Src/stm32f1xx_hal_pcd.c ****         {
 2423              		.loc 1 2358 48 discriminator 1 view .LVU843
 2424 030e 04EB8403 		add	r3, r4, r4, lsl #2
 2425 0312 05EBC303 		add	r3, r5, r3, lsl #3
 2426 0316 D3F86031 		ldr	r3, [r3, #352]
2358:Drivers/STM32F1xx_HAL_Driver/Src/stm32f1xx_hal_pcd.c ****         {
 2427              		.loc 1 2358 34 discriminator 1 view .LVU844
 2428 031a 9F42     		cmp	r7, r3
 2429 031c 75D2     		bcs	.L116
 2430              	.L115:
2364:Drivers/STM32F1xx_HAL_Driver/Src/stm32f1xx_hal_pcd.c **** #endif /* USE_HAL_PCD_REGISTER_CALLBACKS */
 2431              		.loc 1 2364 11 is_stmt 1 view .LVU845
 2432 031e 04EB8403 		add	r3, r4, r4, lsl #2
 2433 0322 05EBC303 		add	r3, r5, r3, lsl #3
 2434 0326 93F85011 		ldrb	r1, [r3, #336]	@ zero_extendqisi2
 2435 032a 2846     		mov	r0, r5
 2436 032c FFF7FEFF 		bl	HAL_PCD_DataOutStageCallback
 2437              	.LVL252:
 2438 0330 5DE7     		b	.L110
 2439              	.L133:
2314:Drivers/STM32F1xx_HAL_Driver/Src/stm32f1xx_hal_pcd.c ****           }
 2440              		.loc 1 2314 13 view .LVU846
 2441 0332 04EB8401 		add	r1, r4, r4, lsl #2
 2442 0336 05EBC101 		add	r1, r5, r1, lsl #3
ARM GAS  C:\Users\subdia\AppData\Local\Temp\cczK76oD.s 			page 103


 2443 033a 3B46     		mov	r3, r7
 2444 033c B1F85621 		ldrh	r2, [r1, #342]
 2445 0340 D1F86411 		ldr	r1, [r1, #356]
 2446 0344 FFF7FEFF 		bl	USB_ReadPMA
 2447              	.LVL253:
 2448 0348 D0E7     		b	.L112
 2449              	.LVL254:
 2450              	.L111:
2321:Drivers/STM32F1xx_HAL_Driver/Src/stm32f1xx_hal_pcd.c ****           {
 2451              		.loc 1 2321 11 view .LVU847
2321:Drivers/STM32F1xx_HAL_Driver/Src/stm32f1xx_hal_pcd.c ****           {
 2452              		.loc 1 2321 17 is_stmt 0 view .LVU848
 2453 034a 04EB8403 		add	r3, r4, r4, lsl #2
 2454 034e 05EBC303 		add	r3, r5, r3, lsl #3
 2455 0352 93F85331 		ldrb	r3, [r3, #339]	@ zero_extendqisi2
2321:Drivers/STM32F1xx_HAL_Driver/Src/stm32f1xx_hal_pcd.c ****           {
 2456              		.loc 1 2321 14 view .LVU849
 2457 0356 022B     		cmp	r3, #2
 2458 0358 35D0     		beq	.L134
2328:Drivers/STM32F1xx_HAL_Driver/Src/stm32f1xx_hal_pcd.c **** 
 2459              		.loc 1 2328 13 is_stmt 1 view .LVU850
2328:Drivers/STM32F1xx_HAL_Driver/Src/stm32f1xx_hal_pcd.c **** 
 2460              		.loc 1 2328 13 view .LVU851
2328:Drivers/STM32F1xx_HAL_Driver/Src/stm32f1xx_hal_pcd.c **** 
 2461              		.loc 1 2328 13 discriminator 1 view .LVU852
 2462              	.LBB47:
2328:Drivers/STM32F1xx_HAL_Driver/Src/stm32f1xx_hal_pcd.c **** 
 2463              		.loc 1 2328 13 discriminator 1 view .LVU853
2328:Drivers/STM32F1xx_HAL_Driver/Src/stm32f1xx_hal_pcd.c **** 
 2464              		.loc 1 2328 13 discriminator 1 view .LVU854
 2465 035a 2968     		ldr	r1, [r5]
 2466 035c 04EB8402 		add	r2, r4, r4, lsl #2
 2467 0360 05EBC202 		add	r2, r5, r2, lsl #3
 2468 0364 92F85001 		ldrb	r0, [r2, #336]	@ zero_extendqisi2
 2469 0368 31F82030 		ldrh	r3, [r1, r0, lsl #2]
 2470 036c 9BB2     		uxth	r3, r3
 2471 036e 23F4E043 		bic	r3, r3, #28672
 2472 0372 23F07003 		bic	r3, r3, #112
 2473              	.LVL255:
2328:Drivers/STM32F1xx_HAL_Driver/Src/stm32f1xx_hal_pcd.c **** 
 2474              		.loc 1 2328 13 view .LVU855
2328:Drivers/STM32F1xx_HAL_Driver/Src/stm32f1xx_hal_pcd.c **** 
 2475              		.loc 1 2328 13 is_stmt 0 discriminator 1 view .LVU856
 2476 0376 43F40043 		orr	r3, r3, #32768
 2477              	.LVL256:
2328:Drivers/STM32F1xx_HAL_Driver/Src/stm32f1xx_hal_pcd.c **** 
 2478              		.loc 1 2328 13 discriminator 1 view .LVU857
 2479 037a 43F0C003 		orr	r3, r3, #192
 2480 037e 21F82030 		strh	r3, [r1, r0, lsl #2]	@ movhi
 2481              	.LBE47:
2328:Drivers/STM32F1xx_HAL_Driver/Src/stm32f1xx_hal_pcd.c **** 
 2482              		.loc 1 2328 13 is_stmt 1 view .LVU858
2328:Drivers/STM32F1xx_HAL_Driver/Src/stm32f1xx_hal_pcd.c **** 
 2483              		.loc 1 2328 13 view .LVU859
2328:Drivers/STM32F1xx_HAL_Driver/Src/stm32f1xx_hal_pcd.c **** 
 2484              		.loc 1 2328 13 view .LVU860
2330:Drivers/STM32F1xx_HAL_Driver/Src/stm32f1xx_hal_pcd.c ****             {
ARM GAS  C:\Users\subdia\AppData\Local\Temp\cczK76oD.s 			page 104


 2485              		.loc 1 2330 13 view .LVU861
2330:Drivers/STM32F1xx_HAL_Driver/Src/stm32f1xx_hal_pcd.c ****             {
 2486              		.loc 1 2330 18 is_stmt 0 view .LVU862
 2487 0382 2868     		ldr	r0, [r5]
 2488 0384 92F85021 		ldrb	r2, [r2, #336]	@ zero_extendqisi2
 2489 0388 30F82230 		ldrh	r3, [r0, r2, lsl #2]
2330:Drivers/STM32F1xx_HAL_Driver/Src/stm32f1xx_hal_pcd.c ****             {
 2490              		.loc 1 2330 16 view .LVU863
 2491 038c 13F4804F 		tst	r3, #16384
 2492 0390 20D0     		beq	.L114
2333:Drivers/STM32F1xx_HAL_Driver/Src/stm32f1xx_hal_pcd.c **** 
 2493              		.loc 1 2333 15 is_stmt 1 view .LVU864
2333:Drivers/STM32F1xx_HAL_Driver/Src/stm32f1xx_hal_pcd.c **** 
 2494              		.loc 1 2333 33 is_stmt 0 view .LVU865
 2495 0392 B0F85030 		ldrh	r3, [r0, #80]
 2496 0396 9BB2     		uxth	r3, r3
 2497 0398 03EBC203 		add	r3, r3, r2, lsl #3
 2498 039c 0233     		adds	r3, r3, #2
 2499 039e 00EB4303 		add	r3, r0, r3, lsl #1
 2500 03a2 B3F80074 		ldrh	r7, [r3, #1024]
2333:Drivers/STM32F1xx_HAL_Driver/Src/stm32f1xx_hal_pcd.c **** 
 2501              		.loc 1 2333 21 view .LVU866
 2502 03a6 C7F30907 		ubfx	r7, r7, #0, #10
 2503              	.LVL257:
2335:Drivers/STM32F1xx_HAL_Driver/Src/stm32f1xx_hal_pcd.c ****               {
 2504              		.loc 1 2335 15 is_stmt 1 view .LVU867
2335:Drivers/STM32F1xx_HAL_Driver/Src/stm32f1xx_hal_pcd.c ****               {
 2505              		.loc 1 2335 18 is_stmt 0 view .LVU868
 2506 03aa 002F     		cmp	r7, #0
 2507 03ac 9ED0     		beq	.L112
2337:Drivers/STM32F1xx_HAL_Driver/Src/stm32f1xx_hal_pcd.c ****               }
 2508              		.loc 1 2337 17 is_stmt 1 view .LVU869
 2509 03ae 04EB8401 		add	r1, r4, r4, lsl #2
 2510 03b2 05EBC101 		add	r1, r5, r1, lsl #3
 2511 03b6 3B46     		mov	r3, r7
 2512 03b8 B1F85821 		ldrh	r2, [r1, #344]
 2513 03bc D1F86411 		ldr	r1, [r1, #356]
 2514 03c0 FFF7FEFF 		bl	USB_ReadPMA
 2515              	.LVL258:
 2516 03c4 92E7     		b	.L112
 2517              	.LVL259:
 2518              	.L134:
2323:Drivers/STM32F1xx_HAL_Driver/Src/stm32f1xx_hal_pcd.c ****           }
 2519              		.loc 1 2323 13 view .LVU870
2323:Drivers/STM32F1xx_HAL_Driver/Src/stm32f1xx_hal_pcd.c ****           }
 2520              		.loc 1 2323 21 is_stmt 0 view .LVU871
 2521 03c6 3246     		mov	r2, r6
 2522 03c8 4146     		mov	r1, r8
 2523 03ca 2846     		mov	r0, r5
 2524 03cc FFF7FEFF 		bl	HAL_PCD_EP_DB_Receive
 2525              	.LVL260:
 2526 03d0 0746     		mov	r7, r0
 2527              	.LVL261:
2323:Drivers/STM32F1xx_HAL_Driver/Src/stm32f1xx_hal_pcd.c ****           }
 2528              		.loc 1 2323 21 view .LVU872
 2529 03d2 8BE7     		b	.L112
 2530              	.LVL262:
ARM GAS  C:\Users\subdia\AppData\Local\Temp\cczK76oD.s 			page 105


 2531              	.L114:
2343:Drivers/STM32F1xx_HAL_Driver/Src/stm32f1xx_hal_pcd.c **** 
 2532              		.loc 1 2343 15 is_stmt 1 view .LVU873
2343:Drivers/STM32F1xx_HAL_Driver/Src/stm32f1xx_hal_pcd.c **** 
 2533              		.loc 1 2343 33 is_stmt 0 view .LVU874
 2534 03d4 B0F85030 		ldrh	r3, [r0, #80]
 2535 03d8 9BB2     		uxth	r3, r3
 2536 03da 03EBC203 		add	r3, r3, r2, lsl #3
 2537 03de 0633     		adds	r3, r3, #6
 2538 03e0 00EB4303 		add	r3, r0, r3, lsl #1
 2539 03e4 B3F80074 		ldrh	r7, [r3, #1024]
2343:Drivers/STM32F1xx_HAL_Driver/Src/stm32f1xx_hal_pcd.c **** 
 2540              		.loc 1 2343 21 view .LVU875
 2541 03e8 C7F30907 		ubfx	r7, r7, #0, #10
 2542              	.LVL263:
2345:Drivers/STM32F1xx_HAL_Driver/Src/stm32f1xx_hal_pcd.c ****               {
 2543              		.loc 1 2345 15 is_stmt 1 view .LVU876
2345:Drivers/STM32F1xx_HAL_Driver/Src/stm32f1xx_hal_pcd.c ****               {
 2544              		.loc 1 2345 18 is_stmt 0 view .LVU877
 2545 03ec 002F     		cmp	r7, #0
 2546 03ee 3FF47DAF 		beq	.L112
2347:Drivers/STM32F1xx_HAL_Driver/Src/stm32f1xx_hal_pcd.c ****               }
 2547              		.loc 1 2347 17 is_stmt 1 view .LVU878
 2548 03f2 04EB8401 		add	r1, r4, r4, lsl #2
 2549 03f6 05EBC101 		add	r1, r5, r1, lsl #3
 2550 03fa 3B46     		mov	r3, r7
 2551 03fc B1F85A21 		ldrh	r2, [r1, #346]
 2552 0400 D1F86411 		ldr	r1, [r1, #356]
 2553 0404 FFF7FEFF 		bl	USB_ReadPMA
 2554              	.LVL264:
 2555 0408 70E7     		b	.L112
 2556              	.LVL265:
 2557              	.L116:
2369:Drivers/STM32F1xx_HAL_Driver/Src/stm32f1xx_hal_pcd.c ****         }
 2558              		.loc 1 2369 11 view .LVU879
2369:Drivers/STM32F1xx_HAL_Driver/Src/stm32f1xx_hal_pcd.c ****         }
 2559              		.loc 1 2369 17 is_stmt 0 view .LVU880
 2560 040a 4146     		mov	r1, r8
 2561 040c 2868     		ldr	r0, [r5]
 2562 040e FFF7FEFF 		bl	USB_EPStartXfer
 2563              	.LVL266:
 2564 0412 ECE6     		b	.L110
 2565              	.LVL267:
 2566              	.L132:
2382:Drivers/STM32F1xx_HAL_Driver/Src/stm32f1xx_hal_pcd.c **** 
 2567              		.loc 1 2382 11 is_stmt 1 view .LVU881
2382:Drivers/STM32F1xx_HAL_Driver/Src/stm32f1xx_hal_pcd.c **** 
 2568              		.loc 1 2382 24 is_stmt 0 view .LVU882
 2569 0414 631C     		adds	r3, r4, #1
 2570 0416 03EB8303 		add	r3, r3, r3, lsl #2
 2571 041a DB00     		lsls	r3, r3, #3
 2572 041c 0022     		movs	r2, #0
 2573 041e EA50     		str	r2, [r5, r3]
2385:Drivers/STM32F1xx_HAL_Driver/Src/stm32f1xx_hal_pcd.c ****           {
 2574              		.loc 1 2385 11 is_stmt 1 view .LVU883
2385:Drivers/STM32F1xx_HAL_Driver/Src/stm32f1xx_hal_pcd.c ****           {
 2575              		.loc 1 2385 17 is_stmt 0 view .LVU884
ARM GAS  C:\Users\subdia\AppData\Local\Temp\cczK76oD.s 			page 106


 2576 0420 04EB8403 		add	r3, r4, r4, lsl #2
 2577 0424 05EBC303 		add	r3, r5, r3, lsl #3
 2578 0428 1B7F     		ldrb	r3, [r3, #28]	@ zero_extendqisi2
2385:Drivers/STM32F1xx_HAL_Driver/Src/stm32f1xx_hal_pcd.c ****           {
 2579              		.loc 1 2385 14 view .LVU885
 2580 042a 1BB3     		cbz	r3, .L118
2387:Drivers/STM32F1xx_HAL_Driver/Src/stm32f1xx_hal_pcd.c ****             {
 2581              		.loc 1 2387 13 is_stmt 1 view .LVU886
2387:Drivers/STM32F1xx_HAL_Driver/Src/stm32f1xx_hal_pcd.c ****             {
 2582              		.loc 1 2387 16 is_stmt 0 view .LVU887
 2583 042c 16F0400F 		tst	r6, #64
 2584 0430 3BD0     		beq	.L119
2389:Drivers/STM32F1xx_HAL_Driver/Src/stm32f1xx_hal_pcd.c ****             }
 2585              		.loc 1 2389 15 is_stmt 1 view .LVU888
2389:Drivers/STM32F1xx_HAL_Driver/Src/stm32f1xx_hal_pcd.c ****             }
 2586              		.loc 1 2389 15 view .LVU889
 2587 0432 04EB8403 		add	r3, r4, r4, lsl #2
 2588 0436 05EBC303 		add	r3, r5, r3, lsl #3
 2589 043a 5B7C     		ldrb	r3, [r3, #17]	@ zero_extendqisi2
 2590 043c 1BBB     		cbnz	r3, .L120
2389:Drivers/STM32F1xx_HAL_Driver/Src/stm32f1xx_hal_pcd.c ****             }
 2591              		.loc 1 2389 15 discriminator 1 view .LVU890
 2592              	.LBB48:
2389:Drivers/STM32F1xx_HAL_Driver/Src/stm32f1xx_hal_pcd.c ****             }
 2593              		.loc 1 2389 15 discriminator 1 view .LVU891
 2594 043e 2B68     		ldr	r3, [r5]
 2595              	.LVL268:
2389:Drivers/STM32F1xx_HAL_Driver/Src/stm32f1xx_hal_pcd.c ****             }
 2596              		.loc 1 2389 15 view .LVU892
2389:Drivers/STM32F1xx_HAL_Driver/Src/stm32f1xx_hal_pcd.c ****             }
 2597              		.loc 1 2389 15 view .LVU893
2389:Drivers/STM32F1xx_HAL_Driver/Src/stm32f1xx_hal_pcd.c ****             }
 2598              		.loc 1 2389 15 is_stmt 0 discriminator 1 view .LVU894
 2599 0440 B3F85020 		ldrh	r2, [r3, #80]
 2600 0444 92B2     		uxth	r2, r2
 2601 0446 1344     		add	r3, r3, r2
 2602              	.LVL269:
2389:Drivers/STM32F1xx_HAL_Driver/Src/stm32f1xx_hal_pcd.c ****             }
 2603              		.loc 1 2389 15 is_stmt 1 view .LVU895
2389:Drivers/STM32F1xx_HAL_Driver/Src/stm32f1xx_hal_pcd.c ****             }
 2604              		.loc 1 2389 15 is_stmt 0 discriminator 1 view .LVU896
 2605 0448 04EB8402 		add	r2, r4, r4, lsl #2
 2606 044c 05EBC202 		add	r2, r5, r2, lsl #3
 2607 0450 127C     		ldrb	r2, [r2, #16]	@ zero_extendqisi2
 2608 0452 03EB0213 		add	r3, r3, r2, lsl #4
 2609              	.LVL270:
2389:Drivers/STM32F1xx_HAL_Driver/Src/stm32f1xx_hal_pcd.c ****             }
 2610              		.loc 1 2389 15 is_stmt 1 view .LVU897
 2611              	.LBB49:
2389:Drivers/STM32F1xx_HAL_Driver/Src/stm32f1xx_hal_pcd.c ****             }
 2612              		.loc 1 2389 15 view .LVU898
2389:Drivers/STM32F1xx_HAL_Driver/Src/stm32f1xx_hal_pcd.c ****             }
 2613              		.loc 1 2389 15 view .LVU899
2389:Drivers/STM32F1xx_HAL_Driver/Src/stm32f1xx_hal_pcd.c ****             }
 2614              		.loc 1 2389 15 is_stmt 0 discriminator 1 view .LVU900
 2615 0456 B3F80424 		ldrh	r2, [r3, #1028]
 2616 045a C2F30902 		ubfx	r2, r2, #0, #10
ARM GAS  C:\Users\subdia\AppData\Local\Temp\cczK76oD.s 			page 107


 2617 045e A3F80424 		strh	r2, [r3, #1028]	@ movhi
2389:Drivers/STM32F1xx_HAL_Driver/Src/stm32f1xx_hal_pcd.c ****             }
 2618              		.loc 1 2389 15 is_stmt 1 view .LVU901
2389:Drivers/STM32F1xx_HAL_Driver/Src/stm32f1xx_hal_pcd.c ****             }
 2619              		.loc 1 2389 15 discriminator 4 view .LVU902
2389:Drivers/STM32F1xx_HAL_Driver/Src/stm32f1xx_hal_pcd.c ****             }
 2620              		.loc 1 2389 15 discriminator 8 view .LVU903
 2621 0462 B3F80424 		ldrh	r2, [r3, #1028]
 2622 0466 6FEA4242 		mvn	r2, r2, lsl #17
 2623 046a 6FEA5242 		mvn	r2, r2, lsr #17
 2624 046e 92B2     		uxth	r2, r2
 2625 0470 A3F80424 		strh	r2, [r3, #1028]	@ movhi
2389:Drivers/STM32F1xx_HAL_Driver/Src/stm32f1xx_hal_pcd.c ****             }
 2626              		.loc 1 2389 15 view .LVU904
 2627              	.LBE49:
2389:Drivers/STM32F1xx_HAL_Driver/Src/stm32f1xx_hal_pcd.c ****             }
 2628              		.loc 1 2389 15 view .LVU905
 2629              	.LBE48:
2389:Drivers/STM32F1xx_HAL_Driver/Src/stm32f1xx_hal_pcd.c ****             }
 2630              		.loc 1 2389 15 view .LVU906
 2631              	.LVL271:
 2632              	.L118:
2393:Drivers/STM32F1xx_HAL_Driver/Src/stm32f1xx_hal_pcd.c ****             }
 2633              		.loc 1 2393 15 view .LVU907
2402:Drivers/STM32F1xx_HAL_Driver/Src/stm32f1xx_hal_pcd.c **** #endif /* USE_HAL_PCD_REGISTER_CALLBACKS */
 2634              		.loc 1 2402 11 view .LVU908
 2635 0474 04EB8404 		add	r4, r4, r4, lsl #2
 2636 0478 05EBC404 		add	r4, r5, r4, lsl #3
 2637 047c 217C     		ldrb	r1, [r4, #16]	@ zero_extendqisi2
 2638              	.LVL272:
2402:Drivers/STM32F1xx_HAL_Driver/Src/stm32f1xx_hal_pcd.c **** #endif /* USE_HAL_PCD_REGISTER_CALLBACKS */
 2639              		.loc 1 2402 11 is_stmt 0 view .LVU909
 2640 047e 2846     		mov	r0, r5
 2641 0480 FFF7FEFF 		bl	HAL_PCD_DataInStageCallback
 2642              	.LVL273:
 2643 0484 BFE5     		b	.L99
 2644              	.LVL274:
 2645              	.L120:
2389:Drivers/STM32F1xx_HAL_Driver/Src/stm32f1xx_hal_pcd.c ****             }
 2646              		.loc 1 2389 15 is_stmt 1 discriminator 2 view .LVU910
 2647 0486 012B     		cmp	r3, #1
 2648 0488 F4D1     		bne	.L118
2389:Drivers/STM32F1xx_HAL_Driver/Src/stm32f1xx_hal_pcd.c ****             }
 2649              		.loc 1 2389 15 discriminator 13 view .LVU911
 2650              	.LBB50:
2389:Drivers/STM32F1xx_HAL_Driver/Src/stm32f1xx_hal_pcd.c ****             }
 2651              		.loc 1 2389 15 discriminator 13 view .LVU912
 2652 048a 2B68     		ldr	r3, [r5]
 2653              	.LVL275:
2389:Drivers/STM32F1xx_HAL_Driver/Src/stm32f1xx_hal_pcd.c ****             }
 2654              		.loc 1 2389 15 view .LVU913
2389:Drivers/STM32F1xx_HAL_Driver/Src/stm32f1xx_hal_pcd.c ****             }
 2655              		.loc 1 2389 15 view .LVU914
2389:Drivers/STM32F1xx_HAL_Driver/Src/stm32f1xx_hal_pcd.c ****             }
 2656              		.loc 1 2389 15 is_stmt 0 discriminator 13 view .LVU915
 2657 048c B3F85020 		ldrh	r2, [r3, #80]
 2658 0490 92B2     		uxth	r2, r2
ARM GAS  C:\Users\subdia\AppData\Local\Temp\cczK76oD.s 			page 108


 2659 0492 1344     		add	r3, r3, r2
 2660              	.LVL276:
2389:Drivers/STM32F1xx_HAL_Driver/Src/stm32f1xx_hal_pcd.c ****             }
 2661              		.loc 1 2389 15 is_stmt 1 view .LVU916
2389:Drivers/STM32F1xx_HAL_Driver/Src/stm32f1xx_hal_pcd.c ****             }
 2662              		.loc 1 2389 15 is_stmt 0 discriminator 13 view .LVU917
 2663 0494 04EB8402 		add	r2, r4, r4, lsl #2
 2664 0498 05EBC202 		add	r2, r5, r2, lsl #3
 2665 049c 127C     		ldrb	r2, [r2, #16]	@ zero_extendqisi2
 2666 049e 03EB0213 		add	r3, r3, r2, lsl #4
 2667              	.LVL277:
2389:Drivers/STM32F1xx_HAL_Driver/Src/stm32f1xx_hal_pcd.c ****             }
 2668              		.loc 1 2389 15 is_stmt 1 view .LVU918
2389:Drivers/STM32F1xx_HAL_Driver/Src/stm32f1xx_hal_pcd.c ****             }
 2669              		.loc 1 2389 15 is_stmt 0 discriminator 13 view .LVU919
 2670 04a2 0022     		movs	r2, #0
 2671 04a4 A3F80424 		strh	r2, [r3, #1028]	@ movhi
2389:Drivers/STM32F1xx_HAL_Driver/Src/stm32f1xx_hal_pcd.c ****             }
 2672              		.loc 1 2389 15 discriminator 13 view .LVU920
 2673 04a8 E4E7     		b	.L118
 2674              	.LVL278:
 2675              	.L119:
2389:Drivers/STM32F1xx_HAL_Driver/Src/stm32f1xx_hal_pcd.c ****             }
 2676              		.loc 1 2389 15 discriminator 13 view .LVU921
 2677              	.LBE50:
2393:Drivers/STM32F1xx_HAL_Driver/Src/stm32f1xx_hal_pcd.c ****             }
 2678              		.loc 1 2393 15 is_stmt 1 view .LVU922
 2679              	.LBB51:
2393:Drivers/STM32F1xx_HAL_Driver/Src/stm32f1xx_hal_pcd.c ****             }
 2680              		.loc 1 2393 15 view .LVU923
 2681 04aa 2B68     		ldr	r3, [r5]
 2682              	.LVL279:
2393:Drivers/STM32F1xx_HAL_Driver/Src/stm32f1xx_hal_pcd.c ****             }
 2683              		.loc 1 2393 15 view .LVU924
2393:Drivers/STM32F1xx_HAL_Driver/Src/stm32f1xx_hal_pcd.c ****             }
 2684              		.loc 1 2393 15 view .LVU925
 2685 04ac 04EB8402 		add	r2, r4, r4, lsl #2
 2686 04b0 05EBC202 		add	r2, r5, r2, lsl #3
 2687 04b4 527C     		ldrb	r2, [r2, #17]	@ zero_extendqisi2
 2688 04b6 D2B9     		cbnz	r2, .L121
2393:Drivers/STM32F1xx_HAL_Driver/Src/stm32f1xx_hal_pcd.c ****             }
 2689              		.loc 1 2393 15 discriminator 1 view .LVU926
 2690              	.LBB52:
2393:Drivers/STM32F1xx_HAL_Driver/Src/stm32f1xx_hal_pcd.c ****             }
 2691              		.loc 1 2393 15 discriminator 1 view .LVU927
 2692              	.LVL280:
2393:Drivers/STM32F1xx_HAL_Driver/Src/stm32f1xx_hal_pcd.c ****             }
 2693              		.loc 1 2393 15 view .LVU928
2393:Drivers/STM32F1xx_HAL_Driver/Src/stm32f1xx_hal_pcd.c ****             }
 2694              		.loc 1 2393 15 view .LVU929
2393:Drivers/STM32F1xx_HAL_Driver/Src/stm32f1xx_hal_pcd.c ****             }
 2695              		.loc 1 2393 15 is_stmt 0 discriminator 1 view .LVU930
 2696 04b8 B3F85020 		ldrh	r2, [r3, #80]
 2697 04bc 92B2     		uxth	r2, r2
 2698 04be 1344     		add	r3, r3, r2
 2699              	.LVL281:
2393:Drivers/STM32F1xx_HAL_Driver/Src/stm32f1xx_hal_pcd.c ****             }
ARM GAS  C:\Users\subdia\AppData\Local\Temp\cczK76oD.s 			page 109


 2700              		.loc 1 2393 15 is_stmt 1 view .LVU931
2393:Drivers/STM32F1xx_HAL_Driver/Src/stm32f1xx_hal_pcd.c ****             }
 2701              		.loc 1 2393 15 is_stmt 0 discriminator 1 view .LVU932
 2702 04c0 04EB8402 		add	r2, r4, r4, lsl #2
 2703 04c4 05EBC202 		add	r2, r5, r2, lsl #3
 2704 04c8 127C     		ldrb	r2, [r2, #16]	@ zero_extendqisi2
 2705 04ca 03EB0213 		add	r3, r3, r2, lsl #4
 2706              	.LVL282:
2393:Drivers/STM32F1xx_HAL_Driver/Src/stm32f1xx_hal_pcd.c ****             }
 2707              		.loc 1 2393 15 is_stmt 1 view .LVU933
 2708              	.LBB53:
2393:Drivers/STM32F1xx_HAL_Driver/Src/stm32f1xx_hal_pcd.c ****             }
 2709              		.loc 1 2393 15 view .LVU934
2393:Drivers/STM32F1xx_HAL_Driver/Src/stm32f1xx_hal_pcd.c ****             }
 2710              		.loc 1 2393 15 view .LVU935
2393:Drivers/STM32F1xx_HAL_Driver/Src/stm32f1xx_hal_pcd.c ****             }
 2711              		.loc 1 2393 15 is_stmt 0 discriminator 1 view .LVU936
 2712 04ce B3F80C24 		ldrh	r2, [r3, #1036]
 2713 04d2 C2F30902 		ubfx	r2, r2, #0, #10
 2714 04d6 A3F80C24 		strh	r2, [r3, #1036]	@ movhi
 2715              	.LVL283:
2393:Drivers/STM32F1xx_HAL_Driver/Src/stm32f1xx_hal_pcd.c ****             }
 2716              		.loc 1 2393 15 is_stmt 1 view .LVU937
2393:Drivers/STM32F1xx_HAL_Driver/Src/stm32f1xx_hal_pcd.c ****             }
 2717              		.loc 1 2393 15 discriminator 4 view .LVU938
2393:Drivers/STM32F1xx_HAL_Driver/Src/stm32f1xx_hal_pcd.c ****             }
 2718              		.loc 1 2393 15 discriminator 8 view .LVU939
 2719 04da B3F80C24 		ldrh	r2, [r3, #1036]
 2720 04de 6FEA4242 		mvn	r2, r2, lsl #17
 2721 04e2 6FEA5242 		mvn	r2, r2, lsr #17
 2722 04e6 92B2     		uxth	r2, r2
 2723 04e8 A3F80C24 		strh	r2, [r3, #1036]	@ movhi
2393:Drivers/STM32F1xx_HAL_Driver/Src/stm32f1xx_hal_pcd.c ****             }
 2724              		.loc 1 2393 15 view .LVU940
 2725              	.LBE53:
2393:Drivers/STM32F1xx_HAL_Driver/Src/stm32f1xx_hal_pcd.c ****             }
 2726              		.loc 1 2393 15 view .LVU941
 2727              	.LBE52:
2393:Drivers/STM32F1xx_HAL_Driver/Src/stm32f1xx_hal_pcd.c ****             }
 2728              		.loc 1 2393 15 view .LVU942
 2729              	.LBB55:
 2730              	.LBB54:
 2731 04ec C2E7     		b	.L118
 2732              	.LVL284:
 2733              	.L121:
2393:Drivers/STM32F1xx_HAL_Driver/Src/stm32f1xx_hal_pcd.c ****             }
 2734              		.loc 1 2393 15 is_stmt 0 view .LVU943
 2735              	.LBE54:
 2736              	.LBE55:
2393:Drivers/STM32F1xx_HAL_Driver/Src/stm32f1xx_hal_pcd.c ****             }
 2737              		.loc 1 2393 15 is_stmt 1 discriminator 2 view .LVU944
 2738 04ee 012A     		cmp	r2, #1
 2739 04f0 C0D1     		bne	.L118
2393:Drivers/STM32F1xx_HAL_Driver/Src/stm32f1xx_hal_pcd.c ****             }
 2740              		.loc 1 2393 15 discriminator 13 view .LVU945
 2741 04f2 B3F85020 		ldrh	r2, [r3, #80]
 2742 04f6 92B2     		uxth	r2, r2
ARM GAS  C:\Users\subdia\AppData\Local\Temp\cczK76oD.s 			page 110


 2743 04f8 1344     		add	r3, r3, r2
 2744              	.LVL285:
2393:Drivers/STM32F1xx_HAL_Driver/Src/stm32f1xx_hal_pcd.c ****             }
 2745              		.loc 1 2393 15 view .LVU946
2393:Drivers/STM32F1xx_HAL_Driver/Src/stm32f1xx_hal_pcd.c ****             }
 2746              		.loc 1 2393 15 is_stmt 0 discriminator 13 view .LVU947
 2747 04fa 04EB8402 		add	r2, r4, r4, lsl #2
 2748 04fe 05EBC202 		add	r2, r5, r2, lsl #3
 2749 0502 127C     		ldrb	r2, [r2, #16]	@ zero_extendqisi2
 2750 0504 03EB0213 		add	r3, r3, r2, lsl #4
 2751              	.LVL286:
2393:Drivers/STM32F1xx_HAL_Driver/Src/stm32f1xx_hal_pcd.c ****             }
 2752              		.loc 1 2393 15 is_stmt 1 view .LVU948
2393:Drivers/STM32F1xx_HAL_Driver/Src/stm32f1xx_hal_pcd.c ****             }
 2753              		.loc 1 2393 15 is_stmt 0 discriminator 13 view .LVU949
 2754 0508 0022     		movs	r2, #0
 2755 050a A3F80C24 		strh	r2, [r3, #1036]	@ movhi
2393:Drivers/STM32F1xx_HAL_Driver/Src/stm32f1xx_hal_pcd.c ****             }
 2756              		.loc 1 2393 15 discriminator 13 view .LVU950
 2757 050e B1E7     		b	.L118
 2758              	.LVL287:
 2759              	.L123:
2393:Drivers/STM32F1xx_HAL_Driver/Src/stm32f1xx_hal_pcd.c ****             }
 2760              		.loc 1 2393 15 discriminator 13 view .LVU951
 2761              	.LBE51:
2419:Drivers/STM32F1xx_HAL_Driver/Src/stm32f1xx_hal_pcd.c ****             }
 2762              		.loc 1 2419 15 is_stmt 1 view .LVU952
2419:Drivers/STM32F1xx_HAL_Driver/Src/stm32f1xx_hal_pcd.c ****             }
 2763              		.loc 1 2419 28 is_stmt 0 view .LVU953
 2764 0510 621C     		adds	r2, r4, #1
 2765 0512 02EB8202 		add	r2, r2, r2, lsl #2
 2766 0516 D200     		lsls	r2, r2, #3
 2767 0518 0027     		movs	r7, #0
 2768 051a AF50     		str	r7, [r5, r2]
 2769 051c ABE6     		b	.L124
 2770              	.L125:
2435:Drivers/STM32F1xx_HAL_Driver/Src/stm32f1xx_hal_pcd.c ****               ep->xfer_count += TxPctSize;
 2771              		.loc 1 2435 15 is_stmt 1 view .LVU954
2435:Drivers/STM32F1xx_HAL_Driver/Src/stm32f1xx_hal_pcd.c ****               ep->xfer_count += TxPctSize;
 2772              		.loc 1 2435 17 is_stmt 0 view .LVU955
 2773 051e 04EB8402 		add	r2, r4, r4, lsl #2
 2774 0522 05EBC202 		add	r2, r5, r2, lsl #3
 2775 0526 566A     		ldr	r6, [r2, #36]
2435:Drivers/STM32F1xx_HAL_Driver/Src/stm32f1xx_hal_pcd.c ****               ep->xfer_count += TxPctSize;
 2776              		.loc 1 2435 29 view .LVU956
 2777 0528 1E44     		add	r6, r6, r3
 2778 052a 5662     		str	r6, [r2, #36]
2436:Drivers/STM32F1xx_HAL_Driver/Src/stm32f1xx_hal_pcd.c ****               (void)USB_EPStartXfer(hpcd->Instance, ep);
 2779              		.loc 1 2436 15 is_stmt 1 view .LVU957
2436:Drivers/STM32F1xx_HAL_Driver/Src/stm32f1xx_hal_pcd.c ****               (void)USB_EPStartXfer(hpcd->Instance, ep);
 2780              		.loc 1 2436 17 is_stmt 0 view .LVU958
 2781 052c 0134     		adds	r4, r4, #1
 2782 052e 04EB8402 		add	r2, r4, r4, lsl #2
 2783 0532 05EBC202 		add	r2, r5, r2, lsl #3
 2784 0536 5268     		ldr	r2, [r2, #4]
2436:Drivers/STM32F1xx_HAL_Driver/Src/stm32f1xx_hal_pcd.c ****               (void)USB_EPStartXfer(hpcd->Instance, ep);
 2785              		.loc 1 2436 30 view .LVU959
ARM GAS  C:\Users\subdia\AppData\Local\Temp\cczK76oD.s 			page 111


 2786 0538 04EB8404 		add	r4, r4, r4, lsl #2
 2787 053c 05EBC404 		add	r4, r5, r4, lsl #3
 2788 0540 1344     		add	r3, r3, r2
 2789              	.LVL288:
2436:Drivers/STM32F1xx_HAL_Driver/Src/stm32f1xx_hal_pcd.c ****               (void)USB_EPStartXfer(hpcd->Instance, ep);
 2790              		.loc 1 2436 30 view .LVU960
 2791 0542 6360     		str	r3, [r4, #4]
2437:Drivers/STM32F1xx_HAL_Driver/Src/stm32f1xx_hal_pcd.c ****             }
 2792              		.loc 1 2437 15 is_stmt 1 view .LVU961
2437:Drivers/STM32F1xx_HAL_Driver/Src/stm32f1xx_hal_pcd.c ****             }
 2793              		.loc 1 2437 21 is_stmt 0 view .LVU962
 2794 0544 FFF7FEFF 		bl	USB_EPStartXfer
 2795              	.LVL289:
2437:Drivers/STM32F1xx_HAL_Driver/Src/stm32f1xx_hal_pcd.c ****             }
 2796              		.loc 1 2437 21 view .LVU963
 2797 0548 5DE5     		b	.L99
 2798              	.LVL290:
 2799              	.L122:
2444:Drivers/STM32F1xx_HAL_Driver/Src/stm32f1xx_hal_pcd.c ****           }
 2800              		.loc 1 2444 13 is_stmt 1 view .LVU964
2444:Drivers/STM32F1xx_HAL_Driver/Src/stm32f1xx_hal_pcd.c ****           }
 2801              		.loc 1 2444 19 is_stmt 0 view .LVU965
 2802 054a 3246     		mov	r2, r6
 2803 054c 2846     		mov	r0, r5
 2804 054e FFF7FEFF 		bl	HAL_PCD_EP_DB_Transmit
 2805              	.LVL291:
2444:Drivers/STM32F1xx_HAL_Driver/Src/stm32f1xx_hal_pcd.c ****           }
 2806              		.loc 1 2444 19 view .LVU966
 2807 0552 58E5     		b	.L99
 2808              	.LVL292:
 2809              	.L128:
2452:Drivers/STM32F1xx_HAL_Driver/Src/stm32f1xx_hal_pcd.c **** }
 2810              		.loc 1 2452 3 is_stmt 1 view .LVU967
2453:Drivers/STM32F1xx_HAL_Driver/Src/stm32f1xx_hal_pcd.c **** 
 2811              		.loc 1 2453 1 is_stmt 0 view .LVU968
 2812 0554 0020     		movs	r0, #0
 2813 0556 BDE8F081 		pop	{r4, r5, r6, r7, r8, pc}
2453:Drivers/STM32F1xx_HAL_Driver/Src/stm32f1xx_hal_pcd.c **** 
 2814              		.loc 1 2453 1 view .LVU969
 2815              		.cfi_endproc
 2816              	.LFE99:
 2818              		.section	.text.HAL_PCD_SOFCallback,"ax",%progbits
 2819              		.align	1
 2820              		.weak	HAL_PCD_SOFCallback
 2821              		.syntax unified
 2822              		.thumb
 2823              		.thumb_func
 2825              	HAL_PCD_SOFCallback:
 2826              	.LVL293:
 2827              	.LFB76:
1517:Drivers/STM32F1xx_HAL_Driver/Src/stm32f1xx_hal_pcd.c ****   /* Prevent unused argument(s) compilation warning */
 2828              		.loc 1 1517 1 is_stmt 1 view -0
 2829              		.cfi_startproc
 2830              		@ args = 0, pretend = 0, frame = 0
 2831              		@ frame_needed = 0, uses_anonymous_args = 0
 2832              		@ link register save eliminated.
1519:Drivers/STM32F1xx_HAL_Driver/Src/stm32f1xx_hal_pcd.c **** 
ARM GAS  C:\Users\subdia\AppData\Local\Temp\cczK76oD.s 			page 112


 2833              		.loc 1 1519 3 view .LVU971
1524:Drivers/STM32F1xx_HAL_Driver/Src/stm32f1xx_hal_pcd.c **** 
 2834              		.loc 1 1524 1 is_stmt 0 view .LVU972
 2835 0000 7047     		bx	lr
 2836              		.cfi_endproc
 2837              	.LFE76:
 2839              		.section	.text.HAL_PCD_ResetCallback,"ax",%progbits
 2840              		.align	1
 2841              		.weak	HAL_PCD_ResetCallback
 2842              		.syntax unified
 2843              		.thumb
 2844              		.thumb_func
 2846              	HAL_PCD_ResetCallback:
 2847              	.LVL294:
 2848              	.LFB77:
1532:Drivers/STM32F1xx_HAL_Driver/Src/stm32f1xx_hal_pcd.c ****   /* Prevent unused argument(s) compilation warning */
 2849              		.loc 1 1532 1 is_stmt 1 view -0
 2850              		.cfi_startproc
 2851              		@ args = 0, pretend = 0, frame = 0
 2852              		@ frame_needed = 0, uses_anonymous_args = 0
 2853              		@ link register save eliminated.
1534:Drivers/STM32F1xx_HAL_Driver/Src/stm32f1xx_hal_pcd.c **** 
 2854              		.loc 1 1534 3 view .LVU974
1539:Drivers/STM32F1xx_HAL_Driver/Src/stm32f1xx_hal_pcd.c **** 
 2855              		.loc 1 1539 1 is_stmt 0 view .LVU975
 2856 0000 7047     		bx	lr
 2857              		.cfi_endproc
 2858              	.LFE77:
 2860              		.section	.text.HAL_PCD_SuspendCallback,"ax",%progbits
 2861              		.align	1
 2862              		.weak	HAL_PCD_SuspendCallback
 2863              		.syntax unified
 2864              		.thumb
 2865              		.thumb_func
 2867              	HAL_PCD_SuspendCallback:
 2868              	.LVL295:
 2869              	.LFB78:
1547:Drivers/STM32F1xx_HAL_Driver/Src/stm32f1xx_hal_pcd.c ****   /* Prevent unused argument(s) compilation warning */
 2870              		.loc 1 1547 1 is_stmt 1 view -0
 2871              		.cfi_startproc
 2872              		@ args = 0, pretend = 0, frame = 0
 2873              		@ frame_needed = 0, uses_anonymous_args = 0
 2874              		@ link register save eliminated.
1549:Drivers/STM32F1xx_HAL_Driver/Src/stm32f1xx_hal_pcd.c **** 
 2875              		.loc 1 1549 3 view .LVU977
1554:Drivers/STM32F1xx_HAL_Driver/Src/stm32f1xx_hal_pcd.c **** 
 2876              		.loc 1 1554 1 is_stmt 0 view .LVU978
 2877 0000 7047     		bx	lr
 2878              		.cfi_endproc
 2879              	.LFE78:
 2881              		.section	.text.HAL_PCD_ResumeCallback,"ax",%progbits
 2882              		.align	1
 2883              		.weak	HAL_PCD_ResumeCallback
 2884              		.syntax unified
 2885              		.thumb
 2886              		.thumb_func
 2888              	HAL_PCD_ResumeCallback:
ARM GAS  C:\Users\subdia\AppData\Local\Temp\cczK76oD.s 			page 113


 2889              	.LVL296:
 2890              	.LFB79:
1562:Drivers/STM32F1xx_HAL_Driver/Src/stm32f1xx_hal_pcd.c ****   /* Prevent unused argument(s) compilation warning */
 2891              		.loc 1 1562 1 is_stmt 1 view -0
 2892              		.cfi_startproc
 2893              		@ args = 0, pretend = 0, frame = 0
 2894              		@ frame_needed = 0, uses_anonymous_args = 0
 2895              		@ link register save eliminated.
1564:Drivers/STM32F1xx_HAL_Driver/Src/stm32f1xx_hal_pcd.c **** 
 2896              		.loc 1 1564 3 view .LVU980
1569:Drivers/STM32F1xx_HAL_Driver/Src/stm32f1xx_hal_pcd.c **** 
 2897              		.loc 1 1569 1 is_stmt 0 view .LVU981
 2898 0000 7047     		bx	lr
 2899              		.cfi_endproc
 2900              	.LFE79:
 2902              		.section	.text.HAL_PCD_ISOOUTIncompleteCallback,"ax",%progbits
 2903              		.align	1
 2904              		.weak	HAL_PCD_ISOOUTIncompleteCallback
 2905              		.syntax unified
 2906              		.thumb
 2907              		.thumb_func
 2909              	HAL_PCD_ISOOUTIncompleteCallback:
 2910              	.LVL297:
 2911              	.LFB80:
1578:Drivers/STM32F1xx_HAL_Driver/Src/stm32f1xx_hal_pcd.c ****   /* Prevent unused argument(s) compilation warning */
 2912              		.loc 1 1578 1 is_stmt 1 view -0
 2913              		.cfi_startproc
 2914              		@ args = 0, pretend = 0, frame = 0
 2915              		@ frame_needed = 0, uses_anonymous_args = 0
 2916              		@ link register save eliminated.
1580:Drivers/STM32F1xx_HAL_Driver/Src/stm32f1xx_hal_pcd.c ****   UNUSED(epnum);
 2917              		.loc 1 1580 3 view .LVU983
1581:Drivers/STM32F1xx_HAL_Driver/Src/stm32f1xx_hal_pcd.c **** 
 2918              		.loc 1 1581 3 view .LVU984
1586:Drivers/STM32F1xx_HAL_Driver/Src/stm32f1xx_hal_pcd.c **** 
 2919              		.loc 1 1586 1 is_stmt 0 view .LVU985
 2920 0000 7047     		bx	lr
 2921              		.cfi_endproc
 2922              	.LFE80:
 2924              		.section	.text.HAL_PCD_ISOINIncompleteCallback,"ax",%progbits
 2925              		.align	1
 2926              		.weak	HAL_PCD_ISOINIncompleteCallback
 2927              		.syntax unified
 2928              		.thumb
 2929              		.thumb_func
 2931              	HAL_PCD_ISOINIncompleteCallback:
 2932              	.LVL298:
 2933              	.LFB81:
1595:Drivers/STM32F1xx_HAL_Driver/Src/stm32f1xx_hal_pcd.c ****   /* Prevent unused argument(s) compilation warning */
 2934              		.loc 1 1595 1 is_stmt 1 view -0
 2935              		.cfi_startproc
 2936              		@ args = 0, pretend = 0, frame = 0
 2937              		@ frame_needed = 0, uses_anonymous_args = 0
 2938              		@ link register save eliminated.
1597:Drivers/STM32F1xx_HAL_Driver/Src/stm32f1xx_hal_pcd.c ****   UNUSED(epnum);
 2939              		.loc 1 1597 3 view .LVU987
1598:Drivers/STM32F1xx_HAL_Driver/Src/stm32f1xx_hal_pcd.c **** 
ARM GAS  C:\Users\subdia\AppData\Local\Temp\cczK76oD.s 			page 114


 2940              		.loc 1 1598 3 view .LVU988
1603:Drivers/STM32F1xx_HAL_Driver/Src/stm32f1xx_hal_pcd.c **** 
 2941              		.loc 1 1603 1 is_stmt 0 view .LVU989
 2942 0000 7047     		bx	lr
 2943              		.cfi_endproc
 2944              	.LFE81:
 2946              		.section	.text.HAL_PCD_ConnectCallback,"ax",%progbits
 2947              		.align	1
 2948              		.weak	HAL_PCD_ConnectCallback
 2949              		.syntax unified
 2950              		.thumb
 2951              		.thumb_func
 2953              	HAL_PCD_ConnectCallback:
 2954              	.LVL299:
 2955              	.LFB82:
1611:Drivers/STM32F1xx_HAL_Driver/Src/stm32f1xx_hal_pcd.c ****   /* Prevent unused argument(s) compilation warning */
 2956              		.loc 1 1611 1 is_stmt 1 view -0
 2957              		.cfi_startproc
 2958              		@ args = 0, pretend = 0, frame = 0
 2959              		@ frame_needed = 0, uses_anonymous_args = 0
 2960              		@ link register save eliminated.
1613:Drivers/STM32F1xx_HAL_Driver/Src/stm32f1xx_hal_pcd.c **** 
 2961              		.loc 1 1613 3 view .LVU991
1618:Drivers/STM32F1xx_HAL_Driver/Src/stm32f1xx_hal_pcd.c **** 
 2962              		.loc 1 1618 1 is_stmt 0 view .LVU992
 2963 0000 7047     		bx	lr
 2964              		.cfi_endproc
 2965              	.LFE82:
 2967              		.section	.text.HAL_PCD_DisconnectCallback,"ax",%progbits
 2968              		.align	1
 2969              		.weak	HAL_PCD_DisconnectCallback
 2970              		.syntax unified
 2971              		.thumb
 2972              		.thumb_func
 2974              	HAL_PCD_DisconnectCallback:
 2975              	.LVL300:
 2976              	.LFB83:
1626:Drivers/STM32F1xx_HAL_Driver/Src/stm32f1xx_hal_pcd.c ****   /* Prevent unused argument(s) compilation warning */
 2977              		.loc 1 1626 1 is_stmt 1 view -0
 2978              		.cfi_startproc
 2979              		@ args = 0, pretend = 0, frame = 0
 2980              		@ frame_needed = 0, uses_anonymous_args = 0
 2981              		@ link register save eliminated.
1628:Drivers/STM32F1xx_HAL_Driver/Src/stm32f1xx_hal_pcd.c **** 
 2982              		.loc 1 1628 3 view .LVU994
1633:Drivers/STM32F1xx_HAL_Driver/Src/stm32f1xx_hal_pcd.c **** 
 2983              		.loc 1 1633 1 is_stmt 0 view .LVU995
 2984 0000 7047     		bx	lr
 2985              		.cfi_endproc
 2986              	.LFE83:
 2988              		.section	.text.HAL_PCD_DevConnect,"ax",%progbits
 2989              		.align	1
 2990              		.global	HAL_PCD_DevConnect
 2991              		.syntax unified
 2992              		.thumb
 2993              		.thumb_func
 2995              	HAL_PCD_DevConnect:
ARM GAS  C:\Users\subdia\AppData\Local\Temp\cczK76oD.s 			page 115


 2996              	.LVL301:
 2997              	.LFB84:
1660:Drivers/STM32F1xx_HAL_Driver/Src/stm32f1xx_hal_pcd.c ****   __HAL_LOCK(hpcd);
 2998              		.loc 1 1660 1 is_stmt 1 view -0
 2999              		.cfi_startproc
 3000              		@ args = 0, pretend = 0, frame = 0
 3001              		@ frame_needed = 0, uses_anonymous_args = 0
1661:Drivers/STM32F1xx_HAL_Driver/Src/stm32f1xx_hal_pcd.c **** 
 3002              		.loc 1 1661 3 view .LVU997
1661:Drivers/STM32F1xx_HAL_Driver/Src/stm32f1xx_hal_pcd.c **** 
 3003              		.loc 1 1661 3 view .LVU998
 3004 0000 90F89032 		ldrb	r3, [r0, #656]	@ zero_extendqisi2
 3005 0004 012B     		cmp	r3, #1
 3006 0006 0DD0     		beq	.L145
1660:Drivers/STM32F1xx_HAL_Driver/Src/stm32f1xx_hal_pcd.c ****   __HAL_LOCK(hpcd);
 3007              		.loc 1 1660 1 is_stmt 0 view .LVU999
 3008 0008 10B5     		push	{r4, lr}
 3009              	.LCFI9:
 3010              		.cfi_def_cfa_offset 8
 3011              		.cfi_offset 4, -8
 3012              		.cfi_offset 14, -4
 3013 000a 0446     		mov	r4, r0
1661:Drivers/STM32F1xx_HAL_Driver/Src/stm32f1xx_hal_pcd.c **** 
 3014              		.loc 1 1661 3 is_stmt 1 discriminator 2 view .LVU1000
 3015 000c 0121     		movs	r1, #1
 3016 000e 80F89012 		strb	r1, [r0, #656]
1661:Drivers/STM32F1xx_HAL_Driver/Src/stm32f1xx_hal_pcd.c **** 
 3017              		.loc 1 1661 3 view .LVU1001
1664:Drivers/STM32F1xx_HAL_Driver/Src/stm32f1xx_hal_pcd.c **** #endif /* defined (USB) */
 3018              		.loc 1 1664 3 view .LVU1002
 3019 0012 FFF7FEFF 		bl	HAL_PCDEx_SetConnectionState
 3020              	.LVL302:
1667:Drivers/STM32F1xx_HAL_Driver/Src/stm32f1xx_hal_pcd.c ****   __HAL_UNLOCK(hpcd);
 3021              		.loc 1 1667 3 view .LVU1003
1667:Drivers/STM32F1xx_HAL_Driver/Src/stm32f1xx_hal_pcd.c ****   __HAL_UNLOCK(hpcd);
 3022              		.loc 1 1667 9 is_stmt 0 view .LVU1004
 3023 0016 2068     		ldr	r0, [r4]
 3024 0018 FFF7FEFF 		bl	USB_DevConnect
 3025              	.LVL303:
1668:Drivers/STM32F1xx_HAL_Driver/Src/stm32f1xx_hal_pcd.c **** 
 3026              		.loc 1 1668 3 is_stmt 1 view .LVU1005
1668:Drivers/STM32F1xx_HAL_Driver/Src/stm32f1xx_hal_pcd.c **** 
 3027              		.loc 1 1668 3 view .LVU1006
 3028 001c 0020     		movs	r0, #0
 3029 001e 84F89002 		strb	r0, [r4, #656]
1668:Drivers/STM32F1xx_HAL_Driver/Src/stm32f1xx_hal_pcd.c **** 
 3030              		.loc 1 1668 3 view .LVU1007
1670:Drivers/STM32F1xx_HAL_Driver/Src/stm32f1xx_hal_pcd.c **** }
 3031              		.loc 1 1670 3 view .LVU1008
1671:Drivers/STM32F1xx_HAL_Driver/Src/stm32f1xx_hal_pcd.c **** 
 3032              		.loc 1 1671 1 is_stmt 0 view .LVU1009
 3033 0022 10BD     		pop	{r4, pc}
 3034              	.LVL304:
 3035              	.L145:
 3036              	.LCFI10:
 3037              		.cfi_def_cfa_offset 0
 3038              		.cfi_restore 4
ARM GAS  C:\Users\subdia\AppData\Local\Temp\cczK76oD.s 			page 116


 3039              		.cfi_restore 14
1661:Drivers/STM32F1xx_HAL_Driver/Src/stm32f1xx_hal_pcd.c **** 
 3040              		.loc 1 1661 3 discriminator 1 view .LVU1010
 3041 0024 0220     		movs	r0, #2
 3042              	.LVL305:
1671:Drivers/STM32F1xx_HAL_Driver/Src/stm32f1xx_hal_pcd.c **** 
 3043              		.loc 1 1671 1 view .LVU1011
 3044 0026 7047     		bx	lr
 3045              		.cfi_endproc
 3046              	.LFE84:
 3048              		.section	.text.HAL_PCD_DevDisconnect,"ax",%progbits
 3049              		.align	1
 3050              		.global	HAL_PCD_DevDisconnect
 3051              		.syntax unified
 3052              		.thumb
 3053              		.thumb_func
 3055              	HAL_PCD_DevDisconnect:
 3056              	.LVL306:
 3057              	.LFB85:
1679:Drivers/STM32F1xx_HAL_Driver/Src/stm32f1xx_hal_pcd.c ****   __HAL_LOCK(hpcd);
 3058              		.loc 1 1679 1 is_stmt 1 view -0
 3059              		.cfi_startproc
 3060              		@ args = 0, pretend = 0, frame = 0
 3061              		@ frame_needed = 0, uses_anonymous_args = 0
1680:Drivers/STM32F1xx_HAL_Driver/Src/stm32f1xx_hal_pcd.c **** 
 3062              		.loc 1 1680 3 view .LVU1013
1680:Drivers/STM32F1xx_HAL_Driver/Src/stm32f1xx_hal_pcd.c **** 
 3063              		.loc 1 1680 3 view .LVU1014
 3064 0000 90F89032 		ldrb	r3, [r0, #656]	@ zero_extendqisi2
 3065 0004 012B     		cmp	r3, #1
 3066 0006 0ED0     		beq	.L152
1679:Drivers/STM32F1xx_HAL_Driver/Src/stm32f1xx_hal_pcd.c ****   __HAL_LOCK(hpcd);
 3067              		.loc 1 1679 1 is_stmt 0 view .LVU1015
 3068 0008 10B5     		push	{r4, lr}
 3069              	.LCFI11:
 3070              		.cfi_def_cfa_offset 8
 3071              		.cfi_offset 4, -8
 3072              		.cfi_offset 14, -4
 3073 000a 0446     		mov	r4, r0
1680:Drivers/STM32F1xx_HAL_Driver/Src/stm32f1xx_hal_pcd.c **** 
 3074              		.loc 1 1680 3 is_stmt 1 discriminator 2 view .LVU1016
 3075 000c 0123     		movs	r3, #1
 3076 000e 80F89032 		strb	r3, [r0, #656]
1680:Drivers/STM32F1xx_HAL_Driver/Src/stm32f1xx_hal_pcd.c **** 
 3077              		.loc 1 1680 3 view .LVU1017
1683:Drivers/STM32F1xx_HAL_Driver/Src/stm32f1xx_hal_pcd.c **** #endif /* defined (USB) */
 3078              		.loc 1 1683 3 view .LVU1018
 3079 0012 0021     		movs	r1, #0
 3080 0014 FFF7FEFF 		bl	HAL_PCDEx_SetConnectionState
 3081              	.LVL307:
1686:Drivers/STM32F1xx_HAL_Driver/Src/stm32f1xx_hal_pcd.c ****   __HAL_UNLOCK(hpcd);
 3082              		.loc 1 1686 3 view .LVU1019
1686:Drivers/STM32F1xx_HAL_Driver/Src/stm32f1xx_hal_pcd.c ****   __HAL_UNLOCK(hpcd);
 3083              		.loc 1 1686 9 is_stmt 0 view .LVU1020
 3084 0018 2068     		ldr	r0, [r4]
 3085 001a FFF7FEFF 		bl	USB_DevDisconnect
 3086              	.LVL308:
ARM GAS  C:\Users\subdia\AppData\Local\Temp\cczK76oD.s 			page 117


1687:Drivers/STM32F1xx_HAL_Driver/Src/stm32f1xx_hal_pcd.c **** 
 3087              		.loc 1 1687 3 is_stmt 1 view .LVU1021
1687:Drivers/STM32F1xx_HAL_Driver/Src/stm32f1xx_hal_pcd.c **** 
 3088              		.loc 1 1687 3 view .LVU1022
 3089 001e 0020     		movs	r0, #0
 3090 0020 84F89002 		strb	r0, [r4, #656]
1687:Drivers/STM32F1xx_HAL_Driver/Src/stm32f1xx_hal_pcd.c **** 
 3091              		.loc 1 1687 3 view .LVU1023
1689:Drivers/STM32F1xx_HAL_Driver/Src/stm32f1xx_hal_pcd.c **** }
 3092              		.loc 1 1689 3 view .LVU1024
1690:Drivers/STM32F1xx_HAL_Driver/Src/stm32f1xx_hal_pcd.c **** 
 3093              		.loc 1 1690 1 is_stmt 0 view .LVU1025
 3094 0024 10BD     		pop	{r4, pc}
 3095              	.LVL309:
 3096              	.L152:
 3097              	.LCFI12:
 3098              		.cfi_def_cfa_offset 0
 3099              		.cfi_restore 4
 3100              		.cfi_restore 14
1680:Drivers/STM32F1xx_HAL_Driver/Src/stm32f1xx_hal_pcd.c **** 
 3101              		.loc 1 1680 3 discriminator 1 view .LVU1026
 3102 0026 0220     		movs	r0, #2
 3103              	.LVL310:
1690:Drivers/STM32F1xx_HAL_Driver/Src/stm32f1xx_hal_pcd.c **** 
 3104              		.loc 1 1690 1 view .LVU1027
 3105 0028 7047     		bx	lr
 3106              		.cfi_endproc
 3107              	.LFE85:
 3109              		.section	.text.HAL_PCD_SetAddress,"ax",%progbits
 3110              		.align	1
 3111              		.global	HAL_PCD_SetAddress
 3112              		.syntax unified
 3113              		.thumb
 3114              		.thumb_func
 3116              	HAL_PCD_SetAddress:
 3117              	.LVL311:
 3118              	.LFB86:
1699:Drivers/STM32F1xx_HAL_Driver/Src/stm32f1xx_hal_pcd.c ****   __HAL_LOCK(hpcd);
 3119              		.loc 1 1699 1 is_stmt 1 view -0
 3120              		.cfi_startproc
 3121              		@ args = 0, pretend = 0, frame = 0
 3122              		@ frame_needed = 0, uses_anonymous_args = 0
1700:Drivers/STM32F1xx_HAL_Driver/Src/stm32f1xx_hal_pcd.c ****   hpcd->USB_Address = address;
 3123              		.loc 1 1700 3 view .LVU1029
1700:Drivers/STM32F1xx_HAL_Driver/Src/stm32f1xx_hal_pcd.c ****   hpcd->USB_Address = address;
 3124              		.loc 1 1700 3 view .LVU1030
 3125 0000 90F89032 		ldrb	r3, [r0, #656]	@ zero_extendqisi2
 3126 0004 012B     		cmp	r3, #1
 3127 0006 0CD0     		beq	.L159
1699:Drivers/STM32F1xx_HAL_Driver/Src/stm32f1xx_hal_pcd.c ****   __HAL_LOCK(hpcd);
 3128              		.loc 1 1699 1 is_stmt 0 view .LVU1031
 3129 0008 10B5     		push	{r4, lr}
 3130              	.LCFI13:
 3131              		.cfi_def_cfa_offset 8
 3132              		.cfi_offset 4, -8
 3133              		.cfi_offset 14, -4
 3134 000a 0446     		mov	r4, r0
ARM GAS  C:\Users\subdia\AppData\Local\Temp\cczK76oD.s 			page 118


1700:Drivers/STM32F1xx_HAL_Driver/Src/stm32f1xx_hal_pcd.c ****   hpcd->USB_Address = address;
 3135              		.loc 1 1700 3 is_stmt 1 discriminator 2 view .LVU1032
 3136 000c 0123     		movs	r3, #1
 3137 000e 80F89032 		strb	r3, [r0, #656]
1700:Drivers/STM32F1xx_HAL_Driver/Src/stm32f1xx_hal_pcd.c ****   hpcd->USB_Address = address;
 3138              		.loc 1 1700 3 view .LVU1033
1701:Drivers/STM32F1xx_HAL_Driver/Src/stm32f1xx_hal_pcd.c ****   (void)USB_SetDevAddress(hpcd->Instance, address);
 3139              		.loc 1 1701 3 view .LVU1034
1701:Drivers/STM32F1xx_HAL_Driver/Src/stm32f1xx_hal_pcd.c ****   (void)USB_SetDevAddress(hpcd->Instance, address);
 3140              		.loc 1 1701 21 is_stmt 0 view .LVU1035
 3141 0012 4173     		strb	r1, [r0, #13]
1702:Drivers/STM32F1xx_HAL_Driver/Src/stm32f1xx_hal_pcd.c ****   __HAL_UNLOCK(hpcd);
 3142              		.loc 1 1702 3 is_stmt 1 view .LVU1036
1702:Drivers/STM32F1xx_HAL_Driver/Src/stm32f1xx_hal_pcd.c ****   __HAL_UNLOCK(hpcd);
 3143              		.loc 1 1702 9 is_stmt 0 view .LVU1037
 3144 0014 0068     		ldr	r0, [r0]
 3145              	.LVL312:
1702:Drivers/STM32F1xx_HAL_Driver/Src/stm32f1xx_hal_pcd.c ****   __HAL_UNLOCK(hpcd);
 3146              		.loc 1 1702 9 view .LVU1038
 3147 0016 FFF7FEFF 		bl	USB_SetDevAddress
 3148              	.LVL313:
1703:Drivers/STM32F1xx_HAL_Driver/Src/stm32f1xx_hal_pcd.c **** 
 3149              		.loc 1 1703 3 is_stmt 1 view .LVU1039
1703:Drivers/STM32F1xx_HAL_Driver/Src/stm32f1xx_hal_pcd.c **** 
 3150              		.loc 1 1703 3 view .LVU1040
 3151 001a 0020     		movs	r0, #0
 3152 001c 84F89002 		strb	r0, [r4, #656]
1703:Drivers/STM32F1xx_HAL_Driver/Src/stm32f1xx_hal_pcd.c **** 
 3153              		.loc 1 1703 3 view .LVU1041
1705:Drivers/STM32F1xx_HAL_Driver/Src/stm32f1xx_hal_pcd.c **** }
 3154              		.loc 1 1705 3 view .LVU1042
1706:Drivers/STM32F1xx_HAL_Driver/Src/stm32f1xx_hal_pcd.c **** /**
 3155              		.loc 1 1706 1 is_stmt 0 view .LVU1043
 3156 0020 10BD     		pop	{r4, pc}
 3157              	.LVL314:
 3158              	.L159:
 3159              	.LCFI14:
 3160              		.cfi_def_cfa_offset 0
 3161              		.cfi_restore 4
 3162              		.cfi_restore 14
1700:Drivers/STM32F1xx_HAL_Driver/Src/stm32f1xx_hal_pcd.c ****   hpcd->USB_Address = address;
 3163              		.loc 1 1700 3 discriminator 1 view .LVU1044
 3164 0022 0220     		movs	r0, #2
 3165              	.LVL315:
1706:Drivers/STM32F1xx_HAL_Driver/Src/stm32f1xx_hal_pcd.c **** /**
 3166              		.loc 1 1706 1 view .LVU1045
 3167 0024 7047     		bx	lr
 3168              		.cfi_endproc
 3169              	.LFE86:
 3171              		.section	.text.HAL_PCD_IRQHandler,"ax",%progbits
 3172              		.align	1
 3173              		.global	HAL_PCD_IRQHandler
 3174              		.syntax unified
 3175              		.thumb
 3176              		.thumb_func
 3178              	HAL_PCD_IRQHandler:
 3179              	.LVL316:
ARM GAS  C:\Users\subdia\AppData\Local\Temp\cczK76oD.s 			page 119


 3180              	.LFB71:
1322:Drivers/STM32F1xx_HAL_Driver/Src/stm32f1xx_hal_pcd.c ****   uint32_t wIstr = USB_ReadInterrupts(hpcd->Instance);
 3181              		.loc 1 1322 1 is_stmt 1 view -0
 3182              		.cfi_startproc
 3183              		@ args = 0, pretend = 0, frame = 16
 3184              		@ frame_needed = 0, uses_anonymous_args = 0
1322:Drivers/STM32F1xx_HAL_Driver/Src/stm32f1xx_hal_pcd.c ****   uint32_t wIstr = USB_ReadInterrupts(hpcd->Instance);
 3185              		.loc 1 1322 1 is_stmt 0 view .LVU1047
 3186 0000 10B5     		push	{r4, lr}
 3187              	.LCFI15:
 3188              		.cfi_def_cfa_offset 8
 3189              		.cfi_offset 4, -8
 3190              		.cfi_offset 14, -4
 3191 0002 84B0     		sub	sp, sp, #16
 3192              	.LCFI16:
 3193              		.cfi_def_cfa_offset 24
 3194 0004 0446     		mov	r4, r0
1323:Drivers/STM32F1xx_HAL_Driver/Src/stm32f1xx_hal_pcd.c ****   uint16_t store_ep[8];
 3195              		.loc 1 1323 3 is_stmt 1 view .LVU1048
1323:Drivers/STM32F1xx_HAL_Driver/Src/stm32f1xx_hal_pcd.c ****   uint16_t store_ep[8];
 3196              		.loc 1 1323 20 is_stmt 0 view .LVU1049
 3197 0006 0068     		ldr	r0, [r0]
 3198              	.LVL317:
1323:Drivers/STM32F1xx_HAL_Driver/Src/stm32f1xx_hal_pcd.c ****   uint16_t store_ep[8];
 3199              		.loc 1 1323 20 view .LVU1050
 3200 0008 FFF7FEFF 		bl	USB_ReadInterrupts
 3201              	.LVL318:
1324:Drivers/STM32F1xx_HAL_Driver/Src/stm32f1xx_hal_pcd.c ****   uint8_t i;
 3202              		.loc 1 1324 3 is_stmt 1 view .LVU1051
1325:Drivers/STM32F1xx_HAL_Driver/Src/stm32f1xx_hal_pcd.c **** 
 3203              		.loc 1 1325 3 view .LVU1052
1327:Drivers/STM32F1xx_HAL_Driver/Src/stm32f1xx_hal_pcd.c ****   {
 3204              		.loc 1 1327 3 view .LVU1053
1327:Drivers/STM32F1xx_HAL_Driver/Src/stm32f1xx_hal_pcd.c ****   {
 3205              		.loc 1 1327 6 is_stmt 0 view .LVU1054
 3206 000c 10F4004F 		tst	r0, #32768
 3207 0010 20D1     		bne	.L183
1336:Drivers/STM32F1xx_HAL_Driver/Src/stm32f1xx_hal_pcd.c ****   {
 3208              		.loc 1 1336 3 is_stmt 1 view .LVU1055
1336:Drivers/STM32F1xx_HAL_Driver/Src/stm32f1xx_hal_pcd.c ****   {
 3209              		.loc 1 1336 6 is_stmt 0 view .LVU1056
 3210 0012 10F4806F 		tst	r0, #1024
 3211 0016 21D1     		bne	.L184
1351:Drivers/STM32F1xx_HAL_Driver/Src/stm32f1xx_hal_pcd.c ****   {
 3212              		.loc 1 1351 3 is_stmt 1 view .LVU1057
1351:Drivers/STM32F1xx_HAL_Driver/Src/stm32f1xx_hal_pcd.c ****   {
 3213              		.loc 1 1351 6 is_stmt 0 view .LVU1058
 3214 0018 10F4804F 		tst	r0, #16384
 3215 001c 2FD1     		bne	.L185
1358:Drivers/STM32F1xx_HAL_Driver/Src/stm32f1xx_hal_pcd.c ****   {
 3216              		.loc 1 1358 3 is_stmt 1 view .LVU1059
1358:Drivers/STM32F1xx_HAL_Driver/Src/stm32f1xx_hal_pcd.c ****   {
 3217              		.loc 1 1358 6 is_stmt 0 view .LVU1060
 3218 001e 10F4005F 		tst	r0, #8192
 3219 0022 37D1     		bne	.L186
1365:Drivers/STM32F1xx_HAL_Driver/Src/stm32f1xx_hal_pcd.c ****   {
 3220              		.loc 1 1365 3 is_stmt 1 view .LVU1061
ARM GAS  C:\Users\subdia\AppData\Local\Temp\cczK76oD.s 			page 120


1365:Drivers/STM32F1xx_HAL_Driver/Src/stm32f1xx_hal_pcd.c ****   {
 3221              		.loc 1 1365 6 is_stmt 0 view .LVU1062
 3222 0024 10F4805F 		tst	r0, #4096
 3223 0028 3ED1     		bne	.L187
1381:Drivers/STM32F1xx_HAL_Driver/Src/stm32f1xx_hal_pcd.c ****   {
 3224              		.loc 1 1381 3 is_stmt 1 view .LVU1063
1381:Drivers/STM32F1xx_HAL_Driver/Src/stm32f1xx_hal_pcd.c ****   {
 3225              		.loc 1 1381 6 is_stmt 0 view .LVU1064
 3226 002a 10F4006F 		tst	r0, #2048
 3227 002e 40F08780 		bne	.L188
1428:Drivers/STM32F1xx_HAL_Driver/Src/stm32f1xx_hal_pcd.c ****   {
 3228              		.loc 1 1428 3 is_stmt 1 view .LVU1065
1428:Drivers/STM32F1xx_HAL_Driver/Src/stm32f1xx_hal_pcd.c ****   {
 3229              		.loc 1 1428 6 is_stmt 0 view .LVU1066
 3230 0032 10F4007F 		tst	r0, #512
 3231 0036 40F0AE80 		bne	.L189
1441:Drivers/STM32F1xx_HAL_Driver/Src/stm32f1xx_hal_pcd.c ****   {
 3232              		.loc 1 1441 3 is_stmt 1 view .LVU1067
1441:Drivers/STM32F1xx_HAL_Driver/Src/stm32f1xx_hal_pcd.c ****   {
 3233              		.loc 1 1441 6 is_stmt 0 view .LVU1068
 3234 003a 10F4807F 		tst	r0, #256
 3235 003e 27D0     		beq	.L164
1444:Drivers/STM32F1xx_HAL_Driver/Src/stm32f1xx_hal_pcd.c **** 
 3236              		.loc 1 1444 5 is_stmt 1 view .LVU1069
 3237 0040 2268     		ldr	r2, [r4]
 3238 0042 B2F84430 		ldrh	r3, [r2, #68]
 3239 0046 9BB2     		uxth	r3, r3
 3240 0048 23F48073 		bic	r3, r3, #256
 3241 004c 9BB2     		uxth	r3, r3
 3242 004e A2F84430 		strh	r3, [r2, #68]	@ movhi
1446:Drivers/STM32F1xx_HAL_Driver/Src/stm32f1xx_hal_pcd.c ****   }
 3243              		.loc 1 1446 5 view .LVU1070
 3244 0052 1DE0     		b	.L164
 3245              	.L183:
1331:Drivers/STM32F1xx_HAL_Driver/Src/stm32f1xx_hal_pcd.c **** 
 3246              		.loc 1 1331 5 view .LVU1071
1331:Drivers/STM32F1xx_HAL_Driver/Src/stm32f1xx_hal_pcd.c **** 
 3247              		.loc 1 1331 11 is_stmt 0 view .LVU1072
 3248 0054 2046     		mov	r0, r4
 3249              	.LVL319:
1331:Drivers/STM32F1xx_HAL_Driver/Src/stm32f1xx_hal_pcd.c **** 
 3250              		.loc 1 1331 11 view .LVU1073
 3251 0056 FFF7FEFF 		bl	PCD_EP_ISR_Handler
 3252              	.LVL320:
1333:Drivers/STM32F1xx_HAL_Driver/Src/stm32f1xx_hal_pcd.c ****   }
 3253              		.loc 1 1333 5 is_stmt 1 view .LVU1074
 3254 005a 19E0     		b	.L164
 3255              	.LVL321:
 3256              	.L184:
1338:Drivers/STM32F1xx_HAL_Driver/Src/stm32f1xx_hal_pcd.c **** 
 3257              		.loc 1 1338 5 view .LVU1075
 3258 005c 2268     		ldr	r2, [r4]
 3259 005e B2F84430 		ldrh	r3, [r2, #68]
 3260 0062 9BB2     		uxth	r3, r3
 3261 0064 23F48063 		bic	r3, r3, #1024
 3262 0068 9BB2     		uxth	r3, r3
 3263 006a A2F84430 		strh	r3, [r2, #68]	@ movhi
ARM GAS  C:\Users\subdia\AppData\Local\Temp\cczK76oD.s 			page 121


1343:Drivers/STM32F1xx_HAL_Driver/Src/stm32f1xx_hal_pcd.c **** #endif /* USE_HAL_PCD_REGISTER_CALLBACKS */
 3264              		.loc 1 1343 5 view .LVU1076
 3265 006e 2046     		mov	r0, r4
 3266              	.LVL322:
1343:Drivers/STM32F1xx_HAL_Driver/Src/stm32f1xx_hal_pcd.c **** #endif /* USE_HAL_PCD_REGISTER_CALLBACKS */
 3267              		.loc 1 1343 5 is_stmt 0 view .LVU1077
 3268 0070 FFF7FEFF 		bl	HAL_PCD_ResetCallback
 3269              	.LVL323:
1346:Drivers/STM32F1xx_HAL_Driver/Src/stm32f1xx_hal_pcd.c **** 
 3270              		.loc 1 1346 5 is_stmt 1 view .LVU1078
1346:Drivers/STM32F1xx_HAL_Driver/Src/stm32f1xx_hal_pcd.c **** 
 3271              		.loc 1 1346 11 is_stmt 0 view .LVU1079
 3272 0074 0021     		movs	r1, #0
 3273 0076 2046     		mov	r0, r4
 3274 0078 FFF7FEFF 		bl	HAL_PCD_SetAddress
 3275              	.LVL324:
1348:Drivers/STM32F1xx_HAL_Driver/Src/stm32f1xx_hal_pcd.c ****   }
 3276              		.loc 1 1348 5 is_stmt 1 view .LVU1080
 3277 007c 08E0     		b	.L164
 3278              	.LVL325:
 3279              	.L185:
1353:Drivers/STM32F1xx_HAL_Driver/Src/stm32f1xx_hal_pcd.c **** 
 3280              		.loc 1 1353 5 view .LVU1081
 3281 007e 2268     		ldr	r2, [r4]
 3282 0080 B2F84430 		ldrh	r3, [r2, #68]
 3283 0084 9BB2     		uxth	r3, r3
 3284 0086 23F48043 		bic	r3, r3, #16384
 3285 008a 9BB2     		uxth	r3, r3
 3286 008c A2F84430 		strh	r3, [r2, #68]	@ movhi
1355:Drivers/STM32F1xx_HAL_Driver/Src/stm32f1xx_hal_pcd.c ****   }
 3287              		.loc 1 1355 5 view .LVU1082
 3288              	.LVL326:
 3289              	.L164:
1448:Drivers/STM32F1xx_HAL_Driver/Src/stm32f1xx_hal_pcd.c **** 
 3290              		.loc 1 1448 1 is_stmt 0 view .LVU1083
 3291 0090 04B0     		add	sp, sp, #16
 3292              	.LCFI17:
 3293              		.cfi_remember_state
 3294              		.cfi_def_cfa_offset 8
 3295              		@ sp needed
 3296 0092 10BD     		pop	{r4, pc}
 3297              	.LVL327:
 3298              	.L186:
 3299              	.LCFI18:
 3300              		.cfi_restore_state
1360:Drivers/STM32F1xx_HAL_Driver/Src/stm32f1xx_hal_pcd.c **** 
 3301              		.loc 1 1360 5 is_stmt 1 view .LVU1084
 3302 0094 2268     		ldr	r2, [r4]
 3303 0096 B2F84430 		ldrh	r3, [r2, #68]
 3304 009a 9BB2     		uxth	r3, r3
 3305 009c 23F40053 		bic	r3, r3, #8192
 3306 00a0 9BB2     		uxth	r3, r3
 3307 00a2 A2F84430 		strh	r3, [r2, #68]	@ movhi
1362:Drivers/STM32F1xx_HAL_Driver/Src/stm32f1xx_hal_pcd.c ****   }
 3308              		.loc 1 1362 5 view .LVU1085
 3309 00a6 F3E7     		b	.L164
 3310              	.L187:
ARM GAS  C:\Users\subdia\AppData\Local\Temp\cczK76oD.s 			page 122


1367:Drivers/STM32F1xx_HAL_Driver/Src/stm32f1xx_hal_pcd.c ****     hpcd->Instance->CNTR &= (uint16_t) ~(USB_CNTR_FSUSP);
 3311              		.loc 1 1367 5 view .LVU1086
1367:Drivers/STM32F1xx_HAL_Driver/Src/stm32f1xx_hal_pcd.c ****     hpcd->Instance->CNTR &= (uint16_t) ~(USB_CNTR_FSUSP);
 3312              		.loc 1 1367 9 is_stmt 0 view .LVU1087
 3313 00a8 2268     		ldr	r2, [r4]
1367:Drivers/STM32F1xx_HAL_Driver/Src/stm32f1xx_hal_pcd.c ****     hpcd->Instance->CNTR &= (uint16_t) ~(USB_CNTR_FSUSP);
 3314              		.loc 1 1367 19 view .LVU1088
 3315 00aa B2F84030 		ldrh	r3, [r2, #64]
 3316 00ae 9BB2     		uxth	r3, r3
1367:Drivers/STM32F1xx_HAL_Driver/Src/stm32f1xx_hal_pcd.c ****     hpcd->Instance->CNTR &= (uint16_t) ~(USB_CNTR_FSUSP);
 3317              		.loc 1 1367 26 view .LVU1089
 3318 00b0 23F00403 		bic	r3, r3, #4
 3319 00b4 9BB2     		uxth	r3, r3
 3320 00b6 A2F84030 		strh	r3, [r2, #64]	@ movhi
1368:Drivers/STM32F1xx_HAL_Driver/Src/stm32f1xx_hal_pcd.c **** 
 3321              		.loc 1 1368 5 is_stmt 1 view .LVU1090
1368:Drivers/STM32F1xx_HAL_Driver/Src/stm32f1xx_hal_pcd.c **** 
 3322              		.loc 1 1368 9 is_stmt 0 view .LVU1091
 3323 00ba 2268     		ldr	r2, [r4]
1368:Drivers/STM32F1xx_HAL_Driver/Src/stm32f1xx_hal_pcd.c **** 
 3324              		.loc 1 1368 19 view .LVU1092
 3325 00bc B2F84030 		ldrh	r3, [r2, #64]
 3326 00c0 9BB2     		uxth	r3, r3
1368:Drivers/STM32F1xx_HAL_Driver/Src/stm32f1xx_hal_pcd.c **** 
 3327              		.loc 1 1368 26 view .LVU1093
 3328 00c2 23F00803 		bic	r3, r3, #8
 3329 00c6 9BB2     		uxth	r3, r3
 3330 00c8 A2F84030 		strh	r3, [r2, #64]	@ movhi
1373:Drivers/STM32F1xx_HAL_Driver/Src/stm32f1xx_hal_pcd.c **** #endif /* USE_HAL_PCD_REGISTER_CALLBACKS */
 3331              		.loc 1 1373 5 is_stmt 1 view .LVU1094
 3332 00cc 2046     		mov	r0, r4
 3333              	.LVL328:
1373:Drivers/STM32F1xx_HAL_Driver/Src/stm32f1xx_hal_pcd.c **** #endif /* USE_HAL_PCD_REGISTER_CALLBACKS */
 3334              		.loc 1 1373 5 is_stmt 0 view .LVU1095
 3335 00ce FFF7FEFF 		bl	HAL_PCD_ResumeCallback
 3336              	.LVL329:
1376:Drivers/STM32F1xx_HAL_Driver/Src/stm32f1xx_hal_pcd.c **** 
 3337              		.loc 1 1376 5 is_stmt 1 view .LVU1096
 3338 00d2 2268     		ldr	r2, [r4]
 3339 00d4 B2F84430 		ldrh	r3, [r2, #68]
 3340 00d8 9BB2     		uxth	r3, r3
 3341 00da 23F48053 		bic	r3, r3, #4096
 3342 00de 9BB2     		uxth	r3, r3
 3343 00e0 A2F84430 		strh	r3, [r2, #68]	@ movhi
1378:Drivers/STM32F1xx_HAL_Driver/Src/stm32f1xx_hal_pcd.c ****   }
 3344              		.loc 1 1378 5 view .LVU1097
 3345 00e4 D4E7     		b	.L164
 3346              	.LVL330:
 3347              	.L173:
1388:Drivers/STM32F1xx_HAL_Driver/Src/stm32f1xx_hal_pcd.c ****     }
 3348              		.loc 1 1388 7 view .LVU1098
1388:Drivers/STM32F1xx_HAL_Driver/Src/stm32f1xx_hal_pcd.c ****     }
 3349              		.loc 1 1388 21 is_stmt 0 view .LVU1099
 3350 00e6 2268     		ldr	r2, [r4]
 3351 00e8 32F82310 		ldrh	r1, [r2, r3, lsl #2]
1388:Drivers/STM32F1xx_HAL_Driver/Src/stm32f1xx_hal_pcd.c ****     }
 3352              		.loc 1 1388 19 view .LVU1100
ARM GAS  C:\Users\subdia\AppData\Local\Temp\cczK76oD.s 			page 123


 3353 00ec 04AA     		add	r2, sp, #16
 3354 00ee 02EB4302 		add	r2, r2, r3, lsl #1
 3355 00f2 22F8101C 		strh	r1, [r2, #-16]	@ movhi
1386:Drivers/STM32F1xx_HAL_Driver/Src/stm32f1xx_hal_pcd.c ****     {
 3356              		.loc 1 1386 27 is_stmt 1 discriminator 3 view .LVU1101
 3357 00f6 0133     		adds	r3, r3, #1
 3358              	.LVL331:
1386:Drivers/STM32F1xx_HAL_Driver/Src/stm32f1xx_hal_pcd.c ****     {
 3359              		.loc 1 1386 27 is_stmt 0 discriminator 3 view .LVU1102
 3360 00f8 DBB2     		uxtb	r3, r3
 3361              	.LVL332:
 3362              	.L171:
1386:Drivers/STM32F1xx_HAL_Driver/Src/stm32f1xx_hal_pcd.c ****     {
 3363              		.loc 1 1386 20 is_stmt 1 discriminator 1 view .LVU1103
 3364 00fa 072B     		cmp	r3, #7
 3365 00fc F3D9     		bls	.L173
1392:Drivers/STM32F1xx_HAL_Driver/Src/stm32f1xx_hal_pcd.c **** 
 3366              		.loc 1 1392 5 view .LVU1104
1392:Drivers/STM32F1xx_HAL_Driver/Src/stm32f1xx_hal_pcd.c **** 
 3367              		.loc 1 1392 9 is_stmt 0 view .LVU1105
 3368 00fe 2268     		ldr	r2, [r4]
1392:Drivers/STM32F1xx_HAL_Driver/Src/stm32f1xx_hal_pcd.c **** 
 3369              		.loc 1 1392 19 view .LVU1106
 3370 0100 B2F84030 		ldrh	r3, [r2, #64]
 3371              	.LVL333:
1392:Drivers/STM32F1xx_HAL_Driver/Src/stm32f1xx_hal_pcd.c **** 
 3372              		.loc 1 1392 19 view .LVU1107
 3373 0104 9BB2     		uxth	r3, r3
1392:Drivers/STM32F1xx_HAL_Driver/Src/stm32f1xx_hal_pcd.c **** 
 3374              		.loc 1 1392 26 view .LVU1108
 3375 0106 43F00103 		orr	r3, r3, #1
 3376 010a A2F84030 		strh	r3, [r2, #64]	@ movhi
1395:Drivers/STM32F1xx_HAL_Driver/Src/stm32f1xx_hal_pcd.c **** 
 3377              		.loc 1 1395 5 is_stmt 1 view .LVU1109
1395:Drivers/STM32F1xx_HAL_Driver/Src/stm32f1xx_hal_pcd.c **** 
 3378              		.loc 1 1395 9 is_stmt 0 view .LVU1110
 3379 010e 2268     		ldr	r2, [r4]
1395:Drivers/STM32F1xx_HAL_Driver/Src/stm32f1xx_hal_pcd.c **** 
 3380              		.loc 1 1395 19 view .LVU1111
 3381 0110 B2F84030 		ldrh	r3, [r2, #64]
 3382 0114 9BB2     		uxth	r3, r3
1395:Drivers/STM32F1xx_HAL_Driver/Src/stm32f1xx_hal_pcd.c **** 
 3383              		.loc 1 1395 26 view .LVU1112
 3384 0116 23F00103 		bic	r3, r3, #1
 3385 011a 9BB2     		uxth	r3, r3
 3386 011c A2F84030 		strh	r3, [r2, #64]	@ movhi
1398:Drivers/STM32F1xx_HAL_Driver/Src/stm32f1xx_hal_pcd.c ****     {
 3387              		.loc 1 1398 5 is_stmt 1 view .LVU1113
 3388              	.L174:
1400:Drivers/STM32F1xx_HAL_Driver/Src/stm32f1xx_hal_pcd.c **** 
 3389              		.loc 1 1400 5 view .LVU1114
1398:Drivers/STM32F1xx_HAL_Driver/Src/stm32f1xx_hal_pcd.c ****     {
 3390              		.loc 1 1398 52 discriminator 1 view .LVU1115
1398:Drivers/STM32F1xx_HAL_Driver/Src/stm32f1xx_hal_pcd.c ****     {
 3391              		.loc 1 1398 17 is_stmt 0 discriminator 1 view .LVU1116
 3392 0120 2368     		ldr	r3, [r4]
1398:Drivers/STM32F1xx_HAL_Driver/Src/stm32f1xx_hal_pcd.c ****     {
ARM GAS  C:\Users\subdia\AppData\Local\Temp\cczK76oD.s 			page 124


 3393              		.loc 1 1398 27 discriminator 1 view .LVU1117
 3394 0122 B3F84420 		ldrh	r2, [r3, #68]
1398:Drivers/STM32F1xx_HAL_Driver/Src/stm32f1xx_hal_pcd.c ****     {
 3395              		.loc 1 1398 52 discriminator 1 view .LVU1118
 3396 0126 12F4806F 		tst	r2, #1024
 3397 012a F9D0     		beq	.L174
1403:Drivers/STM32F1xx_HAL_Driver/Src/stm32f1xx_hal_pcd.c **** 
 3398              		.loc 1 1403 5 is_stmt 1 view .LVU1119
 3399 012c B3F84420 		ldrh	r2, [r3, #68]
 3400 0130 92B2     		uxth	r2, r2
 3401 0132 22F48062 		bic	r2, r2, #1024
 3402 0136 92B2     		uxth	r2, r2
 3403 0138 A3F84420 		strh	r2, [r3, #68]	@ movhi
1406:Drivers/STM32F1xx_HAL_Driver/Src/stm32f1xx_hal_pcd.c ****     {
 3404              		.loc 1 1406 5 view .LVU1120
 3405              	.LVL334:
1406:Drivers/STM32F1xx_HAL_Driver/Src/stm32f1xx_hal_pcd.c ****     {
 3406              		.loc 1 1406 12 is_stmt 0 view .LVU1121
 3407 013c 0023     		movs	r3, #0
1406:Drivers/STM32F1xx_HAL_Driver/Src/stm32f1xx_hal_pcd.c ****     {
 3408              		.loc 1 1406 5 view .LVU1122
 3409 013e 0BE0     		b	.L175
 3410              	.LVL335:
 3411              	.L188:
1386:Drivers/STM32F1xx_HAL_Driver/Src/stm32f1xx_hal_pcd.c ****     {
 3412              		.loc 1 1386 12 view .LVU1123
 3413 0140 0023     		movs	r3, #0
 3414 0142 DAE7     		b	.L171
 3415              	.LVL336:
 3416              	.L176:
1408:Drivers/STM32F1xx_HAL_Driver/Src/stm32f1xx_hal_pcd.c ****     }
 3417              		.loc 1 1408 7 is_stmt 1 view .LVU1124
 3418 0144 2268     		ldr	r2, [r4]
 3419 0146 04A9     		add	r1, sp, #16
 3420 0148 01EB4301 		add	r1, r1, r3, lsl #1
 3421 014c 31F8101C 		ldrh	r1, [r1, #-16]
 3422 0150 22F82310 		strh	r1, [r2, r3, lsl #2]	@ movhi
1406:Drivers/STM32F1xx_HAL_Driver/Src/stm32f1xx_hal_pcd.c ****     {
 3423              		.loc 1 1406 27 discriminator 3 view .LVU1125
 3424 0154 0133     		adds	r3, r3, #1
 3425              	.LVL337:
1406:Drivers/STM32F1xx_HAL_Driver/Src/stm32f1xx_hal_pcd.c ****     {
 3426              		.loc 1 1406 27 is_stmt 0 discriminator 3 view .LVU1126
 3427 0156 DBB2     		uxtb	r3, r3
 3428              	.LVL338:
 3429              	.L175:
1406:Drivers/STM32F1xx_HAL_Driver/Src/stm32f1xx_hal_pcd.c ****     {
 3430              		.loc 1 1406 20 is_stmt 1 discriminator 1 view .LVU1127
 3431 0158 072B     		cmp	r3, #7
 3432 015a F3D9     		bls	.L176
1412:Drivers/STM32F1xx_HAL_Driver/Src/stm32f1xx_hal_pcd.c **** 
 3433              		.loc 1 1412 5 view .LVU1128
1412:Drivers/STM32F1xx_HAL_Driver/Src/stm32f1xx_hal_pcd.c **** 
 3434              		.loc 1 1412 9 is_stmt 0 view .LVU1129
 3435 015c 2268     		ldr	r2, [r4]
1412:Drivers/STM32F1xx_HAL_Driver/Src/stm32f1xx_hal_pcd.c **** 
 3436              		.loc 1 1412 19 view .LVU1130
ARM GAS  C:\Users\subdia\AppData\Local\Temp\cczK76oD.s 			page 125


 3437 015e B2F84030 		ldrh	r3, [r2, #64]
 3438              	.LVL339:
1412:Drivers/STM32F1xx_HAL_Driver/Src/stm32f1xx_hal_pcd.c **** 
 3439              		.loc 1 1412 19 view .LVU1131
 3440 0162 9BB2     		uxth	r3, r3
1412:Drivers/STM32F1xx_HAL_Driver/Src/stm32f1xx_hal_pcd.c **** 
 3441              		.loc 1 1412 26 view .LVU1132
 3442 0164 43F00803 		orr	r3, r3, #8
 3443 0168 A2F84030 		strh	r3, [r2, #64]	@ movhi
1415:Drivers/STM32F1xx_HAL_Driver/Src/stm32f1xx_hal_pcd.c **** 
 3444              		.loc 1 1415 5 is_stmt 1 view .LVU1133
 3445 016c 2268     		ldr	r2, [r4]
 3446 016e B2F84430 		ldrh	r3, [r2, #68]
 3447 0172 9BB2     		uxth	r3, r3
 3448 0174 23F40063 		bic	r3, r3, #2048
 3449 0178 9BB2     		uxth	r3, r3
 3450 017a A2F84430 		strh	r3, [r2, #68]	@ movhi
1417:Drivers/STM32F1xx_HAL_Driver/Src/stm32f1xx_hal_pcd.c **** 
 3451              		.loc 1 1417 5 view .LVU1134
1417:Drivers/STM32F1xx_HAL_Driver/Src/stm32f1xx_hal_pcd.c **** 
 3452              		.loc 1 1417 9 is_stmt 0 view .LVU1135
 3453 017e 2268     		ldr	r2, [r4]
1417:Drivers/STM32F1xx_HAL_Driver/Src/stm32f1xx_hal_pcd.c **** 
 3454              		.loc 1 1417 19 view .LVU1136
 3455 0180 B2F84030 		ldrh	r3, [r2, #64]
 3456 0184 9BB2     		uxth	r3, r3
1417:Drivers/STM32F1xx_HAL_Driver/Src/stm32f1xx_hal_pcd.c **** 
 3457              		.loc 1 1417 26 view .LVU1137
 3458 0186 43F00403 		orr	r3, r3, #4
 3459 018a A2F84030 		strh	r3, [r2, #64]	@ movhi
1422:Drivers/STM32F1xx_HAL_Driver/Src/stm32f1xx_hal_pcd.c **** #endif /* USE_HAL_PCD_REGISTER_CALLBACKS */
 3460              		.loc 1 1422 5 is_stmt 1 view .LVU1138
 3461 018e 2046     		mov	r0, r4
 3462              	.LVL340:
1422:Drivers/STM32F1xx_HAL_Driver/Src/stm32f1xx_hal_pcd.c **** #endif /* USE_HAL_PCD_REGISTER_CALLBACKS */
 3463              		.loc 1 1422 5 is_stmt 0 view .LVU1139
 3464 0190 FFF7FEFF 		bl	HAL_PCD_SuspendCallback
 3465              	.LVL341:
1425:Drivers/STM32F1xx_HAL_Driver/Src/stm32f1xx_hal_pcd.c ****   }
 3466              		.loc 1 1425 5 is_stmt 1 view .LVU1140
 3467 0194 7CE7     		b	.L164
 3468              	.LVL342:
 3469              	.L189:
1430:Drivers/STM32F1xx_HAL_Driver/Src/stm32f1xx_hal_pcd.c **** 
 3470              		.loc 1 1430 5 view .LVU1141
 3471 0196 2268     		ldr	r2, [r4]
 3472 0198 B2F84430 		ldrh	r3, [r2, #68]
 3473 019c 9BB2     		uxth	r3, r3
 3474 019e 23F40073 		bic	r3, r3, #512
 3475 01a2 9BB2     		uxth	r3, r3
 3476 01a4 A2F84430 		strh	r3, [r2, #68]	@ movhi
1435:Drivers/STM32F1xx_HAL_Driver/Src/stm32f1xx_hal_pcd.c **** #endif /* USE_HAL_PCD_REGISTER_CALLBACKS */
 3477              		.loc 1 1435 5 view .LVU1142
 3478 01a8 2046     		mov	r0, r4
 3479              	.LVL343:
1435:Drivers/STM32F1xx_HAL_Driver/Src/stm32f1xx_hal_pcd.c **** #endif /* USE_HAL_PCD_REGISTER_CALLBACKS */
 3480              		.loc 1 1435 5 is_stmt 0 view .LVU1143
ARM GAS  C:\Users\subdia\AppData\Local\Temp\cczK76oD.s 			page 126


 3481 01aa FFF7FEFF 		bl	HAL_PCD_SOFCallback
 3482              	.LVL344:
1438:Drivers/STM32F1xx_HAL_Driver/Src/stm32f1xx_hal_pcd.c ****   }
 3483              		.loc 1 1438 5 is_stmt 1 view .LVU1144
 3484 01ae 6FE7     		b	.L164
 3485              		.cfi_endproc
 3486              	.LFE71:
 3488              		.section	.text.HAL_PCD_EP_Open,"ax",%progbits
 3489              		.align	1
 3490              		.global	HAL_PCD_EP_Open
 3491              		.syntax unified
 3492              		.thumb
 3493              		.thumb_func
 3495              	HAL_PCD_EP_Open:
 3496              	.LVL345:
 3497              	.LFB87:
1717:Drivers/STM32F1xx_HAL_Driver/Src/stm32f1xx_hal_pcd.c ****   HAL_StatusTypeDef  ret = HAL_OK;
 3498              		.loc 1 1717 1 view -0
 3499              		.cfi_startproc
 3500              		@ args = 0, pretend = 0, frame = 0
 3501              		@ frame_needed = 0, uses_anonymous_args = 0
1717:Drivers/STM32F1xx_HAL_Driver/Src/stm32f1xx_hal_pcd.c ****   HAL_StatusTypeDef  ret = HAL_OK;
 3502              		.loc 1 1717 1 is_stmt 0 view .LVU1146
 3503 0000 10B5     		push	{r4, lr}
 3504              	.LCFI19:
 3505              		.cfi_def_cfa_offset 8
 3506              		.cfi_offset 4, -8
 3507              		.cfi_offset 14, -4
 3508 0002 0446     		mov	r4, r0
 3509 0004 0846     		mov	r0, r1
 3510              	.LVL346:
1718:Drivers/STM32F1xx_HAL_Driver/Src/stm32f1xx_hal_pcd.c ****   PCD_EPTypeDef *ep;
 3511              		.loc 1 1718 3 is_stmt 1 view .LVU1147
1719:Drivers/STM32F1xx_HAL_Driver/Src/stm32f1xx_hal_pcd.c **** 
 3512              		.loc 1 1719 3 view .LVU1148
1721:Drivers/STM32F1xx_HAL_Driver/Src/stm32f1xx_hal_pcd.c ****   {
 3513              		.loc 1 1721 3 view .LVU1149
1721:Drivers/STM32F1xx_HAL_Driver/Src/stm32f1xx_hal_pcd.c ****   {
 3514              		.loc 1 1721 6 is_stmt 0 view .LVU1150
 3515 0006 11F0800F 		tst	r1, #128
 3516 000a 26D1     		bne	.L197
1728:Drivers/STM32F1xx_HAL_Driver/Src/stm32f1xx_hal_pcd.c ****     ep->is_in = 0U;
 3517              		.loc 1 1728 5 is_stmt 1 view .LVU1151
1728:Drivers/STM32F1xx_HAL_Driver/Src/stm32f1xx_hal_pcd.c ****     ep->is_in = 0U;
 3518              		.loc 1 1728 32 is_stmt 0 view .LVU1152
 3519 000c 01F0070C 		and	ip, r1, #7
1728:Drivers/STM32F1xx_HAL_Driver/Src/stm32f1xx_hal_pcd.c ****     ep->is_in = 0U;
 3520              		.loc 1 1728 8 view .LVU1153
 3521 0010 0CEB8C0E 		add	lr, ip, ip, lsl #2
 3522 0014 4FEACE0E 		lsl	lr, lr, #3
 3523 0018 0EF5A87E 		add	lr, lr, #336
 3524 001c 04EB0E01 		add	r1, r4, lr
 3525              	.LVL347:
1729:Drivers/STM32F1xx_HAL_Driver/Src/stm32f1xx_hal_pcd.c ****   }
 3526              		.loc 1 1729 5 is_stmt 1 view .LVU1154
1729:Drivers/STM32F1xx_HAL_Driver/Src/stm32f1xx_hal_pcd.c ****   }
 3527              		.loc 1 1729 15 is_stmt 0 view .LVU1155
ARM GAS  C:\Users\subdia\AppData\Local\Temp\cczK76oD.s 			page 127


 3528 0020 0CEB8C0C 		add	ip, ip, ip, lsl #2
 3529 0024 04EBCC0C 		add	ip, r4, ip, lsl #3
 3530 0028 4FF0000E 		mov	lr, #0
 3531 002c 8CF851E1 		strb	lr, [ip, #337]
 3532              	.L192:
1732:Drivers/STM32F1xx_HAL_Driver/Src/stm32f1xx_hal_pcd.c ****   ep->maxpacket = ep_mps;
 3533              		.loc 1 1732 3 is_stmt 1 view .LVU1156
1732:Drivers/STM32F1xx_HAL_Driver/Src/stm32f1xx_hal_pcd.c ****   ep->maxpacket = ep_mps;
 3534              		.loc 1 1732 21 is_stmt 0 view .LVU1157
 3535 0030 00F00700 		and	r0, r0, #7
 3536              	.LVL348:
1732:Drivers/STM32F1xx_HAL_Driver/Src/stm32f1xx_hal_pcd.c ****   ep->maxpacket = ep_mps;
 3537              		.loc 1 1732 11 view .LVU1158
 3538 0034 0870     		strb	r0, [r1]
1733:Drivers/STM32F1xx_HAL_Driver/Src/stm32f1xx_hal_pcd.c ****   ep->type = ep_type;
 3539              		.loc 1 1733 3 is_stmt 1 view .LVU1159
1733:Drivers/STM32F1xx_HAL_Driver/Src/stm32f1xx_hal_pcd.c ****   ep->type = ep_type;
 3540              		.loc 1 1733 17 is_stmt 0 view .LVU1160
 3541 0036 0A61     		str	r2, [r1, #16]
1734:Drivers/STM32F1xx_HAL_Driver/Src/stm32f1xx_hal_pcd.c **** 
 3542              		.loc 1 1734 3 is_stmt 1 view .LVU1161
1734:Drivers/STM32F1xx_HAL_Driver/Src/stm32f1xx_hal_pcd.c **** 
 3543              		.loc 1 1734 12 is_stmt 0 view .LVU1162
 3544 0038 CB70     		strb	r3, [r1, #3]
1745:Drivers/STM32F1xx_HAL_Driver/Src/stm32f1xx_hal_pcd.c ****   {
 3545              		.loc 1 1745 3 is_stmt 1 view .LVU1163
1745:Drivers/STM32F1xx_HAL_Driver/Src/stm32f1xx_hal_pcd.c ****   {
 3546              		.loc 1 1745 6 is_stmt 0 view .LVU1164
 3547 003a 022B     		cmp	r3, #2
 3548 003c 1DD0     		beq	.L198
 3549              	.LVL349:
 3550              	.L193:
1750:Drivers/STM32F1xx_HAL_Driver/Src/stm32f1xx_hal_pcd.c ****   (void)USB_ActivateEndpoint(hpcd->Instance, ep);
 3551              		.loc 1 1750 3 is_stmt 1 view .LVU1165
1750:Drivers/STM32F1xx_HAL_Driver/Src/stm32f1xx_hal_pcd.c ****   (void)USB_ActivateEndpoint(hpcd->Instance, ep);
 3552              		.loc 1 1750 3 view .LVU1166
 3553 003e 94F89032 		ldrb	r3, [r4, #656]	@ zero_extendqisi2
 3554 0042 012B     		cmp	r3, #1
 3555 0044 1CD0     		beq	.L195
1750:Drivers/STM32F1xx_HAL_Driver/Src/stm32f1xx_hal_pcd.c ****   (void)USB_ActivateEndpoint(hpcd->Instance, ep);
 3556              		.loc 1 1750 3 discriminator 2 view .LVU1167
 3557 0046 0123     		movs	r3, #1
 3558 0048 84F89032 		strb	r3, [r4, #656]
 3559              	.LVL350:
1750:Drivers/STM32F1xx_HAL_Driver/Src/stm32f1xx_hal_pcd.c ****   (void)USB_ActivateEndpoint(hpcd->Instance, ep);
 3560              		.loc 1 1750 3 view .LVU1168
1751:Drivers/STM32F1xx_HAL_Driver/Src/stm32f1xx_hal_pcd.c ****   __HAL_UNLOCK(hpcd);
 3561              		.loc 1 1751 3 view .LVU1169
1751:Drivers/STM32F1xx_HAL_Driver/Src/stm32f1xx_hal_pcd.c ****   __HAL_UNLOCK(hpcd);
 3562              		.loc 1 1751 9 is_stmt 0 view .LVU1170
 3563 004c 2068     		ldr	r0, [r4]
 3564 004e FFF7FEFF 		bl	USB_ActivateEndpoint
 3565              	.LVL351:
1752:Drivers/STM32F1xx_HAL_Driver/Src/stm32f1xx_hal_pcd.c **** 
 3566              		.loc 1 1752 3 is_stmt 1 view .LVU1171
1752:Drivers/STM32F1xx_HAL_Driver/Src/stm32f1xx_hal_pcd.c **** 
 3567              		.loc 1 1752 3 view .LVU1172
ARM GAS  C:\Users\subdia\AppData\Local\Temp\cczK76oD.s 			page 128


 3568 0052 0020     		movs	r0, #0
 3569 0054 84F89002 		strb	r0, [r4, #656]
1752:Drivers/STM32F1xx_HAL_Driver/Src/stm32f1xx_hal_pcd.c **** 
 3570              		.loc 1 1752 3 view .LVU1173
1754:Drivers/STM32F1xx_HAL_Driver/Src/stm32f1xx_hal_pcd.c **** }
 3571              		.loc 1 1754 3 view .LVU1174
 3572              	.L194:
1755:Drivers/STM32F1xx_HAL_Driver/Src/stm32f1xx_hal_pcd.c **** 
 3573              		.loc 1 1755 1 is_stmt 0 view .LVU1175
 3574 0058 10BD     		pop	{r4, pc}
 3575              	.LVL352:
 3576              	.L197:
1723:Drivers/STM32F1xx_HAL_Driver/Src/stm32f1xx_hal_pcd.c ****     ep->is_in = 1U;
 3577              		.loc 1 1723 5 is_stmt 1 view .LVU1176
1723:Drivers/STM32F1xx_HAL_Driver/Src/stm32f1xx_hal_pcd.c ****     ep->is_in = 1U;
 3578              		.loc 1 1723 31 is_stmt 0 view .LVU1177
 3579 005a 01F0070C 		and	ip, r1, #7
1723:Drivers/STM32F1xx_HAL_Driver/Src/stm32f1xx_hal_pcd.c ****     ep->is_in = 1U;
 3580              		.loc 1 1723 8 view .LVU1178
 3581 005e 0CEB8C01 		add	r1, ip, ip, lsl #2
 3582              	.LVL353:
1723:Drivers/STM32F1xx_HAL_Driver/Src/stm32f1xx_hal_pcd.c ****     ep->is_in = 1U;
 3583              		.loc 1 1723 8 view .LVU1179
 3584 0062 C900     		lsls	r1, r1, #3
 3585 0064 1031     		adds	r1, r1, #16
 3586 0066 2144     		add	r1, r1, r4
 3587              	.LVL354:
1724:Drivers/STM32F1xx_HAL_Driver/Src/stm32f1xx_hal_pcd.c ****   }
 3588              		.loc 1 1724 5 is_stmt 1 view .LVU1180
1724:Drivers/STM32F1xx_HAL_Driver/Src/stm32f1xx_hal_pcd.c ****   }
 3589              		.loc 1 1724 15 is_stmt 0 view .LVU1181
 3590 0068 0CEB8C0C 		add	ip, ip, ip, lsl #2
 3591 006c 04EBCC0C 		add	ip, r4, ip, lsl #3
 3592 0070 4FF0010E 		mov	lr, #1
 3593 0074 8CF811E0 		strb	lr, [ip, #17]
 3594 0078 DAE7     		b	.L192
 3595              	.LVL355:
 3596              	.L198:
1747:Drivers/STM32F1xx_HAL_Driver/Src/stm32f1xx_hal_pcd.c ****   }
 3597              		.loc 1 1747 5 is_stmt 1 view .LVU1182
1747:Drivers/STM32F1xx_HAL_Driver/Src/stm32f1xx_hal_pcd.c ****   }
 3598              		.loc 1 1747 24 is_stmt 0 view .LVU1183
 3599 007a 0023     		movs	r3, #0
 3600              	.LVL356:
1747:Drivers/STM32F1xx_HAL_Driver/Src/stm32f1xx_hal_pcd.c ****   }
 3601              		.loc 1 1747 24 view .LVU1184
 3602 007c 0B71     		strb	r3, [r1, #4]
 3603 007e DEE7     		b	.L193
 3604              	.L195:
1750:Drivers/STM32F1xx_HAL_Driver/Src/stm32f1xx_hal_pcd.c ****   (void)USB_ActivateEndpoint(hpcd->Instance, ep);
 3605              		.loc 1 1750 3 discriminator 1 view .LVU1185
 3606 0080 0220     		movs	r0, #2
 3607 0082 E9E7     		b	.L194
 3608              		.cfi_endproc
 3609              	.LFE87:
 3611              		.section	.text.HAL_PCD_EP_Close,"ax",%progbits
 3612              		.align	1
ARM GAS  C:\Users\subdia\AppData\Local\Temp\cczK76oD.s 			page 129


 3613              		.global	HAL_PCD_EP_Close
 3614              		.syntax unified
 3615              		.thumb
 3616              		.thumb_func
 3618              	HAL_PCD_EP_Close:
 3619              	.LVL357:
 3620              	.LFB88:
1764:Drivers/STM32F1xx_HAL_Driver/Src/stm32f1xx_hal_pcd.c ****   PCD_EPTypeDef *ep;
 3621              		.loc 1 1764 1 is_stmt 1 view -0
 3622              		.cfi_startproc
 3623              		@ args = 0, pretend = 0, frame = 0
 3624              		@ frame_needed = 0, uses_anonymous_args = 0
1764:Drivers/STM32F1xx_HAL_Driver/Src/stm32f1xx_hal_pcd.c ****   PCD_EPTypeDef *ep;
 3625              		.loc 1 1764 1 is_stmt 0 view .LVU1187
 3626 0000 10B5     		push	{r4, lr}
 3627              	.LCFI20:
 3628              		.cfi_def_cfa_offset 8
 3629              		.cfi_offset 4, -8
 3630              		.cfi_offset 14, -4
 3631 0002 0446     		mov	r4, r0
 3632 0004 0A46     		mov	r2, r1
1765:Drivers/STM32F1xx_HAL_Driver/Src/stm32f1xx_hal_pcd.c **** 
 3633              		.loc 1 1765 3 is_stmt 1 view .LVU1188
1767:Drivers/STM32F1xx_HAL_Driver/Src/stm32f1xx_hal_pcd.c ****   {
 3634              		.loc 1 1767 3 view .LVU1189
1767:Drivers/STM32F1xx_HAL_Driver/Src/stm32f1xx_hal_pcd.c ****   {
 3635              		.loc 1 1767 6 is_stmt 0 view .LVU1190
 3636 0006 11F0800F 		tst	r1, #128
 3637 000a 1FD1     		bne	.L205
1774:Drivers/STM32F1xx_HAL_Driver/Src/stm32f1xx_hal_pcd.c ****     ep->is_in = 0U;
 3638              		.loc 1 1774 5 is_stmt 1 view .LVU1191
1774:Drivers/STM32F1xx_HAL_Driver/Src/stm32f1xx_hal_pcd.c ****     ep->is_in = 0U;
 3639              		.loc 1 1774 32 is_stmt 0 view .LVU1192
 3640 000c 01F00700 		and	r0, r1, #7
 3641              	.LVL358:
1774:Drivers/STM32F1xx_HAL_Driver/Src/stm32f1xx_hal_pcd.c ****     ep->is_in = 0U;
 3642              		.loc 1 1774 8 view .LVU1193
 3643 0010 00EB8003 		add	r3, r0, r0, lsl #2
 3644 0014 DB00     		lsls	r3, r3, #3
 3645 0016 03F5A873 		add	r3, r3, #336
 3646 001a E118     		adds	r1, r4, r3
 3647              	.LVL359:
1775:Drivers/STM32F1xx_HAL_Driver/Src/stm32f1xx_hal_pcd.c ****   }
 3648              		.loc 1 1775 5 is_stmt 1 view .LVU1194
1775:Drivers/STM32F1xx_HAL_Driver/Src/stm32f1xx_hal_pcd.c ****   }
 3649              		.loc 1 1775 15 is_stmt 0 view .LVU1195
 3650 001c 00EB8000 		add	r0, r0, r0, lsl #2
 3651 0020 04EBC000 		add	r0, r4, r0, lsl #3
 3652 0024 0023     		movs	r3, #0
 3653 0026 80F85131 		strb	r3, [r0, #337]
 3654              	.L201:
1777:Drivers/STM32F1xx_HAL_Driver/Src/stm32f1xx_hal_pcd.c **** 
 3655              		.loc 1 1777 3 is_stmt 1 view .LVU1196
1777:Drivers/STM32F1xx_HAL_Driver/Src/stm32f1xx_hal_pcd.c **** 
 3656              		.loc 1 1777 21 is_stmt 0 view .LVU1197
 3657 002a 02F00702 		and	r2, r2, #7
 3658              	.LVL360:
ARM GAS  C:\Users\subdia\AppData\Local\Temp\cczK76oD.s 			page 130


1777:Drivers/STM32F1xx_HAL_Driver/Src/stm32f1xx_hal_pcd.c **** 
 3659              		.loc 1 1777 11 view .LVU1198
 3660 002e 0A70     		strb	r2, [r1]
1779:Drivers/STM32F1xx_HAL_Driver/Src/stm32f1xx_hal_pcd.c ****   (void)USB_DeactivateEndpoint(hpcd->Instance, ep);
 3661              		.loc 1 1779 3 is_stmt 1 view .LVU1199
1779:Drivers/STM32F1xx_HAL_Driver/Src/stm32f1xx_hal_pcd.c ****   (void)USB_DeactivateEndpoint(hpcd->Instance, ep);
 3662              		.loc 1 1779 3 view .LVU1200
 3663 0030 94F89032 		ldrb	r3, [r4, #656]	@ zero_extendqisi2
 3664 0034 012B     		cmp	r3, #1
 3665 0036 17D0     		beq	.L203
1779:Drivers/STM32F1xx_HAL_Driver/Src/stm32f1xx_hal_pcd.c ****   (void)USB_DeactivateEndpoint(hpcd->Instance, ep);
 3666              		.loc 1 1779 3 discriminator 2 view .LVU1201
 3667 0038 0123     		movs	r3, #1
 3668 003a 84F89032 		strb	r3, [r4, #656]
1779:Drivers/STM32F1xx_HAL_Driver/Src/stm32f1xx_hal_pcd.c ****   (void)USB_DeactivateEndpoint(hpcd->Instance, ep);
 3669              		.loc 1 1779 3 view .LVU1202
1780:Drivers/STM32F1xx_HAL_Driver/Src/stm32f1xx_hal_pcd.c ****   __HAL_UNLOCK(hpcd);
 3670              		.loc 1 1780 3 view .LVU1203
1780:Drivers/STM32F1xx_HAL_Driver/Src/stm32f1xx_hal_pcd.c ****   __HAL_UNLOCK(hpcd);
 3671              		.loc 1 1780 9 is_stmt 0 view .LVU1204
 3672 003e 2068     		ldr	r0, [r4]
 3673 0040 FFF7FEFF 		bl	USB_DeactivateEndpoint
 3674              	.LVL361:
1781:Drivers/STM32F1xx_HAL_Driver/Src/stm32f1xx_hal_pcd.c ****   return HAL_OK;
 3675              		.loc 1 1781 3 is_stmt 1 view .LVU1205
1781:Drivers/STM32F1xx_HAL_Driver/Src/stm32f1xx_hal_pcd.c ****   return HAL_OK;
 3676              		.loc 1 1781 3 view .LVU1206
 3677 0044 0020     		movs	r0, #0
 3678 0046 84F89002 		strb	r0, [r4, #656]
1781:Drivers/STM32F1xx_HAL_Driver/Src/stm32f1xx_hal_pcd.c ****   return HAL_OK;
 3679              		.loc 1 1781 3 view .LVU1207
1782:Drivers/STM32F1xx_HAL_Driver/Src/stm32f1xx_hal_pcd.c **** }
 3680              		.loc 1 1782 3 view .LVU1208
 3681              	.L202:
1783:Drivers/STM32F1xx_HAL_Driver/Src/stm32f1xx_hal_pcd.c **** 
 3682              		.loc 1 1783 1 is_stmt 0 view .LVU1209
 3683 004a 10BD     		pop	{r4, pc}
 3684              	.LVL362:
 3685              	.L205:
1769:Drivers/STM32F1xx_HAL_Driver/Src/stm32f1xx_hal_pcd.c ****     ep->is_in = 1U;
 3686              		.loc 1 1769 5 is_stmt 1 view .LVU1210
1769:Drivers/STM32F1xx_HAL_Driver/Src/stm32f1xx_hal_pcd.c ****     ep->is_in = 1U;
 3687              		.loc 1 1769 31 is_stmt 0 view .LVU1211
 3688 004c 01F00700 		and	r0, r1, #7
 3689              	.LVL363:
1769:Drivers/STM32F1xx_HAL_Driver/Src/stm32f1xx_hal_pcd.c ****     ep->is_in = 1U;
 3690              		.loc 1 1769 8 view .LVU1212
 3691 0050 00EB8003 		add	r3, r0, r0, lsl #2
 3692 0054 DB00     		lsls	r3, r3, #3
 3693 0056 1033     		adds	r3, r3, #16
 3694 0058 E118     		adds	r1, r4, r3
 3695              	.LVL364:
1770:Drivers/STM32F1xx_HAL_Driver/Src/stm32f1xx_hal_pcd.c ****   }
 3696              		.loc 1 1770 5 is_stmt 1 view .LVU1213
1770:Drivers/STM32F1xx_HAL_Driver/Src/stm32f1xx_hal_pcd.c ****   }
 3697              		.loc 1 1770 15 is_stmt 0 view .LVU1214
 3698 005a 00EB8000 		add	r0, r0, r0, lsl #2
ARM GAS  C:\Users\subdia\AppData\Local\Temp\cczK76oD.s 			page 131


 3699 005e 04EBC000 		add	r0, r4, r0, lsl #3
 3700 0062 0123     		movs	r3, #1
 3701 0064 4374     		strb	r3, [r0, #17]
 3702 0066 E0E7     		b	.L201
 3703              	.LVL365:
 3704              	.L203:
1779:Drivers/STM32F1xx_HAL_Driver/Src/stm32f1xx_hal_pcd.c ****   (void)USB_DeactivateEndpoint(hpcd->Instance, ep);
 3705              		.loc 1 1779 3 discriminator 1 view .LVU1215
 3706 0068 0220     		movs	r0, #2
 3707 006a EEE7     		b	.L202
 3708              		.cfi_endproc
 3709              	.LFE88:
 3711              		.section	.text.HAL_PCD_EP_Receive,"ax",%progbits
 3712              		.align	1
 3713              		.global	HAL_PCD_EP_Receive
 3714              		.syntax unified
 3715              		.thumb
 3716              		.thumb_func
 3718              	HAL_PCD_EP_Receive:
 3719              	.LVL366:
 3720              	.LFB89:
1795:Drivers/STM32F1xx_HAL_Driver/Src/stm32f1xx_hal_pcd.c ****   PCD_EPTypeDef *ep;
 3721              		.loc 1 1795 1 is_stmt 1 view -0
 3722              		.cfi_startproc
 3723              		@ args = 0, pretend = 0, frame = 0
 3724              		@ frame_needed = 0, uses_anonymous_args = 0
1795:Drivers/STM32F1xx_HAL_Driver/Src/stm32f1xx_hal_pcd.c ****   PCD_EPTypeDef *ep;
 3725              		.loc 1 1795 1 is_stmt 0 view .LVU1217
 3726 0000 10B5     		push	{r4, lr}
 3727              	.LCFI21:
 3728              		.cfi_def_cfa_offset 8
 3729              		.cfi_offset 4, -8
 3730              		.cfi_offset 14, -4
1796:Drivers/STM32F1xx_HAL_Driver/Src/stm32f1xx_hal_pcd.c **** 
 3731              		.loc 1 1796 3 is_stmt 1 view .LVU1218
1798:Drivers/STM32F1xx_HAL_Driver/Src/stm32f1xx_hal_pcd.c **** 
 3732              		.loc 1 1798 3 view .LVU1219
 3733 0002 01F0070C 		and	ip, r1, #7
1798:Drivers/STM32F1xx_HAL_Driver/Src/stm32f1xx_hal_pcd.c **** 
 3734              		.loc 1 1798 6 is_stmt 0 view .LVU1220
 3735 0006 0CEB8C01 		add	r1, ip, ip, lsl #2
 3736              	.LVL367:
1798:Drivers/STM32F1xx_HAL_Driver/Src/stm32f1xx_hal_pcd.c **** 
 3737              		.loc 1 1798 6 view .LVU1221
 3738 000a C900     		lsls	r1, r1, #3
 3739 000c 01F5A871 		add	r1, r1, #336
 3740              	.LVL368:
1801:Drivers/STM32F1xx_HAL_Driver/Src/stm32f1xx_hal_pcd.c ****   ep->xfer_len = len;
 3741              		.loc 1 1801 3 is_stmt 1 view .LVU1222
1801:Drivers/STM32F1xx_HAL_Driver/Src/stm32f1xx_hal_pcd.c ****   ep->xfer_len = len;
 3742              		.loc 1 1801 17 is_stmt 0 view .LVU1223
 3743 0010 0CEB8C0E 		add	lr, ip, ip, lsl #2
 3744 0014 00EBCE0E 		add	lr, r0, lr, lsl #3
 3745 0018 CEF86421 		str	r2, [lr, #356]
1802:Drivers/STM32F1xx_HAL_Driver/Src/stm32f1xx_hal_pcd.c ****   ep->xfer_count = 0U;
 3746              		.loc 1 1802 3 is_stmt 1 view .LVU1224
1802:Drivers/STM32F1xx_HAL_Driver/Src/stm32f1xx_hal_pcd.c ****   ep->xfer_count = 0U;
ARM GAS  C:\Users\subdia\AppData\Local\Temp\cczK76oD.s 			page 132


 3747              		.loc 1 1802 16 is_stmt 0 view .LVU1225
 3748 001c CEF86831 		str	r3, [lr, #360]
1803:Drivers/STM32F1xx_HAL_Driver/Src/stm32f1xx_hal_pcd.c ****   ep->is_in = 0U;
 3749              		.loc 1 1803 3 is_stmt 1 view .LVU1226
1803:Drivers/STM32F1xx_HAL_Driver/Src/stm32f1xx_hal_pcd.c ****   ep->is_in = 0U;
 3750              		.loc 1 1803 18 is_stmt 0 view .LVU1227
 3751 0020 0024     		movs	r4, #0
 3752 0022 CEF86C41 		str	r4, [lr, #364]
1804:Drivers/STM32F1xx_HAL_Driver/Src/stm32f1xx_hal_pcd.c ****   ep->num = ep_addr & EP_ADDR_MSK;
 3753              		.loc 1 1804 3 is_stmt 1 view .LVU1228
1804:Drivers/STM32F1xx_HAL_Driver/Src/stm32f1xx_hal_pcd.c ****   ep->num = ep_addr & EP_ADDR_MSK;
 3754              		.loc 1 1804 13 is_stmt 0 view .LVU1229
 3755 0026 8EF85141 		strb	r4, [lr, #337]
1805:Drivers/STM32F1xx_HAL_Driver/Src/stm32f1xx_hal_pcd.c **** 
 3756              		.loc 1 1805 3 is_stmt 1 view .LVU1230
1805:Drivers/STM32F1xx_HAL_Driver/Src/stm32f1xx_hal_pcd.c **** 
 3757              		.loc 1 1805 11 is_stmt 0 view .LVU1231
 3758 002a 8EF850C1 		strb	ip, [lr, #336]
1807:Drivers/STM32F1xx_HAL_Driver/Src/stm32f1xx_hal_pcd.c **** 
 3759              		.loc 1 1807 3 is_stmt 1 view .LVU1232
1807:Drivers/STM32F1xx_HAL_Driver/Src/stm32f1xx_hal_pcd.c **** 
 3760              		.loc 1 1807 9 is_stmt 0 view .LVU1233
 3761 002e 0144     		add	r1, r1, r0
 3762              	.LVL369:
1807:Drivers/STM32F1xx_HAL_Driver/Src/stm32f1xx_hal_pcd.c **** 
 3763              		.loc 1 1807 9 view .LVU1234
 3764 0030 0068     		ldr	r0, [r0]
 3765              	.LVL370:
1807:Drivers/STM32F1xx_HAL_Driver/Src/stm32f1xx_hal_pcd.c **** 
 3766              		.loc 1 1807 9 view .LVU1235
 3767 0032 FFF7FEFF 		bl	USB_EPStartXfer
 3768              	.LVL371:
1809:Drivers/STM32F1xx_HAL_Driver/Src/stm32f1xx_hal_pcd.c **** }
 3769              		.loc 1 1809 3 is_stmt 1 view .LVU1236
1810:Drivers/STM32F1xx_HAL_Driver/Src/stm32f1xx_hal_pcd.c **** 
 3770              		.loc 1 1810 1 is_stmt 0 view .LVU1237
 3771 0036 2046     		mov	r0, r4
 3772 0038 10BD     		pop	{r4, pc}
 3773              		.cfi_endproc
 3774              	.LFE89:
 3776              		.section	.text.HAL_PCD_EP_GetRxCount,"ax",%progbits
 3777              		.align	1
 3778              		.global	HAL_PCD_EP_GetRxCount
 3779              		.syntax unified
 3780              		.thumb
 3781              		.thumb_func
 3783              	HAL_PCD_EP_GetRxCount:
 3784              	.LVL372:
 3785              	.LFB90:
1819:Drivers/STM32F1xx_HAL_Driver/Src/stm32f1xx_hal_pcd.c ****   return hpcd->OUT_ep[ep_addr & EP_ADDR_MSK].xfer_count;
 3786              		.loc 1 1819 1 is_stmt 1 view -0
 3787              		.cfi_startproc
 3788              		@ args = 0, pretend = 0, frame = 0
 3789              		@ frame_needed = 0, uses_anonymous_args = 0
 3790              		@ link register save eliminated.
1820:Drivers/STM32F1xx_HAL_Driver/Src/stm32f1xx_hal_pcd.c **** }
 3791              		.loc 1 1820 3 view .LVU1239
ARM GAS  C:\Users\subdia\AppData\Local\Temp\cczK76oD.s 			page 133


1820:Drivers/STM32F1xx_HAL_Driver/Src/stm32f1xx_hal_pcd.c **** }
 3792              		.loc 1 1820 31 is_stmt 0 view .LVU1240
 3793 0000 01F00701 		and	r1, r1, #7
 3794              	.LVL373:
1820:Drivers/STM32F1xx_HAL_Driver/Src/stm32f1xx_hal_pcd.c **** }
 3795              		.loc 1 1820 45 view .LVU1241
 3796 0004 01EB8101 		add	r1, r1, r1, lsl #2
 3797 0008 00EBC100 		add	r0, r0, r1, lsl #3
 3798              	.LVL374:
1821:Drivers/STM32F1xx_HAL_Driver/Src/stm32f1xx_hal_pcd.c **** /**
 3799              		.loc 1 1821 1 view .LVU1242
 3800 000c D0F86C01 		ldr	r0, [r0, #364]
 3801 0010 7047     		bx	lr
 3802              		.cfi_endproc
 3803              	.LFE90:
 3805              		.section	.text.HAL_PCD_EP_Transmit,"ax",%progbits
 3806              		.align	1
 3807              		.global	HAL_PCD_EP_Transmit
 3808              		.syntax unified
 3809              		.thumb
 3810              		.thumb_func
 3812              	HAL_PCD_EP_Transmit:
 3813              	.LVL375:
 3814              	.LFB91:
1831:Drivers/STM32F1xx_HAL_Driver/Src/stm32f1xx_hal_pcd.c ****   PCD_EPTypeDef *ep;
 3815              		.loc 1 1831 1 is_stmt 1 view -0
 3816              		.cfi_startproc
 3817              		@ args = 0, pretend = 0, frame = 0
 3818              		@ frame_needed = 0, uses_anonymous_args = 0
1831:Drivers/STM32F1xx_HAL_Driver/Src/stm32f1xx_hal_pcd.c ****   PCD_EPTypeDef *ep;
 3819              		.loc 1 1831 1 is_stmt 0 view .LVU1244
 3820 0000 38B5     		push	{r3, r4, r5, lr}
 3821              	.LCFI22:
 3822              		.cfi_def_cfa_offset 16
 3823              		.cfi_offset 3, -16
 3824              		.cfi_offset 4, -12
 3825              		.cfi_offset 5, -8
 3826              		.cfi_offset 14, -4
1832:Drivers/STM32F1xx_HAL_Driver/Src/stm32f1xx_hal_pcd.c **** 
 3827              		.loc 1 1832 3 is_stmt 1 view .LVU1245
1834:Drivers/STM32F1xx_HAL_Driver/Src/stm32f1xx_hal_pcd.c **** 
 3828              		.loc 1 1834 3 view .LVU1246
 3829 0002 01F0070C 		and	ip, r1, #7
1834:Drivers/STM32F1xx_HAL_Driver/Src/stm32f1xx_hal_pcd.c **** 
 3830              		.loc 1 1834 6 is_stmt 0 view .LVU1247
 3831 0006 0CEB8C01 		add	r1, ip, ip, lsl #2
 3832              	.LVL376:
1834:Drivers/STM32F1xx_HAL_Driver/Src/stm32f1xx_hal_pcd.c **** 
 3833              		.loc 1 1834 6 view .LVU1248
 3834 000a C900     		lsls	r1, r1, #3
 3835 000c 1031     		adds	r1, r1, #16
 3836              	.LVL377:
1837:Drivers/STM32F1xx_HAL_Driver/Src/stm32f1xx_hal_pcd.c ****   ep->xfer_len = len;
 3837              		.loc 1 1837 3 is_stmt 1 view .LVU1249
1837:Drivers/STM32F1xx_HAL_Driver/Src/stm32f1xx_hal_pcd.c ****   ep->xfer_len = len;
 3838              		.loc 1 1837 17 is_stmt 0 view .LVU1250
 3839 000e 0CEB8C0E 		add	lr, ip, ip, lsl #2
ARM GAS  C:\Users\subdia\AppData\Local\Temp\cczK76oD.s 			page 134


 3840 0012 00EBCE0E 		add	lr, r0, lr, lsl #3
 3841 0016 CEF82420 		str	r2, [lr, #36]
1838:Drivers/STM32F1xx_HAL_Driver/Src/stm32f1xx_hal_pcd.c **** #if defined (USB)
 3842              		.loc 1 1838 3 is_stmt 1 view .LVU1251
1838:Drivers/STM32F1xx_HAL_Driver/Src/stm32f1xx_hal_pcd.c **** #if defined (USB)
 3843              		.loc 1 1838 16 is_stmt 0 view .LVU1252
 3844 001a 0CF10102 		add	r2, ip, #1
 3845              	.LVL378:
1838:Drivers/STM32F1xx_HAL_Driver/Src/stm32f1xx_hal_pcd.c **** #if defined (USB)
 3846              		.loc 1 1838 16 view .LVU1253
 3847 001e 02EB8204 		add	r4, r2, r2, lsl #2
 3848 0022 40F83430 		str	r3, [r0, r4, lsl #3]
 3849              	.LVL379:
1840:Drivers/STM32F1xx_HAL_Driver/Src/stm32f1xx_hal_pcd.c ****   ep->xfer_len_db = len;
 3850              		.loc 1 1840 3 is_stmt 1 view .LVU1254
1840:Drivers/STM32F1xx_HAL_Driver/Src/stm32f1xx_hal_pcd.c ****   ep->xfer_len_db = len;
 3851              		.loc 1 1840 20 is_stmt 0 view .LVU1255
 3852 0026 0125     		movs	r5, #1
 3853 0028 8EF83450 		strb	r5, [lr, #52]
1841:Drivers/STM32F1xx_HAL_Driver/Src/stm32f1xx_hal_pcd.c **** #endif /* defined (USB) */
 3854              		.loc 1 1841 3 is_stmt 1 view .LVU1256
1841:Drivers/STM32F1xx_HAL_Driver/Src/stm32f1xx_hal_pcd.c **** #endif /* defined (USB) */
 3855              		.loc 1 1841 19 is_stmt 0 view .LVU1257
 3856 002c CEF83030 		str	r3, [lr, #48]
1843:Drivers/STM32F1xx_HAL_Driver/Src/stm32f1xx_hal_pcd.c ****   ep->is_in = 1U;
 3857              		.loc 1 1843 3 is_stmt 1 view .LVU1258
1843:Drivers/STM32F1xx_HAL_Driver/Src/stm32f1xx_hal_pcd.c ****   ep->is_in = 1U;
 3858              		.loc 1 1843 18 is_stmt 0 view .LVU1259
 3859 0030 00EBC402 		add	r2, r0, r4, lsl #3
 3860 0034 0024     		movs	r4, #0
 3861 0036 5460     		str	r4, [r2, #4]
1844:Drivers/STM32F1xx_HAL_Driver/Src/stm32f1xx_hal_pcd.c ****   ep->num = ep_addr & EP_ADDR_MSK;
 3862              		.loc 1 1844 3 is_stmt 1 view .LVU1260
1844:Drivers/STM32F1xx_HAL_Driver/Src/stm32f1xx_hal_pcd.c ****   ep->num = ep_addr & EP_ADDR_MSK;
 3863              		.loc 1 1844 13 is_stmt 0 view .LVU1261
 3864 0038 8EF81150 		strb	r5, [lr, #17]
1845:Drivers/STM32F1xx_HAL_Driver/Src/stm32f1xx_hal_pcd.c **** 
 3865              		.loc 1 1845 3 is_stmt 1 view .LVU1262
1845:Drivers/STM32F1xx_HAL_Driver/Src/stm32f1xx_hal_pcd.c **** 
 3866              		.loc 1 1845 11 is_stmt 0 view .LVU1263
 3867 003c 8EF810C0 		strb	ip, [lr, #16]
1847:Drivers/STM32F1xx_HAL_Driver/Src/stm32f1xx_hal_pcd.c **** 
 3868              		.loc 1 1847 3 is_stmt 1 view .LVU1264
1847:Drivers/STM32F1xx_HAL_Driver/Src/stm32f1xx_hal_pcd.c **** 
 3869              		.loc 1 1847 9 is_stmt 0 view .LVU1265
 3870 0040 0144     		add	r1, r1, r0
 3871              	.LVL380:
1847:Drivers/STM32F1xx_HAL_Driver/Src/stm32f1xx_hal_pcd.c **** 
 3872              		.loc 1 1847 9 view .LVU1266
 3873 0042 0068     		ldr	r0, [r0]
 3874              	.LVL381:
1847:Drivers/STM32F1xx_HAL_Driver/Src/stm32f1xx_hal_pcd.c **** 
 3875              		.loc 1 1847 9 view .LVU1267
 3876 0044 FFF7FEFF 		bl	USB_EPStartXfer
 3877              	.LVL382:
1849:Drivers/STM32F1xx_HAL_Driver/Src/stm32f1xx_hal_pcd.c **** }
 3878              		.loc 1 1849 3 is_stmt 1 view .LVU1268
ARM GAS  C:\Users\subdia\AppData\Local\Temp\cczK76oD.s 			page 135


1850:Drivers/STM32F1xx_HAL_Driver/Src/stm32f1xx_hal_pcd.c **** 
 3879              		.loc 1 1850 1 is_stmt 0 view .LVU1269
 3880 0048 2046     		mov	r0, r4
 3881 004a 38BD     		pop	{r3, r4, r5, pc}
 3882              		.cfi_endproc
 3883              	.LFE91:
 3885              		.section	.text.HAL_PCD_EP_SetStall,"ax",%progbits
 3886              		.align	1
 3887              		.global	HAL_PCD_EP_SetStall
 3888              		.syntax unified
 3889              		.thumb
 3890              		.thumb_func
 3892              	HAL_PCD_EP_SetStall:
 3893              	.LVL383:
 3894              	.LFB92:
1859:Drivers/STM32F1xx_HAL_Driver/Src/stm32f1xx_hal_pcd.c ****   PCD_EPTypeDef *ep;
 3895              		.loc 1 1859 1 is_stmt 1 view -0
 3896              		.cfi_startproc
 3897              		@ args = 0, pretend = 0, frame = 0
 3898              		@ frame_needed = 0, uses_anonymous_args = 0
1859:Drivers/STM32F1xx_HAL_Driver/Src/stm32f1xx_hal_pcd.c ****   PCD_EPTypeDef *ep;
 3899              		.loc 1 1859 1 is_stmt 0 view .LVU1271
 3900 0000 38B5     		push	{r3, r4, r5, lr}
 3901              	.LCFI23:
 3902              		.cfi_def_cfa_offset 16
 3903              		.cfi_offset 3, -16
 3904              		.cfi_offset 4, -12
 3905              		.cfi_offset 5, -8
 3906              		.cfi_offset 14, -4
1860:Drivers/STM32F1xx_HAL_Driver/Src/stm32f1xx_hal_pcd.c **** 
 3907              		.loc 1 1860 3 is_stmt 1 view .LVU1272
1862:Drivers/STM32F1xx_HAL_Driver/Src/stm32f1xx_hal_pcd.c ****   {
 3908              		.loc 1 1862 3 view .LVU1273
 3909 0002 01F00705 		and	r5, r1, #7
1862:Drivers/STM32F1xx_HAL_Driver/Src/stm32f1xx_hal_pcd.c ****   {
 3910              		.loc 1 1862 53 is_stmt 0 view .LVU1274
 3911 0006 0279     		ldrb	r2, [r0, #4]	@ zero_extendqisi2
1862:Drivers/STM32F1xx_HAL_Driver/Src/stm32f1xx_hal_pcd.c ****   {
 3912              		.loc 1 1862 6 view .LVU1275
 3913 0008 AA42     		cmp	r2, r5
 3914 000a 35D3     		bcc	.L216
 3915 000c 0446     		mov	r4, r0
 3916 000e 0B46     		mov	r3, r1
1867:Drivers/STM32F1xx_HAL_Driver/Src/stm32f1xx_hal_pcd.c ****   {
 3917              		.loc 1 1867 3 is_stmt 1 view .LVU1276
1867:Drivers/STM32F1xx_HAL_Driver/Src/stm32f1xx_hal_pcd.c ****   {
 3918              		.loc 1 1867 6 is_stmt 0 view .LVU1277
 3919 0010 11F0800F 		tst	r1, #128
 3920 0014 1ED1     		bne	.L219
1874:Drivers/STM32F1xx_HAL_Driver/Src/stm32f1xx_hal_pcd.c ****     ep->is_in = 0U;
 3921              		.loc 1 1874 5 is_stmt 1 view .LVU1278
1874:Drivers/STM32F1xx_HAL_Driver/Src/stm32f1xx_hal_pcd.c ****     ep->is_in = 0U;
 3922              		.loc 1 1874 8 is_stmt 0 view .LVU1279
 3923 0016 01EB8101 		add	r1, r1, r1, lsl #2
 3924              	.LVL384:
1874:Drivers/STM32F1xx_HAL_Driver/Src/stm32f1xx_hal_pcd.c ****     ep->is_in = 0U;
 3925              		.loc 1 1874 8 view .LVU1280
ARM GAS  C:\Users\subdia\AppData\Local\Temp\cczK76oD.s 			page 136


 3926 001a C900     		lsls	r1, r1, #3
 3927 001c 01F5A871 		add	r1, r1, #336
 3928 0020 0144     		add	r1, r1, r0
 3929              	.LVL385:
1875:Drivers/STM32F1xx_HAL_Driver/Src/stm32f1xx_hal_pcd.c ****   }
 3930              		.loc 1 1875 5 is_stmt 1 view .LVU1281
1875:Drivers/STM32F1xx_HAL_Driver/Src/stm32f1xx_hal_pcd.c ****   }
 3931              		.loc 1 1875 15 is_stmt 0 view .LVU1282
 3932 0022 03EB8303 		add	r3, r3, r3, lsl #2
 3933              	.LVL386:
1875:Drivers/STM32F1xx_HAL_Driver/Src/stm32f1xx_hal_pcd.c ****   }
 3934              		.loc 1 1875 15 view .LVU1283
 3935 0026 00EBC303 		add	r3, r0, r3, lsl #3
 3936 002a 0022     		movs	r2, #0
 3937 002c 83F85121 		strb	r2, [r3, #337]
 3938              	.L214:
1878:Drivers/STM32F1xx_HAL_Driver/Src/stm32f1xx_hal_pcd.c ****   ep->num = ep_addr & EP_ADDR_MSK;
 3939              		.loc 1 1878 3 is_stmt 1 view .LVU1284
1878:Drivers/STM32F1xx_HAL_Driver/Src/stm32f1xx_hal_pcd.c ****   ep->num = ep_addr & EP_ADDR_MSK;
 3940              		.loc 1 1878 16 is_stmt 0 view .LVU1285
 3941 0030 0123     		movs	r3, #1
 3942 0032 8B70     		strb	r3, [r1, #2]
1879:Drivers/STM32F1xx_HAL_Driver/Src/stm32f1xx_hal_pcd.c **** 
 3943              		.loc 1 1879 3 is_stmt 1 view .LVU1286
1879:Drivers/STM32F1xx_HAL_Driver/Src/stm32f1xx_hal_pcd.c **** 
 3944              		.loc 1 1879 11 is_stmt 0 view .LVU1287
 3945 0034 0D70     		strb	r5, [r1]
1881:Drivers/STM32F1xx_HAL_Driver/Src/stm32f1xx_hal_pcd.c **** 
 3946              		.loc 1 1881 3 is_stmt 1 view .LVU1288
1881:Drivers/STM32F1xx_HAL_Driver/Src/stm32f1xx_hal_pcd.c **** 
 3947              		.loc 1 1881 3 view .LVU1289
 3948 0036 94F89032 		ldrb	r3, [r4, #656]	@ zero_extendqisi2
 3949 003a 012B     		cmp	r3, #1
 3950 003c 1ED0     		beq	.L217
1881:Drivers/STM32F1xx_HAL_Driver/Src/stm32f1xx_hal_pcd.c **** 
 3951              		.loc 1 1881 3 discriminator 2 view .LVU1290
 3952 003e 0123     		movs	r3, #1
 3953 0040 84F89032 		strb	r3, [r4, #656]
1881:Drivers/STM32F1xx_HAL_Driver/Src/stm32f1xx_hal_pcd.c **** 
 3954              		.loc 1 1881 3 view .LVU1291
1883:Drivers/STM32F1xx_HAL_Driver/Src/stm32f1xx_hal_pcd.c **** 
 3955              		.loc 1 1883 3 view .LVU1292
1883:Drivers/STM32F1xx_HAL_Driver/Src/stm32f1xx_hal_pcd.c **** 
 3956              		.loc 1 1883 9 is_stmt 0 view .LVU1293
 3957 0044 2068     		ldr	r0, [r4]
 3958              	.LVL387:
1883:Drivers/STM32F1xx_HAL_Driver/Src/stm32f1xx_hal_pcd.c **** 
 3959              		.loc 1 1883 9 view .LVU1294
 3960 0046 FFF7FEFF 		bl	USB_EPSetStall
 3961              	.LVL388:
1885:Drivers/STM32F1xx_HAL_Driver/Src/stm32f1xx_hal_pcd.c ****   {
 3962              		.loc 1 1885 3 is_stmt 1 view .LVU1295
1885:Drivers/STM32F1xx_HAL_Driver/Src/stm32f1xx_hal_pcd.c ****   {
 3963              		.loc 1 1885 6 is_stmt 0 view .LVU1296
 3964 004a 7DB1     		cbz	r5, .L220
 3965              	.L215:
1890:Drivers/STM32F1xx_HAL_Driver/Src/stm32f1xx_hal_pcd.c **** 
ARM GAS  C:\Users\subdia\AppData\Local\Temp\cczK76oD.s 			page 137


 3966              		.loc 1 1890 3 is_stmt 1 view .LVU1297
1890:Drivers/STM32F1xx_HAL_Driver/Src/stm32f1xx_hal_pcd.c **** 
 3967              		.loc 1 1890 3 view .LVU1298
 3968 004c 0020     		movs	r0, #0
 3969 004e 84F89002 		strb	r0, [r4, #656]
1890:Drivers/STM32F1xx_HAL_Driver/Src/stm32f1xx_hal_pcd.c **** 
 3970              		.loc 1 1890 3 view .LVU1299
1892:Drivers/STM32F1xx_HAL_Driver/Src/stm32f1xx_hal_pcd.c **** }
 3971              		.loc 1 1892 3 view .LVU1300
 3972              	.LVL389:
 3973              	.L212:
1893:Drivers/STM32F1xx_HAL_Driver/Src/stm32f1xx_hal_pcd.c **** 
 3974              		.loc 1 1893 1 is_stmt 0 view .LVU1301
 3975 0052 38BD     		pop	{r3, r4, r5, pc}
 3976              	.LVL390:
 3977              	.L219:
1869:Drivers/STM32F1xx_HAL_Driver/Src/stm32f1xx_hal_pcd.c ****     ep->is_in = 1U;
 3978              		.loc 1 1869 5 is_stmt 1 view .LVU1302
1869:Drivers/STM32F1xx_HAL_Driver/Src/stm32f1xx_hal_pcd.c ****     ep->is_in = 1U;
 3979              		.loc 1 1869 8 is_stmt 0 view .LVU1303
 3980 0054 05EB8501 		add	r1, r5, r5, lsl #2
 3981              	.LVL391:
1869:Drivers/STM32F1xx_HAL_Driver/Src/stm32f1xx_hal_pcd.c ****     ep->is_in = 1U;
 3982              		.loc 1 1869 8 view .LVU1304
 3983 0058 C900     		lsls	r1, r1, #3
 3984 005a 1031     		adds	r1, r1, #16
 3985 005c 0144     		add	r1, r1, r0
 3986              	.LVL392:
1870:Drivers/STM32F1xx_HAL_Driver/Src/stm32f1xx_hal_pcd.c ****   }
 3987              		.loc 1 1870 5 is_stmt 1 view .LVU1305
1870:Drivers/STM32F1xx_HAL_Driver/Src/stm32f1xx_hal_pcd.c ****   }
 3988              		.loc 1 1870 15 is_stmt 0 view .LVU1306
 3989 005e 05EB8503 		add	r3, r5, r5, lsl #2
 3990              	.LVL393:
1870:Drivers/STM32F1xx_HAL_Driver/Src/stm32f1xx_hal_pcd.c ****   }
 3991              		.loc 1 1870 15 view .LVU1307
 3992 0062 00EBC303 		add	r3, r0, r3, lsl #3
 3993 0066 0122     		movs	r2, #1
 3994 0068 5A74     		strb	r2, [r3, #17]
 3995 006a E1E7     		b	.L214
 3996              	.LVL394:
 3997              	.L220:
1887:Drivers/STM32F1xx_HAL_Driver/Src/stm32f1xx_hal_pcd.c ****   }
 3998              		.loc 1 1887 5 is_stmt 1 view .LVU1308
1887:Drivers/STM32F1xx_HAL_Driver/Src/stm32f1xx_hal_pcd.c ****   }
 3999              		.loc 1 1887 11 is_stmt 0 view .LVU1309
 4000 006c 04F52671 		add	r1, r4, #664
 4001 0070 2068     		ldr	r0, [r4]
 4002 0072 FFF7FEFF 		bl	USB_EP0_OutStart
 4003              	.LVL395:
 4004 0076 E9E7     		b	.L215
 4005              	.LVL396:
 4006              	.L216:
1864:Drivers/STM32F1xx_HAL_Driver/Src/stm32f1xx_hal_pcd.c ****   }
 4007              		.loc 1 1864 12 view .LVU1310
 4008 0078 0120     		movs	r0, #1
 4009              	.LVL397:
ARM GAS  C:\Users\subdia\AppData\Local\Temp\cczK76oD.s 			page 138


1864:Drivers/STM32F1xx_HAL_Driver/Src/stm32f1xx_hal_pcd.c ****   }
 4010              		.loc 1 1864 12 view .LVU1311
 4011 007a EAE7     		b	.L212
 4012              	.LVL398:
 4013              	.L217:
1881:Drivers/STM32F1xx_HAL_Driver/Src/stm32f1xx_hal_pcd.c **** 
 4014              		.loc 1 1881 3 discriminator 1 view .LVU1312
 4015 007c 0220     		movs	r0, #2
 4016              	.LVL399:
1881:Drivers/STM32F1xx_HAL_Driver/Src/stm32f1xx_hal_pcd.c **** 
 4017              		.loc 1 1881 3 discriminator 1 view .LVU1313
 4018 007e E8E7     		b	.L212
 4019              		.cfi_endproc
 4020              	.LFE92:
 4022              		.section	.text.HAL_PCD_EP_ClrStall,"ax",%progbits
 4023              		.align	1
 4024              		.global	HAL_PCD_EP_ClrStall
 4025              		.syntax unified
 4026              		.thumb
 4027              		.thumb_func
 4029              	HAL_PCD_EP_ClrStall:
 4030              	.LVL400:
 4031              	.LFB93:
1902:Drivers/STM32F1xx_HAL_Driver/Src/stm32f1xx_hal_pcd.c ****   PCD_EPTypeDef *ep;
 4032              		.loc 1 1902 1 is_stmt 1 view -0
 4033              		.cfi_startproc
 4034              		@ args = 0, pretend = 0, frame = 0
 4035              		@ frame_needed = 0, uses_anonymous_args = 0
1902:Drivers/STM32F1xx_HAL_Driver/Src/stm32f1xx_hal_pcd.c ****   PCD_EPTypeDef *ep;
 4036              		.loc 1 1902 1 is_stmt 0 view .LVU1315
 4037 0000 0B46     		mov	r3, r1
1903:Drivers/STM32F1xx_HAL_Driver/Src/stm32f1xx_hal_pcd.c **** 
 4038              		.loc 1 1903 3 is_stmt 1 view .LVU1316
1905:Drivers/STM32F1xx_HAL_Driver/Src/stm32f1xx_hal_pcd.c ****   {
 4039              		.loc 1 1905 3 view .LVU1317
1905:Drivers/STM32F1xx_HAL_Driver/Src/stm32f1xx_hal_pcd.c ****   {
 4040              		.loc 1 1905 47 is_stmt 0 view .LVU1318
 4041 0002 0179     		ldrb	r1, [r0, #4]	@ zero_extendqisi2
 4042              	.LVL401:
1905:Drivers/STM32F1xx_HAL_Driver/Src/stm32f1xx_hal_pcd.c ****   {
 4043              		.loc 1 1905 6 view .LVU1319
 4044 0004 03F00F02 		and	r2, r3, #15
 4045 0008 9142     		cmp	r1, r2
 4046 000a 34D3     		bcc	.L225
1902:Drivers/STM32F1xx_HAL_Driver/Src/stm32f1xx_hal_pcd.c ****   PCD_EPTypeDef *ep;
 4047              		.loc 1 1902 1 view .LVU1320
 4048 000c 10B5     		push	{r4, lr}
 4049              	.LCFI24:
 4050              		.cfi_def_cfa_offset 8
 4051              		.cfi_offset 4, -8
 4052              		.cfi_offset 14, -4
 4053 000e 0446     		mov	r4, r0
1910:Drivers/STM32F1xx_HAL_Driver/Src/stm32f1xx_hal_pcd.c ****   {
 4054              		.loc 1 1910 3 is_stmt 1 view .LVU1321
1910:Drivers/STM32F1xx_HAL_Driver/Src/stm32f1xx_hal_pcd.c ****   {
 4055              		.loc 1 1910 6 is_stmt 0 view .LVU1322
 4056 0010 13F0800F 		tst	r3, #128
ARM GAS  C:\Users\subdia\AppData\Local\Temp\cczK76oD.s 			page 139


 4057 0014 21D1     		bne	.L231
1917:Drivers/STM32F1xx_HAL_Driver/Src/stm32f1xx_hal_pcd.c ****     ep->is_in = 0U;
 4058              		.loc 1 1917 5 is_stmt 1 view .LVU1323
1917:Drivers/STM32F1xx_HAL_Driver/Src/stm32f1xx_hal_pcd.c ****     ep->is_in = 0U;
 4059              		.loc 1 1917 32 is_stmt 0 view .LVU1324
 4060 0016 03F00702 		and	r2, r3, #7
1917:Drivers/STM32F1xx_HAL_Driver/Src/stm32f1xx_hal_pcd.c ****     ep->is_in = 0U;
 4061              		.loc 1 1917 8 view .LVU1325
 4062 001a 02EB8201 		add	r1, r2, r2, lsl #2
 4063 001e C900     		lsls	r1, r1, #3
 4064 0020 01F5A871 		add	r1, r1, #336
 4065 0024 0144     		add	r1, r1, r0
 4066              	.LVL402:
1918:Drivers/STM32F1xx_HAL_Driver/Src/stm32f1xx_hal_pcd.c ****   }
 4067              		.loc 1 1918 5 is_stmt 1 view .LVU1326
1918:Drivers/STM32F1xx_HAL_Driver/Src/stm32f1xx_hal_pcd.c ****   }
 4068              		.loc 1 1918 15 is_stmt 0 view .LVU1327
 4069 0026 02EB8202 		add	r2, r2, r2, lsl #2
 4070 002a 00EBC202 		add	r2, r0, r2, lsl #3
 4071 002e 0020     		movs	r0, #0
 4072              	.LVL403:
1918:Drivers/STM32F1xx_HAL_Driver/Src/stm32f1xx_hal_pcd.c ****   }
 4073              		.loc 1 1918 15 view .LVU1328
 4074 0030 82F85101 		strb	r0, [r2, #337]
 4075              	.L224:
1921:Drivers/STM32F1xx_HAL_Driver/Src/stm32f1xx_hal_pcd.c ****   ep->num = ep_addr & EP_ADDR_MSK;
 4076              		.loc 1 1921 3 is_stmt 1 view .LVU1329
1921:Drivers/STM32F1xx_HAL_Driver/Src/stm32f1xx_hal_pcd.c ****   ep->num = ep_addr & EP_ADDR_MSK;
 4077              		.loc 1 1921 16 is_stmt 0 view .LVU1330
 4078 0034 0022     		movs	r2, #0
 4079 0036 8A70     		strb	r2, [r1, #2]
1922:Drivers/STM32F1xx_HAL_Driver/Src/stm32f1xx_hal_pcd.c **** 
 4080              		.loc 1 1922 3 is_stmt 1 view .LVU1331
1922:Drivers/STM32F1xx_HAL_Driver/Src/stm32f1xx_hal_pcd.c **** 
 4081              		.loc 1 1922 21 is_stmt 0 view .LVU1332
 4082 0038 03F00703 		and	r3, r3, #7
 4083              	.LVL404:
1922:Drivers/STM32F1xx_HAL_Driver/Src/stm32f1xx_hal_pcd.c **** 
 4084              		.loc 1 1922 11 view .LVU1333
 4085 003c 0B70     		strb	r3, [r1]
1924:Drivers/STM32F1xx_HAL_Driver/Src/stm32f1xx_hal_pcd.c ****   (void)USB_EPClearStall(hpcd->Instance, ep);
 4086              		.loc 1 1924 3 is_stmt 1 view .LVU1334
1924:Drivers/STM32F1xx_HAL_Driver/Src/stm32f1xx_hal_pcd.c ****   (void)USB_EPClearStall(hpcd->Instance, ep);
 4087              		.loc 1 1924 3 view .LVU1335
 4088 003e 94F89032 		ldrb	r3, [r4, #656]	@ zero_extendqisi2
 4089 0042 012B     		cmp	r3, #1
 4090 0044 19D0     		beq	.L226
1924:Drivers/STM32F1xx_HAL_Driver/Src/stm32f1xx_hal_pcd.c ****   (void)USB_EPClearStall(hpcd->Instance, ep);
 4091              		.loc 1 1924 3 discriminator 2 view .LVU1336
 4092 0046 0123     		movs	r3, #1
 4093 0048 84F89032 		strb	r3, [r4, #656]
1924:Drivers/STM32F1xx_HAL_Driver/Src/stm32f1xx_hal_pcd.c ****   (void)USB_EPClearStall(hpcd->Instance, ep);
 4094              		.loc 1 1924 3 view .LVU1337
1925:Drivers/STM32F1xx_HAL_Driver/Src/stm32f1xx_hal_pcd.c ****   __HAL_UNLOCK(hpcd);
 4095              		.loc 1 1925 3 view .LVU1338
1925:Drivers/STM32F1xx_HAL_Driver/Src/stm32f1xx_hal_pcd.c ****   __HAL_UNLOCK(hpcd);
 4096              		.loc 1 1925 9 is_stmt 0 view .LVU1339
ARM GAS  C:\Users\subdia\AppData\Local\Temp\cczK76oD.s 			page 140


 4097 004c 2068     		ldr	r0, [r4]
 4098 004e FFF7FEFF 		bl	USB_EPClearStall
 4099              	.LVL405:
1926:Drivers/STM32F1xx_HAL_Driver/Src/stm32f1xx_hal_pcd.c **** 
 4100              		.loc 1 1926 3 is_stmt 1 view .LVU1340
1926:Drivers/STM32F1xx_HAL_Driver/Src/stm32f1xx_hal_pcd.c **** 
 4101              		.loc 1 1926 3 view .LVU1341
 4102 0052 0020     		movs	r0, #0
 4103 0054 84F89002 		strb	r0, [r4, #656]
1926:Drivers/STM32F1xx_HAL_Driver/Src/stm32f1xx_hal_pcd.c **** 
 4104              		.loc 1 1926 3 view .LVU1342
1928:Drivers/STM32F1xx_HAL_Driver/Src/stm32f1xx_hal_pcd.c **** }
 4105              		.loc 1 1928 3 view .LVU1343
 4106              	.L222:
1929:Drivers/STM32F1xx_HAL_Driver/Src/stm32f1xx_hal_pcd.c **** 
 4107              		.loc 1 1929 1 is_stmt 0 view .LVU1344
 4108 0058 10BD     		pop	{r4, pc}
 4109              	.LVL406:
 4110              	.L231:
1912:Drivers/STM32F1xx_HAL_Driver/Src/stm32f1xx_hal_pcd.c ****     ep->is_in = 1U;
 4111              		.loc 1 1912 5 is_stmt 1 view .LVU1345
1912:Drivers/STM32F1xx_HAL_Driver/Src/stm32f1xx_hal_pcd.c ****     ep->is_in = 1U;
 4112              		.loc 1 1912 31 is_stmt 0 view .LVU1346
 4113 005a 03F00702 		and	r2, r3, #7
1912:Drivers/STM32F1xx_HAL_Driver/Src/stm32f1xx_hal_pcd.c ****     ep->is_in = 1U;
 4114              		.loc 1 1912 8 view .LVU1347
 4115 005e 02EB8201 		add	r1, r2, r2, lsl #2
 4116 0062 C900     		lsls	r1, r1, #3
 4117 0064 1031     		adds	r1, r1, #16
 4118 0066 0144     		add	r1, r1, r0
 4119              	.LVL407:
1913:Drivers/STM32F1xx_HAL_Driver/Src/stm32f1xx_hal_pcd.c ****   }
 4120              		.loc 1 1913 5 is_stmt 1 view .LVU1348
1913:Drivers/STM32F1xx_HAL_Driver/Src/stm32f1xx_hal_pcd.c ****   }
 4121              		.loc 1 1913 15 is_stmt 0 view .LVU1349
 4122 0068 02EB8202 		add	r2, r2, r2, lsl #2
 4123 006c 00EBC202 		add	r2, r0, r2, lsl #3
 4124 0070 0120     		movs	r0, #1
 4125              	.LVL408:
1913:Drivers/STM32F1xx_HAL_Driver/Src/stm32f1xx_hal_pcd.c ****   }
 4126              		.loc 1 1913 15 view .LVU1350
 4127 0072 5074     		strb	r0, [r2, #17]
 4128 0074 DEE7     		b	.L224
 4129              	.LVL409:
 4130              	.L225:
 4131              	.LCFI25:
 4132              		.cfi_def_cfa_offset 0
 4133              		.cfi_restore 4
 4134              		.cfi_restore 14
1907:Drivers/STM32F1xx_HAL_Driver/Src/stm32f1xx_hal_pcd.c ****   }
 4135              		.loc 1 1907 12 view .LVU1351
 4136 0076 0120     		movs	r0, #1
 4137              	.LVL410:
1929:Drivers/STM32F1xx_HAL_Driver/Src/stm32f1xx_hal_pcd.c **** 
 4138              		.loc 1 1929 1 view .LVU1352
 4139 0078 7047     		bx	lr
 4140              	.LVL411:
ARM GAS  C:\Users\subdia\AppData\Local\Temp\cczK76oD.s 			page 141


 4141              	.L226:
 4142              	.LCFI26:
 4143              		.cfi_def_cfa_offset 8
 4144              		.cfi_offset 4, -8
 4145              		.cfi_offset 14, -4
1924:Drivers/STM32F1xx_HAL_Driver/Src/stm32f1xx_hal_pcd.c ****   (void)USB_EPClearStall(hpcd->Instance, ep);
 4146              		.loc 1 1924 3 discriminator 1 view .LVU1353
 4147 007a 0220     		movs	r0, #2
 4148 007c ECE7     		b	.L222
 4149              		.cfi_endproc
 4150              	.LFE93:
 4152              		.section	.text.HAL_PCD_EP_Abort,"ax",%progbits
 4153              		.align	1
 4154              		.global	HAL_PCD_EP_Abort
 4155              		.syntax unified
 4156              		.thumb
 4157              		.thumb_func
 4159              	HAL_PCD_EP_Abort:
 4160              	.LVL412:
 4161              	.LFB94:
1938:Drivers/STM32F1xx_HAL_Driver/Src/stm32f1xx_hal_pcd.c ****   HAL_StatusTypeDef ret;
 4162              		.loc 1 1938 1 is_stmt 1 view -0
 4163              		.cfi_startproc
 4164              		@ args = 0, pretend = 0, frame = 0
 4165              		@ frame_needed = 0, uses_anonymous_args = 0
1938:Drivers/STM32F1xx_HAL_Driver/Src/stm32f1xx_hal_pcd.c ****   HAL_StatusTypeDef ret;
 4166              		.loc 1 1938 1 is_stmt 0 view .LVU1355
 4167 0000 08B5     		push	{r3, lr}
 4168              	.LCFI27:
 4169              		.cfi_def_cfa_offset 8
 4170              		.cfi_offset 3, -8
 4171              		.cfi_offset 14, -4
1939:Drivers/STM32F1xx_HAL_Driver/Src/stm32f1xx_hal_pcd.c ****   PCD_EPTypeDef *ep;
 4172              		.loc 1 1939 3 is_stmt 1 view .LVU1356
1940:Drivers/STM32F1xx_HAL_Driver/Src/stm32f1xx_hal_pcd.c **** 
 4173              		.loc 1 1940 3 view .LVU1357
1942:Drivers/STM32F1xx_HAL_Driver/Src/stm32f1xx_hal_pcd.c ****   {
 4174              		.loc 1 1942 3 view .LVU1358
1942:Drivers/STM32F1xx_HAL_Driver/Src/stm32f1xx_hal_pcd.c ****   {
 4175              		.loc 1 1942 6 is_stmt 0 view .LVU1359
 4176 0002 11F0800F 		tst	r1, #128
 4177 0006 0BD1     		bne	.L236
1948:Drivers/STM32F1xx_HAL_Driver/Src/stm32f1xx_hal_pcd.c ****   }
 4178              		.loc 1 1948 5 is_stmt 1 view .LVU1360
1948:Drivers/STM32F1xx_HAL_Driver/Src/stm32f1xx_hal_pcd.c ****   }
 4179              		.loc 1 1948 32 is_stmt 0 view .LVU1361
 4180 0008 01F00701 		and	r1, r1, #7
 4181              	.LVL413:
1948:Drivers/STM32F1xx_HAL_Driver/Src/stm32f1xx_hal_pcd.c ****   }
 4182              		.loc 1 1948 8 view .LVU1362
 4183 000c 01EB8101 		add	r1, r1, r1, lsl #2
 4184 0010 C900     		lsls	r1, r1, #3
 4185 0012 01F5A871 		add	r1, r1, #336
 4186 0016 0144     		add	r1, r1, r0
 4187              	.L234:
 4188              	.LVL414:
1952:Drivers/STM32F1xx_HAL_Driver/Src/stm32f1xx_hal_pcd.c **** 
ARM GAS  C:\Users\subdia\AppData\Local\Temp\cczK76oD.s 			page 142


 4189              		.loc 1 1952 3 is_stmt 1 view .LVU1363
1952:Drivers/STM32F1xx_HAL_Driver/Src/stm32f1xx_hal_pcd.c **** 
 4190              		.loc 1 1952 9 is_stmt 0 view .LVU1364
 4191 0018 0068     		ldr	r0, [r0]
 4192              	.LVL415:
1952:Drivers/STM32F1xx_HAL_Driver/Src/stm32f1xx_hal_pcd.c **** 
 4193              		.loc 1 1952 9 view .LVU1365
 4194 001a FFF7FEFF 		bl	USB_EPStopXfer
 4195              	.LVL416:
1954:Drivers/STM32F1xx_HAL_Driver/Src/stm32f1xx_hal_pcd.c **** }
 4196              		.loc 1 1954 3 is_stmt 1 view .LVU1366
1955:Drivers/STM32F1xx_HAL_Driver/Src/stm32f1xx_hal_pcd.c **** 
 4197              		.loc 1 1955 1 is_stmt 0 view .LVU1367
 4198 001e 08BD     		pop	{r3, pc}
 4199              	.LVL417:
 4200              	.L236:
1944:Drivers/STM32F1xx_HAL_Driver/Src/stm32f1xx_hal_pcd.c ****   }
 4201              		.loc 1 1944 5 is_stmt 1 view .LVU1368
1944:Drivers/STM32F1xx_HAL_Driver/Src/stm32f1xx_hal_pcd.c ****   }
 4202              		.loc 1 1944 31 is_stmt 0 view .LVU1369
 4203 0020 01F00701 		and	r1, r1, #7
 4204              	.LVL418:
1944:Drivers/STM32F1xx_HAL_Driver/Src/stm32f1xx_hal_pcd.c ****   }
 4205              		.loc 1 1944 8 view .LVU1370
 4206 0024 01EB8101 		add	r1, r1, r1, lsl #2
 4207 0028 C900     		lsls	r1, r1, #3
 4208 002a 1031     		adds	r1, r1, #16
 4209 002c 0144     		add	r1, r1, r0
 4210              	.LVL419:
1944:Drivers/STM32F1xx_HAL_Driver/Src/stm32f1xx_hal_pcd.c ****   }
 4211              		.loc 1 1944 8 view .LVU1371
 4212 002e F3E7     		b	.L234
 4213              		.cfi_endproc
 4214              	.LFE94:
 4216              		.section	.text.HAL_PCD_EP_Flush,"ax",%progbits
 4217              		.align	1
 4218              		.global	HAL_PCD_EP_Flush
 4219              		.syntax unified
 4220              		.thumb
 4221              		.thumb_func
 4223              	HAL_PCD_EP_Flush:
 4224              	.LVL420:
 4225              	.LFB95:
1964:Drivers/STM32F1xx_HAL_Driver/Src/stm32f1xx_hal_pcd.c ****   __HAL_LOCK(hpcd);
 4226              		.loc 1 1964 1 is_stmt 1 view -0
 4227              		.cfi_startproc
 4228              		@ args = 0, pretend = 0, frame = 0
 4229              		@ frame_needed = 0, uses_anonymous_args = 0
1965:Drivers/STM32F1xx_HAL_Driver/Src/stm32f1xx_hal_pcd.c **** 
 4230              		.loc 1 1965 3 view .LVU1373
1965:Drivers/STM32F1xx_HAL_Driver/Src/stm32f1xx_hal_pcd.c **** 
 4231              		.loc 1 1965 3 view .LVU1374
 4232 0000 90F89032 		ldrb	r3, [r0, #656]	@ zero_extendqisi2
 4233 0004 012B     		cmp	r3, #1
 4234 0006 14D0     		beq	.L241
1964:Drivers/STM32F1xx_HAL_Driver/Src/stm32f1xx_hal_pcd.c ****   __HAL_LOCK(hpcd);
 4235              		.loc 1 1964 1 is_stmt 0 view .LVU1375
ARM GAS  C:\Users\subdia\AppData\Local\Temp\cczK76oD.s 			page 143


 4236 0008 10B5     		push	{r4, lr}
 4237              	.LCFI28:
 4238              		.cfi_def_cfa_offset 8
 4239              		.cfi_offset 4, -8
 4240              		.cfi_offset 14, -4
 4241 000a 0446     		mov	r4, r0
1965:Drivers/STM32F1xx_HAL_Driver/Src/stm32f1xx_hal_pcd.c **** 
 4242              		.loc 1 1965 3 is_stmt 1 discriminator 2 view .LVU1376
 4243 000c 0123     		movs	r3, #1
 4244 000e 80F89032 		strb	r3, [r0, #656]
1965:Drivers/STM32F1xx_HAL_Driver/Src/stm32f1xx_hal_pcd.c **** 
 4245              		.loc 1 1965 3 view .LVU1377
1967:Drivers/STM32F1xx_HAL_Driver/Src/stm32f1xx_hal_pcd.c ****   {
 4246              		.loc 1 1967 3 view .LVU1378
1967:Drivers/STM32F1xx_HAL_Driver/Src/stm32f1xx_hal_pcd.c ****   {
 4247              		.loc 1 1967 6 is_stmt 0 view .LVU1379
 4248 0012 11F0800F 		tst	r1, #128
 4249 0016 06D1     		bne	.L246
1973:Drivers/STM32F1xx_HAL_Driver/Src/stm32f1xx_hal_pcd.c ****   }
 4250              		.loc 1 1973 5 is_stmt 1 view .LVU1380
1973:Drivers/STM32F1xx_HAL_Driver/Src/stm32f1xx_hal_pcd.c ****   }
 4251              		.loc 1 1973 11 is_stmt 0 view .LVU1381
 4252 0018 0068     		ldr	r0, [r0]
 4253              	.LVL421:
1973:Drivers/STM32F1xx_HAL_Driver/Src/stm32f1xx_hal_pcd.c ****   }
 4254              		.loc 1 1973 11 view .LVU1382
 4255 001a FFF7FEFF 		bl	USB_FlushRxFifo
 4256              	.LVL422:
 4257              	.L240:
1976:Drivers/STM32F1xx_HAL_Driver/Src/stm32f1xx_hal_pcd.c **** 
 4258              		.loc 1 1976 3 is_stmt 1 view .LVU1383
1976:Drivers/STM32F1xx_HAL_Driver/Src/stm32f1xx_hal_pcd.c **** 
 4259              		.loc 1 1976 3 view .LVU1384
 4260 001e 0020     		movs	r0, #0
 4261 0020 84F89002 		strb	r0, [r4, #656]
1976:Drivers/STM32F1xx_HAL_Driver/Src/stm32f1xx_hal_pcd.c **** 
 4262              		.loc 1 1976 3 view .LVU1385
1978:Drivers/STM32F1xx_HAL_Driver/Src/stm32f1xx_hal_pcd.c **** }
 4263              		.loc 1 1978 3 view .LVU1386
1979:Drivers/STM32F1xx_HAL_Driver/Src/stm32f1xx_hal_pcd.c **** 
 4264              		.loc 1 1979 1 is_stmt 0 view .LVU1387
 4265 0024 10BD     		pop	{r4, pc}
 4266              	.LVL423:
 4267              	.L246:
1969:Drivers/STM32F1xx_HAL_Driver/Src/stm32f1xx_hal_pcd.c ****   }
 4268              		.loc 1 1969 5 is_stmt 1 view .LVU1388
1969:Drivers/STM32F1xx_HAL_Driver/Src/stm32f1xx_hal_pcd.c ****   }
 4269              		.loc 1 1969 11 is_stmt 0 view .LVU1389
 4270 0026 01F00701 		and	r1, r1, #7
 4271              	.LVL424:
1969:Drivers/STM32F1xx_HAL_Driver/Src/stm32f1xx_hal_pcd.c ****   }
 4272              		.loc 1 1969 11 view .LVU1390
 4273 002a 0068     		ldr	r0, [r0]
 4274              	.LVL425:
1969:Drivers/STM32F1xx_HAL_Driver/Src/stm32f1xx_hal_pcd.c ****   }
 4275              		.loc 1 1969 11 view .LVU1391
 4276 002c FFF7FEFF 		bl	USB_FlushTxFifo
ARM GAS  C:\Users\subdia\AppData\Local\Temp\cczK76oD.s 			page 144


 4277              	.LVL426:
 4278 0030 F5E7     		b	.L240
 4279              	.LVL427:
 4280              	.L241:
 4281              	.LCFI29:
 4282              		.cfi_def_cfa_offset 0
 4283              		.cfi_restore 4
 4284              		.cfi_restore 14
1965:Drivers/STM32F1xx_HAL_Driver/Src/stm32f1xx_hal_pcd.c **** 
 4285              		.loc 1 1965 3 discriminator 1 view .LVU1392
 4286 0032 0220     		movs	r0, #2
 4287              	.LVL428:
1979:Drivers/STM32F1xx_HAL_Driver/Src/stm32f1xx_hal_pcd.c **** 
 4288              		.loc 1 1979 1 view .LVU1393
 4289 0034 7047     		bx	lr
 4290              		.cfi_endproc
 4291              	.LFE95:
 4293              		.section	.text.HAL_PCD_ActivateRemoteWakeup,"ax",%progbits
 4294              		.align	1
 4295              		.global	HAL_PCD_ActivateRemoteWakeup
 4296              		.syntax unified
 4297              		.thumb
 4298              		.thumb_func
 4300              	HAL_PCD_ActivateRemoteWakeup:
 4301              	.LVL429:
 4302              	.LFB96:
1987:Drivers/STM32F1xx_HAL_Driver/Src/stm32f1xx_hal_pcd.c ****   return (USB_ActivateRemoteWakeup(hpcd->Instance));
 4303              		.loc 1 1987 1 is_stmt 1 view -0
 4304              		.cfi_startproc
 4305              		@ args = 0, pretend = 0, frame = 0
 4306              		@ frame_needed = 0, uses_anonymous_args = 0
1987:Drivers/STM32F1xx_HAL_Driver/Src/stm32f1xx_hal_pcd.c ****   return (USB_ActivateRemoteWakeup(hpcd->Instance));
 4307              		.loc 1 1987 1 is_stmt 0 view .LVU1395
 4308 0000 08B5     		push	{r3, lr}
 4309              	.LCFI30:
 4310              		.cfi_def_cfa_offset 8
 4311              		.cfi_offset 3, -8
 4312              		.cfi_offset 14, -4
1988:Drivers/STM32F1xx_HAL_Driver/Src/stm32f1xx_hal_pcd.c **** }
 4313              		.loc 1 1988 3 is_stmt 1 view .LVU1396
1988:Drivers/STM32F1xx_HAL_Driver/Src/stm32f1xx_hal_pcd.c **** }
 4314              		.loc 1 1988 11 is_stmt 0 view .LVU1397
 4315 0002 0068     		ldr	r0, [r0]
 4316              	.LVL430:
1988:Drivers/STM32F1xx_HAL_Driver/Src/stm32f1xx_hal_pcd.c **** }
 4317              		.loc 1 1988 11 view .LVU1398
 4318 0004 FFF7FEFF 		bl	USB_ActivateRemoteWakeup
 4319              	.LVL431:
1989:Drivers/STM32F1xx_HAL_Driver/Src/stm32f1xx_hal_pcd.c **** 
 4320              		.loc 1 1989 1 view .LVU1399
 4321 0008 08BD     		pop	{r3, pc}
 4322              		.cfi_endproc
 4323              	.LFE96:
 4325              		.section	.text.HAL_PCD_DeActivateRemoteWakeup,"ax",%progbits
 4326              		.align	1
 4327              		.global	HAL_PCD_DeActivateRemoteWakeup
 4328              		.syntax unified
ARM GAS  C:\Users\subdia\AppData\Local\Temp\cczK76oD.s 			page 145


 4329              		.thumb
 4330              		.thumb_func
 4332              	HAL_PCD_DeActivateRemoteWakeup:
 4333              	.LVL432:
 4334              	.LFB97:
1997:Drivers/STM32F1xx_HAL_Driver/Src/stm32f1xx_hal_pcd.c ****   return (USB_DeActivateRemoteWakeup(hpcd->Instance));
 4335              		.loc 1 1997 1 is_stmt 1 view -0
 4336              		.cfi_startproc
 4337              		@ args = 0, pretend = 0, frame = 0
 4338              		@ frame_needed = 0, uses_anonymous_args = 0
1997:Drivers/STM32F1xx_HAL_Driver/Src/stm32f1xx_hal_pcd.c ****   return (USB_DeActivateRemoteWakeup(hpcd->Instance));
 4339              		.loc 1 1997 1 is_stmt 0 view .LVU1401
 4340 0000 08B5     		push	{r3, lr}
 4341              	.LCFI31:
 4342              		.cfi_def_cfa_offset 8
 4343              		.cfi_offset 3, -8
 4344              		.cfi_offset 14, -4
1998:Drivers/STM32F1xx_HAL_Driver/Src/stm32f1xx_hal_pcd.c **** }
 4345              		.loc 1 1998 3 is_stmt 1 view .LVU1402
1998:Drivers/STM32F1xx_HAL_Driver/Src/stm32f1xx_hal_pcd.c **** }
 4346              		.loc 1 1998 11 is_stmt 0 view .LVU1403
 4347 0002 0068     		ldr	r0, [r0]
 4348              	.LVL433:
1998:Drivers/STM32F1xx_HAL_Driver/Src/stm32f1xx_hal_pcd.c **** }
 4349              		.loc 1 1998 11 view .LVU1404
 4350 0004 FFF7FEFF 		bl	USB_DeActivateRemoteWakeup
 4351              	.LVL434:
1999:Drivers/STM32F1xx_HAL_Driver/Src/stm32f1xx_hal_pcd.c **** 
 4352              		.loc 1 1999 1 view .LVU1405
 4353 0008 08BD     		pop	{r3, pc}
 4354              		.cfi_endproc
 4355              	.LFE97:
 4357              		.section	.text.HAL_PCD_GetState,"ax",%progbits
 4358              		.align	1
 4359              		.global	HAL_PCD_GetState
 4360              		.syntax unified
 4361              		.thumb
 4362              		.thumb_func
 4364              	HAL_PCD_GetState:
 4365              	.LVL435:
 4366              	.LFB98:
2026:Drivers/STM32F1xx_HAL_Driver/Src/stm32f1xx_hal_pcd.c ****   return hpcd->State;
 4367              		.loc 1 2026 1 is_stmt 1 view -0
 4368              		.cfi_startproc
 4369              		@ args = 0, pretend = 0, frame = 0
 4370              		@ frame_needed = 0, uses_anonymous_args = 0
 4371              		@ link register save eliminated.
2027:Drivers/STM32F1xx_HAL_Driver/Src/stm32f1xx_hal_pcd.c **** }
 4372              		.loc 1 2027 3 view .LVU1407
2027:Drivers/STM32F1xx_HAL_Driver/Src/stm32f1xx_hal_pcd.c **** }
 4373              		.loc 1 2027 14 is_stmt 0 view .LVU1408
 4374 0000 90F89102 		ldrb	r0, [r0, #657]	@ zero_extendqisi2
 4375              	.LVL436:
2028:Drivers/STM32F1xx_HAL_Driver/Src/stm32f1xx_hal_pcd.c **** 
 4376              		.loc 1 2028 1 view .LVU1409
 4377 0004 7047     		bx	lr
 4378              		.cfi_endproc
ARM GAS  C:\Users\subdia\AppData\Local\Temp\cczK76oD.s 			page 146


 4379              	.LFE98:
 4381              		.text
 4382              	.Letext0:
 4383              		.file 2 "C:/GNUArmToolchain/arm-none-eabi-gcc-15.2.1/arm-none-eabi/include/machine/_default_types.
 4384              		.file 3 "C:/GNUArmToolchain/arm-none-eabi-gcc-15.2.1/arm-none-eabi/include/sys/_stdint.h"
 4385              		.file 4 "Drivers/CMSIS/Device/ST/STM32F1xx/Include/stm32f103xb.h"
 4386              		.file 5 "Drivers/STM32F1xx_HAL_Driver/Inc/stm32f1xx_hal_def.h"
 4387              		.file 6 "Drivers/STM32F1xx_HAL_Driver/Inc/stm32f1xx_ll_usb.h"
 4388              		.file 7 "Drivers/STM32F1xx_HAL_Driver/Inc/stm32f1xx_hal_pcd.h"
 4389              		.file 8 "Drivers/STM32F1xx_HAL_Driver/Inc/stm32f1xx_hal_pcd_ex.h"
ARM GAS  C:\Users\subdia\AppData\Local\Temp\cczK76oD.s 			page 147


DEFINED SYMBOLS
                            *ABS*:00000000 stm32f1xx_hal_pcd.c
C:\Users\subdia\AppData\Local\Temp\cczK76oD.s:19     .text.HAL_PCD_EP_DB_Receive:00000000 $t
C:\Users\subdia\AppData\Local\Temp\cczK76oD.s:24     .text.HAL_PCD_EP_DB_Receive:00000000 HAL_PCD_EP_DB_Receive
C:\Users\subdia\AppData\Local\Temp\cczK76oD.s:275    .text.HAL_PCD_MspInit:00000000 $t
C:\Users\subdia\AppData\Local\Temp\cczK76oD.s:281    .text.HAL_PCD_MspInit:00000000 HAL_PCD_MspInit
C:\Users\subdia\AppData\Local\Temp\cczK76oD.s:296    .text.HAL_PCD_Init:00000000 $t
C:\Users\subdia\AppData\Local\Temp\cczK76oD.s:302    .text.HAL_PCD_Init:00000000 HAL_PCD_Init
C:\Users\subdia\AppData\Local\Temp\cczK76oD.s:526    .text.HAL_PCD_MspDeInit:00000000 $t
C:\Users\subdia\AppData\Local\Temp\cczK76oD.s:532    .text.HAL_PCD_MspDeInit:00000000 HAL_PCD_MspDeInit
C:\Users\subdia\AppData\Local\Temp\cczK76oD.s:547    .text.HAL_PCD_DeInit:00000000 $t
C:\Users\subdia\AppData\Local\Temp\cczK76oD.s:553    .text.HAL_PCD_DeInit:00000000 HAL_PCD_DeInit
C:\Users\subdia\AppData\Local\Temp\cczK76oD.s:617    .text.HAL_PCD_Start:00000000 $t
C:\Users\subdia\AppData\Local\Temp\cczK76oD.s:623    .text.HAL_PCD_Start:00000000 HAL_PCD_Start
C:\Users\subdia\AppData\Local\Temp\cczK76oD.s:685    .text.HAL_PCD_Stop:00000000 $t
C:\Users\subdia\AppData\Local\Temp\cczK76oD.s:691    .text.HAL_PCD_Stop:00000000 HAL_PCD_Stop
C:\Users\subdia\AppData\Local\Temp\cczK76oD.s:753    .text.HAL_PCD_WKUP_IRQHandler:00000000 $t
C:\Users\subdia\AppData\Local\Temp\cczK76oD.s:759    .text.HAL_PCD_WKUP_IRQHandler:00000000 HAL_PCD_WKUP_IRQHandler
C:\Users\subdia\AppData\Local\Temp\cczK76oD.s:776    .text.HAL_PCD_WKUP_IRQHandler:0000000c $d
C:\Users\subdia\AppData\Local\Temp\cczK76oD.s:781    .text.HAL_PCD_DataOutStageCallback:00000000 $t
C:\Users\subdia\AppData\Local\Temp\cczK76oD.s:787    .text.HAL_PCD_DataOutStageCallback:00000000 HAL_PCD_DataOutStageCallback
C:\Users\subdia\AppData\Local\Temp\cczK76oD.s:803    .text.HAL_PCD_DataInStageCallback:00000000 $t
C:\Users\subdia\AppData\Local\Temp\cczK76oD.s:809    .text.HAL_PCD_DataInStageCallback:00000000 HAL_PCD_DataInStageCallback
C:\Users\subdia\AppData\Local\Temp\cczK76oD.s:825    .text.HAL_PCD_EP_DB_Transmit:00000000 $t
C:\Users\subdia\AppData\Local\Temp\cczK76oD.s:830    .text.HAL_PCD_EP_DB_Transmit:00000000 HAL_PCD_EP_DB_Transmit
C:\Users\subdia\AppData\Local\Temp\cczK76oD.s:1844   .text.HAL_PCD_SetupStageCallback:00000000 $t
C:\Users\subdia\AppData\Local\Temp\cczK76oD.s:1850   .text.HAL_PCD_SetupStageCallback:00000000 HAL_PCD_SetupStageCallback
C:\Users\subdia\AppData\Local\Temp\cczK76oD.s:1865   .text.PCD_EP_ISR_Handler:00000000 $t
C:\Users\subdia\AppData\Local\Temp\cczK76oD.s:1870   .text.PCD_EP_ISR_Handler:00000000 PCD_EP_ISR_Handler
C:\Users\subdia\AppData\Local\Temp\cczK76oD.s:2819   .text.HAL_PCD_SOFCallback:00000000 $t
C:\Users\subdia\AppData\Local\Temp\cczK76oD.s:2825   .text.HAL_PCD_SOFCallback:00000000 HAL_PCD_SOFCallback
C:\Users\subdia\AppData\Local\Temp\cczK76oD.s:2840   .text.HAL_PCD_ResetCallback:00000000 $t
C:\Users\subdia\AppData\Local\Temp\cczK76oD.s:2846   .text.HAL_PCD_ResetCallback:00000000 HAL_PCD_ResetCallback
C:\Users\subdia\AppData\Local\Temp\cczK76oD.s:2861   .text.HAL_PCD_SuspendCallback:00000000 $t
C:\Users\subdia\AppData\Local\Temp\cczK76oD.s:2867   .text.HAL_PCD_SuspendCallback:00000000 HAL_PCD_SuspendCallback
C:\Users\subdia\AppData\Local\Temp\cczK76oD.s:2882   .text.HAL_PCD_ResumeCallback:00000000 $t
C:\Users\subdia\AppData\Local\Temp\cczK76oD.s:2888   .text.HAL_PCD_ResumeCallback:00000000 HAL_PCD_ResumeCallback
C:\Users\subdia\AppData\Local\Temp\cczK76oD.s:2903   .text.HAL_PCD_ISOOUTIncompleteCallback:00000000 $t
C:\Users\subdia\AppData\Local\Temp\cczK76oD.s:2909   .text.HAL_PCD_ISOOUTIncompleteCallback:00000000 HAL_PCD_ISOOUTIncompleteCallback
C:\Users\subdia\AppData\Local\Temp\cczK76oD.s:2925   .text.HAL_PCD_ISOINIncompleteCallback:00000000 $t
C:\Users\subdia\AppData\Local\Temp\cczK76oD.s:2931   .text.HAL_PCD_ISOINIncompleteCallback:00000000 HAL_PCD_ISOINIncompleteCallback
C:\Users\subdia\AppData\Local\Temp\cczK76oD.s:2947   .text.HAL_PCD_ConnectCallback:00000000 $t
C:\Users\subdia\AppData\Local\Temp\cczK76oD.s:2953   .text.HAL_PCD_ConnectCallback:00000000 HAL_PCD_ConnectCallback
C:\Users\subdia\AppData\Local\Temp\cczK76oD.s:2968   .text.HAL_PCD_DisconnectCallback:00000000 $t
C:\Users\subdia\AppData\Local\Temp\cczK76oD.s:2974   .text.HAL_PCD_DisconnectCallback:00000000 HAL_PCD_DisconnectCallback
C:\Users\subdia\AppData\Local\Temp\cczK76oD.s:2989   .text.HAL_PCD_DevConnect:00000000 $t
C:\Users\subdia\AppData\Local\Temp\cczK76oD.s:2995   .text.HAL_PCD_DevConnect:00000000 HAL_PCD_DevConnect
C:\Users\subdia\AppData\Local\Temp\cczK76oD.s:3049   .text.HAL_PCD_DevDisconnect:00000000 $t
C:\Users\subdia\AppData\Local\Temp\cczK76oD.s:3055   .text.HAL_PCD_DevDisconnect:00000000 HAL_PCD_DevDisconnect
C:\Users\subdia\AppData\Local\Temp\cczK76oD.s:3110   .text.HAL_PCD_SetAddress:00000000 $t
C:\Users\subdia\AppData\Local\Temp\cczK76oD.s:3116   .text.HAL_PCD_SetAddress:00000000 HAL_PCD_SetAddress
C:\Users\subdia\AppData\Local\Temp\cczK76oD.s:3172   .text.HAL_PCD_IRQHandler:00000000 $t
C:\Users\subdia\AppData\Local\Temp\cczK76oD.s:3178   .text.HAL_PCD_IRQHandler:00000000 HAL_PCD_IRQHandler
C:\Users\subdia\AppData\Local\Temp\cczK76oD.s:3489   .text.HAL_PCD_EP_Open:00000000 $t
C:\Users\subdia\AppData\Local\Temp\cczK76oD.s:3495   .text.HAL_PCD_EP_Open:00000000 HAL_PCD_EP_Open
C:\Users\subdia\AppData\Local\Temp\cczK76oD.s:3612   .text.HAL_PCD_EP_Close:00000000 $t
C:\Users\subdia\AppData\Local\Temp\cczK76oD.s:3618   .text.HAL_PCD_EP_Close:00000000 HAL_PCD_EP_Close
ARM GAS  C:\Users\subdia\AppData\Local\Temp\cczK76oD.s 			page 148


C:\Users\subdia\AppData\Local\Temp\cczK76oD.s:3712   .text.HAL_PCD_EP_Receive:00000000 $t
C:\Users\subdia\AppData\Local\Temp\cczK76oD.s:3718   .text.HAL_PCD_EP_Receive:00000000 HAL_PCD_EP_Receive
C:\Users\subdia\AppData\Local\Temp\cczK76oD.s:3777   .text.HAL_PCD_EP_GetRxCount:00000000 $t
C:\Users\subdia\AppData\Local\Temp\cczK76oD.s:3783   .text.HAL_PCD_EP_GetRxCount:00000000 HAL_PCD_EP_GetRxCount
C:\Users\subdia\AppData\Local\Temp\cczK76oD.s:3806   .text.HAL_PCD_EP_Transmit:00000000 $t
C:\Users\subdia\AppData\Local\Temp\cczK76oD.s:3812   .text.HAL_PCD_EP_Transmit:00000000 HAL_PCD_EP_Transmit
C:\Users\subdia\AppData\Local\Temp\cczK76oD.s:3886   .text.HAL_PCD_EP_SetStall:00000000 $t
C:\Users\subdia\AppData\Local\Temp\cczK76oD.s:3892   .text.HAL_PCD_EP_SetStall:00000000 HAL_PCD_EP_SetStall
C:\Users\subdia\AppData\Local\Temp\cczK76oD.s:4023   .text.HAL_PCD_EP_ClrStall:00000000 $t
C:\Users\subdia\AppData\Local\Temp\cczK76oD.s:4029   .text.HAL_PCD_EP_ClrStall:00000000 HAL_PCD_EP_ClrStall
C:\Users\subdia\AppData\Local\Temp\cczK76oD.s:4153   .text.HAL_PCD_EP_Abort:00000000 $t
C:\Users\subdia\AppData\Local\Temp\cczK76oD.s:4159   .text.HAL_PCD_EP_Abort:00000000 HAL_PCD_EP_Abort
C:\Users\subdia\AppData\Local\Temp\cczK76oD.s:4217   .text.HAL_PCD_EP_Flush:00000000 $t
C:\Users\subdia\AppData\Local\Temp\cczK76oD.s:4223   .text.HAL_PCD_EP_Flush:00000000 HAL_PCD_EP_Flush
C:\Users\subdia\AppData\Local\Temp\cczK76oD.s:4294   .text.HAL_PCD_ActivateRemoteWakeup:00000000 $t
C:\Users\subdia\AppData\Local\Temp\cczK76oD.s:4300   .text.HAL_PCD_ActivateRemoteWakeup:00000000 HAL_PCD_ActivateRemoteWakeup
C:\Users\subdia\AppData\Local\Temp\cczK76oD.s:4326   .text.HAL_PCD_DeActivateRemoteWakeup:00000000 $t
C:\Users\subdia\AppData\Local\Temp\cczK76oD.s:4332   .text.HAL_PCD_DeActivateRemoteWakeup:00000000 HAL_PCD_DeActivateRemoteWakeup
C:\Users\subdia\AppData\Local\Temp\cczK76oD.s:4358   .text.HAL_PCD_GetState:00000000 $t
C:\Users\subdia\AppData\Local\Temp\cczK76oD.s:4364   .text.HAL_PCD_GetState:00000000 HAL_PCD_GetState

UNDEFINED SYMBOLS
USB_ReadPMA
USB_DisableGlobalInt
USB_CoreInit
USB_SetCurrentMode
USB_DevInit
USB_DevDisconnect
USB_StopDevice
USB_EnableGlobalInt
HAL_PCDEx_SetConnectionState
USB_DevConnect
USB_WritePMA
USB_EPStartXfer
USB_SetDevAddress
USB_ReadInterrupts
USB_ActivateEndpoint
USB_DeactivateEndpoint
USB_EPSetStall
USB_EP0_OutStart
USB_EPClearStall
USB_EPStopXfer
USB_FlushRxFifo
USB_FlushTxFifo
USB_ActivateRemoteWakeup
USB_DeActivateRemoteWakeup
