ARM GAS  C:\Users\subdia\AppData\Local\Temp\ccZGXZAV.s 			page 1


   1              		.cpu cortex-m3
   2              		.arch armv7-m
   3              		.fpu softvfp
   4              		.eabi_attribute 20, 1
   5              		.eabi_attribute 21, 1
   6              		.eabi_attribute 23, 3
   7              		.eabi_attribute 24, 1
   8              		.eabi_attribute 25, 1
   9              		.eabi_attribute 26, 1
  10              		.eabi_attribute 30, 1
  11              		.eabi_attribute 34, 1
  12              		.eabi_attribute 18, 4
  13              		.file	"stream_buffer.c"
  14              		.text
  15              	.Ltext0:
  16              		.cfi_sections	.debug_frame
  17              		.file 1 "Middlewares/Third_Party/FreeRTOS/Source/stream_buffer.c"
  18              		.section	.text.prvBytesInBuffer,"ax",%progbits
  19              		.align	1
  20              		.syntax unified
  21              		.thumb
  22              		.thumb_func
  24              	prvBytesInBuffer:
  25              	.LVL0:
  26              	.LFB25:
   1:Middlewares/Third_Party/FreeRTOS/Source/stream_buffer.c **** /*
   2:Middlewares/Third_Party/FreeRTOS/Source/stream_buffer.c ****  * FreeRTOS Kernel V10.3.1
   3:Middlewares/Third_Party/FreeRTOS/Source/stream_buffer.c ****  * Copyright (C) 2020 Amazon.com, Inc. or its affiliates.  All Rights Reserved.
   4:Middlewares/Third_Party/FreeRTOS/Source/stream_buffer.c ****  *
   5:Middlewares/Third_Party/FreeRTOS/Source/stream_buffer.c ****  * Permission is hereby granted, free of charge, to any person obtaining a copy of
   6:Middlewares/Third_Party/FreeRTOS/Source/stream_buffer.c ****  * this software and associated documentation files (the "Software"), to deal in
   7:Middlewares/Third_Party/FreeRTOS/Source/stream_buffer.c ****  * the Software without restriction, including without limitation the rights to
   8:Middlewares/Third_Party/FreeRTOS/Source/stream_buffer.c ****  * use, copy, modify, merge, publish, distribute, sublicense, and/or sell copies of
   9:Middlewares/Third_Party/FreeRTOS/Source/stream_buffer.c ****  * the Software, and to permit persons to whom the Software is furnished to do so,
  10:Middlewares/Third_Party/FreeRTOS/Source/stream_buffer.c ****  * subject to the following conditions:
  11:Middlewares/Third_Party/FreeRTOS/Source/stream_buffer.c ****  *
  12:Middlewares/Third_Party/FreeRTOS/Source/stream_buffer.c ****  * The above copyright notice and this permission notice shall be included in all
  13:Middlewares/Third_Party/FreeRTOS/Source/stream_buffer.c ****  * copies or substantial portions of the Software.
  14:Middlewares/Third_Party/FreeRTOS/Source/stream_buffer.c ****  *
  15:Middlewares/Third_Party/FreeRTOS/Source/stream_buffer.c ****  * THE SOFTWARE IS PROVIDED "AS IS", WITHOUT WARRANTY OF ANY KIND, EXPRESS OR
  16:Middlewares/Third_Party/FreeRTOS/Source/stream_buffer.c ****  * IMPLIED, INCLUDING BUT NOT LIMITED TO THE WARRANTIES OF MERCHANTABILITY, FITNESS
  17:Middlewares/Third_Party/FreeRTOS/Source/stream_buffer.c ****  * FOR A PARTICULAR PURPOSE AND NONINFRINGEMENT. IN NO EVENT SHALL THE AUTHORS OR
  18:Middlewares/Third_Party/FreeRTOS/Source/stream_buffer.c ****  * COPYRIGHT HOLDERS BE LIABLE FOR ANY CLAIM, DAMAGES OR OTHER LIABILITY, WHETHER
  19:Middlewares/Third_Party/FreeRTOS/Source/stream_buffer.c ****  * IN AN ACTION OF CONTRACT, TORT OR OTHERWISE, ARISING FROM, OUT OF OR IN
  20:Middlewares/Third_Party/FreeRTOS/Source/stream_buffer.c ****  * CONNECTION WITH THE SOFTWARE OR THE USE OR OTHER DEALINGS IN THE SOFTWARE.
  21:Middlewares/Third_Party/FreeRTOS/Source/stream_buffer.c ****  *
  22:Middlewares/Third_Party/FreeRTOS/Source/stream_buffer.c ****  * http://www.FreeRTOS.org
  23:Middlewares/Third_Party/FreeRTOS/Source/stream_buffer.c ****  * http://aws.amazon.com/freertos
  24:Middlewares/Third_Party/FreeRTOS/Source/stream_buffer.c ****  *
  25:Middlewares/Third_Party/FreeRTOS/Source/stream_buffer.c ****  * 1 tab == 4 spaces!
  26:Middlewares/Third_Party/FreeRTOS/Source/stream_buffer.c ****  */
  27:Middlewares/Third_Party/FreeRTOS/Source/stream_buffer.c **** 
  28:Middlewares/Third_Party/FreeRTOS/Source/stream_buffer.c **** /* Standard includes. */
  29:Middlewares/Third_Party/FreeRTOS/Source/stream_buffer.c **** #include <stdint.h>
  30:Middlewares/Third_Party/FreeRTOS/Source/stream_buffer.c **** #include <string.h>
  31:Middlewares/Third_Party/FreeRTOS/Source/stream_buffer.c **** 
  32:Middlewares/Third_Party/FreeRTOS/Source/stream_buffer.c **** /* Defining MPU_WRAPPERS_INCLUDED_FROM_API_FILE prevents task.h from redefining
ARM GAS  C:\Users\subdia\AppData\Local\Temp\ccZGXZAV.s 			page 2


  33:Middlewares/Third_Party/FreeRTOS/Source/stream_buffer.c **** all the API functions to use the MPU wrappers.  That should only be done when
  34:Middlewares/Third_Party/FreeRTOS/Source/stream_buffer.c **** task.h is included from an application file. */
  35:Middlewares/Third_Party/FreeRTOS/Source/stream_buffer.c **** #define MPU_WRAPPERS_INCLUDED_FROM_API_FILE
  36:Middlewares/Third_Party/FreeRTOS/Source/stream_buffer.c **** 
  37:Middlewares/Third_Party/FreeRTOS/Source/stream_buffer.c **** /* FreeRTOS includes. */
  38:Middlewares/Third_Party/FreeRTOS/Source/stream_buffer.c **** #include "FreeRTOS.h"
  39:Middlewares/Third_Party/FreeRTOS/Source/stream_buffer.c **** #include "task.h"
  40:Middlewares/Third_Party/FreeRTOS/Source/stream_buffer.c **** #include "stream_buffer.h"
  41:Middlewares/Third_Party/FreeRTOS/Source/stream_buffer.c **** 
  42:Middlewares/Third_Party/FreeRTOS/Source/stream_buffer.c **** #if( configUSE_TASK_NOTIFICATIONS != 1 )
  43:Middlewares/Third_Party/FreeRTOS/Source/stream_buffer.c **** 	#error configUSE_TASK_NOTIFICATIONS must be set to 1 to build stream_buffer.c
  44:Middlewares/Third_Party/FreeRTOS/Source/stream_buffer.c **** #endif
  45:Middlewares/Third_Party/FreeRTOS/Source/stream_buffer.c **** 
  46:Middlewares/Third_Party/FreeRTOS/Source/stream_buffer.c **** /* Lint e961, e9021 and e750 are suppressed as a MISRA exception justified
  47:Middlewares/Third_Party/FreeRTOS/Source/stream_buffer.c **** because the MPU ports require MPU_WRAPPERS_INCLUDED_FROM_API_FILE to be defined
  48:Middlewares/Third_Party/FreeRTOS/Source/stream_buffer.c **** for the header files above, but not in this file, in order to generate the
  49:Middlewares/Third_Party/FreeRTOS/Source/stream_buffer.c **** correct privileged Vs unprivileged linkage and placement. */
  50:Middlewares/Third_Party/FreeRTOS/Source/stream_buffer.c **** #undef MPU_WRAPPERS_INCLUDED_FROM_API_FILE /*lint !e961 !e750 !e9021. */
  51:Middlewares/Third_Party/FreeRTOS/Source/stream_buffer.c **** 
  52:Middlewares/Third_Party/FreeRTOS/Source/stream_buffer.c **** /* If the user has not provided application specific Rx notification macros,
  53:Middlewares/Third_Party/FreeRTOS/Source/stream_buffer.c **** or #defined the notification macros away, them provide default implementations
  54:Middlewares/Third_Party/FreeRTOS/Source/stream_buffer.c **** that uses task notifications. */
  55:Middlewares/Third_Party/FreeRTOS/Source/stream_buffer.c **** /*lint -save -e9026 Function like macros allowed and needed here so they can be overidden. */
  56:Middlewares/Third_Party/FreeRTOS/Source/stream_buffer.c **** #ifndef sbRECEIVE_COMPLETED
  57:Middlewares/Third_Party/FreeRTOS/Source/stream_buffer.c **** 	#define sbRECEIVE_COMPLETED( pxStreamBuffer )										\
  58:Middlewares/Third_Party/FreeRTOS/Source/stream_buffer.c **** 		vTaskSuspendAll();																\
  59:Middlewares/Third_Party/FreeRTOS/Source/stream_buffer.c **** 		{																				\
  60:Middlewares/Third_Party/FreeRTOS/Source/stream_buffer.c **** 			if( ( pxStreamBuffer )->xTaskWaitingToSend != NULL )						\
  61:Middlewares/Third_Party/FreeRTOS/Source/stream_buffer.c **** 			{																			\
  62:Middlewares/Third_Party/FreeRTOS/Source/stream_buffer.c **** 				( void ) xTaskNotify( ( pxStreamBuffer )->xTaskWaitingToSend,			\
  63:Middlewares/Third_Party/FreeRTOS/Source/stream_buffer.c **** 									  ( uint32_t ) 0,									\
  64:Middlewares/Third_Party/FreeRTOS/Source/stream_buffer.c **** 									  eNoAction );										\
  65:Middlewares/Third_Party/FreeRTOS/Source/stream_buffer.c **** 				( pxStreamBuffer )->xTaskWaitingToSend = NULL;							\
  66:Middlewares/Third_Party/FreeRTOS/Source/stream_buffer.c **** 			}																			\
  67:Middlewares/Third_Party/FreeRTOS/Source/stream_buffer.c **** 		}																				\
  68:Middlewares/Third_Party/FreeRTOS/Source/stream_buffer.c **** 		( void ) xTaskResumeAll();
  69:Middlewares/Third_Party/FreeRTOS/Source/stream_buffer.c **** #endif /* sbRECEIVE_COMPLETED */
  70:Middlewares/Third_Party/FreeRTOS/Source/stream_buffer.c **** 
  71:Middlewares/Third_Party/FreeRTOS/Source/stream_buffer.c **** #ifndef sbRECEIVE_COMPLETED_FROM_ISR
  72:Middlewares/Third_Party/FreeRTOS/Source/stream_buffer.c **** 	#define sbRECEIVE_COMPLETED_FROM_ISR( pxStreamBuffer,								\
  73:Middlewares/Third_Party/FreeRTOS/Source/stream_buffer.c **** 										  pxHigherPriorityTaskWoken )					\
  74:Middlewares/Third_Party/FreeRTOS/Source/stream_buffer.c **** 	{																					\
  75:Middlewares/Third_Party/FreeRTOS/Source/stream_buffer.c **** 	UBaseType_t uxSavedInterruptStatus;													\
  76:Middlewares/Third_Party/FreeRTOS/Source/stream_buffer.c **** 																						\
  77:Middlewares/Third_Party/FreeRTOS/Source/stream_buffer.c **** 		uxSavedInterruptStatus = ( UBaseType_t ) portSET_INTERRUPT_MASK_FROM_ISR();		\
  78:Middlewares/Third_Party/FreeRTOS/Source/stream_buffer.c **** 		{																				\
  79:Middlewares/Third_Party/FreeRTOS/Source/stream_buffer.c **** 			if( ( pxStreamBuffer )->xTaskWaitingToSend != NULL )						\
  80:Middlewares/Third_Party/FreeRTOS/Source/stream_buffer.c **** 			{																			\
  81:Middlewares/Third_Party/FreeRTOS/Source/stream_buffer.c **** 				( void ) xTaskNotifyFromISR( ( pxStreamBuffer )->xTaskWaitingToSend,	\
  82:Middlewares/Third_Party/FreeRTOS/Source/stream_buffer.c **** 											 ( uint32_t ) 0,							\
  83:Middlewares/Third_Party/FreeRTOS/Source/stream_buffer.c **** 											 eNoAction,									\
  84:Middlewares/Third_Party/FreeRTOS/Source/stream_buffer.c **** 											 pxHigherPriorityTaskWoken );				\
  85:Middlewares/Third_Party/FreeRTOS/Source/stream_buffer.c **** 				( pxStreamBuffer )->xTaskWaitingToSend = NULL;							\
  86:Middlewares/Third_Party/FreeRTOS/Source/stream_buffer.c **** 			}																			\
  87:Middlewares/Third_Party/FreeRTOS/Source/stream_buffer.c **** 		}																				\
  88:Middlewares/Third_Party/FreeRTOS/Source/stream_buffer.c **** 		portCLEAR_INTERRUPT_MASK_FROM_ISR( uxSavedInterruptStatus );					\
  89:Middlewares/Third_Party/FreeRTOS/Source/stream_buffer.c **** 	}
ARM GAS  C:\Users\subdia\AppData\Local\Temp\ccZGXZAV.s 			page 3


  90:Middlewares/Third_Party/FreeRTOS/Source/stream_buffer.c **** #endif /* sbRECEIVE_COMPLETED_FROM_ISR */
  91:Middlewares/Third_Party/FreeRTOS/Source/stream_buffer.c **** 
  92:Middlewares/Third_Party/FreeRTOS/Source/stream_buffer.c **** /* If the user has not provided an application specific Tx notification macro,
  93:Middlewares/Third_Party/FreeRTOS/Source/stream_buffer.c **** or #defined the notification macro away, them provide a default implementation
  94:Middlewares/Third_Party/FreeRTOS/Source/stream_buffer.c **** that uses task notifications. */
  95:Middlewares/Third_Party/FreeRTOS/Source/stream_buffer.c **** #ifndef sbSEND_COMPLETED
  96:Middlewares/Third_Party/FreeRTOS/Source/stream_buffer.c **** 	#define sbSEND_COMPLETED( pxStreamBuffer )											\
  97:Middlewares/Third_Party/FreeRTOS/Source/stream_buffer.c **** 		vTaskSuspendAll();																\
  98:Middlewares/Third_Party/FreeRTOS/Source/stream_buffer.c **** 		{																				\
  99:Middlewares/Third_Party/FreeRTOS/Source/stream_buffer.c **** 			if( ( pxStreamBuffer )->xTaskWaitingToReceive != NULL )						\
 100:Middlewares/Third_Party/FreeRTOS/Source/stream_buffer.c **** 			{																			\
 101:Middlewares/Third_Party/FreeRTOS/Source/stream_buffer.c **** 				( void ) xTaskNotify( ( pxStreamBuffer )->xTaskWaitingToReceive,		\
 102:Middlewares/Third_Party/FreeRTOS/Source/stream_buffer.c **** 									  ( uint32_t ) 0,									\
 103:Middlewares/Third_Party/FreeRTOS/Source/stream_buffer.c **** 									  eNoAction );										\
 104:Middlewares/Third_Party/FreeRTOS/Source/stream_buffer.c **** 				( pxStreamBuffer )->xTaskWaitingToReceive = NULL;						\
 105:Middlewares/Third_Party/FreeRTOS/Source/stream_buffer.c **** 			}																			\
 106:Middlewares/Third_Party/FreeRTOS/Source/stream_buffer.c **** 		}																				\
 107:Middlewares/Third_Party/FreeRTOS/Source/stream_buffer.c **** 		( void ) xTaskResumeAll();
 108:Middlewares/Third_Party/FreeRTOS/Source/stream_buffer.c **** #endif /* sbSEND_COMPLETED */
 109:Middlewares/Third_Party/FreeRTOS/Source/stream_buffer.c **** 
 110:Middlewares/Third_Party/FreeRTOS/Source/stream_buffer.c **** #ifndef sbSEND_COMPLETE_FROM_ISR
 111:Middlewares/Third_Party/FreeRTOS/Source/stream_buffer.c **** 	#define sbSEND_COMPLETE_FROM_ISR( pxStreamBuffer, pxHigherPriorityTaskWoken )		\
 112:Middlewares/Third_Party/FreeRTOS/Source/stream_buffer.c **** 	{																					\
 113:Middlewares/Third_Party/FreeRTOS/Source/stream_buffer.c **** 	UBaseType_t uxSavedInterruptStatus;													\
 114:Middlewares/Third_Party/FreeRTOS/Source/stream_buffer.c **** 																						\
 115:Middlewares/Third_Party/FreeRTOS/Source/stream_buffer.c **** 		uxSavedInterruptStatus = ( UBaseType_t ) portSET_INTERRUPT_MASK_FROM_ISR();		\
 116:Middlewares/Third_Party/FreeRTOS/Source/stream_buffer.c **** 		{																				\
 117:Middlewares/Third_Party/FreeRTOS/Source/stream_buffer.c **** 			if( ( pxStreamBuffer )->xTaskWaitingToReceive != NULL )						\
 118:Middlewares/Third_Party/FreeRTOS/Source/stream_buffer.c **** 			{																			\
 119:Middlewares/Third_Party/FreeRTOS/Source/stream_buffer.c **** 				( void ) xTaskNotifyFromISR( ( pxStreamBuffer )->xTaskWaitingToReceive,	\
 120:Middlewares/Third_Party/FreeRTOS/Source/stream_buffer.c **** 											 ( uint32_t ) 0,							\
 121:Middlewares/Third_Party/FreeRTOS/Source/stream_buffer.c **** 											 eNoAction,									\
 122:Middlewares/Third_Party/FreeRTOS/Source/stream_buffer.c **** 											 pxHigherPriorityTaskWoken );				\
 123:Middlewares/Third_Party/FreeRTOS/Source/stream_buffer.c **** 				( pxStreamBuffer )->xTaskWaitingToReceive = NULL;						\
 124:Middlewares/Third_Party/FreeRTOS/Source/stream_buffer.c **** 			}																			\
 125:Middlewares/Third_Party/FreeRTOS/Source/stream_buffer.c **** 		}																				\
 126:Middlewares/Third_Party/FreeRTOS/Source/stream_buffer.c **** 		portCLEAR_INTERRUPT_MASK_FROM_ISR( uxSavedInterruptStatus );					\
 127:Middlewares/Third_Party/FreeRTOS/Source/stream_buffer.c **** 	}
 128:Middlewares/Third_Party/FreeRTOS/Source/stream_buffer.c **** #endif /* sbSEND_COMPLETE_FROM_ISR */
 129:Middlewares/Third_Party/FreeRTOS/Source/stream_buffer.c **** /*lint -restore (9026) */
 130:Middlewares/Third_Party/FreeRTOS/Source/stream_buffer.c **** 
 131:Middlewares/Third_Party/FreeRTOS/Source/stream_buffer.c **** /* The number of bytes used to hold the length of a message in the buffer. */
 132:Middlewares/Third_Party/FreeRTOS/Source/stream_buffer.c **** #define sbBYTES_TO_STORE_MESSAGE_LENGTH ( sizeof( configMESSAGE_BUFFER_LENGTH_TYPE ) )
 133:Middlewares/Third_Party/FreeRTOS/Source/stream_buffer.c **** 
 134:Middlewares/Third_Party/FreeRTOS/Source/stream_buffer.c **** /* Bits stored in the ucFlags field of the stream buffer. */
 135:Middlewares/Third_Party/FreeRTOS/Source/stream_buffer.c **** #define sbFLAGS_IS_MESSAGE_BUFFER		( ( uint8_t ) 1 ) /* Set if the stream buffer was created as a m
 136:Middlewares/Third_Party/FreeRTOS/Source/stream_buffer.c **** #define sbFLAGS_IS_STATICALLY_ALLOCATED ( ( uint8_t ) 2 ) /* Set if the stream buffer was created u
 137:Middlewares/Third_Party/FreeRTOS/Source/stream_buffer.c **** 
 138:Middlewares/Third_Party/FreeRTOS/Source/stream_buffer.c **** /*-----------------------------------------------------------*/
 139:Middlewares/Third_Party/FreeRTOS/Source/stream_buffer.c **** 
 140:Middlewares/Third_Party/FreeRTOS/Source/stream_buffer.c **** /* Structure that hold state information on the buffer. */
 141:Middlewares/Third_Party/FreeRTOS/Source/stream_buffer.c **** typedef struct StreamBufferDef_t /*lint !e9058 Style convention uses tag. */
 142:Middlewares/Third_Party/FreeRTOS/Source/stream_buffer.c **** {
 143:Middlewares/Third_Party/FreeRTOS/Source/stream_buffer.c **** 	volatile size_t xTail;				/* Index to the next item to read within the buffer. */
 144:Middlewares/Third_Party/FreeRTOS/Source/stream_buffer.c **** 	volatile size_t xHead;				/* Index to the next item to write within the buffer. */
 145:Middlewares/Third_Party/FreeRTOS/Source/stream_buffer.c **** 	size_t xLength;						/* The length of the buffer pointed to by pucBuffer. */
 146:Middlewares/Third_Party/FreeRTOS/Source/stream_buffer.c **** 	size_t xTriggerLevelBytes;			/* The number of bytes that must be in the stream buffer before a tas
ARM GAS  C:\Users\subdia\AppData\Local\Temp\ccZGXZAV.s 			page 4


 147:Middlewares/Third_Party/FreeRTOS/Source/stream_buffer.c **** 	volatile TaskHandle_t xTaskWaitingToReceive; /* Holds the handle of a task waiting for data, or NU
 148:Middlewares/Third_Party/FreeRTOS/Source/stream_buffer.c **** 	volatile TaskHandle_t xTaskWaitingToSend;	/* Holds the handle of a task waiting to send data to a 
 149:Middlewares/Third_Party/FreeRTOS/Source/stream_buffer.c **** 	uint8_t *pucBuffer;					/* Points to the buffer itself - that is - the RAM that stores the data pa
 150:Middlewares/Third_Party/FreeRTOS/Source/stream_buffer.c **** 	uint8_t ucFlags;
 151:Middlewares/Third_Party/FreeRTOS/Source/stream_buffer.c **** 
 152:Middlewares/Third_Party/FreeRTOS/Source/stream_buffer.c **** 	#if ( configUSE_TRACE_FACILITY == 1 )
 153:Middlewares/Third_Party/FreeRTOS/Source/stream_buffer.c **** 		UBaseType_t uxStreamBufferNumber;		/* Used for tracing purposes. */
 154:Middlewares/Third_Party/FreeRTOS/Source/stream_buffer.c **** 	#endif
 155:Middlewares/Third_Party/FreeRTOS/Source/stream_buffer.c **** } StreamBuffer_t;
 156:Middlewares/Third_Party/FreeRTOS/Source/stream_buffer.c **** 
 157:Middlewares/Third_Party/FreeRTOS/Source/stream_buffer.c **** /*
 158:Middlewares/Third_Party/FreeRTOS/Source/stream_buffer.c ****  * The number of bytes available to be read from the buffer.
 159:Middlewares/Third_Party/FreeRTOS/Source/stream_buffer.c ****  */
 160:Middlewares/Third_Party/FreeRTOS/Source/stream_buffer.c **** static size_t prvBytesInBuffer( const StreamBuffer_t * const pxStreamBuffer ) PRIVILEGED_FUNCTION;
 161:Middlewares/Third_Party/FreeRTOS/Source/stream_buffer.c **** 
 162:Middlewares/Third_Party/FreeRTOS/Source/stream_buffer.c **** /*
 163:Middlewares/Third_Party/FreeRTOS/Source/stream_buffer.c ****  * Add xCount bytes from pucData into the pxStreamBuffer message buffer.
 164:Middlewares/Third_Party/FreeRTOS/Source/stream_buffer.c ****  * Returns the number of bytes written, which will either equal xCount in the
 165:Middlewares/Third_Party/FreeRTOS/Source/stream_buffer.c ****  * success case, or 0 if there was not enough space in the buffer (in which case
 166:Middlewares/Third_Party/FreeRTOS/Source/stream_buffer.c ****  * no data is written into the buffer).
 167:Middlewares/Third_Party/FreeRTOS/Source/stream_buffer.c ****  */
 168:Middlewares/Third_Party/FreeRTOS/Source/stream_buffer.c **** static size_t prvWriteBytesToBuffer( StreamBuffer_t * const pxStreamBuffer, const uint8_t *pucData,
 169:Middlewares/Third_Party/FreeRTOS/Source/stream_buffer.c **** 
 170:Middlewares/Third_Party/FreeRTOS/Source/stream_buffer.c **** /*
 171:Middlewares/Third_Party/FreeRTOS/Source/stream_buffer.c ****  * If the stream buffer is being used as a message buffer, then reads an entire
 172:Middlewares/Third_Party/FreeRTOS/Source/stream_buffer.c ****  * message out of the buffer.  If the stream buffer is being used as a stream
 173:Middlewares/Third_Party/FreeRTOS/Source/stream_buffer.c ****  * buffer then read as many bytes as possible from the buffer.
 174:Middlewares/Third_Party/FreeRTOS/Source/stream_buffer.c ****  * prvReadBytesFromBuffer() is called to actually extract the bytes from the
 175:Middlewares/Third_Party/FreeRTOS/Source/stream_buffer.c ****  * buffer's data storage area.
 176:Middlewares/Third_Party/FreeRTOS/Source/stream_buffer.c ****  */
 177:Middlewares/Third_Party/FreeRTOS/Source/stream_buffer.c **** static size_t prvReadMessageFromBuffer( StreamBuffer_t *pxStreamBuffer,
 178:Middlewares/Third_Party/FreeRTOS/Source/stream_buffer.c **** 										void *pvRxData,
 179:Middlewares/Third_Party/FreeRTOS/Source/stream_buffer.c **** 										size_t xBufferLengthBytes,
 180:Middlewares/Third_Party/FreeRTOS/Source/stream_buffer.c **** 										size_t xBytesAvailable,
 181:Middlewares/Third_Party/FreeRTOS/Source/stream_buffer.c **** 										size_t xBytesToStoreMessageLength ) PRIVILEGED_FUNCTION;
 182:Middlewares/Third_Party/FreeRTOS/Source/stream_buffer.c **** 
 183:Middlewares/Third_Party/FreeRTOS/Source/stream_buffer.c **** /*
 184:Middlewares/Third_Party/FreeRTOS/Source/stream_buffer.c ****  * If the stream buffer is being used as a message buffer, then writes an entire
 185:Middlewares/Third_Party/FreeRTOS/Source/stream_buffer.c ****  * message to the buffer.  If the stream buffer is being used as a stream
 186:Middlewares/Third_Party/FreeRTOS/Source/stream_buffer.c ****  * buffer then write as many bytes as possible to the buffer.
 187:Middlewares/Third_Party/FreeRTOS/Source/stream_buffer.c ****  * prvWriteBytestoBuffer() is called to actually send the bytes to the buffer's
 188:Middlewares/Third_Party/FreeRTOS/Source/stream_buffer.c ****  * data storage area.
 189:Middlewares/Third_Party/FreeRTOS/Source/stream_buffer.c ****  */
 190:Middlewares/Third_Party/FreeRTOS/Source/stream_buffer.c **** static size_t prvWriteMessageToBuffer(  StreamBuffer_t * const pxStreamBuffer,
 191:Middlewares/Third_Party/FreeRTOS/Source/stream_buffer.c **** 										const void * pvTxData,
 192:Middlewares/Third_Party/FreeRTOS/Source/stream_buffer.c **** 										size_t xDataLengthBytes,
 193:Middlewares/Third_Party/FreeRTOS/Source/stream_buffer.c **** 										size_t xSpace,
 194:Middlewares/Third_Party/FreeRTOS/Source/stream_buffer.c **** 										size_t xRequiredSpace ) PRIVILEGED_FUNCTION;
 195:Middlewares/Third_Party/FreeRTOS/Source/stream_buffer.c **** 
 196:Middlewares/Third_Party/FreeRTOS/Source/stream_buffer.c **** /*
 197:Middlewares/Third_Party/FreeRTOS/Source/stream_buffer.c ****  * Read xMaxCount bytes from the pxStreamBuffer message buffer and write them
 198:Middlewares/Third_Party/FreeRTOS/Source/stream_buffer.c ****  * to pucData.
 199:Middlewares/Third_Party/FreeRTOS/Source/stream_buffer.c ****  */
 200:Middlewares/Third_Party/FreeRTOS/Source/stream_buffer.c **** static size_t prvReadBytesFromBuffer( StreamBuffer_t *pxStreamBuffer,
 201:Middlewares/Third_Party/FreeRTOS/Source/stream_buffer.c **** 									  uint8_t *pucData,
 202:Middlewares/Third_Party/FreeRTOS/Source/stream_buffer.c **** 									  size_t xMaxCount,
 203:Middlewares/Third_Party/FreeRTOS/Source/stream_buffer.c **** 									  size_t xBytesAvailable ) PRIVILEGED_FUNCTION;
ARM GAS  C:\Users\subdia\AppData\Local\Temp\ccZGXZAV.s 			page 5


 204:Middlewares/Third_Party/FreeRTOS/Source/stream_buffer.c **** 
 205:Middlewares/Third_Party/FreeRTOS/Source/stream_buffer.c **** /*
 206:Middlewares/Third_Party/FreeRTOS/Source/stream_buffer.c ****  * Called by both pxStreamBufferCreate() and pxStreamBufferCreateStatic() to
 207:Middlewares/Third_Party/FreeRTOS/Source/stream_buffer.c ****  * initialise the members of the newly created stream buffer structure.
 208:Middlewares/Third_Party/FreeRTOS/Source/stream_buffer.c ****  */
 209:Middlewares/Third_Party/FreeRTOS/Source/stream_buffer.c **** static void prvInitialiseNewStreamBuffer( StreamBuffer_t * const pxStreamBuffer,
 210:Middlewares/Third_Party/FreeRTOS/Source/stream_buffer.c **** 										  uint8_t * const pucBuffer,
 211:Middlewares/Third_Party/FreeRTOS/Source/stream_buffer.c **** 										  size_t xBufferSizeBytes,
 212:Middlewares/Third_Party/FreeRTOS/Source/stream_buffer.c **** 										  size_t xTriggerLevelBytes,
 213:Middlewares/Third_Party/FreeRTOS/Source/stream_buffer.c **** 										  uint8_t ucFlags ) PRIVILEGED_FUNCTION;
 214:Middlewares/Third_Party/FreeRTOS/Source/stream_buffer.c **** 
 215:Middlewares/Third_Party/FreeRTOS/Source/stream_buffer.c **** /*-----------------------------------------------------------*/
 216:Middlewares/Third_Party/FreeRTOS/Source/stream_buffer.c **** 
 217:Middlewares/Third_Party/FreeRTOS/Source/stream_buffer.c **** #if( configSUPPORT_DYNAMIC_ALLOCATION == 1 )
 218:Middlewares/Third_Party/FreeRTOS/Source/stream_buffer.c **** 
 219:Middlewares/Third_Party/FreeRTOS/Source/stream_buffer.c **** 	StreamBufferHandle_t xStreamBufferGenericCreate( size_t xBufferSizeBytes, size_t xTriggerLevelByte
 220:Middlewares/Third_Party/FreeRTOS/Source/stream_buffer.c **** 	{
 221:Middlewares/Third_Party/FreeRTOS/Source/stream_buffer.c **** 	uint8_t *pucAllocatedMemory;
 222:Middlewares/Third_Party/FreeRTOS/Source/stream_buffer.c **** 	uint8_t ucFlags;
 223:Middlewares/Third_Party/FreeRTOS/Source/stream_buffer.c **** 
 224:Middlewares/Third_Party/FreeRTOS/Source/stream_buffer.c **** 		/* In case the stream buffer is going to be used as a message buffer
 225:Middlewares/Third_Party/FreeRTOS/Source/stream_buffer.c **** 		(that is, it will hold discrete messages with a little meta data that
 226:Middlewares/Third_Party/FreeRTOS/Source/stream_buffer.c **** 		says how big the next message is) check the buffer will be large enough
 227:Middlewares/Third_Party/FreeRTOS/Source/stream_buffer.c **** 		to hold at least one message. */
 228:Middlewares/Third_Party/FreeRTOS/Source/stream_buffer.c **** 		if( xIsMessageBuffer == pdTRUE )
 229:Middlewares/Third_Party/FreeRTOS/Source/stream_buffer.c **** 		{
 230:Middlewares/Third_Party/FreeRTOS/Source/stream_buffer.c **** 			/* Is a message buffer but not statically allocated. */
 231:Middlewares/Third_Party/FreeRTOS/Source/stream_buffer.c **** 			ucFlags = sbFLAGS_IS_MESSAGE_BUFFER;
 232:Middlewares/Third_Party/FreeRTOS/Source/stream_buffer.c **** 			configASSERT( xBufferSizeBytes > sbBYTES_TO_STORE_MESSAGE_LENGTH );
 233:Middlewares/Third_Party/FreeRTOS/Source/stream_buffer.c **** 		}
 234:Middlewares/Third_Party/FreeRTOS/Source/stream_buffer.c **** 		else
 235:Middlewares/Third_Party/FreeRTOS/Source/stream_buffer.c **** 		{
 236:Middlewares/Third_Party/FreeRTOS/Source/stream_buffer.c **** 			/* Not a message buffer and not statically allocated. */
 237:Middlewares/Third_Party/FreeRTOS/Source/stream_buffer.c **** 			ucFlags = 0;
 238:Middlewares/Third_Party/FreeRTOS/Source/stream_buffer.c **** 			configASSERT( xBufferSizeBytes > 0 );
 239:Middlewares/Third_Party/FreeRTOS/Source/stream_buffer.c **** 		}
 240:Middlewares/Third_Party/FreeRTOS/Source/stream_buffer.c **** 		configASSERT( xTriggerLevelBytes <= xBufferSizeBytes );
 241:Middlewares/Third_Party/FreeRTOS/Source/stream_buffer.c **** 
 242:Middlewares/Third_Party/FreeRTOS/Source/stream_buffer.c **** 		/* A trigger level of 0 would cause a waiting task to unblock even when
 243:Middlewares/Third_Party/FreeRTOS/Source/stream_buffer.c **** 		the buffer was empty. */
 244:Middlewares/Third_Party/FreeRTOS/Source/stream_buffer.c **** 		if( xTriggerLevelBytes == ( size_t ) 0 )
 245:Middlewares/Third_Party/FreeRTOS/Source/stream_buffer.c **** 		{
 246:Middlewares/Third_Party/FreeRTOS/Source/stream_buffer.c **** 			xTriggerLevelBytes = ( size_t ) 1;
 247:Middlewares/Third_Party/FreeRTOS/Source/stream_buffer.c **** 		}
 248:Middlewares/Third_Party/FreeRTOS/Source/stream_buffer.c **** 
 249:Middlewares/Third_Party/FreeRTOS/Source/stream_buffer.c **** 		/* A stream buffer requires a StreamBuffer_t structure and a buffer.
 250:Middlewares/Third_Party/FreeRTOS/Source/stream_buffer.c **** 		Both are allocated in a single call to pvPortMalloc().  The
 251:Middlewares/Third_Party/FreeRTOS/Source/stream_buffer.c **** 		StreamBuffer_t structure is placed at the start of the allocated memory
 252:Middlewares/Third_Party/FreeRTOS/Source/stream_buffer.c **** 		and the buffer follows immediately after.  The requested size is
 253:Middlewares/Third_Party/FreeRTOS/Source/stream_buffer.c **** 		incremented so the free space is returned as the user would expect -
 254:Middlewares/Third_Party/FreeRTOS/Source/stream_buffer.c **** 		this is a quirk of the implementation that means otherwise the free
 255:Middlewares/Third_Party/FreeRTOS/Source/stream_buffer.c **** 		space would be reported as one byte smaller than would be logically
 256:Middlewares/Third_Party/FreeRTOS/Source/stream_buffer.c **** 		expected. */
 257:Middlewares/Third_Party/FreeRTOS/Source/stream_buffer.c **** 		xBufferSizeBytes++;
 258:Middlewares/Third_Party/FreeRTOS/Source/stream_buffer.c **** 		pucAllocatedMemory = ( uint8_t * ) pvPortMalloc( xBufferSizeBytes + sizeof( StreamBuffer_t ) ); /
 259:Middlewares/Third_Party/FreeRTOS/Source/stream_buffer.c **** 
 260:Middlewares/Third_Party/FreeRTOS/Source/stream_buffer.c **** 		if( pucAllocatedMemory != NULL )
ARM GAS  C:\Users\subdia\AppData\Local\Temp\ccZGXZAV.s 			page 6


 261:Middlewares/Third_Party/FreeRTOS/Source/stream_buffer.c **** 		{
 262:Middlewares/Third_Party/FreeRTOS/Source/stream_buffer.c **** 			prvInitialiseNewStreamBuffer( ( StreamBuffer_t * ) pucAllocatedMemory, /* Structure at the start
 263:Middlewares/Third_Party/FreeRTOS/Source/stream_buffer.c **** 										   pucAllocatedMemory + sizeof( StreamBuffer_t ),  /* Storage area follows. */ /*lint !e9
 264:Middlewares/Third_Party/FreeRTOS/Source/stream_buffer.c **** 										   xBufferSizeBytes,
 265:Middlewares/Third_Party/FreeRTOS/Source/stream_buffer.c **** 										   xTriggerLevelBytes,
 266:Middlewares/Third_Party/FreeRTOS/Source/stream_buffer.c **** 										   ucFlags );
 267:Middlewares/Third_Party/FreeRTOS/Source/stream_buffer.c **** 
 268:Middlewares/Third_Party/FreeRTOS/Source/stream_buffer.c **** 			traceSTREAM_BUFFER_CREATE( ( ( StreamBuffer_t * ) pucAllocatedMemory ), xIsMessageBuffer );
 269:Middlewares/Third_Party/FreeRTOS/Source/stream_buffer.c **** 		}
 270:Middlewares/Third_Party/FreeRTOS/Source/stream_buffer.c **** 		else
 271:Middlewares/Third_Party/FreeRTOS/Source/stream_buffer.c **** 		{
 272:Middlewares/Third_Party/FreeRTOS/Source/stream_buffer.c **** 			traceSTREAM_BUFFER_CREATE_FAILED( xIsMessageBuffer );
 273:Middlewares/Third_Party/FreeRTOS/Source/stream_buffer.c **** 		}
 274:Middlewares/Third_Party/FreeRTOS/Source/stream_buffer.c **** 
 275:Middlewares/Third_Party/FreeRTOS/Source/stream_buffer.c **** 		return ( StreamBufferHandle_t ) pucAllocatedMemory; /*lint !e9087 !e826 Safe cast as allocated me
 276:Middlewares/Third_Party/FreeRTOS/Source/stream_buffer.c **** 	}
 277:Middlewares/Third_Party/FreeRTOS/Source/stream_buffer.c **** 
 278:Middlewares/Third_Party/FreeRTOS/Source/stream_buffer.c **** #endif /* configSUPPORT_DYNAMIC_ALLOCATION */
 279:Middlewares/Third_Party/FreeRTOS/Source/stream_buffer.c **** /*-----------------------------------------------------------*/
 280:Middlewares/Third_Party/FreeRTOS/Source/stream_buffer.c **** 
 281:Middlewares/Third_Party/FreeRTOS/Source/stream_buffer.c **** #if( configSUPPORT_STATIC_ALLOCATION == 1 )
 282:Middlewares/Third_Party/FreeRTOS/Source/stream_buffer.c **** 
 283:Middlewares/Third_Party/FreeRTOS/Source/stream_buffer.c **** 	StreamBufferHandle_t xStreamBufferGenericCreateStatic( size_t xBufferSizeBytes,
 284:Middlewares/Third_Party/FreeRTOS/Source/stream_buffer.c **** 														   size_t xTriggerLevelBytes,
 285:Middlewares/Third_Party/FreeRTOS/Source/stream_buffer.c **** 														   BaseType_t xIsMessageBuffer,
 286:Middlewares/Third_Party/FreeRTOS/Source/stream_buffer.c **** 														   uint8_t * const pucStreamBufferStorageArea,
 287:Middlewares/Third_Party/FreeRTOS/Source/stream_buffer.c **** 														   StaticStreamBuffer_t * const pxStaticStreamBuffer )
 288:Middlewares/Third_Party/FreeRTOS/Source/stream_buffer.c **** 	{
 289:Middlewares/Third_Party/FreeRTOS/Source/stream_buffer.c **** 	StreamBuffer_t * const pxStreamBuffer = ( StreamBuffer_t * ) pxStaticStreamBuffer; /*lint !e740 !e
 290:Middlewares/Third_Party/FreeRTOS/Source/stream_buffer.c **** 	StreamBufferHandle_t xReturn;
 291:Middlewares/Third_Party/FreeRTOS/Source/stream_buffer.c **** 	uint8_t ucFlags;
 292:Middlewares/Third_Party/FreeRTOS/Source/stream_buffer.c **** 
 293:Middlewares/Third_Party/FreeRTOS/Source/stream_buffer.c **** 		configASSERT( pucStreamBufferStorageArea );
 294:Middlewares/Third_Party/FreeRTOS/Source/stream_buffer.c **** 		configASSERT( pxStaticStreamBuffer );
 295:Middlewares/Third_Party/FreeRTOS/Source/stream_buffer.c **** 		configASSERT( xTriggerLevelBytes <= xBufferSizeBytes );
 296:Middlewares/Third_Party/FreeRTOS/Source/stream_buffer.c **** 
 297:Middlewares/Third_Party/FreeRTOS/Source/stream_buffer.c **** 		/* A trigger level of 0 would cause a waiting task to unblock even when
 298:Middlewares/Third_Party/FreeRTOS/Source/stream_buffer.c **** 		the buffer was empty. */
 299:Middlewares/Third_Party/FreeRTOS/Source/stream_buffer.c **** 		if( xTriggerLevelBytes == ( size_t ) 0 )
 300:Middlewares/Third_Party/FreeRTOS/Source/stream_buffer.c **** 		{
 301:Middlewares/Third_Party/FreeRTOS/Source/stream_buffer.c **** 			xTriggerLevelBytes = ( size_t ) 1;
 302:Middlewares/Third_Party/FreeRTOS/Source/stream_buffer.c **** 		}
 303:Middlewares/Third_Party/FreeRTOS/Source/stream_buffer.c **** 
 304:Middlewares/Third_Party/FreeRTOS/Source/stream_buffer.c **** 		if( xIsMessageBuffer != pdFALSE )
 305:Middlewares/Third_Party/FreeRTOS/Source/stream_buffer.c **** 		{
 306:Middlewares/Third_Party/FreeRTOS/Source/stream_buffer.c **** 			/* Statically allocated message buffer. */
 307:Middlewares/Third_Party/FreeRTOS/Source/stream_buffer.c **** 			ucFlags = sbFLAGS_IS_MESSAGE_BUFFER | sbFLAGS_IS_STATICALLY_ALLOCATED;
 308:Middlewares/Third_Party/FreeRTOS/Source/stream_buffer.c **** 		}
 309:Middlewares/Third_Party/FreeRTOS/Source/stream_buffer.c **** 		else
 310:Middlewares/Third_Party/FreeRTOS/Source/stream_buffer.c **** 		{
 311:Middlewares/Third_Party/FreeRTOS/Source/stream_buffer.c **** 			/* Statically allocated stream buffer. */
 312:Middlewares/Third_Party/FreeRTOS/Source/stream_buffer.c **** 			ucFlags = sbFLAGS_IS_STATICALLY_ALLOCATED;
 313:Middlewares/Third_Party/FreeRTOS/Source/stream_buffer.c **** 		}
 314:Middlewares/Third_Party/FreeRTOS/Source/stream_buffer.c **** 
 315:Middlewares/Third_Party/FreeRTOS/Source/stream_buffer.c **** 		/* In case the stream buffer is going to be used as a message buffer
 316:Middlewares/Third_Party/FreeRTOS/Source/stream_buffer.c **** 		(that is, it will hold discrete messages with a little meta data that
 317:Middlewares/Third_Party/FreeRTOS/Source/stream_buffer.c **** 		says how big the next message is) check the buffer will be large enough
ARM GAS  C:\Users\subdia\AppData\Local\Temp\ccZGXZAV.s 			page 7


 318:Middlewares/Third_Party/FreeRTOS/Source/stream_buffer.c **** 		to hold at least one message. */
 319:Middlewares/Third_Party/FreeRTOS/Source/stream_buffer.c **** 		configASSERT( xBufferSizeBytes > sbBYTES_TO_STORE_MESSAGE_LENGTH );
 320:Middlewares/Third_Party/FreeRTOS/Source/stream_buffer.c **** 
 321:Middlewares/Third_Party/FreeRTOS/Source/stream_buffer.c **** 		#if( configASSERT_DEFINED == 1 )
 322:Middlewares/Third_Party/FreeRTOS/Source/stream_buffer.c **** 		{
 323:Middlewares/Third_Party/FreeRTOS/Source/stream_buffer.c **** 			/* Sanity check that the size of the structure used to declare a
 324:Middlewares/Third_Party/FreeRTOS/Source/stream_buffer.c **** 			variable of type StaticStreamBuffer_t equals the size of the real
 325:Middlewares/Third_Party/FreeRTOS/Source/stream_buffer.c **** 			message buffer structure. */
 326:Middlewares/Third_Party/FreeRTOS/Source/stream_buffer.c **** 			volatile size_t xSize = sizeof( StaticStreamBuffer_t );
 327:Middlewares/Third_Party/FreeRTOS/Source/stream_buffer.c **** 			configASSERT( xSize == sizeof( StreamBuffer_t ) );
 328:Middlewares/Third_Party/FreeRTOS/Source/stream_buffer.c **** 		} /*lint !e529 xSize is referenced is configASSERT() is defined. */
 329:Middlewares/Third_Party/FreeRTOS/Source/stream_buffer.c **** 		#endif /* configASSERT_DEFINED */
 330:Middlewares/Third_Party/FreeRTOS/Source/stream_buffer.c **** 
 331:Middlewares/Third_Party/FreeRTOS/Source/stream_buffer.c **** 		if( ( pucStreamBufferStorageArea != NULL ) && ( pxStaticStreamBuffer != NULL ) )
 332:Middlewares/Third_Party/FreeRTOS/Source/stream_buffer.c **** 		{
 333:Middlewares/Third_Party/FreeRTOS/Source/stream_buffer.c **** 			prvInitialiseNewStreamBuffer( pxStreamBuffer,
 334:Middlewares/Third_Party/FreeRTOS/Source/stream_buffer.c **** 										  pucStreamBufferStorageArea,
 335:Middlewares/Third_Party/FreeRTOS/Source/stream_buffer.c **** 										  xBufferSizeBytes,
 336:Middlewares/Third_Party/FreeRTOS/Source/stream_buffer.c **** 										  xTriggerLevelBytes,
 337:Middlewares/Third_Party/FreeRTOS/Source/stream_buffer.c **** 										  ucFlags );
 338:Middlewares/Third_Party/FreeRTOS/Source/stream_buffer.c **** 
 339:Middlewares/Third_Party/FreeRTOS/Source/stream_buffer.c **** 			/* Remember this was statically allocated in case it is ever deleted
 340:Middlewares/Third_Party/FreeRTOS/Source/stream_buffer.c **** 			again. */
 341:Middlewares/Third_Party/FreeRTOS/Source/stream_buffer.c **** 			pxStreamBuffer->ucFlags |= sbFLAGS_IS_STATICALLY_ALLOCATED;
 342:Middlewares/Third_Party/FreeRTOS/Source/stream_buffer.c **** 
 343:Middlewares/Third_Party/FreeRTOS/Source/stream_buffer.c **** 			traceSTREAM_BUFFER_CREATE( pxStreamBuffer, xIsMessageBuffer );
 344:Middlewares/Third_Party/FreeRTOS/Source/stream_buffer.c **** 
 345:Middlewares/Third_Party/FreeRTOS/Source/stream_buffer.c **** 			xReturn = ( StreamBufferHandle_t ) pxStaticStreamBuffer; /*lint !e9087 Data hiding requires cast
 346:Middlewares/Third_Party/FreeRTOS/Source/stream_buffer.c **** 		}
 347:Middlewares/Third_Party/FreeRTOS/Source/stream_buffer.c **** 		else
 348:Middlewares/Third_Party/FreeRTOS/Source/stream_buffer.c **** 		{
 349:Middlewares/Third_Party/FreeRTOS/Source/stream_buffer.c **** 			xReturn = NULL;
 350:Middlewares/Third_Party/FreeRTOS/Source/stream_buffer.c **** 			traceSTREAM_BUFFER_CREATE_STATIC_FAILED( xReturn, xIsMessageBuffer );
 351:Middlewares/Third_Party/FreeRTOS/Source/stream_buffer.c **** 		}
 352:Middlewares/Third_Party/FreeRTOS/Source/stream_buffer.c **** 
 353:Middlewares/Third_Party/FreeRTOS/Source/stream_buffer.c **** 		return xReturn;
 354:Middlewares/Third_Party/FreeRTOS/Source/stream_buffer.c **** 	}
 355:Middlewares/Third_Party/FreeRTOS/Source/stream_buffer.c **** 
 356:Middlewares/Third_Party/FreeRTOS/Source/stream_buffer.c **** #endif /* ( configSUPPORT_STATIC_ALLOCATION == 1 ) */
 357:Middlewares/Third_Party/FreeRTOS/Source/stream_buffer.c **** /*-----------------------------------------------------------*/
 358:Middlewares/Third_Party/FreeRTOS/Source/stream_buffer.c **** 
 359:Middlewares/Third_Party/FreeRTOS/Source/stream_buffer.c **** void vStreamBufferDelete( StreamBufferHandle_t xStreamBuffer )
 360:Middlewares/Third_Party/FreeRTOS/Source/stream_buffer.c **** {
 361:Middlewares/Third_Party/FreeRTOS/Source/stream_buffer.c **** StreamBuffer_t * pxStreamBuffer = xStreamBuffer;
 362:Middlewares/Third_Party/FreeRTOS/Source/stream_buffer.c **** 
 363:Middlewares/Third_Party/FreeRTOS/Source/stream_buffer.c **** 	configASSERT( pxStreamBuffer );
 364:Middlewares/Third_Party/FreeRTOS/Source/stream_buffer.c **** 
 365:Middlewares/Third_Party/FreeRTOS/Source/stream_buffer.c **** 	traceSTREAM_BUFFER_DELETE( xStreamBuffer );
 366:Middlewares/Third_Party/FreeRTOS/Source/stream_buffer.c **** 
 367:Middlewares/Third_Party/FreeRTOS/Source/stream_buffer.c **** 	if( ( pxStreamBuffer->ucFlags & sbFLAGS_IS_STATICALLY_ALLOCATED ) == ( uint8_t ) pdFALSE )
 368:Middlewares/Third_Party/FreeRTOS/Source/stream_buffer.c **** 	{
 369:Middlewares/Third_Party/FreeRTOS/Source/stream_buffer.c **** 		#if( configSUPPORT_DYNAMIC_ALLOCATION == 1 )
 370:Middlewares/Third_Party/FreeRTOS/Source/stream_buffer.c **** 		{
 371:Middlewares/Third_Party/FreeRTOS/Source/stream_buffer.c **** 			/* Both the structure and the buffer were allocated using a single call
 372:Middlewares/Third_Party/FreeRTOS/Source/stream_buffer.c **** 			to pvPortMalloc(), hence only one call to vPortFree() is required. */
 373:Middlewares/Third_Party/FreeRTOS/Source/stream_buffer.c **** 			vPortFree( ( void * ) pxStreamBuffer ); /*lint !e9087 Standard free() semantics require void *, 
 374:Middlewares/Third_Party/FreeRTOS/Source/stream_buffer.c **** 		}
ARM GAS  C:\Users\subdia\AppData\Local\Temp\ccZGXZAV.s 			page 8


 375:Middlewares/Third_Party/FreeRTOS/Source/stream_buffer.c **** 		#else
 376:Middlewares/Third_Party/FreeRTOS/Source/stream_buffer.c **** 		{
 377:Middlewares/Third_Party/FreeRTOS/Source/stream_buffer.c **** 			/* Should not be possible to get here, ucFlags must be corrupt.
 378:Middlewares/Third_Party/FreeRTOS/Source/stream_buffer.c **** 			Force an assert. */
 379:Middlewares/Third_Party/FreeRTOS/Source/stream_buffer.c **** 			configASSERT( xStreamBuffer == ( StreamBufferHandle_t ) ~0 );
 380:Middlewares/Third_Party/FreeRTOS/Source/stream_buffer.c **** 		}
 381:Middlewares/Third_Party/FreeRTOS/Source/stream_buffer.c **** 		#endif
 382:Middlewares/Third_Party/FreeRTOS/Source/stream_buffer.c **** 	}
 383:Middlewares/Third_Party/FreeRTOS/Source/stream_buffer.c **** 	else
 384:Middlewares/Third_Party/FreeRTOS/Source/stream_buffer.c **** 	{
 385:Middlewares/Third_Party/FreeRTOS/Source/stream_buffer.c **** 		/* The structure and buffer were not allocated dynamically and cannot be
 386:Middlewares/Third_Party/FreeRTOS/Source/stream_buffer.c **** 		freed - just scrub the structure so future use will assert. */
 387:Middlewares/Third_Party/FreeRTOS/Source/stream_buffer.c **** 		( void ) memset( pxStreamBuffer, 0x00, sizeof( StreamBuffer_t ) );
 388:Middlewares/Third_Party/FreeRTOS/Source/stream_buffer.c **** 	}
 389:Middlewares/Third_Party/FreeRTOS/Source/stream_buffer.c **** }
 390:Middlewares/Third_Party/FreeRTOS/Source/stream_buffer.c **** /*-----------------------------------------------------------*/
 391:Middlewares/Third_Party/FreeRTOS/Source/stream_buffer.c **** 
 392:Middlewares/Third_Party/FreeRTOS/Source/stream_buffer.c **** BaseType_t xStreamBufferReset( StreamBufferHandle_t xStreamBuffer )
 393:Middlewares/Third_Party/FreeRTOS/Source/stream_buffer.c **** {
 394:Middlewares/Third_Party/FreeRTOS/Source/stream_buffer.c **** StreamBuffer_t * const pxStreamBuffer = xStreamBuffer;
 395:Middlewares/Third_Party/FreeRTOS/Source/stream_buffer.c **** BaseType_t xReturn = pdFAIL;
 396:Middlewares/Third_Party/FreeRTOS/Source/stream_buffer.c **** 
 397:Middlewares/Third_Party/FreeRTOS/Source/stream_buffer.c **** #if( configUSE_TRACE_FACILITY == 1 )
 398:Middlewares/Third_Party/FreeRTOS/Source/stream_buffer.c **** 	UBaseType_t uxStreamBufferNumber;
 399:Middlewares/Third_Party/FreeRTOS/Source/stream_buffer.c **** #endif
 400:Middlewares/Third_Party/FreeRTOS/Source/stream_buffer.c **** 
 401:Middlewares/Third_Party/FreeRTOS/Source/stream_buffer.c **** 	configASSERT( pxStreamBuffer );
 402:Middlewares/Third_Party/FreeRTOS/Source/stream_buffer.c **** 
 403:Middlewares/Third_Party/FreeRTOS/Source/stream_buffer.c **** 	#if( configUSE_TRACE_FACILITY == 1 )
 404:Middlewares/Third_Party/FreeRTOS/Source/stream_buffer.c **** 	{
 405:Middlewares/Third_Party/FreeRTOS/Source/stream_buffer.c **** 		/* Store the stream buffer number so it can be restored after the
 406:Middlewares/Third_Party/FreeRTOS/Source/stream_buffer.c **** 		reset. */
 407:Middlewares/Third_Party/FreeRTOS/Source/stream_buffer.c **** 		uxStreamBufferNumber = pxStreamBuffer->uxStreamBufferNumber;
 408:Middlewares/Third_Party/FreeRTOS/Source/stream_buffer.c **** 	}
 409:Middlewares/Third_Party/FreeRTOS/Source/stream_buffer.c **** 	#endif
 410:Middlewares/Third_Party/FreeRTOS/Source/stream_buffer.c **** 
 411:Middlewares/Third_Party/FreeRTOS/Source/stream_buffer.c **** 	/* Can only reset a message buffer if there are no tasks blocked on it. */
 412:Middlewares/Third_Party/FreeRTOS/Source/stream_buffer.c **** 	taskENTER_CRITICAL();
 413:Middlewares/Third_Party/FreeRTOS/Source/stream_buffer.c **** 	{
 414:Middlewares/Third_Party/FreeRTOS/Source/stream_buffer.c **** 		if( pxStreamBuffer->xTaskWaitingToReceive == NULL )
 415:Middlewares/Third_Party/FreeRTOS/Source/stream_buffer.c **** 		{
 416:Middlewares/Third_Party/FreeRTOS/Source/stream_buffer.c **** 			if( pxStreamBuffer->xTaskWaitingToSend == NULL )
 417:Middlewares/Third_Party/FreeRTOS/Source/stream_buffer.c **** 			{
 418:Middlewares/Third_Party/FreeRTOS/Source/stream_buffer.c **** 				prvInitialiseNewStreamBuffer( pxStreamBuffer,
 419:Middlewares/Third_Party/FreeRTOS/Source/stream_buffer.c **** 											  pxStreamBuffer->pucBuffer,
 420:Middlewares/Third_Party/FreeRTOS/Source/stream_buffer.c **** 											  pxStreamBuffer->xLength,
 421:Middlewares/Third_Party/FreeRTOS/Source/stream_buffer.c **** 											  pxStreamBuffer->xTriggerLevelBytes,
 422:Middlewares/Third_Party/FreeRTOS/Source/stream_buffer.c **** 											  pxStreamBuffer->ucFlags );
 423:Middlewares/Third_Party/FreeRTOS/Source/stream_buffer.c **** 				xReturn = pdPASS;
 424:Middlewares/Third_Party/FreeRTOS/Source/stream_buffer.c **** 
 425:Middlewares/Third_Party/FreeRTOS/Source/stream_buffer.c **** 				#if( configUSE_TRACE_FACILITY == 1 )
 426:Middlewares/Third_Party/FreeRTOS/Source/stream_buffer.c **** 				{
 427:Middlewares/Third_Party/FreeRTOS/Source/stream_buffer.c **** 					pxStreamBuffer->uxStreamBufferNumber = uxStreamBufferNumber;
 428:Middlewares/Third_Party/FreeRTOS/Source/stream_buffer.c **** 				}
 429:Middlewares/Third_Party/FreeRTOS/Source/stream_buffer.c **** 				#endif
 430:Middlewares/Third_Party/FreeRTOS/Source/stream_buffer.c **** 
 431:Middlewares/Third_Party/FreeRTOS/Source/stream_buffer.c **** 				traceSTREAM_BUFFER_RESET( xStreamBuffer );
ARM GAS  C:\Users\subdia\AppData\Local\Temp\ccZGXZAV.s 			page 9


 432:Middlewares/Third_Party/FreeRTOS/Source/stream_buffer.c **** 			}
 433:Middlewares/Third_Party/FreeRTOS/Source/stream_buffer.c **** 		}
 434:Middlewares/Third_Party/FreeRTOS/Source/stream_buffer.c **** 	}
 435:Middlewares/Third_Party/FreeRTOS/Source/stream_buffer.c **** 	taskEXIT_CRITICAL();
 436:Middlewares/Third_Party/FreeRTOS/Source/stream_buffer.c **** 
 437:Middlewares/Third_Party/FreeRTOS/Source/stream_buffer.c **** 	return xReturn;
 438:Middlewares/Third_Party/FreeRTOS/Source/stream_buffer.c **** }
 439:Middlewares/Third_Party/FreeRTOS/Source/stream_buffer.c **** /*-----------------------------------------------------------*/
 440:Middlewares/Third_Party/FreeRTOS/Source/stream_buffer.c **** 
 441:Middlewares/Third_Party/FreeRTOS/Source/stream_buffer.c **** BaseType_t xStreamBufferSetTriggerLevel( StreamBufferHandle_t xStreamBuffer, size_t xTriggerLevel )
 442:Middlewares/Third_Party/FreeRTOS/Source/stream_buffer.c **** {
 443:Middlewares/Third_Party/FreeRTOS/Source/stream_buffer.c **** StreamBuffer_t * const pxStreamBuffer = xStreamBuffer;
 444:Middlewares/Third_Party/FreeRTOS/Source/stream_buffer.c **** BaseType_t xReturn;
 445:Middlewares/Third_Party/FreeRTOS/Source/stream_buffer.c **** 
 446:Middlewares/Third_Party/FreeRTOS/Source/stream_buffer.c **** 	configASSERT( pxStreamBuffer );
 447:Middlewares/Third_Party/FreeRTOS/Source/stream_buffer.c **** 
 448:Middlewares/Third_Party/FreeRTOS/Source/stream_buffer.c **** 	/* It is not valid for the trigger level to be 0. */
 449:Middlewares/Third_Party/FreeRTOS/Source/stream_buffer.c **** 	if( xTriggerLevel == ( size_t ) 0 )
 450:Middlewares/Third_Party/FreeRTOS/Source/stream_buffer.c **** 	{
 451:Middlewares/Third_Party/FreeRTOS/Source/stream_buffer.c **** 		xTriggerLevel = ( size_t ) 1;
 452:Middlewares/Third_Party/FreeRTOS/Source/stream_buffer.c **** 	}
 453:Middlewares/Third_Party/FreeRTOS/Source/stream_buffer.c **** 
 454:Middlewares/Third_Party/FreeRTOS/Source/stream_buffer.c **** 	/* The trigger level is the number of bytes that must be in the stream
 455:Middlewares/Third_Party/FreeRTOS/Source/stream_buffer.c **** 	buffer before a task that is waiting for data is unblocked. */
 456:Middlewares/Third_Party/FreeRTOS/Source/stream_buffer.c **** 	if( xTriggerLevel <= pxStreamBuffer->xLength )
 457:Middlewares/Third_Party/FreeRTOS/Source/stream_buffer.c **** 	{
 458:Middlewares/Third_Party/FreeRTOS/Source/stream_buffer.c **** 		pxStreamBuffer->xTriggerLevelBytes = xTriggerLevel;
 459:Middlewares/Third_Party/FreeRTOS/Source/stream_buffer.c **** 		xReturn = pdPASS;
 460:Middlewares/Third_Party/FreeRTOS/Source/stream_buffer.c **** 	}
 461:Middlewares/Third_Party/FreeRTOS/Source/stream_buffer.c **** 	else
 462:Middlewares/Third_Party/FreeRTOS/Source/stream_buffer.c **** 	{
 463:Middlewares/Third_Party/FreeRTOS/Source/stream_buffer.c **** 		xReturn = pdFALSE;
 464:Middlewares/Third_Party/FreeRTOS/Source/stream_buffer.c **** 	}
 465:Middlewares/Third_Party/FreeRTOS/Source/stream_buffer.c **** 
 466:Middlewares/Third_Party/FreeRTOS/Source/stream_buffer.c **** 	return xReturn;
 467:Middlewares/Third_Party/FreeRTOS/Source/stream_buffer.c **** }
 468:Middlewares/Third_Party/FreeRTOS/Source/stream_buffer.c **** /*-----------------------------------------------------------*/
 469:Middlewares/Third_Party/FreeRTOS/Source/stream_buffer.c **** 
 470:Middlewares/Third_Party/FreeRTOS/Source/stream_buffer.c **** size_t xStreamBufferSpacesAvailable( StreamBufferHandle_t xStreamBuffer )
 471:Middlewares/Third_Party/FreeRTOS/Source/stream_buffer.c **** {
 472:Middlewares/Third_Party/FreeRTOS/Source/stream_buffer.c **** const StreamBuffer_t * const pxStreamBuffer = xStreamBuffer;
 473:Middlewares/Third_Party/FreeRTOS/Source/stream_buffer.c **** size_t xSpace;
 474:Middlewares/Third_Party/FreeRTOS/Source/stream_buffer.c **** 
 475:Middlewares/Third_Party/FreeRTOS/Source/stream_buffer.c **** 	configASSERT( pxStreamBuffer );
 476:Middlewares/Third_Party/FreeRTOS/Source/stream_buffer.c **** 
 477:Middlewares/Third_Party/FreeRTOS/Source/stream_buffer.c **** 	xSpace = pxStreamBuffer->xLength + pxStreamBuffer->xTail;
 478:Middlewares/Third_Party/FreeRTOS/Source/stream_buffer.c **** 	xSpace -= pxStreamBuffer->xHead;
 479:Middlewares/Third_Party/FreeRTOS/Source/stream_buffer.c **** 	xSpace -= ( size_t ) 1;
 480:Middlewares/Third_Party/FreeRTOS/Source/stream_buffer.c **** 
 481:Middlewares/Third_Party/FreeRTOS/Source/stream_buffer.c **** 	if( xSpace >= pxStreamBuffer->xLength )
 482:Middlewares/Third_Party/FreeRTOS/Source/stream_buffer.c **** 	{
 483:Middlewares/Third_Party/FreeRTOS/Source/stream_buffer.c **** 		xSpace -= pxStreamBuffer->xLength;
 484:Middlewares/Third_Party/FreeRTOS/Source/stream_buffer.c **** 	}
 485:Middlewares/Third_Party/FreeRTOS/Source/stream_buffer.c **** 	else
 486:Middlewares/Third_Party/FreeRTOS/Source/stream_buffer.c **** 	{
 487:Middlewares/Third_Party/FreeRTOS/Source/stream_buffer.c **** 		mtCOVERAGE_TEST_MARKER();
 488:Middlewares/Third_Party/FreeRTOS/Source/stream_buffer.c **** 	}
ARM GAS  C:\Users\subdia\AppData\Local\Temp\ccZGXZAV.s 			page 10


 489:Middlewares/Third_Party/FreeRTOS/Source/stream_buffer.c **** 
 490:Middlewares/Third_Party/FreeRTOS/Source/stream_buffer.c **** 	return xSpace;
 491:Middlewares/Third_Party/FreeRTOS/Source/stream_buffer.c **** }
 492:Middlewares/Third_Party/FreeRTOS/Source/stream_buffer.c **** /*-----------------------------------------------------------*/
 493:Middlewares/Third_Party/FreeRTOS/Source/stream_buffer.c **** 
 494:Middlewares/Third_Party/FreeRTOS/Source/stream_buffer.c **** size_t xStreamBufferBytesAvailable( StreamBufferHandle_t xStreamBuffer )
 495:Middlewares/Third_Party/FreeRTOS/Source/stream_buffer.c **** {
 496:Middlewares/Third_Party/FreeRTOS/Source/stream_buffer.c **** const StreamBuffer_t * const pxStreamBuffer = xStreamBuffer;
 497:Middlewares/Third_Party/FreeRTOS/Source/stream_buffer.c **** size_t xReturn;
 498:Middlewares/Third_Party/FreeRTOS/Source/stream_buffer.c **** 
 499:Middlewares/Third_Party/FreeRTOS/Source/stream_buffer.c **** 	configASSERT( pxStreamBuffer );
 500:Middlewares/Third_Party/FreeRTOS/Source/stream_buffer.c **** 
 501:Middlewares/Third_Party/FreeRTOS/Source/stream_buffer.c **** 	xReturn = prvBytesInBuffer( pxStreamBuffer );
 502:Middlewares/Third_Party/FreeRTOS/Source/stream_buffer.c **** 	return xReturn;
 503:Middlewares/Third_Party/FreeRTOS/Source/stream_buffer.c **** }
 504:Middlewares/Third_Party/FreeRTOS/Source/stream_buffer.c **** /*-----------------------------------------------------------*/
 505:Middlewares/Third_Party/FreeRTOS/Source/stream_buffer.c **** 
 506:Middlewares/Third_Party/FreeRTOS/Source/stream_buffer.c **** size_t xStreamBufferSend( StreamBufferHandle_t xStreamBuffer,
 507:Middlewares/Third_Party/FreeRTOS/Source/stream_buffer.c **** 						  const void *pvTxData,
 508:Middlewares/Third_Party/FreeRTOS/Source/stream_buffer.c **** 						  size_t xDataLengthBytes,
 509:Middlewares/Third_Party/FreeRTOS/Source/stream_buffer.c **** 						  TickType_t xTicksToWait )
 510:Middlewares/Third_Party/FreeRTOS/Source/stream_buffer.c **** {
 511:Middlewares/Third_Party/FreeRTOS/Source/stream_buffer.c **** StreamBuffer_t * const pxStreamBuffer = xStreamBuffer;
 512:Middlewares/Third_Party/FreeRTOS/Source/stream_buffer.c **** size_t xReturn, xSpace = 0;
 513:Middlewares/Third_Party/FreeRTOS/Source/stream_buffer.c **** size_t xRequiredSpace = xDataLengthBytes;
 514:Middlewares/Third_Party/FreeRTOS/Source/stream_buffer.c **** TimeOut_t xTimeOut;
 515:Middlewares/Third_Party/FreeRTOS/Source/stream_buffer.c **** 
 516:Middlewares/Third_Party/FreeRTOS/Source/stream_buffer.c **** 	configASSERT( pvTxData );
 517:Middlewares/Third_Party/FreeRTOS/Source/stream_buffer.c **** 	configASSERT( pxStreamBuffer );
 518:Middlewares/Third_Party/FreeRTOS/Source/stream_buffer.c **** 
 519:Middlewares/Third_Party/FreeRTOS/Source/stream_buffer.c **** 	/* This send function is used to write to both message buffers and stream
 520:Middlewares/Third_Party/FreeRTOS/Source/stream_buffer.c **** 	buffers.  If this is a message buffer then the space needed must be
 521:Middlewares/Third_Party/FreeRTOS/Source/stream_buffer.c **** 	increased by the amount of bytes needed to store the length of the
 522:Middlewares/Third_Party/FreeRTOS/Source/stream_buffer.c **** 	message. */
 523:Middlewares/Third_Party/FreeRTOS/Source/stream_buffer.c **** 	if( ( pxStreamBuffer->ucFlags & sbFLAGS_IS_MESSAGE_BUFFER ) != ( uint8_t ) 0 )
 524:Middlewares/Third_Party/FreeRTOS/Source/stream_buffer.c **** 	{
 525:Middlewares/Third_Party/FreeRTOS/Source/stream_buffer.c **** 		xRequiredSpace += sbBYTES_TO_STORE_MESSAGE_LENGTH;
 526:Middlewares/Third_Party/FreeRTOS/Source/stream_buffer.c **** 
 527:Middlewares/Third_Party/FreeRTOS/Source/stream_buffer.c **** 		/* Overflow? */
 528:Middlewares/Third_Party/FreeRTOS/Source/stream_buffer.c **** 		configASSERT( xRequiredSpace > xDataLengthBytes );
 529:Middlewares/Third_Party/FreeRTOS/Source/stream_buffer.c **** 	}
 530:Middlewares/Third_Party/FreeRTOS/Source/stream_buffer.c **** 	else
 531:Middlewares/Third_Party/FreeRTOS/Source/stream_buffer.c **** 	{
 532:Middlewares/Third_Party/FreeRTOS/Source/stream_buffer.c **** 		mtCOVERAGE_TEST_MARKER();
 533:Middlewares/Third_Party/FreeRTOS/Source/stream_buffer.c **** 	}
 534:Middlewares/Third_Party/FreeRTOS/Source/stream_buffer.c **** 
 535:Middlewares/Third_Party/FreeRTOS/Source/stream_buffer.c **** 	if( xTicksToWait != ( TickType_t ) 0 )
 536:Middlewares/Third_Party/FreeRTOS/Source/stream_buffer.c **** 	{
 537:Middlewares/Third_Party/FreeRTOS/Source/stream_buffer.c **** 		vTaskSetTimeOutState( &xTimeOut );
 538:Middlewares/Third_Party/FreeRTOS/Source/stream_buffer.c **** 
 539:Middlewares/Third_Party/FreeRTOS/Source/stream_buffer.c **** 		do
 540:Middlewares/Third_Party/FreeRTOS/Source/stream_buffer.c **** 		{
 541:Middlewares/Third_Party/FreeRTOS/Source/stream_buffer.c **** 			/* Wait until the required number of bytes are free in the message
 542:Middlewares/Third_Party/FreeRTOS/Source/stream_buffer.c **** 			buffer. */
 543:Middlewares/Third_Party/FreeRTOS/Source/stream_buffer.c **** 			taskENTER_CRITICAL();
 544:Middlewares/Third_Party/FreeRTOS/Source/stream_buffer.c **** 			{
 545:Middlewares/Third_Party/FreeRTOS/Source/stream_buffer.c **** 				xSpace = xStreamBufferSpacesAvailable( pxStreamBuffer );
ARM GAS  C:\Users\subdia\AppData\Local\Temp\ccZGXZAV.s 			page 11


 546:Middlewares/Third_Party/FreeRTOS/Source/stream_buffer.c **** 
 547:Middlewares/Third_Party/FreeRTOS/Source/stream_buffer.c **** 				if( xSpace < xRequiredSpace )
 548:Middlewares/Third_Party/FreeRTOS/Source/stream_buffer.c **** 				{
 549:Middlewares/Third_Party/FreeRTOS/Source/stream_buffer.c **** 					/* Clear notification state as going to wait for space. */
 550:Middlewares/Third_Party/FreeRTOS/Source/stream_buffer.c **** 					( void ) xTaskNotifyStateClear( NULL );
 551:Middlewares/Third_Party/FreeRTOS/Source/stream_buffer.c **** 
 552:Middlewares/Third_Party/FreeRTOS/Source/stream_buffer.c **** 					/* Should only be one writer. */
 553:Middlewares/Third_Party/FreeRTOS/Source/stream_buffer.c **** 					configASSERT( pxStreamBuffer->xTaskWaitingToSend == NULL );
 554:Middlewares/Third_Party/FreeRTOS/Source/stream_buffer.c **** 					pxStreamBuffer->xTaskWaitingToSend = xTaskGetCurrentTaskHandle();
 555:Middlewares/Third_Party/FreeRTOS/Source/stream_buffer.c **** 				}
 556:Middlewares/Third_Party/FreeRTOS/Source/stream_buffer.c **** 				else
 557:Middlewares/Third_Party/FreeRTOS/Source/stream_buffer.c **** 				{
 558:Middlewares/Third_Party/FreeRTOS/Source/stream_buffer.c **** 					taskEXIT_CRITICAL();
 559:Middlewares/Third_Party/FreeRTOS/Source/stream_buffer.c **** 					break;
 560:Middlewares/Third_Party/FreeRTOS/Source/stream_buffer.c **** 				}
 561:Middlewares/Third_Party/FreeRTOS/Source/stream_buffer.c **** 			}
 562:Middlewares/Third_Party/FreeRTOS/Source/stream_buffer.c **** 			taskEXIT_CRITICAL();
 563:Middlewares/Third_Party/FreeRTOS/Source/stream_buffer.c **** 
 564:Middlewares/Third_Party/FreeRTOS/Source/stream_buffer.c **** 			traceBLOCKING_ON_STREAM_BUFFER_SEND( xStreamBuffer );
 565:Middlewares/Third_Party/FreeRTOS/Source/stream_buffer.c **** 			( void ) xTaskNotifyWait( ( uint32_t ) 0, ( uint32_t ) 0, NULL, xTicksToWait );
 566:Middlewares/Third_Party/FreeRTOS/Source/stream_buffer.c **** 			pxStreamBuffer->xTaskWaitingToSend = NULL;
 567:Middlewares/Third_Party/FreeRTOS/Source/stream_buffer.c **** 
 568:Middlewares/Third_Party/FreeRTOS/Source/stream_buffer.c **** 		} while( xTaskCheckForTimeOut( &xTimeOut, &xTicksToWait ) == pdFALSE );
 569:Middlewares/Third_Party/FreeRTOS/Source/stream_buffer.c **** 	}
 570:Middlewares/Third_Party/FreeRTOS/Source/stream_buffer.c **** 	else
 571:Middlewares/Third_Party/FreeRTOS/Source/stream_buffer.c **** 	{
 572:Middlewares/Third_Party/FreeRTOS/Source/stream_buffer.c **** 		mtCOVERAGE_TEST_MARKER();
 573:Middlewares/Third_Party/FreeRTOS/Source/stream_buffer.c **** 	}
 574:Middlewares/Third_Party/FreeRTOS/Source/stream_buffer.c **** 
 575:Middlewares/Third_Party/FreeRTOS/Source/stream_buffer.c **** 	if( xSpace == ( size_t ) 0 )
 576:Middlewares/Third_Party/FreeRTOS/Source/stream_buffer.c **** 	{
 577:Middlewares/Third_Party/FreeRTOS/Source/stream_buffer.c **** 		xSpace = xStreamBufferSpacesAvailable( pxStreamBuffer );
 578:Middlewares/Third_Party/FreeRTOS/Source/stream_buffer.c **** 	}
 579:Middlewares/Third_Party/FreeRTOS/Source/stream_buffer.c **** 	else
 580:Middlewares/Third_Party/FreeRTOS/Source/stream_buffer.c **** 	{
 581:Middlewares/Third_Party/FreeRTOS/Source/stream_buffer.c **** 		mtCOVERAGE_TEST_MARKER();
 582:Middlewares/Third_Party/FreeRTOS/Source/stream_buffer.c **** 	}
 583:Middlewares/Third_Party/FreeRTOS/Source/stream_buffer.c **** 
 584:Middlewares/Third_Party/FreeRTOS/Source/stream_buffer.c **** 	xReturn = prvWriteMessageToBuffer( pxStreamBuffer, pvTxData, xDataLengthBytes, xSpace, xRequiredSp
 585:Middlewares/Third_Party/FreeRTOS/Source/stream_buffer.c **** 
 586:Middlewares/Third_Party/FreeRTOS/Source/stream_buffer.c **** 	if( xReturn > ( size_t ) 0 )
 587:Middlewares/Third_Party/FreeRTOS/Source/stream_buffer.c **** 	{
 588:Middlewares/Third_Party/FreeRTOS/Source/stream_buffer.c **** 		traceSTREAM_BUFFER_SEND( xStreamBuffer, xReturn );
 589:Middlewares/Third_Party/FreeRTOS/Source/stream_buffer.c **** 
 590:Middlewares/Third_Party/FreeRTOS/Source/stream_buffer.c **** 		/* Was a task waiting for the data? */
 591:Middlewares/Third_Party/FreeRTOS/Source/stream_buffer.c **** 		if( prvBytesInBuffer( pxStreamBuffer ) >= pxStreamBuffer->xTriggerLevelBytes )
 592:Middlewares/Third_Party/FreeRTOS/Source/stream_buffer.c **** 		{
 593:Middlewares/Third_Party/FreeRTOS/Source/stream_buffer.c **** 			sbSEND_COMPLETED( pxStreamBuffer );
 594:Middlewares/Third_Party/FreeRTOS/Source/stream_buffer.c **** 		}
 595:Middlewares/Third_Party/FreeRTOS/Source/stream_buffer.c **** 		else
 596:Middlewares/Third_Party/FreeRTOS/Source/stream_buffer.c **** 		{
 597:Middlewares/Third_Party/FreeRTOS/Source/stream_buffer.c **** 			mtCOVERAGE_TEST_MARKER();
 598:Middlewares/Third_Party/FreeRTOS/Source/stream_buffer.c **** 		}
 599:Middlewares/Third_Party/FreeRTOS/Source/stream_buffer.c **** 	}
 600:Middlewares/Third_Party/FreeRTOS/Source/stream_buffer.c **** 	else
 601:Middlewares/Third_Party/FreeRTOS/Source/stream_buffer.c **** 	{
 602:Middlewares/Third_Party/FreeRTOS/Source/stream_buffer.c **** 		mtCOVERAGE_TEST_MARKER();
ARM GAS  C:\Users\subdia\AppData\Local\Temp\ccZGXZAV.s 			page 12


 603:Middlewares/Third_Party/FreeRTOS/Source/stream_buffer.c **** 		traceSTREAM_BUFFER_SEND_FAILED( xStreamBuffer );
 604:Middlewares/Third_Party/FreeRTOS/Source/stream_buffer.c **** 	}
 605:Middlewares/Third_Party/FreeRTOS/Source/stream_buffer.c **** 
 606:Middlewares/Third_Party/FreeRTOS/Source/stream_buffer.c **** 	return xReturn;
 607:Middlewares/Third_Party/FreeRTOS/Source/stream_buffer.c **** }
 608:Middlewares/Third_Party/FreeRTOS/Source/stream_buffer.c **** /*-----------------------------------------------------------*/
 609:Middlewares/Third_Party/FreeRTOS/Source/stream_buffer.c **** 
 610:Middlewares/Third_Party/FreeRTOS/Source/stream_buffer.c **** size_t xStreamBufferSendFromISR( StreamBufferHandle_t xStreamBuffer,
 611:Middlewares/Third_Party/FreeRTOS/Source/stream_buffer.c **** 								 const void *pvTxData,
 612:Middlewares/Third_Party/FreeRTOS/Source/stream_buffer.c **** 								 size_t xDataLengthBytes,
 613:Middlewares/Third_Party/FreeRTOS/Source/stream_buffer.c **** 								 BaseType_t * const pxHigherPriorityTaskWoken )
 614:Middlewares/Third_Party/FreeRTOS/Source/stream_buffer.c **** {
 615:Middlewares/Third_Party/FreeRTOS/Source/stream_buffer.c **** StreamBuffer_t * const pxStreamBuffer = xStreamBuffer;
 616:Middlewares/Third_Party/FreeRTOS/Source/stream_buffer.c **** size_t xReturn, xSpace;
 617:Middlewares/Third_Party/FreeRTOS/Source/stream_buffer.c **** size_t xRequiredSpace = xDataLengthBytes;
 618:Middlewares/Third_Party/FreeRTOS/Source/stream_buffer.c **** 
 619:Middlewares/Third_Party/FreeRTOS/Source/stream_buffer.c **** 	configASSERT( pvTxData );
 620:Middlewares/Third_Party/FreeRTOS/Source/stream_buffer.c **** 	configASSERT( pxStreamBuffer );
 621:Middlewares/Third_Party/FreeRTOS/Source/stream_buffer.c **** 
 622:Middlewares/Third_Party/FreeRTOS/Source/stream_buffer.c **** 	/* This send function is used to write to both message buffers and stream
 623:Middlewares/Third_Party/FreeRTOS/Source/stream_buffer.c **** 	buffers.  If this is a message buffer then the space needed must be
 624:Middlewares/Third_Party/FreeRTOS/Source/stream_buffer.c **** 	increased by the amount of bytes needed to store the length of the
 625:Middlewares/Third_Party/FreeRTOS/Source/stream_buffer.c **** 	message. */
 626:Middlewares/Third_Party/FreeRTOS/Source/stream_buffer.c **** 	if( ( pxStreamBuffer->ucFlags & sbFLAGS_IS_MESSAGE_BUFFER ) != ( uint8_t ) 0 )
 627:Middlewares/Third_Party/FreeRTOS/Source/stream_buffer.c **** 	{
 628:Middlewares/Third_Party/FreeRTOS/Source/stream_buffer.c **** 		xRequiredSpace += sbBYTES_TO_STORE_MESSAGE_LENGTH;
 629:Middlewares/Third_Party/FreeRTOS/Source/stream_buffer.c **** 	}
 630:Middlewares/Third_Party/FreeRTOS/Source/stream_buffer.c **** 	else
 631:Middlewares/Third_Party/FreeRTOS/Source/stream_buffer.c **** 	{
 632:Middlewares/Third_Party/FreeRTOS/Source/stream_buffer.c **** 		mtCOVERAGE_TEST_MARKER();
 633:Middlewares/Third_Party/FreeRTOS/Source/stream_buffer.c **** 	}
 634:Middlewares/Third_Party/FreeRTOS/Source/stream_buffer.c **** 
 635:Middlewares/Third_Party/FreeRTOS/Source/stream_buffer.c **** 	xSpace = xStreamBufferSpacesAvailable( pxStreamBuffer );
 636:Middlewares/Third_Party/FreeRTOS/Source/stream_buffer.c **** 	xReturn = prvWriteMessageToBuffer( pxStreamBuffer, pvTxData, xDataLengthBytes, xSpace, xRequiredSp
 637:Middlewares/Third_Party/FreeRTOS/Source/stream_buffer.c **** 
 638:Middlewares/Third_Party/FreeRTOS/Source/stream_buffer.c **** 	if( xReturn > ( size_t ) 0 )
 639:Middlewares/Third_Party/FreeRTOS/Source/stream_buffer.c **** 	{
 640:Middlewares/Third_Party/FreeRTOS/Source/stream_buffer.c **** 		/* Was a task waiting for the data? */
 641:Middlewares/Third_Party/FreeRTOS/Source/stream_buffer.c **** 		if( prvBytesInBuffer( pxStreamBuffer ) >= pxStreamBuffer->xTriggerLevelBytes )
 642:Middlewares/Third_Party/FreeRTOS/Source/stream_buffer.c **** 		{
 643:Middlewares/Third_Party/FreeRTOS/Source/stream_buffer.c **** 			sbSEND_COMPLETE_FROM_ISR( pxStreamBuffer, pxHigherPriorityTaskWoken );
 644:Middlewares/Third_Party/FreeRTOS/Source/stream_buffer.c **** 		}
 645:Middlewares/Third_Party/FreeRTOS/Source/stream_buffer.c **** 		else
 646:Middlewares/Third_Party/FreeRTOS/Source/stream_buffer.c **** 		{
 647:Middlewares/Third_Party/FreeRTOS/Source/stream_buffer.c **** 			mtCOVERAGE_TEST_MARKER();
 648:Middlewares/Third_Party/FreeRTOS/Source/stream_buffer.c **** 		}
 649:Middlewares/Third_Party/FreeRTOS/Source/stream_buffer.c **** 	}
 650:Middlewares/Third_Party/FreeRTOS/Source/stream_buffer.c **** 	else
 651:Middlewares/Third_Party/FreeRTOS/Source/stream_buffer.c **** 	{
 652:Middlewares/Third_Party/FreeRTOS/Source/stream_buffer.c **** 		mtCOVERAGE_TEST_MARKER();
 653:Middlewares/Third_Party/FreeRTOS/Source/stream_buffer.c **** 	}
 654:Middlewares/Third_Party/FreeRTOS/Source/stream_buffer.c **** 
 655:Middlewares/Third_Party/FreeRTOS/Source/stream_buffer.c **** 	traceSTREAM_BUFFER_SEND_FROM_ISR( xStreamBuffer, xReturn );
 656:Middlewares/Third_Party/FreeRTOS/Source/stream_buffer.c **** 
 657:Middlewares/Third_Party/FreeRTOS/Source/stream_buffer.c **** 	return xReturn;
 658:Middlewares/Third_Party/FreeRTOS/Source/stream_buffer.c **** }
 659:Middlewares/Third_Party/FreeRTOS/Source/stream_buffer.c **** /*-----------------------------------------------------------*/
ARM GAS  C:\Users\subdia\AppData\Local\Temp\ccZGXZAV.s 			page 13


 660:Middlewares/Third_Party/FreeRTOS/Source/stream_buffer.c **** 
 661:Middlewares/Third_Party/FreeRTOS/Source/stream_buffer.c **** static size_t prvWriteMessageToBuffer( StreamBuffer_t * const pxStreamBuffer,
 662:Middlewares/Third_Party/FreeRTOS/Source/stream_buffer.c **** 									   const void * pvTxData,
 663:Middlewares/Third_Party/FreeRTOS/Source/stream_buffer.c **** 									   size_t xDataLengthBytes,
 664:Middlewares/Third_Party/FreeRTOS/Source/stream_buffer.c **** 									   size_t xSpace,
 665:Middlewares/Third_Party/FreeRTOS/Source/stream_buffer.c **** 									   size_t xRequiredSpace )
 666:Middlewares/Third_Party/FreeRTOS/Source/stream_buffer.c **** {
 667:Middlewares/Third_Party/FreeRTOS/Source/stream_buffer.c **** 	BaseType_t xShouldWrite;
 668:Middlewares/Third_Party/FreeRTOS/Source/stream_buffer.c **** 	size_t xReturn;
 669:Middlewares/Third_Party/FreeRTOS/Source/stream_buffer.c **** 
 670:Middlewares/Third_Party/FreeRTOS/Source/stream_buffer.c **** 	if( xSpace == ( size_t ) 0 )
 671:Middlewares/Third_Party/FreeRTOS/Source/stream_buffer.c **** 	{
 672:Middlewares/Third_Party/FreeRTOS/Source/stream_buffer.c **** 		/* Doesn't matter if this is a stream buffer or a message buffer, there
 673:Middlewares/Third_Party/FreeRTOS/Source/stream_buffer.c **** 		is no space to write. */
 674:Middlewares/Third_Party/FreeRTOS/Source/stream_buffer.c **** 		xShouldWrite = pdFALSE;
 675:Middlewares/Third_Party/FreeRTOS/Source/stream_buffer.c **** 	}
 676:Middlewares/Third_Party/FreeRTOS/Source/stream_buffer.c **** 	else if( ( pxStreamBuffer->ucFlags & sbFLAGS_IS_MESSAGE_BUFFER ) == ( uint8_t ) 0 )
 677:Middlewares/Third_Party/FreeRTOS/Source/stream_buffer.c **** 	{
 678:Middlewares/Third_Party/FreeRTOS/Source/stream_buffer.c **** 		/* This is a stream buffer, as opposed to a message buffer, so writing a
 679:Middlewares/Third_Party/FreeRTOS/Source/stream_buffer.c **** 		stream of bytes rather than discrete messages.  Write as many bytes as
 680:Middlewares/Third_Party/FreeRTOS/Source/stream_buffer.c **** 		possible. */
 681:Middlewares/Third_Party/FreeRTOS/Source/stream_buffer.c **** 		xShouldWrite = pdTRUE;
 682:Middlewares/Third_Party/FreeRTOS/Source/stream_buffer.c **** 		xDataLengthBytes = configMIN( xDataLengthBytes, xSpace );
 683:Middlewares/Third_Party/FreeRTOS/Source/stream_buffer.c **** 	}
 684:Middlewares/Third_Party/FreeRTOS/Source/stream_buffer.c **** 	else if( xSpace >= xRequiredSpace )
 685:Middlewares/Third_Party/FreeRTOS/Source/stream_buffer.c **** 	{
 686:Middlewares/Third_Party/FreeRTOS/Source/stream_buffer.c **** 		/* This is a message buffer, as opposed to a stream buffer, and there
 687:Middlewares/Third_Party/FreeRTOS/Source/stream_buffer.c **** 		is enough space to write both the message length and the message itself
 688:Middlewares/Third_Party/FreeRTOS/Source/stream_buffer.c **** 		into the buffer.  Start by writing the length of the data, the data
 689:Middlewares/Third_Party/FreeRTOS/Source/stream_buffer.c **** 		itself will be written later in this function. */
 690:Middlewares/Third_Party/FreeRTOS/Source/stream_buffer.c **** 		xShouldWrite = pdTRUE;
 691:Middlewares/Third_Party/FreeRTOS/Source/stream_buffer.c **** 		( void ) prvWriteBytesToBuffer( pxStreamBuffer, ( const uint8_t * ) &( xDataLengthBytes ), sbBYTE
 692:Middlewares/Third_Party/FreeRTOS/Source/stream_buffer.c **** 	}
 693:Middlewares/Third_Party/FreeRTOS/Source/stream_buffer.c **** 	else
 694:Middlewares/Third_Party/FreeRTOS/Source/stream_buffer.c **** 	{
 695:Middlewares/Third_Party/FreeRTOS/Source/stream_buffer.c **** 		/* There is space available, but not enough space. */
 696:Middlewares/Third_Party/FreeRTOS/Source/stream_buffer.c **** 		xShouldWrite = pdFALSE;
 697:Middlewares/Third_Party/FreeRTOS/Source/stream_buffer.c **** 	}
 698:Middlewares/Third_Party/FreeRTOS/Source/stream_buffer.c **** 
 699:Middlewares/Third_Party/FreeRTOS/Source/stream_buffer.c **** 	if( xShouldWrite != pdFALSE )
 700:Middlewares/Third_Party/FreeRTOS/Source/stream_buffer.c **** 	{
 701:Middlewares/Third_Party/FreeRTOS/Source/stream_buffer.c **** 		/* Writes the data itself. */
 702:Middlewares/Third_Party/FreeRTOS/Source/stream_buffer.c **** 		xReturn = prvWriteBytesToBuffer( pxStreamBuffer, ( const uint8_t * ) pvTxData, xDataLengthBytes )
 703:Middlewares/Third_Party/FreeRTOS/Source/stream_buffer.c **** 	}
 704:Middlewares/Third_Party/FreeRTOS/Source/stream_buffer.c **** 	else
 705:Middlewares/Third_Party/FreeRTOS/Source/stream_buffer.c **** 	{
 706:Middlewares/Third_Party/FreeRTOS/Source/stream_buffer.c **** 		xReturn = 0;
 707:Middlewares/Third_Party/FreeRTOS/Source/stream_buffer.c **** 	}
 708:Middlewares/Third_Party/FreeRTOS/Source/stream_buffer.c **** 
 709:Middlewares/Third_Party/FreeRTOS/Source/stream_buffer.c **** 	return xReturn;
 710:Middlewares/Third_Party/FreeRTOS/Source/stream_buffer.c **** }
 711:Middlewares/Third_Party/FreeRTOS/Source/stream_buffer.c **** /*-----------------------------------------------------------*/
 712:Middlewares/Third_Party/FreeRTOS/Source/stream_buffer.c **** 
 713:Middlewares/Third_Party/FreeRTOS/Source/stream_buffer.c **** size_t xStreamBufferReceive( StreamBufferHandle_t xStreamBuffer,
 714:Middlewares/Third_Party/FreeRTOS/Source/stream_buffer.c **** 							 void *pvRxData,
 715:Middlewares/Third_Party/FreeRTOS/Source/stream_buffer.c **** 							 size_t xBufferLengthBytes,
 716:Middlewares/Third_Party/FreeRTOS/Source/stream_buffer.c **** 							 TickType_t xTicksToWait )
ARM GAS  C:\Users\subdia\AppData\Local\Temp\ccZGXZAV.s 			page 14


 717:Middlewares/Third_Party/FreeRTOS/Source/stream_buffer.c **** {
 718:Middlewares/Third_Party/FreeRTOS/Source/stream_buffer.c **** StreamBuffer_t * const pxStreamBuffer = xStreamBuffer;
 719:Middlewares/Third_Party/FreeRTOS/Source/stream_buffer.c **** size_t xReceivedLength = 0, xBytesAvailable, xBytesToStoreMessageLength;
 720:Middlewares/Third_Party/FreeRTOS/Source/stream_buffer.c **** 
 721:Middlewares/Third_Party/FreeRTOS/Source/stream_buffer.c **** 	configASSERT( pvRxData );
 722:Middlewares/Third_Party/FreeRTOS/Source/stream_buffer.c **** 	configASSERT( pxStreamBuffer );
 723:Middlewares/Third_Party/FreeRTOS/Source/stream_buffer.c **** 
 724:Middlewares/Third_Party/FreeRTOS/Source/stream_buffer.c **** 	/* This receive function is used by both message buffers, which store
 725:Middlewares/Third_Party/FreeRTOS/Source/stream_buffer.c **** 	discrete messages, and stream buffers, which store a continuous stream of
 726:Middlewares/Third_Party/FreeRTOS/Source/stream_buffer.c **** 	bytes.  Discrete messages include an additional
 727:Middlewares/Third_Party/FreeRTOS/Source/stream_buffer.c **** 	sbBYTES_TO_STORE_MESSAGE_LENGTH bytes that hold the length of the
 728:Middlewares/Third_Party/FreeRTOS/Source/stream_buffer.c **** 	message. */
 729:Middlewares/Third_Party/FreeRTOS/Source/stream_buffer.c **** 	if( ( pxStreamBuffer->ucFlags & sbFLAGS_IS_MESSAGE_BUFFER ) != ( uint8_t ) 0 )
 730:Middlewares/Third_Party/FreeRTOS/Source/stream_buffer.c **** 	{
 731:Middlewares/Third_Party/FreeRTOS/Source/stream_buffer.c **** 		xBytesToStoreMessageLength = sbBYTES_TO_STORE_MESSAGE_LENGTH;
 732:Middlewares/Third_Party/FreeRTOS/Source/stream_buffer.c **** 	}
 733:Middlewares/Third_Party/FreeRTOS/Source/stream_buffer.c **** 	else
 734:Middlewares/Third_Party/FreeRTOS/Source/stream_buffer.c **** 	{
 735:Middlewares/Third_Party/FreeRTOS/Source/stream_buffer.c **** 		xBytesToStoreMessageLength = 0;
 736:Middlewares/Third_Party/FreeRTOS/Source/stream_buffer.c **** 	}
 737:Middlewares/Third_Party/FreeRTOS/Source/stream_buffer.c **** 
 738:Middlewares/Third_Party/FreeRTOS/Source/stream_buffer.c **** 	if( xTicksToWait != ( TickType_t ) 0 )
 739:Middlewares/Third_Party/FreeRTOS/Source/stream_buffer.c **** 	{
 740:Middlewares/Third_Party/FreeRTOS/Source/stream_buffer.c **** 		/* Checking if there is data and clearing the notification state must be
 741:Middlewares/Third_Party/FreeRTOS/Source/stream_buffer.c **** 		performed atomically. */
 742:Middlewares/Third_Party/FreeRTOS/Source/stream_buffer.c **** 		taskENTER_CRITICAL();
 743:Middlewares/Third_Party/FreeRTOS/Source/stream_buffer.c **** 		{
 744:Middlewares/Third_Party/FreeRTOS/Source/stream_buffer.c **** 			xBytesAvailable = prvBytesInBuffer( pxStreamBuffer );
 745:Middlewares/Third_Party/FreeRTOS/Source/stream_buffer.c **** 
 746:Middlewares/Third_Party/FreeRTOS/Source/stream_buffer.c **** 			/* If this function was invoked by a message buffer read then
 747:Middlewares/Third_Party/FreeRTOS/Source/stream_buffer.c **** 			xBytesToStoreMessageLength holds the number of bytes used to hold
 748:Middlewares/Third_Party/FreeRTOS/Source/stream_buffer.c **** 			the length of the next discrete message.  If this function was
 749:Middlewares/Third_Party/FreeRTOS/Source/stream_buffer.c **** 			invoked by a stream buffer read then xBytesToStoreMessageLength will
 750:Middlewares/Third_Party/FreeRTOS/Source/stream_buffer.c **** 			be 0. */
 751:Middlewares/Third_Party/FreeRTOS/Source/stream_buffer.c **** 			if( xBytesAvailable <= xBytesToStoreMessageLength )
 752:Middlewares/Third_Party/FreeRTOS/Source/stream_buffer.c **** 			{
 753:Middlewares/Third_Party/FreeRTOS/Source/stream_buffer.c **** 				/* Clear notification state as going to wait for data. */
 754:Middlewares/Third_Party/FreeRTOS/Source/stream_buffer.c **** 				( void ) xTaskNotifyStateClear( NULL );
 755:Middlewares/Third_Party/FreeRTOS/Source/stream_buffer.c **** 
 756:Middlewares/Third_Party/FreeRTOS/Source/stream_buffer.c **** 				/* Should only be one reader. */
 757:Middlewares/Third_Party/FreeRTOS/Source/stream_buffer.c **** 				configASSERT( pxStreamBuffer->xTaskWaitingToReceive == NULL );
 758:Middlewares/Third_Party/FreeRTOS/Source/stream_buffer.c **** 				pxStreamBuffer->xTaskWaitingToReceive = xTaskGetCurrentTaskHandle();
 759:Middlewares/Third_Party/FreeRTOS/Source/stream_buffer.c **** 			}
 760:Middlewares/Third_Party/FreeRTOS/Source/stream_buffer.c **** 			else
 761:Middlewares/Third_Party/FreeRTOS/Source/stream_buffer.c **** 			{
 762:Middlewares/Third_Party/FreeRTOS/Source/stream_buffer.c **** 				mtCOVERAGE_TEST_MARKER();
 763:Middlewares/Third_Party/FreeRTOS/Source/stream_buffer.c **** 			}
 764:Middlewares/Third_Party/FreeRTOS/Source/stream_buffer.c **** 		}
 765:Middlewares/Third_Party/FreeRTOS/Source/stream_buffer.c **** 		taskEXIT_CRITICAL();
 766:Middlewares/Third_Party/FreeRTOS/Source/stream_buffer.c **** 
 767:Middlewares/Third_Party/FreeRTOS/Source/stream_buffer.c **** 		if( xBytesAvailable <= xBytesToStoreMessageLength )
 768:Middlewares/Third_Party/FreeRTOS/Source/stream_buffer.c **** 		{
 769:Middlewares/Third_Party/FreeRTOS/Source/stream_buffer.c **** 			/* Wait for data to be available. */
 770:Middlewares/Third_Party/FreeRTOS/Source/stream_buffer.c **** 			traceBLOCKING_ON_STREAM_BUFFER_RECEIVE( xStreamBuffer );
 771:Middlewares/Third_Party/FreeRTOS/Source/stream_buffer.c **** 			( void ) xTaskNotifyWait( ( uint32_t ) 0, ( uint32_t ) 0, NULL, xTicksToWait );
 772:Middlewares/Third_Party/FreeRTOS/Source/stream_buffer.c **** 			pxStreamBuffer->xTaskWaitingToReceive = NULL;
 773:Middlewares/Third_Party/FreeRTOS/Source/stream_buffer.c **** 
ARM GAS  C:\Users\subdia\AppData\Local\Temp\ccZGXZAV.s 			page 15


 774:Middlewares/Third_Party/FreeRTOS/Source/stream_buffer.c **** 			/* Recheck the data available after blocking. */
 775:Middlewares/Third_Party/FreeRTOS/Source/stream_buffer.c **** 			xBytesAvailable = prvBytesInBuffer( pxStreamBuffer );
 776:Middlewares/Third_Party/FreeRTOS/Source/stream_buffer.c **** 		}
 777:Middlewares/Third_Party/FreeRTOS/Source/stream_buffer.c **** 		else
 778:Middlewares/Third_Party/FreeRTOS/Source/stream_buffer.c **** 		{
 779:Middlewares/Third_Party/FreeRTOS/Source/stream_buffer.c **** 			mtCOVERAGE_TEST_MARKER();
 780:Middlewares/Third_Party/FreeRTOS/Source/stream_buffer.c **** 		}
 781:Middlewares/Third_Party/FreeRTOS/Source/stream_buffer.c **** 	}
 782:Middlewares/Third_Party/FreeRTOS/Source/stream_buffer.c **** 	else
 783:Middlewares/Third_Party/FreeRTOS/Source/stream_buffer.c **** 	{
 784:Middlewares/Third_Party/FreeRTOS/Source/stream_buffer.c **** 		xBytesAvailable = prvBytesInBuffer( pxStreamBuffer );
 785:Middlewares/Third_Party/FreeRTOS/Source/stream_buffer.c **** 	}
 786:Middlewares/Third_Party/FreeRTOS/Source/stream_buffer.c **** 
 787:Middlewares/Third_Party/FreeRTOS/Source/stream_buffer.c **** 	/* Whether receiving a discrete message (where xBytesToStoreMessageLength
 788:Middlewares/Third_Party/FreeRTOS/Source/stream_buffer.c **** 	holds the number of bytes used to store the message length) or a stream of
 789:Middlewares/Third_Party/FreeRTOS/Source/stream_buffer.c **** 	bytes (where xBytesToStoreMessageLength is zero), the number of bytes
 790:Middlewares/Third_Party/FreeRTOS/Source/stream_buffer.c **** 	available must be greater than xBytesToStoreMessageLength to be able to
 791:Middlewares/Third_Party/FreeRTOS/Source/stream_buffer.c **** 	read bytes from the buffer. */
 792:Middlewares/Third_Party/FreeRTOS/Source/stream_buffer.c **** 	if( xBytesAvailable > xBytesToStoreMessageLength )
 793:Middlewares/Third_Party/FreeRTOS/Source/stream_buffer.c **** 	{
 794:Middlewares/Third_Party/FreeRTOS/Source/stream_buffer.c **** 		xReceivedLength = prvReadMessageFromBuffer( pxStreamBuffer, pvRxData, xBufferLengthBytes, xBytesA
 795:Middlewares/Third_Party/FreeRTOS/Source/stream_buffer.c **** 
 796:Middlewares/Third_Party/FreeRTOS/Source/stream_buffer.c **** 		/* Was a task waiting for space in the buffer? */
 797:Middlewares/Third_Party/FreeRTOS/Source/stream_buffer.c **** 		if( xReceivedLength != ( size_t ) 0 )
 798:Middlewares/Third_Party/FreeRTOS/Source/stream_buffer.c **** 		{
 799:Middlewares/Third_Party/FreeRTOS/Source/stream_buffer.c **** 			traceSTREAM_BUFFER_RECEIVE( xStreamBuffer, xReceivedLength );
 800:Middlewares/Third_Party/FreeRTOS/Source/stream_buffer.c **** 			sbRECEIVE_COMPLETED( pxStreamBuffer );
 801:Middlewares/Third_Party/FreeRTOS/Source/stream_buffer.c **** 		}
 802:Middlewares/Third_Party/FreeRTOS/Source/stream_buffer.c **** 		else
 803:Middlewares/Third_Party/FreeRTOS/Source/stream_buffer.c **** 		{
 804:Middlewares/Third_Party/FreeRTOS/Source/stream_buffer.c **** 			mtCOVERAGE_TEST_MARKER();
 805:Middlewares/Third_Party/FreeRTOS/Source/stream_buffer.c **** 		}
 806:Middlewares/Third_Party/FreeRTOS/Source/stream_buffer.c **** 	}
 807:Middlewares/Third_Party/FreeRTOS/Source/stream_buffer.c **** 	else
 808:Middlewares/Third_Party/FreeRTOS/Source/stream_buffer.c **** 	{
 809:Middlewares/Third_Party/FreeRTOS/Source/stream_buffer.c **** 		traceSTREAM_BUFFER_RECEIVE_FAILED( xStreamBuffer );
 810:Middlewares/Third_Party/FreeRTOS/Source/stream_buffer.c **** 		mtCOVERAGE_TEST_MARKER();
 811:Middlewares/Third_Party/FreeRTOS/Source/stream_buffer.c **** 	}
 812:Middlewares/Third_Party/FreeRTOS/Source/stream_buffer.c **** 
 813:Middlewares/Third_Party/FreeRTOS/Source/stream_buffer.c **** 	return xReceivedLength;
 814:Middlewares/Third_Party/FreeRTOS/Source/stream_buffer.c **** }
 815:Middlewares/Third_Party/FreeRTOS/Source/stream_buffer.c **** /*-----------------------------------------------------------*/
 816:Middlewares/Third_Party/FreeRTOS/Source/stream_buffer.c **** 
 817:Middlewares/Third_Party/FreeRTOS/Source/stream_buffer.c **** size_t xStreamBufferNextMessageLengthBytes( StreamBufferHandle_t xStreamBuffer )
 818:Middlewares/Third_Party/FreeRTOS/Source/stream_buffer.c **** {
 819:Middlewares/Third_Party/FreeRTOS/Source/stream_buffer.c **** StreamBuffer_t * const pxStreamBuffer = xStreamBuffer;
 820:Middlewares/Third_Party/FreeRTOS/Source/stream_buffer.c **** size_t xReturn, xBytesAvailable, xOriginalTail;
 821:Middlewares/Third_Party/FreeRTOS/Source/stream_buffer.c **** configMESSAGE_BUFFER_LENGTH_TYPE xTempReturn;
 822:Middlewares/Third_Party/FreeRTOS/Source/stream_buffer.c **** 
 823:Middlewares/Third_Party/FreeRTOS/Source/stream_buffer.c **** 	configASSERT( pxStreamBuffer );
 824:Middlewares/Third_Party/FreeRTOS/Source/stream_buffer.c **** 
 825:Middlewares/Third_Party/FreeRTOS/Source/stream_buffer.c **** 	/* Ensure the stream buffer is being used as a message buffer. */
 826:Middlewares/Third_Party/FreeRTOS/Source/stream_buffer.c **** 	if( ( pxStreamBuffer->ucFlags & sbFLAGS_IS_MESSAGE_BUFFER ) != ( uint8_t ) 0 )
 827:Middlewares/Third_Party/FreeRTOS/Source/stream_buffer.c **** 	{
 828:Middlewares/Third_Party/FreeRTOS/Source/stream_buffer.c **** 		xBytesAvailable = prvBytesInBuffer( pxStreamBuffer );
 829:Middlewares/Third_Party/FreeRTOS/Source/stream_buffer.c **** 		if( xBytesAvailable > sbBYTES_TO_STORE_MESSAGE_LENGTH )
 830:Middlewares/Third_Party/FreeRTOS/Source/stream_buffer.c **** 		{
ARM GAS  C:\Users\subdia\AppData\Local\Temp\ccZGXZAV.s 			page 16


 831:Middlewares/Third_Party/FreeRTOS/Source/stream_buffer.c **** 			/* The number of bytes available is greater than the number of bytes
 832:Middlewares/Third_Party/FreeRTOS/Source/stream_buffer.c **** 			required to hold the length of the next message, so another message
 833:Middlewares/Third_Party/FreeRTOS/Source/stream_buffer.c **** 			is available.  Return its length without removing the length bytes
 834:Middlewares/Third_Party/FreeRTOS/Source/stream_buffer.c **** 			from the buffer.  A copy of the tail is stored so the buffer can be
 835:Middlewares/Third_Party/FreeRTOS/Source/stream_buffer.c **** 			returned to its prior state as the message is not actually being
 836:Middlewares/Third_Party/FreeRTOS/Source/stream_buffer.c **** 			removed from the buffer. */
 837:Middlewares/Third_Party/FreeRTOS/Source/stream_buffer.c **** 			xOriginalTail = pxStreamBuffer->xTail;
 838:Middlewares/Third_Party/FreeRTOS/Source/stream_buffer.c **** 			( void ) prvReadBytesFromBuffer( pxStreamBuffer, ( uint8_t * ) &xTempReturn, sbBYTES_TO_STORE_ME
 839:Middlewares/Third_Party/FreeRTOS/Source/stream_buffer.c **** 			xReturn = ( size_t ) xTempReturn;
 840:Middlewares/Third_Party/FreeRTOS/Source/stream_buffer.c **** 			pxStreamBuffer->xTail = xOriginalTail;
 841:Middlewares/Third_Party/FreeRTOS/Source/stream_buffer.c **** 		}
 842:Middlewares/Third_Party/FreeRTOS/Source/stream_buffer.c **** 		else
 843:Middlewares/Third_Party/FreeRTOS/Source/stream_buffer.c **** 		{
 844:Middlewares/Third_Party/FreeRTOS/Source/stream_buffer.c **** 			/* The minimum amount of bytes in a message buffer is
 845:Middlewares/Third_Party/FreeRTOS/Source/stream_buffer.c **** 			( sbBYTES_TO_STORE_MESSAGE_LENGTH + 1 ), so if xBytesAvailable is
 846:Middlewares/Third_Party/FreeRTOS/Source/stream_buffer.c **** 			less than sbBYTES_TO_STORE_MESSAGE_LENGTH the only other valid
 847:Middlewares/Third_Party/FreeRTOS/Source/stream_buffer.c **** 			value is 0. */
 848:Middlewares/Third_Party/FreeRTOS/Source/stream_buffer.c **** 			configASSERT( xBytesAvailable == 0 );
 849:Middlewares/Third_Party/FreeRTOS/Source/stream_buffer.c **** 			xReturn = 0;
 850:Middlewares/Third_Party/FreeRTOS/Source/stream_buffer.c **** 		}
 851:Middlewares/Third_Party/FreeRTOS/Source/stream_buffer.c **** 	}
 852:Middlewares/Third_Party/FreeRTOS/Source/stream_buffer.c **** 	else
 853:Middlewares/Third_Party/FreeRTOS/Source/stream_buffer.c **** 	{
 854:Middlewares/Third_Party/FreeRTOS/Source/stream_buffer.c **** 		xReturn = 0;
 855:Middlewares/Third_Party/FreeRTOS/Source/stream_buffer.c **** 	}
 856:Middlewares/Third_Party/FreeRTOS/Source/stream_buffer.c **** 
 857:Middlewares/Third_Party/FreeRTOS/Source/stream_buffer.c **** 	return xReturn;
 858:Middlewares/Third_Party/FreeRTOS/Source/stream_buffer.c **** }
 859:Middlewares/Third_Party/FreeRTOS/Source/stream_buffer.c **** /*-----------------------------------------------------------*/
 860:Middlewares/Third_Party/FreeRTOS/Source/stream_buffer.c **** 
 861:Middlewares/Third_Party/FreeRTOS/Source/stream_buffer.c **** size_t xStreamBufferReceiveFromISR( StreamBufferHandle_t xStreamBuffer,
 862:Middlewares/Third_Party/FreeRTOS/Source/stream_buffer.c **** 									void *pvRxData,
 863:Middlewares/Third_Party/FreeRTOS/Source/stream_buffer.c **** 									size_t xBufferLengthBytes,
 864:Middlewares/Third_Party/FreeRTOS/Source/stream_buffer.c **** 									BaseType_t * const pxHigherPriorityTaskWoken )
 865:Middlewares/Third_Party/FreeRTOS/Source/stream_buffer.c **** {
 866:Middlewares/Third_Party/FreeRTOS/Source/stream_buffer.c **** StreamBuffer_t * const pxStreamBuffer = xStreamBuffer;
 867:Middlewares/Third_Party/FreeRTOS/Source/stream_buffer.c **** size_t xReceivedLength = 0, xBytesAvailable, xBytesToStoreMessageLength;
 868:Middlewares/Third_Party/FreeRTOS/Source/stream_buffer.c **** 
 869:Middlewares/Third_Party/FreeRTOS/Source/stream_buffer.c **** 	configASSERT( pvRxData );
 870:Middlewares/Third_Party/FreeRTOS/Source/stream_buffer.c **** 	configASSERT( pxStreamBuffer );
 871:Middlewares/Third_Party/FreeRTOS/Source/stream_buffer.c **** 
 872:Middlewares/Third_Party/FreeRTOS/Source/stream_buffer.c **** 	/* This receive function is used by both message buffers, which store
 873:Middlewares/Third_Party/FreeRTOS/Source/stream_buffer.c **** 	discrete messages, and stream buffers, which store a continuous stream of
 874:Middlewares/Third_Party/FreeRTOS/Source/stream_buffer.c **** 	bytes.  Discrete messages include an additional
 875:Middlewares/Third_Party/FreeRTOS/Source/stream_buffer.c **** 	sbBYTES_TO_STORE_MESSAGE_LENGTH bytes that hold the length of the
 876:Middlewares/Third_Party/FreeRTOS/Source/stream_buffer.c **** 	message. */
 877:Middlewares/Third_Party/FreeRTOS/Source/stream_buffer.c **** 	if( ( pxStreamBuffer->ucFlags & sbFLAGS_IS_MESSAGE_BUFFER ) != ( uint8_t ) 0 )
 878:Middlewares/Third_Party/FreeRTOS/Source/stream_buffer.c **** 	{
 879:Middlewares/Third_Party/FreeRTOS/Source/stream_buffer.c **** 		xBytesToStoreMessageLength = sbBYTES_TO_STORE_MESSAGE_LENGTH;
 880:Middlewares/Third_Party/FreeRTOS/Source/stream_buffer.c **** 	}
 881:Middlewares/Third_Party/FreeRTOS/Source/stream_buffer.c **** 	else
 882:Middlewares/Third_Party/FreeRTOS/Source/stream_buffer.c **** 	{
 883:Middlewares/Third_Party/FreeRTOS/Source/stream_buffer.c **** 		xBytesToStoreMessageLength = 0;
 884:Middlewares/Third_Party/FreeRTOS/Source/stream_buffer.c **** 	}
 885:Middlewares/Third_Party/FreeRTOS/Source/stream_buffer.c **** 
 886:Middlewares/Third_Party/FreeRTOS/Source/stream_buffer.c **** 	xBytesAvailable = prvBytesInBuffer( pxStreamBuffer );
 887:Middlewares/Third_Party/FreeRTOS/Source/stream_buffer.c **** 
ARM GAS  C:\Users\subdia\AppData\Local\Temp\ccZGXZAV.s 			page 17


 888:Middlewares/Third_Party/FreeRTOS/Source/stream_buffer.c **** 	/* Whether receiving a discrete message (where xBytesToStoreMessageLength
 889:Middlewares/Third_Party/FreeRTOS/Source/stream_buffer.c **** 	holds the number of bytes used to store the message length) or a stream of
 890:Middlewares/Third_Party/FreeRTOS/Source/stream_buffer.c **** 	bytes (where xBytesToStoreMessageLength is zero), the number of bytes
 891:Middlewares/Third_Party/FreeRTOS/Source/stream_buffer.c **** 	available must be greater than xBytesToStoreMessageLength to be able to
 892:Middlewares/Third_Party/FreeRTOS/Source/stream_buffer.c **** 	read bytes from the buffer. */
 893:Middlewares/Third_Party/FreeRTOS/Source/stream_buffer.c **** 	if( xBytesAvailable > xBytesToStoreMessageLength )
 894:Middlewares/Third_Party/FreeRTOS/Source/stream_buffer.c **** 	{
 895:Middlewares/Third_Party/FreeRTOS/Source/stream_buffer.c **** 		xReceivedLength = prvReadMessageFromBuffer( pxStreamBuffer, pvRxData, xBufferLengthBytes, xBytesA
 896:Middlewares/Third_Party/FreeRTOS/Source/stream_buffer.c **** 
 897:Middlewares/Third_Party/FreeRTOS/Source/stream_buffer.c **** 		/* Was a task waiting for space in the buffer? */
 898:Middlewares/Third_Party/FreeRTOS/Source/stream_buffer.c **** 		if( xReceivedLength != ( size_t ) 0 )
 899:Middlewares/Third_Party/FreeRTOS/Source/stream_buffer.c **** 		{
 900:Middlewares/Third_Party/FreeRTOS/Source/stream_buffer.c **** 			sbRECEIVE_COMPLETED_FROM_ISR( pxStreamBuffer, pxHigherPriorityTaskWoken );
 901:Middlewares/Third_Party/FreeRTOS/Source/stream_buffer.c **** 		}
 902:Middlewares/Third_Party/FreeRTOS/Source/stream_buffer.c **** 		else
 903:Middlewares/Third_Party/FreeRTOS/Source/stream_buffer.c **** 		{
 904:Middlewares/Third_Party/FreeRTOS/Source/stream_buffer.c **** 			mtCOVERAGE_TEST_MARKER();
 905:Middlewares/Third_Party/FreeRTOS/Source/stream_buffer.c **** 		}
 906:Middlewares/Third_Party/FreeRTOS/Source/stream_buffer.c **** 	}
 907:Middlewares/Third_Party/FreeRTOS/Source/stream_buffer.c **** 	else
 908:Middlewares/Third_Party/FreeRTOS/Source/stream_buffer.c **** 	{
 909:Middlewares/Third_Party/FreeRTOS/Source/stream_buffer.c **** 		mtCOVERAGE_TEST_MARKER();
 910:Middlewares/Third_Party/FreeRTOS/Source/stream_buffer.c **** 	}
 911:Middlewares/Third_Party/FreeRTOS/Source/stream_buffer.c **** 
 912:Middlewares/Third_Party/FreeRTOS/Source/stream_buffer.c **** 	traceSTREAM_BUFFER_RECEIVE_FROM_ISR( xStreamBuffer, xReceivedLength );
 913:Middlewares/Third_Party/FreeRTOS/Source/stream_buffer.c **** 
 914:Middlewares/Third_Party/FreeRTOS/Source/stream_buffer.c **** 	return xReceivedLength;
 915:Middlewares/Third_Party/FreeRTOS/Source/stream_buffer.c **** }
 916:Middlewares/Third_Party/FreeRTOS/Source/stream_buffer.c **** /*-----------------------------------------------------------*/
 917:Middlewares/Third_Party/FreeRTOS/Source/stream_buffer.c **** 
 918:Middlewares/Third_Party/FreeRTOS/Source/stream_buffer.c **** static size_t prvReadMessageFromBuffer( StreamBuffer_t *pxStreamBuffer,
 919:Middlewares/Third_Party/FreeRTOS/Source/stream_buffer.c **** 										void *pvRxData,
 920:Middlewares/Third_Party/FreeRTOS/Source/stream_buffer.c **** 										size_t xBufferLengthBytes,
 921:Middlewares/Third_Party/FreeRTOS/Source/stream_buffer.c **** 										size_t xBytesAvailable,
 922:Middlewares/Third_Party/FreeRTOS/Source/stream_buffer.c **** 										size_t xBytesToStoreMessageLength )
 923:Middlewares/Third_Party/FreeRTOS/Source/stream_buffer.c **** {
 924:Middlewares/Third_Party/FreeRTOS/Source/stream_buffer.c **** size_t xOriginalTail, xReceivedLength, xNextMessageLength;
 925:Middlewares/Third_Party/FreeRTOS/Source/stream_buffer.c **** configMESSAGE_BUFFER_LENGTH_TYPE xTempNextMessageLength;
 926:Middlewares/Third_Party/FreeRTOS/Source/stream_buffer.c **** 
 927:Middlewares/Third_Party/FreeRTOS/Source/stream_buffer.c **** 	if( xBytesToStoreMessageLength != ( size_t ) 0 )
 928:Middlewares/Third_Party/FreeRTOS/Source/stream_buffer.c **** 	{
 929:Middlewares/Third_Party/FreeRTOS/Source/stream_buffer.c **** 		/* A discrete message is being received.  First receive the length
 930:Middlewares/Third_Party/FreeRTOS/Source/stream_buffer.c **** 		of the message.  A copy of the tail is stored so the buffer can be
 931:Middlewares/Third_Party/FreeRTOS/Source/stream_buffer.c **** 		returned to its prior state if the length of the message is too
 932:Middlewares/Third_Party/FreeRTOS/Source/stream_buffer.c **** 		large for the provided buffer. */
 933:Middlewares/Third_Party/FreeRTOS/Source/stream_buffer.c **** 		xOriginalTail = pxStreamBuffer->xTail;
 934:Middlewares/Third_Party/FreeRTOS/Source/stream_buffer.c **** 		( void ) prvReadBytesFromBuffer( pxStreamBuffer, ( uint8_t * ) &xTempNextMessageLength, xBytesToS
 935:Middlewares/Third_Party/FreeRTOS/Source/stream_buffer.c **** 		xNextMessageLength = ( size_t ) xTempNextMessageLength;
 936:Middlewares/Third_Party/FreeRTOS/Source/stream_buffer.c **** 
 937:Middlewares/Third_Party/FreeRTOS/Source/stream_buffer.c **** 		/* Reduce the number of bytes available by the number of bytes just
 938:Middlewares/Third_Party/FreeRTOS/Source/stream_buffer.c **** 		read out. */
 939:Middlewares/Third_Party/FreeRTOS/Source/stream_buffer.c **** 		xBytesAvailable -= xBytesToStoreMessageLength;
 940:Middlewares/Third_Party/FreeRTOS/Source/stream_buffer.c **** 
 941:Middlewares/Third_Party/FreeRTOS/Source/stream_buffer.c **** 		/* Check there is enough space in the buffer provided by the
 942:Middlewares/Third_Party/FreeRTOS/Source/stream_buffer.c **** 		user. */
 943:Middlewares/Third_Party/FreeRTOS/Source/stream_buffer.c **** 		if( xNextMessageLength > xBufferLengthBytes )
 944:Middlewares/Third_Party/FreeRTOS/Source/stream_buffer.c **** 		{
ARM GAS  C:\Users\subdia\AppData\Local\Temp\ccZGXZAV.s 			page 18


 945:Middlewares/Third_Party/FreeRTOS/Source/stream_buffer.c **** 			/* The user has provided insufficient space to read the message
 946:Middlewares/Third_Party/FreeRTOS/Source/stream_buffer.c **** 			so return the buffer to its previous state (so the length of
 947:Middlewares/Third_Party/FreeRTOS/Source/stream_buffer.c **** 			the message is in the buffer again). */
 948:Middlewares/Third_Party/FreeRTOS/Source/stream_buffer.c **** 			pxStreamBuffer->xTail = xOriginalTail;
 949:Middlewares/Third_Party/FreeRTOS/Source/stream_buffer.c **** 			xNextMessageLength = 0;
 950:Middlewares/Third_Party/FreeRTOS/Source/stream_buffer.c **** 		}
 951:Middlewares/Third_Party/FreeRTOS/Source/stream_buffer.c **** 		else
 952:Middlewares/Third_Party/FreeRTOS/Source/stream_buffer.c **** 		{
 953:Middlewares/Third_Party/FreeRTOS/Source/stream_buffer.c **** 			mtCOVERAGE_TEST_MARKER();
 954:Middlewares/Third_Party/FreeRTOS/Source/stream_buffer.c **** 		}
 955:Middlewares/Third_Party/FreeRTOS/Source/stream_buffer.c **** 	}
 956:Middlewares/Third_Party/FreeRTOS/Source/stream_buffer.c **** 	else
 957:Middlewares/Third_Party/FreeRTOS/Source/stream_buffer.c **** 	{
 958:Middlewares/Third_Party/FreeRTOS/Source/stream_buffer.c **** 		/* A stream of bytes is being received (as opposed to a discrete
 959:Middlewares/Third_Party/FreeRTOS/Source/stream_buffer.c **** 		message), so read as many bytes as possible. */
 960:Middlewares/Third_Party/FreeRTOS/Source/stream_buffer.c **** 		xNextMessageLength = xBufferLengthBytes;
 961:Middlewares/Third_Party/FreeRTOS/Source/stream_buffer.c **** 	}
 962:Middlewares/Third_Party/FreeRTOS/Source/stream_buffer.c **** 
 963:Middlewares/Third_Party/FreeRTOS/Source/stream_buffer.c **** 	/* Read the actual data. */
 964:Middlewares/Third_Party/FreeRTOS/Source/stream_buffer.c **** 	xReceivedLength = prvReadBytesFromBuffer( pxStreamBuffer, ( uint8_t * ) pvRxData, xNextMessageLeng
 965:Middlewares/Third_Party/FreeRTOS/Source/stream_buffer.c **** 
 966:Middlewares/Third_Party/FreeRTOS/Source/stream_buffer.c **** 	return xReceivedLength;
 967:Middlewares/Third_Party/FreeRTOS/Source/stream_buffer.c **** }
 968:Middlewares/Third_Party/FreeRTOS/Source/stream_buffer.c **** /*-----------------------------------------------------------*/
 969:Middlewares/Third_Party/FreeRTOS/Source/stream_buffer.c **** 
 970:Middlewares/Third_Party/FreeRTOS/Source/stream_buffer.c **** BaseType_t xStreamBufferIsEmpty( StreamBufferHandle_t xStreamBuffer )
 971:Middlewares/Third_Party/FreeRTOS/Source/stream_buffer.c **** {
 972:Middlewares/Third_Party/FreeRTOS/Source/stream_buffer.c **** const StreamBuffer_t * const pxStreamBuffer = xStreamBuffer;
 973:Middlewares/Third_Party/FreeRTOS/Source/stream_buffer.c **** BaseType_t xReturn;
 974:Middlewares/Third_Party/FreeRTOS/Source/stream_buffer.c **** size_t xTail;
 975:Middlewares/Third_Party/FreeRTOS/Source/stream_buffer.c **** 
 976:Middlewares/Third_Party/FreeRTOS/Source/stream_buffer.c **** 	configASSERT( pxStreamBuffer );
 977:Middlewares/Third_Party/FreeRTOS/Source/stream_buffer.c **** 
 978:Middlewares/Third_Party/FreeRTOS/Source/stream_buffer.c **** 	/* True if no bytes are available. */
 979:Middlewares/Third_Party/FreeRTOS/Source/stream_buffer.c **** 	xTail = pxStreamBuffer->xTail;
 980:Middlewares/Third_Party/FreeRTOS/Source/stream_buffer.c **** 	if( pxStreamBuffer->xHead == xTail )
 981:Middlewares/Third_Party/FreeRTOS/Source/stream_buffer.c **** 	{
 982:Middlewares/Third_Party/FreeRTOS/Source/stream_buffer.c **** 		xReturn = pdTRUE;
 983:Middlewares/Third_Party/FreeRTOS/Source/stream_buffer.c **** 	}
 984:Middlewares/Third_Party/FreeRTOS/Source/stream_buffer.c **** 	else
 985:Middlewares/Third_Party/FreeRTOS/Source/stream_buffer.c **** 	{
 986:Middlewares/Third_Party/FreeRTOS/Source/stream_buffer.c **** 		xReturn = pdFALSE;
 987:Middlewares/Third_Party/FreeRTOS/Source/stream_buffer.c **** 	}
 988:Middlewares/Third_Party/FreeRTOS/Source/stream_buffer.c **** 
 989:Middlewares/Third_Party/FreeRTOS/Source/stream_buffer.c **** 	return xReturn;
 990:Middlewares/Third_Party/FreeRTOS/Source/stream_buffer.c **** }
 991:Middlewares/Third_Party/FreeRTOS/Source/stream_buffer.c **** /*-----------------------------------------------------------*/
 992:Middlewares/Third_Party/FreeRTOS/Source/stream_buffer.c **** 
 993:Middlewares/Third_Party/FreeRTOS/Source/stream_buffer.c **** BaseType_t xStreamBufferIsFull( StreamBufferHandle_t xStreamBuffer )
 994:Middlewares/Third_Party/FreeRTOS/Source/stream_buffer.c **** {
 995:Middlewares/Third_Party/FreeRTOS/Source/stream_buffer.c **** BaseType_t xReturn;
 996:Middlewares/Third_Party/FreeRTOS/Source/stream_buffer.c **** size_t xBytesToStoreMessageLength;
 997:Middlewares/Third_Party/FreeRTOS/Source/stream_buffer.c **** const StreamBuffer_t * const pxStreamBuffer = xStreamBuffer;
 998:Middlewares/Third_Party/FreeRTOS/Source/stream_buffer.c **** 
 999:Middlewares/Third_Party/FreeRTOS/Source/stream_buffer.c **** 	configASSERT( pxStreamBuffer );
1000:Middlewares/Third_Party/FreeRTOS/Source/stream_buffer.c **** 
1001:Middlewares/Third_Party/FreeRTOS/Source/stream_buffer.c **** 	/* This generic version of the receive function is used by both message
ARM GAS  C:\Users\subdia\AppData\Local\Temp\ccZGXZAV.s 			page 19


1002:Middlewares/Third_Party/FreeRTOS/Source/stream_buffer.c **** 	buffers, which store discrete messages, and stream buffers, which store a
1003:Middlewares/Third_Party/FreeRTOS/Source/stream_buffer.c **** 	continuous stream of bytes.  Discrete messages include an additional
1004:Middlewares/Third_Party/FreeRTOS/Source/stream_buffer.c **** 	sbBYTES_TO_STORE_MESSAGE_LENGTH bytes that hold the length of the message. */
1005:Middlewares/Third_Party/FreeRTOS/Source/stream_buffer.c **** 	if( ( pxStreamBuffer->ucFlags & sbFLAGS_IS_MESSAGE_BUFFER ) != ( uint8_t ) 0 )
1006:Middlewares/Third_Party/FreeRTOS/Source/stream_buffer.c **** 	{
1007:Middlewares/Third_Party/FreeRTOS/Source/stream_buffer.c **** 		xBytesToStoreMessageLength = sbBYTES_TO_STORE_MESSAGE_LENGTH;
1008:Middlewares/Third_Party/FreeRTOS/Source/stream_buffer.c **** 	}
1009:Middlewares/Third_Party/FreeRTOS/Source/stream_buffer.c **** 	else
1010:Middlewares/Third_Party/FreeRTOS/Source/stream_buffer.c **** 	{
1011:Middlewares/Third_Party/FreeRTOS/Source/stream_buffer.c **** 		xBytesToStoreMessageLength = 0;
1012:Middlewares/Third_Party/FreeRTOS/Source/stream_buffer.c **** 	}
1013:Middlewares/Third_Party/FreeRTOS/Source/stream_buffer.c **** 
1014:Middlewares/Third_Party/FreeRTOS/Source/stream_buffer.c **** 	/* True if the available space equals zero. */
1015:Middlewares/Third_Party/FreeRTOS/Source/stream_buffer.c **** 	if( xStreamBufferSpacesAvailable( xStreamBuffer ) <= xBytesToStoreMessageLength )
1016:Middlewares/Third_Party/FreeRTOS/Source/stream_buffer.c **** 	{
1017:Middlewares/Third_Party/FreeRTOS/Source/stream_buffer.c **** 		xReturn = pdTRUE;
1018:Middlewares/Third_Party/FreeRTOS/Source/stream_buffer.c **** 	}
1019:Middlewares/Third_Party/FreeRTOS/Source/stream_buffer.c **** 	else
1020:Middlewares/Third_Party/FreeRTOS/Source/stream_buffer.c **** 	{
1021:Middlewares/Third_Party/FreeRTOS/Source/stream_buffer.c **** 		xReturn = pdFALSE;
1022:Middlewares/Third_Party/FreeRTOS/Source/stream_buffer.c **** 	}
1023:Middlewares/Third_Party/FreeRTOS/Source/stream_buffer.c **** 
1024:Middlewares/Third_Party/FreeRTOS/Source/stream_buffer.c **** 	return xReturn;
1025:Middlewares/Third_Party/FreeRTOS/Source/stream_buffer.c **** }
1026:Middlewares/Third_Party/FreeRTOS/Source/stream_buffer.c **** /*-----------------------------------------------------------*/
1027:Middlewares/Third_Party/FreeRTOS/Source/stream_buffer.c **** 
1028:Middlewares/Third_Party/FreeRTOS/Source/stream_buffer.c **** BaseType_t xStreamBufferSendCompletedFromISR( StreamBufferHandle_t xStreamBuffer, BaseType_t *pxHig
1029:Middlewares/Third_Party/FreeRTOS/Source/stream_buffer.c **** {
1030:Middlewares/Third_Party/FreeRTOS/Source/stream_buffer.c **** StreamBuffer_t * const pxStreamBuffer = xStreamBuffer;
1031:Middlewares/Third_Party/FreeRTOS/Source/stream_buffer.c **** BaseType_t xReturn;
1032:Middlewares/Third_Party/FreeRTOS/Source/stream_buffer.c **** UBaseType_t uxSavedInterruptStatus;
1033:Middlewares/Third_Party/FreeRTOS/Source/stream_buffer.c **** 
1034:Middlewares/Third_Party/FreeRTOS/Source/stream_buffer.c **** 	configASSERT( pxStreamBuffer );
1035:Middlewares/Third_Party/FreeRTOS/Source/stream_buffer.c **** 
1036:Middlewares/Third_Party/FreeRTOS/Source/stream_buffer.c **** 	uxSavedInterruptStatus = ( UBaseType_t ) portSET_INTERRUPT_MASK_FROM_ISR();
1037:Middlewares/Third_Party/FreeRTOS/Source/stream_buffer.c **** 	{
1038:Middlewares/Third_Party/FreeRTOS/Source/stream_buffer.c **** 		if( ( pxStreamBuffer )->xTaskWaitingToReceive != NULL )
1039:Middlewares/Third_Party/FreeRTOS/Source/stream_buffer.c **** 		{
1040:Middlewares/Third_Party/FreeRTOS/Source/stream_buffer.c **** 			( void ) xTaskNotifyFromISR( ( pxStreamBuffer )->xTaskWaitingToReceive,
1041:Middlewares/Third_Party/FreeRTOS/Source/stream_buffer.c **** 										 ( uint32_t ) 0,
1042:Middlewares/Third_Party/FreeRTOS/Source/stream_buffer.c **** 										 eNoAction,
1043:Middlewares/Third_Party/FreeRTOS/Source/stream_buffer.c **** 										 pxHigherPriorityTaskWoken );
1044:Middlewares/Third_Party/FreeRTOS/Source/stream_buffer.c **** 			( pxStreamBuffer )->xTaskWaitingToReceive = NULL;
1045:Middlewares/Third_Party/FreeRTOS/Source/stream_buffer.c **** 			xReturn = pdTRUE;
1046:Middlewares/Third_Party/FreeRTOS/Source/stream_buffer.c **** 		}
1047:Middlewares/Third_Party/FreeRTOS/Source/stream_buffer.c **** 		else
1048:Middlewares/Third_Party/FreeRTOS/Source/stream_buffer.c **** 		{
1049:Middlewares/Third_Party/FreeRTOS/Source/stream_buffer.c **** 			xReturn = pdFALSE;
1050:Middlewares/Third_Party/FreeRTOS/Source/stream_buffer.c **** 		}
1051:Middlewares/Third_Party/FreeRTOS/Source/stream_buffer.c **** 	}
1052:Middlewares/Third_Party/FreeRTOS/Source/stream_buffer.c **** 	portCLEAR_INTERRUPT_MASK_FROM_ISR( uxSavedInterruptStatus );
1053:Middlewares/Third_Party/FreeRTOS/Source/stream_buffer.c **** 
1054:Middlewares/Third_Party/FreeRTOS/Source/stream_buffer.c **** 	return xReturn;
1055:Middlewares/Third_Party/FreeRTOS/Source/stream_buffer.c **** }
1056:Middlewares/Third_Party/FreeRTOS/Source/stream_buffer.c **** /*-----------------------------------------------------------*/
1057:Middlewares/Third_Party/FreeRTOS/Source/stream_buffer.c **** 
1058:Middlewares/Third_Party/FreeRTOS/Source/stream_buffer.c **** BaseType_t xStreamBufferReceiveCompletedFromISR( StreamBufferHandle_t xStreamBuffer, BaseType_t *px
ARM GAS  C:\Users\subdia\AppData\Local\Temp\ccZGXZAV.s 			page 20


1059:Middlewares/Third_Party/FreeRTOS/Source/stream_buffer.c **** {
1060:Middlewares/Third_Party/FreeRTOS/Source/stream_buffer.c **** StreamBuffer_t * const pxStreamBuffer = xStreamBuffer;
1061:Middlewares/Third_Party/FreeRTOS/Source/stream_buffer.c **** BaseType_t xReturn;
1062:Middlewares/Third_Party/FreeRTOS/Source/stream_buffer.c **** UBaseType_t uxSavedInterruptStatus;
1063:Middlewares/Third_Party/FreeRTOS/Source/stream_buffer.c **** 
1064:Middlewares/Third_Party/FreeRTOS/Source/stream_buffer.c **** 	configASSERT( pxStreamBuffer );
1065:Middlewares/Third_Party/FreeRTOS/Source/stream_buffer.c **** 
1066:Middlewares/Third_Party/FreeRTOS/Source/stream_buffer.c **** 	uxSavedInterruptStatus = ( UBaseType_t ) portSET_INTERRUPT_MASK_FROM_ISR();
1067:Middlewares/Third_Party/FreeRTOS/Source/stream_buffer.c **** 	{
1068:Middlewares/Third_Party/FreeRTOS/Source/stream_buffer.c **** 		if( ( pxStreamBuffer )->xTaskWaitingToSend != NULL )
1069:Middlewares/Third_Party/FreeRTOS/Source/stream_buffer.c **** 		{
1070:Middlewares/Third_Party/FreeRTOS/Source/stream_buffer.c **** 			( void ) xTaskNotifyFromISR( ( pxStreamBuffer )->xTaskWaitingToSend,
1071:Middlewares/Third_Party/FreeRTOS/Source/stream_buffer.c **** 										 ( uint32_t ) 0,
1072:Middlewares/Third_Party/FreeRTOS/Source/stream_buffer.c **** 										 eNoAction,
1073:Middlewares/Third_Party/FreeRTOS/Source/stream_buffer.c **** 										 pxHigherPriorityTaskWoken );
1074:Middlewares/Third_Party/FreeRTOS/Source/stream_buffer.c **** 			( pxStreamBuffer )->xTaskWaitingToSend = NULL;
1075:Middlewares/Third_Party/FreeRTOS/Source/stream_buffer.c **** 			xReturn = pdTRUE;
1076:Middlewares/Third_Party/FreeRTOS/Source/stream_buffer.c **** 		}
1077:Middlewares/Third_Party/FreeRTOS/Source/stream_buffer.c **** 		else
1078:Middlewares/Third_Party/FreeRTOS/Source/stream_buffer.c **** 		{
1079:Middlewares/Third_Party/FreeRTOS/Source/stream_buffer.c **** 			xReturn = pdFALSE;
1080:Middlewares/Third_Party/FreeRTOS/Source/stream_buffer.c **** 		}
1081:Middlewares/Third_Party/FreeRTOS/Source/stream_buffer.c **** 	}
1082:Middlewares/Third_Party/FreeRTOS/Source/stream_buffer.c **** 	portCLEAR_INTERRUPT_MASK_FROM_ISR( uxSavedInterruptStatus );
1083:Middlewares/Third_Party/FreeRTOS/Source/stream_buffer.c **** 
1084:Middlewares/Third_Party/FreeRTOS/Source/stream_buffer.c **** 	return xReturn;
1085:Middlewares/Third_Party/FreeRTOS/Source/stream_buffer.c **** }
1086:Middlewares/Third_Party/FreeRTOS/Source/stream_buffer.c **** /*-----------------------------------------------------------*/
1087:Middlewares/Third_Party/FreeRTOS/Source/stream_buffer.c **** 
1088:Middlewares/Third_Party/FreeRTOS/Source/stream_buffer.c **** static size_t prvWriteBytesToBuffer( StreamBuffer_t * const pxStreamBuffer, const uint8_t *pucData,
1089:Middlewares/Third_Party/FreeRTOS/Source/stream_buffer.c **** {
1090:Middlewares/Third_Party/FreeRTOS/Source/stream_buffer.c **** size_t xNextHead, xFirstLength;
1091:Middlewares/Third_Party/FreeRTOS/Source/stream_buffer.c **** 
1092:Middlewares/Third_Party/FreeRTOS/Source/stream_buffer.c **** 	configASSERT( xCount > ( size_t ) 0 );
1093:Middlewares/Third_Party/FreeRTOS/Source/stream_buffer.c **** 
1094:Middlewares/Third_Party/FreeRTOS/Source/stream_buffer.c **** 	xNextHead = pxStreamBuffer->xHead;
1095:Middlewares/Third_Party/FreeRTOS/Source/stream_buffer.c **** 
1096:Middlewares/Third_Party/FreeRTOS/Source/stream_buffer.c **** 	/* Calculate the number of bytes that can be added in the first write -
1097:Middlewares/Third_Party/FreeRTOS/Source/stream_buffer.c **** 	which may be less than the total number of bytes that need to be added if
1098:Middlewares/Third_Party/FreeRTOS/Source/stream_buffer.c **** 	the buffer will wrap back to the beginning. */
1099:Middlewares/Third_Party/FreeRTOS/Source/stream_buffer.c **** 	xFirstLength = configMIN( pxStreamBuffer->xLength - xNextHead, xCount );
1100:Middlewares/Third_Party/FreeRTOS/Source/stream_buffer.c **** 
1101:Middlewares/Third_Party/FreeRTOS/Source/stream_buffer.c **** 	/* Write as many bytes as can be written in the first write. */
1102:Middlewares/Third_Party/FreeRTOS/Source/stream_buffer.c **** 	configASSERT( ( xNextHead + xFirstLength ) <= pxStreamBuffer->xLength );
1103:Middlewares/Third_Party/FreeRTOS/Source/stream_buffer.c **** 	( void ) memcpy( ( void* ) ( &( pxStreamBuffer->pucBuffer[ xNextHead ] ) ), ( const void * ) pucDa
1104:Middlewares/Third_Party/FreeRTOS/Source/stream_buffer.c **** 
1105:Middlewares/Third_Party/FreeRTOS/Source/stream_buffer.c **** 	/* If the number of bytes written was less than the number that could be
1106:Middlewares/Third_Party/FreeRTOS/Source/stream_buffer.c **** 	written in the first write... */
1107:Middlewares/Third_Party/FreeRTOS/Source/stream_buffer.c **** 	if( xCount > xFirstLength )
1108:Middlewares/Third_Party/FreeRTOS/Source/stream_buffer.c **** 	{
1109:Middlewares/Third_Party/FreeRTOS/Source/stream_buffer.c **** 		/* ...then write the remaining bytes to the start of the buffer. */
1110:Middlewares/Third_Party/FreeRTOS/Source/stream_buffer.c **** 		configASSERT( ( xCount - xFirstLength ) <= pxStreamBuffer->xLength );
1111:Middlewares/Third_Party/FreeRTOS/Source/stream_buffer.c **** 		( void ) memcpy( ( void * ) pxStreamBuffer->pucBuffer, ( const void * ) &( pucData[ xFirstLength 
1112:Middlewares/Third_Party/FreeRTOS/Source/stream_buffer.c **** 	}
1113:Middlewares/Third_Party/FreeRTOS/Source/stream_buffer.c **** 	else
1114:Middlewares/Third_Party/FreeRTOS/Source/stream_buffer.c **** 	{
1115:Middlewares/Third_Party/FreeRTOS/Source/stream_buffer.c **** 		mtCOVERAGE_TEST_MARKER();
ARM GAS  C:\Users\subdia\AppData\Local\Temp\ccZGXZAV.s 			page 21


1116:Middlewares/Third_Party/FreeRTOS/Source/stream_buffer.c **** 	}
1117:Middlewares/Third_Party/FreeRTOS/Source/stream_buffer.c **** 
1118:Middlewares/Third_Party/FreeRTOS/Source/stream_buffer.c **** 	xNextHead += xCount;
1119:Middlewares/Third_Party/FreeRTOS/Source/stream_buffer.c **** 	if( xNextHead >= pxStreamBuffer->xLength )
1120:Middlewares/Third_Party/FreeRTOS/Source/stream_buffer.c **** 	{
1121:Middlewares/Third_Party/FreeRTOS/Source/stream_buffer.c **** 		xNextHead -= pxStreamBuffer->xLength;
1122:Middlewares/Third_Party/FreeRTOS/Source/stream_buffer.c **** 	}
1123:Middlewares/Third_Party/FreeRTOS/Source/stream_buffer.c **** 	else
1124:Middlewares/Third_Party/FreeRTOS/Source/stream_buffer.c **** 	{
1125:Middlewares/Third_Party/FreeRTOS/Source/stream_buffer.c **** 		mtCOVERAGE_TEST_MARKER();
1126:Middlewares/Third_Party/FreeRTOS/Source/stream_buffer.c **** 	}
1127:Middlewares/Third_Party/FreeRTOS/Source/stream_buffer.c **** 
1128:Middlewares/Third_Party/FreeRTOS/Source/stream_buffer.c **** 	pxStreamBuffer->xHead = xNextHead;
1129:Middlewares/Third_Party/FreeRTOS/Source/stream_buffer.c **** 
1130:Middlewares/Third_Party/FreeRTOS/Source/stream_buffer.c **** 	return xCount;
1131:Middlewares/Third_Party/FreeRTOS/Source/stream_buffer.c **** }
1132:Middlewares/Third_Party/FreeRTOS/Source/stream_buffer.c **** /*-----------------------------------------------------------*/
1133:Middlewares/Third_Party/FreeRTOS/Source/stream_buffer.c **** 
1134:Middlewares/Third_Party/FreeRTOS/Source/stream_buffer.c **** static size_t prvReadBytesFromBuffer( StreamBuffer_t *pxStreamBuffer, uint8_t *pucData, size_t xMax
1135:Middlewares/Third_Party/FreeRTOS/Source/stream_buffer.c **** {
1136:Middlewares/Third_Party/FreeRTOS/Source/stream_buffer.c **** size_t xCount, xFirstLength, xNextTail;
1137:Middlewares/Third_Party/FreeRTOS/Source/stream_buffer.c **** 
1138:Middlewares/Third_Party/FreeRTOS/Source/stream_buffer.c **** 	/* Use the minimum of the wanted bytes and the available bytes. */
1139:Middlewares/Third_Party/FreeRTOS/Source/stream_buffer.c **** 	xCount = configMIN( xBytesAvailable, xMaxCount );
1140:Middlewares/Third_Party/FreeRTOS/Source/stream_buffer.c **** 
1141:Middlewares/Third_Party/FreeRTOS/Source/stream_buffer.c **** 	if( xCount > ( size_t ) 0 )
1142:Middlewares/Third_Party/FreeRTOS/Source/stream_buffer.c **** 	{
1143:Middlewares/Third_Party/FreeRTOS/Source/stream_buffer.c **** 		xNextTail = pxStreamBuffer->xTail;
1144:Middlewares/Third_Party/FreeRTOS/Source/stream_buffer.c **** 
1145:Middlewares/Third_Party/FreeRTOS/Source/stream_buffer.c **** 		/* Calculate the number of bytes that can be read - which may be
1146:Middlewares/Third_Party/FreeRTOS/Source/stream_buffer.c **** 		less than the number wanted if the data wraps around to the start of
1147:Middlewares/Third_Party/FreeRTOS/Source/stream_buffer.c **** 		the buffer. */
1148:Middlewares/Third_Party/FreeRTOS/Source/stream_buffer.c **** 		xFirstLength = configMIN( pxStreamBuffer->xLength - xNextTail, xCount );
1149:Middlewares/Third_Party/FreeRTOS/Source/stream_buffer.c **** 
1150:Middlewares/Third_Party/FreeRTOS/Source/stream_buffer.c **** 		/* Obtain the number of bytes it is possible to obtain in the first
1151:Middlewares/Third_Party/FreeRTOS/Source/stream_buffer.c **** 		read.  Asserts check bounds of read and write. */
1152:Middlewares/Third_Party/FreeRTOS/Source/stream_buffer.c **** 		configASSERT( xFirstLength <= xMaxCount );
1153:Middlewares/Third_Party/FreeRTOS/Source/stream_buffer.c **** 		configASSERT( ( xNextTail + xFirstLength ) <= pxStreamBuffer->xLength );
1154:Middlewares/Third_Party/FreeRTOS/Source/stream_buffer.c **** 		( void ) memcpy( ( void * ) pucData, ( const void * ) &( pxStreamBuffer->pucBuffer[ xNextTail ] )
1155:Middlewares/Third_Party/FreeRTOS/Source/stream_buffer.c **** 
1156:Middlewares/Third_Party/FreeRTOS/Source/stream_buffer.c **** 		/* If the total number of wanted bytes is greater than the number
1157:Middlewares/Third_Party/FreeRTOS/Source/stream_buffer.c **** 		that could be read in the first read... */
1158:Middlewares/Third_Party/FreeRTOS/Source/stream_buffer.c **** 		if( xCount > xFirstLength )
1159:Middlewares/Third_Party/FreeRTOS/Source/stream_buffer.c **** 		{
1160:Middlewares/Third_Party/FreeRTOS/Source/stream_buffer.c **** 			/*...then read the remaining bytes from the start of the buffer. */
1161:Middlewares/Third_Party/FreeRTOS/Source/stream_buffer.c **** 			configASSERT( xCount <= xMaxCount );
1162:Middlewares/Third_Party/FreeRTOS/Source/stream_buffer.c **** 			( void ) memcpy( ( void * ) &( pucData[ xFirstLength ] ), ( void * ) ( pxStreamBuffer->pucBuffer
1163:Middlewares/Third_Party/FreeRTOS/Source/stream_buffer.c **** 		}
1164:Middlewares/Third_Party/FreeRTOS/Source/stream_buffer.c **** 		else
1165:Middlewares/Third_Party/FreeRTOS/Source/stream_buffer.c **** 		{
1166:Middlewares/Third_Party/FreeRTOS/Source/stream_buffer.c **** 			mtCOVERAGE_TEST_MARKER();
1167:Middlewares/Third_Party/FreeRTOS/Source/stream_buffer.c **** 		}
1168:Middlewares/Third_Party/FreeRTOS/Source/stream_buffer.c **** 
1169:Middlewares/Third_Party/FreeRTOS/Source/stream_buffer.c **** 		/* Move the tail pointer to effectively remove the data read from
1170:Middlewares/Third_Party/FreeRTOS/Source/stream_buffer.c **** 		the buffer. */
1171:Middlewares/Third_Party/FreeRTOS/Source/stream_buffer.c **** 		xNextTail += xCount;
1172:Middlewares/Third_Party/FreeRTOS/Source/stream_buffer.c **** 
ARM GAS  C:\Users\subdia\AppData\Local\Temp\ccZGXZAV.s 			page 22


1173:Middlewares/Third_Party/FreeRTOS/Source/stream_buffer.c **** 		if( xNextTail >= pxStreamBuffer->xLength )
1174:Middlewares/Third_Party/FreeRTOS/Source/stream_buffer.c **** 		{
1175:Middlewares/Third_Party/FreeRTOS/Source/stream_buffer.c **** 			xNextTail -= pxStreamBuffer->xLength;
1176:Middlewares/Third_Party/FreeRTOS/Source/stream_buffer.c **** 		}
1177:Middlewares/Third_Party/FreeRTOS/Source/stream_buffer.c **** 
1178:Middlewares/Third_Party/FreeRTOS/Source/stream_buffer.c **** 		pxStreamBuffer->xTail = xNextTail;
1179:Middlewares/Third_Party/FreeRTOS/Source/stream_buffer.c **** 	}
1180:Middlewares/Third_Party/FreeRTOS/Source/stream_buffer.c **** 	else
1181:Middlewares/Third_Party/FreeRTOS/Source/stream_buffer.c **** 	{
1182:Middlewares/Third_Party/FreeRTOS/Source/stream_buffer.c **** 		mtCOVERAGE_TEST_MARKER();
1183:Middlewares/Third_Party/FreeRTOS/Source/stream_buffer.c **** 	}
1184:Middlewares/Third_Party/FreeRTOS/Source/stream_buffer.c **** 
1185:Middlewares/Third_Party/FreeRTOS/Source/stream_buffer.c **** 	return xCount;
1186:Middlewares/Third_Party/FreeRTOS/Source/stream_buffer.c **** }
1187:Middlewares/Third_Party/FreeRTOS/Source/stream_buffer.c **** /*-----------------------------------------------------------*/
1188:Middlewares/Third_Party/FreeRTOS/Source/stream_buffer.c **** 
1189:Middlewares/Third_Party/FreeRTOS/Source/stream_buffer.c **** static size_t prvBytesInBuffer( const StreamBuffer_t * const pxStreamBuffer )
1190:Middlewares/Third_Party/FreeRTOS/Source/stream_buffer.c **** {
  27              		.loc 1 1190 1 view -0
  28              		.cfi_startproc
  29              		@ args = 0, pretend = 0, frame = 0
  30              		@ frame_needed = 0, uses_anonymous_args = 0
  31              		@ link register save eliminated.
1191:Middlewares/Third_Party/FreeRTOS/Source/stream_buffer.c **** /* Returns the distance between xTail and xHead. */
1192:Middlewares/Third_Party/FreeRTOS/Source/stream_buffer.c **** size_t xCount;
  32              		.loc 1 1192 1 view .LVU1
1193:Middlewares/Third_Party/FreeRTOS/Source/stream_buffer.c **** 
1194:Middlewares/Third_Party/FreeRTOS/Source/stream_buffer.c **** 	xCount = pxStreamBuffer->xLength + pxStreamBuffer->xHead;
  33              		.loc 1 1194 2 view .LVU2
  34              		.loc 1 1194 25 is_stmt 0 view .LVU3
  35 0000 8268     		ldr	r2, [r0, #8]
  36              		.loc 1 1194 51 view .LVU4
  37 0002 4368     		ldr	r3, [r0, #4]
  38              		.loc 1 1194 9 view .LVU5
  39 0004 1344     		add	r3, r3, r2
  40              	.LVL1:
1195:Middlewares/Third_Party/FreeRTOS/Source/stream_buffer.c **** 	xCount -= pxStreamBuffer->xTail;
  41              		.loc 1 1195 2 is_stmt 1 view .LVU6
  42              		.loc 1 1195 26 is_stmt 0 view .LVU7
  43 0006 0068     		ldr	r0, [r0]
  44              	.LVL2:
  45              		.loc 1 1195 9 view .LVU8
  46 0008 181A     		subs	r0, r3, r0
  47              	.LVL3:
1196:Middlewares/Third_Party/FreeRTOS/Source/stream_buffer.c **** 	if ( xCount >= pxStreamBuffer->xLength )
  48              		.loc 1 1196 2 is_stmt 1 view .LVU9
  49              		.loc 1 1196 5 is_stmt 0 view .LVU10
  50 000a 8242     		cmp	r2, r0
  51 000c 00D8     		bhi	.L1
1197:Middlewares/Third_Party/FreeRTOS/Source/stream_buffer.c **** 	{
1198:Middlewares/Third_Party/FreeRTOS/Source/stream_buffer.c **** 		xCount -= pxStreamBuffer->xLength;
  52              		.loc 1 1198 3 is_stmt 1 view .LVU11
  53              		.loc 1 1198 10 is_stmt 0 view .LVU12
  54 000e 801A     		subs	r0, r0, r2
  55              	.LVL4:
1199:Middlewares/Third_Party/FreeRTOS/Source/stream_buffer.c **** 	}
1200:Middlewares/Third_Party/FreeRTOS/Source/stream_buffer.c **** 	else
ARM GAS  C:\Users\subdia\AppData\Local\Temp\ccZGXZAV.s 			page 23


1201:Middlewares/Third_Party/FreeRTOS/Source/stream_buffer.c **** 	{
1202:Middlewares/Third_Party/FreeRTOS/Source/stream_buffer.c **** 		mtCOVERAGE_TEST_MARKER();
  56              		.loc 1 1202 27 is_stmt 1 view .LVU13
1203:Middlewares/Third_Party/FreeRTOS/Source/stream_buffer.c **** 	}
1204:Middlewares/Third_Party/FreeRTOS/Source/stream_buffer.c **** 
1205:Middlewares/Third_Party/FreeRTOS/Source/stream_buffer.c **** 	return xCount;
  57              		.loc 1 1205 2 view .LVU14
  58              	.L1:
1206:Middlewares/Third_Party/FreeRTOS/Source/stream_buffer.c **** }
  59              		.loc 1 1206 1 is_stmt 0 view .LVU15
  60 0010 7047     		bx	lr
  61              		.cfi_endproc
  62              	.LFE25:
  64              		.section	.text.prvInitialiseNewStreamBuffer,"ax",%progbits
  65              		.align	1
  66              		.syntax unified
  67              		.thumb
  68              		.thumb_func
  70              	prvInitialiseNewStreamBuffer:
  71              	.LVL5:
  72              	.LFB26:
1207:Middlewares/Third_Party/FreeRTOS/Source/stream_buffer.c **** /*-----------------------------------------------------------*/
1208:Middlewares/Third_Party/FreeRTOS/Source/stream_buffer.c **** 
1209:Middlewares/Third_Party/FreeRTOS/Source/stream_buffer.c **** static void prvInitialiseNewStreamBuffer( StreamBuffer_t * const pxStreamBuffer,
1210:Middlewares/Third_Party/FreeRTOS/Source/stream_buffer.c **** 										  uint8_t * const pucBuffer,
1211:Middlewares/Third_Party/FreeRTOS/Source/stream_buffer.c **** 										  size_t xBufferSizeBytes,
1212:Middlewares/Third_Party/FreeRTOS/Source/stream_buffer.c **** 										  size_t xTriggerLevelBytes,
1213:Middlewares/Third_Party/FreeRTOS/Source/stream_buffer.c **** 										  uint8_t ucFlags )
1214:Middlewares/Third_Party/FreeRTOS/Source/stream_buffer.c **** {
  73              		.loc 1 1214 1 is_stmt 1 view -0
  74              		.cfi_startproc
  75              		@ args = 4, pretend = 0, frame = 0
  76              		@ frame_needed = 0, uses_anonymous_args = 0
  77              		.loc 1 1214 1 is_stmt 0 view .LVU17
  78 0000 F8B5     		push	{r3, r4, r5, r6, r7, lr}
  79              	.LCFI0:
  80              		.cfi_def_cfa_offset 24
  81              		.cfi_offset 3, -24
  82              		.cfi_offset 4, -20
  83              		.cfi_offset 5, -16
  84              		.cfi_offset 6, -12
  85              		.cfi_offset 7, -8
  86              		.cfi_offset 14, -4
  87 0002 0546     		mov	r5, r0
  88 0004 0C46     		mov	r4, r1
  89 0006 1646     		mov	r6, r2
  90 0008 1F46     		mov	r7, r3
  91              	.LBB96:
1215:Middlewares/Third_Party/FreeRTOS/Source/stream_buffer.c **** 	/* Assert here is deliberately writing to the entire buffer to ensure it can
1216:Middlewares/Third_Party/FreeRTOS/Source/stream_buffer.c **** 	be written to without generating exceptions, and is setting the buffer to a
1217:Middlewares/Third_Party/FreeRTOS/Source/stream_buffer.c **** 	known value to assist in development/debugging. */
1218:Middlewares/Third_Party/FreeRTOS/Source/stream_buffer.c **** 	#if( configASSERT_DEFINED == 1 )
1219:Middlewares/Third_Party/FreeRTOS/Source/stream_buffer.c **** 	{
1220:Middlewares/Third_Party/FreeRTOS/Source/stream_buffer.c **** 		/* The value written just has to be identifiable when looking at the
1221:Middlewares/Third_Party/FreeRTOS/Source/stream_buffer.c **** 		memory.  Don't use 0xA5 as that is the stack fill value and could
1222:Middlewares/Third_Party/FreeRTOS/Source/stream_buffer.c **** 		result in confusion as to what is actually being observed. */
1223:Middlewares/Third_Party/FreeRTOS/Source/stream_buffer.c **** 		const BaseType_t xWriteValue = 0x55;
ARM GAS  C:\Users\subdia\AppData\Local\Temp\ccZGXZAV.s 			page 24


  92              		.loc 1 1223 3 is_stmt 1 view .LVU18
  93              	.LVL6:
1224:Middlewares/Third_Party/FreeRTOS/Source/stream_buffer.c **** 		configASSERT( memset( pucBuffer, ( int ) xWriteValue, xBufferSizeBytes ) == pucBuffer );
  94              		.loc 1 1224 3 view .LVU19
  95 000a 5521     		movs	r1, #85
  96              	.LVL7:
  97              		.loc 1 1224 3 is_stmt 0 view .LVU20
  98 000c 2046     		mov	r0, r4
  99              	.LVL8:
 100              		.loc 1 1224 3 view .LVU21
 101 000e FFF7FEFF 		bl	memset
 102              	.LVL9:
 103              		.loc 1 1224 3 discriminator 1 view .LVU22
 104 0012 A042     		cmp	r0, r4
 105 0014 08D0     		beq	.L4
 106              		.loc 1 1224 3 is_stmt 1 discriminator 2 view .LVU23
 107              	.LBB97:
 108              	.LBI97:
 109              		.file 2 "Middlewares/Third_Party/FreeRTOS/Source/portable/GCC/ARM_CM3/portmacro.h"
   1:Middlewares/Third_Party/FreeRTOS/Source/portable/GCC/ARM_CM3/portmacro.h **** /*
   2:Middlewares/Third_Party/FreeRTOS/Source/portable/GCC/ARM_CM3/portmacro.h ****  * FreeRTOS Kernel V10.3.1
   3:Middlewares/Third_Party/FreeRTOS/Source/portable/GCC/ARM_CM3/portmacro.h ****  * Copyright (C) 2020 Amazon.com, Inc. or its affiliates.  All Rights Reserved.
   4:Middlewares/Third_Party/FreeRTOS/Source/portable/GCC/ARM_CM3/portmacro.h ****  *
   5:Middlewares/Third_Party/FreeRTOS/Source/portable/GCC/ARM_CM3/portmacro.h ****  * Permission is hereby granted, free of charge, to any person obtaining a copy of
   6:Middlewares/Third_Party/FreeRTOS/Source/portable/GCC/ARM_CM3/portmacro.h ****  * this software and associated documentation files (the "Software"), to deal in
   7:Middlewares/Third_Party/FreeRTOS/Source/portable/GCC/ARM_CM3/portmacro.h ****  * the Software without restriction, including without limitation the rights to
   8:Middlewares/Third_Party/FreeRTOS/Source/portable/GCC/ARM_CM3/portmacro.h ****  * use, copy, modify, merge, publish, distribute, sublicense, and/or sell copies of
   9:Middlewares/Third_Party/FreeRTOS/Source/portable/GCC/ARM_CM3/portmacro.h ****  * the Software, and to permit persons to whom the Software is furnished to do so,
  10:Middlewares/Third_Party/FreeRTOS/Source/portable/GCC/ARM_CM3/portmacro.h ****  * subject to the following conditions:
  11:Middlewares/Third_Party/FreeRTOS/Source/portable/GCC/ARM_CM3/portmacro.h ****  *
  12:Middlewares/Third_Party/FreeRTOS/Source/portable/GCC/ARM_CM3/portmacro.h ****  * The above copyright notice and this permission notice shall be included in all
  13:Middlewares/Third_Party/FreeRTOS/Source/portable/GCC/ARM_CM3/portmacro.h ****  * copies or substantial portions of the Software.
  14:Middlewares/Third_Party/FreeRTOS/Source/portable/GCC/ARM_CM3/portmacro.h ****  *
  15:Middlewares/Third_Party/FreeRTOS/Source/portable/GCC/ARM_CM3/portmacro.h ****  * THE SOFTWARE IS PROVIDED "AS IS", WITHOUT WARRANTY OF ANY KIND, EXPRESS OR
  16:Middlewares/Third_Party/FreeRTOS/Source/portable/GCC/ARM_CM3/portmacro.h ****  * IMPLIED, INCLUDING BUT NOT LIMITED TO THE WARRANTIES OF MERCHANTABILITY, FITNESS
  17:Middlewares/Third_Party/FreeRTOS/Source/portable/GCC/ARM_CM3/portmacro.h ****  * FOR A PARTICULAR PURPOSE AND NONINFRINGEMENT. IN NO EVENT SHALL THE AUTHORS OR
  18:Middlewares/Third_Party/FreeRTOS/Source/portable/GCC/ARM_CM3/portmacro.h ****  * COPYRIGHT HOLDERS BE LIABLE FOR ANY CLAIM, DAMAGES OR OTHER LIABILITY, WHETHER
  19:Middlewares/Third_Party/FreeRTOS/Source/portable/GCC/ARM_CM3/portmacro.h ****  * IN AN ACTION OF CONTRACT, TORT OR OTHERWISE, ARISING FROM, OUT OF OR IN
  20:Middlewares/Third_Party/FreeRTOS/Source/portable/GCC/ARM_CM3/portmacro.h ****  * CONNECTION WITH THE SOFTWARE OR THE USE OR OTHER DEALINGS IN THE SOFTWARE.
  21:Middlewares/Third_Party/FreeRTOS/Source/portable/GCC/ARM_CM3/portmacro.h ****  *
  22:Middlewares/Third_Party/FreeRTOS/Source/portable/GCC/ARM_CM3/portmacro.h ****  * http://www.FreeRTOS.org
  23:Middlewares/Third_Party/FreeRTOS/Source/portable/GCC/ARM_CM3/portmacro.h ****  * http://aws.amazon.com/freertos
  24:Middlewares/Third_Party/FreeRTOS/Source/portable/GCC/ARM_CM3/portmacro.h ****  *
  25:Middlewares/Third_Party/FreeRTOS/Source/portable/GCC/ARM_CM3/portmacro.h ****  * 1 tab == 4 spaces!
  26:Middlewares/Third_Party/FreeRTOS/Source/portable/GCC/ARM_CM3/portmacro.h ****  */
  27:Middlewares/Third_Party/FreeRTOS/Source/portable/GCC/ARM_CM3/portmacro.h **** 
  28:Middlewares/Third_Party/FreeRTOS/Source/portable/GCC/ARM_CM3/portmacro.h **** 
  29:Middlewares/Third_Party/FreeRTOS/Source/portable/GCC/ARM_CM3/portmacro.h **** #ifndef PORTMACRO_H
  30:Middlewares/Third_Party/FreeRTOS/Source/portable/GCC/ARM_CM3/portmacro.h **** #define PORTMACRO_H
  31:Middlewares/Third_Party/FreeRTOS/Source/portable/GCC/ARM_CM3/portmacro.h **** 
  32:Middlewares/Third_Party/FreeRTOS/Source/portable/GCC/ARM_CM3/portmacro.h **** #ifdef __cplusplus
  33:Middlewares/Third_Party/FreeRTOS/Source/portable/GCC/ARM_CM3/portmacro.h **** extern "C" {
  34:Middlewares/Third_Party/FreeRTOS/Source/portable/GCC/ARM_CM3/portmacro.h **** #endif
  35:Middlewares/Third_Party/FreeRTOS/Source/portable/GCC/ARM_CM3/portmacro.h **** 
  36:Middlewares/Third_Party/FreeRTOS/Source/portable/GCC/ARM_CM3/portmacro.h **** /*-----------------------------------------------------------
  37:Middlewares/Third_Party/FreeRTOS/Source/portable/GCC/ARM_CM3/portmacro.h ****  * Port specific definitions.
  38:Middlewares/Third_Party/FreeRTOS/Source/portable/GCC/ARM_CM3/portmacro.h ****  *
ARM GAS  C:\Users\subdia\AppData\Local\Temp\ccZGXZAV.s 			page 25


  39:Middlewares/Third_Party/FreeRTOS/Source/portable/GCC/ARM_CM3/portmacro.h ****  * The settings in this file configure FreeRTOS correctly for the
  40:Middlewares/Third_Party/FreeRTOS/Source/portable/GCC/ARM_CM3/portmacro.h ****  * given hardware and compiler.
  41:Middlewares/Third_Party/FreeRTOS/Source/portable/GCC/ARM_CM3/portmacro.h ****  *
  42:Middlewares/Third_Party/FreeRTOS/Source/portable/GCC/ARM_CM3/portmacro.h ****  * These settings should not be altered.
  43:Middlewares/Third_Party/FreeRTOS/Source/portable/GCC/ARM_CM3/portmacro.h ****  *-----------------------------------------------------------
  44:Middlewares/Third_Party/FreeRTOS/Source/portable/GCC/ARM_CM3/portmacro.h ****  */
  45:Middlewares/Third_Party/FreeRTOS/Source/portable/GCC/ARM_CM3/portmacro.h **** 
  46:Middlewares/Third_Party/FreeRTOS/Source/portable/GCC/ARM_CM3/portmacro.h **** /* Type definitions. */
  47:Middlewares/Third_Party/FreeRTOS/Source/portable/GCC/ARM_CM3/portmacro.h **** #define portCHAR		char
  48:Middlewares/Third_Party/FreeRTOS/Source/portable/GCC/ARM_CM3/portmacro.h **** #define portFLOAT		float
  49:Middlewares/Third_Party/FreeRTOS/Source/portable/GCC/ARM_CM3/portmacro.h **** #define portDOUBLE		double
  50:Middlewares/Third_Party/FreeRTOS/Source/portable/GCC/ARM_CM3/portmacro.h **** #define portLONG		long
  51:Middlewares/Third_Party/FreeRTOS/Source/portable/GCC/ARM_CM3/portmacro.h **** #define portSHORT		short
  52:Middlewares/Third_Party/FreeRTOS/Source/portable/GCC/ARM_CM3/portmacro.h **** #define portSTACK_TYPE	uint32_t
  53:Middlewares/Third_Party/FreeRTOS/Source/portable/GCC/ARM_CM3/portmacro.h **** #define portBASE_TYPE	long
  54:Middlewares/Third_Party/FreeRTOS/Source/portable/GCC/ARM_CM3/portmacro.h **** 
  55:Middlewares/Third_Party/FreeRTOS/Source/portable/GCC/ARM_CM3/portmacro.h **** typedef portSTACK_TYPE StackType_t;
  56:Middlewares/Third_Party/FreeRTOS/Source/portable/GCC/ARM_CM3/portmacro.h **** typedef long BaseType_t;
  57:Middlewares/Third_Party/FreeRTOS/Source/portable/GCC/ARM_CM3/portmacro.h **** typedef unsigned long UBaseType_t;
  58:Middlewares/Third_Party/FreeRTOS/Source/portable/GCC/ARM_CM3/portmacro.h **** 
  59:Middlewares/Third_Party/FreeRTOS/Source/portable/GCC/ARM_CM3/portmacro.h **** #if( configUSE_16_BIT_TICKS == 1 )
  60:Middlewares/Third_Party/FreeRTOS/Source/portable/GCC/ARM_CM3/portmacro.h **** 	typedef uint16_t TickType_t;
  61:Middlewares/Third_Party/FreeRTOS/Source/portable/GCC/ARM_CM3/portmacro.h **** 	#define portMAX_DELAY ( TickType_t ) 0xffff
  62:Middlewares/Third_Party/FreeRTOS/Source/portable/GCC/ARM_CM3/portmacro.h **** #else
  63:Middlewares/Third_Party/FreeRTOS/Source/portable/GCC/ARM_CM3/portmacro.h **** 	typedef uint32_t TickType_t;
  64:Middlewares/Third_Party/FreeRTOS/Source/portable/GCC/ARM_CM3/portmacro.h **** 	#define portMAX_DELAY ( TickType_t ) 0xffffffffUL
  65:Middlewares/Third_Party/FreeRTOS/Source/portable/GCC/ARM_CM3/portmacro.h **** 
  66:Middlewares/Third_Party/FreeRTOS/Source/portable/GCC/ARM_CM3/portmacro.h **** 	/* 32-bit tick type on a 32-bit architecture, so reads of the tick count do
  67:Middlewares/Third_Party/FreeRTOS/Source/portable/GCC/ARM_CM3/portmacro.h **** 	not need to be guarded with a critical section. */
  68:Middlewares/Third_Party/FreeRTOS/Source/portable/GCC/ARM_CM3/portmacro.h **** 	#define portTICK_TYPE_IS_ATOMIC 1
  69:Middlewares/Third_Party/FreeRTOS/Source/portable/GCC/ARM_CM3/portmacro.h **** #endif
  70:Middlewares/Third_Party/FreeRTOS/Source/portable/GCC/ARM_CM3/portmacro.h **** /*-----------------------------------------------------------*/
  71:Middlewares/Third_Party/FreeRTOS/Source/portable/GCC/ARM_CM3/portmacro.h **** 
  72:Middlewares/Third_Party/FreeRTOS/Source/portable/GCC/ARM_CM3/portmacro.h **** /* Architecture specifics. */
  73:Middlewares/Third_Party/FreeRTOS/Source/portable/GCC/ARM_CM3/portmacro.h **** #define portSTACK_GROWTH			( -1 )
  74:Middlewares/Third_Party/FreeRTOS/Source/portable/GCC/ARM_CM3/portmacro.h **** #define portTICK_PERIOD_MS			( ( TickType_t ) 1000 / configTICK_RATE_HZ )
  75:Middlewares/Third_Party/FreeRTOS/Source/portable/GCC/ARM_CM3/portmacro.h **** #define portBYTE_ALIGNMENT			8
  76:Middlewares/Third_Party/FreeRTOS/Source/portable/GCC/ARM_CM3/portmacro.h **** /*-----------------------------------------------------------*/
  77:Middlewares/Third_Party/FreeRTOS/Source/portable/GCC/ARM_CM3/portmacro.h **** 
  78:Middlewares/Third_Party/FreeRTOS/Source/portable/GCC/ARM_CM3/portmacro.h **** /* Scheduler utilities. */
  79:Middlewares/Third_Party/FreeRTOS/Source/portable/GCC/ARM_CM3/portmacro.h **** #define portYIELD() 															\
  80:Middlewares/Third_Party/FreeRTOS/Source/portable/GCC/ARM_CM3/portmacro.h **** {																				\
  81:Middlewares/Third_Party/FreeRTOS/Source/portable/GCC/ARM_CM3/portmacro.h **** 	/* Set a PendSV to request a context switch. */								\
  82:Middlewares/Third_Party/FreeRTOS/Source/portable/GCC/ARM_CM3/portmacro.h **** 	portNVIC_INT_CTRL_REG = portNVIC_PENDSVSET_BIT;								\
  83:Middlewares/Third_Party/FreeRTOS/Source/portable/GCC/ARM_CM3/portmacro.h **** 																				\
  84:Middlewares/Third_Party/FreeRTOS/Source/portable/GCC/ARM_CM3/portmacro.h **** 	/* Barriers are normally not required but do ensure the code is completely	\
  85:Middlewares/Third_Party/FreeRTOS/Source/portable/GCC/ARM_CM3/portmacro.h **** 	within the specified behaviour for the architecture. */						\
  86:Middlewares/Third_Party/FreeRTOS/Source/portable/GCC/ARM_CM3/portmacro.h **** 	__asm volatile( "dsb" ::: "memory" );										\
  87:Middlewares/Third_Party/FreeRTOS/Source/portable/GCC/ARM_CM3/portmacro.h **** 	__asm volatile( "isb" );													\
  88:Middlewares/Third_Party/FreeRTOS/Source/portable/GCC/ARM_CM3/portmacro.h **** }
  89:Middlewares/Third_Party/FreeRTOS/Source/portable/GCC/ARM_CM3/portmacro.h **** 
  90:Middlewares/Third_Party/FreeRTOS/Source/portable/GCC/ARM_CM3/portmacro.h **** #define portNVIC_INT_CTRL_REG		( * ( ( volatile uint32_t * ) 0xe000ed04 ) )
  91:Middlewares/Third_Party/FreeRTOS/Source/portable/GCC/ARM_CM3/portmacro.h **** #define portNVIC_PENDSVSET_BIT		( 1UL << 28UL )
  92:Middlewares/Third_Party/FreeRTOS/Source/portable/GCC/ARM_CM3/portmacro.h **** #define portEND_SWITCHING_ISR( xSwitchRequired ) if( xSwitchRequired != pdFALSE ) portYIELD()
  93:Middlewares/Third_Party/FreeRTOS/Source/portable/GCC/ARM_CM3/portmacro.h **** #define portYIELD_FROM_ISR( x ) portEND_SWITCHING_ISR( x )
  94:Middlewares/Third_Party/FreeRTOS/Source/portable/GCC/ARM_CM3/portmacro.h **** /*-----------------------------------------------------------*/
  95:Middlewares/Third_Party/FreeRTOS/Source/portable/GCC/ARM_CM3/portmacro.h **** 
ARM GAS  C:\Users\subdia\AppData\Local\Temp\ccZGXZAV.s 			page 26


  96:Middlewares/Third_Party/FreeRTOS/Source/portable/GCC/ARM_CM3/portmacro.h **** /* Critical section management. */
  97:Middlewares/Third_Party/FreeRTOS/Source/portable/GCC/ARM_CM3/portmacro.h **** extern void vPortEnterCritical( void );
  98:Middlewares/Third_Party/FreeRTOS/Source/portable/GCC/ARM_CM3/portmacro.h **** extern void vPortExitCritical( void );
  99:Middlewares/Third_Party/FreeRTOS/Source/portable/GCC/ARM_CM3/portmacro.h **** #define portSET_INTERRUPT_MASK_FROM_ISR()		ulPortRaiseBASEPRI()
 100:Middlewares/Third_Party/FreeRTOS/Source/portable/GCC/ARM_CM3/portmacro.h **** #define portCLEAR_INTERRUPT_MASK_FROM_ISR(x)	vPortSetBASEPRI(x)
 101:Middlewares/Third_Party/FreeRTOS/Source/portable/GCC/ARM_CM3/portmacro.h **** #define portDISABLE_INTERRUPTS()				vPortRaiseBASEPRI()
 102:Middlewares/Third_Party/FreeRTOS/Source/portable/GCC/ARM_CM3/portmacro.h **** #define portENABLE_INTERRUPTS()					vPortSetBASEPRI(0)
 103:Middlewares/Third_Party/FreeRTOS/Source/portable/GCC/ARM_CM3/portmacro.h **** #define portENTER_CRITICAL()					vPortEnterCritical()
 104:Middlewares/Third_Party/FreeRTOS/Source/portable/GCC/ARM_CM3/portmacro.h **** #define portEXIT_CRITICAL()						vPortExitCritical()
 105:Middlewares/Third_Party/FreeRTOS/Source/portable/GCC/ARM_CM3/portmacro.h **** 
 106:Middlewares/Third_Party/FreeRTOS/Source/portable/GCC/ARM_CM3/portmacro.h **** /*-----------------------------------------------------------*/
 107:Middlewares/Third_Party/FreeRTOS/Source/portable/GCC/ARM_CM3/portmacro.h **** 
 108:Middlewares/Third_Party/FreeRTOS/Source/portable/GCC/ARM_CM3/portmacro.h **** /* Task function macros as described on the FreeRTOS.org WEB site.  These are
 109:Middlewares/Third_Party/FreeRTOS/Source/portable/GCC/ARM_CM3/portmacro.h **** not necessary for to use this port.  They are defined so the common demo files
 110:Middlewares/Third_Party/FreeRTOS/Source/portable/GCC/ARM_CM3/portmacro.h **** (which build with all the ports) will build. */
 111:Middlewares/Third_Party/FreeRTOS/Source/portable/GCC/ARM_CM3/portmacro.h **** #define portTASK_FUNCTION_PROTO( vFunction, pvParameters ) void vFunction( void *pvParameters )
 112:Middlewares/Third_Party/FreeRTOS/Source/portable/GCC/ARM_CM3/portmacro.h **** #define portTASK_FUNCTION( vFunction, pvParameters ) void vFunction( void *pvParameters )
 113:Middlewares/Third_Party/FreeRTOS/Source/portable/GCC/ARM_CM3/portmacro.h **** /*-----------------------------------------------------------*/
 114:Middlewares/Third_Party/FreeRTOS/Source/portable/GCC/ARM_CM3/portmacro.h **** 
 115:Middlewares/Third_Party/FreeRTOS/Source/portable/GCC/ARM_CM3/portmacro.h **** /* Tickless idle/low power functionality. */
 116:Middlewares/Third_Party/FreeRTOS/Source/portable/GCC/ARM_CM3/portmacro.h **** #ifndef portSUPPRESS_TICKS_AND_SLEEP
 117:Middlewares/Third_Party/FreeRTOS/Source/portable/GCC/ARM_CM3/portmacro.h **** 	extern void vPortSuppressTicksAndSleep( TickType_t xExpectedIdleTime );
 118:Middlewares/Third_Party/FreeRTOS/Source/portable/GCC/ARM_CM3/portmacro.h **** 	#define portSUPPRESS_TICKS_AND_SLEEP( xExpectedIdleTime ) vPortSuppressTicksAndSleep( xExpectedIdl
 119:Middlewares/Third_Party/FreeRTOS/Source/portable/GCC/ARM_CM3/portmacro.h **** #endif
 120:Middlewares/Third_Party/FreeRTOS/Source/portable/GCC/ARM_CM3/portmacro.h **** /*-----------------------------------------------------------*/
 121:Middlewares/Third_Party/FreeRTOS/Source/portable/GCC/ARM_CM3/portmacro.h **** 
 122:Middlewares/Third_Party/FreeRTOS/Source/portable/GCC/ARM_CM3/portmacro.h **** /* Architecture specific optimisations. */
 123:Middlewares/Third_Party/FreeRTOS/Source/portable/GCC/ARM_CM3/portmacro.h **** #ifndef configUSE_PORT_OPTIMISED_TASK_SELECTION
 124:Middlewares/Third_Party/FreeRTOS/Source/portable/GCC/ARM_CM3/portmacro.h **** 	#define configUSE_PORT_OPTIMISED_TASK_SELECTION 1
 125:Middlewares/Third_Party/FreeRTOS/Source/portable/GCC/ARM_CM3/portmacro.h **** #endif
 126:Middlewares/Third_Party/FreeRTOS/Source/portable/GCC/ARM_CM3/portmacro.h **** 
 127:Middlewares/Third_Party/FreeRTOS/Source/portable/GCC/ARM_CM3/portmacro.h **** #if configUSE_PORT_OPTIMISED_TASK_SELECTION == 1
 128:Middlewares/Third_Party/FreeRTOS/Source/portable/GCC/ARM_CM3/portmacro.h **** 
 129:Middlewares/Third_Party/FreeRTOS/Source/portable/GCC/ARM_CM3/portmacro.h **** 	/* Generic helper function. */
 130:Middlewares/Third_Party/FreeRTOS/Source/portable/GCC/ARM_CM3/portmacro.h **** 	__attribute__( ( always_inline ) ) static inline uint8_t ucPortCountLeadingZeros( uint32_t ulBitma
 131:Middlewares/Third_Party/FreeRTOS/Source/portable/GCC/ARM_CM3/portmacro.h **** 	{
 132:Middlewares/Third_Party/FreeRTOS/Source/portable/GCC/ARM_CM3/portmacro.h **** 	uint8_t ucReturn;
 133:Middlewares/Third_Party/FreeRTOS/Source/portable/GCC/ARM_CM3/portmacro.h **** 
 134:Middlewares/Third_Party/FreeRTOS/Source/portable/GCC/ARM_CM3/portmacro.h **** 		__asm volatile ( "clz %0, %1" : "=r" ( ucReturn ) : "r" ( ulBitmap ) : "memory" );
 135:Middlewares/Third_Party/FreeRTOS/Source/portable/GCC/ARM_CM3/portmacro.h **** 		return ucReturn;
 136:Middlewares/Third_Party/FreeRTOS/Source/portable/GCC/ARM_CM3/portmacro.h **** 	}
 137:Middlewares/Third_Party/FreeRTOS/Source/portable/GCC/ARM_CM3/portmacro.h **** 
 138:Middlewares/Third_Party/FreeRTOS/Source/portable/GCC/ARM_CM3/portmacro.h **** 	/* Check the configuration. */
 139:Middlewares/Third_Party/FreeRTOS/Source/portable/GCC/ARM_CM3/portmacro.h **** 	#if( configMAX_PRIORITIES > 32 )
 140:Middlewares/Third_Party/FreeRTOS/Source/portable/GCC/ARM_CM3/portmacro.h **** 		#error configUSE_PORT_OPTIMISED_TASK_SELECTION can only be set to 1 when configMAX_PRIORITIES is 
 141:Middlewares/Third_Party/FreeRTOS/Source/portable/GCC/ARM_CM3/portmacro.h **** 	#endif
 142:Middlewares/Third_Party/FreeRTOS/Source/portable/GCC/ARM_CM3/portmacro.h **** 
 143:Middlewares/Third_Party/FreeRTOS/Source/portable/GCC/ARM_CM3/portmacro.h **** 	/* Store/clear the ready priorities in a bit map. */
 144:Middlewares/Third_Party/FreeRTOS/Source/portable/GCC/ARM_CM3/portmacro.h **** 	#define portRECORD_READY_PRIORITY( uxPriority, uxReadyPriorities ) ( uxReadyPriorities ) |= ( 1UL 
 145:Middlewares/Third_Party/FreeRTOS/Source/portable/GCC/ARM_CM3/portmacro.h **** 	#define portRESET_READY_PRIORITY( uxPriority, uxReadyPriorities ) ( uxReadyPriorities ) &= ~( 1UL 
 146:Middlewares/Third_Party/FreeRTOS/Source/portable/GCC/ARM_CM3/portmacro.h **** 
 147:Middlewares/Third_Party/FreeRTOS/Source/portable/GCC/ARM_CM3/portmacro.h **** 	/*-----------------------------------------------------------*/
 148:Middlewares/Third_Party/FreeRTOS/Source/portable/GCC/ARM_CM3/portmacro.h **** 
 149:Middlewares/Third_Party/FreeRTOS/Source/portable/GCC/ARM_CM3/portmacro.h **** 	#define portGET_HIGHEST_PRIORITY( uxTopPriority, uxReadyPriorities ) uxTopPriority = ( 31UL - ( ui
 150:Middlewares/Third_Party/FreeRTOS/Source/portable/GCC/ARM_CM3/portmacro.h **** 
 151:Middlewares/Third_Party/FreeRTOS/Source/portable/GCC/ARM_CM3/portmacro.h **** #endif /* configUSE_PORT_OPTIMISED_TASK_SELECTION */
 152:Middlewares/Third_Party/FreeRTOS/Source/portable/GCC/ARM_CM3/portmacro.h **** 
ARM GAS  C:\Users\subdia\AppData\Local\Temp\ccZGXZAV.s 			page 27


 153:Middlewares/Third_Party/FreeRTOS/Source/portable/GCC/ARM_CM3/portmacro.h **** /*-----------------------------------------------------------*/
 154:Middlewares/Third_Party/FreeRTOS/Source/portable/GCC/ARM_CM3/portmacro.h **** 
 155:Middlewares/Third_Party/FreeRTOS/Source/portable/GCC/ARM_CM3/portmacro.h **** #ifdef configASSERT
 156:Middlewares/Third_Party/FreeRTOS/Source/portable/GCC/ARM_CM3/portmacro.h **** 	void vPortValidateInterruptPriority( void );
 157:Middlewares/Third_Party/FreeRTOS/Source/portable/GCC/ARM_CM3/portmacro.h **** 	#define portASSERT_IF_INTERRUPT_PRIORITY_INVALID() 	vPortValidateInterruptPriority()
 158:Middlewares/Third_Party/FreeRTOS/Source/portable/GCC/ARM_CM3/portmacro.h **** #endif
 159:Middlewares/Third_Party/FreeRTOS/Source/portable/GCC/ARM_CM3/portmacro.h **** 
 160:Middlewares/Third_Party/FreeRTOS/Source/portable/GCC/ARM_CM3/portmacro.h **** /* portNOP() is not required by this port. */
 161:Middlewares/Third_Party/FreeRTOS/Source/portable/GCC/ARM_CM3/portmacro.h **** #define portNOP()
 162:Middlewares/Third_Party/FreeRTOS/Source/portable/GCC/ARM_CM3/portmacro.h **** 
 163:Middlewares/Third_Party/FreeRTOS/Source/portable/GCC/ARM_CM3/portmacro.h **** #define portINLINE	__inline
 164:Middlewares/Third_Party/FreeRTOS/Source/portable/GCC/ARM_CM3/portmacro.h **** 
 165:Middlewares/Third_Party/FreeRTOS/Source/portable/GCC/ARM_CM3/portmacro.h **** #ifndef portFORCE_INLINE
 166:Middlewares/Third_Party/FreeRTOS/Source/portable/GCC/ARM_CM3/portmacro.h **** 	#define portFORCE_INLINE inline __attribute__(( always_inline))
 167:Middlewares/Third_Party/FreeRTOS/Source/portable/GCC/ARM_CM3/portmacro.h **** #endif
 168:Middlewares/Third_Party/FreeRTOS/Source/portable/GCC/ARM_CM3/portmacro.h **** 
 169:Middlewares/Third_Party/FreeRTOS/Source/portable/GCC/ARM_CM3/portmacro.h **** /*-----------------------------------------------------------*/
 170:Middlewares/Third_Party/FreeRTOS/Source/portable/GCC/ARM_CM3/portmacro.h **** 
 171:Middlewares/Third_Party/FreeRTOS/Source/portable/GCC/ARM_CM3/portmacro.h **** portFORCE_INLINE static BaseType_t xPortIsInsideInterrupt( void )
 172:Middlewares/Third_Party/FreeRTOS/Source/portable/GCC/ARM_CM3/portmacro.h **** {
 173:Middlewares/Third_Party/FreeRTOS/Source/portable/GCC/ARM_CM3/portmacro.h **** uint32_t ulCurrentInterrupt;
 174:Middlewares/Third_Party/FreeRTOS/Source/portable/GCC/ARM_CM3/portmacro.h **** BaseType_t xReturn;
 175:Middlewares/Third_Party/FreeRTOS/Source/portable/GCC/ARM_CM3/portmacro.h **** 
 176:Middlewares/Third_Party/FreeRTOS/Source/portable/GCC/ARM_CM3/portmacro.h **** 	/* Obtain the number of the currently executing interrupt. */
 177:Middlewares/Third_Party/FreeRTOS/Source/portable/GCC/ARM_CM3/portmacro.h **** 	__asm volatile( "mrs %0, ipsr" : "=r"( ulCurrentInterrupt ) :: "memory" );
 178:Middlewares/Third_Party/FreeRTOS/Source/portable/GCC/ARM_CM3/portmacro.h **** 
 179:Middlewares/Third_Party/FreeRTOS/Source/portable/GCC/ARM_CM3/portmacro.h **** 	if( ulCurrentInterrupt == 0 )
 180:Middlewares/Third_Party/FreeRTOS/Source/portable/GCC/ARM_CM3/portmacro.h **** 	{
 181:Middlewares/Third_Party/FreeRTOS/Source/portable/GCC/ARM_CM3/portmacro.h **** 		xReturn = pdFALSE;
 182:Middlewares/Third_Party/FreeRTOS/Source/portable/GCC/ARM_CM3/portmacro.h **** 	}
 183:Middlewares/Third_Party/FreeRTOS/Source/portable/GCC/ARM_CM3/portmacro.h **** 	else
 184:Middlewares/Third_Party/FreeRTOS/Source/portable/GCC/ARM_CM3/portmacro.h **** 	{
 185:Middlewares/Third_Party/FreeRTOS/Source/portable/GCC/ARM_CM3/portmacro.h **** 		xReturn = pdTRUE;
 186:Middlewares/Third_Party/FreeRTOS/Source/portable/GCC/ARM_CM3/portmacro.h **** 	}
 187:Middlewares/Third_Party/FreeRTOS/Source/portable/GCC/ARM_CM3/portmacro.h **** 
 188:Middlewares/Third_Party/FreeRTOS/Source/portable/GCC/ARM_CM3/portmacro.h **** 	return xReturn;
 189:Middlewares/Third_Party/FreeRTOS/Source/portable/GCC/ARM_CM3/portmacro.h **** }
 190:Middlewares/Third_Party/FreeRTOS/Source/portable/GCC/ARM_CM3/portmacro.h **** 
 191:Middlewares/Third_Party/FreeRTOS/Source/portable/GCC/ARM_CM3/portmacro.h **** /*-----------------------------------------------------------*/
 192:Middlewares/Third_Party/FreeRTOS/Source/portable/GCC/ARM_CM3/portmacro.h **** 
 193:Middlewares/Third_Party/FreeRTOS/Source/portable/GCC/ARM_CM3/portmacro.h **** portFORCE_INLINE static void vPortRaiseBASEPRI( void )
 110              		.loc 2 193 30 view .LVU24
 111              	.LBB98:
 194:Middlewares/Third_Party/FreeRTOS/Source/portable/GCC/ARM_CM3/portmacro.h **** {
 195:Middlewares/Third_Party/FreeRTOS/Source/portable/GCC/ARM_CM3/portmacro.h **** uint32_t ulNewBASEPRI;
 112              		.loc 2 195 1 view .LVU25
 196:Middlewares/Third_Party/FreeRTOS/Source/portable/GCC/ARM_CM3/portmacro.h **** 
 197:Middlewares/Third_Party/FreeRTOS/Source/portable/GCC/ARM_CM3/portmacro.h **** 	__asm volatile
 113              		.loc 2 197 2 view .LVU26
 114              		.syntax unified
 115              	@ 197 "Middlewares/Third_Party/FreeRTOS/Source/portable/GCC/ARM_CM3/portmacro.h" 1
 116 0016 4FF05003 			mov r3, #80												
 117 001a 83F31188 		msr basepri, r3											
 118 001e BFF36F8F 		isb														
 119 0022 BFF34F8F 		dsb														
 120              	
 121              	@ 0 "" 2
ARM GAS  C:\Users\subdia\AppData\Local\Temp\ccZGXZAV.s 			page 28


 122              		.thumb
 123              		.syntax unified
 124              	.L5:
 125              	.LBE98:
 126              	.LBE97:
 127              		.loc 1 1224 3 view .LVU27
 128 0026 FEE7     		b	.L5
 129              	.L4:
 130              		.loc 1 1224 90 view .LVU28
 131              	.LBE96:
1225:Middlewares/Third_Party/FreeRTOS/Source/stream_buffer.c **** 	} /*lint !e529 !e438 xWriteValue is only used if configASSERT() is defined. */
1226:Middlewares/Third_Party/FreeRTOS/Source/stream_buffer.c **** 	#endif
1227:Middlewares/Third_Party/FreeRTOS/Source/stream_buffer.c **** 
1228:Middlewares/Third_Party/FreeRTOS/Source/stream_buffer.c **** 	( void ) memset( ( void * ) pxStreamBuffer, 0x00, sizeof( StreamBuffer_t ) ); /*lint !e9087 memset
 132              		.loc 1 1228 2 view .LVU29
 133              		.loc 1 1228 11 is_stmt 0 view .LVU30
 134 0028 2022     		movs	r2, #32
 135 002a 0021     		movs	r1, #0
 136 002c 2846     		mov	r0, r5
 137 002e FFF7FEFF 		bl	memset
 138              	.LVL10:
1229:Middlewares/Third_Party/FreeRTOS/Source/stream_buffer.c **** 	pxStreamBuffer->pucBuffer = pucBuffer;
 139              		.loc 1 1229 2 is_stmt 1 view .LVU31
 140              		.loc 1 1229 28 is_stmt 0 view .LVU32
 141 0032 AC61     		str	r4, [r5, #24]
1230:Middlewares/Third_Party/FreeRTOS/Source/stream_buffer.c **** 	pxStreamBuffer->xLength = xBufferSizeBytes;
 142              		.loc 1 1230 2 is_stmt 1 view .LVU33
 143              		.loc 1 1230 26 is_stmt 0 view .LVU34
 144 0034 AE60     		str	r6, [r5, #8]
1231:Middlewares/Third_Party/FreeRTOS/Source/stream_buffer.c **** 	pxStreamBuffer->xTriggerLevelBytes = xTriggerLevelBytes;
 145              		.loc 1 1231 2 is_stmt 1 view .LVU35
 146              		.loc 1 1231 37 is_stmt 0 view .LVU36
 147 0036 EF60     		str	r7, [r5, #12]
1232:Middlewares/Third_Party/FreeRTOS/Source/stream_buffer.c **** 	pxStreamBuffer->ucFlags = ucFlags;
 148              		.loc 1 1232 2 is_stmt 1 view .LVU37
 149              		.loc 1 1232 26 is_stmt 0 view .LVU38
 150 0038 9DF81830 		ldrb	r3, [sp, #24]	@ zero_extendqisi2
 151 003c 2B77     		strb	r3, [r5, #28]
1233:Middlewares/Third_Party/FreeRTOS/Source/stream_buffer.c **** }
 152              		.loc 1 1233 1 view .LVU39
 153 003e F8BD     		pop	{r3, r4, r5, r6, r7, pc}
 154              		.loc 1 1233 1 view .LVU40
 155              		.cfi_endproc
 156              	.LFE26:
 158              		.section	.text.prvWriteBytesToBuffer,"ax",%progbits
 159              		.align	1
 160              		.syntax unified
 161              		.thumb
 162              		.thumb_func
 164              	prvWriteBytesToBuffer:
 165              	.LVL11:
 166              	.LFB23:
1089:Middlewares/Third_Party/FreeRTOS/Source/stream_buffer.c **** size_t xNextHead, xFirstLength;
 167              		.loc 1 1089 1 is_stmt 1 view -0
 168              		.cfi_startproc
 169              		@ args = 0, pretend = 0, frame = 0
 170              		@ frame_needed = 0, uses_anonymous_args = 0
ARM GAS  C:\Users\subdia\AppData\Local\Temp\ccZGXZAV.s 			page 29


1089:Middlewares/Third_Party/FreeRTOS/Source/stream_buffer.c **** size_t xNextHead, xFirstLength;
 171              		.loc 1 1089 1 is_stmt 0 view .LVU42
 172 0000 2DE9F843 		push	{r3, r4, r5, r6, r7, r8, r9, lr}
 173              	.LCFI1:
 174              		.cfi_def_cfa_offset 32
 175              		.cfi_offset 3, -32
 176              		.cfi_offset 4, -28
 177              		.cfi_offset 5, -24
 178              		.cfi_offset 6, -20
 179              		.cfi_offset 7, -16
 180              		.cfi_offset 8, -12
 181              		.cfi_offset 9, -8
 182              		.cfi_offset 14, -4
1090:Middlewares/Third_Party/FreeRTOS/Source/stream_buffer.c **** 
 183              		.loc 1 1090 1 is_stmt 1 view .LVU43
1092:Middlewares/Third_Party/FreeRTOS/Source/stream_buffer.c **** 
 184              		.loc 1 1092 2 view .LVU44
 185 0004 42B9     		cbnz	r2, .L8
1092:Middlewares/Third_Party/FreeRTOS/Source/stream_buffer.c **** 
 186              		.loc 1 1092 2 discriminator 1 view .LVU45
 187              	.LBB99:
 188              	.LBI99:
 193:Middlewares/Third_Party/FreeRTOS/Source/portable/GCC/ARM_CM3/portmacro.h **** {
 189              		.loc 2 193 30 view .LVU46
 190              	.LBB100:
 195:Middlewares/Third_Party/FreeRTOS/Source/portable/GCC/ARM_CM3/portmacro.h **** 
 191              		.loc 2 195 1 view .LVU47
 192              		.loc 2 197 2 view .LVU48
 193              		.syntax unified
 194              	@ 197 "Middlewares/Third_Party/FreeRTOS/Source/portable/GCC/ARM_CM3/portmacro.h" 1
 195 0006 4FF05003 			mov r3, #80												
 196 000a 83F31188 		msr basepri, r3											
 197 000e BFF36F8F 		isb														
 198 0012 BFF34F8F 		dsb														
 199              	
 200              	@ 0 "" 2
 201              		.thumb
 202              		.syntax unified
 203              	.L9:
 204              	.LBE100:
 205              	.LBE99:
1092:Middlewares/Third_Party/FreeRTOS/Source/stream_buffer.c **** 
 206              		.loc 1 1092 2 view .LVU49
 207 0016 FEE7     		b	.L9
 208              	.L8:
 209 0018 0446     		mov	r4, r0
 210 001a 8946     		mov	r9, r1
 211 001c 9046     		mov	r8, r2
1092:Middlewares/Third_Party/FreeRTOS/Source/stream_buffer.c **** 
 212              		.loc 1 1092 39 view .LVU50
1094:Middlewares/Third_Party/FreeRTOS/Source/stream_buffer.c **** 
 213              		.loc 1 1094 2 view .LVU51
1094:Middlewares/Third_Party/FreeRTOS/Source/stream_buffer.c **** 
 214              		.loc 1 1094 12 is_stmt 0 view .LVU52
 215 001e 4568     		ldr	r5, [r0, #4]
 216              	.LVL12:
1099:Middlewares/Third_Party/FreeRTOS/Source/stream_buffer.c **** 
ARM GAS  C:\Users\subdia\AppData\Local\Temp\ccZGXZAV.s 			page 30


 217              		.loc 1 1099 2 is_stmt 1 view .LVU53
1099:Middlewares/Third_Party/FreeRTOS/Source/stream_buffer.c **** 
 218              		.loc 1 1099 17 is_stmt 0 view .LVU54
 219 0020 8368     		ldr	r3, [r0, #8]
 220 0022 5F1B     		subs	r7, r3, r5
1099:Middlewares/Third_Party/FreeRTOS/Source/stream_buffer.c **** 
 221              		.loc 1 1099 15 view .LVU55
 222 0024 1646     		mov	r6, r2
 223 0026 BA42     		cmp	r2, r7
 224 0028 28BF     		it	cs
 225 002a 3E46     		movcs	r6, r7
 226              	.LVL13:
1102:Middlewares/Third_Party/FreeRTOS/Source/stream_buffer.c **** 	( void ) memcpy( ( void* ) ( &( pxStreamBuffer->pucBuffer[ xNextHead ] ) ), ( const void * ) pucDa
 227              		.loc 1 1102 2 is_stmt 1 view .LVU56
 228 002c AA19     		adds	r2, r5, r6
 229              	.LVL14:
1102:Middlewares/Third_Party/FreeRTOS/Source/stream_buffer.c **** 	( void ) memcpy( ( void* ) ( &( pxStreamBuffer->pucBuffer[ xNextHead ] ) ), ( const void * ) pucDa
 230              		.loc 1 1102 2 is_stmt 0 view .LVU57
 231 002e 9342     		cmp	r3, r2
 232 0030 08D2     		bcs	.L10
1102:Middlewares/Third_Party/FreeRTOS/Source/stream_buffer.c **** 	( void ) memcpy( ( void* ) ( &( pxStreamBuffer->pucBuffer[ xNextHead ] ) ), ( const void * ) pucDa
 233              		.loc 1 1102 2 is_stmt 1 discriminator 1 view .LVU58
 234              	.LBB101:
 235              	.LBI101:
 193:Middlewares/Third_Party/FreeRTOS/Source/portable/GCC/ARM_CM3/portmacro.h **** {
 236              		.loc 2 193 30 view .LVU59
 237              	.LBB102:
 195:Middlewares/Third_Party/FreeRTOS/Source/portable/GCC/ARM_CM3/portmacro.h **** 
 238              		.loc 2 195 1 view .LVU60
 239              		.loc 2 197 2 view .LVU61
 240              		.syntax unified
 241              	@ 197 "Middlewares/Third_Party/FreeRTOS/Source/portable/GCC/ARM_CM3/portmacro.h" 1
 242 0032 4FF05003 			mov r3, #80												
 243 0036 83F31188 		msr basepri, r3											
 244 003a BFF36F8F 		isb														
 245 003e BFF34F8F 		dsb														
 246              	
 247              	@ 0 "" 2
 248              		.thumb
 249              		.syntax unified
 250              	.L11:
 251              	.LBE102:
 252              	.LBE101:
1102:Middlewares/Third_Party/FreeRTOS/Source/stream_buffer.c **** 	( void ) memcpy( ( void* ) ( &( pxStreamBuffer->pucBuffer[ xNextHead ] ) ), ( const void * ) pucDa
 253              		.loc 1 1102 2 view .LVU62
 254 0042 FEE7     		b	.L11
 255              	.L10:
1102:Middlewares/Third_Party/FreeRTOS/Source/stream_buffer.c **** 	( void ) memcpy( ( void* ) ( &( pxStreamBuffer->pucBuffer[ xNextHead ] ) ), ( const void * ) pucDa
 256              		.loc 1 1102 73 view .LVU63
1103:Middlewares/Third_Party/FreeRTOS/Source/stream_buffer.c **** 
 257              		.loc 1 1103 2 view .LVU64
1103:Middlewares/Third_Party/FreeRTOS/Source/stream_buffer.c **** 
 258              		.loc 1 1103 48 is_stmt 0 view .LVU65
 259 0044 8069     		ldr	r0, [r0, #24]
 260              	.LVL15:
1103:Middlewares/Third_Party/FreeRTOS/Source/stream_buffer.c **** 
 261              		.loc 1 1103 11 view .LVU66
ARM GAS  C:\Users\subdia\AppData\Local\Temp\ccZGXZAV.s 			page 31


 262 0046 3246     		mov	r2, r6
 263 0048 2844     		add	r0, r0, r5
 264 004a FFF7FEFF 		bl	memcpy
 265              	.LVL16:
1107:Middlewares/Third_Party/FreeRTOS/Source/stream_buffer.c **** 	{
 266              		.loc 1 1107 2 is_stmt 1 view .LVU67
1107:Middlewares/Third_Party/FreeRTOS/Source/stream_buffer.c **** 	{
 267              		.loc 1 1107 4 is_stmt 0 view .LVU68
 268 004e 4346     		mov	r3, r8
 269 0050 4745     		cmp	r7, r8
 270 0052 11D2     		bcs	.L12
 271              	.LVL17:
1110:Middlewares/Third_Party/FreeRTOS/Source/stream_buffer.c **** 		( void ) memcpy( ( void * ) pxStreamBuffer->pucBuffer, ( const void * ) &( pucData[ xFirstLength 
 272              		.loc 1 1110 3 is_stmt 1 view .LVU69
 273 0054 9A1B     		subs	r2, r3, r6
 274 0056 A368     		ldr	r3, [r4, #8]
 275              	.LVL18:
1110:Middlewares/Third_Party/FreeRTOS/Source/stream_buffer.c **** 		( void ) memcpy( ( void * ) pxStreamBuffer->pucBuffer, ( const void * ) &( pucData[ xFirstLength 
 276              		.loc 1 1110 3 is_stmt 0 view .LVU70
 277 0058 9A42     		cmp	r2, r3
 278 005a 08D9     		bls	.L13
1110:Middlewares/Third_Party/FreeRTOS/Source/stream_buffer.c **** 		( void ) memcpy( ( void * ) pxStreamBuffer->pucBuffer, ( const void * ) &( pucData[ xFirstLength 
 279              		.loc 1 1110 3 is_stmt 1 discriminator 1 view .LVU71
 280              	.LBB103:
 281              	.LBI103:
 193:Middlewares/Third_Party/FreeRTOS/Source/portable/GCC/ARM_CM3/portmacro.h **** {
 282              		.loc 2 193 30 view .LVU72
 283              	.LBB104:
 195:Middlewares/Third_Party/FreeRTOS/Source/portable/GCC/ARM_CM3/portmacro.h **** 
 284              		.loc 2 195 1 view .LVU73
 285              		.loc 2 197 2 view .LVU74
 286              		.syntax unified
 287              	@ 197 "Middlewares/Third_Party/FreeRTOS/Source/portable/GCC/ARM_CM3/portmacro.h" 1
 288 005c 4FF05003 			mov r3, #80												
 289 0060 83F31188 		msr basepri, r3											
 290 0064 BFF36F8F 		isb														
 291 0068 BFF34F8F 		dsb														
 292              	
 293              	@ 0 "" 2
 294              		.thumb
 295              		.syntax unified
 296              	.L14:
 297              	.LBE104:
 298              	.LBE103:
1110:Middlewares/Third_Party/FreeRTOS/Source/stream_buffer.c **** 		( void ) memcpy( ( void * ) pxStreamBuffer->pucBuffer, ( const void * ) &( pucData[ xFirstLength 
 299              		.loc 1 1110 3 view .LVU75
 300 006c FEE7     		b	.L14
 301              	.L13:
1110:Middlewares/Third_Party/FreeRTOS/Source/stream_buffer.c **** 		( void ) memcpy( ( void * ) pxStreamBuffer->pucBuffer, ( const void * ) &( pucData[ xFirstLength 
 302              		.loc 1 1110 71 view .LVU76
1111:Middlewares/Third_Party/FreeRTOS/Source/stream_buffer.c **** 	}
 303              		.loc 1 1111 3 view .LVU77
1111:Middlewares/Third_Party/FreeRTOS/Source/stream_buffer.c **** 	}
 304              		.loc 1 1111 12 is_stmt 0 view .LVU78
 305 006e 4946     		mov	r1, r9
 306 0070 3144     		add	r1, r1, r6
 307 0072 A069     		ldr	r0, [r4, #24]
ARM GAS  C:\Users\subdia\AppData\Local\Temp\ccZGXZAV.s 			page 32


 308 0074 FFF7FEFF 		bl	memcpy
 309              	.LVL19:
 310              	.L12:
1115:Middlewares/Third_Party/FreeRTOS/Source/stream_buffer.c **** 	}
 311              		.loc 1 1115 27 is_stmt 1 view .LVU79
1118:Middlewares/Third_Party/FreeRTOS/Source/stream_buffer.c **** 	if( xNextHead >= pxStreamBuffer->xLength )
 312              		.loc 1 1118 2 view .LVU80
1118:Middlewares/Third_Party/FreeRTOS/Source/stream_buffer.c **** 	if( xNextHead >= pxStreamBuffer->xLength )
 313              		.loc 1 1118 12 is_stmt 0 view .LVU81
 314 0078 4544     		add	r5, r5, r8
 315              	.LVL20:
1119:Middlewares/Third_Party/FreeRTOS/Source/stream_buffer.c **** 	{
 316              		.loc 1 1119 2 is_stmt 1 view .LVU82
1119:Middlewares/Third_Party/FreeRTOS/Source/stream_buffer.c **** 	{
 317              		.loc 1 1119 33 is_stmt 0 view .LVU83
 318 007a A368     		ldr	r3, [r4, #8]
1119:Middlewares/Third_Party/FreeRTOS/Source/stream_buffer.c **** 	{
 319              		.loc 1 1119 4 view .LVU84
 320 007c AB42     		cmp	r3, r5
 321 007e 00D8     		bhi	.L15
1121:Middlewares/Third_Party/FreeRTOS/Source/stream_buffer.c **** 	}
 322              		.loc 1 1121 3 is_stmt 1 view .LVU85
1121:Middlewares/Third_Party/FreeRTOS/Source/stream_buffer.c **** 	}
 323              		.loc 1 1121 13 is_stmt 0 view .LVU86
 324 0080 ED1A     		subs	r5, r5, r3
 325              	.LVL21:
 326              	.L15:
1125:Middlewares/Third_Party/FreeRTOS/Source/stream_buffer.c **** 	}
 327              		.loc 1 1125 27 is_stmt 1 view .LVU87
1128:Middlewares/Third_Party/FreeRTOS/Source/stream_buffer.c **** 
 328              		.loc 1 1128 2 view .LVU88
1128:Middlewares/Third_Party/FreeRTOS/Source/stream_buffer.c **** 
 329              		.loc 1 1128 24 is_stmt 0 view .LVU89
 330 0082 6560     		str	r5, [r4, #4]
1130:Middlewares/Third_Party/FreeRTOS/Source/stream_buffer.c **** }
 331              		.loc 1 1130 2 is_stmt 1 view .LVU90
1131:Middlewares/Third_Party/FreeRTOS/Source/stream_buffer.c **** /*-----------------------------------------------------------*/
 332              		.loc 1 1131 1 is_stmt 0 view .LVU91
 333 0084 4046     		mov	r0, r8
 334 0086 BDE8F883 		pop	{r3, r4, r5, r6, r7, r8, r9, pc}
1131:Middlewares/Third_Party/FreeRTOS/Source/stream_buffer.c **** /*-----------------------------------------------------------*/
 335              		.loc 1 1131 1 view .LVU92
 336              		.cfi_endproc
 337              	.LFE23:
 339              		.section	.text.prvWriteMessageToBuffer,"ax",%progbits
 340              		.align	1
 341              		.syntax unified
 342              		.thumb
 343              		.thumb_func
 345              	prvWriteMessageToBuffer:
 346              	.LVL22:
 347              	.LFB14:
 666:Middlewares/Third_Party/FreeRTOS/Source/stream_buffer.c **** 	BaseType_t xShouldWrite;
 348              		.loc 1 666 1 is_stmt 1 view -0
 349              		.cfi_startproc
 350              		@ args = 4, pretend = 0, frame = 8
 351              		@ frame_needed = 0, uses_anonymous_args = 0
ARM GAS  C:\Users\subdia\AppData\Local\Temp\ccZGXZAV.s 			page 33


 666:Middlewares/Third_Party/FreeRTOS/Source/stream_buffer.c **** 	BaseType_t xShouldWrite;
 352              		.loc 1 666 1 is_stmt 0 view .LVU94
 353 0000 30B5     		push	{r4, r5, lr}
 354              	.LCFI2:
 355              		.cfi_def_cfa_offset 12
 356              		.cfi_offset 4, -12
 357              		.cfi_offset 5, -8
 358              		.cfi_offset 14, -4
 359 0002 83B0     		sub	sp, sp, #12
 360              	.LCFI3:
 361              		.cfi_def_cfa_offset 24
 362 0004 8446     		mov	ip, r0
 363 0006 0446     		mov	r4, r0
 364 0008 0192     		str	r2, [sp, #4]
 667:Middlewares/Third_Party/FreeRTOS/Source/stream_buffer.c **** 	size_t xReturn;
 365              		.loc 1 667 2 is_stmt 1 view .LVU95
 668:Middlewares/Third_Party/FreeRTOS/Source/stream_buffer.c **** 
 366              		.loc 1 668 2 view .LVU96
 670:Middlewares/Third_Party/FreeRTOS/Source/stream_buffer.c **** 	{
 367              		.loc 1 670 2 view .LVU97
 670:Middlewares/Third_Party/FreeRTOS/Source/stream_buffer.c **** 	{
 368              		.loc 1 670 4 is_stmt 0 view .LVU98
 369 000a 1846     		mov	r0, r3
 370              	.LVL23:
 670:Middlewares/Third_Party/FreeRTOS/Source/stream_buffer.c **** 	{
 371              		.loc 1 670 4 view .LVU99
 372 000c 73B1     		cbz	r3, .L18
 373 000e 0D46     		mov	r5, r1
 676:Middlewares/Third_Party/FreeRTOS/Source/stream_buffer.c **** 	{
 374              		.loc 1 676 7 is_stmt 1 view .LVU100
 676:Middlewares/Third_Party/FreeRTOS/Source/stream_buffer.c **** 	{
 375              		.loc 1 676 27 is_stmt 0 view .LVU101
 376 0010 9CF81C30 		ldrb	r3, [ip, #28]	@ zero_extendqisi2
 377              	.LVL24:
 676:Middlewares/Third_Party/FreeRTOS/Source/stream_buffer.c **** 	{
 378              		.loc 1 676 9 view .LVU102
 379 0014 13F0010F 		tst	r3, #1
 380 0018 0AD1     		bne	.L19
 681:Middlewares/Third_Party/FreeRTOS/Source/stream_buffer.c **** 		xDataLengthBytes = configMIN( xDataLengthBytes, xSpace );
 381              		.loc 1 681 3 is_stmt 1 view .LVU103
 382              	.LVL25:
 682:Middlewares/Third_Party/FreeRTOS/Source/stream_buffer.c **** 	}
 383              		.loc 1 682 3 view .LVU104
 682:Middlewares/Third_Party/FreeRTOS/Source/stream_buffer.c **** 	}
 384              		.loc 1 682 22 is_stmt 0 view .LVU105
 385 001a 9042     		cmp	r0, r2
 386 001c 28BF     		it	cs
 387 001e 1046     		movcs	r0, r2
 388              	.LVL26:
 682:Middlewares/Third_Party/FreeRTOS/Source/stream_buffer.c **** 	}
 389              		.loc 1 682 20 view .LVU106
 390 0020 0190     		str	r0, [sp, #4]
 699:Middlewares/Third_Party/FreeRTOS/Source/stream_buffer.c **** 	{
 391              		.loc 1 699 2 is_stmt 1 view .LVU107
 392              	.LVL27:
 393              	.L20:
 702:Middlewares/Third_Party/FreeRTOS/Source/stream_buffer.c **** 	}
ARM GAS  C:\Users\subdia\AppData\Local\Temp\ccZGXZAV.s 			page 34


 394              		.loc 1 702 3 view .LVU108
 702:Middlewares/Third_Party/FreeRTOS/Source/stream_buffer.c **** 	}
 395              		.loc 1 702 13 is_stmt 0 view .LVU109
 396 0022 019A     		ldr	r2, [sp, #4]
 397 0024 2946     		mov	r1, r5
 398 0026 2046     		mov	r0, r4
 399 0028 FFF7FEFF 		bl	prvWriteBytesToBuffer
 400              	.LVL28:
 401              	.L18:
 709:Middlewares/Third_Party/FreeRTOS/Source/stream_buffer.c **** }
 402              		.loc 1 709 2 is_stmt 1 view .LVU110
 710:Middlewares/Third_Party/FreeRTOS/Source/stream_buffer.c **** /*-----------------------------------------------------------*/
 403              		.loc 1 710 1 is_stmt 0 view .LVU111
 404 002c 03B0     		add	sp, sp, #12
 405              	.LCFI4:
 406              		.cfi_remember_state
 407              		.cfi_def_cfa_offset 12
 408              		@ sp needed
 409 002e 30BD     		pop	{r4, r5, pc}
 410              	.LVL29:
 411              	.L19:
 412              	.LCFI5:
 413              		.cfi_restore_state
 684:Middlewares/Third_Party/FreeRTOS/Source/stream_buffer.c **** 	{
 414              		.loc 1 684 7 is_stmt 1 view .LVU112
 684:Middlewares/Third_Party/FreeRTOS/Source/stream_buffer.c **** 	{
 415              		.loc 1 684 9 is_stmt 0 view .LVU113
 416 0030 069B     		ldr	r3, [sp, #24]
 417 0032 9842     		cmp	r0, r3
 418 0034 01D2     		bcs	.L23
 706:Middlewares/Third_Party/FreeRTOS/Source/stream_buffer.c **** 	}
 419              		.loc 1 706 11 view .LVU114
 420 0036 0020     		movs	r0, #0
 421              	.LVL30:
 706:Middlewares/Third_Party/FreeRTOS/Source/stream_buffer.c **** 	}
 422              		.loc 1 706 11 view .LVU115
 423 0038 F8E7     		b	.L18
 424              	.LVL31:
 425              	.L23:
 690:Middlewares/Third_Party/FreeRTOS/Source/stream_buffer.c **** 		( void ) prvWriteBytesToBuffer( pxStreamBuffer, ( const uint8_t * ) &( xDataLengthBytes ), sbBYTE
 426              		.loc 1 690 3 is_stmt 1 view .LVU116
 691:Middlewares/Third_Party/FreeRTOS/Source/stream_buffer.c **** 	}
 427              		.loc 1 691 3 view .LVU117
 691:Middlewares/Third_Party/FreeRTOS/Source/stream_buffer.c **** 	}
 428              		.loc 1 691 12 is_stmt 0 view .LVU118
 429 003a 0422     		movs	r2, #4
 430              	.LVL32:
 691:Middlewares/Third_Party/FreeRTOS/Source/stream_buffer.c **** 	}
 431              		.loc 1 691 12 view .LVU119
 432 003c 0DEB0201 		add	r1, sp, r2
 433              	.LVL33:
 691:Middlewares/Third_Party/FreeRTOS/Source/stream_buffer.c **** 	}
 434              		.loc 1 691 12 view .LVU120
 435 0040 6046     		mov	r0, ip
 436              	.LVL34:
 691:Middlewares/Third_Party/FreeRTOS/Source/stream_buffer.c **** 	}
 437              		.loc 1 691 12 view .LVU121
ARM GAS  C:\Users\subdia\AppData\Local\Temp\ccZGXZAV.s 			page 35


 438 0042 FFF7FEFF 		bl	prvWriteBytesToBuffer
 439              	.LVL35:
 699:Middlewares/Third_Party/FreeRTOS/Source/stream_buffer.c **** 	{
 440              		.loc 1 699 2 is_stmt 1 view .LVU122
 441 0046 ECE7     		b	.L20
 442              		.cfi_endproc
 443              	.LFE14:
 445              		.section	.text.prvReadBytesFromBuffer,"ax",%progbits
 446              		.align	1
 447              		.syntax unified
 448              		.thumb
 449              		.thumb_func
 451              	prvReadBytesFromBuffer:
 452              	.LVL36:
 453              	.LFB24:
1135:Middlewares/Third_Party/FreeRTOS/Source/stream_buffer.c **** size_t xCount, xFirstLength, xNextTail;
 454              		.loc 1 1135 1 view -0
 455              		.cfi_startproc
 456              		@ args = 0, pretend = 0, frame = 0
 457              		@ frame_needed = 0, uses_anonymous_args = 0
1135:Middlewares/Third_Party/FreeRTOS/Source/stream_buffer.c **** size_t xCount, xFirstLength, xNextTail;
 458              		.loc 1 1135 1 is_stmt 0 view .LVU124
 459 0000 2DE9F843 		push	{r3, r4, r5, r6, r7, r8, r9, lr}
 460              	.LCFI6:
 461              		.cfi_def_cfa_offset 32
 462              		.cfi_offset 3, -32
 463              		.cfi_offset 4, -28
 464              		.cfi_offset 5, -24
 465              		.cfi_offset 6, -20
 466              		.cfi_offset 7, -16
 467              		.cfi_offset 8, -12
 468              		.cfi_offset 9, -8
 469              		.cfi_offset 14, -4
1136:Middlewares/Third_Party/FreeRTOS/Source/stream_buffer.c **** 
 470              		.loc 1 1136 1 is_stmt 1 view .LVU125
1139:Middlewares/Third_Party/FreeRTOS/Source/stream_buffer.c **** 
 471              		.loc 1 1139 2 view .LVU126
1139:Middlewares/Third_Party/FreeRTOS/Source/stream_buffer.c **** 
 472              		.loc 1 1139 9 is_stmt 0 view .LVU127
 473 0004 9342     		cmp	r3, r2
 474 0006 28BF     		it	cs
 475 0008 1346     		movcs	r3, r2
 476              	.LVL37:
1139:Middlewares/Third_Party/FreeRTOS/Source/stream_buffer.c **** 
 477              		.loc 1 1139 9 view .LVU128
 478 000a 1C46     		mov	r4, r3
 479              	.LVL38:
1141:Middlewares/Third_Party/FreeRTOS/Source/stream_buffer.c **** 	{
 480              		.loc 1 1141 2 is_stmt 1 view .LVU129
1141:Middlewares/Third_Party/FreeRTOS/Source/stream_buffer.c **** 	{
 481              		.loc 1 1141 4 is_stmt 0 view .LVU130
 482 000c 8BB3     		cbz	r3, .L24
 483 000e 0546     		mov	r5, r0
 484 0010 0E46     		mov	r6, r1
1143:Middlewares/Third_Party/FreeRTOS/Source/stream_buffer.c **** 
 485              		.loc 1 1143 3 is_stmt 1 view .LVU131
1143:Middlewares/Third_Party/FreeRTOS/Source/stream_buffer.c **** 
ARM GAS  C:\Users\subdia\AppData\Local\Temp\ccZGXZAV.s 			page 36


 486              		.loc 1 1143 13 is_stmt 0 view .LVU132
 487 0012 0168     		ldr	r1, [r0]
 488              	.LVL39:
1143:Middlewares/Third_Party/FreeRTOS/Source/stream_buffer.c **** 
 489              		.loc 1 1143 13 view .LVU133
 490 0014 0F46     		mov	r7, r1
 491              	.LVL40:
1148:Middlewares/Third_Party/FreeRTOS/Source/stream_buffer.c **** 
 492              		.loc 1 1148 3 is_stmt 1 view .LVU134
1148:Middlewares/Third_Party/FreeRTOS/Source/stream_buffer.c **** 
 493              		.loc 1 1148 18 is_stmt 0 view .LVU135
 494 0016 8368     		ldr	r3, [r0, #8]
 495              	.LVL41:
1148:Middlewares/Third_Party/FreeRTOS/Source/stream_buffer.c **** 
 496              		.loc 1 1148 18 view .LVU136
 497 0018 591A     		subs	r1, r3, r1
 498              	.LVL42:
1148:Middlewares/Third_Party/FreeRTOS/Source/stream_buffer.c **** 
 499              		.loc 1 1148 18 view .LVU137
 500 001a 8946     		mov	r9, r1
1148:Middlewares/Third_Party/FreeRTOS/Source/stream_buffer.c **** 
 501              		.loc 1 1148 16 view .LVU138
 502 001c A142     		cmp	r1, r4
 503 001e 28BF     		it	cs
 504 0020 2146     		movcs	r1, r4
 505 0022 8846     		mov	r8, r1
 506              	.LVL43:
1152:Middlewares/Third_Party/FreeRTOS/Source/stream_buffer.c **** 		configASSERT( ( xNextTail + xFirstLength ) <= pxStreamBuffer->xLength );
 507              		.loc 1 1152 3 is_stmt 1 view .LVU139
 508 0024 8A42     		cmp	r2, r1
 509 0026 08D2     		bcs	.L26
1152:Middlewares/Third_Party/FreeRTOS/Source/stream_buffer.c **** 		configASSERT( ( xNextTail + xFirstLength ) <= pxStreamBuffer->xLength );
 510              		.loc 1 1152 3 discriminator 1 view .LVU140
 511              	.LBB105:
 512              	.LBI105:
 193:Middlewares/Third_Party/FreeRTOS/Source/portable/GCC/ARM_CM3/portmacro.h **** {
 513              		.loc 2 193 30 view .LVU141
 514              	.LBB106:
 195:Middlewares/Third_Party/FreeRTOS/Source/portable/GCC/ARM_CM3/portmacro.h **** 
 515              		.loc 2 195 1 view .LVU142
 516              		.loc 2 197 2 view .LVU143
 517              		.syntax unified
 518              	@ 197 "Middlewares/Third_Party/FreeRTOS/Source/portable/GCC/ARM_CM3/portmacro.h" 1
 519 0028 4FF05003 			mov r3, #80												
 520 002c 83F31188 		msr basepri, r3											
 521 0030 BFF36F8F 		isb														
 522 0034 BFF34F8F 		dsb														
 523              	
 524              	@ 0 "" 2
 525              		.thumb
 526              		.syntax unified
 527              	.L27:
 528              	.LBE106:
 529              	.LBE105:
1152:Middlewares/Third_Party/FreeRTOS/Source/stream_buffer.c **** 		configASSERT( ( xNextTail + xFirstLength ) <= pxStreamBuffer->xLength );
 530              		.loc 1 1152 3 view .LVU144
 531 0038 FEE7     		b	.L27
ARM GAS  C:\Users\subdia\AppData\Local\Temp\ccZGXZAV.s 			page 37


 532              	.L26:
1152:Middlewares/Third_Party/FreeRTOS/Source/stream_buffer.c **** 		configASSERT( ( xNextTail + xFirstLength ) <= pxStreamBuffer->xLength );
 533              		.loc 1 1152 44 view .LVU145
1153:Middlewares/Third_Party/FreeRTOS/Source/stream_buffer.c **** 		( void ) memcpy( ( void * ) pucData, ( const void * ) &( pxStreamBuffer->pucBuffer[ xNextTail ] )
 534              		.loc 1 1153 3 view .LVU146
 535 003a 3A46     		mov	r2, r7
 536              	.LVL44:
1153:Middlewares/Third_Party/FreeRTOS/Source/stream_buffer.c **** 		( void ) memcpy( ( void * ) pucData, ( const void * ) &( pxStreamBuffer->pucBuffer[ xNextTail ] )
 537              		.loc 1 1153 3 is_stmt 0 view .LVU147
 538 003c 0A44     		add	r2, r2, r1
 539 003e 9342     		cmp	r3, r2
 540 0040 08D2     		bcs	.L28
1153:Middlewares/Third_Party/FreeRTOS/Source/stream_buffer.c **** 		( void ) memcpy( ( void * ) pucData, ( const void * ) &( pxStreamBuffer->pucBuffer[ xNextTail ] )
 541              		.loc 1 1153 3 is_stmt 1 discriminator 1 view .LVU148
 542              	.LBB107:
 543              	.LBI107:
 193:Middlewares/Third_Party/FreeRTOS/Source/portable/GCC/ARM_CM3/portmacro.h **** {
 544              		.loc 2 193 30 view .LVU149
 545              	.LBB108:
 195:Middlewares/Third_Party/FreeRTOS/Source/portable/GCC/ARM_CM3/portmacro.h **** 
 546              		.loc 2 195 1 view .LVU150
 547              		.loc 2 197 2 view .LVU151
 548              		.syntax unified
 549              	@ 197 "Middlewares/Third_Party/FreeRTOS/Source/portable/GCC/ARM_CM3/portmacro.h" 1
 550 0042 4FF05003 			mov r3, #80												
 551 0046 83F31188 		msr basepri, r3											
 552 004a BFF36F8F 		isb														
 553 004e BFF34F8F 		dsb														
 554              	
 555              	@ 0 "" 2
 556              		.thumb
 557              		.syntax unified
 558              	.L29:
 559              	.LBE108:
 560              	.LBE107:
1153:Middlewares/Third_Party/FreeRTOS/Source/stream_buffer.c **** 		( void ) memcpy( ( void * ) pucData, ( const void * ) &( pxStreamBuffer->pucBuffer[ xNextTail ] )
 561              		.loc 1 1153 3 view .LVU152
 562 0052 FEE7     		b	.L29
 563              	.L28:
1153:Middlewares/Third_Party/FreeRTOS/Source/stream_buffer.c **** 		( void ) memcpy( ( void * ) pucData, ( const void * ) &( pxStreamBuffer->pucBuffer[ xNextTail ] )
 564              		.loc 1 1153 74 view .LVU153
1154:Middlewares/Third_Party/FreeRTOS/Source/stream_buffer.c **** 
 565              		.loc 1 1154 3 view .LVU154
1154:Middlewares/Third_Party/FreeRTOS/Source/stream_buffer.c **** 
 566              		.loc 1 1154 74 is_stmt 0 view .LVU155
 567 0054 8169     		ldr	r1, [r0, #24]
 568              	.LVL45:
1154:Middlewares/Third_Party/FreeRTOS/Source/stream_buffer.c **** 
 569              		.loc 1 1154 12 view .LVU156
 570 0056 4246     		mov	r2, r8
 571 0058 3944     		add	r1, r1, r7
 572 005a 3046     		mov	r0, r6
 573              	.LVL46:
1154:Middlewares/Third_Party/FreeRTOS/Source/stream_buffer.c **** 
 574              		.loc 1 1154 12 view .LVU157
 575 005c FFF7FEFF 		bl	memcpy
 576              	.LVL47:
ARM GAS  C:\Users\subdia\AppData\Local\Temp\ccZGXZAV.s 			page 38


1158:Middlewares/Third_Party/FreeRTOS/Source/stream_buffer.c **** 		{
 577              		.loc 1 1158 3 is_stmt 1 view .LVU158
1158:Middlewares/Third_Party/FreeRTOS/Source/stream_buffer.c **** 		{
 578              		.loc 1 1158 5 is_stmt 0 view .LVU159
 579 0060 A145     		cmp	r9, r4
 580 0062 09D3     		bcc	.L33
 581              	.L30:
1166:Middlewares/Third_Party/FreeRTOS/Source/stream_buffer.c **** 		}
 582              		.loc 1 1166 28 is_stmt 1 view .LVU160
1171:Middlewares/Third_Party/FreeRTOS/Source/stream_buffer.c **** 
 583              		.loc 1 1171 3 view .LVU161
1171:Middlewares/Third_Party/FreeRTOS/Source/stream_buffer.c **** 
 584              		.loc 1 1171 13 is_stmt 0 view .LVU162
 585 0064 3B46     		mov	r3, r7
 586 0066 2344     		add	r3, r3, r4
 587              	.LVL48:
1173:Middlewares/Third_Party/FreeRTOS/Source/stream_buffer.c **** 		{
 588              		.loc 1 1173 3 is_stmt 1 view .LVU163
1173:Middlewares/Third_Party/FreeRTOS/Source/stream_buffer.c **** 		{
 589              		.loc 1 1173 34 is_stmt 0 view .LVU164
 590 0068 AA68     		ldr	r2, [r5, #8]
1173:Middlewares/Third_Party/FreeRTOS/Source/stream_buffer.c **** 		{
 591              		.loc 1 1173 5 view .LVU165
 592 006a 9A42     		cmp	r2, r3
 593 006c 00D8     		bhi	.L31
1175:Middlewares/Third_Party/FreeRTOS/Source/stream_buffer.c **** 		}
 594              		.loc 1 1175 4 is_stmt 1 view .LVU166
1175:Middlewares/Third_Party/FreeRTOS/Source/stream_buffer.c **** 		}
 595              		.loc 1 1175 14 is_stmt 0 view .LVU167
 596 006e 9B1A     		subs	r3, r3, r2
 597              	.LVL49:
 598              	.L31:
1178:Middlewares/Third_Party/FreeRTOS/Source/stream_buffer.c **** 	}
 599              		.loc 1 1178 3 is_stmt 1 view .LVU168
1178:Middlewares/Third_Party/FreeRTOS/Source/stream_buffer.c **** 	}
 600              		.loc 1 1178 25 is_stmt 0 view .LVU169
 601 0070 2B60     		str	r3, [r5]
1182:Middlewares/Third_Party/FreeRTOS/Source/stream_buffer.c **** 	}
 602              		.loc 1 1182 27 is_stmt 1 view .LVU170
1185:Middlewares/Third_Party/FreeRTOS/Source/stream_buffer.c **** }
 603              		.loc 1 1185 2 view .LVU171
 604              	.LVL50:
 605              	.L24:
1186:Middlewares/Third_Party/FreeRTOS/Source/stream_buffer.c **** /*-----------------------------------------------------------*/
 606              		.loc 1 1186 1 is_stmt 0 view .LVU172
 607 0072 2046     		mov	r0, r4
 608 0074 BDE8F883 		pop	{r3, r4, r5, r6, r7, r8, r9, pc}
 609              	.LVL51:
 610              	.L33:
1161:Middlewares/Third_Party/FreeRTOS/Source/stream_buffer.c **** 			( void ) memcpy( ( void * ) &( pucData[ xFirstLength ] ), ( void * ) ( pxStreamBuffer->pucBuffer
 611              		.loc 1 1161 4 is_stmt 1 view .LVU173
1161:Middlewares/Third_Party/FreeRTOS/Source/stream_buffer.c **** 			( void ) memcpy( ( void * ) &( pucData[ xFirstLength ] ), ( void * ) ( pxStreamBuffer->pucBuffer
 612              		.loc 1 1161 39 view .LVU174
1162:Middlewares/Third_Party/FreeRTOS/Source/stream_buffer.c **** 		}
 613              		.loc 1 1162 4 view .LVU175
1162:Middlewares/Third_Party/FreeRTOS/Source/stream_buffer.c **** 		}
 614              		.loc 1 1162 13 is_stmt 0 view .LVU176
ARM GAS  C:\Users\subdia\AppData\Local\Temp\ccZGXZAV.s 			page 39


 615 0078 4346     		mov	r3, r8
 616 007a E21A     		subs	r2, r4, r3
 617 007c A969     		ldr	r1, [r5, #24]
 618 007e 3046     		mov	r0, r6
 619 0080 4044     		add	r0, r0, r8
 620 0082 FFF7FEFF 		bl	memcpy
 621              	.LVL52:
 622 0086 EDE7     		b	.L30
 623              		.cfi_endproc
 624              	.LFE24:
 626              		.section	.text.prvReadMessageFromBuffer,"ax",%progbits
 627              		.align	1
 628              		.syntax unified
 629              		.thumb
 630              		.thumb_func
 632              	prvReadMessageFromBuffer:
 633              	.LVL53:
 634              	.LFB18:
 923:Middlewares/Third_Party/FreeRTOS/Source/stream_buffer.c **** size_t xOriginalTail, xReceivedLength, xNextMessageLength;
 635              		.loc 1 923 1 is_stmt 1 view -0
 636              		.cfi_startproc
 637              		@ args = 4, pretend = 0, frame = 8
 638              		@ frame_needed = 0, uses_anonymous_args = 0
 923:Middlewares/Third_Party/FreeRTOS/Source/stream_buffer.c **** size_t xOriginalTail, xReceivedLength, xNextMessageLength;
 639              		.loc 1 923 1 is_stmt 0 view .LVU178
 640 0000 2DE9F041 		push	{r4, r5, r6, r7, r8, lr}
 641              	.LCFI7:
 642              		.cfi_def_cfa_offset 24
 643              		.cfi_offset 4, -24
 644              		.cfi_offset 5, -20
 645              		.cfi_offset 6, -16
 646              		.cfi_offset 7, -12
 647              		.cfi_offset 8, -8
 648              		.cfi_offset 14, -4
 649 0004 82B0     		sub	sp, sp, #8
 650              	.LCFI8:
 651              		.cfi_def_cfa_offset 32
 652 0006 0446     		mov	r4, r0
 653 0008 8846     		mov	r8, r1
 654 000a 1746     		mov	r7, r2
 655 000c 1946     		mov	r1, r3
 656              	.LVL54:
 924:Middlewares/Third_Party/FreeRTOS/Source/stream_buffer.c **** configMESSAGE_BUFFER_LENGTH_TYPE xTempNextMessageLength;
 657              		.loc 1 924 1 is_stmt 1 view .LVU179
 925:Middlewares/Third_Party/FreeRTOS/Source/stream_buffer.c **** 
 658              		.loc 1 925 1 view .LVU180
 927:Middlewares/Third_Party/FreeRTOS/Source/stream_buffer.c **** 	{
 659              		.loc 1 927 2 view .LVU181
 927:Middlewares/Third_Party/FreeRTOS/Source/stream_buffer.c **** 	{
 660              		.loc 1 927 4 is_stmt 0 view .LVU182
 661 000e 089B     		ldr	r3, [sp, #32]
 662              	.LVL55:
 927:Middlewares/Third_Party/FreeRTOS/Source/stream_buffer.c **** 	{
 663              		.loc 1 927 4 view .LVU183
 664 0010 43B9     		cbnz	r3, .L38
 665              	.LVL56:
 666              	.L35:
ARM GAS  C:\Users\subdia\AppData\Local\Temp\ccZGXZAV.s 			page 40


 964:Middlewares/Third_Party/FreeRTOS/Source/stream_buffer.c **** 
 667              		.loc 1 964 2 is_stmt 1 view .LVU184
 964:Middlewares/Third_Party/FreeRTOS/Source/stream_buffer.c **** 
 668              		.loc 1 964 20 is_stmt 0 view .LVU185
 669 0012 0B46     		mov	r3, r1
 670 0014 3A46     		mov	r2, r7
 671 0016 4146     		mov	r1, r8
 672              	.LVL57:
 964:Middlewares/Third_Party/FreeRTOS/Source/stream_buffer.c **** 
 673              		.loc 1 964 20 view .LVU186
 674 0018 2046     		mov	r0, r4
 675 001a FFF7FEFF 		bl	prvReadBytesFromBuffer
 676              	.LVL58:
 966:Middlewares/Third_Party/FreeRTOS/Source/stream_buffer.c **** }
 677              		.loc 1 966 2 is_stmt 1 view .LVU187
 967:Middlewares/Third_Party/FreeRTOS/Source/stream_buffer.c **** /*-----------------------------------------------------------*/
 678              		.loc 1 967 1 is_stmt 0 view .LVU188
 679 001e 02B0     		add	sp, sp, #8
 680              	.LCFI9:
 681              		.cfi_remember_state
 682              		.cfi_def_cfa_offset 24
 683              		@ sp needed
 684 0020 BDE8F081 		pop	{r4, r5, r6, r7, r8, pc}
 685              	.LVL59:
 686              	.L38:
 687              	.LCFI10:
 688              		.cfi_restore_state
 933:Middlewares/Third_Party/FreeRTOS/Source/stream_buffer.c **** 		( void ) prvReadBytesFromBuffer( pxStreamBuffer, ( uint8_t * ) &xTempNextMessageLength, xBytesToS
 689              		.loc 1 933 3 is_stmt 1 view .LVU189
 933:Middlewares/Third_Party/FreeRTOS/Source/stream_buffer.c **** 		( void ) prvReadBytesFromBuffer( pxStreamBuffer, ( uint8_t * ) &xTempNextMessageLength, xBytesToS
 690              		.loc 1 933 17 is_stmt 0 view .LVU190
 691 0024 0668     		ldr	r6, [r0]
 692              	.LVL60:
 934:Middlewares/Third_Party/FreeRTOS/Source/stream_buffer.c **** 		xNextMessageLength = ( size_t ) xTempNextMessageLength;
 693              		.loc 1 934 3 is_stmt 1 view .LVU191
 934:Middlewares/Third_Party/FreeRTOS/Source/stream_buffer.c **** 		xNextMessageLength = ( size_t ) xTempNextMessageLength;
 694              		.loc 1 934 12 is_stmt 0 view .LVU192
 695 0026 0D46     		mov	r5, r1
 696 0028 0B46     		mov	r3, r1
 697 002a 089A     		ldr	r2, [sp, #32]
 698              	.LVL61:
 934:Middlewares/Third_Party/FreeRTOS/Source/stream_buffer.c **** 		xNextMessageLength = ( size_t ) xTempNextMessageLength;
 699              		.loc 1 934 12 view .LVU193
 700 002c 01A9     		add	r1, sp, #4
 701              	.LVL62:
 934:Middlewares/Third_Party/FreeRTOS/Source/stream_buffer.c **** 		xNextMessageLength = ( size_t ) xTempNextMessageLength;
 702              		.loc 1 934 12 view .LVU194
 703 002e FFF7FEFF 		bl	prvReadBytesFromBuffer
 704              	.LVL63:
 935:Middlewares/Third_Party/FreeRTOS/Source/stream_buffer.c **** 
 705              		.loc 1 935 3 is_stmt 1 view .LVU195
 935:Middlewares/Third_Party/FreeRTOS/Source/stream_buffer.c **** 
 706              		.loc 1 935 22 is_stmt 0 view .LVU196
 707 0032 019B     		ldr	r3, [sp, #4]
 708              	.LVL64:
 939:Middlewares/Third_Party/FreeRTOS/Source/stream_buffer.c **** 
 709              		.loc 1 939 3 is_stmt 1 view .LVU197
ARM GAS  C:\Users\subdia\AppData\Local\Temp\ccZGXZAV.s 			page 41


 939:Middlewares/Third_Party/FreeRTOS/Source/stream_buffer.c **** 
 710              		.loc 1 939 19 is_stmt 0 view .LVU198
 711 0034 0899     		ldr	r1, [sp, #32]
 712 0036 6A1A     		subs	r2, r5, r1
 713 0038 1146     		mov	r1, r2
 714              	.LVL65:
 943:Middlewares/Third_Party/FreeRTOS/Source/stream_buffer.c **** 		{
 715              		.loc 1 943 3 is_stmt 1 view .LVU199
 943:Middlewares/Third_Party/FreeRTOS/Source/stream_buffer.c **** 		{
 716              		.loc 1 943 5 is_stmt 0 view .LVU200
 717 003a 9F42     		cmp	r7, r3
 718 003c 03D2     		bcs	.L36
 948:Middlewares/Third_Party/FreeRTOS/Source/stream_buffer.c **** 			xNextMessageLength = 0;
 719              		.loc 1 948 4 is_stmt 1 view .LVU201
 948:Middlewares/Third_Party/FreeRTOS/Source/stream_buffer.c **** 			xNextMessageLength = 0;
 720              		.loc 1 948 26 is_stmt 0 view .LVU202
 721 003e 2660     		str	r6, [r4]
 949:Middlewares/Third_Party/FreeRTOS/Source/stream_buffer.c **** 		}
 722              		.loc 1 949 4 is_stmt 1 view .LVU203
 723              	.LVL66:
 949:Middlewares/Third_Party/FreeRTOS/Source/stream_buffer.c **** 		}
 724              		.loc 1 949 23 is_stmt 0 view .LVU204
 725 0040 0023     		movs	r3, #0
 726 0042 1F46     		mov	r7, r3
 727              	.LVL67:
 949:Middlewares/Third_Party/FreeRTOS/Source/stream_buffer.c **** 		}
 728              		.loc 1 949 23 view .LVU205
 729 0044 E5E7     		b	.L35
 730              	.LVL68:
 731              	.L36:
 935:Middlewares/Third_Party/FreeRTOS/Source/stream_buffer.c **** 
 732              		.loc 1 935 22 view .LVU206
 733 0046 1F46     		mov	r7, r3
 734              	.LVL69:
 935:Middlewares/Third_Party/FreeRTOS/Source/stream_buffer.c **** 
 735              		.loc 1 935 22 view .LVU207
 736 0048 E3E7     		b	.L35
 737              		.cfi_endproc
 738              	.LFE18:
 740              		.section	.text.xStreamBufferGenericCreate,"ax",%progbits
 741              		.align	1
 742              		.global	xStreamBufferGenericCreate
 743              		.syntax unified
 744              		.thumb
 745              		.thumb_func
 747              	xStreamBufferGenericCreate:
 748              	.LVL70:
 749              	.LFB5:
 220:Middlewares/Third_Party/FreeRTOS/Source/stream_buffer.c **** 	uint8_t *pucAllocatedMemory;
 750              		.loc 1 220 2 is_stmt 1 view -0
 751              		.cfi_startproc
 752              		@ args = 0, pretend = 0, frame = 0
 753              		@ frame_needed = 0, uses_anonymous_args = 0
 220:Middlewares/Third_Party/FreeRTOS/Source/stream_buffer.c **** 	uint8_t *pucAllocatedMemory;
 754              		.loc 1 220 2 is_stmt 0 view .LVU209
 755 0000 F0B5     		push	{r4, r5, r6, r7, lr}
 756              	.LCFI11:
ARM GAS  C:\Users\subdia\AppData\Local\Temp\ccZGXZAV.s 			page 42


 757              		.cfi_def_cfa_offset 20
 758              		.cfi_offset 4, -20
 759              		.cfi_offset 5, -16
 760              		.cfi_offset 6, -12
 761              		.cfi_offset 7, -8
 762              		.cfi_offset 14, -4
 763 0002 83B0     		sub	sp, sp, #12
 764              	.LCFI12:
 765              		.cfi_def_cfa_offset 32
 766 0004 0D46     		mov	r5, r1
 221:Middlewares/Third_Party/FreeRTOS/Source/stream_buffer.c **** 	uint8_t ucFlags;
 767              		.loc 1 221 2 is_stmt 1 view .LVU210
 222:Middlewares/Third_Party/FreeRTOS/Source/stream_buffer.c **** 
 768              		.loc 1 222 2 view .LVU211
 228:Middlewares/Third_Party/FreeRTOS/Source/stream_buffer.c **** 		{
 769              		.loc 1 228 3 view .LVU212
 228:Middlewares/Third_Party/FreeRTOS/Source/stream_buffer.c **** 		{
 770              		.loc 1 228 5 is_stmt 0 view .LVU213
 771 0006 012A     		cmp	r2, #1
 772 0008 09D0     		beq	.L52
 237:Middlewares/Third_Party/FreeRTOS/Source/stream_buffer.c **** 			configASSERT( xBufferSizeBytes > 0 );
 773              		.loc 1 237 4 is_stmt 1 view .LVU214
 774              	.LVL71:
 238:Middlewares/Third_Party/FreeRTOS/Source/stream_buffer.c **** 		}
 775              		.loc 1 238 4 view .LVU215
 776 000a B0B9     		cbnz	r0, .L49
 238:Middlewares/Third_Party/FreeRTOS/Source/stream_buffer.c **** 		}
 777              		.loc 1 238 4 discriminator 1 view .LVU216
 778              	.LBB109:
 779              	.LBI109:
 193:Middlewares/Third_Party/FreeRTOS/Source/portable/GCC/ARM_CM3/portmacro.h **** {
 780              		.loc 2 193 30 view .LVU217
 781              	.LBB110:
 195:Middlewares/Third_Party/FreeRTOS/Source/portable/GCC/ARM_CM3/portmacro.h **** 
 782              		.loc 2 195 1 view .LVU218
 783              		.loc 2 197 2 view .LVU219
 784              		.syntax unified
 785              	@ 197 "Middlewares/Third_Party/FreeRTOS/Source/portable/GCC/ARM_CM3/portmacro.h" 1
 786 000c 4FF05003 			mov r3, #80												
 787 0010 83F31188 		msr basepri, r3											
 788 0014 BFF36F8F 		isb														
 789 0018 BFF34F8F 		dsb														
 790              	
 791              	@ 0 "" 2
 792              		.thumb
 793              		.syntax unified
 794              	.L43:
 795              	.LBE110:
 796              	.LBE109:
 238:Middlewares/Third_Party/FreeRTOS/Source/stream_buffer.c **** 		}
 797              		.loc 1 238 4 view .LVU220
 798 001c FEE7     		b	.L43
 799              	.LVL72:
 800              	.L52:
 231:Middlewares/Third_Party/FreeRTOS/Source/stream_buffer.c **** 			configASSERT( xBufferSizeBytes > sbBYTES_TO_STORE_MESSAGE_LENGTH );
 801              		.loc 1 231 4 view .LVU221
 232:Middlewares/Third_Party/FreeRTOS/Source/stream_buffer.c **** 		}
ARM GAS  C:\Users\subdia\AppData\Local\Temp\ccZGXZAV.s 			page 43


 802              		.loc 1 232 4 view .LVU222
 803 001e 0428     		cmp	r0, #4
 804 0020 08D8     		bhi	.L48
 232:Middlewares/Third_Party/FreeRTOS/Source/stream_buffer.c **** 		}
 805              		.loc 1 232 4 discriminator 1 view .LVU223
 806              	.LBB111:
 807              	.LBI111:
 193:Middlewares/Third_Party/FreeRTOS/Source/portable/GCC/ARM_CM3/portmacro.h **** {
 808              		.loc 2 193 30 view .LVU224
 809              	.LBB112:
 195:Middlewares/Third_Party/FreeRTOS/Source/portable/GCC/ARM_CM3/portmacro.h **** 
 810              		.loc 2 195 1 view .LVU225
 811              		.loc 2 197 2 view .LVU226
 812              		.syntax unified
 813              	@ 197 "Middlewares/Third_Party/FreeRTOS/Source/portable/GCC/ARM_CM3/portmacro.h" 1
 814 0022 4FF05003 			mov r3, #80												
 815 0026 83F31188 		msr basepri, r3											
 816 002a BFF36F8F 		isb														
 817 002e BFF34F8F 		dsb														
 818              	
 819              	@ 0 "" 2
 820              		.thumb
 821              		.syntax unified
 822              	.L42:
 823              	.LBE112:
 824              	.LBE111:
 232:Middlewares/Third_Party/FreeRTOS/Source/stream_buffer.c **** 		}
 825              		.loc 1 232 4 view .LVU227
 826 0032 FEE7     		b	.L42
 827              	.L48:
 231:Middlewares/Third_Party/FreeRTOS/Source/stream_buffer.c **** 			configASSERT( xBufferSizeBytes > sbBYTES_TO_STORE_MESSAGE_LENGTH );
 828              		.loc 1 231 12 is_stmt 0 view .LVU228
 829 0034 0123     		movs	r3, #1
 830 0036 1E46     		mov	r6, r3
 831 0038 01E0     		b	.L41
 832              	.LVL73:
 833              	.L49:
 237:Middlewares/Third_Party/FreeRTOS/Source/stream_buffer.c **** 			configASSERT( xBufferSizeBytes > 0 );
 834              		.loc 1 237 12 view .LVU229
 835 003a 0023     		movs	r3, #0
 836 003c 1E46     		mov	r6, r3
 837              	.LVL74:
 838              	.L41:
 238:Middlewares/Third_Party/FreeRTOS/Source/stream_buffer.c **** 		}
 839              		.loc 1 238 40 is_stmt 1 view .LVU230
 240:Middlewares/Third_Party/FreeRTOS/Source/stream_buffer.c **** 
 840              		.loc 1 240 3 view .LVU231
 841 003e A842     		cmp	r0, r5
 842 0040 08D2     		bcs	.L44
 240:Middlewares/Third_Party/FreeRTOS/Source/stream_buffer.c **** 
 843              		.loc 1 240 3 discriminator 1 view .LVU232
 844              	.LBB113:
 845              	.LBI113:
 193:Middlewares/Third_Party/FreeRTOS/Source/portable/GCC/ARM_CM3/portmacro.h **** {
 846              		.loc 2 193 30 view .LVU233
 847              	.LBB114:
 195:Middlewares/Third_Party/FreeRTOS/Source/portable/GCC/ARM_CM3/portmacro.h **** 
ARM GAS  C:\Users\subdia\AppData\Local\Temp\ccZGXZAV.s 			page 44


 848              		.loc 2 195 1 view .LVU234
 849              		.loc 2 197 2 view .LVU235
 850              		.syntax unified
 851              	@ 197 "Middlewares/Third_Party/FreeRTOS/Source/portable/GCC/ARM_CM3/portmacro.h" 1
 852 0042 4FF05003 			mov r3, #80												
 853 0046 83F31188 		msr basepri, r3											
 854 004a BFF36F8F 		isb														
 855 004e BFF34F8F 		dsb														
 856              	
 857              	@ 0 "" 2
 858              		.thumb
 859              		.syntax unified
 860              	.L45:
 861              	.LBE114:
 862              	.LBE113:
 240:Middlewares/Third_Party/FreeRTOS/Source/stream_buffer.c **** 
 863              		.loc 1 240 3 view .LVU236
 864 0052 FEE7     		b	.L45
 865              	.L44:
 240:Middlewares/Third_Party/FreeRTOS/Source/stream_buffer.c **** 
 866              		.loc 1 240 57 view .LVU237
 244:Middlewares/Third_Party/FreeRTOS/Source/stream_buffer.c **** 		{
 867              		.loc 1 244 3 view .LVU238
 244:Middlewares/Third_Party/FreeRTOS/Source/stream_buffer.c **** 		{
 868              		.loc 1 244 5 is_stmt 0 view .LVU239
 869 0054 0DB9     		cbnz	r5, .L46
 246:Middlewares/Third_Party/FreeRTOS/Source/stream_buffer.c **** 		}
 870              		.loc 1 246 23 view .LVU240
 871 0056 0123     		movs	r3, #1
 872 0058 1D46     		mov	r5, r3
 873              	.L46:
 874              	.LVL75:
 257:Middlewares/Third_Party/FreeRTOS/Source/stream_buffer.c **** 		pucAllocatedMemory = ( uint8_t * ) pvPortMalloc( xBufferSizeBytes + sizeof( StreamBuffer_t ) ); /
 875              		.loc 1 257 3 is_stmt 1 view .LVU241
 257:Middlewares/Third_Party/FreeRTOS/Source/stream_buffer.c **** 		pucAllocatedMemory = ( uint8_t * ) pvPortMalloc( xBufferSizeBytes + sizeof( StreamBuffer_t ) ); /
 876              		.loc 1 257 19 is_stmt 0 view .LVU242
 877 005a 441C     		adds	r4, r0, #1
 878              	.LVL76:
 258:Middlewares/Third_Party/FreeRTOS/Source/stream_buffer.c **** 
 879              		.loc 1 258 3 is_stmt 1 view .LVU243
 258:Middlewares/Third_Party/FreeRTOS/Source/stream_buffer.c **** 
 880              		.loc 1 258 38 is_stmt 0 view .LVU244
 881 005c 2130     		adds	r0, r0, #33
 882 005e FFF7FEFF 		bl	pvPortMalloc
 883              	.LVL77:
 260:Middlewares/Third_Party/FreeRTOS/Source/stream_buffer.c **** 		{
 884              		.loc 1 260 3 is_stmt 1 view .LVU245
 260:Middlewares/Third_Party/FreeRTOS/Source/stream_buffer.c **** 		{
 885              		.loc 1 260 5 is_stmt 0 view .LVU246
 886 0062 0146     		mov	r1, r0
 887 0064 0746     		mov	r7, r0
 888 0066 28B1     		cbz	r0, .L39
 262:Middlewares/Third_Party/FreeRTOS/Source/stream_buffer.c **** 										   pucAllocatedMemory + sizeof( StreamBuffer_t ),  /* Storage area follows. */ /*lint !e9
 889              		.loc 1 262 4 is_stmt 1 view .LVU247
 890 0068 0096     		str	r6, [sp]
 891 006a 2B46     		mov	r3, r5
 892 006c 2246     		mov	r2, r4
ARM GAS  C:\Users\subdia\AppData\Local\Temp\ccZGXZAV.s 			page 45


 893 006e 2031     		adds	r1, r1, #32
 894 0070 FFF7FEFF 		bl	prvInitialiseNewStreamBuffer
 895              	.LVL78:
 268:Middlewares/Third_Party/FreeRTOS/Source/stream_buffer.c **** 		}
 896              		.loc 1 268 94 view .LVU248
 272:Middlewares/Third_Party/FreeRTOS/Source/stream_buffer.c **** 		}
 897              		.loc 1 272 56 view .LVU249
 275:Middlewares/Third_Party/FreeRTOS/Source/stream_buffer.c **** 	}
 898              		.loc 1 275 3 view .LVU250
 899              	.L39:
 276:Middlewares/Third_Party/FreeRTOS/Source/stream_buffer.c **** 
 900              		.loc 1 276 2 is_stmt 0 view .LVU251
 901 0074 3846     		mov	r0, r7
 902 0076 03B0     		add	sp, sp, #12
 903              	.LCFI13:
 904              		.cfi_def_cfa_offset 20
 905              		@ sp needed
 906 0078 F0BD     		pop	{r4, r5, r6, r7, pc}
 276:Middlewares/Third_Party/FreeRTOS/Source/stream_buffer.c **** 
 907              		.loc 1 276 2 view .LVU252
 908              		.cfi_endproc
 909              	.LFE5:
 911              		.section	.text.xStreamBufferGenericCreateStatic,"ax",%progbits
 912              		.align	1
 913              		.global	xStreamBufferGenericCreateStatic
 914              		.syntax unified
 915              		.thumb
 916              		.thumb_func
 918              	xStreamBufferGenericCreateStatic:
 919              	.LVL79:
 920              	.LFB6:
 288:Middlewares/Third_Party/FreeRTOS/Source/stream_buffer.c **** 	StreamBuffer_t * const pxStreamBuffer = ( StreamBuffer_t * ) pxStaticStreamBuffer; /*lint !e740 !e
 921              		.loc 1 288 2 is_stmt 1 view -0
 922              		.cfi_startproc
 923              		@ args = 4, pretend = 0, frame = 8
 924              		@ frame_needed = 0, uses_anonymous_args = 0
 289:Middlewares/Third_Party/FreeRTOS/Source/stream_buffer.c **** 	StreamBufferHandle_t xReturn;
 925              		.loc 1 289 2 view .LVU254
 290:Middlewares/Third_Party/FreeRTOS/Source/stream_buffer.c **** 	uint8_t ucFlags;
 926              		.loc 1 290 2 view .LVU255
 291:Middlewares/Third_Party/FreeRTOS/Source/stream_buffer.c **** 
 927              		.loc 1 291 2 view .LVU256
 293:Middlewares/Third_Party/FreeRTOS/Source/stream_buffer.c **** 		configASSERT( pxStaticStreamBuffer );
 928              		.loc 1 293 3 view .LVU257
 929 0000 7BB1     		cbz	r3, .L70
 288:Middlewares/Third_Party/FreeRTOS/Source/stream_buffer.c **** 	StreamBuffer_t * const pxStreamBuffer = ( StreamBuffer_t * ) pxStaticStreamBuffer; /*lint !e740 !e
 930              		.loc 1 288 2 is_stmt 0 view .LVU258
 931 0002 00B5     		push	{lr}
 932              	.LCFI14:
 933              		.cfi_def_cfa_offset 4
 934              		.cfi_offset 14, -4
 935 0004 85B0     		sub	sp, sp, #20
 936              	.LCFI15:
 937              		.cfi_def_cfa_offset 24
 938 0006 9C46     		mov	ip, r3
 293:Middlewares/Third_Party/FreeRTOS/Source/stream_buffer.c **** 		configASSERT( pxStaticStreamBuffer );
 939              		.loc 1 293 45 is_stmt 1 view .LVU259
ARM GAS  C:\Users\subdia\AppData\Local\Temp\ccZGXZAV.s 			page 46


 294:Middlewares/Third_Party/FreeRTOS/Source/stream_buffer.c **** 		configASSERT( xTriggerLevelBytes <= xBufferSizeBytes );
 940              		.loc 1 294 3 view .LVU260
 941 0008 069B     		ldr	r3, [sp, #24]
 942              	.LVL80:
 294:Middlewares/Third_Party/FreeRTOS/Source/stream_buffer.c **** 		configASSERT( xTriggerLevelBytes <= xBufferSizeBytes );
 943              		.loc 1 294 3 is_stmt 0 view .LVU261
 944 000a 9BB1     		cbz	r3, .L71
 294:Middlewares/Third_Party/FreeRTOS/Source/stream_buffer.c **** 		configASSERT( xTriggerLevelBytes <= xBufferSizeBytes );
 945              		.loc 1 294 39 is_stmt 1 view .LVU262
 295:Middlewares/Third_Party/FreeRTOS/Source/stream_buffer.c **** 
 946              		.loc 1 295 3 view .LVU263
 947 000c 8142     		cmp	r1, r0
 948 000e 1AD9     		bls	.L58
 295:Middlewares/Third_Party/FreeRTOS/Source/stream_buffer.c **** 
 949              		.loc 1 295 3 discriminator 1 view .LVU264
 950              	.LBB115:
 951              	.LBI115:
 193:Middlewares/Third_Party/FreeRTOS/Source/portable/GCC/ARM_CM3/portmacro.h **** {
 952              		.loc 2 193 30 view .LVU265
 953              	.LBB116:
 195:Middlewares/Third_Party/FreeRTOS/Source/portable/GCC/ARM_CM3/portmacro.h **** 
 954              		.loc 2 195 1 view .LVU266
 955              		.loc 2 197 2 view .LVU267
 956              		.syntax unified
 957              	@ 197 "Middlewares/Third_Party/FreeRTOS/Source/portable/GCC/ARM_CM3/portmacro.h" 1
 958 0010 4FF05003 			mov r3, #80												
 959 0014 83F31188 		msr basepri, r3											
 960 0018 BFF36F8F 		isb														
 961 001c BFF34F8F 		dsb														
 962              	
 963              	@ 0 "" 2
 964              		.thumb
 965              		.syntax unified
 966              	.L59:
 967              	.LBE116:
 968              	.LBE115:
 295:Middlewares/Third_Party/FreeRTOS/Source/stream_buffer.c **** 
 969              		.loc 1 295 3 view .LVU268
 970 0020 FEE7     		b	.L59
 971              	.LVL81:
 972              	.L70:
 973              	.LCFI16:
 974              		.cfi_def_cfa_offset 0
 975              		.cfi_restore 14
 293:Middlewares/Third_Party/FreeRTOS/Source/stream_buffer.c **** 		configASSERT( pxStaticStreamBuffer );
 976              		.loc 1 293 3 discriminator 1 view .LVU269
 977              	.LBB117:
 978              	.LBI117:
 193:Middlewares/Third_Party/FreeRTOS/Source/portable/GCC/ARM_CM3/portmacro.h **** {
 979              		.loc 2 193 30 view .LVU270
 980              	.LBB118:
 195:Middlewares/Third_Party/FreeRTOS/Source/portable/GCC/ARM_CM3/portmacro.h **** 
 981              		.loc 2 195 1 view .LVU271
 982              		.loc 2 197 2 view .LVU272
 983              		.syntax unified
 984              	@ 197 "Middlewares/Third_Party/FreeRTOS/Source/portable/GCC/ARM_CM3/portmacro.h" 1
 985 0022 4FF05003 			mov r3, #80												
ARM GAS  C:\Users\subdia\AppData\Local\Temp\ccZGXZAV.s 			page 47


 986 0026 83F31188 		msr basepri, r3											
 987 002a BFF36F8F 		isb														
 988 002e BFF34F8F 		dsb														
 989              	
 990              	@ 0 "" 2
 991              	.LVL82:
 992              		.thumb
 993              		.syntax unified
 994              	.L55:
 995              		.loc 2 197 2 is_stmt 0 view .LVU273
 996              	.LBE118:
 997              	.LBE117:
 293:Middlewares/Third_Party/FreeRTOS/Source/stream_buffer.c **** 		configASSERT( pxStaticStreamBuffer );
 998              		.loc 1 293 3 is_stmt 1 view .LVU274
 999 0032 FEE7     		b	.L55
 1000              	.LVL83:
 1001              	.L71:
 1002              	.LCFI17:
 1003              		.cfi_def_cfa_offset 24
 1004              		.cfi_offset 14, -4
 294:Middlewares/Third_Party/FreeRTOS/Source/stream_buffer.c **** 		configASSERT( xTriggerLevelBytes <= xBufferSizeBytes );
 1005              		.loc 1 294 3 discriminator 1 view .LVU275
 1006              	.LBB119:
 1007              	.LBI119:
 193:Middlewares/Third_Party/FreeRTOS/Source/portable/GCC/ARM_CM3/portmacro.h **** {
 1008              		.loc 2 193 30 view .LVU276
 1009              	.LBB120:
 195:Middlewares/Third_Party/FreeRTOS/Source/portable/GCC/ARM_CM3/portmacro.h **** 
 1010              		.loc 2 195 1 view .LVU277
 1011              		.loc 2 197 2 view .LVU278
 1012              		.syntax unified
 1013              	@ 197 "Middlewares/Third_Party/FreeRTOS/Source/portable/GCC/ARM_CM3/portmacro.h" 1
 1014 0034 4FF05003 			mov r3, #80												
 1015 0038 83F31188 		msr basepri, r3											
 1016 003c BFF36F8F 		isb														
 1017 0040 BFF34F8F 		dsb														
 1018              	
 1019              	@ 0 "" 2
 1020              		.thumb
 1021              		.syntax unified
 1022              	.L57:
 1023              	.LBE120:
 1024              	.LBE119:
 294:Middlewares/Third_Party/FreeRTOS/Source/stream_buffer.c **** 		configASSERT( xTriggerLevelBytes <= xBufferSizeBytes );
 1025              		.loc 1 294 3 view .LVU279
 1026 0044 FEE7     		b	.L57
 1027              	.L58:
 295:Middlewares/Third_Party/FreeRTOS/Source/stream_buffer.c **** 
 1028              		.loc 1 295 57 view .LVU280
 299:Middlewares/Third_Party/FreeRTOS/Source/stream_buffer.c **** 		{
 1029              		.loc 1 299 3 view .LVU281
 299:Middlewares/Third_Party/FreeRTOS/Source/stream_buffer.c **** 		{
 1030              		.loc 1 299 5 is_stmt 0 view .LVU282
 1031 0046 01B9     		cbnz	r1, .L60
 301:Middlewares/Third_Party/FreeRTOS/Source/stream_buffer.c **** 		}
 1032              		.loc 1 301 23 view .LVU283
 1033 0048 0121     		movs	r1, #1
ARM GAS  C:\Users\subdia\AppData\Local\Temp\ccZGXZAV.s 			page 48


 1034              	.LVL84:
 1035              	.L60:
 304:Middlewares/Third_Party/FreeRTOS/Source/stream_buffer.c **** 		{
 1036              		.loc 1 304 3 is_stmt 1 view .LVU284
 304:Middlewares/Third_Party/FreeRTOS/Source/stream_buffer.c **** 		{
 1037              		.loc 1 304 5 is_stmt 0 view .LVU285
 1038 004a 5AB1     		cbz	r2, .L67
 307:Middlewares/Third_Party/FreeRTOS/Source/stream_buffer.c **** 		}
 1039              		.loc 1 307 12 view .LVU286
 1040 004c 0323     		movs	r3, #3
 1041              	.L61:
 1042              	.LVL85:
 319:Middlewares/Third_Party/FreeRTOS/Source/stream_buffer.c **** 
 1043              		.loc 1 319 3 is_stmt 1 view .LVU287
 1044 004e 0428     		cmp	r0, #4
 1045 0050 0AD8     		bhi	.L62
 319:Middlewares/Third_Party/FreeRTOS/Source/stream_buffer.c **** 
 1046              		.loc 1 319 3 discriminator 1 view .LVU288
 1047              	.LBB121:
 1048              	.LBI121:
 193:Middlewares/Third_Party/FreeRTOS/Source/portable/GCC/ARM_CM3/portmacro.h **** {
 1049              		.loc 2 193 30 view .LVU289
 1050              	.LBB122:
 195:Middlewares/Third_Party/FreeRTOS/Source/portable/GCC/ARM_CM3/portmacro.h **** 
 1051              		.loc 2 195 1 view .LVU290
 1052              		.loc 2 197 2 view .LVU291
 1053              		.syntax unified
 1054              	@ 197 "Middlewares/Third_Party/FreeRTOS/Source/portable/GCC/ARM_CM3/portmacro.h" 1
 1055 0052 4FF05003 			mov r3, #80												
 1056 0056 83F31188 		msr basepri, r3											
 1057 005a BFF36F8F 		isb														
 1058 005e BFF34F8F 		dsb														
 1059              	
 1060              	@ 0 "" 2
 1061              	.LVL86:
 1062              		.thumb
 1063              		.syntax unified
 1064              	.L63:
 1065              		.loc 2 197 2 is_stmt 0 view .LVU292
 1066              	.LBE122:
 1067              	.LBE121:
 319:Middlewares/Third_Party/FreeRTOS/Source/stream_buffer.c **** 
 1068              		.loc 1 319 3 is_stmt 1 view .LVU293
 1069 0062 FEE7     		b	.L63
 1070              	.LVL87:
 1071              	.L67:
 312:Middlewares/Third_Party/FreeRTOS/Source/stream_buffer.c **** 		}
 1072              		.loc 1 312 12 is_stmt 0 view .LVU294
 1073 0064 0223     		movs	r3, #2
 1074 0066 F2E7     		b	.L61
 1075              	.LVL88:
 1076              	.L62:
 319:Middlewares/Third_Party/FreeRTOS/Source/stream_buffer.c **** 
 1077              		.loc 1 319 69 is_stmt 1 view .LVU295
 1078              	.LBB123:
 326:Middlewares/Third_Party/FreeRTOS/Source/stream_buffer.c **** 			configASSERT( xSize == sizeof( StreamBuffer_t ) );
 1079              		.loc 1 326 4 view .LVU296
ARM GAS  C:\Users\subdia\AppData\Local\Temp\ccZGXZAV.s 			page 49


 326:Middlewares/Third_Party/FreeRTOS/Source/stream_buffer.c **** 			configASSERT( xSize == sizeof( StreamBuffer_t ) );
 1080              		.loc 1 326 20 is_stmt 0 view .LVU297
 1081 0068 2022     		movs	r2, #32
 1082              	.LVL89:
 326:Middlewares/Third_Party/FreeRTOS/Source/stream_buffer.c **** 			configASSERT( xSize == sizeof( StreamBuffer_t ) );
 1083              		.loc 1 326 20 view .LVU298
 1084 006a 0392     		str	r2, [sp, #12]
 327:Middlewares/Third_Party/FreeRTOS/Source/stream_buffer.c **** 		} /*lint !e529 xSize is referenced is configASSERT() is defined. */
 1085              		.loc 1 327 4 is_stmt 1 view .LVU299
 1086 006c 039A     		ldr	r2, [sp, #12]
 1087 006e 202A     		cmp	r2, #32
 1088 0070 08D0     		beq	.L64
 327:Middlewares/Third_Party/FreeRTOS/Source/stream_buffer.c **** 		} /*lint !e529 xSize is referenced is configASSERT() is defined. */
 1089              		.loc 1 327 4 discriminator 1 view .LVU300
 1090              	.LBB124:
 1091              	.LBI124:
 193:Middlewares/Third_Party/FreeRTOS/Source/portable/GCC/ARM_CM3/portmacro.h **** {
 1092              		.loc 2 193 30 view .LVU301
 1093              	.LBB125:
 195:Middlewares/Third_Party/FreeRTOS/Source/portable/GCC/ARM_CM3/portmacro.h **** 
 1094              		.loc 2 195 1 view .LVU302
 1095              		.loc 2 197 2 view .LVU303
 1096              		.syntax unified
 1097              	@ 197 "Middlewares/Third_Party/FreeRTOS/Source/portable/GCC/ARM_CM3/portmacro.h" 1
 1098 0072 4FF05003 			mov r3, #80												
 1099 0076 83F31188 		msr basepri, r3											
 1100 007a BFF36F8F 		isb														
 1101 007e BFF34F8F 		dsb														
 1102              	
 1103              	@ 0 "" 2
 1104              	.LVL90:
 1105              		.thumb
 1106              		.syntax unified
 1107              	.L65:
 1108              		.loc 2 197 2 is_stmt 0 view .LVU304
 1109              	.LBE125:
 1110              	.LBE124:
 327:Middlewares/Third_Party/FreeRTOS/Source/stream_buffer.c **** 		} /*lint !e529 xSize is referenced is configASSERT() is defined. */
 1111              		.loc 1 327 4 is_stmt 1 view .LVU305
 1112 0082 FEE7     		b	.L65
 1113              	.LVL91:
 1114              	.L64:
 327:Middlewares/Third_Party/FreeRTOS/Source/stream_buffer.c **** 		} /*lint !e529 xSize is referenced is configASSERT() is defined. */
 1115              		.loc 1 327 53 view .LVU306
 1116              	.LBE123:
 331:Middlewares/Third_Party/FreeRTOS/Source/stream_buffer.c **** 		{
 1117              		.loc 1 331 3 view .LVU307
 333:Middlewares/Third_Party/FreeRTOS/Source/stream_buffer.c **** 										  pucStreamBufferStorageArea,
 1118              		.loc 1 333 4 view .LVU308
 1119 0084 0093     		str	r3, [sp]
 1120 0086 0B46     		mov	r3, r1
 1121              	.LVL92:
 333:Middlewares/Third_Party/FreeRTOS/Source/stream_buffer.c **** 										  pucStreamBufferStorageArea,
 1122              		.loc 1 333 4 is_stmt 0 view .LVU309
 1123 0088 0246     		mov	r2, r0
 1124 008a 6146     		mov	r1, ip
 1125              	.LVL93:
ARM GAS  C:\Users\subdia\AppData\Local\Temp\ccZGXZAV.s 			page 50


 333:Middlewares/Third_Party/FreeRTOS/Source/stream_buffer.c **** 										  pucStreamBufferStorageArea,
 1126              		.loc 1 333 4 view .LVU310
 1127 008c 0698     		ldr	r0, [sp, #24]
 1128              	.LVL94:
 333:Middlewares/Third_Party/FreeRTOS/Source/stream_buffer.c **** 										  pucStreamBufferStorageArea,
 1129              		.loc 1 333 4 view .LVU311
 1130 008e FFF7FEFF 		bl	prvInitialiseNewStreamBuffer
 1131              	.LVL95:
 341:Middlewares/Third_Party/FreeRTOS/Source/stream_buffer.c **** 
 1132              		.loc 1 341 4 is_stmt 1 view .LVU312
 341:Middlewares/Third_Party/FreeRTOS/Source/stream_buffer.c **** 
 1133              		.loc 1 341 18 is_stmt 0 view .LVU313
 1134 0092 069B     		ldr	r3, [sp, #24]
 1135 0094 1B7F     		ldrb	r3, [r3, #28]	@ zero_extendqisi2
 341:Middlewares/Third_Party/FreeRTOS/Source/stream_buffer.c **** 
 1136              		.loc 1 341 28 view .LVU314
 1137 0096 43F00203 		orr	r3, r3, #2
 1138 009a 069A     		ldr	r2, [sp, #24]
 1139 009c 1377     		strb	r3, [r2, #28]
 343:Middlewares/Third_Party/FreeRTOS/Source/stream_buffer.c **** 
 1140              		.loc 1 343 65 is_stmt 1 view .LVU315
 345:Middlewares/Third_Party/FreeRTOS/Source/stream_buffer.c **** 		}
 1141              		.loc 1 345 4 view .LVU316
 1142              	.LVL96:
 350:Middlewares/Third_Party/FreeRTOS/Source/stream_buffer.c **** 		}
 1143              		.loc 1 350 72 view .LVU317
 353:Middlewares/Third_Party/FreeRTOS/Source/stream_buffer.c **** 	}
 1144              		.loc 1 353 3 view .LVU318
 354:Middlewares/Third_Party/FreeRTOS/Source/stream_buffer.c **** 
 1145              		.loc 1 354 2 is_stmt 0 view .LVU319
 1146 009e 1046     		mov	r0, r2
 1147 00a0 05B0     		add	sp, sp, #20
 1148              	.LCFI18:
 1149              		.cfi_def_cfa_offset 4
 1150              		@ sp needed
 1151 00a2 00BD     		pop	{pc}
 354:Middlewares/Third_Party/FreeRTOS/Source/stream_buffer.c **** 
 1152              		.loc 1 354 2 view .LVU320
 1153              		.cfi_endproc
 1154              	.LFE6:
 1156              		.section	.text.vStreamBufferDelete,"ax",%progbits
 1157              		.align	1
 1158              		.global	vStreamBufferDelete
 1159              		.syntax unified
 1160              		.thumb
 1161              		.thumb_func
 1163              	vStreamBufferDelete:
 1164              	.LVL97:
 1165              	.LFB7:
 360:Middlewares/Third_Party/FreeRTOS/Source/stream_buffer.c **** StreamBuffer_t * pxStreamBuffer = xStreamBuffer;
 1166              		.loc 1 360 1 is_stmt 1 view -0
 1167              		.cfi_startproc
 1168              		@ args = 0, pretend = 0, frame = 0
 1169              		@ frame_needed = 0, uses_anonymous_args = 0
 360:Middlewares/Third_Party/FreeRTOS/Source/stream_buffer.c **** StreamBuffer_t * pxStreamBuffer = xStreamBuffer;
 1170              		.loc 1 360 1 is_stmt 0 view .LVU322
 1171 0000 08B5     		push	{r3, lr}
ARM GAS  C:\Users\subdia\AppData\Local\Temp\ccZGXZAV.s 			page 51


 1172              	.LCFI19:
 1173              		.cfi_def_cfa_offset 8
 1174              		.cfi_offset 3, -8
 1175              		.cfi_offset 14, -4
 361:Middlewares/Third_Party/FreeRTOS/Source/stream_buffer.c **** 
 1176              		.loc 1 361 1 is_stmt 1 view .LVU323
 1177              	.LVL98:
 363:Middlewares/Third_Party/FreeRTOS/Source/stream_buffer.c **** 
 1178              		.loc 1 363 2 view .LVU324
 1179 0002 30B1     		cbz	r0, .L78
 363:Middlewares/Third_Party/FreeRTOS/Source/stream_buffer.c **** 
 1180              		.loc 1 363 32 view .LVU325
 365:Middlewares/Third_Party/FreeRTOS/Source/stream_buffer.c **** 
 1181              		.loc 1 365 44 view .LVU326
 367:Middlewares/Third_Party/FreeRTOS/Source/stream_buffer.c **** 	{
 1182              		.loc 1 367 2 view .LVU327
 367:Middlewares/Third_Party/FreeRTOS/Source/stream_buffer.c **** 	{
 1183              		.loc 1 367 22 is_stmt 0 view .LVU328
 1184 0004 027F     		ldrb	r2, [r0, #28]	@ zero_extendqisi2
 367:Middlewares/Third_Party/FreeRTOS/Source/stream_buffer.c **** 	{
 1185              		.loc 1 367 4 view .LVU329
 1186 0006 12F0020F 		tst	r2, #2
 1187 000a 0BD1     		bne	.L75
 373:Middlewares/Third_Party/FreeRTOS/Source/stream_buffer.c **** 		}
 1188              		.loc 1 373 4 is_stmt 1 view .LVU330
 1189 000c FFF7FEFF 		bl	vPortFree
 1190              	.LVL99:
 1191              	.L72:
 389:Middlewares/Third_Party/FreeRTOS/Source/stream_buffer.c **** /*-----------------------------------------------------------*/
 1192              		.loc 1 389 1 is_stmt 0 view .LVU331
 1193 0010 08BD     		pop	{r3, pc}
 1194              	.LVL100:
 1195              	.L78:
 363:Middlewares/Third_Party/FreeRTOS/Source/stream_buffer.c **** 
 1196              		.loc 1 363 2 is_stmt 1 discriminator 1 view .LVU332
 1197              	.LBB126:
 1198              	.LBI126:
 193:Middlewares/Third_Party/FreeRTOS/Source/portable/GCC/ARM_CM3/portmacro.h **** {
 1199              		.loc 2 193 30 view .LVU333
 1200              	.LBB127:
 195:Middlewares/Third_Party/FreeRTOS/Source/portable/GCC/ARM_CM3/portmacro.h **** 
 1201              		.loc 2 195 1 view .LVU334
 1202              		.loc 2 197 2 view .LVU335
 1203              		.syntax unified
 1204              	@ 197 "Middlewares/Third_Party/FreeRTOS/Source/portable/GCC/ARM_CM3/portmacro.h" 1
 1205 0012 4FF05003 			mov r3, #80												
 1206 0016 83F31188 		msr basepri, r3											
 1207 001a BFF36F8F 		isb														
 1208 001e BFF34F8F 		dsb														
 1209              	
 1210              	@ 0 "" 2
 1211              		.thumb
 1212              		.syntax unified
 1213              	.L74:
 1214              	.LBE127:
 1215              	.LBE126:
 363:Middlewares/Third_Party/FreeRTOS/Source/stream_buffer.c **** 
ARM GAS  C:\Users\subdia\AppData\Local\Temp\ccZGXZAV.s 			page 52


 1216              		.loc 1 363 2 view .LVU336
 1217 0022 FEE7     		b	.L74
 1218              	.L75:
 387:Middlewares/Third_Party/FreeRTOS/Source/stream_buffer.c **** 	}
 1219              		.loc 1 387 3 view .LVU337
 387:Middlewares/Third_Party/FreeRTOS/Source/stream_buffer.c **** 	}
 1220              		.loc 1 387 12 is_stmt 0 view .LVU338
 1221 0024 2022     		movs	r2, #32
 1222 0026 0021     		movs	r1, #0
 1223 0028 FFF7FEFF 		bl	memset
 1224              	.LVL101:
 389:Middlewares/Third_Party/FreeRTOS/Source/stream_buffer.c **** /*-----------------------------------------------------------*/
 1225              		.loc 1 389 1 view .LVU339
 1226 002c F0E7     		b	.L72
 1227              		.cfi_endproc
 1228              	.LFE7:
 1230              		.section	.text.xStreamBufferReset,"ax",%progbits
 1231              		.align	1
 1232              		.global	xStreamBufferReset
 1233              		.syntax unified
 1234              		.thumb
 1235              		.thumb_func
 1237              	xStreamBufferReset:
 1238              	.LVL102:
 1239              	.LFB8:
 393:Middlewares/Third_Party/FreeRTOS/Source/stream_buffer.c **** StreamBuffer_t * const pxStreamBuffer = xStreamBuffer;
 1240              		.loc 1 393 1 is_stmt 1 view -0
 1241              		.cfi_startproc
 1242              		@ args = 0, pretend = 0, frame = 0
 1243              		@ frame_needed = 0, uses_anonymous_args = 0
 394:Middlewares/Third_Party/FreeRTOS/Source/stream_buffer.c **** BaseType_t xReturn = pdFAIL;
 1244              		.loc 1 394 1 view .LVU341
 395:Middlewares/Third_Party/FreeRTOS/Source/stream_buffer.c **** 
 1245              		.loc 1 395 1 view .LVU342
 401:Middlewares/Third_Party/FreeRTOS/Source/stream_buffer.c **** 
 1246              		.loc 1 401 2 view .LVU343
 1247 0000 68B1     		cbz	r0, .L87
 393:Middlewares/Third_Party/FreeRTOS/Source/stream_buffer.c **** StreamBuffer_t * const pxStreamBuffer = xStreamBuffer;
 1248              		.loc 1 393 1 is_stmt 0 view .LVU344
 1249 0002 10B5     		push	{r4, lr}
 1250              	.LCFI20:
 1251              		.cfi_def_cfa_offset 8
 1252              		.cfi_offset 4, -8
 1253              		.cfi_offset 14, -4
 1254 0004 82B0     		sub	sp, sp, #8
 1255              	.LCFI21:
 1256              		.cfi_def_cfa_offset 16
 1257 0006 0446     		mov	r4, r0
 401:Middlewares/Third_Party/FreeRTOS/Source/stream_buffer.c **** 
 1258              		.loc 1 401 32 is_stmt 1 view .LVU345
 412:Middlewares/Third_Party/FreeRTOS/Source/stream_buffer.c **** 	{
 1259              		.loc 1 412 2 view .LVU346
 1260 0008 FFF7FEFF 		bl	vPortEnterCritical
 1261              	.LVL103:
 414:Middlewares/Third_Party/FreeRTOS/Source/stream_buffer.c **** 		{
 1262              		.loc 1 414 3 view .LVU347
 414:Middlewares/Third_Party/FreeRTOS/Source/stream_buffer.c **** 		{
ARM GAS  C:\Users\subdia\AppData\Local\Temp\ccZGXZAV.s 			page 53


 1263              		.loc 1 414 21 is_stmt 0 view .LVU348
 1264 000c 2369     		ldr	r3, [r4, #16]
 414:Middlewares/Third_Party/FreeRTOS/Source/stream_buffer.c **** 		{
 1265              		.loc 1 414 5 view .LVU349
 1266 000e 7BB1     		cbz	r3, .L88
 395:Middlewares/Third_Party/FreeRTOS/Source/stream_buffer.c **** 
 1267              		.loc 1 395 12 view .LVU350
 1268 0010 0023     		movs	r3, #0
 1269 0012 1C46     		mov	r4, r3
 1270              	.LVL104:
 1271              	.L82:
 431:Middlewares/Third_Party/FreeRTOS/Source/stream_buffer.c **** 			}
 1272              		.loc 1 431 46 is_stmt 1 view .LVU351
 435:Middlewares/Third_Party/FreeRTOS/Source/stream_buffer.c **** 
 1273              		.loc 1 435 2 view .LVU352
 1274 0014 FFF7FEFF 		bl	vPortExitCritical
 1275              	.LVL105:
 437:Middlewares/Third_Party/FreeRTOS/Source/stream_buffer.c **** }
 1276              		.loc 1 437 2 view .LVU353
 438:Middlewares/Third_Party/FreeRTOS/Source/stream_buffer.c **** /*-----------------------------------------------------------*/
 1277              		.loc 1 438 1 is_stmt 0 view .LVU354
 1278 0018 2046     		mov	r0, r4
 1279 001a 02B0     		add	sp, sp, #8
 1280              	.LCFI22:
 1281              		.cfi_def_cfa_offset 8
 1282              		@ sp needed
 1283 001c 10BD     		pop	{r4, pc}
 1284              	.LVL106:
 1285              	.L87:
 1286              	.LCFI23:
 1287              		.cfi_def_cfa_offset 0
 1288              		.cfi_restore 4
 1289              		.cfi_restore 14
 401:Middlewares/Third_Party/FreeRTOS/Source/stream_buffer.c **** 
 1290              		.loc 1 401 2 is_stmt 1 discriminator 1 view .LVU355
 1291              	.LBB128:
 1292              	.LBI128:
 193:Middlewares/Third_Party/FreeRTOS/Source/portable/GCC/ARM_CM3/portmacro.h **** {
 1293              		.loc 2 193 30 view .LVU356
 1294              	.LBB129:
 195:Middlewares/Third_Party/FreeRTOS/Source/portable/GCC/ARM_CM3/portmacro.h **** 
 1295              		.loc 2 195 1 view .LVU357
 1296              		.loc 2 197 2 view .LVU358
 1297              		.syntax unified
 1298              	@ 197 "Middlewares/Third_Party/FreeRTOS/Source/portable/GCC/ARM_CM3/portmacro.h" 1
 1299 001e 4FF05003 			mov r3, #80												
 1300 0022 83F31188 		msr basepri, r3											
 1301 0026 BFF36F8F 		isb														
 1302 002a BFF34F8F 		dsb														
 1303              	
 1304              	@ 0 "" 2
 1305              		.thumb
 1306              		.syntax unified
 1307              	.L81:
 1308              	.LBE129:
 1309              	.LBE128:
 401:Middlewares/Third_Party/FreeRTOS/Source/stream_buffer.c **** 
ARM GAS  C:\Users\subdia\AppData\Local\Temp\ccZGXZAV.s 			page 54


 1310              		.loc 1 401 2 view .LVU359
 1311 002e FEE7     		b	.L81
 1312              	.LVL107:
 1313              	.L88:
 1314              	.LCFI24:
 1315              		.cfi_def_cfa_offset 16
 1316              		.cfi_offset 4, -8
 1317              		.cfi_offset 14, -4
 416:Middlewares/Third_Party/FreeRTOS/Source/stream_buffer.c **** 			{
 1318              		.loc 1 416 4 view .LVU360
 416:Middlewares/Third_Party/FreeRTOS/Source/stream_buffer.c **** 			{
 1319              		.loc 1 416 22 is_stmt 0 view .LVU361
 1320 0030 6369     		ldr	r3, [r4, #20]
 416:Middlewares/Third_Party/FreeRTOS/Source/stream_buffer.c **** 			{
 1321              		.loc 1 416 6 view .LVU362
 1322 0032 13B1     		cbz	r3, .L89
 395:Middlewares/Third_Party/FreeRTOS/Source/stream_buffer.c **** 
 1323              		.loc 1 395 12 view .LVU363
 1324 0034 0023     		movs	r3, #0
 1325 0036 1C46     		mov	r4, r3
 1326              	.LVL108:
 395:Middlewares/Third_Party/FreeRTOS/Source/stream_buffer.c **** 
 1327              		.loc 1 395 12 view .LVU364
 1328 0038 ECE7     		b	.L82
 1329              	.LVL109:
 1330              	.L89:
 418:Middlewares/Third_Party/FreeRTOS/Source/stream_buffer.c **** 											  pxStreamBuffer->pucBuffer,
 1331              		.loc 1 418 5 is_stmt 1 view .LVU365
 1332 003a 2046     		mov	r0, r4
 1333 003c 237F     		ldrb	r3, [r4, #28]	@ zero_extendqisi2
 1334 003e 0093     		str	r3, [sp]
 1335 0040 E368     		ldr	r3, [r4, #12]
 1336 0042 A268     		ldr	r2, [r4, #8]
 1337 0044 A169     		ldr	r1, [r4, #24]
 1338 0046 FFF7FEFF 		bl	prvInitialiseNewStreamBuffer
 1339              	.LVL110:
 423:Middlewares/Third_Party/FreeRTOS/Source/stream_buffer.c **** 
 1340              		.loc 1 423 5 view .LVU366
 423:Middlewares/Third_Party/FreeRTOS/Source/stream_buffer.c **** 
 1341              		.loc 1 423 13 is_stmt 0 view .LVU367
 1342 004a 0123     		movs	r3, #1
 1343 004c 1C46     		mov	r4, r3
 1344              	.LVL111:
 423:Middlewares/Third_Party/FreeRTOS/Source/stream_buffer.c **** 
 1345              		.loc 1 423 13 view .LVU368
 1346 004e E1E7     		b	.L82
 1347              		.cfi_endproc
 1348              	.LFE8:
 1350              		.section	.text.xStreamBufferSetTriggerLevel,"ax",%progbits
 1351              		.align	1
 1352              		.global	xStreamBufferSetTriggerLevel
 1353              		.syntax unified
 1354              		.thumb
 1355              		.thumb_func
 1357              	xStreamBufferSetTriggerLevel:
 1358              	.LVL112:
 1359              	.LFB9:
ARM GAS  C:\Users\subdia\AppData\Local\Temp\ccZGXZAV.s 			page 55


 442:Middlewares/Third_Party/FreeRTOS/Source/stream_buffer.c **** StreamBuffer_t * const pxStreamBuffer = xStreamBuffer;
 1360              		.loc 1 442 1 is_stmt 1 view -0
 1361              		.cfi_startproc
 1362              		@ args = 0, pretend = 0, frame = 0
 1363              		@ frame_needed = 0, uses_anonymous_args = 0
 1364              		@ link register save eliminated.
 443:Middlewares/Third_Party/FreeRTOS/Source/stream_buffer.c **** BaseType_t xReturn;
 1365              		.loc 1 443 1 view .LVU370
 444:Middlewares/Third_Party/FreeRTOS/Source/stream_buffer.c **** 
 1366              		.loc 1 444 1 view .LVU371
 446:Middlewares/Third_Party/FreeRTOS/Source/stream_buffer.c **** 
 1367              		.loc 1 446 2 view .LVU372
 1368 0000 0346     		mov	r3, r0
 1369 0002 38B1     		cbz	r0, .L97
 446:Middlewares/Third_Party/FreeRTOS/Source/stream_buffer.c **** 
 1370              		.loc 1 446 32 view .LVU373
 449:Middlewares/Third_Party/FreeRTOS/Source/stream_buffer.c **** 	{
 1371              		.loc 1 449 2 view .LVU374
 449:Middlewares/Third_Party/FreeRTOS/Source/stream_buffer.c **** 	{
 1372              		.loc 1 449 4 is_stmt 0 view .LVU375
 1373 0004 01B9     		cbnz	r1, .L93
 451:Middlewares/Third_Party/FreeRTOS/Source/stream_buffer.c **** 	}
 1374              		.loc 1 451 17 view .LVU376
 1375 0006 0121     		movs	r1, #1
 1376              	.LVL113:
 1377              	.L93:
 456:Middlewares/Third_Party/FreeRTOS/Source/stream_buffer.c **** 	{
 1378              		.loc 1 456 2 is_stmt 1 view .LVU377
 456:Middlewares/Third_Party/FreeRTOS/Source/stream_buffer.c **** 	{
 1379              		.loc 1 456 37 is_stmt 0 view .LVU378
 1380 0008 9A68     		ldr	r2, [r3, #8]
 456:Middlewares/Third_Party/FreeRTOS/Source/stream_buffer.c **** 	{
 1381              		.loc 1 456 4 view .LVU379
 1382 000a 8A42     		cmp	r2, r1
 1383 000c 0BD3     		bcc	.L96
 458:Middlewares/Third_Party/FreeRTOS/Source/stream_buffer.c **** 		xReturn = pdPASS;
 1384              		.loc 1 458 3 is_stmt 1 view .LVU380
 458:Middlewares/Third_Party/FreeRTOS/Source/stream_buffer.c **** 		xReturn = pdPASS;
 1385              		.loc 1 458 38 is_stmt 0 view .LVU381
 1386 000e D960     		str	r1, [r3, #12]
 459:Middlewares/Third_Party/FreeRTOS/Source/stream_buffer.c **** 	}
 1387              		.loc 1 459 3 is_stmt 1 view .LVU382
 1388              	.LVL114:
 459:Middlewares/Third_Party/FreeRTOS/Source/stream_buffer.c **** 	}
 1389              		.loc 1 459 11 is_stmt 0 view .LVU383
 1390 0010 0120     		movs	r0, #1
 1391              	.LVL115:
 459:Middlewares/Third_Party/FreeRTOS/Source/stream_buffer.c **** 	}
 1392              		.loc 1 459 11 view .LVU384
 1393 0012 7047     		bx	lr
 1394              	.LVL116:
 1395              	.L97:
 446:Middlewares/Third_Party/FreeRTOS/Source/stream_buffer.c **** 
 1396              		.loc 1 446 2 is_stmt 1 discriminator 1 view .LVU385
 1397              	.LBB130:
 1398              	.LBI130:
 193:Middlewares/Third_Party/FreeRTOS/Source/portable/GCC/ARM_CM3/portmacro.h **** {
ARM GAS  C:\Users\subdia\AppData\Local\Temp\ccZGXZAV.s 			page 56


 1399              		.loc 2 193 30 view .LVU386
 1400              	.LBB131:
 195:Middlewares/Third_Party/FreeRTOS/Source/portable/GCC/ARM_CM3/portmacro.h **** 
 1401              		.loc 2 195 1 view .LVU387
 1402              		.loc 2 197 2 view .LVU388
 1403              		.syntax unified
 1404              	@ 197 "Middlewares/Third_Party/FreeRTOS/Source/portable/GCC/ARM_CM3/portmacro.h" 1
 1405 0014 4FF05003 			mov r3, #80												
 1406 0018 83F31188 		msr basepri, r3											
 1407 001c BFF36F8F 		isb														
 1408 0020 BFF34F8F 		dsb														
 1409              	
 1410              	@ 0 "" 2
 1411              		.thumb
 1412              		.syntax unified
 1413              	.L92:
 1414              	.LBE131:
 1415              	.LBE130:
 446:Middlewares/Third_Party/FreeRTOS/Source/stream_buffer.c **** 
 1416              		.loc 1 446 2 view .LVU389
 1417 0024 FEE7     		b	.L92
 1418              	.L96:
 463:Middlewares/Third_Party/FreeRTOS/Source/stream_buffer.c **** 	}
 1419              		.loc 1 463 11 is_stmt 0 view .LVU390
 1420 0026 0020     		movs	r0, #0
 1421              	.LVL117:
 466:Middlewares/Third_Party/FreeRTOS/Source/stream_buffer.c **** }
 1422              		.loc 1 466 2 is_stmt 1 view .LVU391
 467:Middlewares/Third_Party/FreeRTOS/Source/stream_buffer.c **** /*-----------------------------------------------------------*/
 1423              		.loc 1 467 1 is_stmt 0 view .LVU392
 1424 0028 7047     		bx	lr
 1425              		.cfi_endproc
 1426              	.LFE9:
 1428              		.section	.text.xStreamBufferSpacesAvailable,"ax",%progbits
 1429              		.align	1
 1430              		.global	xStreamBufferSpacesAvailable
 1431              		.syntax unified
 1432              		.thumb
 1433              		.thumb_func
 1435              	xStreamBufferSpacesAvailable:
 1436              	.LVL118:
 1437              	.LFB10:
 471:Middlewares/Third_Party/FreeRTOS/Source/stream_buffer.c **** const StreamBuffer_t * const pxStreamBuffer = xStreamBuffer;
 1438              		.loc 1 471 1 is_stmt 1 view -0
 1439              		.cfi_startproc
 1440              		@ args = 0, pretend = 0, frame = 0
 1441              		@ frame_needed = 0, uses_anonymous_args = 0
 1442              		@ link register save eliminated.
 472:Middlewares/Third_Party/FreeRTOS/Source/stream_buffer.c **** size_t xSpace;
 1443              		.loc 1 472 1 view .LVU394
 473:Middlewares/Third_Party/FreeRTOS/Source/stream_buffer.c **** 
 1444              		.loc 1 473 1 view .LVU395
 475:Middlewares/Third_Party/FreeRTOS/Source/stream_buffer.c **** 
 1445              		.loc 1 475 2 view .LVU396
 1446 0000 0346     		mov	r3, r0
 1447 0002 48B1     		cbz	r0, .L102
 475:Middlewares/Third_Party/FreeRTOS/Source/stream_buffer.c **** 
ARM GAS  C:\Users\subdia\AppData\Local\Temp\ccZGXZAV.s 			page 57


 1448              		.loc 1 475 32 view .LVU397
 477:Middlewares/Third_Party/FreeRTOS/Source/stream_buffer.c **** 	xSpace -= pxStreamBuffer->xHead;
 1449              		.loc 1 477 2 view .LVU398
 477:Middlewares/Third_Party/FreeRTOS/Source/stream_buffer.c **** 	xSpace -= pxStreamBuffer->xHead;
 1450              		.loc 1 477 25 is_stmt 0 view .LVU399
 1451 0004 8268     		ldr	r2, [r0, #8]
 477:Middlewares/Third_Party/FreeRTOS/Source/stream_buffer.c **** 	xSpace -= pxStreamBuffer->xHead;
 1452              		.loc 1 477 51 view .LVU400
 1453 0006 0068     		ldr	r0, [r0]
 1454              	.LVL119:
 477:Middlewares/Third_Party/FreeRTOS/Source/stream_buffer.c **** 	xSpace -= pxStreamBuffer->xHead;
 1455              		.loc 1 477 9 view .LVU401
 1456 0008 1044     		add	r0, r0, r2
 1457              	.LVL120:
 478:Middlewares/Third_Party/FreeRTOS/Source/stream_buffer.c **** 	xSpace -= ( size_t ) 1;
 1458              		.loc 1 478 2 is_stmt 1 view .LVU402
 478:Middlewares/Third_Party/FreeRTOS/Source/stream_buffer.c **** 	xSpace -= ( size_t ) 1;
 1459              		.loc 1 478 26 is_stmt 0 view .LVU403
 1460 000a 5B68     		ldr	r3, [r3, #4]
 1461              	.LVL121:
 478:Middlewares/Third_Party/FreeRTOS/Source/stream_buffer.c **** 	xSpace -= ( size_t ) 1;
 1462              		.loc 1 478 9 view .LVU404
 1463 000c C01A     		subs	r0, r0, r3
 1464              	.LVL122:
 479:Middlewares/Third_Party/FreeRTOS/Source/stream_buffer.c **** 
 1465              		.loc 1 479 2 is_stmt 1 view .LVU405
 479:Middlewares/Third_Party/FreeRTOS/Source/stream_buffer.c **** 
 1466              		.loc 1 479 9 is_stmt 0 view .LVU406
 1467 000e 0138     		subs	r0, r0, #1
 1468              	.LVL123:
 481:Middlewares/Third_Party/FreeRTOS/Source/stream_buffer.c **** 	{
 1469              		.loc 1 481 2 is_stmt 1 view .LVU407
 481:Middlewares/Third_Party/FreeRTOS/Source/stream_buffer.c **** 	{
 1470              		.loc 1 481 4 is_stmt 0 view .LVU408
 1471 0010 8242     		cmp	r2, r0
 1472 0012 00D8     		bhi	.L98
 483:Middlewares/Third_Party/FreeRTOS/Source/stream_buffer.c **** 	}
 1473              		.loc 1 483 3 is_stmt 1 view .LVU409
 483:Middlewares/Third_Party/FreeRTOS/Source/stream_buffer.c **** 	}
 1474              		.loc 1 483 10 is_stmt 0 view .LVU410
 1475 0014 801A     		subs	r0, r0, r2
 1476              	.LVL124:
 487:Middlewares/Third_Party/FreeRTOS/Source/stream_buffer.c **** 	}
 1477              		.loc 1 487 27 is_stmt 1 view .LVU411
 490:Middlewares/Third_Party/FreeRTOS/Source/stream_buffer.c **** }
 1478              		.loc 1 490 2 view .LVU412
 1479              	.L98:
 491:Middlewares/Third_Party/FreeRTOS/Source/stream_buffer.c **** /*-----------------------------------------------------------*/
 1480              		.loc 1 491 1 is_stmt 0 view .LVU413
 1481 0016 7047     		bx	lr
 1482              	.LVL125:
 1483              	.L102:
 475:Middlewares/Third_Party/FreeRTOS/Source/stream_buffer.c **** 
 1484              		.loc 1 475 2 is_stmt 1 discriminator 1 view .LVU414
 1485              	.LBB132:
 1486              	.LBI132:
 193:Middlewares/Third_Party/FreeRTOS/Source/portable/GCC/ARM_CM3/portmacro.h **** {
ARM GAS  C:\Users\subdia\AppData\Local\Temp\ccZGXZAV.s 			page 58


 1487              		.loc 2 193 30 view .LVU415
 1488              	.LBB133:
 195:Middlewares/Third_Party/FreeRTOS/Source/portable/GCC/ARM_CM3/portmacro.h **** 
 1489              		.loc 2 195 1 view .LVU416
 1490              		.loc 2 197 2 view .LVU417
 1491              		.syntax unified
 1492              	@ 197 "Middlewares/Third_Party/FreeRTOS/Source/portable/GCC/ARM_CM3/portmacro.h" 1
 1493 0018 4FF05003 			mov r3, #80												
 1494 001c 83F31188 		msr basepri, r3											
 1495 0020 BFF36F8F 		isb														
 1496 0024 BFF34F8F 		dsb														
 1497              	
 1498              	@ 0 "" 2
 1499              		.thumb
 1500              		.syntax unified
 1501              	.L100:
 1502              	.LBE133:
 1503              	.LBE132:
 475:Middlewares/Third_Party/FreeRTOS/Source/stream_buffer.c **** 
 1504              		.loc 1 475 2 view .LVU418
 1505 0028 FEE7     		b	.L100
 1506              		.cfi_endproc
 1507              	.LFE10:
 1509              		.section	.text.xStreamBufferBytesAvailable,"ax",%progbits
 1510              		.align	1
 1511              		.global	xStreamBufferBytesAvailable
 1512              		.syntax unified
 1513              		.thumb
 1514              		.thumb_func
 1516              	xStreamBufferBytesAvailable:
 1517              	.LVL126:
 1518              	.LFB11:
 495:Middlewares/Third_Party/FreeRTOS/Source/stream_buffer.c **** const StreamBuffer_t * const pxStreamBuffer = xStreamBuffer;
 1519              		.loc 1 495 1 view -0
 1520              		.cfi_startproc
 1521              		@ args = 0, pretend = 0, frame = 0
 1522              		@ frame_needed = 0, uses_anonymous_args = 0
 495:Middlewares/Third_Party/FreeRTOS/Source/stream_buffer.c **** const StreamBuffer_t * const pxStreamBuffer = xStreamBuffer;
 1523              		.loc 1 495 1 is_stmt 0 view .LVU420
 1524 0000 08B5     		push	{r3, lr}
 1525              	.LCFI25:
 1526              		.cfi_def_cfa_offset 8
 1527              		.cfi_offset 3, -8
 1528              		.cfi_offset 14, -4
 496:Middlewares/Third_Party/FreeRTOS/Source/stream_buffer.c **** size_t xReturn;
 1529              		.loc 1 496 1 is_stmt 1 view .LVU421
 1530              	.LVL127:
 497:Middlewares/Third_Party/FreeRTOS/Source/stream_buffer.c **** 
 1531              		.loc 1 497 1 view .LVU422
 499:Middlewares/Third_Party/FreeRTOS/Source/stream_buffer.c **** 
 1532              		.loc 1 499 2 view .LVU423
 1533 0002 10B1     		cbz	r0, .L107
 499:Middlewares/Third_Party/FreeRTOS/Source/stream_buffer.c **** 
 1534              		.loc 1 499 32 view .LVU424
 501:Middlewares/Third_Party/FreeRTOS/Source/stream_buffer.c **** 	return xReturn;
 1535              		.loc 1 501 2 view .LVU425
 501:Middlewares/Third_Party/FreeRTOS/Source/stream_buffer.c **** 	return xReturn;
ARM GAS  C:\Users\subdia\AppData\Local\Temp\ccZGXZAV.s 			page 59


 1536              		.loc 1 501 12 is_stmt 0 view .LVU426
 1537 0004 FFF7FEFF 		bl	prvBytesInBuffer
 1538              	.LVL128:
 502:Middlewares/Third_Party/FreeRTOS/Source/stream_buffer.c **** }
 1539              		.loc 1 502 2 is_stmt 1 view .LVU427
 503:Middlewares/Third_Party/FreeRTOS/Source/stream_buffer.c **** /*-----------------------------------------------------------*/
 1540              		.loc 1 503 1 is_stmt 0 view .LVU428
 1541 0008 08BD     		pop	{r3, pc}
 1542              	.LVL129:
 1543              	.L107:
 499:Middlewares/Third_Party/FreeRTOS/Source/stream_buffer.c **** 
 1544              		.loc 1 499 2 is_stmt 1 discriminator 1 view .LVU429
 1545              	.LBB134:
 1546              	.LBI134:
 193:Middlewares/Third_Party/FreeRTOS/Source/portable/GCC/ARM_CM3/portmacro.h **** {
 1547              		.loc 2 193 30 view .LVU430
 1548              	.LBB135:
 195:Middlewares/Third_Party/FreeRTOS/Source/portable/GCC/ARM_CM3/portmacro.h **** 
 1549              		.loc 2 195 1 view .LVU431
 1550              		.loc 2 197 2 view .LVU432
 1551              		.syntax unified
 1552              	@ 197 "Middlewares/Third_Party/FreeRTOS/Source/portable/GCC/ARM_CM3/portmacro.h" 1
 1553 000a 4FF05003 			mov r3, #80												
 1554 000e 83F31188 		msr basepri, r3											
 1555 0012 BFF36F8F 		isb														
 1556 0016 BFF34F8F 		dsb														
 1557              	
 1558              	@ 0 "" 2
 1559              		.thumb
 1560              		.syntax unified
 1561              	.L105:
 1562              	.LBE135:
 1563              	.LBE134:
 499:Middlewares/Third_Party/FreeRTOS/Source/stream_buffer.c **** 
 1564              		.loc 1 499 2 view .LVU433
 1565 001a FEE7     		b	.L105
 1566              		.cfi_endproc
 1567              	.LFE11:
 1569              		.section	.text.xStreamBufferSend,"ax",%progbits
 1570              		.align	1
 1571              		.global	xStreamBufferSend
 1572              		.syntax unified
 1573              		.thumb
 1574              		.thumb_func
 1576              	xStreamBufferSend:
 1577              	.LVL130:
 1578              	.LFB12:
 510:Middlewares/Third_Party/FreeRTOS/Source/stream_buffer.c **** StreamBuffer_t * const pxStreamBuffer = xStreamBuffer;
 1579              		.loc 1 510 1 view -0
 1580              		.cfi_startproc
 1581              		@ args = 0, pretend = 0, frame = 16
 1582              		@ frame_needed = 0, uses_anonymous_args = 0
 510:Middlewares/Third_Party/FreeRTOS/Source/stream_buffer.c **** StreamBuffer_t * const pxStreamBuffer = xStreamBuffer;
 1583              		.loc 1 510 1 is_stmt 0 view .LVU435
 1584 0000 2DE9F041 		push	{r4, r5, r6, r7, r8, lr}
 1585              	.LCFI26:
 1586              		.cfi_def_cfa_offset 24
ARM GAS  C:\Users\subdia\AppData\Local\Temp\ccZGXZAV.s 			page 60


 1587              		.cfi_offset 4, -24
 1588              		.cfi_offset 5, -20
 1589              		.cfi_offset 6, -16
 1590              		.cfi_offset 7, -12
 1591              		.cfi_offset 8, -8
 1592              		.cfi_offset 14, -4
 1593 0004 86B0     		sub	sp, sp, #24
 1594              	.LCFI27:
 1595              		.cfi_def_cfa_offset 48
 1596 0006 0393     		str	r3, [sp, #12]
 511:Middlewares/Third_Party/FreeRTOS/Source/stream_buffer.c **** size_t xReturn, xSpace = 0;
 1597              		.loc 1 511 1 is_stmt 1 view .LVU436
 1598              	.LVL131:
 512:Middlewares/Third_Party/FreeRTOS/Source/stream_buffer.c **** size_t xRequiredSpace = xDataLengthBytes;
 1599              		.loc 1 512 1 view .LVU437
 513:Middlewares/Third_Party/FreeRTOS/Source/stream_buffer.c **** TimeOut_t xTimeOut;
 1600              		.loc 1 513 1 view .LVU438
 514:Middlewares/Third_Party/FreeRTOS/Source/stream_buffer.c **** 
 1601              		.loc 1 514 1 view .LVU439
 516:Middlewares/Third_Party/FreeRTOS/Source/stream_buffer.c **** 	configASSERT( pxStreamBuffer );
 1602              		.loc 1 516 2 view .LVU440
 1603 0008 99B1     		cbz	r1, .L126
 1604 000a 0446     		mov	r4, r0
 1605 000c 1746     		mov	r7, r2
 1606 000e 8846     		mov	r8, r1
 516:Middlewares/Third_Party/FreeRTOS/Source/stream_buffer.c **** 	configASSERT( pxStreamBuffer );
 1607              		.loc 1 516 26 view .LVU441
 517:Middlewares/Third_Party/FreeRTOS/Source/stream_buffer.c **** 
 1608              		.loc 1 517 2 view .LVU442
 1609 0010 C0B1     		cbz	r0, .L127
 517:Middlewares/Third_Party/FreeRTOS/Source/stream_buffer.c **** 
 1610              		.loc 1 517 32 view .LVU443
 523:Middlewares/Third_Party/FreeRTOS/Source/stream_buffer.c **** 	{
 1611              		.loc 1 523 2 view .LVU444
 523:Middlewares/Third_Party/FreeRTOS/Source/stream_buffer.c **** 	{
 1612              		.loc 1 523 22 is_stmt 0 view .LVU445
 1613 0012 037F     		ldrb	r3, [r0, #28]	@ zero_extendqisi2
 1614              	.LVL132:
 523:Middlewares/Third_Party/FreeRTOS/Source/stream_buffer.c **** 	{
 1615              		.loc 1 523 4 view .LVU446
 1616 0014 13F0010F 		tst	r3, #1
 1617 0018 1DD0     		beq	.L124
 525:Middlewares/Third_Party/FreeRTOS/Source/stream_buffer.c **** 
 1618              		.loc 1 525 3 is_stmt 1 view .LVU447
 525:Middlewares/Third_Party/FreeRTOS/Source/stream_buffer.c **** 
 1619              		.loc 1 525 18 is_stmt 0 view .LVU448
 1620 001a 161D     		adds	r6, r2, #4
 1621              	.LVL133:
 528:Middlewares/Third_Party/FreeRTOS/Source/stream_buffer.c **** 	}
 1622              		.loc 1 528 3 is_stmt 1 view .LVU449
 1623 001c B242     		cmp	r2, r6
 1624 001e 1BD3     		bcc	.L113
 528:Middlewares/Third_Party/FreeRTOS/Source/stream_buffer.c **** 	}
 1625              		.loc 1 528 3 discriminator 1 view .LVU450
 1626              	.LBB136:
 1627              	.LBI136:
 193:Middlewares/Third_Party/FreeRTOS/Source/portable/GCC/ARM_CM3/portmacro.h **** {
ARM GAS  C:\Users\subdia\AppData\Local\Temp\ccZGXZAV.s 			page 61


 1628              		.loc 2 193 30 view .LVU451
 1629              	.LBB137:
 195:Middlewares/Third_Party/FreeRTOS/Source/portable/GCC/ARM_CM3/portmacro.h **** 
 1630              		.loc 2 195 1 view .LVU452
 1631              		.loc 2 197 2 view .LVU453
 1632              		.syntax unified
 1633              	@ 197 "Middlewares/Third_Party/FreeRTOS/Source/portable/GCC/ARM_CM3/portmacro.h" 1
 1634 0020 4FF05003 			mov r3, #80												
 1635 0024 83F31188 		msr basepri, r3											
 1636 0028 BFF36F8F 		isb														
 1637 002c BFF34F8F 		dsb														
 1638              	
 1639              	@ 0 "" 2
 1640              		.thumb
 1641              		.syntax unified
 1642              	.L114:
 1643              	.LBE137:
 1644              	.LBE136:
 528:Middlewares/Third_Party/FreeRTOS/Source/stream_buffer.c **** 	}
 1645              		.loc 1 528 3 view .LVU454
 1646 0030 FEE7     		b	.L114
 1647              	.LVL134:
 1648              	.L126:
 516:Middlewares/Third_Party/FreeRTOS/Source/stream_buffer.c **** 	configASSERT( pxStreamBuffer );
 1649              		.loc 1 516 2 discriminator 1 view .LVU455
 1650              	.LBB138:
 1651              	.LBI138:
 193:Middlewares/Third_Party/FreeRTOS/Source/portable/GCC/ARM_CM3/portmacro.h **** {
 1652              		.loc 2 193 30 view .LVU456
 1653              	.LBB139:
 195:Middlewares/Third_Party/FreeRTOS/Source/portable/GCC/ARM_CM3/portmacro.h **** 
 1654              		.loc 2 195 1 view .LVU457
 1655              		.loc 2 197 2 view .LVU458
 1656              		.syntax unified
 1657              	@ 197 "Middlewares/Third_Party/FreeRTOS/Source/portable/GCC/ARM_CM3/portmacro.h" 1
 1658 0032 4FF05003 			mov r3, #80												
 1659 0036 83F31188 		msr basepri, r3											
 1660 003a BFF36F8F 		isb														
 1661 003e BFF34F8F 		dsb														
 1662              	
 1663              	@ 0 "" 2
 1664              	.LVL135:
 1665              		.thumb
 1666              		.syntax unified
 1667              	.L110:
 1668              		.loc 2 197 2 is_stmt 0 view .LVU459
 1669              	.LBE139:
 1670              	.LBE138:
 516:Middlewares/Third_Party/FreeRTOS/Source/stream_buffer.c **** 	configASSERT( pxStreamBuffer );
 1671              		.loc 1 516 2 is_stmt 1 view .LVU460
 1672 0042 FEE7     		b	.L110
 1673              	.LVL136:
 1674              	.L127:
 517:Middlewares/Third_Party/FreeRTOS/Source/stream_buffer.c **** 
 1675              		.loc 1 517 2 discriminator 1 view .LVU461
 1676              	.LBB140:
 1677              	.LBI140:
ARM GAS  C:\Users\subdia\AppData\Local\Temp\ccZGXZAV.s 			page 62


 193:Middlewares/Third_Party/FreeRTOS/Source/portable/GCC/ARM_CM3/portmacro.h **** {
 1678              		.loc 2 193 30 view .LVU462
 1679              	.LBB141:
 195:Middlewares/Third_Party/FreeRTOS/Source/portable/GCC/ARM_CM3/portmacro.h **** 
 1680              		.loc 2 195 1 view .LVU463
 1681              		.loc 2 197 2 view .LVU464
 1682              		.syntax unified
 1683              	@ 197 "Middlewares/Third_Party/FreeRTOS/Source/portable/GCC/ARM_CM3/portmacro.h" 1
 1684 0044 4FF05003 			mov r3, #80												
 1685 0048 83F31188 		msr basepri, r3											
 1686 004c BFF36F8F 		isb														
 1687 0050 BFF34F8F 		dsb														
 1688              	
 1689              	@ 0 "" 2
 1690              	.LVL137:
 1691              		.thumb
 1692              		.syntax unified
 1693              	.L112:
 1694              		.loc 2 197 2 is_stmt 0 view .LVU465
 1695              	.LBE141:
 1696              	.LBE140:
 517:Middlewares/Third_Party/FreeRTOS/Source/stream_buffer.c **** 
 1697              		.loc 1 517 2 is_stmt 1 view .LVU466
 1698 0054 FEE7     		b	.L112
 1699              	.L124:
 513:Middlewares/Third_Party/FreeRTOS/Source/stream_buffer.c **** TimeOut_t xTimeOut;
 1700              		.loc 1 513 8 is_stmt 0 view .LVU467
 1701 0056 1646     		mov	r6, r2
 1702              	.LVL138:
 1703              	.L113:
 532:Middlewares/Third_Party/FreeRTOS/Source/stream_buffer.c **** 	}
 1704              		.loc 1 532 27 is_stmt 1 view .LVU468
 535:Middlewares/Third_Party/FreeRTOS/Source/stream_buffer.c **** 	{
 1705              		.loc 1 535 2 view .LVU469
 535:Middlewares/Third_Party/FreeRTOS/Source/stream_buffer.c **** 	{
 1706              		.loc 1 535 19 is_stmt 0 view .LVU470
 1707 0058 039B     		ldr	r3, [sp, #12]
 535:Middlewares/Third_Party/FreeRTOS/Source/stream_buffer.c **** 	{
 1708              		.loc 1 535 4 view .LVU471
 1709 005a 7BB3     		cbz	r3, .L115
 537:Middlewares/Third_Party/FreeRTOS/Source/stream_buffer.c **** 
 1710              		.loc 1 537 3 is_stmt 1 view .LVU472
 1711 005c 04A8     		add	r0, sp, #16
 1712              	.LVL139:
 537:Middlewares/Third_Party/FreeRTOS/Source/stream_buffer.c **** 
 1713              		.loc 1 537 3 is_stmt 0 view .LVU473
 1714 005e FFF7FEFF 		bl	vTaskSetTimeOutState
 1715              	.LVL140:
 1716              	.L119:
 539:Middlewares/Third_Party/FreeRTOS/Source/stream_buffer.c **** 		{
 1717              		.loc 1 539 3 is_stmt 1 view .LVU474
 543:Middlewares/Third_Party/FreeRTOS/Source/stream_buffer.c **** 			{
 1718              		.loc 1 543 4 view .LVU475
 1719 0062 FFF7FEFF 		bl	vPortEnterCritical
 1720              	.LVL141:
 545:Middlewares/Third_Party/FreeRTOS/Source/stream_buffer.c **** 
 1721              		.loc 1 545 5 view .LVU476
ARM GAS  C:\Users\subdia\AppData\Local\Temp\ccZGXZAV.s 			page 63


 545:Middlewares/Third_Party/FreeRTOS/Source/stream_buffer.c **** 
 1722              		.loc 1 545 14 is_stmt 0 view .LVU477
 1723 0066 2046     		mov	r0, r4
 1724 0068 FFF7FEFF 		bl	xStreamBufferSpacesAvailable
 1725              	.LVL142:
 1726 006c 0546     		mov	r5, r0
 1727              	.LVL143:
 547:Middlewares/Third_Party/FreeRTOS/Source/stream_buffer.c **** 				{
 1728              		.loc 1 547 5 is_stmt 1 view .LVU478
 547:Middlewares/Third_Party/FreeRTOS/Source/stream_buffer.c **** 				{
 1729              		.loc 1 547 7 is_stmt 0 view .LVU479
 1730 006e 8642     		cmp	r6, r0
 1731 0070 21D9     		bls	.L116
 550:Middlewares/Third_Party/FreeRTOS/Source/stream_buffer.c **** 
 1732              		.loc 1 550 6 is_stmt 1 view .LVU480
 550:Middlewares/Third_Party/FreeRTOS/Source/stream_buffer.c **** 
 1733              		.loc 1 550 15 is_stmt 0 view .LVU481
 1734 0072 0020     		movs	r0, #0
 1735              	.LVL144:
 550:Middlewares/Third_Party/FreeRTOS/Source/stream_buffer.c **** 
 1736              		.loc 1 550 15 view .LVU482
 1737 0074 FFF7FEFF 		bl	xTaskNotifyStateClear
 1738              	.LVL145:
 553:Middlewares/Third_Party/FreeRTOS/Source/stream_buffer.c **** 					pxStreamBuffer->xTaskWaitingToSend = xTaskGetCurrentTaskHandle();
 1739              		.loc 1 553 6 is_stmt 1 view .LVU483
 1740 0078 6369     		ldr	r3, [r4, #20]
 1741 007a 9BB9     		cbnz	r3, .L128
 553:Middlewares/Third_Party/FreeRTOS/Source/stream_buffer.c **** 					pxStreamBuffer->xTaskWaitingToSend = xTaskGetCurrentTaskHandle();
 1742              		.loc 1 553 64 view .LVU484
 554:Middlewares/Third_Party/FreeRTOS/Source/stream_buffer.c **** 				}
 1743              		.loc 1 554 6 view .LVU485
 554:Middlewares/Third_Party/FreeRTOS/Source/stream_buffer.c **** 				}
 1744              		.loc 1 554 43 is_stmt 0 view .LVU486
 1745 007c FFF7FEFF 		bl	xTaskGetCurrentTaskHandle
 1746              	.LVL146:
 554:Middlewares/Third_Party/FreeRTOS/Source/stream_buffer.c **** 				}
 1747              		.loc 1 554 41 discriminator 1 view .LVU487
 1748 0080 6061     		str	r0, [r4, #20]
 562:Middlewares/Third_Party/FreeRTOS/Source/stream_buffer.c **** 
 1749              		.loc 1 562 4 is_stmt 1 view .LVU488
 1750 0082 FFF7FEFF 		bl	vPortExitCritical
 1751              	.LVL147:
 564:Middlewares/Third_Party/FreeRTOS/Source/stream_buffer.c **** 			( void ) xTaskNotifyWait( ( uint32_t ) 0, ( uint32_t ) 0, NULL, xTicksToWait );
 1752              		.loc 1 564 56 view .LVU489
 565:Middlewares/Third_Party/FreeRTOS/Source/stream_buffer.c **** 			pxStreamBuffer->xTaskWaitingToSend = NULL;
 1753              		.loc 1 565 4 view .LVU490
 565:Middlewares/Third_Party/FreeRTOS/Source/stream_buffer.c **** 			pxStreamBuffer->xTaskWaitingToSend = NULL;
 1754              		.loc 1 565 13 is_stmt 0 view .LVU491
 1755 0086 039B     		ldr	r3, [sp, #12]
 1756 0088 0022     		movs	r2, #0
 1757 008a 1146     		mov	r1, r2
 1758 008c 1046     		mov	r0, r2
 1759 008e FFF7FEFF 		bl	xTaskNotifyWait
 1760              	.LVL148:
 566:Middlewares/Third_Party/FreeRTOS/Source/stream_buffer.c **** 
 1761              		.loc 1 566 4 is_stmt 1 view .LVU492
 566:Middlewares/Third_Party/FreeRTOS/Source/stream_buffer.c **** 
ARM GAS  C:\Users\subdia\AppData\Local\Temp\ccZGXZAV.s 			page 64


 1762              		.loc 1 566 39 is_stmt 0 view .LVU493
 1763 0092 0023     		movs	r3, #0
 1764 0094 6361     		str	r3, [r4, #20]
 568:Middlewares/Third_Party/FreeRTOS/Source/stream_buffer.c **** 	}
 1765              		.loc 1 568 61 is_stmt 1 view .LVU494
 568:Middlewares/Third_Party/FreeRTOS/Source/stream_buffer.c **** 	}
 1766              		.loc 1 568 12 is_stmt 0 view .LVU495
 1767 0096 03A9     		add	r1, sp, #12
 1768 0098 04A8     		add	r0, sp, #16
 1769 009a FFF7FEFF 		bl	xTaskCheckForTimeOut
 1770              	.LVL149:
 568:Middlewares/Third_Party/FreeRTOS/Source/stream_buffer.c **** 	}
 1771              		.loc 1 568 61 discriminator 1 view .LVU496
 1772 009e 0028     		cmp	r0, #0
 1773 00a0 DFD0     		beq	.L119
 1774 00a2 0AE0     		b	.L120
 1775              	.L128:
 553:Middlewares/Third_Party/FreeRTOS/Source/stream_buffer.c **** 					pxStreamBuffer->xTaskWaitingToSend = xTaskGetCurrentTaskHandle();
 1776              		.loc 1 553 6 is_stmt 1 discriminator 1 view .LVU497
 1777              	.LBB142:
 1778              	.LBI142:
 193:Middlewares/Third_Party/FreeRTOS/Source/portable/GCC/ARM_CM3/portmacro.h **** {
 1779              		.loc 2 193 30 view .LVU498
 1780              	.LBB143:
 195:Middlewares/Third_Party/FreeRTOS/Source/portable/GCC/ARM_CM3/portmacro.h **** 
 1781              		.loc 2 195 1 view .LVU499
 1782              		.loc 2 197 2 view .LVU500
 1783              		.syntax unified
 1784              	@ 197 "Middlewares/Third_Party/FreeRTOS/Source/portable/GCC/ARM_CM3/portmacro.h" 1
 1785 00a4 4FF05003 			mov r3, #80												
 1786 00a8 83F31188 		msr basepri, r3											
 1787 00ac BFF36F8F 		isb														
 1788 00b0 BFF34F8F 		dsb														
 1789              	
 1790              	@ 0 "" 2
 1791              		.thumb
 1792              		.syntax unified
 1793              	.L118:
 1794              	.LBE143:
 1795              	.LBE142:
 553:Middlewares/Third_Party/FreeRTOS/Source/stream_buffer.c **** 					pxStreamBuffer->xTaskWaitingToSend = xTaskGetCurrentTaskHandle();
 1796              		.loc 1 553 6 view .LVU501
 1797 00b4 FEE7     		b	.L118
 1798              	.LVL150:
 1799              	.L116:
 558:Middlewares/Third_Party/FreeRTOS/Source/stream_buffer.c **** 					break;
 1800              		.loc 1 558 6 view .LVU502
 1801 00b6 FFF7FEFF 		bl	vPortExitCritical
 1802              	.LVL151:
 559:Middlewares/Third_Party/FreeRTOS/Source/stream_buffer.c **** 				}
 1803              		.loc 1 559 6 view .LVU503
 1804              	.L120:
 572:Middlewares/Third_Party/FreeRTOS/Source/stream_buffer.c **** 	}
 1805              		.loc 1 572 27 view .LVU504
 575:Middlewares/Third_Party/FreeRTOS/Source/stream_buffer.c **** 	{
 1806              		.loc 1 575 2 view .LVU505
 575:Middlewares/Third_Party/FreeRTOS/Source/stream_buffer.c **** 	{
ARM GAS  C:\Users\subdia\AppData\Local\Temp\ccZGXZAV.s 			page 65


 1807              		.loc 1 575 4 is_stmt 0 view .LVU506
 1808 00ba 1DB9     		cbnz	r5, .L121
 1809              	.LVL152:
 1810              	.L115:
 577:Middlewares/Third_Party/FreeRTOS/Source/stream_buffer.c **** 	}
 1811              		.loc 1 577 3 is_stmt 1 view .LVU507
 577:Middlewares/Third_Party/FreeRTOS/Source/stream_buffer.c **** 	}
 1812              		.loc 1 577 12 is_stmt 0 view .LVU508
 1813 00bc 2046     		mov	r0, r4
 1814 00be FFF7FEFF 		bl	xStreamBufferSpacesAvailable
 1815              	.LVL153:
 1816 00c2 0546     		mov	r5, r0
 1817              	.L121:
 1818              	.LVL154:
 581:Middlewares/Third_Party/FreeRTOS/Source/stream_buffer.c **** 	}
 1819              		.loc 1 581 27 is_stmt 1 view .LVU509
 584:Middlewares/Third_Party/FreeRTOS/Source/stream_buffer.c **** 
 1820              		.loc 1 584 2 view .LVU510
 584:Middlewares/Third_Party/FreeRTOS/Source/stream_buffer.c **** 
 1821              		.loc 1 584 12 is_stmt 0 view .LVU511
 1822 00c4 0096     		str	r6, [sp]
 1823 00c6 2B46     		mov	r3, r5
 1824 00c8 3A46     		mov	r2, r7
 1825 00ca 4146     		mov	r1, r8
 1826 00cc 2046     		mov	r0, r4
 1827 00ce FFF7FEFF 		bl	prvWriteMessageToBuffer
 1828              	.LVL155:
 586:Middlewares/Third_Party/FreeRTOS/Source/stream_buffer.c **** 	{
 1829              		.loc 1 586 2 is_stmt 1 view .LVU512
 586:Middlewares/Third_Party/FreeRTOS/Source/stream_buffer.c **** 	{
 1830              		.loc 1 586 4 is_stmt 0 view .LVU513
 1831 00d2 0546     		mov	r5, r0
 1832              	.LVL156:
 586:Middlewares/Third_Party/FreeRTOS/Source/stream_buffer.c **** 	{
 1833              		.loc 1 586 4 view .LVU514
 1834 00d4 18B9     		cbnz	r0, .L129
 1835              	.LVL157:
 1836              	.L108:
 607:Middlewares/Third_Party/FreeRTOS/Source/stream_buffer.c **** /*-----------------------------------------------------------*/
 1837              		.loc 1 607 1 view .LVU515
 1838 00d6 2846     		mov	r0, r5
 1839 00d8 06B0     		add	sp, sp, #24
 1840              	.LCFI28:
 1841              		.cfi_remember_state
 1842              		.cfi_def_cfa_offset 24
 1843              		@ sp needed
 1844 00da BDE8F081 		pop	{r4, r5, r6, r7, r8, pc}
 1845              	.LVL158:
 1846              	.L129:
 1847              	.LCFI29:
 1848              		.cfi_restore_state
 588:Middlewares/Third_Party/FreeRTOS/Source/stream_buffer.c **** 
 1849              		.loc 1 588 52 is_stmt 1 view .LVU516
 591:Middlewares/Third_Party/FreeRTOS/Source/stream_buffer.c **** 		{
 1850              		.loc 1 591 3 view .LVU517
 591:Middlewares/Third_Party/FreeRTOS/Source/stream_buffer.c **** 		{
 1851              		.loc 1 591 7 is_stmt 0 view .LVU518
ARM GAS  C:\Users\subdia\AppData\Local\Temp\ccZGXZAV.s 			page 66


 1852 00de 2046     		mov	r0, r4
 1853              	.LVL159:
 591:Middlewares/Third_Party/FreeRTOS/Source/stream_buffer.c **** 		{
 1854              		.loc 1 591 7 view .LVU519
 1855 00e0 FFF7FEFF 		bl	prvBytesInBuffer
 1856              	.LVL160:
 591:Middlewares/Third_Party/FreeRTOS/Source/stream_buffer.c **** 		{
 1857              		.loc 1 591 59 discriminator 1 view .LVU520
 1858 00e4 E368     		ldr	r3, [r4, #12]
 591:Middlewares/Third_Party/FreeRTOS/Source/stream_buffer.c **** 		{
 1859              		.loc 1 591 5 discriminator 1 view .LVU521
 1860 00e6 9842     		cmp	r0, r3
 1861 00e8 F5D3     		bcc	.L108
 593:Middlewares/Third_Party/FreeRTOS/Source/stream_buffer.c **** 		}
 1862              		.loc 1 593 4 is_stmt 1 view .LVU522
 1863 00ea FFF7FEFF 		bl	vTaskSuspendAll
 1864              	.LVL161:
 593:Middlewares/Third_Party/FreeRTOS/Source/stream_buffer.c **** 		}
 1865              		.loc 1 593 4 discriminator 1 view .LVU523
 1866 00ee 2369     		ldr	r3, [r4, #16]
 1867 00f0 3BB1     		cbz	r3, .L123
 593:Middlewares/Third_Party/FreeRTOS/Source/stream_buffer.c **** 		}
 1868              		.loc 1 593 4 discriminator 2 view .LVU524
 1869 00f2 2069     		ldr	r0, [r4, #16]
 1870 00f4 0023     		movs	r3, #0
 1871 00f6 1A46     		mov	r2, r3
 1872 00f8 1946     		mov	r1, r3
 1873 00fa FFF7FEFF 		bl	xTaskGenericNotify
 1874              	.LVL162:
 593:Middlewares/Third_Party/FreeRTOS/Source/stream_buffer.c **** 		}
 1875              		.loc 1 593 4 discriminator 4 view .LVU525
 1876 00fe 0023     		movs	r3, #0
 1877 0100 2361     		str	r3, [r4, #16]
 1878              	.L123:
 593:Middlewares/Third_Party/FreeRTOS/Source/stream_buffer.c **** 		}
 1879              		.loc 1 593 4 discriminator 5 view .LVU526
 1880 0102 FFF7FEFF 		bl	xTaskResumeAll
 1881              	.LVL163:
 593:Middlewares/Third_Party/FreeRTOS/Source/stream_buffer.c **** 		}
 1882              		.loc 1 593 38 discriminator 6 view .LVU527
 602:Middlewares/Third_Party/FreeRTOS/Source/stream_buffer.c **** 		traceSTREAM_BUFFER_SEND_FAILED( xStreamBuffer );
 1883              		.loc 1 602 27 view .LVU528
 603:Middlewares/Third_Party/FreeRTOS/Source/stream_buffer.c **** 	}
 1884              		.loc 1 603 50 view .LVU529
 606:Middlewares/Third_Party/FreeRTOS/Source/stream_buffer.c **** }
 1885              		.loc 1 606 2 view .LVU530
 606:Middlewares/Third_Party/FreeRTOS/Source/stream_buffer.c **** }
 1886              		.loc 1 606 9 is_stmt 0 view .LVU531
 1887 0106 E6E7     		b	.L108
 1888              		.cfi_endproc
 1889              	.LFE12:
 1891              		.section	.text.xStreamBufferSendFromISR,"ax",%progbits
 1892              		.align	1
 1893              		.global	xStreamBufferSendFromISR
 1894              		.syntax unified
 1895              		.thumb
 1896              		.thumb_func
ARM GAS  C:\Users\subdia\AppData\Local\Temp\ccZGXZAV.s 			page 67


 1898              	xStreamBufferSendFromISR:
 1899              	.LVL164:
 1900              	.LFB13:
 614:Middlewares/Third_Party/FreeRTOS/Source/stream_buffer.c **** StreamBuffer_t * const pxStreamBuffer = xStreamBuffer;
 1901              		.loc 1 614 1 is_stmt 1 view -0
 1902              		.cfi_startproc
 1903              		@ args = 0, pretend = 0, frame = 0
 1904              		@ frame_needed = 0, uses_anonymous_args = 0
 615:Middlewares/Third_Party/FreeRTOS/Source/stream_buffer.c **** size_t xReturn, xSpace;
 1905              		.loc 1 615 1 view .LVU533
 616:Middlewares/Third_Party/FreeRTOS/Source/stream_buffer.c **** size_t xRequiredSpace = xDataLengthBytes;
 1906              		.loc 1 616 1 view .LVU534
 617:Middlewares/Third_Party/FreeRTOS/Source/stream_buffer.c **** 
 1907              		.loc 1 617 1 view .LVU535
 619:Middlewares/Third_Party/FreeRTOS/Source/stream_buffer.c **** 	configASSERT( pxStreamBuffer );
 1908              		.loc 1 619 2 view .LVU536
 1909 0000 F9B1     		cbz	r1, .L141
 614:Middlewares/Third_Party/FreeRTOS/Source/stream_buffer.c **** StreamBuffer_t * const pxStreamBuffer = xStreamBuffer;
 1910              		.loc 1 614 1 is_stmt 0 view .LVU537
 1911 0002 2DE9F041 		push	{r4, r5, r6, r7, r8, lr}
 1912              	.LCFI30:
 1913              		.cfi_def_cfa_offset 24
 1914              		.cfi_offset 4, -24
 1915              		.cfi_offset 5, -20
 1916              		.cfi_offset 6, -16
 1917              		.cfi_offset 7, -12
 1918              		.cfi_offset 8, -8
 1919              		.cfi_offset 14, -4
 1920 0006 82B0     		sub	sp, sp, #8
 1921              	.LCFI31:
 1922              		.cfi_def_cfa_offset 32
 1923 0008 0446     		mov	r4, r0
 1924 000a 1546     		mov	r5, r2
 1925 000c 1F46     		mov	r7, r3
 1926 000e 0E46     		mov	r6, r1
 619:Middlewares/Third_Party/FreeRTOS/Source/stream_buffer.c **** 	configASSERT( pxStreamBuffer );
 1927              		.loc 1 619 26 is_stmt 1 view .LVU538
 620:Middlewares/Third_Party/FreeRTOS/Source/stream_buffer.c **** 
 1928              		.loc 1 620 2 view .LVU539
 1929 0010 00B3     		cbz	r0, .L142
 620:Middlewares/Third_Party/FreeRTOS/Source/stream_buffer.c **** 
 1930              		.loc 1 620 32 view .LVU540
 626:Middlewares/Third_Party/FreeRTOS/Source/stream_buffer.c **** 	{
 1931              		.loc 1 626 2 view .LVU541
 626:Middlewares/Third_Party/FreeRTOS/Source/stream_buffer.c **** 	{
 1932              		.loc 1 626 22 is_stmt 0 view .LVU542
 1933 0012 037F     		ldrb	r3, [r0, #28]	@ zero_extendqisi2
 1934              	.LVL165:
 626:Middlewares/Third_Party/FreeRTOS/Source/stream_buffer.c **** 	{
 1935              		.loc 1 626 4 view .LVU543
 1936 0014 13F0010F 		tst	r3, #1
 1937 0018 25D0     		beq	.L138
 628:Middlewares/Third_Party/FreeRTOS/Source/stream_buffer.c **** 	}
 1938              		.loc 1 628 3 is_stmt 1 view .LVU544
 628:Middlewares/Third_Party/FreeRTOS/Source/stream_buffer.c **** 	}
 1939              		.loc 1 628 18 is_stmt 0 view .LVU545
 1940 001a 1346     		mov	r3, r2
ARM GAS  C:\Users\subdia\AppData\Local\Temp\ccZGXZAV.s 			page 68


 1941 001c 0433     		adds	r3, r3, #4
 1942 001e 9846     		mov	r8, r3
 1943              	.LVL166:
 1944              	.L135:
 632:Middlewares/Third_Party/FreeRTOS/Source/stream_buffer.c **** 	}
 1945              		.loc 1 632 27 is_stmt 1 view .LVU546
 635:Middlewares/Third_Party/FreeRTOS/Source/stream_buffer.c **** 	xReturn = prvWriteMessageToBuffer( pxStreamBuffer, pvTxData, xDataLengthBytes, xSpace, xRequiredSp
 1946              		.loc 1 635 2 view .LVU547
 635:Middlewares/Third_Party/FreeRTOS/Source/stream_buffer.c **** 	xReturn = prvWriteMessageToBuffer( pxStreamBuffer, pvTxData, xDataLengthBytes, xSpace, xRequiredSp
 1947              		.loc 1 635 11 is_stmt 0 view .LVU548
 1948 0020 2046     		mov	r0, r4
 1949              	.LVL167:
 635:Middlewares/Third_Party/FreeRTOS/Source/stream_buffer.c **** 	xReturn = prvWriteMessageToBuffer( pxStreamBuffer, pvTxData, xDataLengthBytes, xSpace, xRequiredSp
 1950              		.loc 1 635 11 view .LVU549
 1951 0022 FFF7FEFF 		bl	xStreamBufferSpacesAvailable
 1952              	.LVL168:
 635:Middlewares/Third_Party/FreeRTOS/Source/stream_buffer.c **** 	xReturn = prvWriteMessageToBuffer( pxStreamBuffer, pvTxData, xDataLengthBytes, xSpace, xRequiredSp
 1953              		.loc 1 635 11 view .LVU550
 1954 0026 0346     		mov	r3, r0
 1955              	.LVL169:
 636:Middlewares/Third_Party/FreeRTOS/Source/stream_buffer.c **** 
 1956              		.loc 1 636 2 is_stmt 1 view .LVU551
 636:Middlewares/Third_Party/FreeRTOS/Source/stream_buffer.c **** 
 1957              		.loc 1 636 12 is_stmt 0 view .LVU552
 1958 0028 CDF80080 		str	r8, [sp]
 1959 002c 2A46     		mov	r2, r5
 1960 002e 3146     		mov	r1, r6
 1961 0030 2046     		mov	r0, r4
 1962              	.LVL170:
 636:Middlewares/Third_Party/FreeRTOS/Source/stream_buffer.c **** 
 1963              		.loc 1 636 12 view .LVU553
 1964 0032 FFF7FEFF 		bl	prvWriteMessageToBuffer
 1965              	.LVL171:
 638:Middlewares/Third_Party/FreeRTOS/Source/stream_buffer.c **** 	{
 1966              		.loc 1 638 2 is_stmt 1 view .LVU554
 638:Middlewares/Third_Party/FreeRTOS/Source/stream_buffer.c **** 	{
 1967              		.loc 1 638 4 is_stmt 0 view .LVU555
 1968 0036 0546     		mov	r5, r0
 1969              	.LVL172:
 638:Middlewares/Third_Party/FreeRTOS/Source/stream_buffer.c **** 	{
 1970              		.loc 1 638 4 view .LVU556
 1971 0038 B8B9     		cbnz	r0, .L143
 1972              	.LVL173:
 1973              	.L130:
 658:Middlewares/Third_Party/FreeRTOS/Source/stream_buffer.c **** /*-----------------------------------------------------------*/
 1974              		.loc 1 658 1 view .LVU557
 1975 003a 2846     		mov	r0, r5
 1976 003c 02B0     		add	sp, sp, #8
 1977              	.LCFI32:
 1978              		.cfi_def_cfa_offset 24
 1979              		@ sp needed
 1980 003e BDE8F081 		pop	{r4, r5, r6, r7, r8, pc}
 1981              	.LVL174:
 1982              	.L141:
 1983              	.LCFI33:
 1984              		.cfi_def_cfa_offset 0
 1985              		.cfi_restore 4
ARM GAS  C:\Users\subdia\AppData\Local\Temp\ccZGXZAV.s 			page 69


 1986              		.cfi_restore 5
 1987              		.cfi_restore 6
 1988              		.cfi_restore 7
 1989              		.cfi_restore 8
 1990              		.cfi_restore 14
 619:Middlewares/Third_Party/FreeRTOS/Source/stream_buffer.c **** 	configASSERT( pxStreamBuffer );
 1991              		.loc 1 619 2 is_stmt 1 discriminator 1 view .LVU558
 1992              	.LBB144:
 1993              	.LBI144:
 193:Middlewares/Third_Party/FreeRTOS/Source/portable/GCC/ARM_CM3/portmacro.h **** {
 1994              		.loc 2 193 30 view .LVU559
 1995              	.LBB145:
 195:Middlewares/Third_Party/FreeRTOS/Source/portable/GCC/ARM_CM3/portmacro.h **** 
 1996              		.loc 2 195 1 view .LVU560
 1997              		.loc 2 197 2 view .LVU561
 1998              		.syntax unified
 1999              	@ 197 "Middlewares/Third_Party/FreeRTOS/Source/portable/GCC/ARM_CM3/portmacro.h" 1
 2000 0042 4FF05003 			mov r3, #80												
 2001 0046 83F31188 		msr basepri, r3											
 2002 004a BFF36F8F 		isb														
 2003 004e BFF34F8F 		dsb														
 2004              	
 2005              	@ 0 "" 2
 2006              	.LVL175:
 2007              		.thumb
 2008              		.syntax unified
 2009              	.L132:
 2010              		.loc 2 197 2 is_stmt 0 view .LVU562
 2011              	.LBE145:
 2012              	.LBE144:
 619:Middlewares/Third_Party/FreeRTOS/Source/stream_buffer.c **** 	configASSERT( pxStreamBuffer );
 2013              		.loc 1 619 2 is_stmt 1 view .LVU563
 2014 0052 FEE7     		b	.L132
 2015              	.LVL176:
 2016              	.L142:
 2017              	.LCFI34:
 2018              		.cfi_def_cfa_offset 32
 2019              		.cfi_offset 4, -24
 2020              		.cfi_offset 5, -20
 2021              		.cfi_offset 6, -16
 2022              		.cfi_offset 7, -12
 2023              		.cfi_offset 8, -8
 2024              		.cfi_offset 14, -4
 620:Middlewares/Third_Party/FreeRTOS/Source/stream_buffer.c **** 
 2025              		.loc 1 620 2 discriminator 1 view .LVU564
 2026              	.LBB146:
 2027              	.LBI146:
 193:Middlewares/Third_Party/FreeRTOS/Source/portable/GCC/ARM_CM3/portmacro.h **** {
 2028              		.loc 2 193 30 view .LVU565
 2029              	.LBB147:
 195:Middlewares/Third_Party/FreeRTOS/Source/portable/GCC/ARM_CM3/portmacro.h **** 
 2030              		.loc 2 195 1 view .LVU566
 2031              		.loc 2 197 2 view .LVU567
 2032              		.syntax unified
 2033              	@ 197 "Middlewares/Third_Party/FreeRTOS/Source/portable/GCC/ARM_CM3/portmacro.h" 1
 2034 0054 4FF05003 			mov r3, #80												
 2035 0058 83F31188 		msr basepri, r3											
ARM GAS  C:\Users\subdia\AppData\Local\Temp\ccZGXZAV.s 			page 70


 2036 005c BFF36F8F 		isb														
 2037 0060 BFF34F8F 		dsb														
 2038              	
 2039              	@ 0 "" 2
 2040              	.LVL177:
 2041              		.thumb
 2042              		.syntax unified
 2043              	.L134:
 2044              		.loc 2 197 2 is_stmt 0 view .LVU568
 2045              	.LBE147:
 2046              	.LBE146:
 620:Middlewares/Third_Party/FreeRTOS/Source/stream_buffer.c **** 
 2047              		.loc 1 620 2 is_stmt 1 view .LVU569
 2048 0064 FEE7     		b	.L134
 2049              	.L138:
 617:Middlewares/Third_Party/FreeRTOS/Source/stream_buffer.c **** 
 2050              		.loc 1 617 8 is_stmt 0 view .LVU570
 2051 0066 9046     		mov	r8, r2
 2052 0068 DAE7     		b	.L135
 2053              	.LVL178:
 2054              	.L143:
 641:Middlewares/Third_Party/FreeRTOS/Source/stream_buffer.c **** 		{
 2055              		.loc 1 641 3 is_stmt 1 view .LVU571
 641:Middlewares/Third_Party/FreeRTOS/Source/stream_buffer.c **** 		{
 2056              		.loc 1 641 7 is_stmt 0 view .LVU572
 2057 006a 2046     		mov	r0, r4
 2058              	.LVL179:
 641:Middlewares/Third_Party/FreeRTOS/Source/stream_buffer.c **** 		{
 2059              		.loc 1 641 7 view .LVU573
 2060 006c FFF7FEFF 		bl	prvBytesInBuffer
 2061              	.LVL180:
 641:Middlewares/Third_Party/FreeRTOS/Source/stream_buffer.c **** 		{
 2062              		.loc 1 641 59 discriminator 1 view .LVU574
 2063 0070 E368     		ldr	r3, [r4, #12]
 641:Middlewares/Third_Party/FreeRTOS/Source/stream_buffer.c **** 		{
 2064              		.loc 1 641 5 discriminator 1 view .LVU575
 2065 0072 9842     		cmp	r0, r3
 2066 0074 E1D3     		bcc	.L130
 2067              	.LBB148:
 643:Middlewares/Third_Party/FreeRTOS/Source/stream_buffer.c **** 		}
 2068              		.loc 1 643 4 is_stmt 1 view .LVU576
 643:Middlewares/Third_Party/FreeRTOS/Source/stream_buffer.c **** 		}
 2069              		.loc 1 643 4 view .LVU577
 2070              	.LBB149:
 2071              	.LBI149:
 198:Middlewares/Third_Party/FreeRTOS/Source/portable/GCC/ARM_CM3/portmacro.h **** 	(
 199:Middlewares/Third_Party/FreeRTOS/Source/portable/GCC/ARM_CM3/portmacro.h **** 		"	mov %0, %1												\n" \
 200:Middlewares/Third_Party/FreeRTOS/Source/portable/GCC/ARM_CM3/portmacro.h **** 		"	msr basepri, %0											\n" \
 201:Middlewares/Third_Party/FreeRTOS/Source/portable/GCC/ARM_CM3/portmacro.h **** 		"	isb														\n" \
 202:Middlewares/Third_Party/FreeRTOS/Source/portable/GCC/ARM_CM3/portmacro.h **** 		"	dsb														\n" \
 203:Middlewares/Third_Party/FreeRTOS/Source/portable/GCC/ARM_CM3/portmacro.h **** 		:"=r" (ulNewBASEPRI) : "i" ( configMAX_SYSCALL_INTERRUPT_PRIORITY ) : "memory"
 204:Middlewares/Third_Party/FreeRTOS/Source/portable/GCC/ARM_CM3/portmacro.h **** 	);
 205:Middlewares/Third_Party/FreeRTOS/Source/portable/GCC/ARM_CM3/portmacro.h **** }
 206:Middlewares/Third_Party/FreeRTOS/Source/portable/GCC/ARM_CM3/portmacro.h **** 
 207:Middlewares/Third_Party/FreeRTOS/Source/portable/GCC/ARM_CM3/portmacro.h **** /*-----------------------------------------------------------*/
 208:Middlewares/Third_Party/FreeRTOS/Source/portable/GCC/ARM_CM3/portmacro.h **** 
 209:Middlewares/Third_Party/FreeRTOS/Source/portable/GCC/ARM_CM3/portmacro.h **** portFORCE_INLINE static uint32_t ulPortRaiseBASEPRI( void )
ARM GAS  C:\Users\subdia\AppData\Local\Temp\ccZGXZAV.s 			page 71


 2072              		.loc 2 209 34 view .LVU578
 2073              	.LBB150:
 210:Middlewares/Third_Party/FreeRTOS/Source/portable/GCC/ARM_CM3/portmacro.h **** {
 211:Middlewares/Third_Party/FreeRTOS/Source/portable/GCC/ARM_CM3/portmacro.h **** uint32_t ulOriginalBASEPRI, ulNewBASEPRI;
 2074              		.loc 2 211 1 view .LVU579
 212:Middlewares/Third_Party/FreeRTOS/Source/portable/GCC/ARM_CM3/portmacro.h **** 
 213:Middlewares/Third_Party/FreeRTOS/Source/portable/GCC/ARM_CM3/portmacro.h **** 	__asm volatile
 2075              		.loc 2 213 2 view .LVU580
 2076              		.syntax unified
 2077              	@ 213 "Middlewares/Third_Party/FreeRTOS/Source/portable/GCC/ARM_CM3/portmacro.h" 1
 2078 0076 EFF31183 			mrs r3, basepri											
 2079 007a 4FF05002 		mov r2, #80												
 2080 007e 82F31188 		msr basepri, r2											
 2081 0082 BFF36F8F 		isb														
 2082 0086 BFF34F8F 		dsb														
 2083              	
 2084              	@ 0 "" 2
 2085              		.thumb
 2086              		.syntax unified
 2087 008a 1E46     		mov	r6, r3
 2088              	.LVL181:
 214:Middlewares/Third_Party/FreeRTOS/Source/portable/GCC/ARM_CM3/portmacro.h **** 	(
 215:Middlewares/Third_Party/FreeRTOS/Source/portable/GCC/ARM_CM3/portmacro.h **** 		"	mrs %0, basepri											\n" \
 216:Middlewares/Third_Party/FreeRTOS/Source/portable/GCC/ARM_CM3/portmacro.h **** 		"	mov %1, %2												\n" \
 217:Middlewares/Third_Party/FreeRTOS/Source/portable/GCC/ARM_CM3/portmacro.h **** 		"	msr basepri, %1											\n" \
 218:Middlewares/Third_Party/FreeRTOS/Source/portable/GCC/ARM_CM3/portmacro.h **** 		"	isb														\n" \
 219:Middlewares/Third_Party/FreeRTOS/Source/portable/GCC/ARM_CM3/portmacro.h **** 		"	dsb														\n" \
 220:Middlewares/Third_Party/FreeRTOS/Source/portable/GCC/ARM_CM3/portmacro.h **** 		:"=r" (ulOriginalBASEPRI), "=r" (ulNewBASEPRI) : "i" ( configMAX_SYSCALL_INTERRUPT_PRIORITY ) : "
 221:Middlewares/Third_Party/FreeRTOS/Source/portable/GCC/ARM_CM3/portmacro.h **** 	);
 222:Middlewares/Third_Party/FreeRTOS/Source/portable/GCC/ARM_CM3/portmacro.h **** 
 223:Middlewares/Third_Party/FreeRTOS/Source/portable/GCC/ARM_CM3/portmacro.h **** 	/* This return will not be reached but is necessary to prevent compiler
 224:Middlewares/Third_Party/FreeRTOS/Source/portable/GCC/ARM_CM3/portmacro.h **** 	warnings. */
 225:Middlewares/Third_Party/FreeRTOS/Source/portable/GCC/ARM_CM3/portmacro.h **** 	return ulOriginalBASEPRI;
 2089              		.loc 2 225 2 view .LVU581
 2090              		.loc 2 225 2 is_stmt 0 view .LVU582
 2091              	.LBE150:
 2092              	.LBE149:
 643:Middlewares/Third_Party/FreeRTOS/Source/stream_buffer.c **** 		}
 2093              		.loc 1 643 4 is_stmt 1 discriminator 1 view .LVU583
 2094 008c 2369     		ldr	r3, [r4, #16]
 2095              	.LVL182:
 643:Middlewares/Third_Party/FreeRTOS/Source/stream_buffer.c **** 		}
 2096              		.loc 1 643 4 is_stmt 0 discriminator 1 view .LVU584
 2097 008e 43B1     		cbz	r3, .L137
 643:Middlewares/Third_Party/FreeRTOS/Source/stream_buffer.c **** 		}
 2098              		.loc 1 643 4 is_stmt 1 discriminator 2 view .LVU585
 2099 0090 2069     		ldr	r0, [r4, #16]
 2100 0092 0097     		str	r7, [sp]
 2101 0094 0023     		movs	r3, #0
 2102 0096 1A46     		mov	r2, r3
 2103 0098 1946     		mov	r1, r3
 2104 009a FFF7FEFF 		bl	xTaskGenericNotifyFromISR
 2105              	.LVL183:
 643:Middlewares/Third_Party/FreeRTOS/Source/stream_buffer.c **** 		}
 2106              		.loc 1 643 4 discriminator 4 view .LVU586
 2107 009e 0023     		movs	r3, #0
 2108 00a0 2361     		str	r3, [r4, #16]
ARM GAS  C:\Users\subdia\AppData\Local\Temp\ccZGXZAV.s 			page 72


 2109              	.L137:
 643:Middlewares/Third_Party/FreeRTOS/Source/stream_buffer.c **** 		}
 2110              		.loc 1 643 4 discriminator 5 view .LVU587
 2111              	.LBB151:
 2112              	.LBI151:
 226:Middlewares/Third_Party/FreeRTOS/Source/portable/GCC/ARM_CM3/portmacro.h **** }
 227:Middlewares/Third_Party/FreeRTOS/Source/portable/GCC/ARM_CM3/portmacro.h **** /*-----------------------------------------------------------*/
 228:Middlewares/Third_Party/FreeRTOS/Source/portable/GCC/ARM_CM3/portmacro.h **** 
 229:Middlewares/Third_Party/FreeRTOS/Source/portable/GCC/ARM_CM3/portmacro.h **** portFORCE_INLINE static void vPortSetBASEPRI( uint32_t ulNewMaskValue )
 2113              		.loc 2 229 30 view .LVU588
 2114              	.LBB152:
 230:Middlewares/Third_Party/FreeRTOS/Source/portable/GCC/ARM_CM3/portmacro.h **** {
 231:Middlewares/Third_Party/FreeRTOS/Source/portable/GCC/ARM_CM3/portmacro.h **** 	__asm volatile
 2115              		.loc 2 231 2 view .LVU589
 2116              		.syntax unified
 2117              	@ 231 "Middlewares/Third_Party/FreeRTOS/Source/portable/GCC/ARM_CM3/portmacro.h" 1
 2118 00a2 86F31188 			msr basepri, r6	
 2119              	@ 0 "" 2
 2120              		.thumb
 2121              		.syntax unified
 2122              	.LBE152:
 2123              	.LBE151:
 2124              	.LBE148:
 643:Middlewares/Third_Party/FreeRTOS/Source/stream_buffer.c **** 		}
 2125              		.loc 1 643 73 discriminator 6 view .LVU590
 652:Middlewares/Third_Party/FreeRTOS/Source/stream_buffer.c **** 	}
 2126              		.loc 1 652 27 view .LVU591
 655:Middlewares/Third_Party/FreeRTOS/Source/stream_buffer.c **** 
 2127              		.loc 1 655 60 view .LVU592
 657:Middlewares/Third_Party/FreeRTOS/Source/stream_buffer.c **** }
 2128              		.loc 1 657 2 view .LVU593
 657:Middlewares/Third_Party/FreeRTOS/Source/stream_buffer.c **** }
 2129              		.loc 1 657 9 is_stmt 0 view .LVU594
 2130 00a6 C8E7     		b	.L130
 2131              		.cfi_endproc
 2132              	.LFE13:
 2134              		.section	.text.xStreamBufferReceive,"ax",%progbits
 2135              		.align	1
 2136              		.global	xStreamBufferReceive
 2137              		.syntax unified
 2138              		.thumb
 2139              		.thumb_func
 2141              	xStreamBufferReceive:
 2142              	.LVL184:
 2143              	.LFB15:
 717:Middlewares/Third_Party/FreeRTOS/Source/stream_buffer.c **** StreamBuffer_t * const pxStreamBuffer = xStreamBuffer;
 2144              		.loc 1 717 1 is_stmt 1 view -0
 2145              		.cfi_startproc
 2146              		@ args = 0, pretend = 0, frame = 0
 2147              		@ frame_needed = 0, uses_anonymous_args = 0
 718:Middlewares/Third_Party/FreeRTOS/Source/stream_buffer.c **** size_t xReceivedLength = 0, xBytesAvailable, xBytesToStoreMessageLength;
 2148              		.loc 1 718 1 view .LVU596
 719:Middlewares/Third_Party/FreeRTOS/Source/stream_buffer.c **** 
 2149              		.loc 1 719 1 view .LVU597
 721:Middlewares/Third_Party/FreeRTOS/Source/stream_buffer.c **** 	configASSERT( pxStreamBuffer );
 2150              		.loc 1 721 2 view .LVU598
 2151 0000 29B3     		cbz	r1, .L161
ARM GAS  C:\Users\subdia\AppData\Local\Temp\ccZGXZAV.s 			page 73


 717:Middlewares/Third_Party/FreeRTOS/Source/stream_buffer.c **** StreamBuffer_t * const pxStreamBuffer = xStreamBuffer;
 2152              		.loc 1 717 1 is_stmt 0 view .LVU599
 2153 0002 2DE9F043 		push	{r4, r5, r6, r7, r8, r9, lr}
 2154              	.LCFI35:
 2155              		.cfi_def_cfa_offset 28
 2156              		.cfi_offset 4, -28
 2157              		.cfi_offset 5, -24
 2158              		.cfi_offset 6, -20
 2159              		.cfi_offset 7, -16
 2160              		.cfi_offset 8, -12
 2161              		.cfi_offset 9, -8
 2162              		.cfi_offset 14, -4
 2163 0006 83B0     		sub	sp, sp, #12
 2164              	.LCFI36:
 2165              		.cfi_def_cfa_offset 40
 2166 0008 0446     		mov	r4, r0
 2167 000a 9146     		mov	r9, r2
 2168 000c 1D46     		mov	r5, r3
 2169 000e 8846     		mov	r8, r1
 721:Middlewares/Third_Party/FreeRTOS/Source/stream_buffer.c **** 	configASSERT( pxStreamBuffer );
 2170              		.loc 1 721 26 is_stmt 1 view .LVU600
 722:Middlewares/Third_Party/FreeRTOS/Source/stream_buffer.c **** 
 2171              		.loc 1 722 2 view .LVU601
 2172 0010 30B3     		cbz	r0, .L162
 722:Middlewares/Third_Party/FreeRTOS/Source/stream_buffer.c **** 
 2173              		.loc 1 722 32 view .LVU602
 729:Middlewares/Third_Party/FreeRTOS/Source/stream_buffer.c **** 	{
 2174              		.loc 1 729 2 view .LVU603
 729:Middlewares/Third_Party/FreeRTOS/Source/stream_buffer.c **** 	{
 2175              		.loc 1 729 22 is_stmt 0 view .LVU604
 2176 0012 037F     		ldrb	r3, [r0, #28]	@ zero_extendqisi2
 2177              	.LVL185:
 729:Middlewares/Third_Party/FreeRTOS/Source/stream_buffer.c **** 	{
 2178              		.loc 1 729 4 view .LVU605
 2179 0014 13F0010F 		tst	r3, #1
 2180 0018 2BD0     		beq	.L157
 731:Middlewares/Third_Party/FreeRTOS/Source/stream_buffer.c **** 	}
 2181              		.loc 1 731 30 view .LVU606
 2182 001a 0423     		movs	r3, #4
 2183 001c 1E46     		mov	r6, r3
 2184              	.L149:
 2185              	.LVL186:
 738:Middlewares/Third_Party/FreeRTOS/Source/stream_buffer.c **** 	{
 2186              		.loc 1 738 2 is_stmt 1 view .LVU607
 738:Middlewares/Third_Party/FreeRTOS/Source/stream_buffer.c **** 	{
 2187              		.loc 1 738 4 is_stmt 0 view .LVU608
 2188 001e 002D     		cmp	r5, #0
 2189 0020 3ED0     		beq	.L150
 742:Middlewares/Third_Party/FreeRTOS/Source/stream_buffer.c **** 		{
 2190              		.loc 1 742 3 is_stmt 1 view .LVU609
 2191 0022 FFF7FEFF 		bl	vPortEnterCritical
 2192              	.LVL187:
 744:Middlewares/Third_Party/FreeRTOS/Source/stream_buffer.c **** 
 2193              		.loc 1 744 4 view .LVU610
 744:Middlewares/Third_Party/FreeRTOS/Source/stream_buffer.c **** 
 2194              		.loc 1 744 22 is_stmt 0 view .LVU611
 2195 0026 2046     		mov	r0, r4
ARM GAS  C:\Users\subdia\AppData\Local\Temp\ccZGXZAV.s 			page 74


 2196 0028 FFF7FEFF 		bl	prvBytesInBuffer
 2197              	.LVL188:
 2198 002c 0746     		mov	r7, r0
 2199              	.LVL189:
 751:Middlewares/Third_Party/FreeRTOS/Source/stream_buffer.c **** 			{
 2200              		.loc 1 751 4 is_stmt 1 view .LVU612
 751:Middlewares/Third_Party/FreeRTOS/Source/stream_buffer.c **** 			{
 2201              		.loc 1 751 6 is_stmt 0 view .LVU613
 2202 002e 8642     		cmp	r6, r0
 2203 0030 25D3     		bcc	.L151
 754:Middlewares/Third_Party/FreeRTOS/Source/stream_buffer.c **** 
 2204              		.loc 1 754 5 is_stmt 1 view .LVU614
 754:Middlewares/Third_Party/FreeRTOS/Source/stream_buffer.c **** 
 2205              		.loc 1 754 14 is_stmt 0 view .LVU615
 2206 0032 0020     		movs	r0, #0
 2207              	.LVL190:
 754:Middlewares/Third_Party/FreeRTOS/Source/stream_buffer.c **** 
 2208              		.loc 1 754 14 view .LVU616
 2209 0034 FFF7FEFF 		bl	xTaskNotifyStateClear
 2210              	.LVL191:
 757:Middlewares/Third_Party/FreeRTOS/Source/stream_buffer.c **** 				pxStreamBuffer->xTaskWaitingToReceive = xTaskGetCurrentTaskHandle();
 2211              		.loc 1 757 5 is_stmt 1 view .LVU617
 2212 0038 2369     		ldr	r3, [r4, #16]
 2213 003a EBB1     		cbz	r3, .L152
 757:Middlewares/Third_Party/FreeRTOS/Source/stream_buffer.c **** 				pxStreamBuffer->xTaskWaitingToReceive = xTaskGetCurrentTaskHandle();
 2214              		.loc 1 757 5 discriminator 1 view .LVU618
 2215              	.LBB153:
 2216              	.LBI153:
 193:Middlewares/Third_Party/FreeRTOS/Source/portable/GCC/ARM_CM3/portmacro.h **** {
 2217              		.loc 2 193 30 view .LVU619
 2218              	.LBB154:
 195:Middlewares/Third_Party/FreeRTOS/Source/portable/GCC/ARM_CM3/portmacro.h **** 
 2219              		.loc 2 195 1 view .LVU620
 197:Middlewares/Third_Party/FreeRTOS/Source/portable/GCC/ARM_CM3/portmacro.h **** 	(
 2220              		.loc 2 197 2 view .LVU621
 2221              		.syntax unified
 2222              	@ 197 "Middlewares/Third_Party/FreeRTOS/Source/portable/GCC/ARM_CM3/portmacro.h" 1
 2223 003c 4FF05003 			mov r3, #80												
 2224 0040 83F31188 		msr basepri, r3											
 2225 0044 BFF36F8F 		isb														
 2226 0048 BFF34F8F 		dsb														
 2227              	
 2228              	@ 0 "" 2
 2229              		.thumb
 2230              		.syntax unified
 2231              	.L153:
 2232              	.LBE154:
 2233              	.LBE153:
 757:Middlewares/Third_Party/FreeRTOS/Source/stream_buffer.c **** 				pxStreamBuffer->xTaskWaitingToReceive = xTaskGetCurrentTaskHandle();
 2234              		.loc 1 757 5 view .LVU622
 2235 004c FEE7     		b	.L153
 2236              	.LVL192:
 2237              	.L161:
 2238              	.LCFI37:
 2239              		.cfi_def_cfa_offset 0
 2240              		.cfi_restore 4
 2241              		.cfi_restore 5
ARM GAS  C:\Users\subdia\AppData\Local\Temp\ccZGXZAV.s 			page 75


 2242              		.cfi_restore 6
 2243              		.cfi_restore 7
 2244              		.cfi_restore 8
 2245              		.cfi_restore 9
 2246              		.cfi_restore 14
 721:Middlewares/Third_Party/FreeRTOS/Source/stream_buffer.c **** 	configASSERT( pxStreamBuffer );
 2247              		.loc 1 721 2 discriminator 1 view .LVU623
 2248              	.LBB155:
 2249              	.LBI155:
 193:Middlewares/Third_Party/FreeRTOS/Source/portable/GCC/ARM_CM3/portmacro.h **** {
 2250              		.loc 2 193 30 view .LVU624
 2251              	.LBB156:
 195:Middlewares/Third_Party/FreeRTOS/Source/portable/GCC/ARM_CM3/portmacro.h **** 
 2252              		.loc 2 195 1 view .LVU625
 197:Middlewares/Third_Party/FreeRTOS/Source/portable/GCC/ARM_CM3/portmacro.h **** 	(
 2253              		.loc 2 197 2 view .LVU626
 2254              		.syntax unified
 2255              	@ 197 "Middlewares/Third_Party/FreeRTOS/Source/portable/GCC/ARM_CM3/portmacro.h" 1
 2256 004e 4FF05003 			mov r3, #80												
 2257 0052 83F31188 		msr basepri, r3											
 2258 0056 BFF36F8F 		isb														
 2259 005a BFF34F8F 		dsb														
 2260              	
 2261              	@ 0 "" 2
 2262              	.LVL193:
 2263              		.thumb
 2264              		.syntax unified
 2265              	.L146:
 197:Middlewares/Third_Party/FreeRTOS/Source/portable/GCC/ARM_CM3/portmacro.h **** 	(
 2266              		.loc 2 197 2 is_stmt 0 view .LVU627
 2267              	.LBE156:
 2268              	.LBE155:
 721:Middlewares/Third_Party/FreeRTOS/Source/stream_buffer.c **** 	configASSERT( pxStreamBuffer );
 2269              		.loc 1 721 2 is_stmt 1 view .LVU628
 2270 005e FEE7     		b	.L146
 2271              	.LVL194:
 2272              	.L162:
 2273              	.LCFI38:
 2274              		.cfi_def_cfa_offset 40
 2275              		.cfi_offset 4, -28
 2276              		.cfi_offset 5, -24
 2277              		.cfi_offset 6, -20
 2278              		.cfi_offset 7, -16
 2279              		.cfi_offset 8, -12
 2280              		.cfi_offset 9, -8
 2281              		.cfi_offset 14, -4
 722:Middlewares/Third_Party/FreeRTOS/Source/stream_buffer.c **** 
 2282              		.loc 1 722 2 discriminator 1 view .LVU629
 2283              	.LBB157:
 2284              	.LBI157:
 193:Middlewares/Third_Party/FreeRTOS/Source/portable/GCC/ARM_CM3/portmacro.h **** {
 2285              		.loc 2 193 30 view .LVU630
 2286              	.LBB158:
 195:Middlewares/Third_Party/FreeRTOS/Source/portable/GCC/ARM_CM3/portmacro.h **** 
 2287              		.loc 2 195 1 view .LVU631
 197:Middlewares/Third_Party/FreeRTOS/Source/portable/GCC/ARM_CM3/portmacro.h **** 	(
 2288              		.loc 2 197 2 view .LVU632
ARM GAS  C:\Users\subdia\AppData\Local\Temp\ccZGXZAV.s 			page 76


 2289              		.syntax unified
 2290              	@ 197 "Middlewares/Third_Party/FreeRTOS/Source/portable/GCC/ARM_CM3/portmacro.h" 1
 2291 0060 4FF05003 			mov r3, #80												
 2292 0064 83F31188 		msr basepri, r3											
 2293 0068 BFF36F8F 		isb														
 2294 006c BFF34F8F 		dsb														
 2295              	
 2296              	@ 0 "" 2
 2297              	.LVL195:
 2298              		.thumb
 2299              		.syntax unified
 2300              	.L148:
 197:Middlewares/Third_Party/FreeRTOS/Source/portable/GCC/ARM_CM3/portmacro.h **** 	(
 2301              		.loc 2 197 2 is_stmt 0 view .LVU633
 2302              	.LBE158:
 2303              	.LBE157:
 722:Middlewares/Third_Party/FreeRTOS/Source/stream_buffer.c **** 
 2304              		.loc 1 722 2 is_stmt 1 view .LVU634
 2305 0070 FEE7     		b	.L148
 2306              	.L157:
 735:Middlewares/Third_Party/FreeRTOS/Source/stream_buffer.c **** 	}
 2307              		.loc 1 735 30 is_stmt 0 view .LVU635
 2308 0072 0023     		movs	r3, #0
 2309 0074 1E46     		mov	r6, r3
 2310 0076 D2E7     		b	.L149
 2311              	.LVL196:
 2312              	.L152:
 757:Middlewares/Third_Party/FreeRTOS/Source/stream_buffer.c **** 				pxStreamBuffer->xTaskWaitingToReceive = xTaskGetCurrentTaskHandle();
 2313              		.loc 1 757 66 is_stmt 1 view .LVU636
 758:Middlewares/Third_Party/FreeRTOS/Source/stream_buffer.c **** 			}
 2314              		.loc 1 758 5 view .LVU637
 758:Middlewares/Third_Party/FreeRTOS/Source/stream_buffer.c **** 			}
 2315              		.loc 1 758 45 is_stmt 0 view .LVU638
 2316 0078 FFF7FEFF 		bl	xTaskGetCurrentTaskHandle
 2317              	.LVL197:
 758:Middlewares/Third_Party/FreeRTOS/Source/stream_buffer.c **** 			}
 2318              		.loc 1 758 43 discriminator 1 view .LVU639
 2319 007c 2061     		str	r0, [r4, #16]
 2320              	.L151:
 762:Middlewares/Third_Party/FreeRTOS/Source/stream_buffer.c **** 			}
 2321              		.loc 1 762 29 is_stmt 1 view .LVU640
 765:Middlewares/Third_Party/FreeRTOS/Source/stream_buffer.c **** 
 2322              		.loc 1 765 3 view .LVU641
 2323 007e FFF7FEFF 		bl	vPortExitCritical
 2324              	.LVL198:
 767:Middlewares/Third_Party/FreeRTOS/Source/stream_buffer.c **** 		{
 2325              		.loc 1 767 3 view .LVU642
 767:Middlewares/Third_Party/FreeRTOS/Source/stream_buffer.c **** 		{
 2326              		.loc 1 767 5 is_stmt 0 view .LVU643
 2327 0082 BE42     		cmp	r6, r7
 2328 0084 10D3     		bcc	.L154
 770:Middlewares/Third_Party/FreeRTOS/Source/stream_buffer.c **** 			( void ) xTaskNotifyWait( ( uint32_t ) 0, ( uint32_t ) 0, NULL, xTicksToWait );
 2329              		.loc 1 770 59 is_stmt 1 view .LVU644
 771:Middlewares/Third_Party/FreeRTOS/Source/stream_buffer.c **** 			pxStreamBuffer->xTaskWaitingToReceive = NULL;
 2330              		.loc 1 771 4 view .LVU645
 771:Middlewares/Third_Party/FreeRTOS/Source/stream_buffer.c **** 			pxStreamBuffer->xTaskWaitingToReceive = NULL;
 2331              		.loc 1 771 13 is_stmt 0 view .LVU646
ARM GAS  C:\Users\subdia\AppData\Local\Temp\ccZGXZAV.s 			page 77


 2332 0086 2B46     		mov	r3, r5
 2333 0088 0022     		movs	r2, #0
 2334 008a 1146     		mov	r1, r2
 2335 008c 1046     		mov	r0, r2
 2336 008e FFF7FEFF 		bl	xTaskNotifyWait
 2337              	.LVL199:
 772:Middlewares/Third_Party/FreeRTOS/Source/stream_buffer.c **** 
 2338              		.loc 1 772 4 is_stmt 1 view .LVU647
 772:Middlewares/Third_Party/FreeRTOS/Source/stream_buffer.c **** 
 2339              		.loc 1 772 42 is_stmt 0 view .LVU648
 2340 0092 0023     		movs	r3, #0
 2341 0094 2361     		str	r3, [r4, #16]
 775:Middlewares/Third_Party/FreeRTOS/Source/stream_buffer.c **** 		}
 2342              		.loc 1 775 4 is_stmt 1 view .LVU649
 775:Middlewares/Third_Party/FreeRTOS/Source/stream_buffer.c **** 		}
 2343              		.loc 1 775 22 is_stmt 0 view .LVU650
 2344 0096 2046     		mov	r0, r4
 2345 0098 FFF7FEFF 		bl	prvBytesInBuffer
 2346              	.LVL200:
 2347 009c 0746     		mov	r7, r0
 2348              	.LVL201:
 775:Middlewares/Third_Party/FreeRTOS/Source/stream_buffer.c **** 		}
 2349              		.loc 1 775 22 view .LVU651
 2350 009e 03E0     		b	.L154
 2351              	.LVL202:
 2352              	.L150:
 784:Middlewares/Third_Party/FreeRTOS/Source/stream_buffer.c **** 	}
 2353              		.loc 1 784 3 is_stmt 1 view .LVU652
 784:Middlewares/Third_Party/FreeRTOS/Source/stream_buffer.c **** 	}
 2354              		.loc 1 784 21 is_stmt 0 view .LVU653
 2355 00a0 2046     		mov	r0, r4
 2356              	.LVL203:
 784:Middlewares/Third_Party/FreeRTOS/Source/stream_buffer.c **** 	}
 2357              		.loc 1 784 21 view .LVU654
 2358 00a2 FFF7FEFF 		bl	prvBytesInBuffer
 2359              	.LVL204:
 784:Middlewares/Third_Party/FreeRTOS/Source/stream_buffer.c **** 	}
 2360              		.loc 1 784 21 view .LVU655
 2361 00a6 0746     		mov	r7, r0
 2362              	.L154:
 2363              	.LVL205:
 792:Middlewares/Third_Party/FreeRTOS/Source/stream_buffer.c **** 	{
 2364              		.loc 1 792 2 is_stmt 1 view .LVU656
 792:Middlewares/Third_Party/FreeRTOS/Source/stream_buffer.c **** 	{
 2365              		.loc 1 792 4 is_stmt 0 view .LVU657
 2366 00a8 B742     		cmp	r7, r6
 2367 00aa 05D8     		bhi	.L163
 719:Middlewares/Third_Party/FreeRTOS/Source/stream_buffer.c **** 
 2368              		.loc 1 719 8 view .LVU658
 2369 00ac 0023     		movs	r3, #0
 2370 00ae 1D46     		mov	r5, r3
 2371              	.LVL206:
 809:Middlewares/Third_Party/FreeRTOS/Source/stream_buffer.c **** 		mtCOVERAGE_TEST_MARKER();
 2372              		.loc 1 809 53 is_stmt 1 view .LVU659
 810:Middlewares/Third_Party/FreeRTOS/Source/stream_buffer.c **** 	}
 2373              		.loc 1 810 27 view .LVU660
 813:Middlewares/Third_Party/FreeRTOS/Source/stream_buffer.c **** }
ARM GAS  C:\Users\subdia\AppData\Local\Temp\ccZGXZAV.s 			page 78


 2374              		.loc 1 813 2 view .LVU661
 2375              	.L144:
 814:Middlewares/Third_Party/FreeRTOS/Source/stream_buffer.c **** /*-----------------------------------------------------------*/
 2376              		.loc 1 814 1 is_stmt 0 view .LVU662
 2377 00b0 2846     		mov	r0, r5
 2378 00b2 03B0     		add	sp, sp, #12
 2379              	.LCFI39:
 2380              		.cfi_remember_state
 2381              		.cfi_def_cfa_offset 28
 2382              		@ sp needed
 2383 00b4 BDE8F083 		pop	{r4, r5, r6, r7, r8, r9, pc}
 2384              	.LVL207:
 2385              	.L163:
 2386              	.LCFI40:
 2387              		.cfi_restore_state
 794:Middlewares/Third_Party/FreeRTOS/Source/stream_buffer.c **** 
 2388              		.loc 1 794 3 is_stmt 1 view .LVU663
 794:Middlewares/Third_Party/FreeRTOS/Source/stream_buffer.c **** 
 2389              		.loc 1 794 21 is_stmt 0 view .LVU664
 2390 00b8 0096     		str	r6, [sp]
 2391 00ba 3B46     		mov	r3, r7
 2392 00bc 4A46     		mov	r2, r9
 2393 00be 4146     		mov	r1, r8
 2394 00c0 2046     		mov	r0, r4
 2395 00c2 FFF7FEFF 		bl	prvReadMessageFromBuffer
 2396              	.LVL208:
 797:Middlewares/Third_Party/FreeRTOS/Source/stream_buffer.c **** 		{
 2397              		.loc 1 797 3 is_stmt 1 view .LVU665
 797:Middlewares/Third_Party/FreeRTOS/Source/stream_buffer.c **** 		{
 2398              		.loc 1 797 5 is_stmt 0 view .LVU666
 2399 00c6 0546     		mov	r5, r0
 2400              	.LVL209:
 797:Middlewares/Third_Party/FreeRTOS/Source/stream_buffer.c **** 		{
 2401              		.loc 1 797 5 view .LVU667
 2402 00c8 0028     		cmp	r0, #0
 2403 00ca F1D0     		beq	.L144
 799:Middlewares/Third_Party/FreeRTOS/Source/stream_buffer.c **** 			sbRECEIVE_COMPLETED( pxStreamBuffer );
 2404              		.loc 1 799 64 is_stmt 1 view .LVU668
 800:Middlewares/Third_Party/FreeRTOS/Source/stream_buffer.c **** 		}
 2405              		.loc 1 800 4 view .LVU669
 2406 00cc FFF7FEFF 		bl	vTaskSuspendAll
 2407              	.LVL210:
 800:Middlewares/Third_Party/FreeRTOS/Source/stream_buffer.c **** 		}
 2408              		.loc 1 800 4 discriminator 1 view .LVU670
 2409 00d0 6369     		ldr	r3, [r4, #20]
 2410 00d2 3BB1     		cbz	r3, .L156
 800:Middlewares/Third_Party/FreeRTOS/Source/stream_buffer.c **** 		}
 2411              		.loc 1 800 4 discriminator 2 view .LVU671
 2412 00d4 6069     		ldr	r0, [r4, #20]
 2413 00d6 0023     		movs	r3, #0
 2414 00d8 1A46     		mov	r2, r3
 2415 00da 1946     		mov	r1, r3
 2416 00dc FFF7FEFF 		bl	xTaskGenericNotify
 2417              	.LVL211:
 800:Middlewares/Third_Party/FreeRTOS/Source/stream_buffer.c **** 		}
 2418              		.loc 1 800 4 discriminator 4 view .LVU672
 2419 00e0 0023     		movs	r3, #0
ARM GAS  C:\Users\subdia\AppData\Local\Temp\ccZGXZAV.s 			page 79


 2420 00e2 6361     		str	r3, [r4, #20]
 2421              	.L156:
 800:Middlewares/Third_Party/FreeRTOS/Source/stream_buffer.c **** 		}
 2422              		.loc 1 800 4 discriminator 5 view .LVU673
 2423 00e4 FFF7FEFF 		bl	xTaskResumeAll
 2424              	.LVL212:
 800:Middlewares/Third_Party/FreeRTOS/Source/stream_buffer.c **** 		}
 2425              		.loc 1 800 41 discriminator 6 view .LVU674
 2426 00e8 E2E7     		b	.L144
 2427              		.cfi_endproc
 2428              	.LFE15:
 2430              		.section	.text.xStreamBufferNextMessageLengthBytes,"ax",%progbits
 2431              		.align	1
 2432              		.global	xStreamBufferNextMessageLengthBytes
 2433              		.syntax unified
 2434              		.thumb
 2435              		.thumb_func
 2437              	xStreamBufferNextMessageLengthBytes:
 2438              	.LVL213:
 2439              	.LFB16:
 818:Middlewares/Third_Party/FreeRTOS/Source/stream_buffer.c **** StreamBuffer_t * const pxStreamBuffer = xStreamBuffer;
 2440              		.loc 1 818 1 view -0
 2441              		.cfi_startproc
 2442              		@ args = 0, pretend = 0, frame = 8
 2443              		@ frame_needed = 0, uses_anonymous_args = 0
 819:Middlewares/Third_Party/FreeRTOS/Source/stream_buffer.c **** size_t xReturn, xBytesAvailable, xOriginalTail;
 2444              		.loc 1 819 1 view .LVU676
 820:Middlewares/Third_Party/FreeRTOS/Source/stream_buffer.c **** configMESSAGE_BUFFER_LENGTH_TYPE xTempReturn;
 2445              		.loc 1 820 1 view .LVU677
 821:Middlewares/Third_Party/FreeRTOS/Source/stream_buffer.c **** 
 2446              		.loc 1 821 1 view .LVU678
 823:Middlewares/Third_Party/FreeRTOS/Source/stream_buffer.c **** 
 2447              		.loc 1 823 2 view .LVU679
 2448 0000 48B1     		cbz	r0, .L173
 818:Middlewares/Third_Party/FreeRTOS/Source/stream_buffer.c **** StreamBuffer_t * const pxStreamBuffer = xStreamBuffer;
 2449              		.loc 1 818 1 is_stmt 0 view .LVU680
 2450 0002 30B5     		push	{r4, r5, lr}
 2451              	.LCFI41:
 2452              		.cfi_def_cfa_offset 12
 2453              		.cfi_offset 4, -12
 2454              		.cfi_offset 5, -8
 2455              		.cfi_offset 14, -4
 2456 0004 83B0     		sub	sp, sp, #12
 2457              	.LCFI42:
 2458              		.cfi_def_cfa_offset 24
 2459 0006 0446     		mov	r4, r0
 823:Middlewares/Third_Party/FreeRTOS/Source/stream_buffer.c **** 
 2460              		.loc 1 823 32 is_stmt 1 view .LVU681
 826:Middlewares/Third_Party/FreeRTOS/Source/stream_buffer.c **** 	{
 2461              		.loc 1 826 2 view .LVU682
 826:Middlewares/Third_Party/FreeRTOS/Source/stream_buffer.c **** 	{
 2462              		.loc 1 826 22 is_stmt 0 view .LVU683
 2463 0008 037F     		ldrb	r3, [r0, #28]	@ zero_extendqisi2
 826:Middlewares/Third_Party/FreeRTOS/Source/stream_buffer.c **** 	{
 2464              		.loc 1 826 4 view .LVU684
 2465 000a 13F0010F 		tst	r3, #1
 2466 000e 0BD1     		bne	.L174
ARM GAS  C:\Users\subdia\AppData\Local\Temp\ccZGXZAV.s 			page 80


 854:Middlewares/Third_Party/FreeRTOS/Source/stream_buffer.c **** 	}
 2467              		.loc 1 854 11 view .LVU685
 2468 0010 0020     		movs	r0, #0
 2469              	.LVL214:
 857:Middlewares/Third_Party/FreeRTOS/Source/stream_buffer.c **** }
 2470              		.loc 1 857 2 is_stmt 1 view .LVU686
 2471              	.L164:
 858:Middlewares/Third_Party/FreeRTOS/Source/stream_buffer.c **** /*-----------------------------------------------------------*/
 2472              		.loc 1 858 1 is_stmt 0 view .LVU687
 2473 0012 03B0     		add	sp, sp, #12
 2474              	.LCFI43:
 2475              		.cfi_def_cfa_offset 12
 2476              		@ sp needed
 2477 0014 30BD     		pop	{r4, r5, pc}
 2478              	.LVL215:
 2479              	.L173:
 2480              	.LCFI44:
 2481              		.cfi_def_cfa_offset 0
 2482              		.cfi_restore 4
 2483              		.cfi_restore 5
 2484              		.cfi_restore 14
 823:Middlewares/Third_Party/FreeRTOS/Source/stream_buffer.c **** 
 2485              		.loc 1 823 2 is_stmt 1 discriminator 1 view .LVU688
 2486              	.LBB159:
 2487              	.LBI159:
 193:Middlewares/Third_Party/FreeRTOS/Source/portable/GCC/ARM_CM3/portmacro.h **** {
 2488              		.loc 2 193 30 view .LVU689
 2489              	.LBB160:
 195:Middlewares/Third_Party/FreeRTOS/Source/portable/GCC/ARM_CM3/portmacro.h **** 
 2490              		.loc 2 195 1 view .LVU690
 197:Middlewares/Third_Party/FreeRTOS/Source/portable/GCC/ARM_CM3/portmacro.h **** 	(
 2491              		.loc 2 197 2 view .LVU691
 2492              		.syntax unified
 2493              	@ 197 "Middlewares/Third_Party/FreeRTOS/Source/portable/GCC/ARM_CM3/portmacro.h" 1
 2494 0016 4FF05003 			mov r3, #80												
 2495 001a 83F31188 		msr basepri, r3											
 2496 001e BFF36F8F 		isb														
 2497 0022 BFF34F8F 		dsb														
 2498              	
 2499              	@ 0 "" 2
 2500              		.thumb
 2501              		.syntax unified
 2502              	.L166:
 2503              	.LBE160:
 2504              	.LBE159:
 823:Middlewares/Third_Party/FreeRTOS/Source/stream_buffer.c **** 
 2505              		.loc 1 823 2 view .LVU692
 2506 0026 FEE7     		b	.L166
 2507              	.L174:
 2508              	.LCFI45:
 2509              		.cfi_def_cfa_offset 24
 2510              		.cfi_offset 4, -12
 2511              		.cfi_offset 5, -8
 2512              		.cfi_offset 14, -4
 828:Middlewares/Third_Party/FreeRTOS/Source/stream_buffer.c **** 		if( xBytesAvailable > sbBYTES_TO_STORE_MESSAGE_LENGTH )
 2513              		.loc 1 828 3 view .LVU693
 828:Middlewares/Third_Party/FreeRTOS/Source/stream_buffer.c **** 		if( xBytesAvailable > sbBYTES_TO_STORE_MESSAGE_LENGTH )
ARM GAS  C:\Users\subdia\AppData\Local\Temp\ccZGXZAV.s 			page 81


 2514              		.loc 1 828 21 is_stmt 0 view .LVU694
 2515 0028 FFF7FEFF 		bl	prvBytesInBuffer
 2516              	.LVL216:
 829:Middlewares/Third_Party/FreeRTOS/Source/stream_buffer.c **** 		{
 2517              		.loc 1 829 3 is_stmt 1 view .LVU695
 829:Middlewares/Third_Party/FreeRTOS/Source/stream_buffer.c **** 		{
 2518              		.loc 1 829 5 is_stmt 0 view .LVU696
 2519 002c 0428     		cmp	r0, #4
 2520 002e 0AD8     		bhi	.L175
 848:Middlewares/Third_Party/FreeRTOS/Source/stream_buffer.c **** 			xReturn = 0;
 2521              		.loc 1 848 4 is_stmt 1 view .LVU697
 2522 0030 0028     		cmp	r0, #0
 2523 0032 EED0     		beq	.L164
 848:Middlewares/Third_Party/FreeRTOS/Source/stream_buffer.c **** 			xReturn = 0;
 2524              		.loc 1 848 4 discriminator 1 view .LVU698
 2525              	.LBB161:
 2526              	.LBI161:
 193:Middlewares/Third_Party/FreeRTOS/Source/portable/GCC/ARM_CM3/portmacro.h **** {
 2527              		.loc 2 193 30 view .LVU699
 2528              	.LBB162:
 195:Middlewares/Third_Party/FreeRTOS/Source/portable/GCC/ARM_CM3/portmacro.h **** 
 2529              		.loc 2 195 1 view .LVU700
 197:Middlewares/Third_Party/FreeRTOS/Source/portable/GCC/ARM_CM3/portmacro.h **** 	(
 2530              		.loc 2 197 2 view .LVU701
 2531              		.syntax unified
 2532              	@ 197 "Middlewares/Third_Party/FreeRTOS/Source/portable/GCC/ARM_CM3/portmacro.h" 1
 2533 0034 4FF05003 			mov r3, #80												
 2534 0038 83F31188 		msr basepri, r3											
 2535 003c BFF36F8F 		isb														
 2536 0040 BFF34F8F 		dsb														
 2537              	
 2538              	@ 0 "" 2
 2539              		.thumb
 2540              		.syntax unified
 2541              	.L169:
 2542              	.LBE162:
 2543              	.LBE161:
 848:Middlewares/Third_Party/FreeRTOS/Source/stream_buffer.c **** 			xReturn = 0;
 2544              		.loc 1 848 4 view .LVU702
 2545 0044 FEE7     		b	.L169
 2546              	.L175:
 837:Middlewares/Third_Party/FreeRTOS/Source/stream_buffer.c **** 			( void ) prvReadBytesFromBuffer( pxStreamBuffer, ( uint8_t * ) &xTempReturn, sbBYTES_TO_STORE_ME
 2547              		.loc 1 837 4 view .LVU703
 837:Middlewares/Third_Party/FreeRTOS/Source/stream_buffer.c **** 			( void ) prvReadBytesFromBuffer( pxStreamBuffer, ( uint8_t * ) &xTempReturn, sbBYTES_TO_STORE_ME
 2548              		.loc 1 837 18 is_stmt 0 view .LVU704
 2549 0046 2568     		ldr	r5, [r4]
 2550              	.LVL217:
 838:Middlewares/Third_Party/FreeRTOS/Source/stream_buffer.c **** 			xReturn = ( size_t ) xTempReturn;
 2551              		.loc 1 838 4 is_stmt 1 view .LVU705
 838:Middlewares/Third_Party/FreeRTOS/Source/stream_buffer.c **** 			xReturn = ( size_t ) xTempReturn;
 2552              		.loc 1 838 13 is_stmt 0 view .LVU706
 2553 0048 0346     		mov	r3, r0
 2554 004a 0422     		movs	r2, #4
 2555 004c 0DEB0201 		add	r1, sp, r2
 2556 0050 2046     		mov	r0, r4
 2557              	.LVL218:
 838:Middlewares/Third_Party/FreeRTOS/Source/stream_buffer.c **** 			xReturn = ( size_t ) xTempReturn;
ARM GAS  C:\Users\subdia\AppData\Local\Temp\ccZGXZAV.s 			page 82


 2558              		.loc 1 838 13 view .LVU707
 2559 0052 FFF7FEFF 		bl	prvReadBytesFromBuffer
 2560              	.LVL219:
 839:Middlewares/Third_Party/FreeRTOS/Source/stream_buffer.c **** 			pxStreamBuffer->xTail = xOriginalTail;
 2561              		.loc 1 839 4 is_stmt 1 view .LVU708
 839:Middlewares/Third_Party/FreeRTOS/Source/stream_buffer.c **** 			pxStreamBuffer->xTail = xOriginalTail;
 2562              		.loc 1 839 12 is_stmt 0 view .LVU709
 2563 0056 0198     		ldr	r0, [sp, #4]
 2564              	.LVL220:
 840:Middlewares/Third_Party/FreeRTOS/Source/stream_buffer.c **** 		}
 2565              		.loc 1 840 4 is_stmt 1 view .LVU710
 840:Middlewares/Third_Party/FreeRTOS/Source/stream_buffer.c **** 		}
 2566              		.loc 1 840 26 is_stmt 0 view .LVU711
 2567 0058 2560     		str	r5, [r4]
 2568 005a DAE7     		b	.L164
 2569              		.cfi_endproc
 2570              	.LFE16:
 2572              		.section	.text.xStreamBufferReceiveFromISR,"ax",%progbits
 2573              		.align	1
 2574              		.global	xStreamBufferReceiveFromISR
 2575              		.syntax unified
 2576              		.thumb
 2577              		.thumb_func
 2579              	xStreamBufferReceiveFromISR:
 2580              	.LVL221:
 2581              	.LFB17:
 865:Middlewares/Third_Party/FreeRTOS/Source/stream_buffer.c **** StreamBuffer_t * const pxStreamBuffer = xStreamBuffer;
 2582              		.loc 1 865 1 is_stmt 1 view -0
 2583              		.cfi_startproc
 2584              		@ args = 0, pretend = 0, frame = 0
 2585              		@ frame_needed = 0, uses_anonymous_args = 0
 866:Middlewares/Third_Party/FreeRTOS/Source/stream_buffer.c **** size_t xReceivedLength = 0, xBytesAvailable, xBytesToStoreMessageLength;
 2586              		.loc 1 866 1 view .LVU713
 867:Middlewares/Third_Party/FreeRTOS/Source/stream_buffer.c **** 
 2587              		.loc 1 867 1 view .LVU714
 869:Middlewares/Third_Party/FreeRTOS/Source/stream_buffer.c **** 	configASSERT( pxStreamBuffer );
 2588              		.loc 1 869 2 view .LVU715
 2589 0000 C1B1     		cbz	r1, .L188
 865:Middlewares/Third_Party/FreeRTOS/Source/stream_buffer.c **** StreamBuffer_t * const pxStreamBuffer = xStreamBuffer;
 2590              		.loc 1 865 1 is_stmt 0 view .LVU716
 2591 0002 2DE9F041 		push	{r4, r5, r6, r7, r8, lr}
 2592              	.LCFI46:
 2593              		.cfi_def_cfa_offset 24
 2594              		.cfi_offset 4, -24
 2595              		.cfi_offset 5, -20
 2596              		.cfi_offset 6, -16
 2597              		.cfi_offset 7, -12
 2598              		.cfi_offset 8, -8
 2599              		.cfi_offset 14, -4
 2600 0006 82B0     		sub	sp, sp, #8
 2601              	.LCFI47:
 2602              		.cfi_def_cfa_offset 32
 2603 0008 0446     		mov	r4, r0
 2604 000a 1646     		mov	r6, r2
 2605 000c 9846     		mov	r8, r3
 2606 000e 0D46     		mov	r5, r1
 869:Middlewares/Third_Party/FreeRTOS/Source/stream_buffer.c **** 	configASSERT( pxStreamBuffer );
ARM GAS  C:\Users\subdia\AppData\Local\Temp\ccZGXZAV.s 			page 83


 2607              		.loc 1 869 26 is_stmt 1 view .LVU717
 870:Middlewares/Third_Party/FreeRTOS/Source/stream_buffer.c **** 
 2608              		.loc 1 870 2 view .LVU718
 2609 0010 C8B1     		cbz	r0, .L189
 870:Middlewares/Third_Party/FreeRTOS/Source/stream_buffer.c **** 
 2610              		.loc 1 870 32 view .LVU719
 877:Middlewares/Third_Party/FreeRTOS/Source/stream_buffer.c **** 	{
 2611              		.loc 1 877 2 view .LVU720
 877:Middlewares/Third_Party/FreeRTOS/Source/stream_buffer.c **** 	{
 2612              		.loc 1 877 22 is_stmt 0 view .LVU721
 2613 0012 037F     		ldrb	r3, [r0, #28]	@ zero_extendqisi2
 2614              	.LVL222:
 877:Middlewares/Third_Party/FreeRTOS/Source/stream_buffer.c **** 	{
 2615              		.loc 1 877 4 view .LVU722
 2616 0014 13F0010F 		tst	r3, #1
 2617 0018 1ED0     		beq	.L184
 879:Middlewares/Third_Party/FreeRTOS/Source/stream_buffer.c **** 	}
 2618              		.loc 1 879 30 view .LVU723
 2619 001a 0423     		movs	r3, #4
 2620 001c 1F46     		mov	r7, r3
 2621              	.L181:
 2622              	.LVL223:
 886:Middlewares/Third_Party/FreeRTOS/Source/stream_buffer.c **** 
 2623              		.loc 1 886 2 is_stmt 1 view .LVU724
 886:Middlewares/Third_Party/FreeRTOS/Source/stream_buffer.c **** 
 2624              		.loc 1 886 20 is_stmt 0 view .LVU725
 2625 001e 2046     		mov	r0, r4
 2626              	.LVL224:
 886:Middlewares/Third_Party/FreeRTOS/Source/stream_buffer.c **** 
 2627              		.loc 1 886 20 view .LVU726
 2628 0020 FFF7FEFF 		bl	prvBytesInBuffer
 2629              	.LVL225:
 893:Middlewares/Third_Party/FreeRTOS/Source/stream_buffer.c **** 	{
 2630              		.loc 1 893 2 is_stmt 1 view .LVU727
 893:Middlewares/Third_Party/FreeRTOS/Source/stream_buffer.c **** 	{
 2631              		.loc 1 893 4 is_stmt 0 view .LVU728
 2632 0024 8742     		cmp	r7, r0
 2633 0026 1AD3     		bcc	.L190
 867:Middlewares/Third_Party/FreeRTOS/Source/stream_buffer.c **** 
 2634              		.loc 1 867 8 view .LVU729
 2635 0028 0023     		movs	r3, #0
 2636 002a 1D46     		mov	r5, r3
 2637              	.LVL226:
 909:Middlewares/Third_Party/FreeRTOS/Source/stream_buffer.c **** 	}
 2638              		.loc 1 909 27 is_stmt 1 view .LVU730
 912:Middlewares/Third_Party/FreeRTOS/Source/stream_buffer.c **** 
 2639              		.loc 1 912 71 view .LVU731
 914:Middlewares/Third_Party/FreeRTOS/Source/stream_buffer.c **** }
 2640              		.loc 1 914 2 view .LVU732
 2641              	.L176:
 915:Middlewares/Third_Party/FreeRTOS/Source/stream_buffer.c **** /*-----------------------------------------------------------*/
 2642              		.loc 1 915 1 is_stmt 0 view .LVU733
 2643 002c 2846     		mov	r0, r5
 2644 002e 02B0     		add	sp, sp, #8
 2645              	.LCFI48:
 2646              		.cfi_def_cfa_offset 24
 2647              		@ sp needed
ARM GAS  C:\Users\subdia\AppData\Local\Temp\ccZGXZAV.s 			page 84


 2648 0030 BDE8F081 		pop	{r4, r5, r6, r7, r8, pc}
 2649              	.LVL227:
 2650              	.L188:
 2651              	.LCFI49:
 2652              		.cfi_def_cfa_offset 0
 2653              		.cfi_restore 4
 2654              		.cfi_restore 5
 2655              		.cfi_restore 6
 2656              		.cfi_restore 7
 2657              		.cfi_restore 8
 2658              		.cfi_restore 14
 869:Middlewares/Third_Party/FreeRTOS/Source/stream_buffer.c **** 	configASSERT( pxStreamBuffer );
 2659              		.loc 1 869 2 is_stmt 1 discriminator 1 view .LVU734
 2660              	.LBB163:
 2661              	.LBI163:
 193:Middlewares/Third_Party/FreeRTOS/Source/portable/GCC/ARM_CM3/portmacro.h **** {
 2662              		.loc 2 193 30 view .LVU735
 2663              	.LBB164:
 195:Middlewares/Third_Party/FreeRTOS/Source/portable/GCC/ARM_CM3/portmacro.h **** 
 2664              		.loc 2 195 1 view .LVU736
 197:Middlewares/Third_Party/FreeRTOS/Source/portable/GCC/ARM_CM3/portmacro.h **** 	(
 2665              		.loc 2 197 2 view .LVU737
 2666              		.syntax unified
 2667              	@ 197 "Middlewares/Third_Party/FreeRTOS/Source/portable/GCC/ARM_CM3/portmacro.h" 1
 2668 0034 4FF05003 			mov r3, #80												
 2669 0038 83F31188 		msr basepri, r3											
 2670 003c BFF36F8F 		isb														
 2671 0040 BFF34F8F 		dsb														
 2672              	
 2673              	@ 0 "" 2
 2674              	.LVL228:
 2675              		.thumb
 2676              		.syntax unified
 2677              	.L178:
 197:Middlewares/Third_Party/FreeRTOS/Source/portable/GCC/ARM_CM3/portmacro.h **** 	(
 2678              		.loc 2 197 2 is_stmt 0 view .LVU738
 2679              	.LBE164:
 2680              	.LBE163:
 869:Middlewares/Third_Party/FreeRTOS/Source/stream_buffer.c **** 	configASSERT( pxStreamBuffer );
 2681              		.loc 1 869 2 is_stmt 1 view .LVU739
 2682 0044 FEE7     		b	.L178
 2683              	.LVL229:
 2684              	.L189:
 2685              	.LCFI50:
 2686              		.cfi_def_cfa_offset 32
 2687              		.cfi_offset 4, -24
 2688              		.cfi_offset 5, -20
 2689              		.cfi_offset 6, -16
 2690              		.cfi_offset 7, -12
 2691              		.cfi_offset 8, -8
 2692              		.cfi_offset 14, -4
 870:Middlewares/Third_Party/FreeRTOS/Source/stream_buffer.c **** 
 2693              		.loc 1 870 2 discriminator 1 view .LVU740
 2694              	.LBB165:
 2695              	.LBI165:
 193:Middlewares/Third_Party/FreeRTOS/Source/portable/GCC/ARM_CM3/portmacro.h **** {
 2696              		.loc 2 193 30 view .LVU741
ARM GAS  C:\Users\subdia\AppData\Local\Temp\ccZGXZAV.s 			page 85


 2697              	.LBB166:
 195:Middlewares/Third_Party/FreeRTOS/Source/portable/GCC/ARM_CM3/portmacro.h **** 
 2698              		.loc 2 195 1 view .LVU742
 197:Middlewares/Third_Party/FreeRTOS/Source/portable/GCC/ARM_CM3/portmacro.h **** 	(
 2699              		.loc 2 197 2 view .LVU743
 2700              		.syntax unified
 2701              	@ 197 "Middlewares/Third_Party/FreeRTOS/Source/portable/GCC/ARM_CM3/portmacro.h" 1
 2702 0046 4FF05003 			mov r3, #80												
 2703 004a 83F31188 		msr basepri, r3											
 2704 004e BFF36F8F 		isb														
 2705 0052 BFF34F8F 		dsb														
 2706              	
 2707              	@ 0 "" 2
 2708              	.LVL230:
 2709              		.thumb
 2710              		.syntax unified
 2711              	.L180:
 197:Middlewares/Third_Party/FreeRTOS/Source/portable/GCC/ARM_CM3/portmacro.h **** 	(
 2712              		.loc 2 197 2 is_stmt 0 view .LVU744
 2713              	.LBE166:
 2714              	.LBE165:
 870:Middlewares/Third_Party/FreeRTOS/Source/stream_buffer.c **** 
 2715              		.loc 1 870 2 is_stmt 1 view .LVU745
 2716 0056 FEE7     		b	.L180
 2717              	.L184:
 883:Middlewares/Third_Party/FreeRTOS/Source/stream_buffer.c **** 	}
 2718              		.loc 1 883 30 is_stmt 0 view .LVU746
 2719 0058 0023     		movs	r3, #0
 2720 005a 1F46     		mov	r7, r3
 2721 005c DFE7     		b	.L181
 2722              	.LVL231:
 2723              	.L190:
 895:Middlewares/Third_Party/FreeRTOS/Source/stream_buffer.c **** 
 2724              		.loc 1 895 3 is_stmt 1 view .LVU747
 895:Middlewares/Third_Party/FreeRTOS/Source/stream_buffer.c **** 
 2725              		.loc 1 895 21 is_stmt 0 view .LVU748
 2726 005e 0097     		str	r7, [sp]
 2727 0060 0346     		mov	r3, r0
 2728 0062 3246     		mov	r2, r6
 2729 0064 2946     		mov	r1, r5
 2730 0066 2046     		mov	r0, r4
 2731              	.LVL232:
 895:Middlewares/Third_Party/FreeRTOS/Source/stream_buffer.c **** 
 2732              		.loc 1 895 21 view .LVU749
 2733 0068 FFF7FEFF 		bl	prvReadMessageFromBuffer
 2734              	.LVL233:
 898:Middlewares/Third_Party/FreeRTOS/Source/stream_buffer.c **** 		{
 2735              		.loc 1 898 3 is_stmt 1 view .LVU750
 898:Middlewares/Third_Party/FreeRTOS/Source/stream_buffer.c **** 		{
 2736              		.loc 1 898 5 is_stmt 0 view .LVU751
 2737 006c 0546     		mov	r5, r0
 2738              	.LVL234:
 898:Middlewares/Third_Party/FreeRTOS/Source/stream_buffer.c **** 		{
 2739              		.loc 1 898 5 view .LVU752
 2740 006e 0028     		cmp	r0, #0
 2741 0070 DCD0     		beq	.L176
 2742              	.LBB167:
ARM GAS  C:\Users\subdia\AppData\Local\Temp\ccZGXZAV.s 			page 86


 900:Middlewares/Third_Party/FreeRTOS/Source/stream_buffer.c **** 		}
 2743              		.loc 1 900 4 is_stmt 1 view .LVU753
 900:Middlewares/Third_Party/FreeRTOS/Source/stream_buffer.c **** 		}
 2744              		.loc 1 900 4 view .LVU754
 2745              	.LBB168:
 2746              	.LBI168:
 209:Middlewares/Third_Party/FreeRTOS/Source/portable/GCC/ARM_CM3/portmacro.h **** {
 2747              		.loc 2 209 34 view .LVU755
 2748              	.LBB169:
 211:Middlewares/Third_Party/FreeRTOS/Source/portable/GCC/ARM_CM3/portmacro.h **** 
 2749              		.loc 2 211 1 view .LVU756
 213:Middlewares/Third_Party/FreeRTOS/Source/portable/GCC/ARM_CM3/portmacro.h **** 	(
 2750              		.loc 2 213 2 view .LVU757
 2751              		.syntax unified
 2752              	@ 213 "Middlewares/Third_Party/FreeRTOS/Source/portable/GCC/ARM_CM3/portmacro.h" 1
 2753 0072 EFF31183 			mrs r3, basepri											
 2754 0076 4FF05002 		mov r2, #80												
 2755 007a 82F31188 		msr basepri, r2											
 2756 007e BFF36F8F 		isb														
 2757 0082 BFF34F8F 		dsb														
 2758              	
 2759              	@ 0 "" 2
 2760              		.thumb
 2761              		.syntax unified
 2762 0086 1E46     		mov	r6, r3
 2763              	.LVL235:
 225:Middlewares/Third_Party/FreeRTOS/Source/portable/GCC/ARM_CM3/portmacro.h **** }
 2764              		.loc 2 225 2 view .LVU758
 225:Middlewares/Third_Party/FreeRTOS/Source/portable/GCC/ARM_CM3/portmacro.h **** }
 2765              		.loc 2 225 2 is_stmt 0 view .LVU759
 2766              	.LBE169:
 2767              	.LBE168:
 900:Middlewares/Third_Party/FreeRTOS/Source/stream_buffer.c **** 		}
 2768              		.loc 1 900 4 is_stmt 1 discriminator 1 view .LVU760
 2769 0088 6369     		ldr	r3, [r4, #20]
 2770              	.LVL236:
 900:Middlewares/Third_Party/FreeRTOS/Source/stream_buffer.c **** 		}
 2771              		.loc 1 900 4 is_stmt 0 discriminator 1 view .LVU761
 2772 008a 4BB1     		cbz	r3, .L183
 900:Middlewares/Third_Party/FreeRTOS/Source/stream_buffer.c **** 		}
 2773              		.loc 1 900 4 is_stmt 1 discriminator 2 view .LVU762
 2774 008c 6069     		ldr	r0, [r4, #20]
 2775              	.LVL237:
 900:Middlewares/Third_Party/FreeRTOS/Source/stream_buffer.c **** 		}
 2776              		.loc 1 900 4 is_stmt 0 discriminator 2 view .LVU763
 2777 008e CDF80080 		str	r8, [sp]
 2778 0092 0023     		movs	r3, #0
 2779 0094 1A46     		mov	r2, r3
 2780 0096 1946     		mov	r1, r3
 2781 0098 FFF7FEFF 		bl	xTaskGenericNotifyFromISR
 2782              	.LVL238:
 900:Middlewares/Third_Party/FreeRTOS/Source/stream_buffer.c **** 		}
 2783              		.loc 1 900 4 is_stmt 1 discriminator 4 view .LVU764
 2784 009c 0023     		movs	r3, #0
 2785 009e 6361     		str	r3, [r4, #20]
 2786              	.L183:
 900:Middlewares/Third_Party/FreeRTOS/Source/stream_buffer.c **** 		}
ARM GAS  C:\Users\subdia\AppData\Local\Temp\ccZGXZAV.s 			page 87


 2787              		.loc 1 900 4 discriminator 5 view .LVU765
 2788              	.LBB170:
 2789              	.LBI170:
 229:Middlewares/Third_Party/FreeRTOS/Source/portable/GCC/ARM_CM3/portmacro.h **** {
 2790              		.loc 2 229 30 view .LVU766
 2791              	.LBB171:
 2792              		.loc 2 231 2 view .LVU767
 2793              		.syntax unified
 2794              	@ 231 "Middlewares/Third_Party/FreeRTOS/Source/portable/GCC/ARM_CM3/portmacro.h" 1
 2795 00a0 86F31188 			msr basepri, r6	
 2796              	@ 0 "" 2
 2797              		.thumb
 2798              		.syntax unified
 2799              	.LBE171:
 2800              	.LBE170:
 2801              	.LBE167:
 900:Middlewares/Third_Party/FreeRTOS/Source/stream_buffer.c **** 		}
 2802              		.loc 1 900 77 discriminator 6 view .LVU768
 2803              	.LBB174:
 2804              	.LBB173:
 2805              	.LBB172:
 232:Middlewares/Third_Party/FreeRTOS/Source/portable/GCC/ARM_CM3/portmacro.h **** 	(
 233:Middlewares/Third_Party/FreeRTOS/Source/portable/GCC/ARM_CM3/portmacro.h **** 		"	msr basepri, %0	" :: "r" ( ulNewMaskValue ) : "memory"
 234:Middlewares/Third_Party/FreeRTOS/Source/portable/GCC/ARM_CM3/portmacro.h **** 	);
 235:Middlewares/Third_Party/FreeRTOS/Source/portable/GCC/ARM_CM3/portmacro.h **** }
 2806              		.loc 2 235 1 is_stmt 0 view .LVU769
 2807 00a4 C2E7     		b	.L176
 2808              	.LBE172:
 2809              	.LBE173:
 2810              	.LBE174:
 2811              		.cfi_endproc
 2812              	.LFE17:
 2814              		.section	.text.xStreamBufferIsEmpty,"ax",%progbits
 2815              		.align	1
 2816              		.global	xStreamBufferIsEmpty
 2817              		.syntax unified
 2818              		.thumb
 2819              		.thumb_func
 2821              	xStreamBufferIsEmpty:
 2822              	.LVL239:
 2823              	.LFB19:
 971:Middlewares/Third_Party/FreeRTOS/Source/stream_buffer.c **** const StreamBuffer_t * const pxStreamBuffer = xStreamBuffer;
 2824              		.loc 1 971 1 is_stmt 1 view -0
 2825              		.cfi_startproc
 2826              		@ args = 0, pretend = 0, frame = 0
 2827              		@ frame_needed = 0, uses_anonymous_args = 0
 2828              		@ link register save eliminated.
 972:Middlewares/Third_Party/FreeRTOS/Source/stream_buffer.c **** BaseType_t xReturn;
 2829              		.loc 1 972 1 view .LVU771
 973:Middlewares/Third_Party/FreeRTOS/Source/stream_buffer.c **** size_t xTail;
 2830              		.loc 1 973 1 view .LVU772
 974:Middlewares/Third_Party/FreeRTOS/Source/stream_buffer.c **** 
 2831              		.loc 1 974 1 view .LVU773
 976:Middlewares/Third_Party/FreeRTOS/Source/stream_buffer.c **** 
 2832              		.loc 1 976 2 view .LVU774
 2833 0000 28B1     		cbz	r0, .L196
 976:Middlewares/Third_Party/FreeRTOS/Source/stream_buffer.c **** 
ARM GAS  C:\Users\subdia\AppData\Local\Temp\ccZGXZAV.s 			page 88


 2834              		.loc 1 976 32 view .LVU775
 979:Middlewares/Third_Party/FreeRTOS/Source/stream_buffer.c **** 	if( pxStreamBuffer->xHead == xTail )
 2835              		.loc 1 979 2 view .LVU776
 979:Middlewares/Third_Party/FreeRTOS/Source/stream_buffer.c **** 	if( pxStreamBuffer->xHead == xTail )
 2836              		.loc 1 979 8 is_stmt 0 view .LVU777
 2837 0002 0268     		ldr	r2, [r0]
 2838              	.LVL240:
 980:Middlewares/Third_Party/FreeRTOS/Source/stream_buffer.c **** 	{
 2839              		.loc 1 980 2 is_stmt 1 view .LVU778
 980:Middlewares/Third_Party/FreeRTOS/Source/stream_buffer.c **** 	{
 2840              		.loc 1 980 20 is_stmt 0 view .LVU779
 2841 0004 4368     		ldr	r3, [r0, #4]
 980:Middlewares/Third_Party/FreeRTOS/Source/stream_buffer.c **** 	{
 2842              		.loc 1 980 4 view .LVU780
 2843 0006 9342     		cmp	r3, r2
 2844 0008 0AD0     		beq	.L197
 986:Middlewares/Third_Party/FreeRTOS/Source/stream_buffer.c **** 	}
 2845              		.loc 1 986 11 view .LVU781
 2846 000a 0020     		movs	r0, #0
 2847              	.LVL241:
 989:Middlewares/Third_Party/FreeRTOS/Source/stream_buffer.c **** }
 2848              		.loc 1 989 2 is_stmt 1 view .LVU782
 990:Middlewares/Third_Party/FreeRTOS/Source/stream_buffer.c **** /*-----------------------------------------------------------*/
 2849              		.loc 1 990 1 is_stmt 0 view .LVU783
 2850 000c 7047     		bx	lr
 2851              	.LVL242:
 2852              	.L196:
 976:Middlewares/Third_Party/FreeRTOS/Source/stream_buffer.c **** 
 2853              		.loc 1 976 2 is_stmt 1 discriminator 1 view .LVU784
 2854              	.LBB175:
 2855              	.LBI175:
 193:Middlewares/Third_Party/FreeRTOS/Source/portable/GCC/ARM_CM3/portmacro.h **** {
 2856              		.loc 2 193 30 view .LVU785
 2857              	.LBB176:
 195:Middlewares/Third_Party/FreeRTOS/Source/portable/GCC/ARM_CM3/portmacro.h **** 
 2858              		.loc 2 195 1 view .LVU786
 197:Middlewares/Third_Party/FreeRTOS/Source/portable/GCC/ARM_CM3/portmacro.h **** 	(
 2859              		.loc 2 197 2 view .LVU787
 2860              		.syntax unified
 2861              	@ 197 "Middlewares/Third_Party/FreeRTOS/Source/portable/GCC/ARM_CM3/portmacro.h" 1
 2862 000e 4FF05003 			mov r3, #80												
 2863 0012 83F31188 		msr basepri, r3											
 2864 0016 BFF36F8F 		isb														
 2865 001a BFF34F8F 		dsb														
 2866              	
 2867              	@ 0 "" 2
 2868              		.thumb
 2869              		.syntax unified
 2870              	.L193:
 2871              	.LBE176:
 2872              	.LBE175:
 976:Middlewares/Third_Party/FreeRTOS/Source/stream_buffer.c **** 
 2873              		.loc 1 976 2 view .LVU788
 2874 001e FEE7     		b	.L193
 2875              	.LVL243:
 2876              	.L197:
 982:Middlewares/Third_Party/FreeRTOS/Source/stream_buffer.c **** 	}
ARM GAS  C:\Users\subdia\AppData\Local\Temp\ccZGXZAV.s 			page 89


 2877              		.loc 1 982 11 is_stmt 0 view .LVU789
 2878 0020 0120     		movs	r0, #1
 2879              	.LVL244:
 982:Middlewares/Third_Party/FreeRTOS/Source/stream_buffer.c **** 	}
 2880              		.loc 1 982 11 view .LVU790
 2881 0022 7047     		bx	lr
 2882              		.cfi_endproc
 2883              	.LFE19:
 2885              		.section	.text.xStreamBufferIsFull,"ax",%progbits
 2886              		.align	1
 2887              		.global	xStreamBufferIsFull
 2888              		.syntax unified
 2889              		.thumb
 2890              		.thumb_func
 2892              	xStreamBufferIsFull:
 2893              	.LVL245:
 2894              	.LFB20:
 994:Middlewares/Third_Party/FreeRTOS/Source/stream_buffer.c **** BaseType_t xReturn;
 2895              		.loc 1 994 1 is_stmt 1 view -0
 2896              		.cfi_startproc
 2897              		@ args = 0, pretend = 0, frame = 0
 2898              		@ frame_needed = 0, uses_anonymous_args = 0
 995:Middlewares/Third_Party/FreeRTOS/Source/stream_buffer.c **** size_t xBytesToStoreMessageLength;
 2899              		.loc 1 995 1 view .LVU792
 996:Middlewares/Third_Party/FreeRTOS/Source/stream_buffer.c **** const StreamBuffer_t * const pxStreamBuffer = xStreamBuffer;
 2900              		.loc 1 996 1 view .LVU793
 997:Middlewares/Third_Party/FreeRTOS/Source/stream_buffer.c **** 
 2901              		.loc 1 997 1 view .LVU794
 999:Middlewares/Third_Party/FreeRTOS/Source/stream_buffer.c **** 
 2902              		.loc 1 999 2 view .LVU795
 2903 0000 70B1     		cbz	r0, .L207
 994:Middlewares/Third_Party/FreeRTOS/Source/stream_buffer.c **** BaseType_t xReturn;
 2904              		.loc 1 994 1 is_stmt 0 view .LVU796
 2905 0002 10B5     		push	{r4, lr}
 2906              	.LCFI51:
 2907              		.cfi_def_cfa_offset 8
 2908              		.cfi_offset 4, -8
 2909              		.cfi_offset 14, -4
 2910 0004 0346     		mov	r3, r0
 999:Middlewares/Third_Party/FreeRTOS/Source/stream_buffer.c **** 
 2911              		.loc 1 999 32 is_stmt 1 view .LVU797
1005:Middlewares/Third_Party/FreeRTOS/Source/stream_buffer.c **** 	{
 2912              		.loc 1 1005 2 view .LVU798
1005:Middlewares/Third_Party/FreeRTOS/Source/stream_buffer.c **** 	{
 2913              		.loc 1 1005 22 is_stmt 0 view .LVU799
 2914 0006 027F     		ldrb	r2, [r0, #28]	@ zero_extendqisi2
1005:Middlewares/Third_Party/FreeRTOS/Source/stream_buffer.c **** 	{
 2915              		.loc 1 1005 4 view .LVU800
 2916 0008 12F0010F 		tst	r2, #1
 2917 000c 11D0     		beq	.L203
1007:Middlewares/Third_Party/FreeRTOS/Source/stream_buffer.c **** 	}
 2918              		.loc 1 1007 30 view .LVU801
 2919 000e 0422     		movs	r2, #4
 2920 0010 1446     		mov	r4, r2
 2921              	.L201:
 2922              	.LVL246:
1015:Middlewares/Third_Party/FreeRTOS/Source/stream_buffer.c **** 	{
ARM GAS  C:\Users\subdia\AppData\Local\Temp\ccZGXZAV.s 			page 90


 2923              		.loc 1 1015 2 is_stmt 1 view .LVU802
1015:Middlewares/Third_Party/FreeRTOS/Source/stream_buffer.c **** 	{
 2924              		.loc 1 1015 6 is_stmt 0 view .LVU803
 2925 0012 1846     		mov	r0, r3
 2926              	.LVL247:
1015:Middlewares/Third_Party/FreeRTOS/Source/stream_buffer.c **** 	{
 2927              		.loc 1 1015 6 view .LVU804
 2928 0014 FFF7FEFF 		bl	xStreamBufferSpacesAvailable
 2929              	.LVL248:
1015:Middlewares/Third_Party/FreeRTOS/Source/stream_buffer.c **** 	{
 2930              		.loc 1 1015 4 discriminator 1 view .LVU805
 2931 0018 A042     		cmp	r0, r4
 2932 001a 0DD8     		bhi	.L204
1017:Middlewares/Third_Party/FreeRTOS/Source/stream_buffer.c **** 	}
 2933              		.loc 1 1017 11 view .LVU806
 2934 001c 0120     		movs	r0, #1
 2935              	.L198:
1025:Middlewares/Third_Party/FreeRTOS/Source/stream_buffer.c **** /*-----------------------------------------------------------*/
 2936              		.loc 1 1025 1 view .LVU807
 2937 001e 10BD     		pop	{r4, pc}
 2938              	.LVL249:
 2939              	.L207:
 2940              	.LCFI52:
 2941              		.cfi_def_cfa_offset 0
 2942              		.cfi_restore 4
 2943              		.cfi_restore 14
 999:Middlewares/Third_Party/FreeRTOS/Source/stream_buffer.c **** 
 2944              		.loc 1 999 2 is_stmt 1 discriminator 1 view .LVU808
 2945              	.LBB177:
 2946              	.LBI177:
 193:Middlewares/Third_Party/FreeRTOS/Source/portable/GCC/ARM_CM3/portmacro.h **** {
 2947              		.loc 2 193 30 view .LVU809
 2948              	.LBB178:
 195:Middlewares/Third_Party/FreeRTOS/Source/portable/GCC/ARM_CM3/portmacro.h **** 
 2949              		.loc 2 195 1 view .LVU810
 197:Middlewares/Third_Party/FreeRTOS/Source/portable/GCC/ARM_CM3/portmacro.h **** 	(
 2950              		.loc 2 197 2 view .LVU811
 2951              		.syntax unified
 2952              	@ 197 "Middlewares/Third_Party/FreeRTOS/Source/portable/GCC/ARM_CM3/portmacro.h" 1
 2953 0020 4FF05003 			mov r3, #80												
 2954 0024 83F31188 		msr basepri, r3											
 2955 0028 BFF36F8F 		isb														
 2956 002c BFF34F8F 		dsb														
 2957              	
 2958              	@ 0 "" 2
 2959              		.thumb
 2960              		.syntax unified
 2961              	.L200:
 2962              	.LBE178:
 2963              	.LBE177:
 999:Middlewares/Third_Party/FreeRTOS/Source/stream_buffer.c **** 
 2964              		.loc 1 999 2 view .LVU812
 2965 0030 FEE7     		b	.L200
 2966              	.L203:
 2967              	.LCFI53:
 2968              		.cfi_def_cfa_offset 8
 2969              		.cfi_offset 4, -8
ARM GAS  C:\Users\subdia\AppData\Local\Temp\ccZGXZAV.s 			page 91


 2970              		.cfi_offset 14, -4
1011:Middlewares/Third_Party/FreeRTOS/Source/stream_buffer.c **** 	}
 2971              		.loc 1 1011 30 is_stmt 0 view .LVU813
 2972 0032 0022     		movs	r2, #0
 2973 0034 1446     		mov	r4, r2
 2974 0036 ECE7     		b	.L201
 2975              	.LVL250:
 2976              	.L204:
1021:Middlewares/Third_Party/FreeRTOS/Source/stream_buffer.c **** 	}
 2977              		.loc 1 1021 11 view .LVU814
 2978 0038 0020     		movs	r0, #0
 2979              	.LVL251:
1024:Middlewares/Third_Party/FreeRTOS/Source/stream_buffer.c **** }
 2980              		.loc 1 1024 2 is_stmt 1 view .LVU815
1024:Middlewares/Third_Party/FreeRTOS/Source/stream_buffer.c **** }
 2981              		.loc 1 1024 9 is_stmt 0 view .LVU816
 2982 003a F0E7     		b	.L198
 2983              		.cfi_endproc
 2984              	.LFE20:
 2986              		.section	.text.xStreamBufferSendCompletedFromISR,"ax",%progbits
 2987              		.align	1
 2988              		.global	xStreamBufferSendCompletedFromISR
 2989              		.syntax unified
 2990              		.thumb
 2991              		.thumb_func
 2993              	xStreamBufferSendCompletedFromISR:
 2994              	.LVL252:
 2995              	.LFB21:
1029:Middlewares/Third_Party/FreeRTOS/Source/stream_buffer.c **** StreamBuffer_t * const pxStreamBuffer = xStreamBuffer;
 2996              		.loc 1 1029 1 is_stmt 1 view -0
 2997              		.cfi_startproc
 2998              		@ args = 0, pretend = 0, frame = 0
 2999              		@ frame_needed = 0, uses_anonymous_args = 0
1030:Middlewares/Third_Party/FreeRTOS/Source/stream_buffer.c **** BaseType_t xReturn;
 3000              		.loc 1 1030 1 view .LVU818
1031:Middlewares/Third_Party/FreeRTOS/Source/stream_buffer.c **** UBaseType_t uxSavedInterruptStatus;
 3001              		.loc 1 1031 1 view .LVU819
1032:Middlewares/Third_Party/FreeRTOS/Source/stream_buffer.c **** 
 3002              		.loc 1 1032 1 view .LVU820
1034:Middlewares/Third_Party/FreeRTOS/Source/stream_buffer.c **** 
 3003              		.loc 1 1034 2 view .LVU821
 3004 0000 E8B1     		cbz	r0, .L215
1029:Middlewares/Third_Party/FreeRTOS/Source/stream_buffer.c **** StreamBuffer_t * const pxStreamBuffer = xStreamBuffer;
 3005              		.loc 1 1029 1 is_stmt 0 view .LVU822
 3006 0002 30B5     		push	{r4, r5, lr}
 3007              	.LCFI54:
 3008              		.cfi_def_cfa_offset 12
 3009              		.cfi_offset 4, -12
 3010              		.cfi_offset 5, -8
 3011              		.cfi_offset 14, -4
 3012 0004 83B0     		sub	sp, sp, #12
 3013              	.LCFI55:
 3014              		.cfi_def_cfa_offset 24
 3015 0006 0446     		mov	r4, r0
1034:Middlewares/Third_Party/FreeRTOS/Source/stream_buffer.c **** 
 3016              		.loc 1 1034 32 is_stmt 1 view .LVU823
1036:Middlewares/Third_Party/FreeRTOS/Source/stream_buffer.c **** 	{
ARM GAS  C:\Users\subdia\AppData\Local\Temp\ccZGXZAV.s 			page 92


 3017              		.loc 1 1036 2 view .LVU824
 3018              	.LBB179:
 3019              	.LBI179:
 209:Middlewares/Third_Party/FreeRTOS/Source/portable/GCC/ARM_CM3/portmacro.h **** {
 3020              		.loc 2 209 34 view .LVU825
 3021              	.LBB180:
 211:Middlewares/Third_Party/FreeRTOS/Source/portable/GCC/ARM_CM3/portmacro.h **** 
 3022              		.loc 2 211 1 view .LVU826
 213:Middlewares/Third_Party/FreeRTOS/Source/portable/GCC/ARM_CM3/portmacro.h **** 	(
 3023              		.loc 2 213 2 view .LVU827
 3024              		.syntax unified
 3025              	@ 213 "Middlewares/Third_Party/FreeRTOS/Source/portable/GCC/ARM_CM3/portmacro.h" 1
 3026 0008 EFF31183 			mrs r3, basepri											
 3027 000c 4FF05002 		mov r2, #80												
 3028 0010 82F31188 		msr basepri, r2											
 3029 0014 BFF36F8F 		isb														
 3030 0018 BFF34F8F 		dsb														
 3031              	
 3032              	@ 0 "" 2
 3033              		.thumb
 3034              		.syntax unified
 3035 001c 1D46     		mov	r5, r3
 225:Middlewares/Third_Party/FreeRTOS/Source/portable/GCC/ARM_CM3/portmacro.h **** }
 3036              		.loc 2 225 2 view .LVU828
 3037              	.LVL253:
 225:Middlewares/Third_Party/FreeRTOS/Source/portable/GCC/ARM_CM3/portmacro.h **** }
 3038              		.loc 2 225 2 is_stmt 0 view .LVU829
 3039              	.LBE180:
 3040              	.LBE179:
1038:Middlewares/Third_Party/FreeRTOS/Source/stream_buffer.c **** 		{
 3041              		.loc 1 1038 3 is_stmt 1 view .LVU830
1038:Middlewares/Third_Party/FreeRTOS/Source/stream_buffer.c **** 		{
 3042              		.loc 1 1038 25 is_stmt 0 view .LVU831
 3043 001e 0369     		ldr	r3, [r0, #16]
 3044              	.LVL254:
1038:Middlewares/Third_Party/FreeRTOS/Source/stream_buffer.c **** 		{
 3045              		.loc 1 1038 5 view .LVU832
 3046 0020 B3B1     		cbz	r3, .L212
1040:Middlewares/Third_Party/FreeRTOS/Source/stream_buffer.c **** 										 ( uint32_t ) 0,
 3047              		.loc 1 1040 4 is_stmt 1 view .LVU833
1040:Middlewares/Third_Party/FreeRTOS/Source/stream_buffer.c **** 										 ( uint32_t ) 0,
 3048              		.loc 1 1040 13 is_stmt 0 view .LVU834
 3049 0022 0069     		ldr	r0, [r0, #16]
 3050              	.LVL255:
1040:Middlewares/Third_Party/FreeRTOS/Source/stream_buffer.c **** 										 ( uint32_t ) 0,
 3051              		.loc 1 1040 13 view .LVU835
 3052 0024 0091     		str	r1, [sp]
 3053 0026 0023     		movs	r3, #0
 3054 0028 1A46     		mov	r2, r3
 3055 002a 1946     		mov	r1, r3
 3056              	.LVL256:
1040:Middlewares/Third_Party/FreeRTOS/Source/stream_buffer.c **** 										 ( uint32_t ) 0,
 3057              		.loc 1 1040 13 view .LVU836
 3058 002c FFF7FEFF 		bl	xTaskGenericNotifyFromISR
 3059              	.LVL257:
1044:Middlewares/Third_Party/FreeRTOS/Source/stream_buffer.c **** 			xReturn = pdTRUE;
 3060              		.loc 1 1044 4 is_stmt 1 view .LVU837
ARM GAS  C:\Users\subdia\AppData\Local\Temp\ccZGXZAV.s 			page 93


1044:Middlewares/Third_Party/FreeRTOS/Source/stream_buffer.c **** 			xReturn = pdTRUE;
 3061              		.loc 1 1044 46 is_stmt 0 view .LVU838
 3062 0030 0023     		movs	r3, #0
 3063 0032 2361     		str	r3, [r4, #16]
1045:Middlewares/Third_Party/FreeRTOS/Source/stream_buffer.c **** 		}
 3064              		.loc 1 1045 4 is_stmt 1 view .LVU839
 3065              	.LVL258:
1045:Middlewares/Third_Party/FreeRTOS/Source/stream_buffer.c **** 		}
 3066              		.loc 1 1045 12 is_stmt 0 view .LVU840
 3067 0034 0120     		movs	r0, #1
 3068              	.LVL259:
 3069              	.L211:
1052:Middlewares/Third_Party/FreeRTOS/Source/stream_buffer.c **** 
 3070              		.loc 1 1052 2 is_stmt 1 view .LVU841
 3071              	.LBB181:
 3072              	.LBI181:
 229:Middlewares/Third_Party/FreeRTOS/Source/portable/GCC/ARM_CM3/portmacro.h **** {
 3073              		.loc 2 229 30 view .LVU842
 3074              	.LBB182:
 231:Middlewares/Third_Party/FreeRTOS/Source/portable/GCC/ARM_CM3/portmacro.h **** 	(
 3075              		.loc 2 231 2 view .LVU843
 3076              		.syntax unified
 3077              	@ 231 "Middlewares/Third_Party/FreeRTOS/Source/portable/GCC/ARM_CM3/portmacro.h" 1
 3078 0036 85F31188 			msr basepri, r5	
 3079              	@ 0 "" 2
 3080              		.thumb
 3081              		.syntax unified
 3082              	.LBE182:
 3083              	.LBE181:
1054:Middlewares/Third_Party/FreeRTOS/Source/stream_buffer.c **** }
 3084              		.loc 1 1054 2 view .LVU844
1055:Middlewares/Third_Party/FreeRTOS/Source/stream_buffer.c **** /*-----------------------------------------------------------*/
 3085              		.loc 1 1055 1 is_stmt 0 view .LVU845
 3086 003a 03B0     		add	sp, sp, #12
 3087              	.LCFI56:
 3088              		.cfi_def_cfa_offset 12
 3089              		@ sp needed
 3090 003c 30BD     		pop	{r4, r5, pc}
 3091              	.LVL260:
 3092              	.L215:
 3093              	.LCFI57:
 3094              		.cfi_def_cfa_offset 0
 3095              		.cfi_restore 4
 3096              		.cfi_restore 5
 3097              		.cfi_restore 14
1034:Middlewares/Third_Party/FreeRTOS/Source/stream_buffer.c **** 
 3098              		.loc 1 1034 2 is_stmt 1 discriminator 1 view .LVU846
 3099              	.LBB183:
 3100              	.LBI183:
 193:Middlewares/Third_Party/FreeRTOS/Source/portable/GCC/ARM_CM3/portmacro.h **** {
 3101              		.loc 2 193 30 view .LVU847
 3102              	.LBB184:
 195:Middlewares/Third_Party/FreeRTOS/Source/portable/GCC/ARM_CM3/portmacro.h **** 
 3103              		.loc 2 195 1 view .LVU848
 197:Middlewares/Third_Party/FreeRTOS/Source/portable/GCC/ARM_CM3/portmacro.h **** 	(
 3104              		.loc 2 197 2 view .LVU849
 3105              		.syntax unified
ARM GAS  C:\Users\subdia\AppData\Local\Temp\ccZGXZAV.s 			page 94


 3106              	@ 197 "Middlewares/Third_Party/FreeRTOS/Source/portable/GCC/ARM_CM3/portmacro.h" 1
 3107 003e 4FF05003 			mov r3, #80												
 3108 0042 83F31188 		msr basepri, r3											
 3109 0046 BFF36F8F 		isb														
 3110 004a BFF34F8F 		dsb														
 3111              	
 3112              	@ 0 "" 2
 3113              		.thumb
 3114              		.syntax unified
 3115              	.L210:
 3116              	.LBE184:
 3117              	.LBE183:
1034:Middlewares/Third_Party/FreeRTOS/Source/stream_buffer.c **** 
 3118              		.loc 1 1034 2 view .LVU850
 3119 004e FEE7     		b	.L210
 3120              	.LVL261:
 3121              	.L212:
 3122              	.LCFI58:
 3123              		.cfi_def_cfa_offset 24
 3124              		.cfi_offset 4, -12
 3125              		.cfi_offset 5, -8
 3126              		.cfi_offset 14, -4
1049:Middlewares/Third_Party/FreeRTOS/Source/stream_buffer.c **** 		}
 3127              		.loc 1 1049 12 is_stmt 0 view .LVU851
 3128 0050 1846     		mov	r0, r3
 3129              	.LVL262:
1049:Middlewares/Third_Party/FreeRTOS/Source/stream_buffer.c **** 		}
 3130              		.loc 1 1049 12 view .LVU852
 3131 0052 F0E7     		b	.L211
 3132              		.cfi_endproc
 3133              	.LFE21:
 3135              		.section	.text.xStreamBufferReceiveCompletedFromISR,"ax",%progbits
 3136              		.align	1
 3137              		.global	xStreamBufferReceiveCompletedFromISR
 3138              		.syntax unified
 3139              		.thumb
 3140              		.thumb_func
 3142              	xStreamBufferReceiveCompletedFromISR:
 3143              	.LVL263:
 3144              	.LFB22:
1059:Middlewares/Third_Party/FreeRTOS/Source/stream_buffer.c **** StreamBuffer_t * const pxStreamBuffer = xStreamBuffer;
 3145              		.loc 1 1059 1 is_stmt 1 view -0
 3146              		.cfi_startproc
 3147              		@ args = 0, pretend = 0, frame = 0
 3148              		@ frame_needed = 0, uses_anonymous_args = 0
1060:Middlewares/Third_Party/FreeRTOS/Source/stream_buffer.c **** BaseType_t xReturn;
 3149              		.loc 1 1060 1 view .LVU854
1061:Middlewares/Third_Party/FreeRTOS/Source/stream_buffer.c **** UBaseType_t uxSavedInterruptStatus;
 3150              		.loc 1 1061 1 view .LVU855
1062:Middlewares/Third_Party/FreeRTOS/Source/stream_buffer.c **** 
 3151              		.loc 1 1062 1 view .LVU856
1064:Middlewares/Third_Party/FreeRTOS/Source/stream_buffer.c **** 
 3152              		.loc 1 1064 2 view .LVU857
 3153 0000 E8B1     		cbz	r0, .L223
1059:Middlewares/Third_Party/FreeRTOS/Source/stream_buffer.c **** StreamBuffer_t * const pxStreamBuffer = xStreamBuffer;
 3154              		.loc 1 1059 1 is_stmt 0 view .LVU858
 3155 0002 30B5     		push	{r4, r5, lr}
ARM GAS  C:\Users\subdia\AppData\Local\Temp\ccZGXZAV.s 			page 95


 3156              	.LCFI59:
 3157              		.cfi_def_cfa_offset 12
 3158              		.cfi_offset 4, -12
 3159              		.cfi_offset 5, -8
 3160              		.cfi_offset 14, -4
 3161 0004 83B0     		sub	sp, sp, #12
 3162              	.LCFI60:
 3163              		.cfi_def_cfa_offset 24
 3164 0006 0446     		mov	r4, r0
1064:Middlewares/Third_Party/FreeRTOS/Source/stream_buffer.c **** 
 3165              		.loc 1 1064 32 is_stmt 1 view .LVU859
1066:Middlewares/Third_Party/FreeRTOS/Source/stream_buffer.c **** 	{
 3166              		.loc 1 1066 2 view .LVU860
 3167              	.LBB185:
 3168              	.LBI185:
 209:Middlewares/Third_Party/FreeRTOS/Source/portable/GCC/ARM_CM3/portmacro.h **** {
 3169              		.loc 2 209 34 view .LVU861
 3170              	.LBB186:
 211:Middlewares/Third_Party/FreeRTOS/Source/portable/GCC/ARM_CM3/portmacro.h **** 
 3171              		.loc 2 211 1 view .LVU862
 213:Middlewares/Third_Party/FreeRTOS/Source/portable/GCC/ARM_CM3/portmacro.h **** 	(
 3172              		.loc 2 213 2 view .LVU863
 3173              		.syntax unified
 3174              	@ 213 "Middlewares/Third_Party/FreeRTOS/Source/portable/GCC/ARM_CM3/portmacro.h" 1
 3175 0008 EFF31183 			mrs r3, basepri											
 3176 000c 4FF05002 		mov r2, #80												
 3177 0010 82F31188 		msr basepri, r2											
 3178 0014 BFF36F8F 		isb														
 3179 0018 BFF34F8F 		dsb														
 3180              	
 3181              	@ 0 "" 2
 3182              		.thumb
 3183              		.syntax unified
 3184 001c 1D46     		mov	r5, r3
 225:Middlewares/Third_Party/FreeRTOS/Source/portable/GCC/ARM_CM3/portmacro.h **** }
 3185              		.loc 2 225 2 view .LVU864
 3186              	.LVL264:
 225:Middlewares/Third_Party/FreeRTOS/Source/portable/GCC/ARM_CM3/portmacro.h **** }
 3187              		.loc 2 225 2 is_stmt 0 view .LVU865
 3188              	.LBE186:
 3189              	.LBE185:
1068:Middlewares/Third_Party/FreeRTOS/Source/stream_buffer.c **** 		{
 3190              		.loc 1 1068 3 is_stmt 1 view .LVU866
1068:Middlewares/Third_Party/FreeRTOS/Source/stream_buffer.c **** 		{
 3191              		.loc 1 1068 25 is_stmt 0 view .LVU867
 3192 001e 4369     		ldr	r3, [r0, #20]
 3193              	.LVL265:
1068:Middlewares/Third_Party/FreeRTOS/Source/stream_buffer.c **** 		{
 3194              		.loc 1 1068 5 view .LVU868
 3195 0020 B3B1     		cbz	r3, .L220
1070:Middlewares/Third_Party/FreeRTOS/Source/stream_buffer.c **** 										 ( uint32_t ) 0,
 3196              		.loc 1 1070 4 is_stmt 1 view .LVU869
1070:Middlewares/Third_Party/FreeRTOS/Source/stream_buffer.c **** 										 ( uint32_t ) 0,
 3197              		.loc 1 1070 13 is_stmt 0 view .LVU870
 3198 0022 4069     		ldr	r0, [r0, #20]
 3199              	.LVL266:
1070:Middlewares/Third_Party/FreeRTOS/Source/stream_buffer.c **** 										 ( uint32_t ) 0,
ARM GAS  C:\Users\subdia\AppData\Local\Temp\ccZGXZAV.s 			page 96


 3200              		.loc 1 1070 13 view .LVU871
 3201 0024 0091     		str	r1, [sp]
 3202 0026 0023     		movs	r3, #0
 3203 0028 1A46     		mov	r2, r3
 3204 002a 1946     		mov	r1, r3
 3205              	.LVL267:
1070:Middlewares/Third_Party/FreeRTOS/Source/stream_buffer.c **** 										 ( uint32_t ) 0,
 3206              		.loc 1 1070 13 view .LVU872
 3207 002c FFF7FEFF 		bl	xTaskGenericNotifyFromISR
 3208              	.LVL268:
1074:Middlewares/Third_Party/FreeRTOS/Source/stream_buffer.c **** 			xReturn = pdTRUE;
 3209              		.loc 1 1074 4 is_stmt 1 view .LVU873
1074:Middlewares/Third_Party/FreeRTOS/Source/stream_buffer.c **** 			xReturn = pdTRUE;
 3210              		.loc 1 1074 43 is_stmt 0 view .LVU874
 3211 0030 0023     		movs	r3, #0
 3212 0032 6361     		str	r3, [r4, #20]
1075:Middlewares/Third_Party/FreeRTOS/Source/stream_buffer.c **** 		}
 3213              		.loc 1 1075 4 is_stmt 1 view .LVU875
 3214              	.LVL269:
1075:Middlewares/Third_Party/FreeRTOS/Source/stream_buffer.c **** 		}
 3215              		.loc 1 1075 12 is_stmt 0 view .LVU876
 3216 0034 0120     		movs	r0, #1
 3217              	.LVL270:
 3218              	.L219:
1082:Middlewares/Third_Party/FreeRTOS/Source/stream_buffer.c **** 
 3219              		.loc 1 1082 2 is_stmt 1 view .LVU877
 3220              	.LBB187:
 3221              	.LBI187:
 229:Middlewares/Third_Party/FreeRTOS/Source/portable/GCC/ARM_CM3/portmacro.h **** {
 3222              		.loc 2 229 30 view .LVU878
 3223              	.LBB188:
 231:Middlewares/Third_Party/FreeRTOS/Source/portable/GCC/ARM_CM3/portmacro.h **** 	(
 3224              		.loc 2 231 2 view .LVU879
 3225              		.syntax unified
 3226              	@ 231 "Middlewares/Third_Party/FreeRTOS/Source/portable/GCC/ARM_CM3/portmacro.h" 1
 3227 0036 85F31188 			msr basepri, r5	
 3228              	@ 0 "" 2
 3229              		.thumb
 3230              		.syntax unified
 3231              	.LBE188:
 3232              	.LBE187:
1084:Middlewares/Third_Party/FreeRTOS/Source/stream_buffer.c **** }
 3233              		.loc 1 1084 2 view .LVU880
1085:Middlewares/Third_Party/FreeRTOS/Source/stream_buffer.c **** /*-----------------------------------------------------------*/
 3234              		.loc 1 1085 1 is_stmt 0 view .LVU881
 3235 003a 03B0     		add	sp, sp, #12
 3236              	.LCFI61:
 3237              		.cfi_def_cfa_offset 12
 3238              		@ sp needed
 3239 003c 30BD     		pop	{r4, r5, pc}
 3240              	.LVL271:
 3241              	.L223:
 3242              	.LCFI62:
 3243              		.cfi_def_cfa_offset 0
 3244              		.cfi_restore 4
 3245              		.cfi_restore 5
 3246              		.cfi_restore 14
ARM GAS  C:\Users\subdia\AppData\Local\Temp\ccZGXZAV.s 			page 97


1064:Middlewares/Third_Party/FreeRTOS/Source/stream_buffer.c **** 
 3247              		.loc 1 1064 2 is_stmt 1 discriminator 1 view .LVU882
 3248              	.LBB189:
 3249              	.LBI189:
 193:Middlewares/Third_Party/FreeRTOS/Source/portable/GCC/ARM_CM3/portmacro.h **** {
 3250              		.loc 2 193 30 view .LVU883
 3251              	.LBB190:
 195:Middlewares/Third_Party/FreeRTOS/Source/portable/GCC/ARM_CM3/portmacro.h **** 
 3252              		.loc 2 195 1 view .LVU884
 197:Middlewares/Third_Party/FreeRTOS/Source/portable/GCC/ARM_CM3/portmacro.h **** 	(
 3253              		.loc 2 197 2 view .LVU885
 3254              		.syntax unified
 3255              	@ 197 "Middlewares/Third_Party/FreeRTOS/Source/portable/GCC/ARM_CM3/portmacro.h" 1
 3256 003e 4FF05003 			mov r3, #80												
 3257 0042 83F31188 		msr basepri, r3											
 3258 0046 BFF36F8F 		isb														
 3259 004a BFF34F8F 		dsb														
 3260              	
 3261              	@ 0 "" 2
 3262              		.thumb
 3263              		.syntax unified
 3264              	.L218:
 3265              	.LBE190:
 3266              	.LBE189:
1064:Middlewares/Third_Party/FreeRTOS/Source/stream_buffer.c **** 
 3267              		.loc 1 1064 2 view .LVU886
 3268 004e FEE7     		b	.L218
 3269              	.LVL272:
 3270              	.L220:
 3271              	.LCFI63:
 3272              		.cfi_def_cfa_offset 24
 3273              		.cfi_offset 4, -12
 3274              		.cfi_offset 5, -8
 3275              		.cfi_offset 14, -4
1079:Middlewares/Third_Party/FreeRTOS/Source/stream_buffer.c **** 		}
 3276              		.loc 1 1079 12 is_stmt 0 view .LVU887
 3277 0050 1846     		mov	r0, r3
 3278              	.LVL273:
1079:Middlewares/Third_Party/FreeRTOS/Source/stream_buffer.c **** 		}
 3279              		.loc 1 1079 12 view .LVU888
 3280 0052 F0E7     		b	.L219
 3281              		.cfi_endproc
 3282              	.LFE22:
 3284              		.text
 3285              	.Letext0:
 3286              		.file 3 "C:/GNUArmToolchain/arm-none-eabi-gcc-15.2.1/arm-none-eabi/include/machine/_default_types.
 3287              		.file 4 "C:/GNUArmToolchain/arm-none-eabi-gcc-15.2.1/arm-none-eabi/include/sys/_stdint.h"
 3288              		.file 5 "C:/GNUArmToolchain/arm-none-eabi-gcc-15.2.1/lib/gcc/arm-none-eabi/15.2.1/include/stddef.h
 3289              		.file 6 "Middlewares/Third_Party/FreeRTOS/Source/include/FreeRTOS.h"
 3290              		.file 7 "Middlewares/Third_Party/FreeRTOS/Source/include/task.h"
 3291              		.file 8 "Middlewares/Third_Party/FreeRTOS/Source/include/stream_buffer.h"
 3292              		.file 9 "C:/GNUArmToolchain/arm-none-eabi-gcc-15.2.1/arm-none-eabi/include/string.h"
 3293              		.file 10 "Middlewares/Third_Party/FreeRTOS/Source/include/portable.h"
 3294              		.file 11 "<built-in>"
ARM GAS  C:\Users\subdia\AppData\Local\Temp\ccZGXZAV.s 			page 98


DEFINED SYMBOLS
                            *ABS*:00000000 stream_buffer.c
C:\Users\subdia\AppData\Local\Temp\ccZGXZAV.s:19     .text.prvBytesInBuffer:00000000 $t
C:\Users\subdia\AppData\Local\Temp\ccZGXZAV.s:24     .text.prvBytesInBuffer:00000000 prvBytesInBuffer
C:\Users\subdia\AppData\Local\Temp\ccZGXZAV.s:65     .text.prvInitialiseNewStreamBuffer:00000000 $t
C:\Users\subdia\AppData\Local\Temp\ccZGXZAV.s:70     .text.prvInitialiseNewStreamBuffer:00000000 prvInitialiseNewStreamBuffer
C:\Users\subdia\AppData\Local\Temp\ccZGXZAV.s:159    .text.prvWriteBytesToBuffer:00000000 $t
C:\Users\subdia\AppData\Local\Temp\ccZGXZAV.s:164    .text.prvWriteBytesToBuffer:00000000 prvWriteBytesToBuffer
C:\Users\subdia\AppData\Local\Temp\ccZGXZAV.s:340    .text.prvWriteMessageToBuffer:00000000 $t
C:\Users\subdia\AppData\Local\Temp\ccZGXZAV.s:345    .text.prvWriteMessageToBuffer:00000000 prvWriteMessageToBuffer
C:\Users\subdia\AppData\Local\Temp\ccZGXZAV.s:446    .text.prvReadBytesFromBuffer:00000000 $t
C:\Users\subdia\AppData\Local\Temp\ccZGXZAV.s:451    .text.prvReadBytesFromBuffer:00000000 prvReadBytesFromBuffer
C:\Users\subdia\AppData\Local\Temp\ccZGXZAV.s:627    .text.prvReadMessageFromBuffer:00000000 $t
C:\Users\subdia\AppData\Local\Temp\ccZGXZAV.s:632    .text.prvReadMessageFromBuffer:00000000 prvReadMessageFromBuffer
C:\Users\subdia\AppData\Local\Temp\ccZGXZAV.s:741    .text.xStreamBufferGenericCreate:00000000 $t
C:\Users\subdia\AppData\Local\Temp\ccZGXZAV.s:747    .text.xStreamBufferGenericCreate:00000000 xStreamBufferGenericCreate
C:\Users\subdia\AppData\Local\Temp\ccZGXZAV.s:912    .text.xStreamBufferGenericCreateStatic:00000000 $t
C:\Users\subdia\AppData\Local\Temp\ccZGXZAV.s:918    .text.xStreamBufferGenericCreateStatic:00000000 xStreamBufferGenericCreateStatic
C:\Users\subdia\AppData\Local\Temp\ccZGXZAV.s:1157   .text.vStreamBufferDelete:00000000 $t
C:\Users\subdia\AppData\Local\Temp\ccZGXZAV.s:1163   .text.vStreamBufferDelete:00000000 vStreamBufferDelete
C:\Users\subdia\AppData\Local\Temp\ccZGXZAV.s:1231   .text.xStreamBufferReset:00000000 $t
C:\Users\subdia\AppData\Local\Temp\ccZGXZAV.s:1237   .text.xStreamBufferReset:00000000 xStreamBufferReset
C:\Users\subdia\AppData\Local\Temp\ccZGXZAV.s:1351   .text.xStreamBufferSetTriggerLevel:00000000 $t
C:\Users\subdia\AppData\Local\Temp\ccZGXZAV.s:1357   .text.xStreamBufferSetTriggerLevel:00000000 xStreamBufferSetTriggerLevel
C:\Users\subdia\AppData\Local\Temp\ccZGXZAV.s:1429   .text.xStreamBufferSpacesAvailable:00000000 $t
C:\Users\subdia\AppData\Local\Temp\ccZGXZAV.s:1435   .text.xStreamBufferSpacesAvailable:00000000 xStreamBufferSpacesAvailable
C:\Users\subdia\AppData\Local\Temp\ccZGXZAV.s:1510   .text.xStreamBufferBytesAvailable:00000000 $t
C:\Users\subdia\AppData\Local\Temp\ccZGXZAV.s:1516   .text.xStreamBufferBytesAvailable:00000000 xStreamBufferBytesAvailable
C:\Users\subdia\AppData\Local\Temp\ccZGXZAV.s:1570   .text.xStreamBufferSend:00000000 $t
C:\Users\subdia\AppData\Local\Temp\ccZGXZAV.s:1576   .text.xStreamBufferSend:00000000 xStreamBufferSend
C:\Users\subdia\AppData\Local\Temp\ccZGXZAV.s:1892   .text.xStreamBufferSendFromISR:00000000 $t
C:\Users\subdia\AppData\Local\Temp\ccZGXZAV.s:1898   .text.xStreamBufferSendFromISR:00000000 xStreamBufferSendFromISR
C:\Users\subdia\AppData\Local\Temp\ccZGXZAV.s:2135   .text.xStreamBufferReceive:00000000 $t
C:\Users\subdia\AppData\Local\Temp\ccZGXZAV.s:2141   .text.xStreamBufferReceive:00000000 xStreamBufferReceive
C:\Users\subdia\AppData\Local\Temp\ccZGXZAV.s:2431   .text.xStreamBufferNextMessageLengthBytes:00000000 $t
C:\Users\subdia\AppData\Local\Temp\ccZGXZAV.s:2437   .text.xStreamBufferNextMessageLengthBytes:00000000 xStreamBufferNextMessageLengthBytes
C:\Users\subdia\AppData\Local\Temp\ccZGXZAV.s:2573   .text.xStreamBufferReceiveFromISR:00000000 $t
C:\Users\subdia\AppData\Local\Temp\ccZGXZAV.s:2579   .text.xStreamBufferReceiveFromISR:00000000 xStreamBufferReceiveFromISR
C:\Users\subdia\AppData\Local\Temp\ccZGXZAV.s:2815   .text.xStreamBufferIsEmpty:00000000 $t
C:\Users\subdia\AppData\Local\Temp\ccZGXZAV.s:2821   .text.xStreamBufferIsEmpty:00000000 xStreamBufferIsEmpty
C:\Users\subdia\AppData\Local\Temp\ccZGXZAV.s:2886   .text.xStreamBufferIsFull:00000000 $t
C:\Users\subdia\AppData\Local\Temp\ccZGXZAV.s:2892   .text.xStreamBufferIsFull:00000000 xStreamBufferIsFull
C:\Users\subdia\AppData\Local\Temp\ccZGXZAV.s:2987   .text.xStreamBufferSendCompletedFromISR:00000000 $t
C:\Users\subdia\AppData\Local\Temp\ccZGXZAV.s:2993   .text.xStreamBufferSendCompletedFromISR:00000000 xStreamBufferSendCompletedFromISR
C:\Users\subdia\AppData\Local\Temp\ccZGXZAV.s:3136   .text.xStreamBufferReceiveCompletedFromISR:00000000 $t
C:\Users\subdia\AppData\Local\Temp\ccZGXZAV.s:3142   .text.xStreamBufferReceiveCompletedFromISR:00000000 xStreamBufferReceiveCompletedFromISR

UNDEFINED SYMBOLS
memset
memcpy
pvPortMalloc
vPortFree
vPortEnterCritical
vPortExitCritical
vTaskSetTimeOutState
xTaskNotifyStateClear
xTaskGetCurrentTaskHandle
ARM GAS  C:\Users\subdia\AppData\Local\Temp\ccZGXZAV.s 			page 99


xTaskNotifyWait
xTaskCheckForTimeOut
vTaskSuspendAll
xTaskGenericNotify
xTaskResumeAll
xTaskGenericNotifyFromISR
