ARM GAS  C:\Users\subdia\AppData\Local\Temp\ccqYdsij.s 			page 1


   1              		.cpu cortex-m3
   2              		.arch armv7-m
   3              		.fpu softvfp
   4              		.eabi_attribute 20, 1
   5              		.eabi_attribute 21, 1
   6              		.eabi_attribute 23, 3
   7              		.eabi_attribute 24, 1
   8              		.eabi_attribute 25, 1
   9              		.eabi_attribute 26, 1
  10              		.eabi_attribute 30, 1
  11              		.eabi_attribute 34, 1
  12              		.eabi_attribute 18, 4
  13              		.file	"tasks.c"
  14              		.text
  15              	.Ltext0:
  16              		.cfi_sections	.debug_frame
  17              		.file 1 "Middlewares/Third_Party/FreeRTOS/Source/tasks.c"
  18              		.section	.text.prvTaskIsTaskSuspended,"ax",%progbits
  19              		.align	1
  20              		.syntax unified
  21              		.thumb
  22              		.thumb_func
  24              	prvTaskIsTaskSuspended:
  25              	.LVL0:
  26              	.LFB15:
   1:Middlewares/Third_Party/FreeRTOS/Source/tasks.c **** /*
   2:Middlewares/Third_Party/FreeRTOS/Source/tasks.c ****  * FreeRTOS Kernel V10.3.1
   3:Middlewares/Third_Party/FreeRTOS/Source/tasks.c ****  * Copyright (C) 2020 Amazon.com, Inc. or its affiliates.  All Rights Reserved.
   4:Middlewares/Third_Party/FreeRTOS/Source/tasks.c ****  *
   5:Middlewares/Third_Party/FreeRTOS/Source/tasks.c ****  * Permission is hereby granted, free of charge, to any person obtaining a copy of
   6:Middlewares/Third_Party/FreeRTOS/Source/tasks.c ****  * this software and associated documentation files (the "Software"), to deal in
   7:Middlewares/Third_Party/FreeRTOS/Source/tasks.c ****  * the Software without restriction, including without limitation the rights to
   8:Middlewares/Third_Party/FreeRTOS/Source/tasks.c ****  * use, copy, modify, merge, publish, distribute, sublicense, and/or sell copies of
   9:Middlewares/Third_Party/FreeRTOS/Source/tasks.c ****  * the Software, and to permit persons to whom the Software is furnished to do so,
  10:Middlewares/Third_Party/FreeRTOS/Source/tasks.c ****  * subject to the following conditions:
  11:Middlewares/Third_Party/FreeRTOS/Source/tasks.c ****  *
  12:Middlewares/Third_Party/FreeRTOS/Source/tasks.c ****  * The above copyright notice and this permission notice shall be included in all
  13:Middlewares/Third_Party/FreeRTOS/Source/tasks.c ****  * copies or substantial portions of the Software.
  14:Middlewares/Third_Party/FreeRTOS/Source/tasks.c ****  *
  15:Middlewares/Third_Party/FreeRTOS/Source/tasks.c ****  * THE SOFTWARE IS PROVIDED "AS IS", WITHOUT WARRANTY OF ANY KIND, EXPRESS OR
  16:Middlewares/Third_Party/FreeRTOS/Source/tasks.c ****  * IMPLIED, INCLUDING BUT NOT LIMITED TO THE WARRANTIES OF MERCHANTABILITY, FITNESS
  17:Middlewares/Third_Party/FreeRTOS/Source/tasks.c ****  * FOR A PARTICULAR PURPOSE AND NONINFRINGEMENT. IN NO EVENT SHALL THE AUTHORS OR
  18:Middlewares/Third_Party/FreeRTOS/Source/tasks.c ****  * COPYRIGHT HOLDERS BE LIABLE FOR ANY CLAIM, DAMAGES OR OTHER LIABILITY, WHETHER
  19:Middlewares/Third_Party/FreeRTOS/Source/tasks.c ****  * IN AN ACTION OF CONTRACT, TORT OR OTHERWISE, ARISING FROM, OUT OF OR IN
  20:Middlewares/Third_Party/FreeRTOS/Source/tasks.c ****  * CONNECTION WITH THE SOFTWARE OR THE USE OR OTHER DEALINGS IN THE SOFTWARE.
  21:Middlewares/Third_Party/FreeRTOS/Source/tasks.c ****  *
  22:Middlewares/Third_Party/FreeRTOS/Source/tasks.c ****  * http://www.FreeRTOS.org
  23:Middlewares/Third_Party/FreeRTOS/Source/tasks.c ****  * http://aws.amazon.com/freertos
  24:Middlewares/Third_Party/FreeRTOS/Source/tasks.c ****  *
  25:Middlewares/Third_Party/FreeRTOS/Source/tasks.c ****  * 1 tab == 4 spaces!
  26:Middlewares/Third_Party/FreeRTOS/Source/tasks.c ****  */
  27:Middlewares/Third_Party/FreeRTOS/Source/tasks.c **** 
  28:Middlewares/Third_Party/FreeRTOS/Source/tasks.c **** /* Standard includes. */
  29:Middlewares/Third_Party/FreeRTOS/Source/tasks.c **** #include <stdlib.h>
  30:Middlewares/Third_Party/FreeRTOS/Source/tasks.c **** #include <string.h>
  31:Middlewares/Third_Party/FreeRTOS/Source/tasks.c **** 
  32:Middlewares/Third_Party/FreeRTOS/Source/tasks.c **** /* Defining MPU_WRAPPERS_INCLUDED_FROM_API_FILE prevents task.h from redefining
ARM GAS  C:\Users\subdia\AppData\Local\Temp\ccqYdsij.s 			page 2


  33:Middlewares/Third_Party/FreeRTOS/Source/tasks.c **** all the API functions to use the MPU wrappers.  That should only be done when
  34:Middlewares/Third_Party/FreeRTOS/Source/tasks.c **** task.h is included from an application file. */
  35:Middlewares/Third_Party/FreeRTOS/Source/tasks.c **** #define MPU_WRAPPERS_INCLUDED_FROM_API_FILE
  36:Middlewares/Third_Party/FreeRTOS/Source/tasks.c **** 
  37:Middlewares/Third_Party/FreeRTOS/Source/tasks.c **** /* FreeRTOS includes. */
  38:Middlewares/Third_Party/FreeRTOS/Source/tasks.c **** #include "FreeRTOS.h"
  39:Middlewares/Third_Party/FreeRTOS/Source/tasks.c **** #include "task.h"
  40:Middlewares/Third_Party/FreeRTOS/Source/tasks.c **** #include "timers.h"
  41:Middlewares/Third_Party/FreeRTOS/Source/tasks.c **** #include "stack_macros.h"
  42:Middlewares/Third_Party/FreeRTOS/Source/tasks.c **** 
  43:Middlewares/Third_Party/FreeRTOS/Source/tasks.c **** /* Lint e9021, e961 and e750 are suppressed as a MISRA exception justified
  44:Middlewares/Third_Party/FreeRTOS/Source/tasks.c **** because the MPU ports require MPU_WRAPPERS_INCLUDED_FROM_API_FILE to be defined
  45:Middlewares/Third_Party/FreeRTOS/Source/tasks.c **** for the header files above, but not in this file, in order to generate the
  46:Middlewares/Third_Party/FreeRTOS/Source/tasks.c **** correct privileged Vs unprivileged linkage and placement. */
  47:Middlewares/Third_Party/FreeRTOS/Source/tasks.c **** #undef MPU_WRAPPERS_INCLUDED_FROM_API_FILE /*lint !e961 !e750 !e9021. */
  48:Middlewares/Third_Party/FreeRTOS/Source/tasks.c **** 
  49:Middlewares/Third_Party/FreeRTOS/Source/tasks.c **** /* Set configUSE_STATS_FORMATTING_FUNCTIONS to 2 to include the stats formatting
  50:Middlewares/Third_Party/FreeRTOS/Source/tasks.c **** functions but without including stdio.h here. */
  51:Middlewares/Third_Party/FreeRTOS/Source/tasks.c **** #if ( configUSE_STATS_FORMATTING_FUNCTIONS == 1 )
  52:Middlewares/Third_Party/FreeRTOS/Source/tasks.c **** 	/* At the bottom of this file are two optional functions that can be used
  53:Middlewares/Third_Party/FreeRTOS/Source/tasks.c **** 	to generate human readable text from the raw data generated by the
  54:Middlewares/Third_Party/FreeRTOS/Source/tasks.c **** 	uxTaskGetSystemState() function.  Note the formatting functions are provided
  55:Middlewares/Third_Party/FreeRTOS/Source/tasks.c **** 	for convenience only, and are NOT considered part of the kernel. */
  56:Middlewares/Third_Party/FreeRTOS/Source/tasks.c **** 	#include <stdio.h>
  57:Middlewares/Third_Party/FreeRTOS/Source/tasks.c **** #endif /* configUSE_STATS_FORMATTING_FUNCTIONS == 1 ) */
  58:Middlewares/Third_Party/FreeRTOS/Source/tasks.c **** 
  59:Middlewares/Third_Party/FreeRTOS/Source/tasks.c **** #if( configUSE_PREEMPTION == 0 )
  60:Middlewares/Third_Party/FreeRTOS/Source/tasks.c **** 	/* If the cooperative scheduler is being used then a yield should not be
  61:Middlewares/Third_Party/FreeRTOS/Source/tasks.c **** 	performed just because a higher priority task has been woken. */
  62:Middlewares/Third_Party/FreeRTOS/Source/tasks.c **** 	#define taskYIELD_IF_USING_PREEMPTION()
  63:Middlewares/Third_Party/FreeRTOS/Source/tasks.c **** #else
  64:Middlewares/Third_Party/FreeRTOS/Source/tasks.c **** 	#define taskYIELD_IF_USING_PREEMPTION() portYIELD_WITHIN_API()
  65:Middlewares/Third_Party/FreeRTOS/Source/tasks.c **** #endif
  66:Middlewares/Third_Party/FreeRTOS/Source/tasks.c **** 
  67:Middlewares/Third_Party/FreeRTOS/Source/tasks.c **** /* Values that can be assigned to the ucNotifyState member of the TCB. */
  68:Middlewares/Third_Party/FreeRTOS/Source/tasks.c **** #define taskNOT_WAITING_NOTIFICATION	( ( uint8_t ) 0 )
  69:Middlewares/Third_Party/FreeRTOS/Source/tasks.c **** #define taskWAITING_NOTIFICATION		( ( uint8_t ) 1 )
  70:Middlewares/Third_Party/FreeRTOS/Source/tasks.c **** #define taskNOTIFICATION_RECEIVED		( ( uint8_t ) 2 )
  71:Middlewares/Third_Party/FreeRTOS/Source/tasks.c **** 
  72:Middlewares/Third_Party/FreeRTOS/Source/tasks.c **** /*
  73:Middlewares/Third_Party/FreeRTOS/Source/tasks.c ****  * The value used to fill the stack of a task when the task is created.  This
  74:Middlewares/Third_Party/FreeRTOS/Source/tasks.c ****  * is used purely for checking the high water mark for tasks.
  75:Middlewares/Third_Party/FreeRTOS/Source/tasks.c ****  */
  76:Middlewares/Third_Party/FreeRTOS/Source/tasks.c **** #define tskSTACK_FILL_BYTE	( 0xa5U )
  77:Middlewares/Third_Party/FreeRTOS/Source/tasks.c **** 
  78:Middlewares/Third_Party/FreeRTOS/Source/tasks.c **** /* Bits used to recored how a task's stack and TCB were allocated. */
  79:Middlewares/Third_Party/FreeRTOS/Source/tasks.c **** #define tskDYNAMICALLY_ALLOCATED_STACK_AND_TCB 		( ( uint8_t ) 0 )
  80:Middlewares/Third_Party/FreeRTOS/Source/tasks.c **** #define tskSTATICALLY_ALLOCATED_STACK_ONLY 			( ( uint8_t ) 1 )
  81:Middlewares/Third_Party/FreeRTOS/Source/tasks.c **** #define tskSTATICALLY_ALLOCATED_STACK_AND_TCB		( ( uint8_t ) 2 )
  82:Middlewares/Third_Party/FreeRTOS/Source/tasks.c **** 
  83:Middlewares/Third_Party/FreeRTOS/Source/tasks.c **** /* If any of the following are set then task stacks are filled with a known
  84:Middlewares/Third_Party/FreeRTOS/Source/tasks.c **** value so the high water mark can be determined.  If none of the following are
  85:Middlewares/Third_Party/FreeRTOS/Source/tasks.c **** set then don't fill the stack so there is no unnecessary dependency on memset. */
  86:Middlewares/Third_Party/FreeRTOS/Source/tasks.c **** #if( ( configCHECK_FOR_STACK_OVERFLOW > 1 ) || ( configUSE_TRACE_FACILITY == 1 ) || ( INCLUDE_uxTas
  87:Middlewares/Third_Party/FreeRTOS/Source/tasks.c **** 	#define tskSET_NEW_STACKS_TO_KNOWN_VALUE	1
  88:Middlewares/Third_Party/FreeRTOS/Source/tasks.c **** #else
  89:Middlewares/Third_Party/FreeRTOS/Source/tasks.c **** 	#define tskSET_NEW_STACKS_TO_KNOWN_VALUE	0
ARM GAS  C:\Users\subdia\AppData\Local\Temp\ccqYdsij.s 			page 3


  90:Middlewares/Third_Party/FreeRTOS/Source/tasks.c **** #endif
  91:Middlewares/Third_Party/FreeRTOS/Source/tasks.c **** 
  92:Middlewares/Third_Party/FreeRTOS/Source/tasks.c **** /*
  93:Middlewares/Third_Party/FreeRTOS/Source/tasks.c ****  * Macros used by vListTask to indicate which state a task is in.
  94:Middlewares/Third_Party/FreeRTOS/Source/tasks.c ****  */
  95:Middlewares/Third_Party/FreeRTOS/Source/tasks.c **** #define tskRUNNING_CHAR		( 'X' )
  96:Middlewares/Third_Party/FreeRTOS/Source/tasks.c **** #define tskBLOCKED_CHAR		( 'B' )
  97:Middlewares/Third_Party/FreeRTOS/Source/tasks.c **** #define tskREADY_CHAR		( 'R' )
  98:Middlewares/Third_Party/FreeRTOS/Source/tasks.c **** #define tskDELETED_CHAR		( 'D' )
  99:Middlewares/Third_Party/FreeRTOS/Source/tasks.c **** #define tskSUSPENDED_CHAR	( 'S' )
 100:Middlewares/Third_Party/FreeRTOS/Source/tasks.c **** 
 101:Middlewares/Third_Party/FreeRTOS/Source/tasks.c **** /*
 102:Middlewares/Third_Party/FreeRTOS/Source/tasks.c ****  * Some kernel aware debuggers require the data the debugger needs access to be
 103:Middlewares/Third_Party/FreeRTOS/Source/tasks.c ****  * global, rather than file scope.
 104:Middlewares/Third_Party/FreeRTOS/Source/tasks.c ****  */
 105:Middlewares/Third_Party/FreeRTOS/Source/tasks.c **** #ifdef portREMOVE_STATIC_QUALIFIER
 106:Middlewares/Third_Party/FreeRTOS/Source/tasks.c **** 	#define static
 107:Middlewares/Third_Party/FreeRTOS/Source/tasks.c **** #endif
 108:Middlewares/Third_Party/FreeRTOS/Source/tasks.c **** 
 109:Middlewares/Third_Party/FreeRTOS/Source/tasks.c **** /* The name allocated to the Idle task.  This can be overridden by defining
 110:Middlewares/Third_Party/FreeRTOS/Source/tasks.c **** configIDLE_TASK_NAME in FreeRTOSConfig.h. */
 111:Middlewares/Third_Party/FreeRTOS/Source/tasks.c **** #ifndef configIDLE_TASK_NAME
 112:Middlewares/Third_Party/FreeRTOS/Source/tasks.c **** 	#define configIDLE_TASK_NAME "IDLE"
 113:Middlewares/Third_Party/FreeRTOS/Source/tasks.c **** #endif
 114:Middlewares/Third_Party/FreeRTOS/Source/tasks.c **** 
 115:Middlewares/Third_Party/FreeRTOS/Source/tasks.c **** #if ( configUSE_PORT_OPTIMISED_TASK_SELECTION == 0 )
 116:Middlewares/Third_Party/FreeRTOS/Source/tasks.c **** 
 117:Middlewares/Third_Party/FreeRTOS/Source/tasks.c **** 	/* If configUSE_PORT_OPTIMISED_TASK_SELECTION is 0 then task selection is
 118:Middlewares/Third_Party/FreeRTOS/Source/tasks.c **** 	performed in a generic way that is not optimised to any particular
 119:Middlewares/Third_Party/FreeRTOS/Source/tasks.c **** 	microcontroller architecture. */
 120:Middlewares/Third_Party/FreeRTOS/Source/tasks.c **** 
 121:Middlewares/Third_Party/FreeRTOS/Source/tasks.c **** 	/* uxTopReadyPriority holds the priority of the highest priority ready
 122:Middlewares/Third_Party/FreeRTOS/Source/tasks.c **** 	state task. */
 123:Middlewares/Third_Party/FreeRTOS/Source/tasks.c **** 	#define taskRECORD_READY_PRIORITY( uxPriority )														\
 124:Middlewares/Third_Party/FreeRTOS/Source/tasks.c **** 	{																									\
 125:Middlewares/Third_Party/FreeRTOS/Source/tasks.c **** 		if( ( uxPriority ) > uxTopReadyPriority )														\
 126:Middlewares/Third_Party/FreeRTOS/Source/tasks.c **** 		{																								\
 127:Middlewares/Third_Party/FreeRTOS/Source/tasks.c **** 			uxTopReadyPriority = ( uxPriority );														\
 128:Middlewares/Third_Party/FreeRTOS/Source/tasks.c **** 		}																								\
 129:Middlewares/Third_Party/FreeRTOS/Source/tasks.c **** 	} /* taskRECORD_READY_PRIORITY */
 130:Middlewares/Third_Party/FreeRTOS/Source/tasks.c **** 
 131:Middlewares/Third_Party/FreeRTOS/Source/tasks.c **** 	/*-----------------------------------------------------------*/
 132:Middlewares/Third_Party/FreeRTOS/Source/tasks.c **** 
 133:Middlewares/Third_Party/FreeRTOS/Source/tasks.c **** 	#define taskSELECT_HIGHEST_PRIORITY_TASK()															\
 134:Middlewares/Third_Party/FreeRTOS/Source/tasks.c **** 	{																									\
 135:Middlewares/Third_Party/FreeRTOS/Source/tasks.c **** 	UBaseType_t uxTopPriority = uxTopReadyPriority;														\
 136:Middlewares/Third_Party/FreeRTOS/Source/tasks.c **** 																										\
 137:Middlewares/Third_Party/FreeRTOS/Source/tasks.c **** 		/* Find the highest priority queue that contains ready tasks. */								\
 138:Middlewares/Third_Party/FreeRTOS/Source/tasks.c **** 		while( listLIST_IS_EMPTY( &( pxReadyTasksLists[ uxTopPriority ] ) ) )							\
 139:Middlewares/Third_Party/FreeRTOS/Source/tasks.c **** 		{																								\
 140:Middlewares/Third_Party/FreeRTOS/Source/tasks.c **** 			configASSERT( uxTopPriority );																\
 141:Middlewares/Third_Party/FreeRTOS/Source/tasks.c **** 			--uxTopPriority;																			\
 142:Middlewares/Third_Party/FreeRTOS/Source/tasks.c **** 		}																								\
 143:Middlewares/Third_Party/FreeRTOS/Source/tasks.c **** 																										\
 144:Middlewares/Third_Party/FreeRTOS/Source/tasks.c **** 		/* listGET_OWNER_OF_NEXT_ENTRY indexes through the list, so the tasks of						\
 145:Middlewares/Third_Party/FreeRTOS/Source/tasks.c **** 		the	same priority get an equal share of the processor time. */									\
 146:Middlewares/Third_Party/FreeRTOS/Source/tasks.c **** 		listGET_OWNER_OF_NEXT_ENTRY( pxCurrentTCB, &( pxReadyTasksLists[ uxTopPriority ] ) );			\
ARM GAS  C:\Users\subdia\AppData\Local\Temp\ccqYdsij.s 			page 4


 147:Middlewares/Third_Party/FreeRTOS/Source/tasks.c **** 		uxTopReadyPriority = uxTopPriority;																\
 148:Middlewares/Third_Party/FreeRTOS/Source/tasks.c **** 	} /* taskSELECT_HIGHEST_PRIORITY_TASK */
 149:Middlewares/Third_Party/FreeRTOS/Source/tasks.c **** 
 150:Middlewares/Third_Party/FreeRTOS/Source/tasks.c **** 	/*-----------------------------------------------------------*/
 151:Middlewares/Third_Party/FreeRTOS/Source/tasks.c **** 
 152:Middlewares/Third_Party/FreeRTOS/Source/tasks.c **** 	/* Define away taskRESET_READY_PRIORITY() and portRESET_READY_PRIORITY() as
 153:Middlewares/Third_Party/FreeRTOS/Source/tasks.c **** 	they are only required when a port optimised method of task selection is
 154:Middlewares/Third_Party/FreeRTOS/Source/tasks.c **** 	being used. */
 155:Middlewares/Third_Party/FreeRTOS/Source/tasks.c **** 	#define taskRESET_READY_PRIORITY( uxPriority )
 156:Middlewares/Third_Party/FreeRTOS/Source/tasks.c **** 	#define portRESET_READY_PRIORITY( uxPriority, uxTopReadyPriority )
 157:Middlewares/Third_Party/FreeRTOS/Source/tasks.c **** 
 158:Middlewares/Third_Party/FreeRTOS/Source/tasks.c **** #else /* configUSE_PORT_OPTIMISED_TASK_SELECTION */
 159:Middlewares/Third_Party/FreeRTOS/Source/tasks.c **** 
 160:Middlewares/Third_Party/FreeRTOS/Source/tasks.c **** 	/* If configUSE_PORT_OPTIMISED_TASK_SELECTION is 1 then task selection is
 161:Middlewares/Third_Party/FreeRTOS/Source/tasks.c **** 	performed in a way that is tailored to the particular microcontroller
 162:Middlewares/Third_Party/FreeRTOS/Source/tasks.c **** 	architecture being used. */
 163:Middlewares/Third_Party/FreeRTOS/Source/tasks.c **** 
 164:Middlewares/Third_Party/FreeRTOS/Source/tasks.c **** 	/* A port optimised version is provided.  Call the port defined macros. */
 165:Middlewares/Third_Party/FreeRTOS/Source/tasks.c **** 	#define taskRECORD_READY_PRIORITY( uxPriority )	portRECORD_READY_PRIORITY( uxPriority, uxTopReadyP
 166:Middlewares/Third_Party/FreeRTOS/Source/tasks.c **** 
 167:Middlewares/Third_Party/FreeRTOS/Source/tasks.c **** 	/*-----------------------------------------------------------*/
 168:Middlewares/Third_Party/FreeRTOS/Source/tasks.c **** 
 169:Middlewares/Third_Party/FreeRTOS/Source/tasks.c **** 	#define taskSELECT_HIGHEST_PRIORITY_TASK()														\
 170:Middlewares/Third_Party/FreeRTOS/Source/tasks.c **** 	{																								\
 171:Middlewares/Third_Party/FreeRTOS/Source/tasks.c **** 	UBaseType_t uxTopPriority;																		\
 172:Middlewares/Third_Party/FreeRTOS/Source/tasks.c **** 																									\
 173:Middlewares/Third_Party/FreeRTOS/Source/tasks.c **** 		/* Find the highest priority list that contains ready tasks. */								\
 174:Middlewares/Third_Party/FreeRTOS/Source/tasks.c **** 		portGET_HIGHEST_PRIORITY( uxTopPriority, uxTopReadyPriority );								\
 175:Middlewares/Third_Party/FreeRTOS/Source/tasks.c **** 		configASSERT( listCURRENT_LIST_LENGTH( &( pxReadyTasksLists[ uxTopPriority ] ) ) > 0 );		\
 176:Middlewares/Third_Party/FreeRTOS/Source/tasks.c **** 		listGET_OWNER_OF_NEXT_ENTRY( pxCurrentTCB, &( pxReadyTasksLists[ uxTopPriority ] ) );		\
 177:Middlewares/Third_Party/FreeRTOS/Source/tasks.c **** 	} /* taskSELECT_HIGHEST_PRIORITY_TASK() */
 178:Middlewares/Third_Party/FreeRTOS/Source/tasks.c **** 
 179:Middlewares/Third_Party/FreeRTOS/Source/tasks.c **** 	/*-----------------------------------------------------------*/
 180:Middlewares/Third_Party/FreeRTOS/Source/tasks.c **** 
 181:Middlewares/Third_Party/FreeRTOS/Source/tasks.c **** 	/* A port optimised version is provided, call it only if the TCB being reset
 182:Middlewares/Third_Party/FreeRTOS/Source/tasks.c **** 	is being referenced from a ready list.  If it is referenced from a delayed
 183:Middlewares/Third_Party/FreeRTOS/Source/tasks.c **** 	or suspended list then it won't be in a ready list. */
 184:Middlewares/Third_Party/FreeRTOS/Source/tasks.c **** 	#define taskRESET_READY_PRIORITY( uxPriority )														\
 185:Middlewares/Third_Party/FreeRTOS/Source/tasks.c **** 	{																									\
 186:Middlewares/Third_Party/FreeRTOS/Source/tasks.c **** 		if( listCURRENT_LIST_LENGTH( &( pxReadyTasksLists[ ( uxPriority ) ] ) ) == ( UBaseType_t ) 0 )	\
 187:Middlewares/Third_Party/FreeRTOS/Source/tasks.c **** 		{																								\
 188:Middlewares/Third_Party/FreeRTOS/Source/tasks.c **** 			portRESET_READY_PRIORITY( ( uxPriority ), ( uxTopReadyPriority ) );							\
 189:Middlewares/Third_Party/FreeRTOS/Source/tasks.c **** 		}																								\
 190:Middlewares/Third_Party/FreeRTOS/Source/tasks.c **** 	}
 191:Middlewares/Third_Party/FreeRTOS/Source/tasks.c **** 
 192:Middlewares/Third_Party/FreeRTOS/Source/tasks.c **** #endif /* configUSE_PORT_OPTIMISED_TASK_SELECTION */
 193:Middlewares/Third_Party/FreeRTOS/Source/tasks.c **** 
 194:Middlewares/Third_Party/FreeRTOS/Source/tasks.c **** /*-----------------------------------------------------------*/
 195:Middlewares/Third_Party/FreeRTOS/Source/tasks.c **** 
 196:Middlewares/Third_Party/FreeRTOS/Source/tasks.c **** /* pxDelayedTaskList and pxOverflowDelayedTaskList are switched when the tick
 197:Middlewares/Third_Party/FreeRTOS/Source/tasks.c **** count overflows. */
 198:Middlewares/Third_Party/FreeRTOS/Source/tasks.c **** #define taskSWITCH_DELAYED_LISTS()																	\
 199:Middlewares/Third_Party/FreeRTOS/Source/tasks.c **** {																									\
 200:Middlewares/Third_Party/FreeRTOS/Source/tasks.c **** 	List_t *pxTemp;																					\
 201:Middlewares/Third_Party/FreeRTOS/Source/tasks.c **** 																									\
 202:Middlewares/Third_Party/FreeRTOS/Source/tasks.c **** 	/* The delayed tasks list should be empty when the lists are switched. */						\
 203:Middlewares/Third_Party/FreeRTOS/Source/tasks.c **** 	configASSERT( ( listLIST_IS_EMPTY( pxDelayedTaskList ) ) );										\
ARM GAS  C:\Users\subdia\AppData\Local\Temp\ccqYdsij.s 			page 5


 204:Middlewares/Third_Party/FreeRTOS/Source/tasks.c **** 																									\
 205:Middlewares/Third_Party/FreeRTOS/Source/tasks.c **** 	pxTemp = pxDelayedTaskList;																		\
 206:Middlewares/Third_Party/FreeRTOS/Source/tasks.c **** 	pxDelayedTaskList = pxOverflowDelayedTaskList;													\
 207:Middlewares/Third_Party/FreeRTOS/Source/tasks.c **** 	pxOverflowDelayedTaskList = pxTemp;																\
 208:Middlewares/Third_Party/FreeRTOS/Source/tasks.c **** 	xNumOfOverflows++;																				\
 209:Middlewares/Third_Party/FreeRTOS/Source/tasks.c **** 	prvResetNextTaskUnblockTime();																	\
 210:Middlewares/Third_Party/FreeRTOS/Source/tasks.c **** }
 211:Middlewares/Third_Party/FreeRTOS/Source/tasks.c **** 
 212:Middlewares/Third_Party/FreeRTOS/Source/tasks.c **** /*-----------------------------------------------------------*/
 213:Middlewares/Third_Party/FreeRTOS/Source/tasks.c **** 
 214:Middlewares/Third_Party/FreeRTOS/Source/tasks.c **** /*
 215:Middlewares/Third_Party/FreeRTOS/Source/tasks.c ****  * Place the task represented by pxTCB into the appropriate ready list for
 216:Middlewares/Third_Party/FreeRTOS/Source/tasks.c ****  * the task.  It is inserted at the end of the list.
 217:Middlewares/Third_Party/FreeRTOS/Source/tasks.c ****  */
 218:Middlewares/Third_Party/FreeRTOS/Source/tasks.c **** #define prvAddTaskToReadyList( pxTCB )																\
 219:Middlewares/Third_Party/FreeRTOS/Source/tasks.c **** 	traceMOVED_TASK_TO_READY_STATE( pxTCB );														\
 220:Middlewares/Third_Party/FreeRTOS/Source/tasks.c **** 	taskRECORD_READY_PRIORITY( ( pxTCB )->uxPriority );												\
 221:Middlewares/Third_Party/FreeRTOS/Source/tasks.c **** 	vListInsertEnd( &( pxReadyTasksLists[ ( pxTCB )->uxPriority ] ), &( ( pxTCB )->xStateListItem ) );
 222:Middlewares/Third_Party/FreeRTOS/Source/tasks.c **** 	tracePOST_MOVED_TASK_TO_READY_STATE( pxTCB )
 223:Middlewares/Third_Party/FreeRTOS/Source/tasks.c **** /*-----------------------------------------------------------*/
 224:Middlewares/Third_Party/FreeRTOS/Source/tasks.c **** 
 225:Middlewares/Third_Party/FreeRTOS/Source/tasks.c **** /*
 226:Middlewares/Third_Party/FreeRTOS/Source/tasks.c ****  * Several functions take an TaskHandle_t parameter that can optionally be NULL,
 227:Middlewares/Third_Party/FreeRTOS/Source/tasks.c ****  * where NULL is used to indicate that the handle of the currently executing
 228:Middlewares/Third_Party/FreeRTOS/Source/tasks.c ****  * task should be used in place of the parameter.  This macro simply checks to
 229:Middlewares/Third_Party/FreeRTOS/Source/tasks.c ****  * see if the parameter is NULL and returns a pointer to the appropriate TCB.
 230:Middlewares/Third_Party/FreeRTOS/Source/tasks.c ****  */
 231:Middlewares/Third_Party/FreeRTOS/Source/tasks.c **** #define prvGetTCBFromHandle( pxHandle ) ( ( ( pxHandle ) == NULL ) ? pxCurrentTCB : ( pxHandle ) )
 232:Middlewares/Third_Party/FreeRTOS/Source/tasks.c **** 
 233:Middlewares/Third_Party/FreeRTOS/Source/tasks.c **** /* The item value of the event list item is normally used to hold the priority
 234:Middlewares/Third_Party/FreeRTOS/Source/tasks.c **** of the task to which it belongs (coded to allow it to be held in reverse
 235:Middlewares/Third_Party/FreeRTOS/Source/tasks.c **** priority order).  However, it is occasionally borrowed for other purposes.  It
 236:Middlewares/Third_Party/FreeRTOS/Source/tasks.c **** is important its value is not updated due to a task priority change while it is
 237:Middlewares/Third_Party/FreeRTOS/Source/tasks.c **** being used for another purpose.  The following bit definition is used to inform
 238:Middlewares/Third_Party/FreeRTOS/Source/tasks.c **** the scheduler that the value should not be changed - in which case it is the
 239:Middlewares/Third_Party/FreeRTOS/Source/tasks.c **** responsibility of whichever module is using the value to ensure it gets set back
 240:Middlewares/Third_Party/FreeRTOS/Source/tasks.c **** to its original value when it is released. */
 241:Middlewares/Third_Party/FreeRTOS/Source/tasks.c **** #if( configUSE_16_BIT_TICKS == 1 )
 242:Middlewares/Third_Party/FreeRTOS/Source/tasks.c **** 	#define taskEVENT_LIST_ITEM_VALUE_IN_USE	0x8000U
 243:Middlewares/Third_Party/FreeRTOS/Source/tasks.c **** #else
 244:Middlewares/Third_Party/FreeRTOS/Source/tasks.c **** 	#define taskEVENT_LIST_ITEM_VALUE_IN_USE	0x80000000UL
 245:Middlewares/Third_Party/FreeRTOS/Source/tasks.c **** #endif
 246:Middlewares/Third_Party/FreeRTOS/Source/tasks.c **** 
 247:Middlewares/Third_Party/FreeRTOS/Source/tasks.c **** /*
 248:Middlewares/Third_Party/FreeRTOS/Source/tasks.c ****  * Task control block.  A task control block (TCB) is allocated for each task,
 249:Middlewares/Third_Party/FreeRTOS/Source/tasks.c ****  * and stores task state information, including a pointer to the task's context
 250:Middlewares/Third_Party/FreeRTOS/Source/tasks.c ****  * (the task's run time environment, including register values)
 251:Middlewares/Third_Party/FreeRTOS/Source/tasks.c ****  */
 252:Middlewares/Third_Party/FreeRTOS/Source/tasks.c **** typedef struct tskTaskControlBlock 			/* The old naming convention is used to prevent breaking kern
 253:Middlewares/Third_Party/FreeRTOS/Source/tasks.c **** {
 254:Middlewares/Third_Party/FreeRTOS/Source/tasks.c **** 	volatile StackType_t	*pxTopOfStack;	/*< Points to the location of the last item placed on the task
 255:Middlewares/Third_Party/FreeRTOS/Source/tasks.c **** 
 256:Middlewares/Third_Party/FreeRTOS/Source/tasks.c **** 	#if ( portUSING_MPU_WRAPPERS == 1 )
 257:Middlewares/Third_Party/FreeRTOS/Source/tasks.c **** 		xMPU_SETTINGS	xMPUSettings;		/*< The MPU settings are defined as part of the port layer.  THIS MU
 258:Middlewares/Third_Party/FreeRTOS/Source/tasks.c **** 	#endif
 259:Middlewares/Third_Party/FreeRTOS/Source/tasks.c **** 
 260:Middlewares/Third_Party/FreeRTOS/Source/tasks.c **** 	ListItem_t			xStateListItem;	/*< The list that the state list item of a task is reference from den
ARM GAS  C:\Users\subdia\AppData\Local\Temp\ccqYdsij.s 			page 6


 261:Middlewares/Third_Party/FreeRTOS/Source/tasks.c **** 	ListItem_t			xEventListItem;		/*< Used to reference a task from an event list. */
 262:Middlewares/Third_Party/FreeRTOS/Source/tasks.c **** 	UBaseType_t			uxPriority;			/*< The priority of the task.  0 is the lowest priority. */
 263:Middlewares/Third_Party/FreeRTOS/Source/tasks.c **** 	StackType_t			*pxStack;			/*< Points to the start of the stack. */
 264:Middlewares/Third_Party/FreeRTOS/Source/tasks.c **** 	char				pcTaskName[ configMAX_TASK_NAME_LEN ];/*< Descriptive name given to the task when created.
 265:Middlewares/Third_Party/FreeRTOS/Source/tasks.c **** 
 266:Middlewares/Third_Party/FreeRTOS/Source/tasks.c **** 	#if ( ( portSTACK_GROWTH > 0 ) || ( configRECORD_STACK_HIGH_ADDRESS == 1 ) )
 267:Middlewares/Third_Party/FreeRTOS/Source/tasks.c **** 		StackType_t		*pxEndOfStack;		/*< Points to the highest valid address for the stack. */
 268:Middlewares/Third_Party/FreeRTOS/Source/tasks.c **** 	#endif
 269:Middlewares/Third_Party/FreeRTOS/Source/tasks.c **** 
 270:Middlewares/Third_Party/FreeRTOS/Source/tasks.c **** 	#if ( portCRITICAL_NESTING_IN_TCB == 1 )
 271:Middlewares/Third_Party/FreeRTOS/Source/tasks.c **** 		UBaseType_t		uxCriticalNesting;	/*< Holds the critical section nesting depth for ports that do no
 272:Middlewares/Third_Party/FreeRTOS/Source/tasks.c **** 	#endif
 273:Middlewares/Third_Party/FreeRTOS/Source/tasks.c **** 
 274:Middlewares/Third_Party/FreeRTOS/Source/tasks.c **** 	#if ( configUSE_TRACE_FACILITY == 1 )
 275:Middlewares/Third_Party/FreeRTOS/Source/tasks.c **** 		UBaseType_t		uxTCBNumber;		/*< Stores a number that increments each time a TCB is created.  It al
 276:Middlewares/Third_Party/FreeRTOS/Source/tasks.c **** 		UBaseType_t		uxTaskNumber;		/*< Stores a number specifically for use by third party trace code. *
 277:Middlewares/Third_Party/FreeRTOS/Source/tasks.c **** 	#endif
 278:Middlewares/Third_Party/FreeRTOS/Source/tasks.c **** 
 279:Middlewares/Third_Party/FreeRTOS/Source/tasks.c **** 	#if ( configUSE_MUTEXES == 1 )
 280:Middlewares/Third_Party/FreeRTOS/Source/tasks.c **** 		UBaseType_t		uxBasePriority;		/*< The priority last assigned to the task - used by the priority i
 281:Middlewares/Third_Party/FreeRTOS/Source/tasks.c **** 		UBaseType_t		uxMutexesHeld;
 282:Middlewares/Third_Party/FreeRTOS/Source/tasks.c **** 	#endif
 283:Middlewares/Third_Party/FreeRTOS/Source/tasks.c **** 
 284:Middlewares/Third_Party/FreeRTOS/Source/tasks.c **** 	#if ( configUSE_APPLICATION_TASK_TAG == 1 )
 285:Middlewares/Third_Party/FreeRTOS/Source/tasks.c **** 		TaskHookFunction_t pxTaskTag;
 286:Middlewares/Third_Party/FreeRTOS/Source/tasks.c **** 	#endif
 287:Middlewares/Third_Party/FreeRTOS/Source/tasks.c **** 
 288:Middlewares/Third_Party/FreeRTOS/Source/tasks.c **** 	#if( configNUM_THREAD_LOCAL_STORAGE_POINTERS > 0 )
 289:Middlewares/Third_Party/FreeRTOS/Source/tasks.c **** 		void			*pvThreadLocalStoragePointers[ configNUM_THREAD_LOCAL_STORAGE_POINTERS ];
 290:Middlewares/Third_Party/FreeRTOS/Source/tasks.c **** 	#endif
 291:Middlewares/Third_Party/FreeRTOS/Source/tasks.c **** 
 292:Middlewares/Third_Party/FreeRTOS/Source/tasks.c **** 	#if( configGENERATE_RUN_TIME_STATS == 1 )
 293:Middlewares/Third_Party/FreeRTOS/Source/tasks.c **** 		uint32_t		ulRunTimeCounter;	/*< Stores the amount of time the task has spent in the Running state
 294:Middlewares/Third_Party/FreeRTOS/Source/tasks.c **** 	#endif
 295:Middlewares/Third_Party/FreeRTOS/Source/tasks.c **** 
 296:Middlewares/Third_Party/FreeRTOS/Source/tasks.c **** 	#if ( configUSE_NEWLIB_REENTRANT == 1 )
 297:Middlewares/Third_Party/FreeRTOS/Source/tasks.c **** 		/* Allocate a Newlib reent structure that is specific to this task.
 298:Middlewares/Third_Party/FreeRTOS/Source/tasks.c **** 		Note Newlib support has been included by popular demand, but is not
 299:Middlewares/Third_Party/FreeRTOS/Source/tasks.c **** 		used by the FreeRTOS maintainers themselves.  FreeRTOS is not
 300:Middlewares/Third_Party/FreeRTOS/Source/tasks.c **** 		responsible for resulting newlib operation.  User must be familiar with
 301:Middlewares/Third_Party/FreeRTOS/Source/tasks.c **** 		newlib and must provide system-wide implementations of the necessary
 302:Middlewares/Third_Party/FreeRTOS/Source/tasks.c **** 		stubs. Be warned that (at the time of writing) the current newlib design
 303:Middlewares/Third_Party/FreeRTOS/Source/tasks.c **** 		implements a system-wide malloc() that must be provided with locks.
 304:Middlewares/Third_Party/FreeRTOS/Source/tasks.c **** 
 305:Middlewares/Third_Party/FreeRTOS/Source/tasks.c **** 		See the third party link http://www.nadler.com/embedded/newlibAndFreeRTOS.html
 306:Middlewares/Third_Party/FreeRTOS/Source/tasks.c **** 		for additional information. */
 307:Middlewares/Third_Party/FreeRTOS/Source/tasks.c **** 		struct	_reent xNewLib_reent;
 308:Middlewares/Third_Party/FreeRTOS/Source/tasks.c **** 	#endif
 309:Middlewares/Third_Party/FreeRTOS/Source/tasks.c **** 
 310:Middlewares/Third_Party/FreeRTOS/Source/tasks.c **** 	#if( configUSE_TASK_NOTIFICATIONS == 1 )
 311:Middlewares/Third_Party/FreeRTOS/Source/tasks.c **** 		volatile uint32_t ulNotifiedValue;
 312:Middlewares/Third_Party/FreeRTOS/Source/tasks.c **** 		volatile uint8_t ucNotifyState;
 313:Middlewares/Third_Party/FreeRTOS/Source/tasks.c **** 	#endif
 314:Middlewares/Third_Party/FreeRTOS/Source/tasks.c **** 
 315:Middlewares/Third_Party/FreeRTOS/Source/tasks.c **** 	/* See the comments in FreeRTOS.h with the definition of
 316:Middlewares/Third_Party/FreeRTOS/Source/tasks.c **** 	tskSTATIC_AND_DYNAMIC_ALLOCATION_POSSIBLE. */
 317:Middlewares/Third_Party/FreeRTOS/Source/tasks.c **** 	#if( tskSTATIC_AND_DYNAMIC_ALLOCATION_POSSIBLE != 0 ) /*lint !e731 !e9029 Macro has been consolida
ARM GAS  C:\Users\subdia\AppData\Local\Temp\ccqYdsij.s 			page 7


 318:Middlewares/Third_Party/FreeRTOS/Source/tasks.c **** 		uint8_t	ucStaticallyAllocated; 		/*< Set to pdTRUE if the task is a statically allocated to ensur
 319:Middlewares/Third_Party/FreeRTOS/Source/tasks.c **** 	#endif
 320:Middlewares/Third_Party/FreeRTOS/Source/tasks.c **** 
 321:Middlewares/Third_Party/FreeRTOS/Source/tasks.c **** 	#if( INCLUDE_xTaskAbortDelay == 1 )
 322:Middlewares/Third_Party/FreeRTOS/Source/tasks.c **** 		uint8_t ucDelayAborted;
 323:Middlewares/Third_Party/FreeRTOS/Source/tasks.c **** 	#endif
 324:Middlewares/Third_Party/FreeRTOS/Source/tasks.c **** 
 325:Middlewares/Third_Party/FreeRTOS/Source/tasks.c **** 	#if( configUSE_POSIX_ERRNO == 1 )
 326:Middlewares/Third_Party/FreeRTOS/Source/tasks.c **** 		int iTaskErrno;
 327:Middlewares/Third_Party/FreeRTOS/Source/tasks.c **** 	#endif
 328:Middlewares/Third_Party/FreeRTOS/Source/tasks.c **** 
 329:Middlewares/Third_Party/FreeRTOS/Source/tasks.c **** } tskTCB;
 330:Middlewares/Third_Party/FreeRTOS/Source/tasks.c **** 
 331:Middlewares/Third_Party/FreeRTOS/Source/tasks.c **** /* The old tskTCB name is maintained above then typedefed to the new TCB_t name
 332:Middlewares/Third_Party/FreeRTOS/Source/tasks.c **** below to enable the use of older kernel aware debuggers. */
 333:Middlewares/Third_Party/FreeRTOS/Source/tasks.c **** typedef tskTCB TCB_t;
 334:Middlewares/Third_Party/FreeRTOS/Source/tasks.c **** 
 335:Middlewares/Third_Party/FreeRTOS/Source/tasks.c **** /*lint -save -e956 A manual analysis and inspection has been used to determine
 336:Middlewares/Third_Party/FreeRTOS/Source/tasks.c **** which static variables must be declared volatile. */
 337:Middlewares/Third_Party/FreeRTOS/Source/tasks.c **** PRIVILEGED_DATA TCB_t * volatile pxCurrentTCB = NULL;
 338:Middlewares/Third_Party/FreeRTOS/Source/tasks.c **** 
 339:Middlewares/Third_Party/FreeRTOS/Source/tasks.c **** /* Lists for ready and blocked tasks. --------------------
 340:Middlewares/Third_Party/FreeRTOS/Source/tasks.c **** xDelayedTaskList1 and xDelayedTaskList2 could be move to function scople but
 341:Middlewares/Third_Party/FreeRTOS/Source/tasks.c **** doing so breaks some kernel aware debuggers and debuggers that rely on removing
 342:Middlewares/Third_Party/FreeRTOS/Source/tasks.c **** the static qualifier. */
 343:Middlewares/Third_Party/FreeRTOS/Source/tasks.c **** PRIVILEGED_DATA static List_t pxReadyTasksLists[ configMAX_PRIORITIES ];/*< Prioritised ready tasks
 344:Middlewares/Third_Party/FreeRTOS/Source/tasks.c **** PRIVILEGED_DATA static List_t xDelayedTaskList1;						/*< Delayed tasks. */
 345:Middlewares/Third_Party/FreeRTOS/Source/tasks.c **** PRIVILEGED_DATA static List_t xDelayedTaskList2;						/*< Delayed tasks (two lists are used - one f
 346:Middlewares/Third_Party/FreeRTOS/Source/tasks.c **** PRIVILEGED_DATA static List_t * volatile pxDelayedTaskList;				/*< Points to the delayed task list 
 347:Middlewares/Third_Party/FreeRTOS/Source/tasks.c **** PRIVILEGED_DATA static List_t * volatile pxOverflowDelayedTaskList;		/*< Points to the delayed task
 348:Middlewares/Third_Party/FreeRTOS/Source/tasks.c **** PRIVILEGED_DATA static List_t xPendingReadyList;						/*< Tasks that have been readied while the sc
 349:Middlewares/Third_Party/FreeRTOS/Source/tasks.c **** 
 350:Middlewares/Third_Party/FreeRTOS/Source/tasks.c **** #if( INCLUDE_vTaskDelete == 1 )
 351:Middlewares/Third_Party/FreeRTOS/Source/tasks.c **** 
 352:Middlewares/Third_Party/FreeRTOS/Source/tasks.c **** 	PRIVILEGED_DATA static List_t xTasksWaitingTermination;				/*< Tasks that have been deleted - but 
 353:Middlewares/Third_Party/FreeRTOS/Source/tasks.c **** 	PRIVILEGED_DATA static volatile UBaseType_t uxDeletedTasksWaitingCleanUp = ( UBaseType_t ) 0U;
 354:Middlewares/Third_Party/FreeRTOS/Source/tasks.c **** 
 355:Middlewares/Third_Party/FreeRTOS/Source/tasks.c **** #endif
 356:Middlewares/Third_Party/FreeRTOS/Source/tasks.c **** 
 357:Middlewares/Third_Party/FreeRTOS/Source/tasks.c **** #if ( INCLUDE_vTaskSuspend == 1 )
 358:Middlewares/Third_Party/FreeRTOS/Source/tasks.c **** 
 359:Middlewares/Third_Party/FreeRTOS/Source/tasks.c **** 	PRIVILEGED_DATA static List_t xSuspendedTaskList;					/*< Tasks that are currently suspended. */
 360:Middlewares/Third_Party/FreeRTOS/Source/tasks.c **** 
 361:Middlewares/Third_Party/FreeRTOS/Source/tasks.c **** #endif
 362:Middlewares/Third_Party/FreeRTOS/Source/tasks.c **** 
 363:Middlewares/Third_Party/FreeRTOS/Source/tasks.c **** /* Global POSIX errno. Its value is changed upon context switching to match
 364:Middlewares/Third_Party/FreeRTOS/Source/tasks.c **** the errno of the currently running task. */
 365:Middlewares/Third_Party/FreeRTOS/Source/tasks.c **** #if ( configUSE_POSIX_ERRNO == 1 )
 366:Middlewares/Third_Party/FreeRTOS/Source/tasks.c **** 	int FreeRTOS_errno = 0;
 367:Middlewares/Third_Party/FreeRTOS/Source/tasks.c **** #endif
 368:Middlewares/Third_Party/FreeRTOS/Source/tasks.c **** 
 369:Middlewares/Third_Party/FreeRTOS/Source/tasks.c **** /* Other file private variables. --------------------------------*/
 370:Middlewares/Third_Party/FreeRTOS/Source/tasks.c **** PRIVILEGED_DATA static volatile UBaseType_t uxCurrentNumberOfTasks 	= ( UBaseType_t ) 0U;
 371:Middlewares/Third_Party/FreeRTOS/Source/tasks.c **** PRIVILEGED_DATA static volatile TickType_t xTickCount 				= ( TickType_t ) configINITIAL_TICK_COUNT
 372:Middlewares/Third_Party/FreeRTOS/Source/tasks.c **** PRIVILEGED_DATA static volatile UBaseType_t uxTopReadyPriority 		= tskIDLE_PRIORITY;
 373:Middlewares/Third_Party/FreeRTOS/Source/tasks.c **** PRIVILEGED_DATA static volatile BaseType_t xSchedulerRunning 		= pdFALSE;
 374:Middlewares/Third_Party/FreeRTOS/Source/tasks.c **** PRIVILEGED_DATA static volatile TickType_t xPendedTicks 			= ( TickType_t ) 0U;
ARM GAS  C:\Users\subdia\AppData\Local\Temp\ccqYdsij.s 			page 8


 375:Middlewares/Third_Party/FreeRTOS/Source/tasks.c **** PRIVILEGED_DATA static volatile BaseType_t xYieldPending 			= pdFALSE;
 376:Middlewares/Third_Party/FreeRTOS/Source/tasks.c **** PRIVILEGED_DATA static volatile BaseType_t xNumOfOverflows 			= ( BaseType_t ) 0;
 377:Middlewares/Third_Party/FreeRTOS/Source/tasks.c **** PRIVILEGED_DATA static UBaseType_t uxTaskNumber 					= ( UBaseType_t ) 0U;
 378:Middlewares/Third_Party/FreeRTOS/Source/tasks.c **** PRIVILEGED_DATA static volatile TickType_t xNextTaskUnblockTime		= ( TickType_t ) 0U; /* Initialise
 379:Middlewares/Third_Party/FreeRTOS/Source/tasks.c **** PRIVILEGED_DATA static TaskHandle_t xIdleTaskHandle					= NULL;			/*< Holds the handle of the idle 
 380:Middlewares/Third_Party/FreeRTOS/Source/tasks.c **** 
 381:Middlewares/Third_Party/FreeRTOS/Source/tasks.c **** /* Context switches are held pending while the scheduler is suspended.  Also,
 382:Middlewares/Third_Party/FreeRTOS/Source/tasks.c **** interrupts must not manipulate the xStateListItem of a TCB, or any of the
 383:Middlewares/Third_Party/FreeRTOS/Source/tasks.c **** lists the xStateListItem can be referenced from, if the scheduler is suspended.
 384:Middlewares/Third_Party/FreeRTOS/Source/tasks.c **** If an interrupt needs to unblock a task while the scheduler is suspended then it
 385:Middlewares/Third_Party/FreeRTOS/Source/tasks.c **** moves the task's event list item into the xPendingReadyList, ready for the
 386:Middlewares/Third_Party/FreeRTOS/Source/tasks.c **** kernel to move the task from the pending ready list into the real ready list
 387:Middlewares/Third_Party/FreeRTOS/Source/tasks.c **** when the scheduler is unsuspended.  The pending ready list itself can only be
 388:Middlewares/Third_Party/FreeRTOS/Source/tasks.c **** accessed from a critical section. */
 389:Middlewares/Third_Party/FreeRTOS/Source/tasks.c **** PRIVILEGED_DATA static volatile UBaseType_t uxSchedulerSuspended	= ( UBaseType_t ) pdFALSE;
 390:Middlewares/Third_Party/FreeRTOS/Source/tasks.c **** 
 391:Middlewares/Third_Party/FreeRTOS/Source/tasks.c **** #if ( configGENERATE_RUN_TIME_STATS == 1 )
 392:Middlewares/Third_Party/FreeRTOS/Source/tasks.c **** 
 393:Middlewares/Third_Party/FreeRTOS/Source/tasks.c **** 	/* Do not move these variables to function scope as doing so prevents the
 394:Middlewares/Third_Party/FreeRTOS/Source/tasks.c **** 	code working with debuggers that need to remove the static qualifier. */
 395:Middlewares/Third_Party/FreeRTOS/Source/tasks.c **** 	PRIVILEGED_DATA static uint32_t ulTaskSwitchedInTime = 0UL;	/*< Holds the value of a timer/counter
 396:Middlewares/Third_Party/FreeRTOS/Source/tasks.c **** 	PRIVILEGED_DATA static uint32_t ulTotalRunTime = 0UL;		/*< Holds the total amount of execution tim
 397:Middlewares/Third_Party/FreeRTOS/Source/tasks.c **** 
 398:Middlewares/Third_Party/FreeRTOS/Source/tasks.c **** #endif
 399:Middlewares/Third_Party/FreeRTOS/Source/tasks.c **** 
 400:Middlewares/Third_Party/FreeRTOS/Source/tasks.c **** /*lint -restore */
 401:Middlewares/Third_Party/FreeRTOS/Source/tasks.c **** 
 402:Middlewares/Third_Party/FreeRTOS/Source/tasks.c **** /*-----------------------------------------------------------*/
 403:Middlewares/Third_Party/FreeRTOS/Source/tasks.c **** 
 404:Middlewares/Third_Party/FreeRTOS/Source/tasks.c **** /* Callback function prototypes. --------------------------*/
 405:Middlewares/Third_Party/FreeRTOS/Source/tasks.c **** #if(  configCHECK_FOR_STACK_OVERFLOW > 0 )
 406:Middlewares/Third_Party/FreeRTOS/Source/tasks.c **** 
 407:Middlewares/Third_Party/FreeRTOS/Source/tasks.c **** 	extern void vApplicationStackOverflowHook( TaskHandle_t xTask, char *pcTaskName );
 408:Middlewares/Third_Party/FreeRTOS/Source/tasks.c **** 
 409:Middlewares/Third_Party/FreeRTOS/Source/tasks.c **** #endif
 410:Middlewares/Third_Party/FreeRTOS/Source/tasks.c **** 
 411:Middlewares/Third_Party/FreeRTOS/Source/tasks.c **** #if( configUSE_TICK_HOOK > 0 )
 412:Middlewares/Third_Party/FreeRTOS/Source/tasks.c **** 
 413:Middlewares/Third_Party/FreeRTOS/Source/tasks.c **** 	extern void vApplicationTickHook( void ); /*lint !e526 Symbol not defined as it is an application 
 414:Middlewares/Third_Party/FreeRTOS/Source/tasks.c **** 
 415:Middlewares/Third_Party/FreeRTOS/Source/tasks.c **** #endif
 416:Middlewares/Third_Party/FreeRTOS/Source/tasks.c **** 
 417:Middlewares/Third_Party/FreeRTOS/Source/tasks.c **** #if( configSUPPORT_STATIC_ALLOCATION == 1 )
 418:Middlewares/Third_Party/FreeRTOS/Source/tasks.c **** 
 419:Middlewares/Third_Party/FreeRTOS/Source/tasks.c **** 	extern void vApplicationGetIdleTaskMemory( StaticTask_t **ppxIdleTaskTCBBuffer, StackType_t **ppxI
 420:Middlewares/Third_Party/FreeRTOS/Source/tasks.c **** 
 421:Middlewares/Third_Party/FreeRTOS/Source/tasks.c **** #endif
 422:Middlewares/Third_Party/FreeRTOS/Source/tasks.c **** 
 423:Middlewares/Third_Party/FreeRTOS/Source/tasks.c **** /* File private functions. --------------------------------*/
 424:Middlewares/Third_Party/FreeRTOS/Source/tasks.c **** 
 425:Middlewares/Third_Party/FreeRTOS/Source/tasks.c **** /**
 426:Middlewares/Third_Party/FreeRTOS/Source/tasks.c ****  * Utility task that simply returns pdTRUE if the task referenced by xTask is
 427:Middlewares/Third_Party/FreeRTOS/Source/tasks.c ****  * currently in the Suspended state, or pdFALSE if the task referenced by xTask
 428:Middlewares/Third_Party/FreeRTOS/Source/tasks.c ****  * is in any other state.
 429:Middlewares/Third_Party/FreeRTOS/Source/tasks.c ****  */
 430:Middlewares/Third_Party/FreeRTOS/Source/tasks.c **** #if ( INCLUDE_vTaskSuspend == 1 )
 431:Middlewares/Third_Party/FreeRTOS/Source/tasks.c **** 
ARM GAS  C:\Users\subdia\AppData\Local\Temp\ccqYdsij.s 			page 9


 432:Middlewares/Third_Party/FreeRTOS/Source/tasks.c **** 	static BaseType_t prvTaskIsTaskSuspended( const TaskHandle_t xTask ) PRIVILEGED_FUNCTION;
 433:Middlewares/Third_Party/FreeRTOS/Source/tasks.c **** 
 434:Middlewares/Third_Party/FreeRTOS/Source/tasks.c **** #endif /* INCLUDE_vTaskSuspend */
 435:Middlewares/Third_Party/FreeRTOS/Source/tasks.c **** 
 436:Middlewares/Third_Party/FreeRTOS/Source/tasks.c **** /*
 437:Middlewares/Third_Party/FreeRTOS/Source/tasks.c ****  * Utility to ready all the lists used by the scheduler.  This is called
 438:Middlewares/Third_Party/FreeRTOS/Source/tasks.c ****  * automatically upon the creation of the first task.
 439:Middlewares/Third_Party/FreeRTOS/Source/tasks.c ****  */
 440:Middlewares/Third_Party/FreeRTOS/Source/tasks.c **** static void prvInitialiseTaskLists( void ) PRIVILEGED_FUNCTION;
 441:Middlewares/Third_Party/FreeRTOS/Source/tasks.c **** 
 442:Middlewares/Third_Party/FreeRTOS/Source/tasks.c **** /*
 443:Middlewares/Third_Party/FreeRTOS/Source/tasks.c ****  * The idle task, which as all tasks is implemented as a never ending loop.
 444:Middlewares/Third_Party/FreeRTOS/Source/tasks.c ****  * The idle task is automatically created and added to the ready lists upon
 445:Middlewares/Third_Party/FreeRTOS/Source/tasks.c ****  * creation of the first user task.
 446:Middlewares/Third_Party/FreeRTOS/Source/tasks.c ****  *
 447:Middlewares/Third_Party/FreeRTOS/Source/tasks.c ****  * The portTASK_FUNCTION_PROTO() macro is used to allow port/compiler specific
 448:Middlewares/Third_Party/FreeRTOS/Source/tasks.c ****  * language extensions.  The equivalent prototype for this function is:
 449:Middlewares/Third_Party/FreeRTOS/Source/tasks.c ****  *
 450:Middlewares/Third_Party/FreeRTOS/Source/tasks.c ****  * void prvIdleTask( void *pvParameters );
 451:Middlewares/Third_Party/FreeRTOS/Source/tasks.c ****  *
 452:Middlewares/Third_Party/FreeRTOS/Source/tasks.c ****  */
 453:Middlewares/Third_Party/FreeRTOS/Source/tasks.c **** static portTASK_FUNCTION_PROTO( prvIdleTask, pvParameters );
 454:Middlewares/Third_Party/FreeRTOS/Source/tasks.c **** 
 455:Middlewares/Third_Party/FreeRTOS/Source/tasks.c **** /*
 456:Middlewares/Third_Party/FreeRTOS/Source/tasks.c ****  * Utility to free all memory allocated by the scheduler to hold a TCB,
 457:Middlewares/Third_Party/FreeRTOS/Source/tasks.c ****  * including the stack pointed to by the TCB.
 458:Middlewares/Third_Party/FreeRTOS/Source/tasks.c ****  *
 459:Middlewares/Third_Party/FreeRTOS/Source/tasks.c ****  * This does not free memory allocated by the task itself (i.e. memory
 460:Middlewares/Third_Party/FreeRTOS/Source/tasks.c ****  * allocated by calls to pvPortMalloc from within the tasks application code).
 461:Middlewares/Third_Party/FreeRTOS/Source/tasks.c ****  */
 462:Middlewares/Third_Party/FreeRTOS/Source/tasks.c **** #if ( INCLUDE_vTaskDelete == 1 )
 463:Middlewares/Third_Party/FreeRTOS/Source/tasks.c **** 
 464:Middlewares/Third_Party/FreeRTOS/Source/tasks.c **** 	static void prvDeleteTCB( TCB_t *pxTCB ) PRIVILEGED_FUNCTION;
 465:Middlewares/Third_Party/FreeRTOS/Source/tasks.c **** 
 466:Middlewares/Third_Party/FreeRTOS/Source/tasks.c **** #endif
 467:Middlewares/Third_Party/FreeRTOS/Source/tasks.c **** 
 468:Middlewares/Third_Party/FreeRTOS/Source/tasks.c **** /*
 469:Middlewares/Third_Party/FreeRTOS/Source/tasks.c ****  * Used only by the idle task.  This checks to see if anything has been placed
 470:Middlewares/Third_Party/FreeRTOS/Source/tasks.c ****  * in the list of tasks waiting to be deleted.  If so the task is cleaned up
 471:Middlewares/Third_Party/FreeRTOS/Source/tasks.c ****  * and its TCB deleted.
 472:Middlewares/Third_Party/FreeRTOS/Source/tasks.c ****  */
 473:Middlewares/Third_Party/FreeRTOS/Source/tasks.c **** static void prvCheckTasksWaitingTermination( void ) PRIVILEGED_FUNCTION;
 474:Middlewares/Third_Party/FreeRTOS/Source/tasks.c **** 
 475:Middlewares/Third_Party/FreeRTOS/Source/tasks.c **** /*
 476:Middlewares/Third_Party/FreeRTOS/Source/tasks.c ****  * The currently executing task is entering the Blocked state.  Add the task to
 477:Middlewares/Third_Party/FreeRTOS/Source/tasks.c ****  * either the current or the overflow delayed task list.
 478:Middlewares/Third_Party/FreeRTOS/Source/tasks.c ****  */
 479:Middlewares/Third_Party/FreeRTOS/Source/tasks.c **** static void prvAddCurrentTaskToDelayedList( TickType_t xTicksToWait, const BaseType_t xCanBlockInde
 480:Middlewares/Third_Party/FreeRTOS/Source/tasks.c **** 
 481:Middlewares/Third_Party/FreeRTOS/Source/tasks.c **** /*
 482:Middlewares/Third_Party/FreeRTOS/Source/tasks.c ****  * Fills an TaskStatus_t structure with information on each task that is
 483:Middlewares/Third_Party/FreeRTOS/Source/tasks.c ****  * referenced from the pxList list (which may be a ready list, a delayed list,
 484:Middlewares/Third_Party/FreeRTOS/Source/tasks.c ****  * a suspended list, etc.).
 485:Middlewares/Third_Party/FreeRTOS/Source/tasks.c ****  *
 486:Middlewares/Third_Party/FreeRTOS/Source/tasks.c ****  * THIS FUNCTION IS INTENDED FOR DEBUGGING ONLY, AND SHOULD NOT BE CALLED FROM
 487:Middlewares/Third_Party/FreeRTOS/Source/tasks.c ****  * NORMAL APPLICATION CODE.
 488:Middlewares/Third_Party/FreeRTOS/Source/tasks.c ****  */
ARM GAS  C:\Users\subdia\AppData\Local\Temp\ccqYdsij.s 			page 10


 489:Middlewares/Third_Party/FreeRTOS/Source/tasks.c **** #if ( configUSE_TRACE_FACILITY == 1 )
 490:Middlewares/Third_Party/FreeRTOS/Source/tasks.c **** 
 491:Middlewares/Third_Party/FreeRTOS/Source/tasks.c **** 	static UBaseType_t prvListTasksWithinSingleList( TaskStatus_t *pxTaskStatusArray, List_t *pxList, 
 492:Middlewares/Third_Party/FreeRTOS/Source/tasks.c **** 
 493:Middlewares/Third_Party/FreeRTOS/Source/tasks.c **** #endif
 494:Middlewares/Third_Party/FreeRTOS/Source/tasks.c **** 
 495:Middlewares/Third_Party/FreeRTOS/Source/tasks.c **** /*
 496:Middlewares/Third_Party/FreeRTOS/Source/tasks.c ****  * Searches pxList for a task with name pcNameToQuery - returning a handle to
 497:Middlewares/Third_Party/FreeRTOS/Source/tasks.c ****  * the task if it is found, or NULL if the task is not found.
 498:Middlewares/Third_Party/FreeRTOS/Source/tasks.c ****  */
 499:Middlewares/Third_Party/FreeRTOS/Source/tasks.c **** #if ( INCLUDE_xTaskGetHandle == 1 )
 500:Middlewares/Third_Party/FreeRTOS/Source/tasks.c **** 
 501:Middlewares/Third_Party/FreeRTOS/Source/tasks.c **** 	static TCB_t *prvSearchForNameWithinSingleList( List_t *pxList, const char pcNameToQuery[] ) PRIVI
 502:Middlewares/Third_Party/FreeRTOS/Source/tasks.c **** 
 503:Middlewares/Third_Party/FreeRTOS/Source/tasks.c **** #endif
 504:Middlewares/Third_Party/FreeRTOS/Source/tasks.c **** 
 505:Middlewares/Third_Party/FreeRTOS/Source/tasks.c **** /*
 506:Middlewares/Third_Party/FreeRTOS/Source/tasks.c ****  * When a task is created, the stack of the task is filled with a known value.
 507:Middlewares/Third_Party/FreeRTOS/Source/tasks.c ****  * This function determines the 'high water mark' of the task stack by
 508:Middlewares/Third_Party/FreeRTOS/Source/tasks.c ****  * determining how much of the stack remains at the original preset value.
 509:Middlewares/Third_Party/FreeRTOS/Source/tasks.c ****  */
 510:Middlewares/Third_Party/FreeRTOS/Source/tasks.c **** #if ( ( configUSE_TRACE_FACILITY == 1 ) || ( INCLUDE_uxTaskGetStackHighWaterMark == 1 ) || ( INCLUD
 511:Middlewares/Third_Party/FreeRTOS/Source/tasks.c **** 
 512:Middlewares/Third_Party/FreeRTOS/Source/tasks.c **** 	static configSTACK_DEPTH_TYPE prvTaskCheckFreeStackSpace( const uint8_t * pucStackByte ) PRIVILEGE
 513:Middlewares/Third_Party/FreeRTOS/Source/tasks.c **** 
 514:Middlewares/Third_Party/FreeRTOS/Source/tasks.c **** #endif
 515:Middlewares/Third_Party/FreeRTOS/Source/tasks.c **** 
 516:Middlewares/Third_Party/FreeRTOS/Source/tasks.c **** /*
 517:Middlewares/Third_Party/FreeRTOS/Source/tasks.c ****  * Return the amount of time, in ticks, that will pass before the kernel will
 518:Middlewares/Third_Party/FreeRTOS/Source/tasks.c ****  * next move a task from the Blocked state to the Running state.
 519:Middlewares/Third_Party/FreeRTOS/Source/tasks.c ****  *
 520:Middlewares/Third_Party/FreeRTOS/Source/tasks.c ****  * This conditional compilation should use inequality to 0, not equality to 1.
 521:Middlewares/Third_Party/FreeRTOS/Source/tasks.c ****  * This is to ensure portSUPPRESS_TICKS_AND_SLEEP() can be called when user
 522:Middlewares/Third_Party/FreeRTOS/Source/tasks.c ****  * defined low power mode implementations require configUSE_TICKLESS_IDLE to be
 523:Middlewares/Third_Party/FreeRTOS/Source/tasks.c ****  * set to a value other than 1.
 524:Middlewares/Third_Party/FreeRTOS/Source/tasks.c ****  */
 525:Middlewares/Third_Party/FreeRTOS/Source/tasks.c **** #if ( configUSE_TICKLESS_IDLE != 0 )
 526:Middlewares/Third_Party/FreeRTOS/Source/tasks.c **** 
 527:Middlewares/Third_Party/FreeRTOS/Source/tasks.c **** 	static TickType_t prvGetExpectedIdleTime( void ) PRIVILEGED_FUNCTION;
 528:Middlewares/Third_Party/FreeRTOS/Source/tasks.c **** 
 529:Middlewares/Third_Party/FreeRTOS/Source/tasks.c **** #endif
 530:Middlewares/Third_Party/FreeRTOS/Source/tasks.c **** 
 531:Middlewares/Third_Party/FreeRTOS/Source/tasks.c **** /*
 532:Middlewares/Third_Party/FreeRTOS/Source/tasks.c ****  * Set xNextTaskUnblockTime to the time at which the next Blocked state task
 533:Middlewares/Third_Party/FreeRTOS/Source/tasks.c ****  * will exit the Blocked state.
 534:Middlewares/Third_Party/FreeRTOS/Source/tasks.c ****  */
 535:Middlewares/Third_Party/FreeRTOS/Source/tasks.c **** static void prvResetNextTaskUnblockTime( void );
 536:Middlewares/Third_Party/FreeRTOS/Source/tasks.c **** 
 537:Middlewares/Third_Party/FreeRTOS/Source/tasks.c **** #if ( ( configUSE_TRACE_FACILITY == 1 ) && ( configUSE_STATS_FORMATTING_FUNCTIONS > 0 ) )
 538:Middlewares/Third_Party/FreeRTOS/Source/tasks.c **** 
 539:Middlewares/Third_Party/FreeRTOS/Source/tasks.c **** 	/*
 540:Middlewares/Third_Party/FreeRTOS/Source/tasks.c **** 	 * Helper function used to pad task names with spaces when printing out
 541:Middlewares/Third_Party/FreeRTOS/Source/tasks.c **** 	 * human readable tables of task information.
 542:Middlewares/Third_Party/FreeRTOS/Source/tasks.c **** 	 */
 543:Middlewares/Third_Party/FreeRTOS/Source/tasks.c **** 	static char *prvWriteNameToBuffer( char *pcBuffer, const char *pcTaskName ) PRIVILEGED_FUNCTION;
 544:Middlewares/Third_Party/FreeRTOS/Source/tasks.c **** 
 545:Middlewares/Third_Party/FreeRTOS/Source/tasks.c **** #endif
ARM GAS  C:\Users\subdia\AppData\Local\Temp\ccqYdsij.s 			page 11


 546:Middlewares/Third_Party/FreeRTOS/Source/tasks.c **** 
 547:Middlewares/Third_Party/FreeRTOS/Source/tasks.c **** /*
 548:Middlewares/Third_Party/FreeRTOS/Source/tasks.c ****  * Called after a Task_t structure has been allocated either statically or
 549:Middlewares/Third_Party/FreeRTOS/Source/tasks.c ****  * dynamically to fill in the structure's members.
 550:Middlewares/Third_Party/FreeRTOS/Source/tasks.c ****  */
 551:Middlewares/Third_Party/FreeRTOS/Source/tasks.c **** static void prvInitialiseNewTask( 	TaskFunction_t pxTaskCode,
 552:Middlewares/Third_Party/FreeRTOS/Source/tasks.c **** 									const char * const pcName, 		/*lint !e971 Unqualified char types are allowed for strings a
 553:Middlewares/Third_Party/FreeRTOS/Source/tasks.c **** 									const uint32_t ulStackDepth,
 554:Middlewares/Third_Party/FreeRTOS/Source/tasks.c **** 									void * const pvParameters,
 555:Middlewares/Third_Party/FreeRTOS/Source/tasks.c **** 									UBaseType_t uxPriority,
 556:Middlewares/Third_Party/FreeRTOS/Source/tasks.c **** 									TaskHandle_t * const pxCreatedTask,
 557:Middlewares/Third_Party/FreeRTOS/Source/tasks.c **** 									TCB_t *pxNewTCB,
 558:Middlewares/Third_Party/FreeRTOS/Source/tasks.c **** 									const MemoryRegion_t * const xRegions ) PRIVILEGED_FUNCTION;
 559:Middlewares/Third_Party/FreeRTOS/Source/tasks.c **** 
 560:Middlewares/Third_Party/FreeRTOS/Source/tasks.c **** /*
 561:Middlewares/Third_Party/FreeRTOS/Source/tasks.c ****  * Called after a new task has been created and initialised to place the task
 562:Middlewares/Third_Party/FreeRTOS/Source/tasks.c ****  * under the control of the scheduler.
 563:Middlewares/Third_Party/FreeRTOS/Source/tasks.c ****  */
 564:Middlewares/Third_Party/FreeRTOS/Source/tasks.c **** static void prvAddNewTaskToReadyList( TCB_t *pxNewTCB ) PRIVILEGED_FUNCTION;
 565:Middlewares/Third_Party/FreeRTOS/Source/tasks.c **** 
 566:Middlewares/Third_Party/FreeRTOS/Source/tasks.c **** /*
 567:Middlewares/Third_Party/FreeRTOS/Source/tasks.c ****  * freertos_tasks_c_additions_init() should only be called if the user definable
 568:Middlewares/Third_Party/FreeRTOS/Source/tasks.c ****  * macro FREERTOS_TASKS_C_ADDITIONS_INIT() is defined, as that is the only macro
 569:Middlewares/Third_Party/FreeRTOS/Source/tasks.c ****  * called by the function.
 570:Middlewares/Third_Party/FreeRTOS/Source/tasks.c ****  */
 571:Middlewares/Third_Party/FreeRTOS/Source/tasks.c **** #ifdef FREERTOS_TASKS_C_ADDITIONS_INIT
 572:Middlewares/Third_Party/FreeRTOS/Source/tasks.c **** 
 573:Middlewares/Third_Party/FreeRTOS/Source/tasks.c **** 	static void freertos_tasks_c_additions_init( void ) PRIVILEGED_FUNCTION;
 574:Middlewares/Third_Party/FreeRTOS/Source/tasks.c **** 
 575:Middlewares/Third_Party/FreeRTOS/Source/tasks.c **** #endif
 576:Middlewares/Third_Party/FreeRTOS/Source/tasks.c **** 
 577:Middlewares/Third_Party/FreeRTOS/Source/tasks.c **** /*-----------------------------------------------------------*/
 578:Middlewares/Third_Party/FreeRTOS/Source/tasks.c **** 
 579:Middlewares/Third_Party/FreeRTOS/Source/tasks.c **** #if( configSUPPORT_STATIC_ALLOCATION == 1 )
 580:Middlewares/Third_Party/FreeRTOS/Source/tasks.c **** 
 581:Middlewares/Third_Party/FreeRTOS/Source/tasks.c **** 	TaskHandle_t xTaskCreateStatic(	TaskFunction_t pxTaskCode,
 582:Middlewares/Third_Party/FreeRTOS/Source/tasks.c **** 									const char * const pcName,		/*lint !e971 Unqualified char types are allowed for strings an
 583:Middlewares/Third_Party/FreeRTOS/Source/tasks.c **** 									const uint32_t ulStackDepth,
 584:Middlewares/Third_Party/FreeRTOS/Source/tasks.c **** 									void * const pvParameters,
 585:Middlewares/Third_Party/FreeRTOS/Source/tasks.c **** 									UBaseType_t uxPriority,
 586:Middlewares/Third_Party/FreeRTOS/Source/tasks.c **** 									StackType_t * const puxStackBuffer,
 587:Middlewares/Third_Party/FreeRTOS/Source/tasks.c **** 									StaticTask_t * const pxTaskBuffer )
 588:Middlewares/Third_Party/FreeRTOS/Source/tasks.c **** 	{
 589:Middlewares/Third_Party/FreeRTOS/Source/tasks.c **** 	TCB_t *pxNewTCB;
 590:Middlewares/Third_Party/FreeRTOS/Source/tasks.c **** 	TaskHandle_t xReturn;
 591:Middlewares/Third_Party/FreeRTOS/Source/tasks.c **** 
 592:Middlewares/Third_Party/FreeRTOS/Source/tasks.c **** 		configASSERT( puxStackBuffer != NULL );
 593:Middlewares/Third_Party/FreeRTOS/Source/tasks.c **** 		configASSERT( pxTaskBuffer != NULL );
 594:Middlewares/Third_Party/FreeRTOS/Source/tasks.c **** 
 595:Middlewares/Third_Party/FreeRTOS/Source/tasks.c **** 		#if( configASSERT_DEFINED == 1 )
 596:Middlewares/Third_Party/FreeRTOS/Source/tasks.c **** 		{
 597:Middlewares/Third_Party/FreeRTOS/Source/tasks.c **** 			/* Sanity check that the size of the structure used to declare a
 598:Middlewares/Third_Party/FreeRTOS/Source/tasks.c **** 			variable of type StaticTask_t equals the size of the real task
 599:Middlewares/Third_Party/FreeRTOS/Source/tasks.c **** 			structure. */
 600:Middlewares/Third_Party/FreeRTOS/Source/tasks.c **** 			volatile size_t xSize = sizeof( StaticTask_t );
 601:Middlewares/Third_Party/FreeRTOS/Source/tasks.c **** 			configASSERT( xSize == sizeof( TCB_t ) );
 602:Middlewares/Third_Party/FreeRTOS/Source/tasks.c **** 			( void ) xSize; /* Prevent lint warning when configASSERT() is not used. */
ARM GAS  C:\Users\subdia\AppData\Local\Temp\ccqYdsij.s 			page 12


 603:Middlewares/Third_Party/FreeRTOS/Source/tasks.c **** 		}
 604:Middlewares/Third_Party/FreeRTOS/Source/tasks.c **** 		#endif /* configASSERT_DEFINED */
 605:Middlewares/Third_Party/FreeRTOS/Source/tasks.c **** 
 606:Middlewares/Third_Party/FreeRTOS/Source/tasks.c **** 
 607:Middlewares/Third_Party/FreeRTOS/Source/tasks.c **** 		if( ( pxTaskBuffer != NULL ) && ( puxStackBuffer != NULL ) )
 608:Middlewares/Third_Party/FreeRTOS/Source/tasks.c **** 		{
 609:Middlewares/Third_Party/FreeRTOS/Source/tasks.c **** 			/* The memory used for the task's TCB and stack are passed into this
 610:Middlewares/Third_Party/FreeRTOS/Source/tasks.c **** 			function - use them. */
 611:Middlewares/Third_Party/FreeRTOS/Source/tasks.c **** 			pxNewTCB = ( TCB_t * ) pxTaskBuffer; /*lint !e740 !e9087 Unusual cast is ok as the structures ar
 612:Middlewares/Third_Party/FreeRTOS/Source/tasks.c **** 			pxNewTCB->pxStack = ( StackType_t * ) puxStackBuffer;
 613:Middlewares/Third_Party/FreeRTOS/Source/tasks.c **** 
 614:Middlewares/Third_Party/FreeRTOS/Source/tasks.c **** 			#if( tskSTATIC_AND_DYNAMIC_ALLOCATION_POSSIBLE != 0 ) /*lint !e731 !e9029 Macro has been consoli
 615:Middlewares/Third_Party/FreeRTOS/Source/tasks.c **** 			{
 616:Middlewares/Third_Party/FreeRTOS/Source/tasks.c **** 				/* Tasks can be created statically or dynamically, so note this
 617:Middlewares/Third_Party/FreeRTOS/Source/tasks.c **** 				task was created statically in case the task is later deleted. */
 618:Middlewares/Third_Party/FreeRTOS/Source/tasks.c **** 				pxNewTCB->ucStaticallyAllocated = tskSTATICALLY_ALLOCATED_STACK_AND_TCB;
 619:Middlewares/Third_Party/FreeRTOS/Source/tasks.c **** 			}
 620:Middlewares/Third_Party/FreeRTOS/Source/tasks.c **** 			#endif /* tskSTATIC_AND_DYNAMIC_ALLOCATION_POSSIBLE */
 621:Middlewares/Third_Party/FreeRTOS/Source/tasks.c **** 
 622:Middlewares/Third_Party/FreeRTOS/Source/tasks.c **** 			prvInitialiseNewTask( pxTaskCode, pcName, ulStackDepth, pvParameters, uxPriority, &xReturn, pxNe
 623:Middlewares/Third_Party/FreeRTOS/Source/tasks.c **** 			prvAddNewTaskToReadyList( pxNewTCB );
 624:Middlewares/Third_Party/FreeRTOS/Source/tasks.c **** 		}
 625:Middlewares/Third_Party/FreeRTOS/Source/tasks.c **** 		else
 626:Middlewares/Third_Party/FreeRTOS/Source/tasks.c **** 		{
 627:Middlewares/Third_Party/FreeRTOS/Source/tasks.c **** 			xReturn = NULL;
 628:Middlewares/Third_Party/FreeRTOS/Source/tasks.c **** 		}
 629:Middlewares/Third_Party/FreeRTOS/Source/tasks.c **** 
 630:Middlewares/Third_Party/FreeRTOS/Source/tasks.c **** 		return xReturn;
 631:Middlewares/Third_Party/FreeRTOS/Source/tasks.c **** 	}
 632:Middlewares/Third_Party/FreeRTOS/Source/tasks.c **** 
 633:Middlewares/Third_Party/FreeRTOS/Source/tasks.c **** #endif /* SUPPORT_STATIC_ALLOCATION */
 634:Middlewares/Third_Party/FreeRTOS/Source/tasks.c **** /*-----------------------------------------------------------*/
 635:Middlewares/Third_Party/FreeRTOS/Source/tasks.c **** 
 636:Middlewares/Third_Party/FreeRTOS/Source/tasks.c **** #if( ( portUSING_MPU_WRAPPERS == 1 ) && ( configSUPPORT_STATIC_ALLOCATION == 1 ) )
 637:Middlewares/Third_Party/FreeRTOS/Source/tasks.c **** 
 638:Middlewares/Third_Party/FreeRTOS/Source/tasks.c **** 	BaseType_t xTaskCreateRestrictedStatic( const TaskParameters_t * const pxTaskDefinition, TaskHandl
 639:Middlewares/Third_Party/FreeRTOS/Source/tasks.c **** 	{
 640:Middlewares/Third_Party/FreeRTOS/Source/tasks.c **** 	TCB_t *pxNewTCB;
 641:Middlewares/Third_Party/FreeRTOS/Source/tasks.c **** 	BaseType_t xReturn = errCOULD_NOT_ALLOCATE_REQUIRED_MEMORY;
 642:Middlewares/Third_Party/FreeRTOS/Source/tasks.c **** 
 643:Middlewares/Third_Party/FreeRTOS/Source/tasks.c **** 		configASSERT( pxTaskDefinition->puxStackBuffer != NULL );
 644:Middlewares/Third_Party/FreeRTOS/Source/tasks.c **** 		configASSERT( pxTaskDefinition->pxTaskBuffer != NULL );
 645:Middlewares/Third_Party/FreeRTOS/Source/tasks.c **** 
 646:Middlewares/Third_Party/FreeRTOS/Source/tasks.c **** 		if( ( pxTaskDefinition->puxStackBuffer != NULL ) && ( pxTaskDefinition->pxTaskBuffer != NULL ) )
 647:Middlewares/Third_Party/FreeRTOS/Source/tasks.c **** 		{
 648:Middlewares/Third_Party/FreeRTOS/Source/tasks.c **** 			/* Allocate space for the TCB.  Where the memory comes from depends
 649:Middlewares/Third_Party/FreeRTOS/Source/tasks.c **** 			on the implementation of the port malloc function and whether or
 650:Middlewares/Third_Party/FreeRTOS/Source/tasks.c **** 			not static allocation is being used. */
 651:Middlewares/Third_Party/FreeRTOS/Source/tasks.c **** 			pxNewTCB = ( TCB_t * ) pxTaskDefinition->pxTaskBuffer;
 652:Middlewares/Third_Party/FreeRTOS/Source/tasks.c **** 
 653:Middlewares/Third_Party/FreeRTOS/Source/tasks.c **** 			/* Store the stack location in the TCB. */
 654:Middlewares/Third_Party/FreeRTOS/Source/tasks.c **** 			pxNewTCB->pxStack = pxTaskDefinition->puxStackBuffer;
 655:Middlewares/Third_Party/FreeRTOS/Source/tasks.c **** 
 656:Middlewares/Third_Party/FreeRTOS/Source/tasks.c **** 			#if( tskSTATIC_AND_DYNAMIC_ALLOCATION_POSSIBLE != 0 )
 657:Middlewares/Third_Party/FreeRTOS/Source/tasks.c **** 			{
 658:Middlewares/Third_Party/FreeRTOS/Source/tasks.c **** 				/* Tasks can be created statically or dynamically, so note this
 659:Middlewares/Third_Party/FreeRTOS/Source/tasks.c **** 				task was created statically in case the task is later deleted. */
ARM GAS  C:\Users\subdia\AppData\Local\Temp\ccqYdsij.s 			page 13


 660:Middlewares/Third_Party/FreeRTOS/Source/tasks.c **** 				pxNewTCB->ucStaticallyAllocated = tskSTATICALLY_ALLOCATED_STACK_AND_TCB;
 661:Middlewares/Third_Party/FreeRTOS/Source/tasks.c **** 			}
 662:Middlewares/Third_Party/FreeRTOS/Source/tasks.c **** 			#endif /* tskSTATIC_AND_DYNAMIC_ALLOCATION_POSSIBLE */
 663:Middlewares/Third_Party/FreeRTOS/Source/tasks.c **** 
 664:Middlewares/Third_Party/FreeRTOS/Source/tasks.c **** 			prvInitialiseNewTask(	pxTaskDefinition->pvTaskCode,
 665:Middlewares/Third_Party/FreeRTOS/Source/tasks.c **** 									pxTaskDefinition->pcName,
 666:Middlewares/Third_Party/FreeRTOS/Source/tasks.c **** 									( uint32_t ) pxTaskDefinition->usStackDepth,
 667:Middlewares/Third_Party/FreeRTOS/Source/tasks.c **** 									pxTaskDefinition->pvParameters,
 668:Middlewares/Third_Party/FreeRTOS/Source/tasks.c **** 									pxTaskDefinition->uxPriority,
 669:Middlewares/Third_Party/FreeRTOS/Source/tasks.c **** 									pxCreatedTask, pxNewTCB,
 670:Middlewares/Third_Party/FreeRTOS/Source/tasks.c **** 									pxTaskDefinition->xRegions );
 671:Middlewares/Third_Party/FreeRTOS/Source/tasks.c **** 
 672:Middlewares/Third_Party/FreeRTOS/Source/tasks.c **** 			prvAddNewTaskToReadyList( pxNewTCB );
 673:Middlewares/Third_Party/FreeRTOS/Source/tasks.c **** 			xReturn = pdPASS;
 674:Middlewares/Third_Party/FreeRTOS/Source/tasks.c **** 		}
 675:Middlewares/Third_Party/FreeRTOS/Source/tasks.c **** 
 676:Middlewares/Third_Party/FreeRTOS/Source/tasks.c **** 		return xReturn;
 677:Middlewares/Third_Party/FreeRTOS/Source/tasks.c **** 	}
 678:Middlewares/Third_Party/FreeRTOS/Source/tasks.c **** 
 679:Middlewares/Third_Party/FreeRTOS/Source/tasks.c **** #endif /* ( portUSING_MPU_WRAPPERS == 1 ) && ( configSUPPORT_STATIC_ALLOCATION == 1 ) */
 680:Middlewares/Third_Party/FreeRTOS/Source/tasks.c **** /*-----------------------------------------------------------*/
 681:Middlewares/Third_Party/FreeRTOS/Source/tasks.c **** 
 682:Middlewares/Third_Party/FreeRTOS/Source/tasks.c **** #if( ( portUSING_MPU_WRAPPERS == 1 ) && ( configSUPPORT_DYNAMIC_ALLOCATION == 1 ) )
 683:Middlewares/Third_Party/FreeRTOS/Source/tasks.c **** 
 684:Middlewares/Third_Party/FreeRTOS/Source/tasks.c **** 	BaseType_t xTaskCreateRestricted( const TaskParameters_t * const pxTaskDefinition, TaskHandle_t *p
 685:Middlewares/Third_Party/FreeRTOS/Source/tasks.c **** 	{
 686:Middlewares/Third_Party/FreeRTOS/Source/tasks.c **** 	TCB_t *pxNewTCB;
 687:Middlewares/Third_Party/FreeRTOS/Source/tasks.c **** 	BaseType_t xReturn = errCOULD_NOT_ALLOCATE_REQUIRED_MEMORY;
 688:Middlewares/Third_Party/FreeRTOS/Source/tasks.c **** 
 689:Middlewares/Third_Party/FreeRTOS/Source/tasks.c **** 		configASSERT( pxTaskDefinition->puxStackBuffer );
 690:Middlewares/Third_Party/FreeRTOS/Source/tasks.c **** 
 691:Middlewares/Third_Party/FreeRTOS/Source/tasks.c **** 		if( pxTaskDefinition->puxStackBuffer != NULL )
 692:Middlewares/Third_Party/FreeRTOS/Source/tasks.c **** 		{
 693:Middlewares/Third_Party/FreeRTOS/Source/tasks.c **** 			/* Allocate space for the TCB.  Where the memory comes from depends
 694:Middlewares/Third_Party/FreeRTOS/Source/tasks.c **** 			on the implementation of the port malloc function and whether or
 695:Middlewares/Third_Party/FreeRTOS/Source/tasks.c **** 			not static allocation is being used. */
 696:Middlewares/Third_Party/FreeRTOS/Source/tasks.c **** 			pxNewTCB = ( TCB_t * ) pvPortMalloc( sizeof( TCB_t ) );
 697:Middlewares/Third_Party/FreeRTOS/Source/tasks.c **** 
 698:Middlewares/Third_Party/FreeRTOS/Source/tasks.c **** 			if( pxNewTCB != NULL )
 699:Middlewares/Third_Party/FreeRTOS/Source/tasks.c **** 			{
 700:Middlewares/Third_Party/FreeRTOS/Source/tasks.c **** 				/* Store the stack location in the TCB. */
 701:Middlewares/Third_Party/FreeRTOS/Source/tasks.c **** 				pxNewTCB->pxStack = pxTaskDefinition->puxStackBuffer;
 702:Middlewares/Third_Party/FreeRTOS/Source/tasks.c **** 
 703:Middlewares/Third_Party/FreeRTOS/Source/tasks.c **** 				#if( tskSTATIC_AND_DYNAMIC_ALLOCATION_POSSIBLE != 0 )
 704:Middlewares/Third_Party/FreeRTOS/Source/tasks.c **** 				{
 705:Middlewares/Third_Party/FreeRTOS/Source/tasks.c **** 					/* Tasks can be created statically or dynamically, so note
 706:Middlewares/Third_Party/FreeRTOS/Source/tasks.c **** 					this task had a statically allocated stack in case it is
 707:Middlewares/Third_Party/FreeRTOS/Source/tasks.c **** 					later deleted.  The TCB was allocated dynamically. */
 708:Middlewares/Third_Party/FreeRTOS/Source/tasks.c **** 					pxNewTCB->ucStaticallyAllocated = tskSTATICALLY_ALLOCATED_STACK_ONLY;
 709:Middlewares/Third_Party/FreeRTOS/Source/tasks.c **** 				}
 710:Middlewares/Third_Party/FreeRTOS/Source/tasks.c **** 				#endif /* tskSTATIC_AND_DYNAMIC_ALLOCATION_POSSIBLE */
 711:Middlewares/Third_Party/FreeRTOS/Source/tasks.c **** 
 712:Middlewares/Third_Party/FreeRTOS/Source/tasks.c **** 				prvInitialiseNewTask(	pxTaskDefinition->pvTaskCode,
 713:Middlewares/Third_Party/FreeRTOS/Source/tasks.c **** 										pxTaskDefinition->pcName,
 714:Middlewares/Third_Party/FreeRTOS/Source/tasks.c **** 										( uint32_t ) pxTaskDefinition->usStackDepth,
 715:Middlewares/Third_Party/FreeRTOS/Source/tasks.c **** 										pxTaskDefinition->pvParameters,
 716:Middlewares/Third_Party/FreeRTOS/Source/tasks.c **** 										pxTaskDefinition->uxPriority,
ARM GAS  C:\Users\subdia\AppData\Local\Temp\ccqYdsij.s 			page 14


 717:Middlewares/Third_Party/FreeRTOS/Source/tasks.c **** 										pxCreatedTask, pxNewTCB,
 718:Middlewares/Third_Party/FreeRTOS/Source/tasks.c **** 										pxTaskDefinition->xRegions );
 719:Middlewares/Third_Party/FreeRTOS/Source/tasks.c **** 
 720:Middlewares/Third_Party/FreeRTOS/Source/tasks.c **** 				prvAddNewTaskToReadyList( pxNewTCB );
 721:Middlewares/Third_Party/FreeRTOS/Source/tasks.c **** 				xReturn = pdPASS;
 722:Middlewares/Third_Party/FreeRTOS/Source/tasks.c **** 			}
 723:Middlewares/Third_Party/FreeRTOS/Source/tasks.c **** 		}
 724:Middlewares/Third_Party/FreeRTOS/Source/tasks.c **** 
 725:Middlewares/Third_Party/FreeRTOS/Source/tasks.c **** 		return xReturn;
 726:Middlewares/Third_Party/FreeRTOS/Source/tasks.c **** 	}
 727:Middlewares/Third_Party/FreeRTOS/Source/tasks.c **** 
 728:Middlewares/Third_Party/FreeRTOS/Source/tasks.c **** #endif /* portUSING_MPU_WRAPPERS */
 729:Middlewares/Third_Party/FreeRTOS/Source/tasks.c **** /*-----------------------------------------------------------*/
 730:Middlewares/Third_Party/FreeRTOS/Source/tasks.c **** 
 731:Middlewares/Third_Party/FreeRTOS/Source/tasks.c **** #if( configSUPPORT_DYNAMIC_ALLOCATION == 1 )
 732:Middlewares/Third_Party/FreeRTOS/Source/tasks.c **** 
 733:Middlewares/Third_Party/FreeRTOS/Source/tasks.c **** 	BaseType_t xTaskCreate(	TaskFunction_t pxTaskCode,
 734:Middlewares/Third_Party/FreeRTOS/Source/tasks.c **** 							const char * const pcName,		/*lint !e971 Unqualified char types are allowed for strings and 
 735:Middlewares/Third_Party/FreeRTOS/Source/tasks.c **** 							const configSTACK_DEPTH_TYPE usStackDepth,
 736:Middlewares/Third_Party/FreeRTOS/Source/tasks.c **** 							void * const pvParameters,
 737:Middlewares/Third_Party/FreeRTOS/Source/tasks.c **** 							UBaseType_t uxPriority,
 738:Middlewares/Third_Party/FreeRTOS/Source/tasks.c **** 							TaskHandle_t * const pxCreatedTask )
 739:Middlewares/Third_Party/FreeRTOS/Source/tasks.c **** 	{
 740:Middlewares/Third_Party/FreeRTOS/Source/tasks.c **** 	TCB_t *pxNewTCB;
 741:Middlewares/Third_Party/FreeRTOS/Source/tasks.c **** 	BaseType_t xReturn;
 742:Middlewares/Third_Party/FreeRTOS/Source/tasks.c **** 
 743:Middlewares/Third_Party/FreeRTOS/Source/tasks.c **** 		/* If the stack grows down then allocate the stack then the TCB so the stack
 744:Middlewares/Third_Party/FreeRTOS/Source/tasks.c **** 		does not grow into the TCB.  Likewise if the stack grows up then allocate
 745:Middlewares/Third_Party/FreeRTOS/Source/tasks.c **** 		the TCB then the stack. */
 746:Middlewares/Third_Party/FreeRTOS/Source/tasks.c **** 		#if( portSTACK_GROWTH > 0 )
 747:Middlewares/Third_Party/FreeRTOS/Source/tasks.c **** 		{
 748:Middlewares/Third_Party/FreeRTOS/Source/tasks.c **** 			/* Allocate space for the TCB.  Where the memory comes from depends on
 749:Middlewares/Third_Party/FreeRTOS/Source/tasks.c **** 			the implementation of the port malloc function and whether or not static
 750:Middlewares/Third_Party/FreeRTOS/Source/tasks.c **** 			allocation is being used. */
 751:Middlewares/Third_Party/FreeRTOS/Source/tasks.c **** 			pxNewTCB = ( TCB_t * ) pvPortMalloc( sizeof( TCB_t ) );
 752:Middlewares/Third_Party/FreeRTOS/Source/tasks.c **** 
 753:Middlewares/Third_Party/FreeRTOS/Source/tasks.c **** 			if( pxNewTCB != NULL )
 754:Middlewares/Third_Party/FreeRTOS/Source/tasks.c **** 			{
 755:Middlewares/Third_Party/FreeRTOS/Source/tasks.c **** 				/* Allocate space for the stack used by the task being created.
 756:Middlewares/Third_Party/FreeRTOS/Source/tasks.c **** 				The base of the stack memory stored in the TCB so the task can
 757:Middlewares/Third_Party/FreeRTOS/Source/tasks.c **** 				be deleted later if required. */
 758:Middlewares/Third_Party/FreeRTOS/Source/tasks.c **** 				pxNewTCB->pxStack = ( StackType_t * ) pvPortMalloc( ( ( ( size_t ) usStackDepth ) * sizeof( Sta
 759:Middlewares/Third_Party/FreeRTOS/Source/tasks.c **** 
 760:Middlewares/Third_Party/FreeRTOS/Source/tasks.c **** 				if( pxNewTCB->pxStack == NULL )
 761:Middlewares/Third_Party/FreeRTOS/Source/tasks.c **** 				{
 762:Middlewares/Third_Party/FreeRTOS/Source/tasks.c **** 					/* Could not allocate the stack.  Delete the allocated TCB. */
 763:Middlewares/Third_Party/FreeRTOS/Source/tasks.c **** 					vPortFree( pxNewTCB );
 764:Middlewares/Third_Party/FreeRTOS/Source/tasks.c **** 					pxNewTCB = NULL;
 765:Middlewares/Third_Party/FreeRTOS/Source/tasks.c **** 				}
 766:Middlewares/Third_Party/FreeRTOS/Source/tasks.c **** 			}
 767:Middlewares/Third_Party/FreeRTOS/Source/tasks.c **** 		}
 768:Middlewares/Third_Party/FreeRTOS/Source/tasks.c **** 		#else /* portSTACK_GROWTH */
 769:Middlewares/Third_Party/FreeRTOS/Source/tasks.c **** 		{
 770:Middlewares/Third_Party/FreeRTOS/Source/tasks.c **** 		StackType_t *pxStack;
 771:Middlewares/Third_Party/FreeRTOS/Source/tasks.c **** 
 772:Middlewares/Third_Party/FreeRTOS/Source/tasks.c **** 			/* Allocate space for the stack used by the task being created. */
 773:Middlewares/Third_Party/FreeRTOS/Source/tasks.c **** 			pxStack = pvPortMalloc( ( ( ( size_t ) usStackDepth ) * sizeof( StackType_t ) ) ); /*lint !e9079
ARM GAS  C:\Users\subdia\AppData\Local\Temp\ccqYdsij.s 			page 15


 774:Middlewares/Third_Party/FreeRTOS/Source/tasks.c **** 
 775:Middlewares/Third_Party/FreeRTOS/Source/tasks.c **** 			if( pxStack != NULL )
 776:Middlewares/Third_Party/FreeRTOS/Source/tasks.c **** 			{
 777:Middlewares/Third_Party/FreeRTOS/Source/tasks.c **** 				/* Allocate space for the TCB. */
 778:Middlewares/Third_Party/FreeRTOS/Source/tasks.c **** 				pxNewTCB = ( TCB_t * ) pvPortMalloc( sizeof( TCB_t ) ); /*lint !e9087 !e9079 All values returne
 779:Middlewares/Third_Party/FreeRTOS/Source/tasks.c **** 
 780:Middlewares/Third_Party/FreeRTOS/Source/tasks.c **** 				if( pxNewTCB != NULL )
 781:Middlewares/Third_Party/FreeRTOS/Source/tasks.c **** 				{
 782:Middlewares/Third_Party/FreeRTOS/Source/tasks.c **** 					/* Store the stack location in the TCB. */
 783:Middlewares/Third_Party/FreeRTOS/Source/tasks.c **** 					pxNewTCB->pxStack = pxStack;
 784:Middlewares/Third_Party/FreeRTOS/Source/tasks.c **** 				}
 785:Middlewares/Third_Party/FreeRTOS/Source/tasks.c **** 				else
 786:Middlewares/Third_Party/FreeRTOS/Source/tasks.c **** 				{
 787:Middlewares/Third_Party/FreeRTOS/Source/tasks.c **** 					/* The stack cannot be used as the TCB was not created.  Free
 788:Middlewares/Third_Party/FreeRTOS/Source/tasks.c **** 					it again. */
 789:Middlewares/Third_Party/FreeRTOS/Source/tasks.c **** 					vPortFree( pxStack );
 790:Middlewares/Third_Party/FreeRTOS/Source/tasks.c **** 				}
 791:Middlewares/Third_Party/FreeRTOS/Source/tasks.c **** 			}
 792:Middlewares/Third_Party/FreeRTOS/Source/tasks.c **** 			else
 793:Middlewares/Third_Party/FreeRTOS/Source/tasks.c **** 			{
 794:Middlewares/Third_Party/FreeRTOS/Source/tasks.c **** 				pxNewTCB = NULL;
 795:Middlewares/Third_Party/FreeRTOS/Source/tasks.c **** 			}
 796:Middlewares/Third_Party/FreeRTOS/Source/tasks.c **** 		}
 797:Middlewares/Third_Party/FreeRTOS/Source/tasks.c **** 		#endif /* portSTACK_GROWTH */
 798:Middlewares/Third_Party/FreeRTOS/Source/tasks.c **** 
 799:Middlewares/Third_Party/FreeRTOS/Source/tasks.c **** 		if( pxNewTCB != NULL )
 800:Middlewares/Third_Party/FreeRTOS/Source/tasks.c **** 		{
 801:Middlewares/Third_Party/FreeRTOS/Source/tasks.c **** 			#if( tskSTATIC_AND_DYNAMIC_ALLOCATION_POSSIBLE != 0 ) /*lint !e9029 !e731 Macro has been consoli
 802:Middlewares/Third_Party/FreeRTOS/Source/tasks.c **** 			{
 803:Middlewares/Third_Party/FreeRTOS/Source/tasks.c **** 				/* Tasks can be created statically or dynamically, so note this
 804:Middlewares/Third_Party/FreeRTOS/Source/tasks.c **** 				task was created dynamically in case it is later deleted. */
 805:Middlewares/Third_Party/FreeRTOS/Source/tasks.c **** 				pxNewTCB->ucStaticallyAllocated = tskDYNAMICALLY_ALLOCATED_STACK_AND_TCB;
 806:Middlewares/Third_Party/FreeRTOS/Source/tasks.c **** 			}
 807:Middlewares/Third_Party/FreeRTOS/Source/tasks.c **** 			#endif /* tskSTATIC_AND_DYNAMIC_ALLOCATION_POSSIBLE */
 808:Middlewares/Third_Party/FreeRTOS/Source/tasks.c **** 
 809:Middlewares/Third_Party/FreeRTOS/Source/tasks.c **** 			prvInitialiseNewTask( pxTaskCode, pcName, ( uint32_t ) usStackDepth, pvParameters, uxPriority, p
 810:Middlewares/Third_Party/FreeRTOS/Source/tasks.c **** 			prvAddNewTaskToReadyList( pxNewTCB );
 811:Middlewares/Third_Party/FreeRTOS/Source/tasks.c **** 			xReturn = pdPASS;
 812:Middlewares/Third_Party/FreeRTOS/Source/tasks.c **** 		}
 813:Middlewares/Third_Party/FreeRTOS/Source/tasks.c **** 		else
 814:Middlewares/Third_Party/FreeRTOS/Source/tasks.c **** 		{
 815:Middlewares/Third_Party/FreeRTOS/Source/tasks.c **** 			xReturn = errCOULD_NOT_ALLOCATE_REQUIRED_MEMORY;
 816:Middlewares/Third_Party/FreeRTOS/Source/tasks.c **** 		}
 817:Middlewares/Third_Party/FreeRTOS/Source/tasks.c **** 
 818:Middlewares/Third_Party/FreeRTOS/Source/tasks.c **** 		return xReturn;
 819:Middlewares/Third_Party/FreeRTOS/Source/tasks.c **** 	}
 820:Middlewares/Third_Party/FreeRTOS/Source/tasks.c **** 
 821:Middlewares/Third_Party/FreeRTOS/Source/tasks.c **** #endif /* configSUPPORT_DYNAMIC_ALLOCATION */
 822:Middlewares/Third_Party/FreeRTOS/Source/tasks.c **** /*-----------------------------------------------------------*/
 823:Middlewares/Third_Party/FreeRTOS/Source/tasks.c **** 
 824:Middlewares/Third_Party/FreeRTOS/Source/tasks.c **** static void prvInitialiseNewTask( 	TaskFunction_t pxTaskCode,
 825:Middlewares/Third_Party/FreeRTOS/Source/tasks.c **** 									const char * const pcName,		/*lint !e971 Unqualified char types are allowed for strings an
 826:Middlewares/Third_Party/FreeRTOS/Source/tasks.c **** 									const uint32_t ulStackDepth,
 827:Middlewares/Third_Party/FreeRTOS/Source/tasks.c **** 									void * const pvParameters,
 828:Middlewares/Third_Party/FreeRTOS/Source/tasks.c **** 									UBaseType_t uxPriority,
 829:Middlewares/Third_Party/FreeRTOS/Source/tasks.c **** 									TaskHandle_t * const pxCreatedTask,
 830:Middlewares/Third_Party/FreeRTOS/Source/tasks.c **** 									TCB_t *pxNewTCB,
ARM GAS  C:\Users\subdia\AppData\Local\Temp\ccqYdsij.s 			page 16


 831:Middlewares/Third_Party/FreeRTOS/Source/tasks.c **** 									const MemoryRegion_t * const xRegions )
 832:Middlewares/Third_Party/FreeRTOS/Source/tasks.c **** {
 833:Middlewares/Third_Party/FreeRTOS/Source/tasks.c **** StackType_t *pxTopOfStack;
 834:Middlewares/Third_Party/FreeRTOS/Source/tasks.c **** UBaseType_t x;
 835:Middlewares/Third_Party/FreeRTOS/Source/tasks.c **** 
 836:Middlewares/Third_Party/FreeRTOS/Source/tasks.c **** 	#if( portUSING_MPU_WRAPPERS == 1 )
 837:Middlewares/Third_Party/FreeRTOS/Source/tasks.c **** 		/* Should the task be created in privileged mode? */
 838:Middlewares/Third_Party/FreeRTOS/Source/tasks.c **** 		BaseType_t xRunPrivileged;
 839:Middlewares/Third_Party/FreeRTOS/Source/tasks.c **** 		if( ( uxPriority & portPRIVILEGE_BIT ) != 0U )
 840:Middlewares/Third_Party/FreeRTOS/Source/tasks.c **** 		{
 841:Middlewares/Third_Party/FreeRTOS/Source/tasks.c **** 			xRunPrivileged = pdTRUE;
 842:Middlewares/Third_Party/FreeRTOS/Source/tasks.c **** 		}
 843:Middlewares/Third_Party/FreeRTOS/Source/tasks.c **** 		else
 844:Middlewares/Third_Party/FreeRTOS/Source/tasks.c **** 		{
 845:Middlewares/Third_Party/FreeRTOS/Source/tasks.c **** 			xRunPrivileged = pdFALSE;
 846:Middlewares/Third_Party/FreeRTOS/Source/tasks.c **** 		}
 847:Middlewares/Third_Party/FreeRTOS/Source/tasks.c **** 		uxPriority &= ~portPRIVILEGE_BIT;
 848:Middlewares/Third_Party/FreeRTOS/Source/tasks.c **** 	#endif /* portUSING_MPU_WRAPPERS == 1 */
 849:Middlewares/Third_Party/FreeRTOS/Source/tasks.c **** 
 850:Middlewares/Third_Party/FreeRTOS/Source/tasks.c **** 	/* Avoid dependency on memset() if it is not required. */
 851:Middlewares/Third_Party/FreeRTOS/Source/tasks.c **** 	#if( tskSET_NEW_STACKS_TO_KNOWN_VALUE == 1 )
 852:Middlewares/Third_Party/FreeRTOS/Source/tasks.c **** 	{
 853:Middlewares/Third_Party/FreeRTOS/Source/tasks.c **** 		/* Fill the stack with a known value to assist debugging. */
 854:Middlewares/Third_Party/FreeRTOS/Source/tasks.c **** 		( void ) memset( pxNewTCB->pxStack, ( int ) tskSTACK_FILL_BYTE, ( size_t ) ulStackDepth * sizeof(
 855:Middlewares/Third_Party/FreeRTOS/Source/tasks.c **** 	}
 856:Middlewares/Third_Party/FreeRTOS/Source/tasks.c **** 	#endif /* tskSET_NEW_STACKS_TO_KNOWN_VALUE */
 857:Middlewares/Third_Party/FreeRTOS/Source/tasks.c **** 
 858:Middlewares/Third_Party/FreeRTOS/Source/tasks.c **** 	/* Calculate the top of stack address.  This depends on whether the stack
 859:Middlewares/Third_Party/FreeRTOS/Source/tasks.c **** 	grows from high memory to low (as per the 80x86) or vice versa.
 860:Middlewares/Third_Party/FreeRTOS/Source/tasks.c **** 	portSTACK_GROWTH is used to make the result positive or negative as required
 861:Middlewares/Third_Party/FreeRTOS/Source/tasks.c **** 	by the port. */
 862:Middlewares/Third_Party/FreeRTOS/Source/tasks.c **** 	#if( portSTACK_GROWTH < 0 )
 863:Middlewares/Third_Party/FreeRTOS/Source/tasks.c **** 	{
 864:Middlewares/Third_Party/FreeRTOS/Source/tasks.c **** 		pxTopOfStack = &( pxNewTCB->pxStack[ ulStackDepth - ( uint32_t ) 1 ] );
 865:Middlewares/Third_Party/FreeRTOS/Source/tasks.c **** 		pxTopOfStack = ( StackType_t * ) ( ( ( portPOINTER_SIZE_TYPE ) pxTopOfStack ) & ( ~( ( portPOINTE
 866:Middlewares/Third_Party/FreeRTOS/Source/tasks.c **** 
 867:Middlewares/Third_Party/FreeRTOS/Source/tasks.c **** 		/* Check the alignment of the calculated top of stack is correct. */
 868:Middlewares/Third_Party/FreeRTOS/Source/tasks.c **** 		configASSERT( ( ( ( portPOINTER_SIZE_TYPE ) pxTopOfStack & ( portPOINTER_SIZE_TYPE ) portBYTE_ALI
 869:Middlewares/Third_Party/FreeRTOS/Source/tasks.c **** 
 870:Middlewares/Third_Party/FreeRTOS/Source/tasks.c **** 		#if( configRECORD_STACK_HIGH_ADDRESS == 1 )
 871:Middlewares/Third_Party/FreeRTOS/Source/tasks.c **** 		{
 872:Middlewares/Third_Party/FreeRTOS/Source/tasks.c **** 			/* Also record the stack's high address, which may assist
 873:Middlewares/Third_Party/FreeRTOS/Source/tasks.c **** 			debugging. */
 874:Middlewares/Third_Party/FreeRTOS/Source/tasks.c **** 			pxNewTCB->pxEndOfStack = pxTopOfStack;
 875:Middlewares/Third_Party/FreeRTOS/Source/tasks.c **** 		}
 876:Middlewares/Third_Party/FreeRTOS/Source/tasks.c **** 		#endif /* configRECORD_STACK_HIGH_ADDRESS */
 877:Middlewares/Third_Party/FreeRTOS/Source/tasks.c **** 	}
 878:Middlewares/Third_Party/FreeRTOS/Source/tasks.c **** 	#else /* portSTACK_GROWTH */
 879:Middlewares/Third_Party/FreeRTOS/Source/tasks.c **** 	{
 880:Middlewares/Third_Party/FreeRTOS/Source/tasks.c **** 		pxTopOfStack = pxNewTCB->pxStack;
 881:Middlewares/Third_Party/FreeRTOS/Source/tasks.c **** 
 882:Middlewares/Third_Party/FreeRTOS/Source/tasks.c **** 		/* Check the alignment of the stack buffer is correct. */
 883:Middlewares/Third_Party/FreeRTOS/Source/tasks.c **** 		configASSERT( ( ( ( portPOINTER_SIZE_TYPE ) pxNewTCB->pxStack & ( portPOINTER_SIZE_TYPE ) portBYT
 884:Middlewares/Third_Party/FreeRTOS/Source/tasks.c **** 
 885:Middlewares/Third_Party/FreeRTOS/Source/tasks.c **** 		/* The other extreme of the stack space is required if stack checking is
 886:Middlewares/Third_Party/FreeRTOS/Source/tasks.c **** 		performed. */
 887:Middlewares/Third_Party/FreeRTOS/Source/tasks.c **** 		pxNewTCB->pxEndOfStack = pxNewTCB->pxStack + ( ulStackDepth - ( uint32_t ) 1 );
ARM GAS  C:\Users\subdia\AppData\Local\Temp\ccqYdsij.s 			page 17


 888:Middlewares/Third_Party/FreeRTOS/Source/tasks.c **** 	}
 889:Middlewares/Third_Party/FreeRTOS/Source/tasks.c **** 	#endif /* portSTACK_GROWTH */
 890:Middlewares/Third_Party/FreeRTOS/Source/tasks.c **** 
 891:Middlewares/Third_Party/FreeRTOS/Source/tasks.c **** 	/* Store the task name in the TCB. */
 892:Middlewares/Third_Party/FreeRTOS/Source/tasks.c **** 	if( pcName != NULL )
 893:Middlewares/Third_Party/FreeRTOS/Source/tasks.c **** 	{
 894:Middlewares/Third_Party/FreeRTOS/Source/tasks.c **** 		for( x = ( UBaseType_t ) 0; x < ( UBaseType_t ) configMAX_TASK_NAME_LEN; x++ )
 895:Middlewares/Third_Party/FreeRTOS/Source/tasks.c **** 		{
 896:Middlewares/Third_Party/FreeRTOS/Source/tasks.c **** 			pxNewTCB->pcTaskName[ x ] = pcName[ x ];
 897:Middlewares/Third_Party/FreeRTOS/Source/tasks.c **** 
 898:Middlewares/Third_Party/FreeRTOS/Source/tasks.c **** 			/* Don't copy all configMAX_TASK_NAME_LEN if the string is shorter than
 899:Middlewares/Third_Party/FreeRTOS/Source/tasks.c **** 			configMAX_TASK_NAME_LEN characters just in case the memory after the
 900:Middlewares/Third_Party/FreeRTOS/Source/tasks.c **** 			string is not accessible (extremely unlikely). */
 901:Middlewares/Third_Party/FreeRTOS/Source/tasks.c **** 			if( pcName[ x ] == ( char ) 0x00 )
 902:Middlewares/Third_Party/FreeRTOS/Source/tasks.c **** 			{
 903:Middlewares/Third_Party/FreeRTOS/Source/tasks.c **** 				break;
 904:Middlewares/Third_Party/FreeRTOS/Source/tasks.c **** 			}
 905:Middlewares/Third_Party/FreeRTOS/Source/tasks.c **** 			else
 906:Middlewares/Third_Party/FreeRTOS/Source/tasks.c **** 			{
 907:Middlewares/Third_Party/FreeRTOS/Source/tasks.c **** 				mtCOVERAGE_TEST_MARKER();
 908:Middlewares/Third_Party/FreeRTOS/Source/tasks.c **** 			}
 909:Middlewares/Third_Party/FreeRTOS/Source/tasks.c **** 		}
 910:Middlewares/Third_Party/FreeRTOS/Source/tasks.c **** 
 911:Middlewares/Third_Party/FreeRTOS/Source/tasks.c **** 		/* Ensure the name string is terminated in the case that the string length
 912:Middlewares/Third_Party/FreeRTOS/Source/tasks.c **** 		was greater or equal to configMAX_TASK_NAME_LEN. */
 913:Middlewares/Third_Party/FreeRTOS/Source/tasks.c **** 		pxNewTCB->pcTaskName[ configMAX_TASK_NAME_LEN - 1 ] = '\0';
 914:Middlewares/Third_Party/FreeRTOS/Source/tasks.c **** 	}
 915:Middlewares/Third_Party/FreeRTOS/Source/tasks.c **** 	else
 916:Middlewares/Third_Party/FreeRTOS/Source/tasks.c **** 	{
 917:Middlewares/Third_Party/FreeRTOS/Source/tasks.c **** 		/* The task has not been given a name, so just ensure there is a NULL
 918:Middlewares/Third_Party/FreeRTOS/Source/tasks.c **** 		terminator when it is read out. */
 919:Middlewares/Third_Party/FreeRTOS/Source/tasks.c **** 		pxNewTCB->pcTaskName[ 0 ] = 0x00;
 920:Middlewares/Third_Party/FreeRTOS/Source/tasks.c **** 	}
 921:Middlewares/Third_Party/FreeRTOS/Source/tasks.c **** 
 922:Middlewares/Third_Party/FreeRTOS/Source/tasks.c **** 	/* This is used as an array index so must ensure it's not too large.  First
 923:Middlewares/Third_Party/FreeRTOS/Source/tasks.c **** 	remove the privilege bit if one is present. */
 924:Middlewares/Third_Party/FreeRTOS/Source/tasks.c **** 	if( uxPriority >= ( UBaseType_t ) configMAX_PRIORITIES )
 925:Middlewares/Third_Party/FreeRTOS/Source/tasks.c **** 	{
 926:Middlewares/Third_Party/FreeRTOS/Source/tasks.c **** 		uxPriority = ( UBaseType_t ) configMAX_PRIORITIES - ( UBaseType_t ) 1U;
 927:Middlewares/Third_Party/FreeRTOS/Source/tasks.c **** 	}
 928:Middlewares/Third_Party/FreeRTOS/Source/tasks.c **** 	else
 929:Middlewares/Third_Party/FreeRTOS/Source/tasks.c **** 	{
 930:Middlewares/Third_Party/FreeRTOS/Source/tasks.c **** 		mtCOVERAGE_TEST_MARKER();
 931:Middlewares/Third_Party/FreeRTOS/Source/tasks.c **** 	}
 932:Middlewares/Third_Party/FreeRTOS/Source/tasks.c **** 
 933:Middlewares/Third_Party/FreeRTOS/Source/tasks.c **** 	pxNewTCB->uxPriority = uxPriority;
 934:Middlewares/Third_Party/FreeRTOS/Source/tasks.c **** 	#if ( configUSE_MUTEXES == 1 )
 935:Middlewares/Third_Party/FreeRTOS/Source/tasks.c **** 	{
 936:Middlewares/Third_Party/FreeRTOS/Source/tasks.c **** 		pxNewTCB->uxBasePriority = uxPriority;
 937:Middlewares/Third_Party/FreeRTOS/Source/tasks.c **** 		pxNewTCB->uxMutexesHeld = 0;
 938:Middlewares/Third_Party/FreeRTOS/Source/tasks.c **** 	}
 939:Middlewares/Third_Party/FreeRTOS/Source/tasks.c **** 	#endif /* configUSE_MUTEXES */
 940:Middlewares/Third_Party/FreeRTOS/Source/tasks.c **** 
 941:Middlewares/Third_Party/FreeRTOS/Source/tasks.c **** 	vListInitialiseItem( &( pxNewTCB->xStateListItem ) );
 942:Middlewares/Third_Party/FreeRTOS/Source/tasks.c **** 	vListInitialiseItem( &( pxNewTCB->xEventListItem ) );
 943:Middlewares/Third_Party/FreeRTOS/Source/tasks.c **** 
 944:Middlewares/Third_Party/FreeRTOS/Source/tasks.c **** 	/* Set the pxNewTCB as a link back from the ListItem_t.  This is so we can get
ARM GAS  C:\Users\subdia\AppData\Local\Temp\ccqYdsij.s 			page 18


 945:Middlewares/Third_Party/FreeRTOS/Source/tasks.c **** 	back to	the containing TCB from a generic item in a list. */
 946:Middlewares/Third_Party/FreeRTOS/Source/tasks.c **** 	listSET_LIST_ITEM_OWNER( &( pxNewTCB->xStateListItem ), pxNewTCB );
 947:Middlewares/Third_Party/FreeRTOS/Source/tasks.c **** 
 948:Middlewares/Third_Party/FreeRTOS/Source/tasks.c **** 	/* Event lists are always in priority order. */
 949:Middlewares/Third_Party/FreeRTOS/Source/tasks.c **** 	listSET_LIST_ITEM_VALUE( &( pxNewTCB->xEventListItem ), ( TickType_t ) configMAX_PRIORITIES - ( Ti
 950:Middlewares/Third_Party/FreeRTOS/Source/tasks.c **** 	listSET_LIST_ITEM_OWNER( &( pxNewTCB->xEventListItem ), pxNewTCB );
 951:Middlewares/Third_Party/FreeRTOS/Source/tasks.c **** 
 952:Middlewares/Third_Party/FreeRTOS/Source/tasks.c **** 	#if ( portCRITICAL_NESTING_IN_TCB == 1 )
 953:Middlewares/Third_Party/FreeRTOS/Source/tasks.c **** 	{
 954:Middlewares/Third_Party/FreeRTOS/Source/tasks.c **** 		pxNewTCB->uxCriticalNesting = ( UBaseType_t ) 0U;
 955:Middlewares/Third_Party/FreeRTOS/Source/tasks.c **** 	}
 956:Middlewares/Third_Party/FreeRTOS/Source/tasks.c **** 	#endif /* portCRITICAL_NESTING_IN_TCB */
 957:Middlewares/Third_Party/FreeRTOS/Source/tasks.c **** 
 958:Middlewares/Third_Party/FreeRTOS/Source/tasks.c **** 	#if ( configUSE_APPLICATION_TASK_TAG == 1 )
 959:Middlewares/Third_Party/FreeRTOS/Source/tasks.c **** 	{
 960:Middlewares/Third_Party/FreeRTOS/Source/tasks.c **** 		pxNewTCB->pxTaskTag = NULL;
 961:Middlewares/Third_Party/FreeRTOS/Source/tasks.c **** 	}
 962:Middlewares/Third_Party/FreeRTOS/Source/tasks.c **** 	#endif /* configUSE_APPLICATION_TASK_TAG */
 963:Middlewares/Third_Party/FreeRTOS/Source/tasks.c **** 
 964:Middlewares/Third_Party/FreeRTOS/Source/tasks.c **** 	#if ( configGENERATE_RUN_TIME_STATS == 1 )
 965:Middlewares/Third_Party/FreeRTOS/Source/tasks.c **** 	{
 966:Middlewares/Third_Party/FreeRTOS/Source/tasks.c **** 		pxNewTCB->ulRunTimeCounter = 0UL;
 967:Middlewares/Third_Party/FreeRTOS/Source/tasks.c **** 	}
 968:Middlewares/Third_Party/FreeRTOS/Source/tasks.c **** 	#endif /* configGENERATE_RUN_TIME_STATS */
 969:Middlewares/Third_Party/FreeRTOS/Source/tasks.c **** 
 970:Middlewares/Third_Party/FreeRTOS/Source/tasks.c **** 	#if ( portUSING_MPU_WRAPPERS == 1 )
 971:Middlewares/Third_Party/FreeRTOS/Source/tasks.c **** 	{
 972:Middlewares/Third_Party/FreeRTOS/Source/tasks.c **** 		vPortStoreTaskMPUSettings( &( pxNewTCB->xMPUSettings ), xRegions, pxNewTCB->pxStack, ulStackDepth
 973:Middlewares/Third_Party/FreeRTOS/Source/tasks.c **** 	}
 974:Middlewares/Third_Party/FreeRTOS/Source/tasks.c **** 	#else
 975:Middlewares/Third_Party/FreeRTOS/Source/tasks.c **** 	{
 976:Middlewares/Third_Party/FreeRTOS/Source/tasks.c **** 		/* Avoid compiler warning about unreferenced parameter. */
 977:Middlewares/Third_Party/FreeRTOS/Source/tasks.c **** 		( void ) xRegions;
 978:Middlewares/Third_Party/FreeRTOS/Source/tasks.c **** 	}
 979:Middlewares/Third_Party/FreeRTOS/Source/tasks.c **** 	#endif
 980:Middlewares/Third_Party/FreeRTOS/Source/tasks.c **** 
 981:Middlewares/Third_Party/FreeRTOS/Source/tasks.c **** 	#if( configNUM_THREAD_LOCAL_STORAGE_POINTERS != 0 )
 982:Middlewares/Third_Party/FreeRTOS/Source/tasks.c **** 	{
 983:Middlewares/Third_Party/FreeRTOS/Source/tasks.c **** 		for( x = 0; x < ( UBaseType_t ) configNUM_THREAD_LOCAL_STORAGE_POINTERS; x++ )
 984:Middlewares/Third_Party/FreeRTOS/Source/tasks.c **** 		{
 985:Middlewares/Third_Party/FreeRTOS/Source/tasks.c **** 			pxNewTCB->pvThreadLocalStoragePointers[ x ] = NULL;
 986:Middlewares/Third_Party/FreeRTOS/Source/tasks.c **** 		}
 987:Middlewares/Third_Party/FreeRTOS/Source/tasks.c **** 	}
 988:Middlewares/Third_Party/FreeRTOS/Source/tasks.c **** 	#endif
 989:Middlewares/Third_Party/FreeRTOS/Source/tasks.c **** 
 990:Middlewares/Third_Party/FreeRTOS/Source/tasks.c **** 	#if ( configUSE_TASK_NOTIFICATIONS == 1 )
 991:Middlewares/Third_Party/FreeRTOS/Source/tasks.c **** 	{
 992:Middlewares/Third_Party/FreeRTOS/Source/tasks.c **** 		pxNewTCB->ulNotifiedValue = 0;
 993:Middlewares/Third_Party/FreeRTOS/Source/tasks.c **** 		pxNewTCB->ucNotifyState = taskNOT_WAITING_NOTIFICATION;
 994:Middlewares/Third_Party/FreeRTOS/Source/tasks.c **** 	}
 995:Middlewares/Third_Party/FreeRTOS/Source/tasks.c **** 	#endif
 996:Middlewares/Third_Party/FreeRTOS/Source/tasks.c **** 
 997:Middlewares/Third_Party/FreeRTOS/Source/tasks.c **** 	#if ( configUSE_NEWLIB_REENTRANT == 1 )
 998:Middlewares/Third_Party/FreeRTOS/Source/tasks.c **** 	{
 999:Middlewares/Third_Party/FreeRTOS/Source/tasks.c **** 		/* Initialise this task's Newlib reent structure.
1000:Middlewares/Third_Party/FreeRTOS/Source/tasks.c **** 		See the third party link http://www.nadler.com/embedded/newlibAndFreeRTOS.html
1001:Middlewares/Third_Party/FreeRTOS/Source/tasks.c **** 		for additional information. */
ARM GAS  C:\Users\subdia\AppData\Local\Temp\ccqYdsij.s 			page 19


1002:Middlewares/Third_Party/FreeRTOS/Source/tasks.c **** 		_REENT_INIT_PTR( ( &( pxNewTCB->xNewLib_reent ) ) );
1003:Middlewares/Third_Party/FreeRTOS/Source/tasks.c **** 	}
1004:Middlewares/Third_Party/FreeRTOS/Source/tasks.c **** 	#endif
1005:Middlewares/Third_Party/FreeRTOS/Source/tasks.c **** 
1006:Middlewares/Third_Party/FreeRTOS/Source/tasks.c **** 	#if( INCLUDE_xTaskAbortDelay == 1 )
1007:Middlewares/Third_Party/FreeRTOS/Source/tasks.c **** 	{
1008:Middlewares/Third_Party/FreeRTOS/Source/tasks.c **** 		pxNewTCB->ucDelayAborted = pdFALSE;
1009:Middlewares/Third_Party/FreeRTOS/Source/tasks.c **** 	}
1010:Middlewares/Third_Party/FreeRTOS/Source/tasks.c **** 	#endif
1011:Middlewares/Third_Party/FreeRTOS/Source/tasks.c **** 
1012:Middlewares/Third_Party/FreeRTOS/Source/tasks.c **** 	/* Initialize the TCB stack to look as if the task was already running,
1013:Middlewares/Third_Party/FreeRTOS/Source/tasks.c **** 	but had been interrupted by the scheduler.  The return address is set
1014:Middlewares/Third_Party/FreeRTOS/Source/tasks.c **** 	to the start of the task function. Once the stack has been initialised
1015:Middlewares/Third_Party/FreeRTOS/Source/tasks.c **** 	the top of stack variable is updated. */
1016:Middlewares/Third_Party/FreeRTOS/Source/tasks.c **** 	#if( portUSING_MPU_WRAPPERS == 1 )
1017:Middlewares/Third_Party/FreeRTOS/Source/tasks.c **** 	{
1018:Middlewares/Third_Party/FreeRTOS/Source/tasks.c **** 		/* If the port has capability to detect stack overflow,
1019:Middlewares/Third_Party/FreeRTOS/Source/tasks.c **** 		pass the stack end address to the stack initialization
1020:Middlewares/Third_Party/FreeRTOS/Source/tasks.c **** 		function as well. */
1021:Middlewares/Third_Party/FreeRTOS/Source/tasks.c **** 		#if( portHAS_STACK_OVERFLOW_CHECKING == 1 )
1022:Middlewares/Third_Party/FreeRTOS/Source/tasks.c **** 		{
1023:Middlewares/Third_Party/FreeRTOS/Source/tasks.c **** 			#if( portSTACK_GROWTH < 0 )
1024:Middlewares/Third_Party/FreeRTOS/Source/tasks.c **** 			{
1025:Middlewares/Third_Party/FreeRTOS/Source/tasks.c **** 				pxNewTCB->pxTopOfStack = pxPortInitialiseStack( pxTopOfStack, pxNewTCB->pxStack, pxTaskCode, pv
1026:Middlewares/Third_Party/FreeRTOS/Source/tasks.c **** 			}
1027:Middlewares/Third_Party/FreeRTOS/Source/tasks.c **** 			#else /* portSTACK_GROWTH */
1028:Middlewares/Third_Party/FreeRTOS/Source/tasks.c **** 			{
1029:Middlewares/Third_Party/FreeRTOS/Source/tasks.c **** 				pxNewTCB->pxTopOfStack = pxPortInitialiseStack( pxTopOfStack, pxNewTCB->pxEndOfStack, pxTaskCod
1030:Middlewares/Third_Party/FreeRTOS/Source/tasks.c **** 			}
1031:Middlewares/Third_Party/FreeRTOS/Source/tasks.c **** 			#endif /* portSTACK_GROWTH */
1032:Middlewares/Third_Party/FreeRTOS/Source/tasks.c **** 		}
1033:Middlewares/Third_Party/FreeRTOS/Source/tasks.c **** 		#else /* portHAS_STACK_OVERFLOW_CHECKING */
1034:Middlewares/Third_Party/FreeRTOS/Source/tasks.c **** 		{
1035:Middlewares/Third_Party/FreeRTOS/Source/tasks.c **** 			pxNewTCB->pxTopOfStack = pxPortInitialiseStack( pxTopOfStack, pxTaskCode, pvParameters, xRunPriv
1036:Middlewares/Third_Party/FreeRTOS/Source/tasks.c **** 		}
1037:Middlewares/Third_Party/FreeRTOS/Source/tasks.c **** 		#endif /* portHAS_STACK_OVERFLOW_CHECKING */
1038:Middlewares/Third_Party/FreeRTOS/Source/tasks.c **** 	}
1039:Middlewares/Third_Party/FreeRTOS/Source/tasks.c **** 	#else /* portUSING_MPU_WRAPPERS */
1040:Middlewares/Third_Party/FreeRTOS/Source/tasks.c **** 	{
1041:Middlewares/Third_Party/FreeRTOS/Source/tasks.c **** 		/* If the port has capability to detect stack overflow,
1042:Middlewares/Third_Party/FreeRTOS/Source/tasks.c **** 		pass the stack end address to the stack initialization
1043:Middlewares/Third_Party/FreeRTOS/Source/tasks.c **** 		function as well. */
1044:Middlewares/Third_Party/FreeRTOS/Source/tasks.c **** 		#if( portHAS_STACK_OVERFLOW_CHECKING == 1 )
1045:Middlewares/Third_Party/FreeRTOS/Source/tasks.c **** 		{
1046:Middlewares/Third_Party/FreeRTOS/Source/tasks.c **** 			#if( portSTACK_GROWTH < 0 )
1047:Middlewares/Third_Party/FreeRTOS/Source/tasks.c **** 			{
1048:Middlewares/Third_Party/FreeRTOS/Source/tasks.c **** 				pxNewTCB->pxTopOfStack = pxPortInitialiseStack( pxTopOfStack, pxNewTCB->pxStack, pxTaskCode, pv
1049:Middlewares/Third_Party/FreeRTOS/Source/tasks.c **** 			}
1050:Middlewares/Third_Party/FreeRTOS/Source/tasks.c **** 			#else /* portSTACK_GROWTH */
1051:Middlewares/Third_Party/FreeRTOS/Source/tasks.c **** 			{
1052:Middlewares/Third_Party/FreeRTOS/Source/tasks.c **** 				pxNewTCB->pxTopOfStack = pxPortInitialiseStack( pxTopOfStack, pxNewTCB->pxEndOfStack, pxTaskCod
1053:Middlewares/Third_Party/FreeRTOS/Source/tasks.c **** 			}
1054:Middlewares/Third_Party/FreeRTOS/Source/tasks.c **** 			#endif /* portSTACK_GROWTH */
1055:Middlewares/Third_Party/FreeRTOS/Source/tasks.c **** 		}
1056:Middlewares/Third_Party/FreeRTOS/Source/tasks.c **** 		#else /* portHAS_STACK_OVERFLOW_CHECKING */
1057:Middlewares/Third_Party/FreeRTOS/Source/tasks.c **** 		{
1058:Middlewares/Third_Party/FreeRTOS/Source/tasks.c **** 			pxNewTCB->pxTopOfStack = pxPortInitialiseStack( pxTopOfStack, pxTaskCode, pvParameters );
ARM GAS  C:\Users\subdia\AppData\Local\Temp\ccqYdsij.s 			page 20


1059:Middlewares/Third_Party/FreeRTOS/Source/tasks.c **** 		}
1060:Middlewares/Third_Party/FreeRTOS/Source/tasks.c **** 		#endif /* portHAS_STACK_OVERFLOW_CHECKING */
1061:Middlewares/Third_Party/FreeRTOS/Source/tasks.c **** 	}
1062:Middlewares/Third_Party/FreeRTOS/Source/tasks.c **** 	#endif /* portUSING_MPU_WRAPPERS */
1063:Middlewares/Third_Party/FreeRTOS/Source/tasks.c **** 
1064:Middlewares/Third_Party/FreeRTOS/Source/tasks.c **** 	if( pxCreatedTask != NULL )
1065:Middlewares/Third_Party/FreeRTOS/Source/tasks.c **** 	{
1066:Middlewares/Third_Party/FreeRTOS/Source/tasks.c **** 		/* Pass the handle out in an anonymous way.  The handle can be used to
1067:Middlewares/Third_Party/FreeRTOS/Source/tasks.c **** 		change the created task's priority, delete the created task, etc.*/
1068:Middlewares/Third_Party/FreeRTOS/Source/tasks.c **** 		*pxCreatedTask = ( TaskHandle_t ) pxNewTCB;
1069:Middlewares/Third_Party/FreeRTOS/Source/tasks.c **** 	}
1070:Middlewares/Third_Party/FreeRTOS/Source/tasks.c **** 	else
1071:Middlewares/Third_Party/FreeRTOS/Source/tasks.c **** 	{
1072:Middlewares/Third_Party/FreeRTOS/Source/tasks.c **** 		mtCOVERAGE_TEST_MARKER();
1073:Middlewares/Third_Party/FreeRTOS/Source/tasks.c **** 	}
1074:Middlewares/Third_Party/FreeRTOS/Source/tasks.c **** }
1075:Middlewares/Third_Party/FreeRTOS/Source/tasks.c **** /*-----------------------------------------------------------*/
1076:Middlewares/Third_Party/FreeRTOS/Source/tasks.c **** 
1077:Middlewares/Third_Party/FreeRTOS/Source/tasks.c **** static void prvAddNewTaskToReadyList( TCB_t *pxNewTCB )
1078:Middlewares/Third_Party/FreeRTOS/Source/tasks.c **** {
1079:Middlewares/Third_Party/FreeRTOS/Source/tasks.c **** 	/* Ensure interrupts don't access the task lists while the lists are being
1080:Middlewares/Third_Party/FreeRTOS/Source/tasks.c **** 	updated. */
1081:Middlewares/Third_Party/FreeRTOS/Source/tasks.c **** 	taskENTER_CRITICAL();
1082:Middlewares/Third_Party/FreeRTOS/Source/tasks.c **** 	{
1083:Middlewares/Third_Party/FreeRTOS/Source/tasks.c **** 		uxCurrentNumberOfTasks++;
1084:Middlewares/Third_Party/FreeRTOS/Source/tasks.c **** 		if( pxCurrentTCB == NULL )
1085:Middlewares/Third_Party/FreeRTOS/Source/tasks.c **** 		{
1086:Middlewares/Third_Party/FreeRTOS/Source/tasks.c **** 			/* There are no other tasks, or all the other tasks are in
1087:Middlewares/Third_Party/FreeRTOS/Source/tasks.c **** 			the suspended state - make this the current task. */
1088:Middlewares/Third_Party/FreeRTOS/Source/tasks.c **** 			pxCurrentTCB = pxNewTCB;
1089:Middlewares/Third_Party/FreeRTOS/Source/tasks.c **** 
1090:Middlewares/Third_Party/FreeRTOS/Source/tasks.c **** 			if( uxCurrentNumberOfTasks == ( UBaseType_t ) 1 )
1091:Middlewares/Third_Party/FreeRTOS/Source/tasks.c **** 			{
1092:Middlewares/Third_Party/FreeRTOS/Source/tasks.c **** 				/* This is the first task to be created so do the preliminary
1093:Middlewares/Third_Party/FreeRTOS/Source/tasks.c **** 				initialisation required.  We will not recover if this call
1094:Middlewares/Third_Party/FreeRTOS/Source/tasks.c **** 				fails, but we will report the failure. */
1095:Middlewares/Third_Party/FreeRTOS/Source/tasks.c **** 				prvInitialiseTaskLists();
1096:Middlewares/Third_Party/FreeRTOS/Source/tasks.c **** 			}
1097:Middlewares/Third_Party/FreeRTOS/Source/tasks.c **** 			else
1098:Middlewares/Third_Party/FreeRTOS/Source/tasks.c **** 			{
1099:Middlewares/Third_Party/FreeRTOS/Source/tasks.c **** 				mtCOVERAGE_TEST_MARKER();
1100:Middlewares/Third_Party/FreeRTOS/Source/tasks.c **** 			}
1101:Middlewares/Third_Party/FreeRTOS/Source/tasks.c **** 		}
1102:Middlewares/Third_Party/FreeRTOS/Source/tasks.c **** 		else
1103:Middlewares/Third_Party/FreeRTOS/Source/tasks.c **** 		{
1104:Middlewares/Third_Party/FreeRTOS/Source/tasks.c **** 			/* If the scheduler is not already running, make this task the
1105:Middlewares/Third_Party/FreeRTOS/Source/tasks.c **** 			current task if it is the highest priority task to be created
1106:Middlewares/Third_Party/FreeRTOS/Source/tasks.c **** 			so far. */
1107:Middlewares/Third_Party/FreeRTOS/Source/tasks.c **** 			if( xSchedulerRunning == pdFALSE )
1108:Middlewares/Third_Party/FreeRTOS/Source/tasks.c **** 			{
1109:Middlewares/Third_Party/FreeRTOS/Source/tasks.c **** 				if( pxCurrentTCB->uxPriority <= pxNewTCB->uxPriority )
1110:Middlewares/Third_Party/FreeRTOS/Source/tasks.c **** 				{
1111:Middlewares/Third_Party/FreeRTOS/Source/tasks.c **** 					pxCurrentTCB = pxNewTCB;
1112:Middlewares/Third_Party/FreeRTOS/Source/tasks.c **** 				}
1113:Middlewares/Third_Party/FreeRTOS/Source/tasks.c **** 				else
1114:Middlewares/Third_Party/FreeRTOS/Source/tasks.c **** 				{
1115:Middlewares/Third_Party/FreeRTOS/Source/tasks.c **** 					mtCOVERAGE_TEST_MARKER();
ARM GAS  C:\Users\subdia\AppData\Local\Temp\ccqYdsij.s 			page 21


1116:Middlewares/Third_Party/FreeRTOS/Source/tasks.c **** 				}
1117:Middlewares/Third_Party/FreeRTOS/Source/tasks.c **** 			}
1118:Middlewares/Third_Party/FreeRTOS/Source/tasks.c **** 			else
1119:Middlewares/Third_Party/FreeRTOS/Source/tasks.c **** 			{
1120:Middlewares/Third_Party/FreeRTOS/Source/tasks.c **** 				mtCOVERAGE_TEST_MARKER();
1121:Middlewares/Third_Party/FreeRTOS/Source/tasks.c **** 			}
1122:Middlewares/Third_Party/FreeRTOS/Source/tasks.c **** 		}
1123:Middlewares/Third_Party/FreeRTOS/Source/tasks.c **** 
1124:Middlewares/Third_Party/FreeRTOS/Source/tasks.c **** 		uxTaskNumber++;
1125:Middlewares/Third_Party/FreeRTOS/Source/tasks.c **** 
1126:Middlewares/Third_Party/FreeRTOS/Source/tasks.c **** 		#if ( configUSE_TRACE_FACILITY == 1 )
1127:Middlewares/Third_Party/FreeRTOS/Source/tasks.c **** 		{
1128:Middlewares/Third_Party/FreeRTOS/Source/tasks.c **** 			/* Add a counter into the TCB for tracing only. */
1129:Middlewares/Third_Party/FreeRTOS/Source/tasks.c **** 			pxNewTCB->uxTCBNumber = uxTaskNumber;
1130:Middlewares/Third_Party/FreeRTOS/Source/tasks.c **** 		}
1131:Middlewares/Third_Party/FreeRTOS/Source/tasks.c **** 		#endif /* configUSE_TRACE_FACILITY */
1132:Middlewares/Third_Party/FreeRTOS/Source/tasks.c **** 		traceTASK_CREATE( pxNewTCB );
1133:Middlewares/Third_Party/FreeRTOS/Source/tasks.c **** 
1134:Middlewares/Third_Party/FreeRTOS/Source/tasks.c **** 		prvAddTaskToReadyList( pxNewTCB );
1135:Middlewares/Third_Party/FreeRTOS/Source/tasks.c **** 
1136:Middlewares/Third_Party/FreeRTOS/Source/tasks.c **** 		portSETUP_TCB( pxNewTCB );
1137:Middlewares/Third_Party/FreeRTOS/Source/tasks.c **** 	}
1138:Middlewares/Third_Party/FreeRTOS/Source/tasks.c **** 	taskEXIT_CRITICAL();
1139:Middlewares/Third_Party/FreeRTOS/Source/tasks.c **** 
1140:Middlewares/Third_Party/FreeRTOS/Source/tasks.c **** 	if( xSchedulerRunning != pdFALSE )
1141:Middlewares/Third_Party/FreeRTOS/Source/tasks.c **** 	{
1142:Middlewares/Third_Party/FreeRTOS/Source/tasks.c **** 		/* If the created task is of a higher priority than the current task
1143:Middlewares/Third_Party/FreeRTOS/Source/tasks.c **** 		then it should run now. */
1144:Middlewares/Third_Party/FreeRTOS/Source/tasks.c **** 		if( pxCurrentTCB->uxPriority < pxNewTCB->uxPriority )
1145:Middlewares/Third_Party/FreeRTOS/Source/tasks.c **** 		{
1146:Middlewares/Third_Party/FreeRTOS/Source/tasks.c **** 			taskYIELD_IF_USING_PREEMPTION();
1147:Middlewares/Third_Party/FreeRTOS/Source/tasks.c **** 		}
1148:Middlewares/Third_Party/FreeRTOS/Source/tasks.c **** 		else
1149:Middlewares/Third_Party/FreeRTOS/Source/tasks.c **** 		{
1150:Middlewares/Third_Party/FreeRTOS/Source/tasks.c **** 			mtCOVERAGE_TEST_MARKER();
1151:Middlewares/Third_Party/FreeRTOS/Source/tasks.c **** 		}
1152:Middlewares/Third_Party/FreeRTOS/Source/tasks.c **** 	}
1153:Middlewares/Third_Party/FreeRTOS/Source/tasks.c **** 	else
1154:Middlewares/Third_Party/FreeRTOS/Source/tasks.c **** 	{
1155:Middlewares/Third_Party/FreeRTOS/Source/tasks.c **** 		mtCOVERAGE_TEST_MARKER();
1156:Middlewares/Third_Party/FreeRTOS/Source/tasks.c **** 	}
1157:Middlewares/Third_Party/FreeRTOS/Source/tasks.c **** }
1158:Middlewares/Third_Party/FreeRTOS/Source/tasks.c **** /*-----------------------------------------------------------*/
1159:Middlewares/Third_Party/FreeRTOS/Source/tasks.c **** 
1160:Middlewares/Third_Party/FreeRTOS/Source/tasks.c **** #if ( INCLUDE_vTaskDelete == 1 )
1161:Middlewares/Third_Party/FreeRTOS/Source/tasks.c **** 
1162:Middlewares/Third_Party/FreeRTOS/Source/tasks.c **** 	void vTaskDelete( TaskHandle_t xTaskToDelete )
1163:Middlewares/Third_Party/FreeRTOS/Source/tasks.c **** 	{
1164:Middlewares/Third_Party/FreeRTOS/Source/tasks.c **** 	TCB_t *pxTCB;
1165:Middlewares/Third_Party/FreeRTOS/Source/tasks.c **** 
1166:Middlewares/Third_Party/FreeRTOS/Source/tasks.c **** 		taskENTER_CRITICAL();
1167:Middlewares/Third_Party/FreeRTOS/Source/tasks.c **** 		{
1168:Middlewares/Third_Party/FreeRTOS/Source/tasks.c **** 			/* If null is passed in here then it is the calling task that is
1169:Middlewares/Third_Party/FreeRTOS/Source/tasks.c **** 			being deleted. */
1170:Middlewares/Third_Party/FreeRTOS/Source/tasks.c **** 			pxTCB = prvGetTCBFromHandle( xTaskToDelete );
1171:Middlewares/Third_Party/FreeRTOS/Source/tasks.c **** 
1172:Middlewares/Third_Party/FreeRTOS/Source/tasks.c **** 			/* Remove task from the ready/delayed list. */
ARM GAS  C:\Users\subdia\AppData\Local\Temp\ccqYdsij.s 			page 22


1173:Middlewares/Third_Party/FreeRTOS/Source/tasks.c **** 			if( uxListRemove( &( pxTCB->xStateListItem ) ) == ( UBaseType_t ) 0 )
1174:Middlewares/Third_Party/FreeRTOS/Source/tasks.c **** 			{
1175:Middlewares/Third_Party/FreeRTOS/Source/tasks.c **** 				taskRESET_READY_PRIORITY( pxTCB->uxPriority );
1176:Middlewares/Third_Party/FreeRTOS/Source/tasks.c **** 			}
1177:Middlewares/Third_Party/FreeRTOS/Source/tasks.c **** 			else
1178:Middlewares/Third_Party/FreeRTOS/Source/tasks.c **** 			{
1179:Middlewares/Third_Party/FreeRTOS/Source/tasks.c **** 				mtCOVERAGE_TEST_MARKER();
1180:Middlewares/Third_Party/FreeRTOS/Source/tasks.c **** 			}
1181:Middlewares/Third_Party/FreeRTOS/Source/tasks.c **** 
1182:Middlewares/Third_Party/FreeRTOS/Source/tasks.c **** 			/* Is the task waiting on an event also? */
1183:Middlewares/Third_Party/FreeRTOS/Source/tasks.c **** 			if( listLIST_ITEM_CONTAINER( &( pxTCB->xEventListItem ) ) != NULL )
1184:Middlewares/Third_Party/FreeRTOS/Source/tasks.c **** 			{
1185:Middlewares/Third_Party/FreeRTOS/Source/tasks.c **** 				( void ) uxListRemove( &( pxTCB->xEventListItem ) );
1186:Middlewares/Third_Party/FreeRTOS/Source/tasks.c **** 			}
1187:Middlewares/Third_Party/FreeRTOS/Source/tasks.c **** 			else
1188:Middlewares/Third_Party/FreeRTOS/Source/tasks.c **** 			{
1189:Middlewares/Third_Party/FreeRTOS/Source/tasks.c **** 				mtCOVERAGE_TEST_MARKER();
1190:Middlewares/Third_Party/FreeRTOS/Source/tasks.c **** 			}
1191:Middlewares/Third_Party/FreeRTOS/Source/tasks.c **** 
1192:Middlewares/Third_Party/FreeRTOS/Source/tasks.c **** 			/* Increment the uxTaskNumber also so kernel aware debuggers can
1193:Middlewares/Third_Party/FreeRTOS/Source/tasks.c **** 			detect that the task lists need re-generating.  This is done before
1194:Middlewares/Third_Party/FreeRTOS/Source/tasks.c **** 			portPRE_TASK_DELETE_HOOK() as in the Windows port that macro will
1195:Middlewares/Third_Party/FreeRTOS/Source/tasks.c **** 			not return. */
1196:Middlewares/Third_Party/FreeRTOS/Source/tasks.c **** 			uxTaskNumber++;
1197:Middlewares/Third_Party/FreeRTOS/Source/tasks.c **** 
1198:Middlewares/Third_Party/FreeRTOS/Source/tasks.c **** 			if( pxTCB == pxCurrentTCB )
1199:Middlewares/Third_Party/FreeRTOS/Source/tasks.c **** 			{
1200:Middlewares/Third_Party/FreeRTOS/Source/tasks.c **** 				/* A task is deleting itself.  This cannot complete within the
1201:Middlewares/Third_Party/FreeRTOS/Source/tasks.c **** 				task itself, as a context switch to another task is required.
1202:Middlewares/Third_Party/FreeRTOS/Source/tasks.c **** 				Place the task in the termination list.  The idle task will
1203:Middlewares/Third_Party/FreeRTOS/Source/tasks.c **** 				check the termination list and free up any memory allocated by
1204:Middlewares/Third_Party/FreeRTOS/Source/tasks.c **** 				the scheduler for the TCB and stack of the deleted task. */
1205:Middlewares/Third_Party/FreeRTOS/Source/tasks.c **** 				vListInsertEnd( &xTasksWaitingTermination, &( pxTCB->xStateListItem ) );
1206:Middlewares/Third_Party/FreeRTOS/Source/tasks.c **** 
1207:Middlewares/Third_Party/FreeRTOS/Source/tasks.c **** 				/* Increment the ucTasksDeleted variable so the idle task knows
1208:Middlewares/Third_Party/FreeRTOS/Source/tasks.c **** 				there is a task that has been deleted and that it should therefore
1209:Middlewares/Third_Party/FreeRTOS/Source/tasks.c **** 				check the xTasksWaitingTermination list. */
1210:Middlewares/Third_Party/FreeRTOS/Source/tasks.c **** 				++uxDeletedTasksWaitingCleanUp;
1211:Middlewares/Third_Party/FreeRTOS/Source/tasks.c **** 
1212:Middlewares/Third_Party/FreeRTOS/Source/tasks.c **** 				/* Call the delete hook before portPRE_TASK_DELETE_HOOK() as
1213:Middlewares/Third_Party/FreeRTOS/Source/tasks.c **** 				portPRE_TASK_DELETE_HOOK() does not return in the Win32 port. */
1214:Middlewares/Third_Party/FreeRTOS/Source/tasks.c **** 				traceTASK_DELETE( pxTCB );
1215:Middlewares/Third_Party/FreeRTOS/Source/tasks.c **** 
1216:Middlewares/Third_Party/FreeRTOS/Source/tasks.c **** 				/* The pre-delete hook is primarily for the Windows simulator,
1217:Middlewares/Third_Party/FreeRTOS/Source/tasks.c **** 				in which Windows specific clean up operations are performed,
1218:Middlewares/Third_Party/FreeRTOS/Source/tasks.c **** 				after which it is not possible to yield away from this task -
1219:Middlewares/Third_Party/FreeRTOS/Source/tasks.c **** 				hence xYieldPending is used to latch that a context switch is
1220:Middlewares/Third_Party/FreeRTOS/Source/tasks.c **** 				required. */
1221:Middlewares/Third_Party/FreeRTOS/Source/tasks.c **** 				portPRE_TASK_DELETE_HOOK( pxTCB, &xYieldPending );
1222:Middlewares/Third_Party/FreeRTOS/Source/tasks.c **** 			}
1223:Middlewares/Third_Party/FreeRTOS/Source/tasks.c **** 			else
1224:Middlewares/Third_Party/FreeRTOS/Source/tasks.c **** 			{
1225:Middlewares/Third_Party/FreeRTOS/Source/tasks.c **** 				--uxCurrentNumberOfTasks;
1226:Middlewares/Third_Party/FreeRTOS/Source/tasks.c **** 				traceTASK_DELETE( pxTCB );
1227:Middlewares/Third_Party/FreeRTOS/Source/tasks.c **** 				prvDeleteTCB( pxTCB );
1228:Middlewares/Third_Party/FreeRTOS/Source/tasks.c **** 
1229:Middlewares/Third_Party/FreeRTOS/Source/tasks.c **** 				/* Reset the next expected unblock time in case it referred to
ARM GAS  C:\Users\subdia\AppData\Local\Temp\ccqYdsij.s 			page 23


1230:Middlewares/Third_Party/FreeRTOS/Source/tasks.c **** 				the task that has just been deleted. */
1231:Middlewares/Third_Party/FreeRTOS/Source/tasks.c **** 				prvResetNextTaskUnblockTime();
1232:Middlewares/Third_Party/FreeRTOS/Source/tasks.c **** 			}
1233:Middlewares/Third_Party/FreeRTOS/Source/tasks.c **** 		}
1234:Middlewares/Third_Party/FreeRTOS/Source/tasks.c **** 		taskEXIT_CRITICAL();
1235:Middlewares/Third_Party/FreeRTOS/Source/tasks.c **** 
1236:Middlewares/Third_Party/FreeRTOS/Source/tasks.c **** 		/* Force a reschedule if it is the currently running task that has just
1237:Middlewares/Third_Party/FreeRTOS/Source/tasks.c **** 		been deleted. */
1238:Middlewares/Third_Party/FreeRTOS/Source/tasks.c **** 		if( xSchedulerRunning != pdFALSE )
1239:Middlewares/Third_Party/FreeRTOS/Source/tasks.c **** 		{
1240:Middlewares/Third_Party/FreeRTOS/Source/tasks.c **** 			if( pxTCB == pxCurrentTCB )
1241:Middlewares/Third_Party/FreeRTOS/Source/tasks.c **** 			{
1242:Middlewares/Third_Party/FreeRTOS/Source/tasks.c **** 				configASSERT( uxSchedulerSuspended == 0 );
1243:Middlewares/Third_Party/FreeRTOS/Source/tasks.c **** 				portYIELD_WITHIN_API();
1244:Middlewares/Third_Party/FreeRTOS/Source/tasks.c **** 			}
1245:Middlewares/Third_Party/FreeRTOS/Source/tasks.c **** 			else
1246:Middlewares/Third_Party/FreeRTOS/Source/tasks.c **** 			{
1247:Middlewares/Third_Party/FreeRTOS/Source/tasks.c **** 				mtCOVERAGE_TEST_MARKER();
1248:Middlewares/Third_Party/FreeRTOS/Source/tasks.c **** 			}
1249:Middlewares/Third_Party/FreeRTOS/Source/tasks.c **** 		}
1250:Middlewares/Third_Party/FreeRTOS/Source/tasks.c **** 	}
1251:Middlewares/Third_Party/FreeRTOS/Source/tasks.c **** 
1252:Middlewares/Third_Party/FreeRTOS/Source/tasks.c **** #endif /* INCLUDE_vTaskDelete */
1253:Middlewares/Third_Party/FreeRTOS/Source/tasks.c **** /*-----------------------------------------------------------*/
1254:Middlewares/Third_Party/FreeRTOS/Source/tasks.c **** 
1255:Middlewares/Third_Party/FreeRTOS/Source/tasks.c **** #if ( INCLUDE_vTaskDelayUntil == 1 )
1256:Middlewares/Third_Party/FreeRTOS/Source/tasks.c **** 
1257:Middlewares/Third_Party/FreeRTOS/Source/tasks.c **** 	void vTaskDelayUntil( TickType_t * const pxPreviousWakeTime, const TickType_t xTimeIncrement )
1258:Middlewares/Third_Party/FreeRTOS/Source/tasks.c **** 	{
1259:Middlewares/Third_Party/FreeRTOS/Source/tasks.c **** 	TickType_t xTimeToWake;
1260:Middlewares/Third_Party/FreeRTOS/Source/tasks.c **** 	BaseType_t xAlreadyYielded, xShouldDelay = pdFALSE;
1261:Middlewares/Third_Party/FreeRTOS/Source/tasks.c **** 
1262:Middlewares/Third_Party/FreeRTOS/Source/tasks.c **** 		configASSERT( pxPreviousWakeTime );
1263:Middlewares/Third_Party/FreeRTOS/Source/tasks.c **** 		configASSERT( ( xTimeIncrement > 0U ) );
1264:Middlewares/Third_Party/FreeRTOS/Source/tasks.c **** 		configASSERT( uxSchedulerSuspended == 0 );
1265:Middlewares/Third_Party/FreeRTOS/Source/tasks.c **** 
1266:Middlewares/Third_Party/FreeRTOS/Source/tasks.c **** 		vTaskSuspendAll();
1267:Middlewares/Third_Party/FreeRTOS/Source/tasks.c **** 		{
1268:Middlewares/Third_Party/FreeRTOS/Source/tasks.c **** 			/* Minor optimisation.  The tick count cannot change in this
1269:Middlewares/Third_Party/FreeRTOS/Source/tasks.c **** 			block. */
1270:Middlewares/Third_Party/FreeRTOS/Source/tasks.c **** 			const TickType_t xConstTickCount = xTickCount;
1271:Middlewares/Third_Party/FreeRTOS/Source/tasks.c **** 
1272:Middlewares/Third_Party/FreeRTOS/Source/tasks.c **** 			/* Generate the tick time at which the task wants to wake. */
1273:Middlewares/Third_Party/FreeRTOS/Source/tasks.c **** 			xTimeToWake = *pxPreviousWakeTime + xTimeIncrement;
1274:Middlewares/Third_Party/FreeRTOS/Source/tasks.c **** 
1275:Middlewares/Third_Party/FreeRTOS/Source/tasks.c **** 			if( xConstTickCount < *pxPreviousWakeTime )
1276:Middlewares/Third_Party/FreeRTOS/Source/tasks.c **** 			{
1277:Middlewares/Third_Party/FreeRTOS/Source/tasks.c **** 				/* The tick count has overflowed since this function was
1278:Middlewares/Third_Party/FreeRTOS/Source/tasks.c **** 				lasted called.  In this case the only time we should ever
1279:Middlewares/Third_Party/FreeRTOS/Source/tasks.c **** 				actually delay is if the wake time has also	overflowed,
1280:Middlewares/Third_Party/FreeRTOS/Source/tasks.c **** 				and the wake time is greater than the tick time.  When this
1281:Middlewares/Third_Party/FreeRTOS/Source/tasks.c **** 				is the case it is as if neither time had overflowed. */
1282:Middlewares/Third_Party/FreeRTOS/Source/tasks.c **** 				if( ( xTimeToWake < *pxPreviousWakeTime ) && ( xTimeToWake > xConstTickCount ) )
1283:Middlewares/Third_Party/FreeRTOS/Source/tasks.c **** 				{
1284:Middlewares/Third_Party/FreeRTOS/Source/tasks.c **** 					xShouldDelay = pdTRUE;
1285:Middlewares/Third_Party/FreeRTOS/Source/tasks.c **** 				}
1286:Middlewares/Third_Party/FreeRTOS/Source/tasks.c **** 				else
ARM GAS  C:\Users\subdia\AppData\Local\Temp\ccqYdsij.s 			page 24


1287:Middlewares/Third_Party/FreeRTOS/Source/tasks.c **** 				{
1288:Middlewares/Third_Party/FreeRTOS/Source/tasks.c **** 					mtCOVERAGE_TEST_MARKER();
1289:Middlewares/Third_Party/FreeRTOS/Source/tasks.c **** 				}
1290:Middlewares/Third_Party/FreeRTOS/Source/tasks.c **** 			}
1291:Middlewares/Third_Party/FreeRTOS/Source/tasks.c **** 			else
1292:Middlewares/Third_Party/FreeRTOS/Source/tasks.c **** 			{
1293:Middlewares/Third_Party/FreeRTOS/Source/tasks.c **** 				/* The tick time has not overflowed.  In this case we will
1294:Middlewares/Third_Party/FreeRTOS/Source/tasks.c **** 				delay if either the wake time has overflowed, and/or the
1295:Middlewares/Third_Party/FreeRTOS/Source/tasks.c **** 				tick time is less than the wake time. */
1296:Middlewares/Third_Party/FreeRTOS/Source/tasks.c **** 				if( ( xTimeToWake < *pxPreviousWakeTime ) || ( xTimeToWake > xConstTickCount ) )
1297:Middlewares/Third_Party/FreeRTOS/Source/tasks.c **** 				{
1298:Middlewares/Third_Party/FreeRTOS/Source/tasks.c **** 					xShouldDelay = pdTRUE;
1299:Middlewares/Third_Party/FreeRTOS/Source/tasks.c **** 				}
1300:Middlewares/Third_Party/FreeRTOS/Source/tasks.c **** 				else
1301:Middlewares/Third_Party/FreeRTOS/Source/tasks.c **** 				{
1302:Middlewares/Third_Party/FreeRTOS/Source/tasks.c **** 					mtCOVERAGE_TEST_MARKER();
1303:Middlewares/Third_Party/FreeRTOS/Source/tasks.c **** 				}
1304:Middlewares/Third_Party/FreeRTOS/Source/tasks.c **** 			}
1305:Middlewares/Third_Party/FreeRTOS/Source/tasks.c **** 
1306:Middlewares/Third_Party/FreeRTOS/Source/tasks.c **** 			/* Update the wake time ready for the next call. */
1307:Middlewares/Third_Party/FreeRTOS/Source/tasks.c **** 			*pxPreviousWakeTime = xTimeToWake;
1308:Middlewares/Third_Party/FreeRTOS/Source/tasks.c **** 
1309:Middlewares/Third_Party/FreeRTOS/Source/tasks.c **** 			if( xShouldDelay != pdFALSE )
1310:Middlewares/Third_Party/FreeRTOS/Source/tasks.c **** 			{
1311:Middlewares/Third_Party/FreeRTOS/Source/tasks.c **** 				traceTASK_DELAY_UNTIL( xTimeToWake );
1312:Middlewares/Third_Party/FreeRTOS/Source/tasks.c **** 
1313:Middlewares/Third_Party/FreeRTOS/Source/tasks.c **** 				/* prvAddCurrentTaskToDelayedList() needs the block time, not
1314:Middlewares/Third_Party/FreeRTOS/Source/tasks.c **** 				the time to wake, so subtract the current tick count. */
1315:Middlewares/Third_Party/FreeRTOS/Source/tasks.c **** 				prvAddCurrentTaskToDelayedList( xTimeToWake - xConstTickCount, pdFALSE );
1316:Middlewares/Third_Party/FreeRTOS/Source/tasks.c **** 			}
1317:Middlewares/Third_Party/FreeRTOS/Source/tasks.c **** 			else
1318:Middlewares/Third_Party/FreeRTOS/Source/tasks.c **** 			{
1319:Middlewares/Third_Party/FreeRTOS/Source/tasks.c **** 				mtCOVERAGE_TEST_MARKER();
1320:Middlewares/Third_Party/FreeRTOS/Source/tasks.c **** 			}
1321:Middlewares/Third_Party/FreeRTOS/Source/tasks.c **** 		}
1322:Middlewares/Third_Party/FreeRTOS/Source/tasks.c **** 		xAlreadyYielded = xTaskResumeAll();
1323:Middlewares/Third_Party/FreeRTOS/Source/tasks.c **** 
1324:Middlewares/Third_Party/FreeRTOS/Source/tasks.c **** 		/* Force a reschedule if xTaskResumeAll has not already done so, we may
1325:Middlewares/Third_Party/FreeRTOS/Source/tasks.c **** 		have put ourselves to sleep. */
1326:Middlewares/Third_Party/FreeRTOS/Source/tasks.c **** 		if( xAlreadyYielded == pdFALSE )
1327:Middlewares/Third_Party/FreeRTOS/Source/tasks.c **** 		{
1328:Middlewares/Third_Party/FreeRTOS/Source/tasks.c **** 			portYIELD_WITHIN_API();
1329:Middlewares/Third_Party/FreeRTOS/Source/tasks.c **** 		}
1330:Middlewares/Third_Party/FreeRTOS/Source/tasks.c **** 		else
1331:Middlewares/Third_Party/FreeRTOS/Source/tasks.c **** 		{
1332:Middlewares/Third_Party/FreeRTOS/Source/tasks.c **** 			mtCOVERAGE_TEST_MARKER();
1333:Middlewares/Third_Party/FreeRTOS/Source/tasks.c **** 		}
1334:Middlewares/Third_Party/FreeRTOS/Source/tasks.c **** 	}
1335:Middlewares/Third_Party/FreeRTOS/Source/tasks.c **** 
1336:Middlewares/Third_Party/FreeRTOS/Source/tasks.c **** #endif /* INCLUDE_vTaskDelayUntil */
1337:Middlewares/Third_Party/FreeRTOS/Source/tasks.c **** /*-----------------------------------------------------------*/
1338:Middlewares/Third_Party/FreeRTOS/Source/tasks.c **** 
1339:Middlewares/Third_Party/FreeRTOS/Source/tasks.c **** #if ( INCLUDE_vTaskDelay == 1 )
1340:Middlewares/Third_Party/FreeRTOS/Source/tasks.c **** 
1341:Middlewares/Third_Party/FreeRTOS/Source/tasks.c **** 	void vTaskDelay( const TickType_t xTicksToDelay )
1342:Middlewares/Third_Party/FreeRTOS/Source/tasks.c **** 	{
1343:Middlewares/Third_Party/FreeRTOS/Source/tasks.c **** 	BaseType_t xAlreadyYielded = pdFALSE;
ARM GAS  C:\Users\subdia\AppData\Local\Temp\ccqYdsij.s 			page 25


1344:Middlewares/Third_Party/FreeRTOS/Source/tasks.c **** 
1345:Middlewares/Third_Party/FreeRTOS/Source/tasks.c **** 		/* A delay time of zero just forces a reschedule. */
1346:Middlewares/Third_Party/FreeRTOS/Source/tasks.c **** 		if( xTicksToDelay > ( TickType_t ) 0U )
1347:Middlewares/Third_Party/FreeRTOS/Source/tasks.c **** 		{
1348:Middlewares/Third_Party/FreeRTOS/Source/tasks.c **** 			configASSERT( uxSchedulerSuspended == 0 );
1349:Middlewares/Third_Party/FreeRTOS/Source/tasks.c **** 			vTaskSuspendAll();
1350:Middlewares/Third_Party/FreeRTOS/Source/tasks.c **** 			{
1351:Middlewares/Third_Party/FreeRTOS/Source/tasks.c **** 				traceTASK_DELAY();
1352:Middlewares/Third_Party/FreeRTOS/Source/tasks.c **** 
1353:Middlewares/Third_Party/FreeRTOS/Source/tasks.c **** 				/* A task that is removed from the event list while the
1354:Middlewares/Third_Party/FreeRTOS/Source/tasks.c **** 				scheduler is suspended will not get placed in the ready
1355:Middlewares/Third_Party/FreeRTOS/Source/tasks.c **** 				list or removed from the blocked list until the scheduler
1356:Middlewares/Third_Party/FreeRTOS/Source/tasks.c **** 				is resumed.
1357:Middlewares/Third_Party/FreeRTOS/Source/tasks.c **** 
1358:Middlewares/Third_Party/FreeRTOS/Source/tasks.c **** 				This task cannot be in an event list as it is the currently
1359:Middlewares/Third_Party/FreeRTOS/Source/tasks.c **** 				executing task. */
1360:Middlewares/Third_Party/FreeRTOS/Source/tasks.c **** 				prvAddCurrentTaskToDelayedList( xTicksToDelay, pdFALSE );
1361:Middlewares/Third_Party/FreeRTOS/Source/tasks.c **** 			}
1362:Middlewares/Third_Party/FreeRTOS/Source/tasks.c **** 			xAlreadyYielded = xTaskResumeAll();
1363:Middlewares/Third_Party/FreeRTOS/Source/tasks.c **** 		}
1364:Middlewares/Third_Party/FreeRTOS/Source/tasks.c **** 		else
1365:Middlewares/Third_Party/FreeRTOS/Source/tasks.c **** 		{
1366:Middlewares/Third_Party/FreeRTOS/Source/tasks.c **** 			mtCOVERAGE_TEST_MARKER();
1367:Middlewares/Third_Party/FreeRTOS/Source/tasks.c **** 		}
1368:Middlewares/Third_Party/FreeRTOS/Source/tasks.c **** 
1369:Middlewares/Third_Party/FreeRTOS/Source/tasks.c **** 		/* Force a reschedule if xTaskResumeAll has not already done so, we may
1370:Middlewares/Third_Party/FreeRTOS/Source/tasks.c **** 		have put ourselves to sleep. */
1371:Middlewares/Third_Party/FreeRTOS/Source/tasks.c **** 		if( xAlreadyYielded == pdFALSE )
1372:Middlewares/Third_Party/FreeRTOS/Source/tasks.c **** 		{
1373:Middlewares/Third_Party/FreeRTOS/Source/tasks.c **** 			portYIELD_WITHIN_API();
1374:Middlewares/Third_Party/FreeRTOS/Source/tasks.c **** 		}
1375:Middlewares/Third_Party/FreeRTOS/Source/tasks.c **** 		else
1376:Middlewares/Third_Party/FreeRTOS/Source/tasks.c **** 		{
1377:Middlewares/Third_Party/FreeRTOS/Source/tasks.c **** 			mtCOVERAGE_TEST_MARKER();
1378:Middlewares/Third_Party/FreeRTOS/Source/tasks.c **** 		}
1379:Middlewares/Third_Party/FreeRTOS/Source/tasks.c **** 	}
1380:Middlewares/Third_Party/FreeRTOS/Source/tasks.c **** 
1381:Middlewares/Third_Party/FreeRTOS/Source/tasks.c **** #endif /* INCLUDE_vTaskDelay */
1382:Middlewares/Third_Party/FreeRTOS/Source/tasks.c **** /*-----------------------------------------------------------*/
1383:Middlewares/Third_Party/FreeRTOS/Source/tasks.c **** 
1384:Middlewares/Third_Party/FreeRTOS/Source/tasks.c **** #if( ( INCLUDE_eTaskGetState == 1 ) || ( configUSE_TRACE_FACILITY == 1 ) || ( INCLUDE_xTaskAbortDel
1385:Middlewares/Third_Party/FreeRTOS/Source/tasks.c **** 
1386:Middlewares/Third_Party/FreeRTOS/Source/tasks.c **** 	eTaskState eTaskGetState( TaskHandle_t xTask )
1387:Middlewares/Third_Party/FreeRTOS/Source/tasks.c **** 	{
1388:Middlewares/Third_Party/FreeRTOS/Source/tasks.c **** 	eTaskState eReturn;
1389:Middlewares/Third_Party/FreeRTOS/Source/tasks.c **** 	List_t const * pxStateList, *pxDelayedList, *pxOverflowedDelayedList;
1390:Middlewares/Third_Party/FreeRTOS/Source/tasks.c **** 	const TCB_t * const pxTCB = xTask;
1391:Middlewares/Third_Party/FreeRTOS/Source/tasks.c **** 
1392:Middlewares/Third_Party/FreeRTOS/Source/tasks.c **** 		configASSERT( pxTCB );
1393:Middlewares/Third_Party/FreeRTOS/Source/tasks.c **** 
1394:Middlewares/Third_Party/FreeRTOS/Source/tasks.c **** 		if( pxTCB == pxCurrentTCB )
1395:Middlewares/Third_Party/FreeRTOS/Source/tasks.c **** 		{
1396:Middlewares/Third_Party/FreeRTOS/Source/tasks.c **** 			/* The task calling this function is querying its own state. */
1397:Middlewares/Third_Party/FreeRTOS/Source/tasks.c **** 			eReturn = eRunning;
1398:Middlewares/Third_Party/FreeRTOS/Source/tasks.c **** 		}
1399:Middlewares/Third_Party/FreeRTOS/Source/tasks.c **** 		else
1400:Middlewares/Third_Party/FreeRTOS/Source/tasks.c **** 		{
ARM GAS  C:\Users\subdia\AppData\Local\Temp\ccqYdsij.s 			page 26


1401:Middlewares/Third_Party/FreeRTOS/Source/tasks.c **** 			taskENTER_CRITICAL();
1402:Middlewares/Third_Party/FreeRTOS/Source/tasks.c **** 			{
1403:Middlewares/Third_Party/FreeRTOS/Source/tasks.c **** 				pxStateList = listLIST_ITEM_CONTAINER( &( pxTCB->xStateListItem ) );
1404:Middlewares/Third_Party/FreeRTOS/Source/tasks.c **** 				pxDelayedList = pxDelayedTaskList;
1405:Middlewares/Third_Party/FreeRTOS/Source/tasks.c **** 				pxOverflowedDelayedList = pxOverflowDelayedTaskList;
1406:Middlewares/Third_Party/FreeRTOS/Source/tasks.c **** 			}
1407:Middlewares/Third_Party/FreeRTOS/Source/tasks.c **** 			taskEXIT_CRITICAL();
1408:Middlewares/Third_Party/FreeRTOS/Source/tasks.c **** 
1409:Middlewares/Third_Party/FreeRTOS/Source/tasks.c **** 			if( ( pxStateList == pxDelayedList ) || ( pxStateList == pxOverflowedDelayedList ) )
1410:Middlewares/Third_Party/FreeRTOS/Source/tasks.c **** 			{
1411:Middlewares/Third_Party/FreeRTOS/Source/tasks.c **** 				/* The task being queried is referenced from one of the Blocked
1412:Middlewares/Third_Party/FreeRTOS/Source/tasks.c **** 				lists. */
1413:Middlewares/Third_Party/FreeRTOS/Source/tasks.c **** 				eReturn = eBlocked;
1414:Middlewares/Third_Party/FreeRTOS/Source/tasks.c **** 			}
1415:Middlewares/Third_Party/FreeRTOS/Source/tasks.c **** 
1416:Middlewares/Third_Party/FreeRTOS/Source/tasks.c **** 			#if ( INCLUDE_vTaskSuspend == 1 )
1417:Middlewares/Third_Party/FreeRTOS/Source/tasks.c **** 				else if( pxStateList == &xSuspendedTaskList )
1418:Middlewares/Third_Party/FreeRTOS/Source/tasks.c **** 				{
1419:Middlewares/Third_Party/FreeRTOS/Source/tasks.c **** 					/* The task being queried is referenced from the suspended
1420:Middlewares/Third_Party/FreeRTOS/Source/tasks.c **** 					list.  Is it genuinely suspended or is it blocked
1421:Middlewares/Third_Party/FreeRTOS/Source/tasks.c **** 					indefinitely? */
1422:Middlewares/Third_Party/FreeRTOS/Source/tasks.c **** 					if( listLIST_ITEM_CONTAINER( &( pxTCB->xEventListItem ) ) == NULL )
1423:Middlewares/Third_Party/FreeRTOS/Source/tasks.c **** 					{
1424:Middlewares/Third_Party/FreeRTOS/Source/tasks.c **** 						#if( configUSE_TASK_NOTIFICATIONS == 1 )
1425:Middlewares/Third_Party/FreeRTOS/Source/tasks.c **** 						{
1426:Middlewares/Third_Party/FreeRTOS/Source/tasks.c **** 							/* The task does not appear on the event list item of
1427:Middlewares/Third_Party/FreeRTOS/Source/tasks.c **** 							and of the RTOS objects, but could still be in the
1428:Middlewares/Third_Party/FreeRTOS/Source/tasks.c **** 							blocked state if it is waiting on its notification
1429:Middlewares/Third_Party/FreeRTOS/Source/tasks.c **** 							rather than waiting on an object. */
1430:Middlewares/Third_Party/FreeRTOS/Source/tasks.c **** 							if( pxTCB->ucNotifyState == taskWAITING_NOTIFICATION )
1431:Middlewares/Third_Party/FreeRTOS/Source/tasks.c **** 							{
1432:Middlewares/Third_Party/FreeRTOS/Source/tasks.c **** 								eReturn = eBlocked;
1433:Middlewares/Third_Party/FreeRTOS/Source/tasks.c **** 							}
1434:Middlewares/Third_Party/FreeRTOS/Source/tasks.c **** 							else
1435:Middlewares/Third_Party/FreeRTOS/Source/tasks.c **** 							{
1436:Middlewares/Third_Party/FreeRTOS/Source/tasks.c **** 								eReturn = eSuspended;
1437:Middlewares/Third_Party/FreeRTOS/Source/tasks.c **** 							}
1438:Middlewares/Third_Party/FreeRTOS/Source/tasks.c **** 						}
1439:Middlewares/Third_Party/FreeRTOS/Source/tasks.c **** 						#else
1440:Middlewares/Third_Party/FreeRTOS/Source/tasks.c **** 						{
1441:Middlewares/Third_Party/FreeRTOS/Source/tasks.c **** 							eReturn = eSuspended;
1442:Middlewares/Third_Party/FreeRTOS/Source/tasks.c **** 						}
1443:Middlewares/Third_Party/FreeRTOS/Source/tasks.c **** 						#endif
1444:Middlewares/Third_Party/FreeRTOS/Source/tasks.c **** 					}
1445:Middlewares/Third_Party/FreeRTOS/Source/tasks.c **** 					else
1446:Middlewares/Third_Party/FreeRTOS/Source/tasks.c **** 					{
1447:Middlewares/Third_Party/FreeRTOS/Source/tasks.c **** 						eReturn = eBlocked;
1448:Middlewares/Third_Party/FreeRTOS/Source/tasks.c **** 					}
1449:Middlewares/Third_Party/FreeRTOS/Source/tasks.c **** 				}
1450:Middlewares/Third_Party/FreeRTOS/Source/tasks.c **** 			#endif
1451:Middlewares/Third_Party/FreeRTOS/Source/tasks.c **** 
1452:Middlewares/Third_Party/FreeRTOS/Source/tasks.c **** 			#if ( INCLUDE_vTaskDelete == 1 )
1453:Middlewares/Third_Party/FreeRTOS/Source/tasks.c **** 				else if( ( pxStateList == &xTasksWaitingTermination ) || ( pxStateList == NULL ) )
1454:Middlewares/Third_Party/FreeRTOS/Source/tasks.c **** 				{
1455:Middlewares/Third_Party/FreeRTOS/Source/tasks.c **** 					/* The task being queried is referenced from the deleted
1456:Middlewares/Third_Party/FreeRTOS/Source/tasks.c **** 					tasks list, or it is not referenced from any lists at
1457:Middlewares/Third_Party/FreeRTOS/Source/tasks.c **** 					all. */
ARM GAS  C:\Users\subdia\AppData\Local\Temp\ccqYdsij.s 			page 27


1458:Middlewares/Third_Party/FreeRTOS/Source/tasks.c **** 					eReturn = eDeleted;
1459:Middlewares/Third_Party/FreeRTOS/Source/tasks.c **** 				}
1460:Middlewares/Third_Party/FreeRTOS/Source/tasks.c **** 			#endif
1461:Middlewares/Third_Party/FreeRTOS/Source/tasks.c **** 
1462:Middlewares/Third_Party/FreeRTOS/Source/tasks.c **** 			else /*lint !e525 Negative indentation is intended to make use of pre-processor clearer. */
1463:Middlewares/Third_Party/FreeRTOS/Source/tasks.c **** 			{
1464:Middlewares/Third_Party/FreeRTOS/Source/tasks.c **** 				/* If the task is not in any other state, it must be in the
1465:Middlewares/Third_Party/FreeRTOS/Source/tasks.c **** 				Ready (including pending ready) state. */
1466:Middlewares/Third_Party/FreeRTOS/Source/tasks.c **** 				eReturn = eReady;
1467:Middlewares/Third_Party/FreeRTOS/Source/tasks.c **** 			}
1468:Middlewares/Third_Party/FreeRTOS/Source/tasks.c **** 		}
1469:Middlewares/Third_Party/FreeRTOS/Source/tasks.c **** 
1470:Middlewares/Third_Party/FreeRTOS/Source/tasks.c **** 		return eReturn;
1471:Middlewares/Third_Party/FreeRTOS/Source/tasks.c **** 	} /*lint !e818 xTask cannot be a pointer to const because it is a typedef. */
1472:Middlewares/Third_Party/FreeRTOS/Source/tasks.c **** 
1473:Middlewares/Third_Party/FreeRTOS/Source/tasks.c **** #endif /* INCLUDE_eTaskGetState */
1474:Middlewares/Third_Party/FreeRTOS/Source/tasks.c **** /*-----------------------------------------------------------*/
1475:Middlewares/Third_Party/FreeRTOS/Source/tasks.c **** 
1476:Middlewares/Third_Party/FreeRTOS/Source/tasks.c **** #if ( INCLUDE_uxTaskPriorityGet == 1 )
1477:Middlewares/Third_Party/FreeRTOS/Source/tasks.c **** 
1478:Middlewares/Third_Party/FreeRTOS/Source/tasks.c **** 	UBaseType_t uxTaskPriorityGet( const TaskHandle_t xTask )
1479:Middlewares/Third_Party/FreeRTOS/Source/tasks.c **** 	{
1480:Middlewares/Third_Party/FreeRTOS/Source/tasks.c **** 	TCB_t const *pxTCB;
1481:Middlewares/Third_Party/FreeRTOS/Source/tasks.c **** 	UBaseType_t uxReturn;
1482:Middlewares/Third_Party/FreeRTOS/Source/tasks.c **** 
1483:Middlewares/Third_Party/FreeRTOS/Source/tasks.c **** 		taskENTER_CRITICAL();
1484:Middlewares/Third_Party/FreeRTOS/Source/tasks.c **** 		{
1485:Middlewares/Third_Party/FreeRTOS/Source/tasks.c **** 			/* If null is passed in here then it is the priority of the task
1486:Middlewares/Third_Party/FreeRTOS/Source/tasks.c **** 			that called uxTaskPriorityGet() that is being queried. */
1487:Middlewares/Third_Party/FreeRTOS/Source/tasks.c **** 			pxTCB = prvGetTCBFromHandle( xTask );
1488:Middlewares/Third_Party/FreeRTOS/Source/tasks.c **** 			uxReturn = pxTCB->uxPriority;
1489:Middlewares/Third_Party/FreeRTOS/Source/tasks.c **** 		}
1490:Middlewares/Third_Party/FreeRTOS/Source/tasks.c **** 		taskEXIT_CRITICAL();
1491:Middlewares/Third_Party/FreeRTOS/Source/tasks.c **** 
1492:Middlewares/Third_Party/FreeRTOS/Source/tasks.c **** 		return uxReturn;
1493:Middlewares/Third_Party/FreeRTOS/Source/tasks.c **** 	}
1494:Middlewares/Third_Party/FreeRTOS/Source/tasks.c **** 
1495:Middlewares/Third_Party/FreeRTOS/Source/tasks.c **** #endif /* INCLUDE_uxTaskPriorityGet */
1496:Middlewares/Third_Party/FreeRTOS/Source/tasks.c **** /*-----------------------------------------------------------*/
1497:Middlewares/Third_Party/FreeRTOS/Source/tasks.c **** 
1498:Middlewares/Third_Party/FreeRTOS/Source/tasks.c **** #if ( INCLUDE_uxTaskPriorityGet == 1 )
1499:Middlewares/Third_Party/FreeRTOS/Source/tasks.c **** 
1500:Middlewares/Third_Party/FreeRTOS/Source/tasks.c **** 	UBaseType_t uxTaskPriorityGetFromISR( const TaskHandle_t xTask )
1501:Middlewares/Third_Party/FreeRTOS/Source/tasks.c **** 	{
1502:Middlewares/Third_Party/FreeRTOS/Source/tasks.c **** 	TCB_t const *pxTCB;
1503:Middlewares/Third_Party/FreeRTOS/Source/tasks.c **** 	UBaseType_t uxReturn, uxSavedInterruptState;
1504:Middlewares/Third_Party/FreeRTOS/Source/tasks.c **** 
1505:Middlewares/Third_Party/FreeRTOS/Source/tasks.c **** 		/* RTOS ports that support interrupt nesting have the concept of a
1506:Middlewares/Third_Party/FreeRTOS/Source/tasks.c **** 		maximum	system call (or maximum API call) interrupt priority.
1507:Middlewares/Third_Party/FreeRTOS/Source/tasks.c **** 		Interrupts that are	above the maximum system call priority are keep
1508:Middlewares/Third_Party/FreeRTOS/Source/tasks.c **** 		permanently enabled, even when the RTOS kernel is in a critical section,
1509:Middlewares/Third_Party/FreeRTOS/Source/tasks.c **** 		but cannot make any calls to FreeRTOS API functions.  If configASSERT()
1510:Middlewares/Third_Party/FreeRTOS/Source/tasks.c **** 		is defined in FreeRTOSConfig.h then
1511:Middlewares/Third_Party/FreeRTOS/Source/tasks.c **** 		portASSERT_IF_INTERRUPT_PRIORITY_INVALID() will result in an assertion
1512:Middlewares/Third_Party/FreeRTOS/Source/tasks.c **** 		failure if a FreeRTOS API function is called from an interrupt that has
1513:Middlewares/Third_Party/FreeRTOS/Source/tasks.c **** 		been assigned a priority above the configured maximum system call
1514:Middlewares/Third_Party/FreeRTOS/Source/tasks.c **** 		priority.  Only FreeRTOS functions that end in FromISR can be called
ARM GAS  C:\Users\subdia\AppData\Local\Temp\ccqYdsij.s 			page 28


1515:Middlewares/Third_Party/FreeRTOS/Source/tasks.c **** 		from interrupts	that have been assigned a priority at or (logically)
1516:Middlewares/Third_Party/FreeRTOS/Source/tasks.c **** 		below the maximum system call interrupt priority.  FreeRTOS maintains a
1517:Middlewares/Third_Party/FreeRTOS/Source/tasks.c **** 		separate interrupt safe API to ensure interrupt entry is as fast and as
1518:Middlewares/Third_Party/FreeRTOS/Source/tasks.c **** 		simple as possible.  More information (albeit Cortex-M specific) is
1519:Middlewares/Third_Party/FreeRTOS/Source/tasks.c **** 		provided on the following link:
1520:Middlewares/Third_Party/FreeRTOS/Source/tasks.c **** 		https://www.freertos.org/RTOS-Cortex-M3-M4.html */
1521:Middlewares/Third_Party/FreeRTOS/Source/tasks.c **** 		portASSERT_IF_INTERRUPT_PRIORITY_INVALID();
1522:Middlewares/Third_Party/FreeRTOS/Source/tasks.c **** 
1523:Middlewares/Third_Party/FreeRTOS/Source/tasks.c **** 		uxSavedInterruptState = portSET_INTERRUPT_MASK_FROM_ISR();
1524:Middlewares/Third_Party/FreeRTOS/Source/tasks.c **** 		{
1525:Middlewares/Third_Party/FreeRTOS/Source/tasks.c **** 			/* If null is passed in here then it is the priority of the calling
1526:Middlewares/Third_Party/FreeRTOS/Source/tasks.c **** 			task that is being queried. */
1527:Middlewares/Third_Party/FreeRTOS/Source/tasks.c **** 			pxTCB = prvGetTCBFromHandle( xTask );
1528:Middlewares/Third_Party/FreeRTOS/Source/tasks.c **** 			uxReturn = pxTCB->uxPriority;
1529:Middlewares/Third_Party/FreeRTOS/Source/tasks.c **** 		}
1530:Middlewares/Third_Party/FreeRTOS/Source/tasks.c **** 		portCLEAR_INTERRUPT_MASK_FROM_ISR( uxSavedInterruptState );
1531:Middlewares/Third_Party/FreeRTOS/Source/tasks.c **** 
1532:Middlewares/Third_Party/FreeRTOS/Source/tasks.c **** 		return uxReturn;
1533:Middlewares/Third_Party/FreeRTOS/Source/tasks.c **** 	}
1534:Middlewares/Third_Party/FreeRTOS/Source/tasks.c **** 
1535:Middlewares/Third_Party/FreeRTOS/Source/tasks.c **** #endif /* INCLUDE_uxTaskPriorityGet */
1536:Middlewares/Third_Party/FreeRTOS/Source/tasks.c **** /*-----------------------------------------------------------*/
1537:Middlewares/Third_Party/FreeRTOS/Source/tasks.c **** 
1538:Middlewares/Third_Party/FreeRTOS/Source/tasks.c **** #if ( INCLUDE_vTaskPrioritySet == 1 )
1539:Middlewares/Third_Party/FreeRTOS/Source/tasks.c **** 
1540:Middlewares/Third_Party/FreeRTOS/Source/tasks.c **** 	void vTaskPrioritySet( TaskHandle_t xTask, UBaseType_t uxNewPriority )
1541:Middlewares/Third_Party/FreeRTOS/Source/tasks.c **** 	{
1542:Middlewares/Third_Party/FreeRTOS/Source/tasks.c **** 	TCB_t *pxTCB;
1543:Middlewares/Third_Party/FreeRTOS/Source/tasks.c **** 	UBaseType_t uxCurrentBasePriority, uxPriorityUsedOnEntry;
1544:Middlewares/Third_Party/FreeRTOS/Source/tasks.c **** 	BaseType_t xYieldRequired = pdFALSE;
1545:Middlewares/Third_Party/FreeRTOS/Source/tasks.c **** 
1546:Middlewares/Third_Party/FreeRTOS/Source/tasks.c **** 		configASSERT( ( uxNewPriority < configMAX_PRIORITIES ) );
1547:Middlewares/Third_Party/FreeRTOS/Source/tasks.c **** 
1548:Middlewares/Third_Party/FreeRTOS/Source/tasks.c **** 		/* Ensure the new priority is valid. */
1549:Middlewares/Third_Party/FreeRTOS/Source/tasks.c **** 		if( uxNewPriority >= ( UBaseType_t ) configMAX_PRIORITIES )
1550:Middlewares/Third_Party/FreeRTOS/Source/tasks.c **** 		{
1551:Middlewares/Third_Party/FreeRTOS/Source/tasks.c **** 			uxNewPriority = ( UBaseType_t ) configMAX_PRIORITIES - ( UBaseType_t ) 1U;
1552:Middlewares/Third_Party/FreeRTOS/Source/tasks.c **** 		}
1553:Middlewares/Third_Party/FreeRTOS/Source/tasks.c **** 		else
1554:Middlewares/Third_Party/FreeRTOS/Source/tasks.c **** 		{
1555:Middlewares/Third_Party/FreeRTOS/Source/tasks.c **** 			mtCOVERAGE_TEST_MARKER();
1556:Middlewares/Third_Party/FreeRTOS/Source/tasks.c **** 		}
1557:Middlewares/Third_Party/FreeRTOS/Source/tasks.c **** 
1558:Middlewares/Third_Party/FreeRTOS/Source/tasks.c **** 		taskENTER_CRITICAL();
1559:Middlewares/Third_Party/FreeRTOS/Source/tasks.c **** 		{
1560:Middlewares/Third_Party/FreeRTOS/Source/tasks.c **** 			/* If null is passed in here then it is the priority of the calling
1561:Middlewares/Third_Party/FreeRTOS/Source/tasks.c **** 			task that is being changed. */
1562:Middlewares/Third_Party/FreeRTOS/Source/tasks.c **** 			pxTCB = prvGetTCBFromHandle( xTask );
1563:Middlewares/Third_Party/FreeRTOS/Source/tasks.c **** 
1564:Middlewares/Third_Party/FreeRTOS/Source/tasks.c **** 			traceTASK_PRIORITY_SET( pxTCB, uxNewPriority );
1565:Middlewares/Third_Party/FreeRTOS/Source/tasks.c **** 
1566:Middlewares/Third_Party/FreeRTOS/Source/tasks.c **** 			#if ( configUSE_MUTEXES == 1 )
1567:Middlewares/Third_Party/FreeRTOS/Source/tasks.c **** 			{
1568:Middlewares/Third_Party/FreeRTOS/Source/tasks.c **** 				uxCurrentBasePriority = pxTCB->uxBasePriority;
1569:Middlewares/Third_Party/FreeRTOS/Source/tasks.c **** 			}
1570:Middlewares/Third_Party/FreeRTOS/Source/tasks.c **** 			#else
1571:Middlewares/Third_Party/FreeRTOS/Source/tasks.c **** 			{
ARM GAS  C:\Users\subdia\AppData\Local\Temp\ccqYdsij.s 			page 29


1572:Middlewares/Third_Party/FreeRTOS/Source/tasks.c **** 				uxCurrentBasePriority = pxTCB->uxPriority;
1573:Middlewares/Third_Party/FreeRTOS/Source/tasks.c **** 			}
1574:Middlewares/Third_Party/FreeRTOS/Source/tasks.c **** 			#endif
1575:Middlewares/Third_Party/FreeRTOS/Source/tasks.c **** 
1576:Middlewares/Third_Party/FreeRTOS/Source/tasks.c **** 			if( uxCurrentBasePriority != uxNewPriority )
1577:Middlewares/Third_Party/FreeRTOS/Source/tasks.c **** 			{
1578:Middlewares/Third_Party/FreeRTOS/Source/tasks.c **** 				/* The priority change may have readied a task of higher
1579:Middlewares/Third_Party/FreeRTOS/Source/tasks.c **** 				priority than the calling task. */
1580:Middlewares/Third_Party/FreeRTOS/Source/tasks.c **** 				if( uxNewPriority > uxCurrentBasePriority )
1581:Middlewares/Third_Party/FreeRTOS/Source/tasks.c **** 				{
1582:Middlewares/Third_Party/FreeRTOS/Source/tasks.c **** 					if( pxTCB != pxCurrentTCB )
1583:Middlewares/Third_Party/FreeRTOS/Source/tasks.c **** 					{
1584:Middlewares/Third_Party/FreeRTOS/Source/tasks.c **** 						/* The priority of a task other than the currently
1585:Middlewares/Third_Party/FreeRTOS/Source/tasks.c **** 						running task is being raised.  Is the priority being
1586:Middlewares/Third_Party/FreeRTOS/Source/tasks.c **** 						raised above that of the running task? */
1587:Middlewares/Third_Party/FreeRTOS/Source/tasks.c **** 						if( uxNewPriority >= pxCurrentTCB->uxPriority )
1588:Middlewares/Third_Party/FreeRTOS/Source/tasks.c **** 						{
1589:Middlewares/Third_Party/FreeRTOS/Source/tasks.c **** 							xYieldRequired = pdTRUE;
1590:Middlewares/Third_Party/FreeRTOS/Source/tasks.c **** 						}
1591:Middlewares/Third_Party/FreeRTOS/Source/tasks.c **** 						else
1592:Middlewares/Third_Party/FreeRTOS/Source/tasks.c **** 						{
1593:Middlewares/Third_Party/FreeRTOS/Source/tasks.c **** 							mtCOVERAGE_TEST_MARKER();
1594:Middlewares/Third_Party/FreeRTOS/Source/tasks.c **** 						}
1595:Middlewares/Third_Party/FreeRTOS/Source/tasks.c **** 					}
1596:Middlewares/Third_Party/FreeRTOS/Source/tasks.c **** 					else
1597:Middlewares/Third_Party/FreeRTOS/Source/tasks.c **** 					{
1598:Middlewares/Third_Party/FreeRTOS/Source/tasks.c **** 						/* The priority of the running task is being raised,
1599:Middlewares/Third_Party/FreeRTOS/Source/tasks.c **** 						but the running task must already be the highest
1600:Middlewares/Third_Party/FreeRTOS/Source/tasks.c **** 						priority task able to run so no yield is required. */
1601:Middlewares/Third_Party/FreeRTOS/Source/tasks.c **** 					}
1602:Middlewares/Third_Party/FreeRTOS/Source/tasks.c **** 				}
1603:Middlewares/Third_Party/FreeRTOS/Source/tasks.c **** 				else if( pxTCB == pxCurrentTCB )
1604:Middlewares/Third_Party/FreeRTOS/Source/tasks.c **** 				{
1605:Middlewares/Third_Party/FreeRTOS/Source/tasks.c **** 					/* Setting the priority of the running task down means
1606:Middlewares/Third_Party/FreeRTOS/Source/tasks.c **** 					there may now be another task of higher priority that
1607:Middlewares/Third_Party/FreeRTOS/Source/tasks.c **** 					is ready to execute. */
1608:Middlewares/Third_Party/FreeRTOS/Source/tasks.c **** 					xYieldRequired = pdTRUE;
1609:Middlewares/Third_Party/FreeRTOS/Source/tasks.c **** 				}
1610:Middlewares/Third_Party/FreeRTOS/Source/tasks.c **** 				else
1611:Middlewares/Third_Party/FreeRTOS/Source/tasks.c **** 				{
1612:Middlewares/Third_Party/FreeRTOS/Source/tasks.c **** 					/* Setting the priority of any other task down does not
1613:Middlewares/Third_Party/FreeRTOS/Source/tasks.c **** 					require a yield as the running task must be above the
1614:Middlewares/Third_Party/FreeRTOS/Source/tasks.c **** 					new priority of the task being modified. */
1615:Middlewares/Third_Party/FreeRTOS/Source/tasks.c **** 				}
1616:Middlewares/Third_Party/FreeRTOS/Source/tasks.c **** 
1617:Middlewares/Third_Party/FreeRTOS/Source/tasks.c **** 				/* Remember the ready list the task might be referenced from
1618:Middlewares/Third_Party/FreeRTOS/Source/tasks.c **** 				before its uxPriority member is changed so the
1619:Middlewares/Third_Party/FreeRTOS/Source/tasks.c **** 				taskRESET_READY_PRIORITY() macro can function correctly. */
1620:Middlewares/Third_Party/FreeRTOS/Source/tasks.c **** 				uxPriorityUsedOnEntry = pxTCB->uxPriority;
1621:Middlewares/Third_Party/FreeRTOS/Source/tasks.c **** 
1622:Middlewares/Third_Party/FreeRTOS/Source/tasks.c **** 				#if ( configUSE_MUTEXES == 1 )
1623:Middlewares/Third_Party/FreeRTOS/Source/tasks.c **** 				{
1624:Middlewares/Third_Party/FreeRTOS/Source/tasks.c **** 					/* Only change the priority being used if the task is not
1625:Middlewares/Third_Party/FreeRTOS/Source/tasks.c **** 					currently using an inherited priority. */
1626:Middlewares/Third_Party/FreeRTOS/Source/tasks.c **** 					if( pxTCB->uxBasePriority == pxTCB->uxPriority )
1627:Middlewares/Third_Party/FreeRTOS/Source/tasks.c **** 					{
1628:Middlewares/Third_Party/FreeRTOS/Source/tasks.c **** 						pxTCB->uxPriority = uxNewPriority;
ARM GAS  C:\Users\subdia\AppData\Local\Temp\ccqYdsij.s 			page 30


1629:Middlewares/Third_Party/FreeRTOS/Source/tasks.c **** 					}
1630:Middlewares/Third_Party/FreeRTOS/Source/tasks.c **** 					else
1631:Middlewares/Third_Party/FreeRTOS/Source/tasks.c **** 					{
1632:Middlewares/Third_Party/FreeRTOS/Source/tasks.c **** 						mtCOVERAGE_TEST_MARKER();
1633:Middlewares/Third_Party/FreeRTOS/Source/tasks.c **** 					}
1634:Middlewares/Third_Party/FreeRTOS/Source/tasks.c **** 
1635:Middlewares/Third_Party/FreeRTOS/Source/tasks.c **** 					/* The base priority gets set whatever. */
1636:Middlewares/Third_Party/FreeRTOS/Source/tasks.c **** 					pxTCB->uxBasePriority = uxNewPriority;
1637:Middlewares/Third_Party/FreeRTOS/Source/tasks.c **** 				}
1638:Middlewares/Third_Party/FreeRTOS/Source/tasks.c **** 				#else
1639:Middlewares/Third_Party/FreeRTOS/Source/tasks.c **** 				{
1640:Middlewares/Third_Party/FreeRTOS/Source/tasks.c **** 					pxTCB->uxPriority = uxNewPriority;
1641:Middlewares/Third_Party/FreeRTOS/Source/tasks.c **** 				}
1642:Middlewares/Third_Party/FreeRTOS/Source/tasks.c **** 				#endif
1643:Middlewares/Third_Party/FreeRTOS/Source/tasks.c **** 
1644:Middlewares/Third_Party/FreeRTOS/Source/tasks.c **** 				/* Only reset the event list item value if the value is not
1645:Middlewares/Third_Party/FreeRTOS/Source/tasks.c **** 				being used for anything else. */
1646:Middlewares/Third_Party/FreeRTOS/Source/tasks.c **** 				if( ( listGET_LIST_ITEM_VALUE( &( pxTCB->xEventListItem ) ) & taskEVENT_LIST_ITEM_VALUE_IN_USE 
1647:Middlewares/Third_Party/FreeRTOS/Source/tasks.c **** 				{
1648:Middlewares/Third_Party/FreeRTOS/Source/tasks.c **** 					listSET_LIST_ITEM_VALUE( &( pxTCB->xEventListItem ), ( ( TickType_t ) configMAX_PRIORITIES - (
1649:Middlewares/Third_Party/FreeRTOS/Source/tasks.c **** 				}
1650:Middlewares/Third_Party/FreeRTOS/Source/tasks.c **** 				else
1651:Middlewares/Third_Party/FreeRTOS/Source/tasks.c **** 				{
1652:Middlewares/Third_Party/FreeRTOS/Source/tasks.c **** 					mtCOVERAGE_TEST_MARKER();
1653:Middlewares/Third_Party/FreeRTOS/Source/tasks.c **** 				}
1654:Middlewares/Third_Party/FreeRTOS/Source/tasks.c **** 
1655:Middlewares/Third_Party/FreeRTOS/Source/tasks.c **** 				/* If the task is in the blocked or suspended list we need do
1656:Middlewares/Third_Party/FreeRTOS/Source/tasks.c **** 				nothing more than change its priority variable. However, if
1657:Middlewares/Third_Party/FreeRTOS/Source/tasks.c **** 				the task is in a ready list it needs to be removed and placed
1658:Middlewares/Third_Party/FreeRTOS/Source/tasks.c **** 				in the list appropriate to its new priority. */
1659:Middlewares/Third_Party/FreeRTOS/Source/tasks.c **** 				if( listIS_CONTAINED_WITHIN( &( pxReadyTasksLists[ uxPriorityUsedOnEntry ] ), &( pxTCB->xStateL
1660:Middlewares/Third_Party/FreeRTOS/Source/tasks.c **** 				{
1661:Middlewares/Third_Party/FreeRTOS/Source/tasks.c **** 					/* The task is currently in its ready list - remove before
1662:Middlewares/Third_Party/FreeRTOS/Source/tasks.c **** 					adding it to it's new ready list.  As we are in a critical
1663:Middlewares/Third_Party/FreeRTOS/Source/tasks.c **** 					section we can do this even if the scheduler is suspended. */
1664:Middlewares/Third_Party/FreeRTOS/Source/tasks.c **** 					if( uxListRemove( &( pxTCB->xStateListItem ) ) == ( UBaseType_t ) 0 )
1665:Middlewares/Third_Party/FreeRTOS/Source/tasks.c **** 					{
1666:Middlewares/Third_Party/FreeRTOS/Source/tasks.c **** 						/* It is known that the task is in its ready list so
1667:Middlewares/Third_Party/FreeRTOS/Source/tasks.c **** 						there is no need to check again and the port level
1668:Middlewares/Third_Party/FreeRTOS/Source/tasks.c **** 						reset macro can be called directly. */
1669:Middlewares/Third_Party/FreeRTOS/Source/tasks.c **** 						portRESET_READY_PRIORITY( uxPriorityUsedOnEntry, uxTopReadyPriority );
1670:Middlewares/Third_Party/FreeRTOS/Source/tasks.c **** 					}
1671:Middlewares/Third_Party/FreeRTOS/Source/tasks.c **** 					else
1672:Middlewares/Third_Party/FreeRTOS/Source/tasks.c **** 					{
1673:Middlewares/Third_Party/FreeRTOS/Source/tasks.c **** 						mtCOVERAGE_TEST_MARKER();
1674:Middlewares/Third_Party/FreeRTOS/Source/tasks.c **** 					}
1675:Middlewares/Third_Party/FreeRTOS/Source/tasks.c **** 					prvAddTaskToReadyList( pxTCB );
1676:Middlewares/Third_Party/FreeRTOS/Source/tasks.c **** 				}
1677:Middlewares/Third_Party/FreeRTOS/Source/tasks.c **** 				else
1678:Middlewares/Third_Party/FreeRTOS/Source/tasks.c **** 				{
1679:Middlewares/Third_Party/FreeRTOS/Source/tasks.c **** 					mtCOVERAGE_TEST_MARKER();
1680:Middlewares/Third_Party/FreeRTOS/Source/tasks.c **** 				}
1681:Middlewares/Third_Party/FreeRTOS/Source/tasks.c **** 
1682:Middlewares/Third_Party/FreeRTOS/Source/tasks.c **** 				if( xYieldRequired != pdFALSE )
1683:Middlewares/Third_Party/FreeRTOS/Source/tasks.c **** 				{
1684:Middlewares/Third_Party/FreeRTOS/Source/tasks.c **** 					taskYIELD_IF_USING_PREEMPTION();
1685:Middlewares/Third_Party/FreeRTOS/Source/tasks.c **** 				}
ARM GAS  C:\Users\subdia\AppData\Local\Temp\ccqYdsij.s 			page 31


1686:Middlewares/Third_Party/FreeRTOS/Source/tasks.c **** 				else
1687:Middlewares/Third_Party/FreeRTOS/Source/tasks.c **** 				{
1688:Middlewares/Third_Party/FreeRTOS/Source/tasks.c **** 					mtCOVERAGE_TEST_MARKER();
1689:Middlewares/Third_Party/FreeRTOS/Source/tasks.c **** 				}
1690:Middlewares/Third_Party/FreeRTOS/Source/tasks.c **** 
1691:Middlewares/Third_Party/FreeRTOS/Source/tasks.c **** 				/* Remove compiler warning about unused variables when the port
1692:Middlewares/Third_Party/FreeRTOS/Source/tasks.c **** 				optimised task selection is not being used. */
1693:Middlewares/Third_Party/FreeRTOS/Source/tasks.c **** 				( void ) uxPriorityUsedOnEntry;
1694:Middlewares/Third_Party/FreeRTOS/Source/tasks.c **** 			}
1695:Middlewares/Third_Party/FreeRTOS/Source/tasks.c **** 		}
1696:Middlewares/Third_Party/FreeRTOS/Source/tasks.c **** 		taskEXIT_CRITICAL();
1697:Middlewares/Third_Party/FreeRTOS/Source/tasks.c **** 	}
1698:Middlewares/Third_Party/FreeRTOS/Source/tasks.c **** 
1699:Middlewares/Third_Party/FreeRTOS/Source/tasks.c **** #endif /* INCLUDE_vTaskPrioritySet */
1700:Middlewares/Third_Party/FreeRTOS/Source/tasks.c **** /*-----------------------------------------------------------*/
1701:Middlewares/Third_Party/FreeRTOS/Source/tasks.c **** 
1702:Middlewares/Third_Party/FreeRTOS/Source/tasks.c **** #if ( INCLUDE_vTaskSuspend == 1 )
1703:Middlewares/Third_Party/FreeRTOS/Source/tasks.c **** 
1704:Middlewares/Third_Party/FreeRTOS/Source/tasks.c **** 	void vTaskSuspend( TaskHandle_t xTaskToSuspend )
1705:Middlewares/Third_Party/FreeRTOS/Source/tasks.c **** 	{
1706:Middlewares/Third_Party/FreeRTOS/Source/tasks.c **** 	TCB_t *pxTCB;
1707:Middlewares/Third_Party/FreeRTOS/Source/tasks.c **** 
1708:Middlewares/Third_Party/FreeRTOS/Source/tasks.c **** 		taskENTER_CRITICAL();
1709:Middlewares/Third_Party/FreeRTOS/Source/tasks.c **** 		{
1710:Middlewares/Third_Party/FreeRTOS/Source/tasks.c **** 			/* If null is passed in here then it is the running task that is
1711:Middlewares/Third_Party/FreeRTOS/Source/tasks.c **** 			being suspended. */
1712:Middlewares/Third_Party/FreeRTOS/Source/tasks.c **** 			pxTCB = prvGetTCBFromHandle( xTaskToSuspend );
1713:Middlewares/Third_Party/FreeRTOS/Source/tasks.c **** 
1714:Middlewares/Third_Party/FreeRTOS/Source/tasks.c **** 			traceTASK_SUSPEND( pxTCB );
1715:Middlewares/Third_Party/FreeRTOS/Source/tasks.c **** 
1716:Middlewares/Third_Party/FreeRTOS/Source/tasks.c **** 			/* Remove task from the ready/delayed list and place in the
1717:Middlewares/Third_Party/FreeRTOS/Source/tasks.c **** 			suspended list. */
1718:Middlewares/Third_Party/FreeRTOS/Source/tasks.c **** 			if( uxListRemove( &( pxTCB->xStateListItem ) ) == ( UBaseType_t ) 0 )
1719:Middlewares/Third_Party/FreeRTOS/Source/tasks.c **** 			{
1720:Middlewares/Third_Party/FreeRTOS/Source/tasks.c **** 				taskRESET_READY_PRIORITY( pxTCB->uxPriority );
1721:Middlewares/Third_Party/FreeRTOS/Source/tasks.c **** 			}
1722:Middlewares/Third_Party/FreeRTOS/Source/tasks.c **** 			else
1723:Middlewares/Third_Party/FreeRTOS/Source/tasks.c **** 			{
1724:Middlewares/Third_Party/FreeRTOS/Source/tasks.c **** 				mtCOVERAGE_TEST_MARKER();
1725:Middlewares/Third_Party/FreeRTOS/Source/tasks.c **** 			}
1726:Middlewares/Third_Party/FreeRTOS/Source/tasks.c **** 
1727:Middlewares/Third_Party/FreeRTOS/Source/tasks.c **** 			/* Is the task waiting on an event also? */
1728:Middlewares/Third_Party/FreeRTOS/Source/tasks.c **** 			if( listLIST_ITEM_CONTAINER( &( pxTCB->xEventListItem ) ) != NULL )
1729:Middlewares/Third_Party/FreeRTOS/Source/tasks.c **** 			{
1730:Middlewares/Third_Party/FreeRTOS/Source/tasks.c **** 				( void ) uxListRemove( &( pxTCB->xEventListItem ) );
1731:Middlewares/Third_Party/FreeRTOS/Source/tasks.c **** 			}
1732:Middlewares/Third_Party/FreeRTOS/Source/tasks.c **** 			else
1733:Middlewares/Third_Party/FreeRTOS/Source/tasks.c **** 			{
1734:Middlewares/Third_Party/FreeRTOS/Source/tasks.c **** 				mtCOVERAGE_TEST_MARKER();
1735:Middlewares/Third_Party/FreeRTOS/Source/tasks.c **** 			}
1736:Middlewares/Third_Party/FreeRTOS/Source/tasks.c **** 
1737:Middlewares/Third_Party/FreeRTOS/Source/tasks.c **** 			vListInsertEnd( &xSuspendedTaskList, &( pxTCB->xStateListItem ) );
1738:Middlewares/Third_Party/FreeRTOS/Source/tasks.c **** 
1739:Middlewares/Third_Party/FreeRTOS/Source/tasks.c **** 			#if( configUSE_TASK_NOTIFICATIONS == 1 )
1740:Middlewares/Third_Party/FreeRTOS/Source/tasks.c **** 			{
1741:Middlewares/Third_Party/FreeRTOS/Source/tasks.c **** 				if( pxTCB->ucNotifyState == taskWAITING_NOTIFICATION )
1742:Middlewares/Third_Party/FreeRTOS/Source/tasks.c **** 				{
ARM GAS  C:\Users\subdia\AppData\Local\Temp\ccqYdsij.s 			page 32


1743:Middlewares/Third_Party/FreeRTOS/Source/tasks.c **** 					/* The task was blocked to wait for a notification, but is
1744:Middlewares/Third_Party/FreeRTOS/Source/tasks.c **** 					now suspended, so no notification was received. */
1745:Middlewares/Third_Party/FreeRTOS/Source/tasks.c **** 					pxTCB->ucNotifyState = taskNOT_WAITING_NOTIFICATION;
1746:Middlewares/Third_Party/FreeRTOS/Source/tasks.c **** 				}
1747:Middlewares/Third_Party/FreeRTOS/Source/tasks.c **** 			}
1748:Middlewares/Third_Party/FreeRTOS/Source/tasks.c **** 			#endif
1749:Middlewares/Third_Party/FreeRTOS/Source/tasks.c **** 		}
1750:Middlewares/Third_Party/FreeRTOS/Source/tasks.c **** 		taskEXIT_CRITICAL();
1751:Middlewares/Third_Party/FreeRTOS/Source/tasks.c **** 
1752:Middlewares/Third_Party/FreeRTOS/Source/tasks.c **** 		if( xSchedulerRunning != pdFALSE )
1753:Middlewares/Third_Party/FreeRTOS/Source/tasks.c **** 		{
1754:Middlewares/Third_Party/FreeRTOS/Source/tasks.c **** 			/* Reset the next expected unblock time in case it referred to the
1755:Middlewares/Third_Party/FreeRTOS/Source/tasks.c **** 			task that is now in the Suspended state. */
1756:Middlewares/Third_Party/FreeRTOS/Source/tasks.c **** 			taskENTER_CRITICAL();
1757:Middlewares/Third_Party/FreeRTOS/Source/tasks.c **** 			{
1758:Middlewares/Third_Party/FreeRTOS/Source/tasks.c **** 				prvResetNextTaskUnblockTime();
1759:Middlewares/Third_Party/FreeRTOS/Source/tasks.c **** 			}
1760:Middlewares/Third_Party/FreeRTOS/Source/tasks.c **** 			taskEXIT_CRITICAL();
1761:Middlewares/Third_Party/FreeRTOS/Source/tasks.c **** 		}
1762:Middlewares/Third_Party/FreeRTOS/Source/tasks.c **** 		else
1763:Middlewares/Third_Party/FreeRTOS/Source/tasks.c **** 		{
1764:Middlewares/Third_Party/FreeRTOS/Source/tasks.c **** 			mtCOVERAGE_TEST_MARKER();
1765:Middlewares/Third_Party/FreeRTOS/Source/tasks.c **** 		}
1766:Middlewares/Third_Party/FreeRTOS/Source/tasks.c **** 
1767:Middlewares/Third_Party/FreeRTOS/Source/tasks.c **** 		if( pxTCB == pxCurrentTCB )
1768:Middlewares/Third_Party/FreeRTOS/Source/tasks.c **** 		{
1769:Middlewares/Third_Party/FreeRTOS/Source/tasks.c **** 			if( xSchedulerRunning != pdFALSE )
1770:Middlewares/Third_Party/FreeRTOS/Source/tasks.c **** 			{
1771:Middlewares/Third_Party/FreeRTOS/Source/tasks.c **** 				/* The current task has just been suspended. */
1772:Middlewares/Third_Party/FreeRTOS/Source/tasks.c **** 				configASSERT( uxSchedulerSuspended == 0 );
1773:Middlewares/Third_Party/FreeRTOS/Source/tasks.c **** 				portYIELD_WITHIN_API();
1774:Middlewares/Third_Party/FreeRTOS/Source/tasks.c **** 			}
1775:Middlewares/Third_Party/FreeRTOS/Source/tasks.c **** 			else
1776:Middlewares/Third_Party/FreeRTOS/Source/tasks.c **** 			{
1777:Middlewares/Third_Party/FreeRTOS/Source/tasks.c **** 				/* The scheduler is not running, but the task that was pointed
1778:Middlewares/Third_Party/FreeRTOS/Source/tasks.c **** 				to by pxCurrentTCB has just been suspended and pxCurrentTCB
1779:Middlewares/Third_Party/FreeRTOS/Source/tasks.c **** 				must be adjusted to point to a different task. */
1780:Middlewares/Third_Party/FreeRTOS/Source/tasks.c **** 				if( listCURRENT_LIST_LENGTH( &xSuspendedTaskList ) == uxCurrentNumberOfTasks ) /*lint !e931 Rig
1781:Middlewares/Third_Party/FreeRTOS/Source/tasks.c **** 				{
1782:Middlewares/Third_Party/FreeRTOS/Source/tasks.c **** 					/* No other tasks are ready, so set pxCurrentTCB back to
1783:Middlewares/Third_Party/FreeRTOS/Source/tasks.c **** 					NULL so when the next task is created pxCurrentTCB will
1784:Middlewares/Third_Party/FreeRTOS/Source/tasks.c **** 					be set to point to it no matter what its relative priority
1785:Middlewares/Third_Party/FreeRTOS/Source/tasks.c **** 					is. */
1786:Middlewares/Third_Party/FreeRTOS/Source/tasks.c **** 					pxCurrentTCB = NULL;
1787:Middlewares/Third_Party/FreeRTOS/Source/tasks.c **** 				}
1788:Middlewares/Third_Party/FreeRTOS/Source/tasks.c **** 				else
1789:Middlewares/Third_Party/FreeRTOS/Source/tasks.c **** 				{
1790:Middlewares/Third_Party/FreeRTOS/Source/tasks.c **** 					vTaskSwitchContext();
1791:Middlewares/Third_Party/FreeRTOS/Source/tasks.c **** 				}
1792:Middlewares/Third_Party/FreeRTOS/Source/tasks.c **** 			}
1793:Middlewares/Third_Party/FreeRTOS/Source/tasks.c **** 		}
1794:Middlewares/Third_Party/FreeRTOS/Source/tasks.c **** 		else
1795:Middlewares/Third_Party/FreeRTOS/Source/tasks.c **** 		{
1796:Middlewares/Third_Party/FreeRTOS/Source/tasks.c **** 			mtCOVERAGE_TEST_MARKER();
1797:Middlewares/Third_Party/FreeRTOS/Source/tasks.c **** 		}
1798:Middlewares/Third_Party/FreeRTOS/Source/tasks.c **** 	}
1799:Middlewares/Third_Party/FreeRTOS/Source/tasks.c **** 
ARM GAS  C:\Users\subdia\AppData\Local\Temp\ccqYdsij.s 			page 33


1800:Middlewares/Third_Party/FreeRTOS/Source/tasks.c **** #endif /* INCLUDE_vTaskSuspend */
1801:Middlewares/Third_Party/FreeRTOS/Source/tasks.c **** /*-----------------------------------------------------------*/
1802:Middlewares/Third_Party/FreeRTOS/Source/tasks.c **** 
1803:Middlewares/Third_Party/FreeRTOS/Source/tasks.c **** #if ( INCLUDE_vTaskSuspend == 1 )
1804:Middlewares/Third_Party/FreeRTOS/Source/tasks.c **** 
1805:Middlewares/Third_Party/FreeRTOS/Source/tasks.c **** 	static BaseType_t prvTaskIsTaskSuspended( const TaskHandle_t xTask )
1806:Middlewares/Third_Party/FreeRTOS/Source/tasks.c **** 	{
  27              		.loc 1 1806 2 view -0
  28              		.cfi_startproc
  29              		@ args = 0, pretend = 0, frame = 0
  30              		@ frame_needed = 0, uses_anonymous_args = 0
  31              		@ link register save eliminated.
1807:Middlewares/Third_Party/FreeRTOS/Source/tasks.c **** 	BaseType_t xReturn = pdFALSE;
  32              		.loc 1 1807 2 view .LVU1
1808:Middlewares/Third_Party/FreeRTOS/Source/tasks.c **** 	const TCB_t * const pxTCB = xTask;
  33              		.loc 1 1808 2 view .LVU2
1809:Middlewares/Third_Party/FreeRTOS/Source/tasks.c **** 
1810:Middlewares/Third_Party/FreeRTOS/Source/tasks.c **** 		/* Accesses xPendingReadyList so must be called from a critical
1811:Middlewares/Third_Party/FreeRTOS/Source/tasks.c **** 		section. */
1812:Middlewares/Third_Party/FreeRTOS/Source/tasks.c **** 
1813:Middlewares/Third_Party/FreeRTOS/Source/tasks.c **** 		/* It does not make sense to check if the calling task is suspended. */
1814:Middlewares/Third_Party/FreeRTOS/Source/tasks.c **** 		configASSERT( xTask );
  34              		.loc 1 1814 3 view .LVU3
  35 0000 28B1     		cbz	r0, .L8
  36              		.loc 1 1814 24 view .LVU4
1815:Middlewares/Third_Party/FreeRTOS/Source/tasks.c **** 
1816:Middlewares/Third_Party/FreeRTOS/Source/tasks.c **** 		/* Is the task being resumed actually in the suspended list? */
1817:Middlewares/Third_Party/FreeRTOS/Source/tasks.c **** 		if( listIS_CONTAINED_WITHIN( &xSuspendedTaskList, &( pxTCB->xStateListItem ) ) != pdFALSE )
  37              		.loc 1 1817 3 view .LVU5
  38              		.loc 1 1817 7 is_stmt 0 view .LVU6
  39 0002 4169     		ldr	r1, [r0, #20]
  40              		.loc 1 1817 5 view .LVU7
  41 0004 0C4A     		ldr	r2, .L10
  42 0006 9142     		cmp	r1, r2
  43 0008 0AD0     		beq	.L9
1807:Middlewares/Third_Party/FreeRTOS/Source/tasks.c **** 	const TCB_t * const pxTCB = xTask;
  44              		.loc 1 1807 13 view .LVU8
  45 000a 0020     		movs	r0, #0
  46              	.LVL1:
1807:Middlewares/Third_Party/FreeRTOS/Source/tasks.c **** 	const TCB_t * const pxTCB = xTask;
  47              		.loc 1 1807 13 view .LVU9
  48 000c 7047     		bx	lr
  49              	.LVL2:
  50              	.L8:
1814:Middlewares/Third_Party/FreeRTOS/Source/tasks.c **** 
  51              		.loc 1 1814 3 is_stmt 1 discriminator 1 view .LVU10
  52              	.LBB110:
  53              	.LBI110:
  54              		.file 2 "Middlewares/Third_Party/FreeRTOS/Source/portable/GCC/ARM_CM3/portmacro.h"
   1:Middlewares/Third_Party/FreeRTOS/Source/portable/GCC/ARM_CM3/portmacro.h **** /*
   2:Middlewares/Third_Party/FreeRTOS/Source/portable/GCC/ARM_CM3/portmacro.h ****  * FreeRTOS Kernel V10.3.1
   3:Middlewares/Third_Party/FreeRTOS/Source/portable/GCC/ARM_CM3/portmacro.h ****  * Copyright (C) 2020 Amazon.com, Inc. or its affiliates.  All Rights Reserved.
   4:Middlewares/Third_Party/FreeRTOS/Source/portable/GCC/ARM_CM3/portmacro.h ****  *
   5:Middlewares/Third_Party/FreeRTOS/Source/portable/GCC/ARM_CM3/portmacro.h ****  * Permission is hereby granted, free of charge, to any person obtaining a copy of
   6:Middlewares/Third_Party/FreeRTOS/Source/portable/GCC/ARM_CM3/portmacro.h ****  * this software and associated documentation files (the "Software"), to deal in
   7:Middlewares/Third_Party/FreeRTOS/Source/portable/GCC/ARM_CM3/portmacro.h ****  * the Software without restriction, including without limitation the rights to
   8:Middlewares/Third_Party/FreeRTOS/Source/portable/GCC/ARM_CM3/portmacro.h ****  * use, copy, modify, merge, publish, distribute, sublicense, and/or sell copies of
ARM GAS  C:\Users\subdia\AppData\Local\Temp\ccqYdsij.s 			page 34


   9:Middlewares/Third_Party/FreeRTOS/Source/portable/GCC/ARM_CM3/portmacro.h ****  * the Software, and to permit persons to whom the Software is furnished to do so,
  10:Middlewares/Third_Party/FreeRTOS/Source/portable/GCC/ARM_CM3/portmacro.h ****  * subject to the following conditions:
  11:Middlewares/Third_Party/FreeRTOS/Source/portable/GCC/ARM_CM3/portmacro.h ****  *
  12:Middlewares/Third_Party/FreeRTOS/Source/portable/GCC/ARM_CM3/portmacro.h ****  * The above copyright notice and this permission notice shall be included in all
  13:Middlewares/Third_Party/FreeRTOS/Source/portable/GCC/ARM_CM3/portmacro.h ****  * copies or substantial portions of the Software.
  14:Middlewares/Third_Party/FreeRTOS/Source/portable/GCC/ARM_CM3/portmacro.h ****  *
  15:Middlewares/Third_Party/FreeRTOS/Source/portable/GCC/ARM_CM3/portmacro.h ****  * THE SOFTWARE IS PROVIDED "AS IS", WITHOUT WARRANTY OF ANY KIND, EXPRESS OR
  16:Middlewares/Third_Party/FreeRTOS/Source/portable/GCC/ARM_CM3/portmacro.h ****  * IMPLIED, INCLUDING BUT NOT LIMITED TO THE WARRANTIES OF MERCHANTABILITY, FITNESS
  17:Middlewares/Third_Party/FreeRTOS/Source/portable/GCC/ARM_CM3/portmacro.h ****  * FOR A PARTICULAR PURPOSE AND NONINFRINGEMENT. IN NO EVENT SHALL THE AUTHORS OR
  18:Middlewares/Third_Party/FreeRTOS/Source/portable/GCC/ARM_CM3/portmacro.h ****  * COPYRIGHT HOLDERS BE LIABLE FOR ANY CLAIM, DAMAGES OR OTHER LIABILITY, WHETHER
  19:Middlewares/Third_Party/FreeRTOS/Source/portable/GCC/ARM_CM3/portmacro.h ****  * IN AN ACTION OF CONTRACT, TORT OR OTHERWISE, ARISING FROM, OUT OF OR IN
  20:Middlewares/Third_Party/FreeRTOS/Source/portable/GCC/ARM_CM3/portmacro.h ****  * CONNECTION WITH THE SOFTWARE OR THE USE OR OTHER DEALINGS IN THE SOFTWARE.
  21:Middlewares/Third_Party/FreeRTOS/Source/portable/GCC/ARM_CM3/portmacro.h ****  *
  22:Middlewares/Third_Party/FreeRTOS/Source/portable/GCC/ARM_CM3/portmacro.h ****  * http://www.FreeRTOS.org
  23:Middlewares/Third_Party/FreeRTOS/Source/portable/GCC/ARM_CM3/portmacro.h ****  * http://aws.amazon.com/freertos
  24:Middlewares/Third_Party/FreeRTOS/Source/portable/GCC/ARM_CM3/portmacro.h ****  *
  25:Middlewares/Third_Party/FreeRTOS/Source/portable/GCC/ARM_CM3/portmacro.h ****  * 1 tab == 4 spaces!
  26:Middlewares/Third_Party/FreeRTOS/Source/portable/GCC/ARM_CM3/portmacro.h ****  */
  27:Middlewares/Third_Party/FreeRTOS/Source/portable/GCC/ARM_CM3/portmacro.h **** 
  28:Middlewares/Third_Party/FreeRTOS/Source/portable/GCC/ARM_CM3/portmacro.h **** 
  29:Middlewares/Third_Party/FreeRTOS/Source/portable/GCC/ARM_CM3/portmacro.h **** #ifndef PORTMACRO_H
  30:Middlewares/Third_Party/FreeRTOS/Source/portable/GCC/ARM_CM3/portmacro.h **** #define PORTMACRO_H
  31:Middlewares/Third_Party/FreeRTOS/Source/portable/GCC/ARM_CM3/portmacro.h **** 
  32:Middlewares/Third_Party/FreeRTOS/Source/portable/GCC/ARM_CM3/portmacro.h **** #ifdef __cplusplus
  33:Middlewares/Third_Party/FreeRTOS/Source/portable/GCC/ARM_CM3/portmacro.h **** extern "C" {
  34:Middlewares/Third_Party/FreeRTOS/Source/portable/GCC/ARM_CM3/portmacro.h **** #endif
  35:Middlewares/Third_Party/FreeRTOS/Source/portable/GCC/ARM_CM3/portmacro.h **** 
  36:Middlewares/Third_Party/FreeRTOS/Source/portable/GCC/ARM_CM3/portmacro.h **** /*-----------------------------------------------------------
  37:Middlewares/Third_Party/FreeRTOS/Source/portable/GCC/ARM_CM3/portmacro.h ****  * Port specific definitions.
  38:Middlewares/Third_Party/FreeRTOS/Source/portable/GCC/ARM_CM3/portmacro.h ****  *
  39:Middlewares/Third_Party/FreeRTOS/Source/portable/GCC/ARM_CM3/portmacro.h ****  * The settings in this file configure FreeRTOS correctly for the
  40:Middlewares/Third_Party/FreeRTOS/Source/portable/GCC/ARM_CM3/portmacro.h ****  * given hardware and compiler.
  41:Middlewares/Third_Party/FreeRTOS/Source/portable/GCC/ARM_CM3/portmacro.h ****  *
  42:Middlewares/Third_Party/FreeRTOS/Source/portable/GCC/ARM_CM3/portmacro.h ****  * These settings should not be altered.
  43:Middlewares/Third_Party/FreeRTOS/Source/portable/GCC/ARM_CM3/portmacro.h ****  *-----------------------------------------------------------
  44:Middlewares/Third_Party/FreeRTOS/Source/portable/GCC/ARM_CM3/portmacro.h ****  */
  45:Middlewares/Third_Party/FreeRTOS/Source/portable/GCC/ARM_CM3/portmacro.h **** 
  46:Middlewares/Third_Party/FreeRTOS/Source/portable/GCC/ARM_CM3/portmacro.h **** /* Type definitions. */
  47:Middlewares/Third_Party/FreeRTOS/Source/portable/GCC/ARM_CM3/portmacro.h **** #define portCHAR		char
  48:Middlewares/Third_Party/FreeRTOS/Source/portable/GCC/ARM_CM3/portmacro.h **** #define portFLOAT		float
  49:Middlewares/Third_Party/FreeRTOS/Source/portable/GCC/ARM_CM3/portmacro.h **** #define portDOUBLE		double
  50:Middlewares/Third_Party/FreeRTOS/Source/portable/GCC/ARM_CM3/portmacro.h **** #define portLONG		long
  51:Middlewares/Third_Party/FreeRTOS/Source/portable/GCC/ARM_CM3/portmacro.h **** #define portSHORT		short
  52:Middlewares/Third_Party/FreeRTOS/Source/portable/GCC/ARM_CM3/portmacro.h **** #define portSTACK_TYPE	uint32_t
  53:Middlewares/Third_Party/FreeRTOS/Source/portable/GCC/ARM_CM3/portmacro.h **** #define portBASE_TYPE	long
  54:Middlewares/Third_Party/FreeRTOS/Source/portable/GCC/ARM_CM3/portmacro.h **** 
  55:Middlewares/Third_Party/FreeRTOS/Source/portable/GCC/ARM_CM3/portmacro.h **** typedef portSTACK_TYPE StackType_t;
  56:Middlewares/Third_Party/FreeRTOS/Source/portable/GCC/ARM_CM3/portmacro.h **** typedef long BaseType_t;
  57:Middlewares/Third_Party/FreeRTOS/Source/portable/GCC/ARM_CM3/portmacro.h **** typedef unsigned long UBaseType_t;
  58:Middlewares/Third_Party/FreeRTOS/Source/portable/GCC/ARM_CM3/portmacro.h **** 
  59:Middlewares/Third_Party/FreeRTOS/Source/portable/GCC/ARM_CM3/portmacro.h **** #if( configUSE_16_BIT_TICKS == 1 )
  60:Middlewares/Third_Party/FreeRTOS/Source/portable/GCC/ARM_CM3/portmacro.h **** 	typedef uint16_t TickType_t;
  61:Middlewares/Third_Party/FreeRTOS/Source/portable/GCC/ARM_CM3/portmacro.h **** 	#define portMAX_DELAY ( TickType_t ) 0xffff
  62:Middlewares/Third_Party/FreeRTOS/Source/portable/GCC/ARM_CM3/portmacro.h **** #else
  63:Middlewares/Third_Party/FreeRTOS/Source/portable/GCC/ARM_CM3/portmacro.h **** 	typedef uint32_t TickType_t;
  64:Middlewares/Third_Party/FreeRTOS/Source/portable/GCC/ARM_CM3/portmacro.h **** 	#define portMAX_DELAY ( TickType_t ) 0xffffffffUL
  65:Middlewares/Third_Party/FreeRTOS/Source/portable/GCC/ARM_CM3/portmacro.h **** 
ARM GAS  C:\Users\subdia\AppData\Local\Temp\ccqYdsij.s 			page 35


  66:Middlewares/Third_Party/FreeRTOS/Source/portable/GCC/ARM_CM3/portmacro.h **** 	/* 32-bit tick type on a 32-bit architecture, so reads of the tick count do
  67:Middlewares/Third_Party/FreeRTOS/Source/portable/GCC/ARM_CM3/portmacro.h **** 	not need to be guarded with a critical section. */
  68:Middlewares/Third_Party/FreeRTOS/Source/portable/GCC/ARM_CM3/portmacro.h **** 	#define portTICK_TYPE_IS_ATOMIC 1
  69:Middlewares/Third_Party/FreeRTOS/Source/portable/GCC/ARM_CM3/portmacro.h **** #endif
  70:Middlewares/Third_Party/FreeRTOS/Source/portable/GCC/ARM_CM3/portmacro.h **** /*-----------------------------------------------------------*/
  71:Middlewares/Third_Party/FreeRTOS/Source/portable/GCC/ARM_CM3/portmacro.h **** 
  72:Middlewares/Third_Party/FreeRTOS/Source/portable/GCC/ARM_CM3/portmacro.h **** /* Architecture specifics. */
  73:Middlewares/Third_Party/FreeRTOS/Source/portable/GCC/ARM_CM3/portmacro.h **** #define portSTACK_GROWTH			( -1 )
  74:Middlewares/Third_Party/FreeRTOS/Source/portable/GCC/ARM_CM3/portmacro.h **** #define portTICK_PERIOD_MS			( ( TickType_t ) 1000 / configTICK_RATE_HZ )
  75:Middlewares/Third_Party/FreeRTOS/Source/portable/GCC/ARM_CM3/portmacro.h **** #define portBYTE_ALIGNMENT			8
  76:Middlewares/Third_Party/FreeRTOS/Source/portable/GCC/ARM_CM3/portmacro.h **** /*-----------------------------------------------------------*/
  77:Middlewares/Third_Party/FreeRTOS/Source/portable/GCC/ARM_CM3/portmacro.h **** 
  78:Middlewares/Third_Party/FreeRTOS/Source/portable/GCC/ARM_CM3/portmacro.h **** /* Scheduler utilities. */
  79:Middlewares/Third_Party/FreeRTOS/Source/portable/GCC/ARM_CM3/portmacro.h **** #define portYIELD() 															\
  80:Middlewares/Third_Party/FreeRTOS/Source/portable/GCC/ARM_CM3/portmacro.h **** {																				\
  81:Middlewares/Third_Party/FreeRTOS/Source/portable/GCC/ARM_CM3/portmacro.h **** 	/* Set a PendSV to request a context switch. */								\
  82:Middlewares/Third_Party/FreeRTOS/Source/portable/GCC/ARM_CM3/portmacro.h **** 	portNVIC_INT_CTRL_REG = portNVIC_PENDSVSET_BIT;								\
  83:Middlewares/Third_Party/FreeRTOS/Source/portable/GCC/ARM_CM3/portmacro.h **** 																				\
  84:Middlewares/Third_Party/FreeRTOS/Source/portable/GCC/ARM_CM3/portmacro.h **** 	/* Barriers are normally not required but do ensure the code is completely	\
  85:Middlewares/Third_Party/FreeRTOS/Source/portable/GCC/ARM_CM3/portmacro.h **** 	within the specified behaviour for the architecture. */						\
  86:Middlewares/Third_Party/FreeRTOS/Source/portable/GCC/ARM_CM3/portmacro.h **** 	__asm volatile( "dsb" ::: "memory" );										\
  87:Middlewares/Third_Party/FreeRTOS/Source/portable/GCC/ARM_CM3/portmacro.h **** 	__asm volatile( "isb" );													\
  88:Middlewares/Third_Party/FreeRTOS/Source/portable/GCC/ARM_CM3/portmacro.h **** }
  89:Middlewares/Third_Party/FreeRTOS/Source/portable/GCC/ARM_CM3/portmacro.h **** 
  90:Middlewares/Third_Party/FreeRTOS/Source/portable/GCC/ARM_CM3/portmacro.h **** #define portNVIC_INT_CTRL_REG		( * ( ( volatile uint32_t * ) 0xe000ed04 ) )
  91:Middlewares/Third_Party/FreeRTOS/Source/portable/GCC/ARM_CM3/portmacro.h **** #define portNVIC_PENDSVSET_BIT		( 1UL << 28UL )
  92:Middlewares/Third_Party/FreeRTOS/Source/portable/GCC/ARM_CM3/portmacro.h **** #define portEND_SWITCHING_ISR( xSwitchRequired ) if( xSwitchRequired != pdFALSE ) portYIELD()
  93:Middlewares/Third_Party/FreeRTOS/Source/portable/GCC/ARM_CM3/portmacro.h **** #define portYIELD_FROM_ISR( x ) portEND_SWITCHING_ISR( x )
  94:Middlewares/Third_Party/FreeRTOS/Source/portable/GCC/ARM_CM3/portmacro.h **** /*-----------------------------------------------------------*/
  95:Middlewares/Third_Party/FreeRTOS/Source/portable/GCC/ARM_CM3/portmacro.h **** 
  96:Middlewares/Third_Party/FreeRTOS/Source/portable/GCC/ARM_CM3/portmacro.h **** /* Critical section management. */
  97:Middlewares/Third_Party/FreeRTOS/Source/portable/GCC/ARM_CM3/portmacro.h **** extern void vPortEnterCritical( void );
  98:Middlewares/Third_Party/FreeRTOS/Source/portable/GCC/ARM_CM3/portmacro.h **** extern void vPortExitCritical( void );
  99:Middlewares/Third_Party/FreeRTOS/Source/portable/GCC/ARM_CM3/portmacro.h **** #define portSET_INTERRUPT_MASK_FROM_ISR()		ulPortRaiseBASEPRI()
 100:Middlewares/Third_Party/FreeRTOS/Source/portable/GCC/ARM_CM3/portmacro.h **** #define portCLEAR_INTERRUPT_MASK_FROM_ISR(x)	vPortSetBASEPRI(x)
 101:Middlewares/Third_Party/FreeRTOS/Source/portable/GCC/ARM_CM3/portmacro.h **** #define portDISABLE_INTERRUPTS()				vPortRaiseBASEPRI()
 102:Middlewares/Third_Party/FreeRTOS/Source/portable/GCC/ARM_CM3/portmacro.h **** #define portENABLE_INTERRUPTS()					vPortSetBASEPRI(0)
 103:Middlewares/Third_Party/FreeRTOS/Source/portable/GCC/ARM_CM3/portmacro.h **** #define portENTER_CRITICAL()					vPortEnterCritical()
 104:Middlewares/Third_Party/FreeRTOS/Source/portable/GCC/ARM_CM3/portmacro.h **** #define portEXIT_CRITICAL()						vPortExitCritical()
 105:Middlewares/Third_Party/FreeRTOS/Source/portable/GCC/ARM_CM3/portmacro.h **** 
 106:Middlewares/Third_Party/FreeRTOS/Source/portable/GCC/ARM_CM3/portmacro.h **** /*-----------------------------------------------------------*/
 107:Middlewares/Third_Party/FreeRTOS/Source/portable/GCC/ARM_CM3/portmacro.h **** 
 108:Middlewares/Third_Party/FreeRTOS/Source/portable/GCC/ARM_CM3/portmacro.h **** /* Task function macros as described on the FreeRTOS.org WEB site.  These are
 109:Middlewares/Third_Party/FreeRTOS/Source/portable/GCC/ARM_CM3/portmacro.h **** not necessary for to use this port.  They are defined so the common demo files
 110:Middlewares/Third_Party/FreeRTOS/Source/portable/GCC/ARM_CM3/portmacro.h **** (which build with all the ports) will build. */
 111:Middlewares/Third_Party/FreeRTOS/Source/portable/GCC/ARM_CM3/portmacro.h **** #define portTASK_FUNCTION_PROTO( vFunction, pvParameters ) void vFunction( void *pvParameters )
 112:Middlewares/Third_Party/FreeRTOS/Source/portable/GCC/ARM_CM3/portmacro.h **** #define portTASK_FUNCTION( vFunction, pvParameters ) void vFunction( void *pvParameters )
 113:Middlewares/Third_Party/FreeRTOS/Source/portable/GCC/ARM_CM3/portmacro.h **** /*-----------------------------------------------------------*/
 114:Middlewares/Third_Party/FreeRTOS/Source/portable/GCC/ARM_CM3/portmacro.h **** 
 115:Middlewares/Third_Party/FreeRTOS/Source/portable/GCC/ARM_CM3/portmacro.h **** /* Tickless idle/low power functionality. */
 116:Middlewares/Third_Party/FreeRTOS/Source/portable/GCC/ARM_CM3/portmacro.h **** #ifndef portSUPPRESS_TICKS_AND_SLEEP
 117:Middlewares/Third_Party/FreeRTOS/Source/portable/GCC/ARM_CM3/portmacro.h **** 	extern void vPortSuppressTicksAndSleep( TickType_t xExpectedIdleTime );
 118:Middlewares/Third_Party/FreeRTOS/Source/portable/GCC/ARM_CM3/portmacro.h **** 	#define portSUPPRESS_TICKS_AND_SLEEP( xExpectedIdleTime ) vPortSuppressTicksAndSleep( xExpectedIdl
 119:Middlewares/Third_Party/FreeRTOS/Source/portable/GCC/ARM_CM3/portmacro.h **** #endif
 120:Middlewares/Third_Party/FreeRTOS/Source/portable/GCC/ARM_CM3/portmacro.h **** /*-----------------------------------------------------------*/
 121:Middlewares/Third_Party/FreeRTOS/Source/portable/GCC/ARM_CM3/portmacro.h **** 
 122:Middlewares/Third_Party/FreeRTOS/Source/portable/GCC/ARM_CM3/portmacro.h **** /* Architecture specific optimisations. */
ARM GAS  C:\Users\subdia\AppData\Local\Temp\ccqYdsij.s 			page 36


 123:Middlewares/Third_Party/FreeRTOS/Source/portable/GCC/ARM_CM3/portmacro.h **** #ifndef configUSE_PORT_OPTIMISED_TASK_SELECTION
 124:Middlewares/Third_Party/FreeRTOS/Source/portable/GCC/ARM_CM3/portmacro.h **** 	#define configUSE_PORT_OPTIMISED_TASK_SELECTION 1
 125:Middlewares/Third_Party/FreeRTOS/Source/portable/GCC/ARM_CM3/portmacro.h **** #endif
 126:Middlewares/Third_Party/FreeRTOS/Source/portable/GCC/ARM_CM3/portmacro.h **** 
 127:Middlewares/Third_Party/FreeRTOS/Source/portable/GCC/ARM_CM3/portmacro.h **** #if configUSE_PORT_OPTIMISED_TASK_SELECTION == 1
 128:Middlewares/Third_Party/FreeRTOS/Source/portable/GCC/ARM_CM3/portmacro.h **** 
 129:Middlewares/Third_Party/FreeRTOS/Source/portable/GCC/ARM_CM3/portmacro.h **** 	/* Generic helper function. */
 130:Middlewares/Third_Party/FreeRTOS/Source/portable/GCC/ARM_CM3/portmacro.h **** 	__attribute__( ( always_inline ) ) static inline uint8_t ucPortCountLeadingZeros( uint32_t ulBitma
 131:Middlewares/Third_Party/FreeRTOS/Source/portable/GCC/ARM_CM3/portmacro.h **** 	{
 132:Middlewares/Third_Party/FreeRTOS/Source/portable/GCC/ARM_CM3/portmacro.h **** 	uint8_t ucReturn;
 133:Middlewares/Third_Party/FreeRTOS/Source/portable/GCC/ARM_CM3/portmacro.h **** 
 134:Middlewares/Third_Party/FreeRTOS/Source/portable/GCC/ARM_CM3/portmacro.h **** 		__asm volatile ( "clz %0, %1" : "=r" ( ucReturn ) : "r" ( ulBitmap ) : "memory" );
 135:Middlewares/Third_Party/FreeRTOS/Source/portable/GCC/ARM_CM3/portmacro.h **** 		return ucReturn;
 136:Middlewares/Third_Party/FreeRTOS/Source/portable/GCC/ARM_CM3/portmacro.h **** 	}
 137:Middlewares/Third_Party/FreeRTOS/Source/portable/GCC/ARM_CM3/portmacro.h **** 
 138:Middlewares/Third_Party/FreeRTOS/Source/portable/GCC/ARM_CM3/portmacro.h **** 	/* Check the configuration. */
 139:Middlewares/Third_Party/FreeRTOS/Source/portable/GCC/ARM_CM3/portmacro.h **** 	#if( configMAX_PRIORITIES > 32 )
 140:Middlewares/Third_Party/FreeRTOS/Source/portable/GCC/ARM_CM3/portmacro.h **** 		#error configUSE_PORT_OPTIMISED_TASK_SELECTION can only be set to 1 when configMAX_PRIORITIES is 
 141:Middlewares/Third_Party/FreeRTOS/Source/portable/GCC/ARM_CM3/portmacro.h **** 	#endif
 142:Middlewares/Third_Party/FreeRTOS/Source/portable/GCC/ARM_CM3/portmacro.h **** 
 143:Middlewares/Third_Party/FreeRTOS/Source/portable/GCC/ARM_CM3/portmacro.h **** 	/* Store/clear the ready priorities in a bit map. */
 144:Middlewares/Third_Party/FreeRTOS/Source/portable/GCC/ARM_CM3/portmacro.h **** 	#define portRECORD_READY_PRIORITY( uxPriority, uxReadyPriorities ) ( uxReadyPriorities ) |= ( 1UL 
 145:Middlewares/Third_Party/FreeRTOS/Source/portable/GCC/ARM_CM3/portmacro.h **** 	#define portRESET_READY_PRIORITY( uxPriority, uxReadyPriorities ) ( uxReadyPriorities ) &= ~( 1UL 
 146:Middlewares/Third_Party/FreeRTOS/Source/portable/GCC/ARM_CM3/portmacro.h **** 
 147:Middlewares/Third_Party/FreeRTOS/Source/portable/GCC/ARM_CM3/portmacro.h **** 	/*-----------------------------------------------------------*/
 148:Middlewares/Third_Party/FreeRTOS/Source/portable/GCC/ARM_CM3/portmacro.h **** 
 149:Middlewares/Third_Party/FreeRTOS/Source/portable/GCC/ARM_CM3/portmacro.h **** 	#define portGET_HIGHEST_PRIORITY( uxTopPriority, uxReadyPriorities ) uxTopPriority = ( 31UL - ( ui
 150:Middlewares/Third_Party/FreeRTOS/Source/portable/GCC/ARM_CM3/portmacro.h **** 
 151:Middlewares/Third_Party/FreeRTOS/Source/portable/GCC/ARM_CM3/portmacro.h **** #endif /* configUSE_PORT_OPTIMISED_TASK_SELECTION */
 152:Middlewares/Third_Party/FreeRTOS/Source/portable/GCC/ARM_CM3/portmacro.h **** 
 153:Middlewares/Third_Party/FreeRTOS/Source/portable/GCC/ARM_CM3/portmacro.h **** /*-----------------------------------------------------------*/
 154:Middlewares/Third_Party/FreeRTOS/Source/portable/GCC/ARM_CM3/portmacro.h **** 
 155:Middlewares/Third_Party/FreeRTOS/Source/portable/GCC/ARM_CM3/portmacro.h **** #ifdef configASSERT
 156:Middlewares/Third_Party/FreeRTOS/Source/portable/GCC/ARM_CM3/portmacro.h **** 	void vPortValidateInterruptPriority( void );
 157:Middlewares/Third_Party/FreeRTOS/Source/portable/GCC/ARM_CM3/portmacro.h **** 	#define portASSERT_IF_INTERRUPT_PRIORITY_INVALID() 	vPortValidateInterruptPriority()
 158:Middlewares/Third_Party/FreeRTOS/Source/portable/GCC/ARM_CM3/portmacro.h **** #endif
 159:Middlewares/Third_Party/FreeRTOS/Source/portable/GCC/ARM_CM3/portmacro.h **** 
 160:Middlewares/Third_Party/FreeRTOS/Source/portable/GCC/ARM_CM3/portmacro.h **** /* portNOP() is not required by this port. */
 161:Middlewares/Third_Party/FreeRTOS/Source/portable/GCC/ARM_CM3/portmacro.h **** #define portNOP()
 162:Middlewares/Third_Party/FreeRTOS/Source/portable/GCC/ARM_CM3/portmacro.h **** 
 163:Middlewares/Third_Party/FreeRTOS/Source/portable/GCC/ARM_CM3/portmacro.h **** #define portINLINE	__inline
 164:Middlewares/Third_Party/FreeRTOS/Source/portable/GCC/ARM_CM3/portmacro.h **** 
 165:Middlewares/Third_Party/FreeRTOS/Source/portable/GCC/ARM_CM3/portmacro.h **** #ifndef portFORCE_INLINE
 166:Middlewares/Third_Party/FreeRTOS/Source/portable/GCC/ARM_CM3/portmacro.h **** 	#define portFORCE_INLINE inline __attribute__(( always_inline))
 167:Middlewares/Third_Party/FreeRTOS/Source/portable/GCC/ARM_CM3/portmacro.h **** #endif
 168:Middlewares/Third_Party/FreeRTOS/Source/portable/GCC/ARM_CM3/portmacro.h **** 
 169:Middlewares/Third_Party/FreeRTOS/Source/portable/GCC/ARM_CM3/portmacro.h **** /*-----------------------------------------------------------*/
 170:Middlewares/Third_Party/FreeRTOS/Source/portable/GCC/ARM_CM3/portmacro.h **** 
 171:Middlewares/Third_Party/FreeRTOS/Source/portable/GCC/ARM_CM3/portmacro.h **** portFORCE_INLINE static BaseType_t xPortIsInsideInterrupt( void )
 172:Middlewares/Third_Party/FreeRTOS/Source/portable/GCC/ARM_CM3/portmacro.h **** {
 173:Middlewares/Third_Party/FreeRTOS/Source/portable/GCC/ARM_CM3/portmacro.h **** uint32_t ulCurrentInterrupt;
 174:Middlewares/Third_Party/FreeRTOS/Source/portable/GCC/ARM_CM3/portmacro.h **** BaseType_t xReturn;
 175:Middlewares/Third_Party/FreeRTOS/Source/portable/GCC/ARM_CM3/portmacro.h **** 
 176:Middlewares/Third_Party/FreeRTOS/Source/portable/GCC/ARM_CM3/portmacro.h **** 	/* Obtain the number of the currently executing interrupt. */
 177:Middlewares/Third_Party/FreeRTOS/Source/portable/GCC/ARM_CM3/portmacro.h **** 	__asm volatile( "mrs %0, ipsr" : "=r"( ulCurrentInterrupt ) :: "memory" );
 178:Middlewares/Third_Party/FreeRTOS/Source/portable/GCC/ARM_CM3/portmacro.h **** 
 179:Middlewares/Third_Party/FreeRTOS/Source/portable/GCC/ARM_CM3/portmacro.h **** 	if( ulCurrentInterrupt == 0 )
ARM GAS  C:\Users\subdia\AppData\Local\Temp\ccqYdsij.s 			page 37


 180:Middlewares/Third_Party/FreeRTOS/Source/portable/GCC/ARM_CM3/portmacro.h **** 	{
 181:Middlewares/Third_Party/FreeRTOS/Source/portable/GCC/ARM_CM3/portmacro.h **** 		xReturn = pdFALSE;
 182:Middlewares/Third_Party/FreeRTOS/Source/portable/GCC/ARM_CM3/portmacro.h **** 	}
 183:Middlewares/Third_Party/FreeRTOS/Source/portable/GCC/ARM_CM3/portmacro.h **** 	else
 184:Middlewares/Third_Party/FreeRTOS/Source/portable/GCC/ARM_CM3/portmacro.h **** 	{
 185:Middlewares/Third_Party/FreeRTOS/Source/portable/GCC/ARM_CM3/portmacro.h **** 		xReturn = pdTRUE;
 186:Middlewares/Third_Party/FreeRTOS/Source/portable/GCC/ARM_CM3/portmacro.h **** 	}
 187:Middlewares/Third_Party/FreeRTOS/Source/portable/GCC/ARM_CM3/portmacro.h **** 
 188:Middlewares/Third_Party/FreeRTOS/Source/portable/GCC/ARM_CM3/portmacro.h **** 	return xReturn;
 189:Middlewares/Third_Party/FreeRTOS/Source/portable/GCC/ARM_CM3/portmacro.h **** }
 190:Middlewares/Third_Party/FreeRTOS/Source/portable/GCC/ARM_CM3/portmacro.h **** 
 191:Middlewares/Third_Party/FreeRTOS/Source/portable/GCC/ARM_CM3/portmacro.h **** /*-----------------------------------------------------------*/
 192:Middlewares/Third_Party/FreeRTOS/Source/portable/GCC/ARM_CM3/portmacro.h **** 
 193:Middlewares/Third_Party/FreeRTOS/Source/portable/GCC/ARM_CM3/portmacro.h **** portFORCE_INLINE static void vPortRaiseBASEPRI( void )
  55              		.loc 2 193 30 view .LVU11
  56              	.LBB111:
 194:Middlewares/Third_Party/FreeRTOS/Source/portable/GCC/ARM_CM3/portmacro.h **** {
 195:Middlewares/Third_Party/FreeRTOS/Source/portable/GCC/ARM_CM3/portmacro.h **** uint32_t ulNewBASEPRI;
  57              		.loc 2 195 1 view .LVU12
 196:Middlewares/Third_Party/FreeRTOS/Source/portable/GCC/ARM_CM3/portmacro.h **** 
 197:Middlewares/Third_Party/FreeRTOS/Source/portable/GCC/ARM_CM3/portmacro.h **** 	__asm volatile
  58              		.loc 2 197 2 view .LVU13
  59              		.syntax unified
  60              	@ 197 "Middlewares/Third_Party/FreeRTOS/Source/portable/GCC/ARM_CM3/portmacro.h" 1
  61 000e 4FF05003 			mov r3, #80												
  62 0012 83F31188 		msr basepri, r3											
  63 0016 BFF36F8F 		isb														
  64 001a BFF34F8F 		dsb														
  65              	
  66              	@ 0 "" 2
  67              		.thumb
  68              		.syntax unified
  69              	.L3:
  70              	.LBE111:
  71              	.LBE110:
1814:Middlewares/Third_Party/FreeRTOS/Source/tasks.c **** 
  72              		.loc 1 1814 3 view .LVU14
  73 001e FEE7     		b	.L3
  74              	.L9:
1818:Middlewares/Third_Party/FreeRTOS/Source/tasks.c **** 		{
1819:Middlewares/Third_Party/FreeRTOS/Source/tasks.c **** 			/* Has the task already been resumed from within an ISR? */
1820:Middlewares/Third_Party/FreeRTOS/Source/tasks.c **** 			if( listIS_CONTAINED_WITHIN( &xPendingReadyList, &( pxTCB->xEventListItem ) ) == pdFALSE )
  75              		.loc 1 1820 4 view .LVU15
  76              		.loc 1 1820 8 is_stmt 0 view .LVU16
  77 0020 836A     		ldr	r3, [r0, #40]
  78              		.loc 1 1820 6 view .LVU17
  79 0022 064A     		ldr	r2, .L10+4
  80 0024 9342     		cmp	r3, r2
  81 0026 02D0     		beq	.L6
1821:Middlewares/Third_Party/FreeRTOS/Source/tasks.c **** 			{
1822:Middlewares/Third_Party/FreeRTOS/Source/tasks.c **** 				/* Is it in the suspended list because it is in the	Suspended
1823:Middlewares/Third_Party/FreeRTOS/Source/tasks.c **** 				state, or because is is blocked with no timeout? */
1824:Middlewares/Third_Party/FreeRTOS/Source/tasks.c **** 				if( listIS_CONTAINED_WITHIN( NULL, &( pxTCB->xEventListItem ) ) != pdFALSE ) /*lint !e961.  The
  82              		.loc 1 1824 5 is_stmt 1 view .LVU18
  83              		.loc 1 1824 7 is_stmt 0 view .LVU19
  84 0028 1BB1     		cbz	r3, .L7
1807:Middlewares/Third_Party/FreeRTOS/Source/tasks.c **** 	const TCB_t * const pxTCB = xTask;
ARM GAS  C:\Users\subdia\AppData\Local\Temp\ccqYdsij.s 			page 38


  85              		.loc 1 1807 13 view .LVU20
  86 002a 0020     		movs	r0, #0
  87              	.LVL3:
1807:Middlewares/Third_Party/FreeRTOS/Source/tasks.c **** 	const TCB_t * const pxTCB = xTask;
  88              		.loc 1 1807 13 view .LVU21
  89 002c 7047     		bx	lr
  90              	.LVL4:
  91              	.L6:
1807:Middlewares/Third_Party/FreeRTOS/Source/tasks.c **** 	const TCB_t * const pxTCB = xTask;
  92              		.loc 1 1807 13 view .LVU22
  93 002e 0020     		movs	r0, #0
  94              	.LVL5:
1807:Middlewares/Third_Party/FreeRTOS/Source/tasks.c **** 	const TCB_t * const pxTCB = xTask;
  95              		.loc 1 1807 13 view .LVU23
  96 0030 7047     		bx	lr
  97              	.LVL6:
  98              	.L7:
1825:Middlewares/Third_Party/FreeRTOS/Source/tasks.c **** 				{
1826:Middlewares/Third_Party/FreeRTOS/Source/tasks.c **** 					xReturn = pdTRUE;
  99              		.loc 1 1826 14 view .LVU24
 100 0032 0120     		movs	r0, #1
 101              	.LVL7:
1827:Middlewares/Third_Party/FreeRTOS/Source/tasks.c **** 				}
1828:Middlewares/Third_Party/FreeRTOS/Source/tasks.c **** 				else
1829:Middlewares/Third_Party/FreeRTOS/Source/tasks.c **** 				{
1830:Middlewares/Third_Party/FreeRTOS/Source/tasks.c **** 					mtCOVERAGE_TEST_MARKER();
1831:Middlewares/Third_Party/FreeRTOS/Source/tasks.c **** 				}
1832:Middlewares/Third_Party/FreeRTOS/Source/tasks.c **** 			}
1833:Middlewares/Third_Party/FreeRTOS/Source/tasks.c **** 			else
1834:Middlewares/Third_Party/FreeRTOS/Source/tasks.c **** 			{
1835:Middlewares/Third_Party/FreeRTOS/Source/tasks.c **** 				mtCOVERAGE_TEST_MARKER();
1836:Middlewares/Third_Party/FreeRTOS/Source/tasks.c **** 			}
1837:Middlewares/Third_Party/FreeRTOS/Source/tasks.c **** 		}
1838:Middlewares/Third_Party/FreeRTOS/Source/tasks.c **** 		else
1839:Middlewares/Third_Party/FreeRTOS/Source/tasks.c **** 		{
1840:Middlewares/Third_Party/FreeRTOS/Source/tasks.c **** 			mtCOVERAGE_TEST_MARKER();
 102              		.loc 1 1840 28 is_stmt 1 view .LVU25
1841:Middlewares/Third_Party/FreeRTOS/Source/tasks.c **** 		}
1842:Middlewares/Third_Party/FreeRTOS/Source/tasks.c **** 
1843:Middlewares/Third_Party/FreeRTOS/Source/tasks.c **** 		return xReturn;
 103              		.loc 1 1843 3 view .LVU26
1844:Middlewares/Third_Party/FreeRTOS/Source/tasks.c **** 	} /*lint !e818 xTask cannot be a pointer to const because it is a typedef. */
 104              		.loc 1 1844 2 is_stmt 0 view .LVU27
 105 0034 7047     		bx	lr
 106              	.L11:
 107 0036 00BF     		.align	2
 108              	.L10:
 109 0038 00000000 		.word	xSuspendedTaskList
 110 003c 00000000 		.word	xPendingReadyList
 111              		.cfi_endproc
 112              	.LFE15:
 114              		.section	.text.prvResetNextTaskUnblockTime,"ax",%progbits
 115              		.align	1
 116              		.syntax unified
 117              		.thumb
 118              		.thumb_func
 120              	prvResetNextTaskUnblockTime:
ARM GAS  C:\Users\subdia\AppData\Local\Temp\ccqYdsij.s 			page 39


 121              	.LFB41:
1845:Middlewares/Third_Party/FreeRTOS/Source/tasks.c **** 
1846:Middlewares/Third_Party/FreeRTOS/Source/tasks.c **** #endif /* INCLUDE_vTaskSuspend */
1847:Middlewares/Third_Party/FreeRTOS/Source/tasks.c **** /*-----------------------------------------------------------*/
1848:Middlewares/Third_Party/FreeRTOS/Source/tasks.c **** 
1849:Middlewares/Third_Party/FreeRTOS/Source/tasks.c **** #if ( INCLUDE_vTaskSuspend == 1 )
1850:Middlewares/Third_Party/FreeRTOS/Source/tasks.c **** 
1851:Middlewares/Third_Party/FreeRTOS/Source/tasks.c **** 	void vTaskResume( TaskHandle_t xTaskToResume )
1852:Middlewares/Third_Party/FreeRTOS/Source/tasks.c **** 	{
1853:Middlewares/Third_Party/FreeRTOS/Source/tasks.c **** 	TCB_t * const pxTCB = xTaskToResume;
1854:Middlewares/Third_Party/FreeRTOS/Source/tasks.c **** 
1855:Middlewares/Third_Party/FreeRTOS/Source/tasks.c **** 		/* It does not make sense to resume the calling task. */
1856:Middlewares/Third_Party/FreeRTOS/Source/tasks.c **** 		configASSERT( xTaskToResume );
1857:Middlewares/Third_Party/FreeRTOS/Source/tasks.c **** 
1858:Middlewares/Third_Party/FreeRTOS/Source/tasks.c **** 		/* The parameter cannot be NULL as it is impossible to resume the
1859:Middlewares/Third_Party/FreeRTOS/Source/tasks.c **** 		currently executing task. */
1860:Middlewares/Third_Party/FreeRTOS/Source/tasks.c **** 		if( ( pxTCB != pxCurrentTCB ) && ( pxTCB != NULL ) )
1861:Middlewares/Third_Party/FreeRTOS/Source/tasks.c **** 		{
1862:Middlewares/Third_Party/FreeRTOS/Source/tasks.c **** 			taskENTER_CRITICAL();
1863:Middlewares/Third_Party/FreeRTOS/Source/tasks.c **** 			{
1864:Middlewares/Third_Party/FreeRTOS/Source/tasks.c **** 				if( prvTaskIsTaskSuspended( pxTCB ) != pdFALSE )
1865:Middlewares/Third_Party/FreeRTOS/Source/tasks.c **** 				{
1866:Middlewares/Third_Party/FreeRTOS/Source/tasks.c **** 					traceTASK_RESUME( pxTCB );
1867:Middlewares/Third_Party/FreeRTOS/Source/tasks.c **** 
1868:Middlewares/Third_Party/FreeRTOS/Source/tasks.c **** 					/* The ready list can be accessed even if the scheduler is
1869:Middlewares/Third_Party/FreeRTOS/Source/tasks.c **** 					suspended because this is inside a critical section. */
1870:Middlewares/Third_Party/FreeRTOS/Source/tasks.c **** 					( void ) uxListRemove(  &( pxTCB->xStateListItem ) );
1871:Middlewares/Third_Party/FreeRTOS/Source/tasks.c **** 					prvAddTaskToReadyList( pxTCB );
1872:Middlewares/Third_Party/FreeRTOS/Source/tasks.c **** 
1873:Middlewares/Third_Party/FreeRTOS/Source/tasks.c **** 					/* A higher priority task may have just been resumed. */
1874:Middlewares/Third_Party/FreeRTOS/Source/tasks.c **** 					if( pxTCB->uxPriority >= pxCurrentTCB->uxPriority )
1875:Middlewares/Third_Party/FreeRTOS/Source/tasks.c **** 					{
1876:Middlewares/Third_Party/FreeRTOS/Source/tasks.c **** 						/* This yield may not cause the task just resumed to run,
1877:Middlewares/Third_Party/FreeRTOS/Source/tasks.c **** 						but will leave the lists in the correct state for the
1878:Middlewares/Third_Party/FreeRTOS/Source/tasks.c **** 						next yield. */
1879:Middlewares/Third_Party/FreeRTOS/Source/tasks.c **** 						taskYIELD_IF_USING_PREEMPTION();
1880:Middlewares/Third_Party/FreeRTOS/Source/tasks.c **** 					}
1881:Middlewares/Third_Party/FreeRTOS/Source/tasks.c **** 					else
1882:Middlewares/Third_Party/FreeRTOS/Source/tasks.c **** 					{
1883:Middlewares/Third_Party/FreeRTOS/Source/tasks.c **** 						mtCOVERAGE_TEST_MARKER();
1884:Middlewares/Third_Party/FreeRTOS/Source/tasks.c **** 					}
1885:Middlewares/Third_Party/FreeRTOS/Source/tasks.c **** 				}
1886:Middlewares/Third_Party/FreeRTOS/Source/tasks.c **** 				else
1887:Middlewares/Third_Party/FreeRTOS/Source/tasks.c **** 				{
1888:Middlewares/Third_Party/FreeRTOS/Source/tasks.c **** 					mtCOVERAGE_TEST_MARKER();
1889:Middlewares/Third_Party/FreeRTOS/Source/tasks.c **** 				}
1890:Middlewares/Third_Party/FreeRTOS/Source/tasks.c **** 			}
1891:Middlewares/Third_Party/FreeRTOS/Source/tasks.c **** 			taskEXIT_CRITICAL();
1892:Middlewares/Third_Party/FreeRTOS/Source/tasks.c **** 		}
1893:Middlewares/Third_Party/FreeRTOS/Source/tasks.c **** 		else
1894:Middlewares/Third_Party/FreeRTOS/Source/tasks.c **** 		{
1895:Middlewares/Third_Party/FreeRTOS/Source/tasks.c **** 			mtCOVERAGE_TEST_MARKER();
1896:Middlewares/Third_Party/FreeRTOS/Source/tasks.c **** 		}
1897:Middlewares/Third_Party/FreeRTOS/Source/tasks.c **** 	}
1898:Middlewares/Third_Party/FreeRTOS/Source/tasks.c **** 
1899:Middlewares/Third_Party/FreeRTOS/Source/tasks.c **** #endif /* INCLUDE_vTaskSuspend */
1900:Middlewares/Third_Party/FreeRTOS/Source/tasks.c **** 
ARM GAS  C:\Users\subdia\AppData\Local\Temp\ccqYdsij.s 			page 40


1901:Middlewares/Third_Party/FreeRTOS/Source/tasks.c **** /*-----------------------------------------------------------*/
1902:Middlewares/Third_Party/FreeRTOS/Source/tasks.c **** 
1903:Middlewares/Third_Party/FreeRTOS/Source/tasks.c **** #if ( ( INCLUDE_xTaskResumeFromISR == 1 ) && ( INCLUDE_vTaskSuspend == 1 ) )
1904:Middlewares/Third_Party/FreeRTOS/Source/tasks.c **** 
1905:Middlewares/Third_Party/FreeRTOS/Source/tasks.c **** 	BaseType_t xTaskResumeFromISR( TaskHandle_t xTaskToResume )
1906:Middlewares/Third_Party/FreeRTOS/Source/tasks.c **** 	{
1907:Middlewares/Third_Party/FreeRTOS/Source/tasks.c **** 	BaseType_t xYieldRequired = pdFALSE;
1908:Middlewares/Third_Party/FreeRTOS/Source/tasks.c **** 	TCB_t * const pxTCB = xTaskToResume;
1909:Middlewares/Third_Party/FreeRTOS/Source/tasks.c **** 	UBaseType_t uxSavedInterruptStatus;
1910:Middlewares/Third_Party/FreeRTOS/Source/tasks.c **** 
1911:Middlewares/Third_Party/FreeRTOS/Source/tasks.c **** 		configASSERT( xTaskToResume );
1912:Middlewares/Third_Party/FreeRTOS/Source/tasks.c **** 
1913:Middlewares/Third_Party/FreeRTOS/Source/tasks.c **** 		/* RTOS ports that support interrupt nesting have the concept of a
1914:Middlewares/Third_Party/FreeRTOS/Source/tasks.c **** 		maximum	system call (or maximum API call) interrupt priority.
1915:Middlewares/Third_Party/FreeRTOS/Source/tasks.c **** 		Interrupts that are	above the maximum system call priority are keep
1916:Middlewares/Third_Party/FreeRTOS/Source/tasks.c **** 		permanently enabled, even when the RTOS kernel is in a critical section,
1917:Middlewares/Third_Party/FreeRTOS/Source/tasks.c **** 		but cannot make any calls to FreeRTOS API functions.  If configASSERT()
1918:Middlewares/Third_Party/FreeRTOS/Source/tasks.c **** 		is defined in FreeRTOSConfig.h then
1919:Middlewares/Third_Party/FreeRTOS/Source/tasks.c **** 		portASSERT_IF_INTERRUPT_PRIORITY_INVALID() will result in an assertion
1920:Middlewares/Third_Party/FreeRTOS/Source/tasks.c **** 		failure if a FreeRTOS API function is called from an interrupt that has
1921:Middlewares/Third_Party/FreeRTOS/Source/tasks.c **** 		been assigned a priority above the configured maximum system call
1922:Middlewares/Third_Party/FreeRTOS/Source/tasks.c **** 		priority.  Only FreeRTOS functions that end in FromISR can be called
1923:Middlewares/Third_Party/FreeRTOS/Source/tasks.c **** 		from interrupts	that have been assigned a priority at or (logically)
1924:Middlewares/Third_Party/FreeRTOS/Source/tasks.c **** 		below the maximum system call interrupt priority.  FreeRTOS maintains a
1925:Middlewares/Third_Party/FreeRTOS/Source/tasks.c **** 		separate interrupt safe API to ensure interrupt entry is as fast and as
1926:Middlewares/Third_Party/FreeRTOS/Source/tasks.c **** 		simple as possible.  More information (albeit Cortex-M specific) is
1927:Middlewares/Third_Party/FreeRTOS/Source/tasks.c **** 		provided on the following link:
1928:Middlewares/Third_Party/FreeRTOS/Source/tasks.c **** 		https://www.freertos.org/RTOS-Cortex-M3-M4.html */
1929:Middlewares/Third_Party/FreeRTOS/Source/tasks.c **** 		portASSERT_IF_INTERRUPT_PRIORITY_INVALID();
1930:Middlewares/Third_Party/FreeRTOS/Source/tasks.c **** 
1931:Middlewares/Third_Party/FreeRTOS/Source/tasks.c **** 		uxSavedInterruptStatus = portSET_INTERRUPT_MASK_FROM_ISR();
1932:Middlewares/Third_Party/FreeRTOS/Source/tasks.c **** 		{
1933:Middlewares/Third_Party/FreeRTOS/Source/tasks.c **** 			if( prvTaskIsTaskSuspended( pxTCB ) != pdFALSE )
1934:Middlewares/Third_Party/FreeRTOS/Source/tasks.c **** 			{
1935:Middlewares/Third_Party/FreeRTOS/Source/tasks.c **** 				traceTASK_RESUME_FROM_ISR( pxTCB );
1936:Middlewares/Third_Party/FreeRTOS/Source/tasks.c **** 
1937:Middlewares/Third_Party/FreeRTOS/Source/tasks.c **** 				/* Check the ready lists can be accessed. */
1938:Middlewares/Third_Party/FreeRTOS/Source/tasks.c **** 				if( uxSchedulerSuspended == ( UBaseType_t ) pdFALSE )
1939:Middlewares/Third_Party/FreeRTOS/Source/tasks.c **** 				{
1940:Middlewares/Third_Party/FreeRTOS/Source/tasks.c **** 					/* Ready lists can be accessed so move the task from the
1941:Middlewares/Third_Party/FreeRTOS/Source/tasks.c **** 					suspended list to the ready list directly. */
1942:Middlewares/Third_Party/FreeRTOS/Source/tasks.c **** 					if( pxTCB->uxPriority >= pxCurrentTCB->uxPriority )
1943:Middlewares/Third_Party/FreeRTOS/Source/tasks.c **** 					{
1944:Middlewares/Third_Party/FreeRTOS/Source/tasks.c **** 						xYieldRequired = pdTRUE;
1945:Middlewares/Third_Party/FreeRTOS/Source/tasks.c **** 					}
1946:Middlewares/Third_Party/FreeRTOS/Source/tasks.c **** 					else
1947:Middlewares/Third_Party/FreeRTOS/Source/tasks.c **** 					{
1948:Middlewares/Third_Party/FreeRTOS/Source/tasks.c **** 						mtCOVERAGE_TEST_MARKER();
1949:Middlewares/Third_Party/FreeRTOS/Source/tasks.c **** 					}
1950:Middlewares/Third_Party/FreeRTOS/Source/tasks.c **** 
1951:Middlewares/Third_Party/FreeRTOS/Source/tasks.c **** 					( void ) uxListRemove( &( pxTCB->xStateListItem ) );
1952:Middlewares/Third_Party/FreeRTOS/Source/tasks.c **** 					prvAddTaskToReadyList( pxTCB );
1953:Middlewares/Third_Party/FreeRTOS/Source/tasks.c **** 				}
1954:Middlewares/Third_Party/FreeRTOS/Source/tasks.c **** 				else
1955:Middlewares/Third_Party/FreeRTOS/Source/tasks.c **** 				{
1956:Middlewares/Third_Party/FreeRTOS/Source/tasks.c **** 					/* The delayed or ready lists cannot be accessed so the task
1957:Middlewares/Third_Party/FreeRTOS/Source/tasks.c **** 					is held in the pending ready list until the scheduler is
ARM GAS  C:\Users\subdia\AppData\Local\Temp\ccqYdsij.s 			page 41


1958:Middlewares/Third_Party/FreeRTOS/Source/tasks.c **** 					unsuspended. */
1959:Middlewares/Third_Party/FreeRTOS/Source/tasks.c **** 					vListInsertEnd( &( xPendingReadyList ), &( pxTCB->xEventListItem ) );
1960:Middlewares/Third_Party/FreeRTOS/Source/tasks.c **** 				}
1961:Middlewares/Third_Party/FreeRTOS/Source/tasks.c **** 			}
1962:Middlewares/Third_Party/FreeRTOS/Source/tasks.c **** 			else
1963:Middlewares/Third_Party/FreeRTOS/Source/tasks.c **** 			{
1964:Middlewares/Third_Party/FreeRTOS/Source/tasks.c **** 				mtCOVERAGE_TEST_MARKER();
1965:Middlewares/Third_Party/FreeRTOS/Source/tasks.c **** 			}
1966:Middlewares/Third_Party/FreeRTOS/Source/tasks.c **** 		}
1967:Middlewares/Third_Party/FreeRTOS/Source/tasks.c **** 		portCLEAR_INTERRUPT_MASK_FROM_ISR( uxSavedInterruptStatus );
1968:Middlewares/Third_Party/FreeRTOS/Source/tasks.c **** 
1969:Middlewares/Third_Party/FreeRTOS/Source/tasks.c **** 		return xYieldRequired;
1970:Middlewares/Third_Party/FreeRTOS/Source/tasks.c **** 	}
1971:Middlewares/Third_Party/FreeRTOS/Source/tasks.c **** 
1972:Middlewares/Third_Party/FreeRTOS/Source/tasks.c **** #endif /* ( ( INCLUDE_xTaskResumeFromISR == 1 ) && ( INCLUDE_vTaskSuspend == 1 ) ) */
1973:Middlewares/Third_Party/FreeRTOS/Source/tasks.c **** /*-----------------------------------------------------------*/
1974:Middlewares/Third_Party/FreeRTOS/Source/tasks.c **** 
1975:Middlewares/Third_Party/FreeRTOS/Source/tasks.c **** void vTaskStartScheduler( void )
1976:Middlewares/Third_Party/FreeRTOS/Source/tasks.c **** {
1977:Middlewares/Third_Party/FreeRTOS/Source/tasks.c **** BaseType_t xReturn;
1978:Middlewares/Third_Party/FreeRTOS/Source/tasks.c **** 
1979:Middlewares/Third_Party/FreeRTOS/Source/tasks.c **** 	/* Add the idle task at the lowest priority. */
1980:Middlewares/Third_Party/FreeRTOS/Source/tasks.c **** 	#if( configSUPPORT_STATIC_ALLOCATION == 1 )
1981:Middlewares/Third_Party/FreeRTOS/Source/tasks.c **** 	{
1982:Middlewares/Third_Party/FreeRTOS/Source/tasks.c **** 		StaticTask_t *pxIdleTaskTCBBuffer = NULL;
1983:Middlewares/Third_Party/FreeRTOS/Source/tasks.c **** 		StackType_t *pxIdleTaskStackBuffer = NULL;
1984:Middlewares/Third_Party/FreeRTOS/Source/tasks.c **** 		uint32_t ulIdleTaskStackSize;
1985:Middlewares/Third_Party/FreeRTOS/Source/tasks.c **** 
1986:Middlewares/Third_Party/FreeRTOS/Source/tasks.c **** 		/* The Idle task is created using user provided RAM - obtain the
1987:Middlewares/Third_Party/FreeRTOS/Source/tasks.c **** 		address of the RAM then create the idle task. */
1988:Middlewares/Third_Party/FreeRTOS/Source/tasks.c **** 		vApplicationGetIdleTaskMemory( &pxIdleTaskTCBBuffer, &pxIdleTaskStackBuffer, &ulIdleTaskStackSize
1989:Middlewares/Third_Party/FreeRTOS/Source/tasks.c **** 		xIdleTaskHandle = xTaskCreateStatic(	prvIdleTask,
1990:Middlewares/Third_Party/FreeRTOS/Source/tasks.c **** 												configIDLE_TASK_NAME,
1991:Middlewares/Third_Party/FreeRTOS/Source/tasks.c **** 												ulIdleTaskStackSize,
1992:Middlewares/Third_Party/FreeRTOS/Source/tasks.c **** 												( void * ) NULL, /*lint !e961.  The cast is not redundant for all compilers. */
1993:Middlewares/Third_Party/FreeRTOS/Source/tasks.c **** 												portPRIVILEGE_BIT, /* In effect ( tskIDLE_PRIORITY | portPRIVILEGE_BIT ), but tskIDLE_P
1994:Middlewares/Third_Party/FreeRTOS/Source/tasks.c **** 												pxIdleTaskStackBuffer,
1995:Middlewares/Third_Party/FreeRTOS/Source/tasks.c **** 												pxIdleTaskTCBBuffer ); /*lint !e961 MISRA exception, justified as it is not a redundant
1996:Middlewares/Third_Party/FreeRTOS/Source/tasks.c **** 
1997:Middlewares/Third_Party/FreeRTOS/Source/tasks.c **** 		if( xIdleTaskHandle != NULL )
1998:Middlewares/Third_Party/FreeRTOS/Source/tasks.c **** 		{
1999:Middlewares/Third_Party/FreeRTOS/Source/tasks.c **** 			xReturn = pdPASS;
2000:Middlewares/Third_Party/FreeRTOS/Source/tasks.c **** 		}
2001:Middlewares/Third_Party/FreeRTOS/Source/tasks.c **** 		else
2002:Middlewares/Third_Party/FreeRTOS/Source/tasks.c **** 		{
2003:Middlewares/Third_Party/FreeRTOS/Source/tasks.c **** 			xReturn = pdFAIL;
2004:Middlewares/Third_Party/FreeRTOS/Source/tasks.c **** 		}
2005:Middlewares/Third_Party/FreeRTOS/Source/tasks.c **** 	}
2006:Middlewares/Third_Party/FreeRTOS/Source/tasks.c **** 	#else
2007:Middlewares/Third_Party/FreeRTOS/Source/tasks.c **** 	{
2008:Middlewares/Third_Party/FreeRTOS/Source/tasks.c **** 		/* The Idle task is being created using dynamically allocated RAM. */
2009:Middlewares/Third_Party/FreeRTOS/Source/tasks.c **** 		xReturn = xTaskCreate(	prvIdleTask,
2010:Middlewares/Third_Party/FreeRTOS/Source/tasks.c **** 								configIDLE_TASK_NAME,
2011:Middlewares/Third_Party/FreeRTOS/Source/tasks.c **** 								configMINIMAL_STACK_SIZE,
2012:Middlewares/Third_Party/FreeRTOS/Source/tasks.c **** 								( void * ) NULL,
2013:Middlewares/Third_Party/FreeRTOS/Source/tasks.c **** 								portPRIVILEGE_BIT, /* In effect ( tskIDLE_PRIORITY | portPRIVILEGE_BIT ), but tskIDLE_PRIOR
2014:Middlewares/Third_Party/FreeRTOS/Source/tasks.c **** 								&xIdleTaskHandle ); /*lint !e961 MISRA exception, justified as it is not a redundant explic
ARM GAS  C:\Users\subdia\AppData\Local\Temp\ccqYdsij.s 			page 42


2015:Middlewares/Third_Party/FreeRTOS/Source/tasks.c **** 	}
2016:Middlewares/Third_Party/FreeRTOS/Source/tasks.c **** 	#endif /* configSUPPORT_STATIC_ALLOCATION */
2017:Middlewares/Third_Party/FreeRTOS/Source/tasks.c **** 
2018:Middlewares/Third_Party/FreeRTOS/Source/tasks.c **** 	#if ( configUSE_TIMERS == 1 )
2019:Middlewares/Third_Party/FreeRTOS/Source/tasks.c **** 	{
2020:Middlewares/Third_Party/FreeRTOS/Source/tasks.c **** 		if( xReturn == pdPASS )
2021:Middlewares/Third_Party/FreeRTOS/Source/tasks.c **** 		{
2022:Middlewares/Third_Party/FreeRTOS/Source/tasks.c **** 			xReturn = xTimerCreateTimerTask();
2023:Middlewares/Third_Party/FreeRTOS/Source/tasks.c **** 		}
2024:Middlewares/Third_Party/FreeRTOS/Source/tasks.c **** 		else
2025:Middlewares/Third_Party/FreeRTOS/Source/tasks.c **** 		{
2026:Middlewares/Third_Party/FreeRTOS/Source/tasks.c **** 			mtCOVERAGE_TEST_MARKER();
2027:Middlewares/Third_Party/FreeRTOS/Source/tasks.c **** 		}
2028:Middlewares/Third_Party/FreeRTOS/Source/tasks.c **** 	}
2029:Middlewares/Third_Party/FreeRTOS/Source/tasks.c **** 	#endif /* configUSE_TIMERS */
2030:Middlewares/Third_Party/FreeRTOS/Source/tasks.c **** 
2031:Middlewares/Third_Party/FreeRTOS/Source/tasks.c **** 	if( xReturn == pdPASS )
2032:Middlewares/Third_Party/FreeRTOS/Source/tasks.c **** 	{
2033:Middlewares/Third_Party/FreeRTOS/Source/tasks.c **** 		/* freertos_tasks_c_additions_init() should only be called if the user
2034:Middlewares/Third_Party/FreeRTOS/Source/tasks.c **** 		definable macro FREERTOS_TASKS_C_ADDITIONS_INIT() is defined, as that is
2035:Middlewares/Third_Party/FreeRTOS/Source/tasks.c **** 		the only macro called by the function. */
2036:Middlewares/Third_Party/FreeRTOS/Source/tasks.c **** 		#ifdef FREERTOS_TASKS_C_ADDITIONS_INIT
2037:Middlewares/Third_Party/FreeRTOS/Source/tasks.c **** 		{
2038:Middlewares/Third_Party/FreeRTOS/Source/tasks.c **** 			freertos_tasks_c_additions_init();
2039:Middlewares/Third_Party/FreeRTOS/Source/tasks.c **** 		}
2040:Middlewares/Third_Party/FreeRTOS/Source/tasks.c **** 		#endif
2041:Middlewares/Third_Party/FreeRTOS/Source/tasks.c **** 
2042:Middlewares/Third_Party/FreeRTOS/Source/tasks.c **** 		/* Interrupts are turned off here, to ensure a tick does not occur
2043:Middlewares/Third_Party/FreeRTOS/Source/tasks.c **** 		before or during the call to xPortStartScheduler().  The stacks of
2044:Middlewares/Third_Party/FreeRTOS/Source/tasks.c **** 		the created tasks contain a status word with interrupts switched on
2045:Middlewares/Third_Party/FreeRTOS/Source/tasks.c **** 		so interrupts will automatically get re-enabled when the first task
2046:Middlewares/Third_Party/FreeRTOS/Source/tasks.c **** 		starts to run. */
2047:Middlewares/Third_Party/FreeRTOS/Source/tasks.c **** 		portDISABLE_INTERRUPTS();
2048:Middlewares/Third_Party/FreeRTOS/Source/tasks.c **** 
2049:Middlewares/Third_Party/FreeRTOS/Source/tasks.c **** 		#if ( configUSE_NEWLIB_REENTRANT == 1 )
2050:Middlewares/Third_Party/FreeRTOS/Source/tasks.c **** 		{
2051:Middlewares/Third_Party/FreeRTOS/Source/tasks.c **** 			/* Switch Newlib's _impure_ptr variable to point to the _reent
2052:Middlewares/Third_Party/FreeRTOS/Source/tasks.c **** 			structure specific to the task that will run first.
2053:Middlewares/Third_Party/FreeRTOS/Source/tasks.c **** 			See the third party link http://www.nadler.com/embedded/newlibAndFreeRTOS.html
2054:Middlewares/Third_Party/FreeRTOS/Source/tasks.c **** 			for additional information. */
2055:Middlewares/Third_Party/FreeRTOS/Source/tasks.c **** 			_impure_ptr = &( pxCurrentTCB->xNewLib_reent );
2056:Middlewares/Third_Party/FreeRTOS/Source/tasks.c **** 		}
2057:Middlewares/Third_Party/FreeRTOS/Source/tasks.c **** 		#endif /* configUSE_NEWLIB_REENTRANT */
2058:Middlewares/Third_Party/FreeRTOS/Source/tasks.c **** 
2059:Middlewares/Third_Party/FreeRTOS/Source/tasks.c **** 		xNextTaskUnblockTime = portMAX_DELAY;
2060:Middlewares/Third_Party/FreeRTOS/Source/tasks.c **** 		xSchedulerRunning = pdTRUE;
2061:Middlewares/Third_Party/FreeRTOS/Source/tasks.c **** 		xTickCount = ( TickType_t ) configINITIAL_TICK_COUNT;
2062:Middlewares/Third_Party/FreeRTOS/Source/tasks.c **** 
2063:Middlewares/Third_Party/FreeRTOS/Source/tasks.c **** 		/* If configGENERATE_RUN_TIME_STATS is defined then the following
2064:Middlewares/Third_Party/FreeRTOS/Source/tasks.c **** 		macro must be defined to configure the timer/counter used to generate
2065:Middlewares/Third_Party/FreeRTOS/Source/tasks.c **** 		the run time counter time base.   NOTE:  If configGENERATE_RUN_TIME_STATS
2066:Middlewares/Third_Party/FreeRTOS/Source/tasks.c **** 		is set to 0 and the following line fails to build then ensure you do not
2067:Middlewares/Third_Party/FreeRTOS/Source/tasks.c **** 		have portCONFIGURE_TIMER_FOR_RUN_TIME_STATS() defined in your
2068:Middlewares/Third_Party/FreeRTOS/Source/tasks.c **** 		FreeRTOSConfig.h file. */
2069:Middlewares/Third_Party/FreeRTOS/Source/tasks.c **** 		portCONFIGURE_TIMER_FOR_RUN_TIME_STATS();
2070:Middlewares/Third_Party/FreeRTOS/Source/tasks.c **** 
2071:Middlewares/Third_Party/FreeRTOS/Source/tasks.c **** 		traceTASK_SWITCHED_IN();
ARM GAS  C:\Users\subdia\AppData\Local\Temp\ccqYdsij.s 			page 43


2072:Middlewares/Third_Party/FreeRTOS/Source/tasks.c **** 
2073:Middlewares/Third_Party/FreeRTOS/Source/tasks.c **** 		/* Setting up the timer tick is hardware specific and thus in the
2074:Middlewares/Third_Party/FreeRTOS/Source/tasks.c **** 		portable interface. */
2075:Middlewares/Third_Party/FreeRTOS/Source/tasks.c **** 		if( xPortStartScheduler() != pdFALSE )
2076:Middlewares/Third_Party/FreeRTOS/Source/tasks.c **** 		{
2077:Middlewares/Third_Party/FreeRTOS/Source/tasks.c **** 			/* Should not reach here as if the scheduler is running the
2078:Middlewares/Third_Party/FreeRTOS/Source/tasks.c **** 			function will not return. */
2079:Middlewares/Third_Party/FreeRTOS/Source/tasks.c **** 		}
2080:Middlewares/Third_Party/FreeRTOS/Source/tasks.c **** 		else
2081:Middlewares/Third_Party/FreeRTOS/Source/tasks.c **** 		{
2082:Middlewares/Third_Party/FreeRTOS/Source/tasks.c **** 			/* Should only reach here if a task calls xTaskEndScheduler(). */
2083:Middlewares/Third_Party/FreeRTOS/Source/tasks.c **** 		}
2084:Middlewares/Third_Party/FreeRTOS/Source/tasks.c **** 	}
2085:Middlewares/Third_Party/FreeRTOS/Source/tasks.c **** 	else
2086:Middlewares/Third_Party/FreeRTOS/Source/tasks.c **** 	{
2087:Middlewares/Third_Party/FreeRTOS/Source/tasks.c **** 		/* This line will only be reached if the kernel could not be started,
2088:Middlewares/Third_Party/FreeRTOS/Source/tasks.c **** 		because there was not enough FreeRTOS heap to create the idle task
2089:Middlewares/Third_Party/FreeRTOS/Source/tasks.c **** 		or the timer task. */
2090:Middlewares/Third_Party/FreeRTOS/Source/tasks.c **** 		configASSERT( xReturn != errCOULD_NOT_ALLOCATE_REQUIRED_MEMORY );
2091:Middlewares/Third_Party/FreeRTOS/Source/tasks.c **** 	}
2092:Middlewares/Third_Party/FreeRTOS/Source/tasks.c **** 
2093:Middlewares/Third_Party/FreeRTOS/Source/tasks.c **** 	/* Prevent compiler warnings if INCLUDE_xTaskGetIdleTaskHandle is set to 0,
2094:Middlewares/Third_Party/FreeRTOS/Source/tasks.c **** 	meaning xIdleTaskHandle is not used anywhere else. */
2095:Middlewares/Third_Party/FreeRTOS/Source/tasks.c **** 	( void ) xIdleTaskHandle;
2096:Middlewares/Third_Party/FreeRTOS/Source/tasks.c **** }
2097:Middlewares/Third_Party/FreeRTOS/Source/tasks.c **** /*-----------------------------------------------------------*/
2098:Middlewares/Third_Party/FreeRTOS/Source/tasks.c **** 
2099:Middlewares/Third_Party/FreeRTOS/Source/tasks.c **** void vTaskEndScheduler( void )
2100:Middlewares/Third_Party/FreeRTOS/Source/tasks.c **** {
2101:Middlewares/Third_Party/FreeRTOS/Source/tasks.c **** 	/* Stop the scheduler interrupts and call the portable scheduler end
2102:Middlewares/Third_Party/FreeRTOS/Source/tasks.c **** 	routine so the original ISRs can be restored if necessary.  The port
2103:Middlewares/Third_Party/FreeRTOS/Source/tasks.c **** 	layer must ensure interrupts enable	bit is left in the correct state. */
2104:Middlewares/Third_Party/FreeRTOS/Source/tasks.c **** 	portDISABLE_INTERRUPTS();
2105:Middlewares/Third_Party/FreeRTOS/Source/tasks.c **** 	xSchedulerRunning = pdFALSE;
2106:Middlewares/Third_Party/FreeRTOS/Source/tasks.c **** 	vPortEndScheduler();
2107:Middlewares/Third_Party/FreeRTOS/Source/tasks.c **** }
2108:Middlewares/Third_Party/FreeRTOS/Source/tasks.c **** /*----------------------------------------------------------*/
2109:Middlewares/Third_Party/FreeRTOS/Source/tasks.c **** 
2110:Middlewares/Third_Party/FreeRTOS/Source/tasks.c **** void vTaskSuspendAll( void )
2111:Middlewares/Third_Party/FreeRTOS/Source/tasks.c **** {
2112:Middlewares/Third_Party/FreeRTOS/Source/tasks.c **** 	/* A critical section is not required as the variable is of type
2113:Middlewares/Third_Party/FreeRTOS/Source/tasks.c **** 	BaseType_t.  Please read Richard Barry's reply in the following link to a
2114:Middlewares/Third_Party/FreeRTOS/Source/tasks.c **** 	post in the FreeRTOS support forum before reporting this as a bug! -
2115:Middlewares/Third_Party/FreeRTOS/Source/tasks.c **** 	http://goo.gl/wu4acr */
2116:Middlewares/Third_Party/FreeRTOS/Source/tasks.c **** 
2117:Middlewares/Third_Party/FreeRTOS/Source/tasks.c **** 	/* portSOFRWARE_BARRIER() is only implemented for emulated/simulated ports that
2118:Middlewares/Third_Party/FreeRTOS/Source/tasks.c **** 	do not otherwise exhibit real time behaviour. */
2119:Middlewares/Third_Party/FreeRTOS/Source/tasks.c **** 	portSOFTWARE_BARRIER();
2120:Middlewares/Third_Party/FreeRTOS/Source/tasks.c **** 
2121:Middlewares/Third_Party/FreeRTOS/Source/tasks.c **** 	/* The scheduler is suspended if uxSchedulerSuspended is non-zero.  An increment
2122:Middlewares/Third_Party/FreeRTOS/Source/tasks.c **** 	is used to allow calls to vTaskSuspendAll() to nest. */
2123:Middlewares/Third_Party/FreeRTOS/Source/tasks.c **** 	++uxSchedulerSuspended;
2124:Middlewares/Third_Party/FreeRTOS/Source/tasks.c **** 
2125:Middlewares/Third_Party/FreeRTOS/Source/tasks.c **** 	/* Enforces ordering for ports and optimised compilers that may otherwise place
2126:Middlewares/Third_Party/FreeRTOS/Source/tasks.c **** 	the above increment elsewhere. */
2127:Middlewares/Third_Party/FreeRTOS/Source/tasks.c **** 	portMEMORY_BARRIER();
2128:Middlewares/Third_Party/FreeRTOS/Source/tasks.c **** }
ARM GAS  C:\Users\subdia\AppData\Local\Temp\ccqYdsij.s 			page 44


2129:Middlewares/Third_Party/FreeRTOS/Source/tasks.c **** /*----------------------------------------------------------*/
2130:Middlewares/Third_Party/FreeRTOS/Source/tasks.c **** 
2131:Middlewares/Third_Party/FreeRTOS/Source/tasks.c **** #if ( configUSE_TICKLESS_IDLE != 0 )
2132:Middlewares/Third_Party/FreeRTOS/Source/tasks.c **** 
2133:Middlewares/Third_Party/FreeRTOS/Source/tasks.c **** 	static TickType_t prvGetExpectedIdleTime( void )
2134:Middlewares/Third_Party/FreeRTOS/Source/tasks.c **** 	{
2135:Middlewares/Third_Party/FreeRTOS/Source/tasks.c **** 	TickType_t xReturn;
2136:Middlewares/Third_Party/FreeRTOS/Source/tasks.c **** 	UBaseType_t uxHigherPriorityReadyTasks = pdFALSE;
2137:Middlewares/Third_Party/FreeRTOS/Source/tasks.c **** 
2138:Middlewares/Third_Party/FreeRTOS/Source/tasks.c **** 		/* uxHigherPriorityReadyTasks takes care of the case where
2139:Middlewares/Third_Party/FreeRTOS/Source/tasks.c **** 		configUSE_PREEMPTION is 0, so there may be tasks above the idle priority
2140:Middlewares/Third_Party/FreeRTOS/Source/tasks.c **** 		task that are in the Ready state, even though the idle task is
2141:Middlewares/Third_Party/FreeRTOS/Source/tasks.c **** 		running. */
2142:Middlewares/Third_Party/FreeRTOS/Source/tasks.c **** 		#if( configUSE_PORT_OPTIMISED_TASK_SELECTION == 0 )
2143:Middlewares/Third_Party/FreeRTOS/Source/tasks.c **** 		{
2144:Middlewares/Third_Party/FreeRTOS/Source/tasks.c **** 			if( uxTopReadyPriority > tskIDLE_PRIORITY )
2145:Middlewares/Third_Party/FreeRTOS/Source/tasks.c **** 			{
2146:Middlewares/Third_Party/FreeRTOS/Source/tasks.c **** 				uxHigherPriorityReadyTasks = pdTRUE;
2147:Middlewares/Third_Party/FreeRTOS/Source/tasks.c **** 			}
2148:Middlewares/Third_Party/FreeRTOS/Source/tasks.c **** 		}
2149:Middlewares/Third_Party/FreeRTOS/Source/tasks.c **** 		#else
2150:Middlewares/Third_Party/FreeRTOS/Source/tasks.c **** 		{
2151:Middlewares/Third_Party/FreeRTOS/Source/tasks.c **** 			const UBaseType_t uxLeastSignificantBit = ( UBaseType_t ) 0x01;
2152:Middlewares/Third_Party/FreeRTOS/Source/tasks.c **** 
2153:Middlewares/Third_Party/FreeRTOS/Source/tasks.c **** 			/* When port optimised task selection is used the uxTopReadyPriority
2154:Middlewares/Third_Party/FreeRTOS/Source/tasks.c **** 			variable is used as a bit map.  If bits other than the least
2155:Middlewares/Third_Party/FreeRTOS/Source/tasks.c **** 			significant bit are set then there are tasks that have a priority
2156:Middlewares/Third_Party/FreeRTOS/Source/tasks.c **** 			above the idle priority that are in the Ready state.  This takes
2157:Middlewares/Third_Party/FreeRTOS/Source/tasks.c **** 			care of the case where the co-operative scheduler is in use. */
2158:Middlewares/Third_Party/FreeRTOS/Source/tasks.c **** 			if( uxTopReadyPriority > uxLeastSignificantBit )
2159:Middlewares/Third_Party/FreeRTOS/Source/tasks.c **** 			{
2160:Middlewares/Third_Party/FreeRTOS/Source/tasks.c **** 				uxHigherPriorityReadyTasks = pdTRUE;
2161:Middlewares/Third_Party/FreeRTOS/Source/tasks.c **** 			}
2162:Middlewares/Third_Party/FreeRTOS/Source/tasks.c **** 		}
2163:Middlewares/Third_Party/FreeRTOS/Source/tasks.c **** 		#endif
2164:Middlewares/Third_Party/FreeRTOS/Source/tasks.c **** 
2165:Middlewares/Third_Party/FreeRTOS/Source/tasks.c **** 		if( pxCurrentTCB->uxPriority > tskIDLE_PRIORITY )
2166:Middlewares/Third_Party/FreeRTOS/Source/tasks.c **** 		{
2167:Middlewares/Third_Party/FreeRTOS/Source/tasks.c **** 			xReturn = 0;
2168:Middlewares/Third_Party/FreeRTOS/Source/tasks.c **** 		}
2169:Middlewares/Third_Party/FreeRTOS/Source/tasks.c **** 		else if( listCURRENT_LIST_LENGTH( &( pxReadyTasksLists[ tskIDLE_PRIORITY ] ) ) > 1 )
2170:Middlewares/Third_Party/FreeRTOS/Source/tasks.c **** 		{
2171:Middlewares/Third_Party/FreeRTOS/Source/tasks.c **** 			/* There are other idle priority tasks in the ready state.  If
2172:Middlewares/Third_Party/FreeRTOS/Source/tasks.c **** 			time slicing is used then the very next tick interrupt must be
2173:Middlewares/Third_Party/FreeRTOS/Source/tasks.c **** 			processed. */
2174:Middlewares/Third_Party/FreeRTOS/Source/tasks.c **** 			xReturn = 0;
2175:Middlewares/Third_Party/FreeRTOS/Source/tasks.c **** 		}
2176:Middlewares/Third_Party/FreeRTOS/Source/tasks.c **** 		else if( uxHigherPriorityReadyTasks != pdFALSE )
2177:Middlewares/Third_Party/FreeRTOS/Source/tasks.c **** 		{
2178:Middlewares/Third_Party/FreeRTOS/Source/tasks.c **** 			/* There are tasks in the Ready state that have a priority above the
2179:Middlewares/Third_Party/FreeRTOS/Source/tasks.c **** 			idle priority.  This path can only be reached if
2180:Middlewares/Third_Party/FreeRTOS/Source/tasks.c **** 			configUSE_PREEMPTION is 0. */
2181:Middlewares/Third_Party/FreeRTOS/Source/tasks.c **** 			xReturn = 0;
2182:Middlewares/Third_Party/FreeRTOS/Source/tasks.c **** 		}
2183:Middlewares/Third_Party/FreeRTOS/Source/tasks.c **** 		else
2184:Middlewares/Third_Party/FreeRTOS/Source/tasks.c **** 		{
2185:Middlewares/Third_Party/FreeRTOS/Source/tasks.c **** 			xReturn = xNextTaskUnblockTime - xTickCount;
ARM GAS  C:\Users\subdia\AppData\Local\Temp\ccqYdsij.s 			page 45


2186:Middlewares/Third_Party/FreeRTOS/Source/tasks.c **** 		}
2187:Middlewares/Third_Party/FreeRTOS/Source/tasks.c **** 
2188:Middlewares/Third_Party/FreeRTOS/Source/tasks.c **** 		return xReturn;
2189:Middlewares/Third_Party/FreeRTOS/Source/tasks.c **** 	}
2190:Middlewares/Third_Party/FreeRTOS/Source/tasks.c **** 
2191:Middlewares/Third_Party/FreeRTOS/Source/tasks.c **** #endif /* configUSE_TICKLESS_IDLE */
2192:Middlewares/Third_Party/FreeRTOS/Source/tasks.c **** /*----------------------------------------------------------*/
2193:Middlewares/Third_Party/FreeRTOS/Source/tasks.c **** 
2194:Middlewares/Third_Party/FreeRTOS/Source/tasks.c **** BaseType_t xTaskResumeAll( void )
2195:Middlewares/Third_Party/FreeRTOS/Source/tasks.c **** {
2196:Middlewares/Third_Party/FreeRTOS/Source/tasks.c **** TCB_t *pxTCB = NULL;
2197:Middlewares/Third_Party/FreeRTOS/Source/tasks.c **** BaseType_t xAlreadyYielded = pdFALSE;
2198:Middlewares/Third_Party/FreeRTOS/Source/tasks.c **** 
2199:Middlewares/Third_Party/FreeRTOS/Source/tasks.c **** 	/* If uxSchedulerSuspended is zero then this function does not match a
2200:Middlewares/Third_Party/FreeRTOS/Source/tasks.c **** 	previous call to vTaskSuspendAll(). */
2201:Middlewares/Third_Party/FreeRTOS/Source/tasks.c **** 	configASSERT( uxSchedulerSuspended );
2202:Middlewares/Third_Party/FreeRTOS/Source/tasks.c **** 
2203:Middlewares/Third_Party/FreeRTOS/Source/tasks.c **** 	/* It is possible that an ISR caused a task to be removed from an event
2204:Middlewares/Third_Party/FreeRTOS/Source/tasks.c **** 	list while the scheduler was suspended.  If this was the case then the
2205:Middlewares/Third_Party/FreeRTOS/Source/tasks.c **** 	removed task will have been added to the xPendingReadyList.  Once the
2206:Middlewares/Third_Party/FreeRTOS/Source/tasks.c **** 	scheduler has been resumed it is safe to move all the pending ready
2207:Middlewares/Third_Party/FreeRTOS/Source/tasks.c **** 	tasks from this list into their appropriate ready list. */
2208:Middlewares/Third_Party/FreeRTOS/Source/tasks.c **** 	taskENTER_CRITICAL();
2209:Middlewares/Third_Party/FreeRTOS/Source/tasks.c **** 	{
2210:Middlewares/Third_Party/FreeRTOS/Source/tasks.c **** 		--uxSchedulerSuspended;
2211:Middlewares/Third_Party/FreeRTOS/Source/tasks.c **** 
2212:Middlewares/Third_Party/FreeRTOS/Source/tasks.c **** 		if( uxSchedulerSuspended == ( UBaseType_t ) pdFALSE )
2213:Middlewares/Third_Party/FreeRTOS/Source/tasks.c **** 		{
2214:Middlewares/Third_Party/FreeRTOS/Source/tasks.c **** 			if( uxCurrentNumberOfTasks > ( UBaseType_t ) 0U )
2215:Middlewares/Third_Party/FreeRTOS/Source/tasks.c **** 			{
2216:Middlewares/Third_Party/FreeRTOS/Source/tasks.c **** 				/* Move any readied tasks from the pending list into the
2217:Middlewares/Third_Party/FreeRTOS/Source/tasks.c **** 				appropriate ready list. */
2218:Middlewares/Third_Party/FreeRTOS/Source/tasks.c **** 				while( listLIST_IS_EMPTY( &xPendingReadyList ) == pdFALSE )
2219:Middlewares/Third_Party/FreeRTOS/Source/tasks.c **** 				{
2220:Middlewares/Third_Party/FreeRTOS/Source/tasks.c **** 					pxTCB = listGET_OWNER_OF_HEAD_ENTRY( ( &xPendingReadyList ) ); /*lint !e9079 void * is used as
2221:Middlewares/Third_Party/FreeRTOS/Source/tasks.c **** 					( void ) uxListRemove( &( pxTCB->xEventListItem ) );
2222:Middlewares/Third_Party/FreeRTOS/Source/tasks.c **** 					( void ) uxListRemove( &( pxTCB->xStateListItem ) );
2223:Middlewares/Third_Party/FreeRTOS/Source/tasks.c **** 					prvAddTaskToReadyList( pxTCB );
2224:Middlewares/Third_Party/FreeRTOS/Source/tasks.c **** 
2225:Middlewares/Third_Party/FreeRTOS/Source/tasks.c **** 					/* If the moved task has a priority higher than the current
2226:Middlewares/Third_Party/FreeRTOS/Source/tasks.c **** 					task then a yield must be performed. */
2227:Middlewares/Third_Party/FreeRTOS/Source/tasks.c **** 					if( pxTCB->uxPriority >= pxCurrentTCB->uxPriority )
2228:Middlewares/Third_Party/FreeRTOS/Source/tasks.c **** 					{
2229:Middlewares/Third_Party/FreeRTOS/Source/tasks.c **** 						xYieldPending = pdTRUE;
2230:Middlewares/Third_Party/FreeRTOS/Source/tasks.c **** 					}
2231:Middlewares/Third_Party/FreeRTOS/Source/tasks.c **** 					else
2232:Middlewares/Third_Party/FreeRTOS/Source/tasks.c **** 					{
2233:Middlewares/Third_Party/FreeRTOS/Source/tasks.c **** 						mtCOVERAGE_TEST_MARKER();
2234:Middlewares/Third_Party/FreeRTOS/Source/tasks.c **** 					}
2235:Middlewares/Third_Party/FreeRTOS/Source/tasks.c **** 				}
2236:Middlewares/Third_Party/FreeRTOS/Source/tasks.c **** 
2237:Middlewares/Third_Party/FreeRTOS/Source/tasks.c **** 				if( pxTCB != NULL )
2238:Middlewares/Third_Party/FreeRTOS/Source/tasks.c **** 				{
2239:Middlewares/Third_Party/FreeRTOS/Source/tasks.c **** 					/* A task was unblocked while the scheduler was suspended,
2240:Middlewares/Third_Party/FreeRTOS/Source/tasks.c **** 					which may have prevented the next unblock time from being
2241:Middlewares/Third_Party/FreeRTOS/Source/tasks.c **** 					re-calculated, in which case re-calculate it now.  Mainly
2242:Middlewares/Third_Party/FreeRTOS/Source/tasks.c **** 					important for low power tickless implementations, where
ARM GAS  C:\Users\subdia\AppData\Local\Temp\ccqYdsij.s 			page 46


2243:Middlewares/Third_Party/FreeRTOS/Source/tasks.c **** 					this can prevent an unnecessary exit from low power
2244:Middlewares/Third_Party/FreeRTOS/Source/tasks.c **** 					state. */
2245:Middlewares/Third_Party/FreeRTOS/Source/tasks.c **** 					prvResetNextTaskUnblockTime();
2246:Middlewares/Third_Party/FreeRTOS/Source/tasks.c **** 				}
2247:Middlewares/Third_Party/FreeRTOS/Source/tasks.c **** 
2248:Middlewares/Third_Party/FreeRTOS/Source/tasks.c **** 				/* If any ticks occurred while the scheduler was suspended then
2249:Middlewares/Third_Party/FreeRTOS/Source/tasks.c **** 				they should be processed now.  This ensures the tick count does
2250:Middlewares/Third_Party/FreeRTOS/Source/tasks.c **** 				not	slip, and that any delayed tasks are resumed at the correct
2251:Middlewares/Third_Party/FreeRTOS/Source/tasks.c **** 				time. */
2252:Middlewares/Third_Party/FreeRTOS/Source/tasks.c **** 				{
2253:Middlewares/Third_Party/FreeRTOS/Source/tasks.c **** 					TickType_t xPendedCounts = xPendedTicks; /* Non-volatile copy. */
2254:Middlewares/Third_Party/FreeRTOS/Source/tasks.c **** 
2255:Middlewares/Third_Party/FreeRTOS/Source/tasks.c **** 					if( xPendedCounts > ( TickType_t ) 0U )
2256:Middlewares/Third_Party/FreeRTOS/Source/tasks.c **** 					{
2257:Middlewares/Third_Party/FreeRTOS/Source/tasks.c **** 						do
2258:Middlewares/Third_Party/FreeRTOS/Source/tasks.c **** 						{
2259:Middlewares/Third_Party/FreeRTOS/Source/tasks.c **** 							if( xTaskIncrementTick() != pdFALSE )
2260:Middlewares/Third_Party/FreeRTOS/Source/tasks.c **** 							{
2261:Middlewares/Third_Party/FreeRTOS/Source/tasks.c **** 								xYieldPending = pdTRUE;
2262:Middlewares/Third_Party/FreeRTOS/Source/tasks.c **** 							}
2263:Middlewares/Third_Party/FreeRTOS/Source/tasks.c **** 							else
2264:Middlewares/Third_Party/FreeRTOS/Source/tasks.c **** 							{
2265:Middlewares/Third_Party/FreeRTOS/Source/tasks.c **** 								mtCOVERAGE_TEST_MARKER();
2266:Middlewares/Third_Party/FreeRTOS/Source/tasks.c **** 							}
2267:Middlewares/Third_Party/FreeRTOS/Source/tasks.c **** 							--xPendedCounts;
2268:Middlewares/Third_Party/FreeRTOS/Source/tasks.c **** 						} while( xPendedCounts > ( TickType_t ) 0U );
2269:Middlewares/Third_Party/FreeRTOS/Source/tasks.c **** 
2270:Middlewares/Third_Party/FreeRTOS/Source/tasks.c **** 						xPendedTicks = 0;
2271:Middlewares/Third_Party/FreeRTOS/Source/tasks.c **** 					}
2272:Middlewares/Third_Party/FreeRTOS/Source/tasks.c **** 					else
2273:Middlewares/Third_Party/FreeRTOS/Source/tasks.c **** 					{
2274:Middlewares/Third_Party/FreeRTOS/Source/tasks.c **** 						mtCOVERAGE_TEST_MARKER();
2275:Middlewares/Third_Party/FreeRTOS/Source/tasks.c **** 					}
2276:Middlewares/Third_Party/FreeRTOS/Source/tasks.c **** 				}
2277:Middlewares/Third_Party/FreeRTOS/Source/tasks.c **** 
2278:Middlewares/Third_Party/FreeRTOS/Source/tasks.c **** 				if( xYieldPending != pdFALSE )
2279:Middlewares/Third_Party/FreeRTOS/Source/tasks.c **** 				{
2280:Middlewares/Third_Party/FreeRTOS/Source/tasks.c **** 					#if( configUSE_PREEMPTION != 0 )
2281:Middlewares/Third_Party/FreeRTOS/Source/tasks.c **** 					{
2282:Middlewares/Third_Party/FreeRTOS/Source/tasks.c **** 						xAlreadyYielded = pdTRUE;
2283:Middlewares/Third_Party/FreeRTOS/Source/tasks.c **** 					}
2284:Middlewares/Third_Party/FreeRTOS/Source/tasks.c **** 					#endif
2285:Middlewares/Third_Party/FreeRTOS/Source/tasks.c **** 					taskYIELD_IF_USING_PREEMPTION();
2286:Middlewares/Third_Party/FreeRTOS/Source/tasks.c **** 				}
2287:Middlewares/Third_Party/FreeRTOS/Source/tasks.c **** 				else
2288:Middlewares/Third_Party/FreeRTOS/Source/tasks.c **** 				{
2289:Middlewares/Third_Party/FreeRTOS/Source/tasks.c **** 					mtCOVERAGE_TEST_MARKER();
2290:Middlewares/Third_Party/FreeRTOS/Source/tasks.c **** 				}
2291:Middlewares/Third_Party/FreeRTOS/Source/tasks.c **** 			}
2292:Middlewares/Third_Party/FreeRTOS/Source/tasks.c **** 		}
2293:Middlewares/Third_Party/FreeRTOS/Source/tasks.c **** 		else
2294:Middlewares/Third_Party/FreeRTOS/Source/tasks.c **** 		{
2295:Middlewares/Third_Party/FreeRTOS/Source/tasks.c **** 			mtCOVERAGE_TEST_MARKER();
2296:Middlewares/Third_Party/FreeRTOS/Source/tasks.c **** 		}
2297:Middlewares/Third_Party/FreeRTOS/Source/tasks.c **** 	}
2298:Middlewares/Third_Party/FreeRTOS/Source/tasks.c **** 	taskEXIT_CRITICAL();
2299:Middlewares/Third_Party/FreeRTOS/Source/tasks.c **** 
ARM GAS  C:\Users\subdia\AppData\Local\Temp\ccqYdsij.s 			page 47


2300:Middlewares/Third_Party/FreeRTOS/Source/tasks.c **** 	return xAlreadyYielded;
2301:Middlewares/Third_Party/FreeRTOS/Source/tasks.c **** }
2302:Middlewares/Third_Party/FreeRTOS/Source/tasks.c **** /*-----------------------------------------------------------*/
2303:Middlewares/Third_Party/FreeRTOS/Source/tasks.c **** 
2304:Middlewares/Third_Party/FreeRTOS/Source/tasks.c **** TickType_t xTaskGetTickCount( void )
2305:Middlewares/Third_Party/FreeRTOS/Source/tasks.c **** {
2306:Middlewares/Third_Party/FreeRTOS/Source/tasks.c **** TickType_t xTicks;
2307:Middlewares/Third_Party/FreeRTOS/Source/tasks.c **** 
2308:Middlewares/Third_Party/FreeRTOS/Source/tasks.c **** 	/* Critical section required if running on a 16 bit processor. */
2309:Middlewares/Third_Party/FreeRTOS/Source/tasks.c **** 	portTICK_TYPE_ENTER_CRITICAL();
2310:Middlewares/Third_Party/FreeRTOS/Source/tasks.c **** 	{
2311:Middlewares/Third_Party/FreeRTOS/Source/tasks.c **** 		xTicks = xTickCount;
2312:Middlewares/Third_Party/FreeRTOS/Source/tasks.c **** 	}
2313:Middlewares/Third_Party/FreeRTOS/Source/tasks.c **** 	portTICK_TYPE_EXIT_CRITICAL();
2314:Middlewares/Third_Party/FreeRTOS/Source/tasks.c **** 
2315:Middlewares/Third_Party/FreeRTOS/Source/tasks.c **** 	return xTicks;
2316:Middlewares/Third_Party/FreeRTOS/Source/tasks.c **** }
2317:Middlewares/Third_Party/FreeRTOS/Source/tasks.c **** /*-----------------------------------------------------------*/
2318:Middlewares/Third_Party/FreeRTOS/Source/tasks.c **** 
2319:Middlewares/Third_Party/FreeRTOS/Source/tasks.c **** TickType_t xTaskGetTickCountFromISR( void )
2320:Middlewares/Third_Party/FreeRTOS/Source/tasks.c **** {
2321:Middlewares/Third_Party/FreeRTOS/Source/tasks.c **** TickType_t xReturn;
2322:Middlewares/Third_Party/FreeRTOS/Source/tasks.c **** UBaseType_t uxSavedInterruptStatus;
2323:Middlewares/Third_Party/FreeRTOS/Source/tasks.c **** 
2324:Middlewares/Third_Party/FreeRTOS/Source/tasks.c **** 	/* RTOS ports that support interrupt nesting have the concept of a maximum
2325:Middlewares/Third_Party/FreeRTOS/Source/tasks.c **** 	system call (or maximum API call) interrupt priority.  Interrupts that are
2326:Middlewares/Third_Party/FreeRTOS/Source/tasks.c **** 	above the maximum system call priority are kept permanently enabled, even
2327:Middlewares/Third_Party/FreeRTOS/Source/tasks.c **** 	when the RTOS kernel is in a critical section, but cannot make any calls to
2328:Middlewares/Third_Party/FreeRTOS/Source/tasks.c **** 	FreeRTOS API functions.  If configASSERT() is defined in FreeRTOSConfig.h
2329:Middlewares/Third_Party/FreeRTOS/Source/tasks.c **** 	then portASSERT_IF_INTERRUPT_PRIORITY_INVALID() will result in an assertion
2330:Middlewares/Third_Party/FreeRTOS/Source/tasks.c **** 	failure if a FreeRTOS API function is called from an interrupt that has been
2331:Middlewares/Third_Party/FreeRTOS/Source/tasks.c **** 	assigned a priority above the configured maximum system call priority.
2332:Middlewares/Third_Party/FreeRTOS/Source/tasks.c **** 	Only FreeRTOS functions that end in FromISR can be called from interrupts
2333:Middlewares/Third_Party/FreeRTOS/Source/tasks.c **** 	that have been assigned a priority at or (logically) below the maximum
2334:Middlewares/Third_Party/FreeRTOS/Source/tasks.c **** 	system call	interrupt priority.  FreeRTOS maintains a separate interrupt
2335:Middlewares/Third_Party/FreeRTOS/Source/tasks.c **** 	safe API to ensure interrupt entry is as fast and as simple as possible.
2336:Middlewares/Third_Party/FreeRTOS/Source/tasks.c **** 	More information (albeit Cortex-M specific) is provided on the following
2337:Middlewares/Third_Party/FreeRTOS/Source/tasks.c **** 	link: https://www.freertos.org/RTOS-Cortex-M3-M4.html */
2338:Middlewares/Third_Party/FreeRTOS/Source/tasks.c **** 	portASSERT_IF_INTERRUPT_PRIORITY_INVALID();
2339:Middlewares/Third_Party/FreeRTOS/Source/tasks.c **** 
2340:Middlewares/Third_Party/FreeRTOS/Source/tasks.c **** 	uxSavedInterruptStatus = portTICK_TYPE_SET_INTERRUPT_MASK_FROM_ISR();
2341:Middlewares/Third_Party/FreeRTOS/Source/tasks.c **** 	{
2342:Middlewares/Third_Party/FreeRTOS/Source/tasks.c **** 		xReturn = xTickCount;
2343:Middlewares/Third_Party/FreeRTOS/Source/tasks.c **** 	}
2344:Middlewares/Third_Party/FreeRTOS/Source/tasks.c **** 	portTICK_TYPE_CLEAR_INTERRUPT_MASK_FROM_ISR( uxSavedInterruptStatus );
2345:Middlewares/Third_Party/FreeRTOS/Source/tasks.c **** 
2346:Middlewares/Third_Party/FreeRTOS/Source/tasks.c **** 	return xReturn;
2347:Middlewares/Third_Party/FreeRTOS/Source/tasks.c **** }
2348:Middlewares/Third_Party/FreeRTOS/Source/tasks.c **** /*-----------------------------------------------------------*/
2349:Middlewares/Third_Party/FreeRTOS/Source/tasks.c **** 
2350:Middlewares/Third_Party/FreeRTOS/Source/tasks.c **** UBaseType_t uxTaskGetNumberOfTasks( void )
2351:Middlewares/Third_Party/FreeRTOS/Source/tasks.c **** {
2352:Middlewares/Third_Party/FreeRTOS/Source/tasks.c **** 	/* A critical section is not required because the variables are of type
2353:Middlewares/Third_Party/FreeRTOS/Source/tasks.c **** 	BaseType_t. */
2354:Middlewares/Third_Party/FreeRTOS/Source/tasks.c **** 	return uxCurrentNumberOfTasks;
2355:Middlewares/Third_Party/FreeRTOS/Source/tasks.c **** }
2356:Middlewares/Third_Party/FreeRTOS/Source/tasks.c **** /*-----------------------------------------------------------*/
ARM GAS  C:\Users\subdia\AppData\Local\Temp\ccqYdsij.s 			page 48


2357:Middlewares/Third_Party/FreeRTOS/Source/tasks.c **** 
2358:Middlewares/Third_Party/FreeRTOS/Source/tasks.c **** char *pcTaskGetName( TaskHandle_t xTaskToQuery ) /*lint !e971 Unqualified char types are allowed fo
2359:Middlewares/Third_Party/FreeRTOS/Source/tasks.c **** {
2360:Middlewares/Third_Party/FreeRTOS/Source/tasks.c **** TCB_t *pxTCB;
2361:Middlewares/Third_Party/FreeRTOS/Source/tasks.c **** 
2362:Middlewares/Third_Party/FreeRTOS/Source/tasks.c **** 	/* If null is passed in here then the name of the calling task is being
2363:Middlewares/Third_Party/FreeRTOS/Source/tasks.c **** 	queried. */
2364:Middlewares/Third_Party/FreeRTOS/Source/tasks.c **** 	pxTCB = prvGetTCBFromHandle( xTaskToQuery );
2365:Middlewares/Third_Party/FreeRTOS/Source/tasks.c **** 	configASSERT( pxTCB );
2366:Middlewares/Third_Party/FreeRTOS/Source/tasks.c **** 	return &( pxTCB->pcTaskName[ 0 ] );
2367:Middlewares/Third_Party/FreeRTOS/Source/tasks.c **** }
2368:Middlewares/Third_Party/FreeRTOS/Source/tasks.c **** /*-----------------------------------------------------------*/
2369:Middlewares/Third_Party/FreeRTOS/Source/tasks.c **** 
2370:Middlewares/Third_Party/FreeRTOS/Source/tasks.c **** #if ( INCLUDE_xTaskGetHandle == 1 )
2371:Middlewares/Third_Party/FreeRTOS/Source/tasks.c **** 
2372:Middlewares/Third_Party/FreeRTOS/Source/tasks.c **** 	static TCB_t *prvSearchForNameWithinSingleList( List_t *pxList, const char pcNameToQuery[] )
2373:Middlewares/Third_Party/FreeRTOS/Source/tasks.c **** 	{
2374:Middlewares/Third_Party/FreeRTOS/Source/tasks.c **** 	TCB_t *pxNextTCB, *pxFirstTCB, *pxReturn = NULL;
2375:Middlewares/Third_Party/FreeRTOS/Source/tasks.c **** 	UBaseType_t x;
2376:Middlewares/Third_Party/FreeRTOS/Source/tasks.c **** 	char cNextChar;
2377:Middlewares/Third_Party/FreeRTOS/Source/tasks.c **** 	BaseType_t xBreakLoop;
2378:Middlewares/Third_Party/FreeRTOS/Source/tasks.c **** 
2379:Middlewares/Third_Party/FreeRTOS/Source/tasks.c **** 		/* This function is called with the scheduler suspended. */
2380:Middlewares/Third_Party/FreeRTOS/Source/tasks.c **** 
2381:Middlewares/Third_Party/FreeRTOS/Source/tasks.c **** 		if( listCURRENT_LIST_LENGTH( pxList ) > ( UBaseType_t ) 0 )
2382:Middlewares/Third_Party/FreeRTOS/Source/tasks.c **** 		{
2383:Middlewares/Third_Party/FreeRTOS/Source/tasks.c **** 			listGET_OWNER_OF_NEXT_ENTRY( pxFirstTCB, pxList );  /*lint !e9079 void * is used as this macro i
2384:Middlewares/Third_Party/FreeRTOS/Source/tasks.c **** 
2385:Middlewares/Third_Party/FreeRTOS/Source/tasks.c **** 			do
2386:Middlewares/Third_Party/FreeRTOS/Source/tasks.c **** 			{
2387:Middlewares/Third_Party/FreeRTOS/Source/tasks.c **** 				listGET_OWNER_OF_NEXT_ENTRY( pxNextTCB, pxList ); /*lint !e9079 void * is used as this macro is
2388:Middlewares/Third_Party/FreeRTOS/Source/tasks.c **** 
2389:Middlewares/Third_Party/FreeRTOS/Source/tasks.c **** 				/* Check each character in the name looking for a match or
2390:Middlewares/Third_Party/FreeRTOS/Source/tasks.c **** 				mismatch. */
2391:Middlewares/Third_Party/FreeRTOS/Source/tasks.c **** 				xBreakLoop = pdFALSE;
2392:Middlewares/Third_Party/FreeRTOS/Source/tasks.c **** 				for( x = ( UBaseType_t ) 0; x < ( UBaseType_t ) configMAX_TASK_NAME_LEN; x++ )
2393:Middlewares/Third_Party/FreeRTOS/Source/tasks.c **** 				{
2394:Middlewares/Third_Party/FreeRTOS/Source/tasks.c **** 					cNextChar = pxNextTCB->pcTaskName[ x ];
2395:Middlewares/Third_Party/FreeRTOS/Source/tasks.c **** 
2396:Middlewares/Third_Party/FreeRTOS/Source/tasks.c **** 					if( cNextChar != pcNameToQuery[ x ] )
2397:Middlewares/Third_Party/FreeRTOS/Source/tasks.c **** 					{
2398:Middlewares/Third_Party/FreeRTOS/Source/tasks.c **** 						/* Characters didn't match. */
2399:Middlewares/Third_Party/FreeRTOS/Source/tasks.c **** 						xBreakLoop = pdTRUE;
2400:Middlewares/Third_Party/FreeRTOS/Source/tasks.c **** 					}
2401:Middlewares/Third_Party/FreeRTOS/Source/tasks.c **** 					else if( cNextChar == ( char ) 0x00 )
2402:Middlewares/Third_Party/FreeRTOS/Source/tasks.c **** 					{
2403:Middlewares/Third_Party/FreeRTOS/Source/tasks.c **** 						/* Both strings terminated, a match must have been
2404:Middlewares/Third_Party/FreeRTOS/Source/tasks.c **** 						found. */
2405:Middlewares/Third_Party/FreeRTOS/Source/tasks.c **** 						pxReturn = pxNextTCB;
2406:Middlewares/Third_Party/FreeRTOS/Source/tasks.c **** 						xBreakLoop = pdTRUE;
2407:Middlewares/Third_Party/FreeRTOS/Source/tasks.c **** 					}
2408:Middlewares/Third_Party/FreeRTOS/Source/tasks.c **** 					else
2409:Middlewares/Third_Party/FreeRTOS/Source/tasks.c **** 					{
2410:Middlewares/Third_Party/FreeRTOS/Source/tasks.c **** 						mtCOVERAGE_TEST_MARKER();
2411:Middlewares/Third_Party/FreeRTOS/Source/tasks.c **** 					}
2412:Middlewares/Third_Party/FreeRTOS/Source/tasks.c **** 
2413:Middlewares/Third_Party/FreeRTOS/Source/tasks.c **** 					if( xBreakLoop != pdFALSE )
ARM GAS  C:\Users\subdia\AppData\Local\Temp\ccqYdsij.s 			page 49


2414:Middlewares/Third_Party/FreeRTOS/Source/tasks.c **** 					{
2415:Middlewares/Third_Party/FreeRTOS/Source/tasks.c **** 						break;
2416:Middlewares/Third_Party/FreeRTOS/Source/tasks.c **** 					}
2417:Middlewares/Third_Party/FreeRTOS/Source/tasks.c **** 				}
2418:Middlewares/Third_Party/FreeRTOS/Source/tasks.c **** 
2419:Middlewares/Third_Party/FreeRTOS/Source/tasks.c **** 				if( pxReturn != NULL )
2420:Middlewares/Third_Party/FreeRTOS/Source/tasks.c **** 				{
2421:Middlewares/Third_Party/FreeRTOS/Source/tasks.c **** 					/* The handle has been found. */
2422:Middlewares/Third_Party/FreeRTOS/Source/tasks.c **** 					break;
2423:Middlewares/Third_Party/FreeRTOS/Source/tasks.c **** 				}
2424:Middlewares/Third_Party/FreeRTOS/Source/tasks.c **** 
2425:Middlewares/Third_Party/FreeRTOS/Source/tasks.c **** 			} while( pxNextTCB != pxFirstTCB );
2426:Middlewares/Third_Party/FreeRTOS/Source/tasks.c **** 		}
2427:Middlewares/Third_Party/FreeRTOS/Source/tasks.c **** 		else
2428:Middlewares/Third_Party/FreeRTOS/Source/tasks.c **** 		{
2429:Middlewares/Third_Party/FreeRTOS/Source/tasks.c **** 			mtCOVERAGE_TEST_MARKER();
2430:Middlewares/Third_Party/FreeRTOS/Source/tasks.c **** 		}
2431:Middlewares/Third_Party/FreeRTOS/Source/tasks.c **** 
2432:Middlewares/Third_Party/FreeRTOS/Source/tasks.c **** 		return pxReturn;
2433:Middlewares/Third_Party/FreeRTOS/Source/tasks.c **** 	}
2434:Middlewares/Third_Party/FreeRTOS/Source/tasks.c **** 
2435:Middlewares/Third_Party/FreeRTOS/Source/tasks.c **** #endif /* INCLUDE_xTaskGetHandle */
2436:Middlewares/Third_Party/FreeRTOS/Source/tasks.c **** /*-----------------------------------------------------------*/
2437:Middlewares/Third_Party/FreeRTOS/Source/tasks.c **** 
2438:Middlewares/Third_Party/FreeRTOS/Source/tasks.c **** #if ( INCLUDE_xTaskGetHandle == 1 )
2439:Middlewares/Third_Party/FreeRTOS/Source/tasks.c **** 
2440:Middlewares/Third_Party/FreeRTOS/Source/tasks.c **** 	TaskHandle_t xTaskGetHandle( const char *pcNameToQuery ) /*lint !e971 Unqualified char types are a
2441:Middlewares/Third_Party/FreeRTOS/Source/tasks.c **** 	{
2442:Middlewares/Third_Party/FreeRTOS/Source/tasks.c **** 	UBaseType_t uxQueue = configMAX_PRIORITIES;
2443:Middlewares/Third_Party/FreeRTOS/Source/tasks.c **** 	TCB_t* pxTCB;
2444:Middlewares/Third_Party/FreeRTOS/Source/tasks.c **** 
2445:Middlewares/Third_Party/FreeRTOS/Source/tasks.c **** 		/* Task names will be truncated to configMAX_TASK_NAME_LEN - 1 bytes. */
2446:Middlewares/Third_Party/FreeRTOS/Source/tasks.c **** 		configASSERT( strlen( pcNameToQuery ) < configMAX_TASK_NAME_LEN );
2447:Middlewares/Third_Party/FreeRTOS/Source/tasks.c **** 
2448:Middlewares/Third_Party/FreeRTOS/Source/tasks.c **** 		vTaskSuspendAll();
2449:Middlewares/Third_Party/FreeRTOS/Source/tasks.c **** 		{
2450:Middlewares/Third_Party/FreeRTOS/Source/tasks.c **** 			/* Search the ready lists. */
2451:Middlewares/Third_Party/FreeRTOS/Source/tasks.c **** 			do
2452:Middlewares/Third_Party/FreeRTOS/Source/tasks.c **** 			{
2453:Middlewares/Third_Party/FreeRTOS/Source/tasks.c **** 				uxQueue--;
2454:Middlewares/Third_Party/FreeRTOS/Source/tasks.c **** 				pxTCB = prvSearchForNameWithinSingleList( ( List_t * ) &( pxReadyTasksLists[ uxQueue ] ), pcNam
2455:Middlewares/Third_Party/FreeRTOS/Source/tasks.c **** 
2456:Middlewares/Third_Party/FreeRTOS/Source/tasks.c **** 				if( pxTCB != NULL )
2457:Middlewares/Third_Party/FreeRTOS/Source/tasks.c **** 				{
2458:Middlewares/Third_Party/FreeRTOS/Source/tasks.c **** 					/* Found the handle. */
2459:Middlewares/Third_Party/FreeRTOS/Source/tasks.c **** 					break;
2460:Middlewares/Third_Party/FreeRTOS/Source/tasks.c **** 				}
2461:Middlewares/Third_Party/FreeRTOS/Source/tasks.c **** 
2462:Middlewares/Third_Party/FreeRTOS/Source/tasks.c **** 			} while( uxQueue > ( UBaseType_t ) tskIDLE_PRIORITY ); /*lint !e961 MISRA exception as the casts
2463:Middlewares/Third_Party/FreeRTOS/Source/tasks.c **** 
2464:Middlewares/Third_Party/FreeRTOS/Source/tasks.c **** 			/* Search the delayed lists. */
2465:Middlewares/Third_Party/FreeRTOS/Source/tasks.c **** 			if( pxTCB == NULL )
2466:Middlewares/Third_Party/FreeRTOS/Source/tasks.c **** 			{
2467:Middlewares/Third_Party/FreeRTOS/Source/tasks.c **** 				pxTCB = prvSearchForNameWithinSingleList( ( List_t * ) pxDelayedTaskList, pcNameToQuery );
2468:Middlewares/Third_Party/FreeRTOS/Source/tasks.c **** 			}
2469:Middlewares/Third_Party/FreeRTOS/Source/tasks.c **** 
2470:Middlewares/Third_Party/FreeRTOS/Source/tasks.c **** 			if( pxTCB == NULL )
ARM GAS  C:\Users\subdia\AppData\Local\Temp\ccqYdsij.s 			page 50


2471:Middlewares/Third_Party/FreeRTOS/Source/tasks.c **** 			{
2472:Middlewares/Third_Party/FreeRTOS/Source/tasks.c **** 				pxTCB = prvSearchForNameWithinSingleList( ( List_t * ) pxOverflowDelayedTaskList, pcNameToQuery
2473:Middlewares/Third_Party/FreeRTOS/Source/tasks.c **** 			}
2474:Middlewares/Third_Party/FreeRTOS/Source/tasks.c **** 
2475:Middlewares/Third_Party/FreeRTOS/Source/tasks.c **** 			#if ( INCLUDE_vTaskSuspend == 1 )
2476:Middlewares/Third_Party/FreeRTOS/Source/tasks.c **** 			{
2477:Middlewares/Third_Party/FreeRTOS/Source/tasks.c **** 				if( pxTCB == NULL )
2478:Middlewares/Third_Party/FreeRTOS/Source/tasks.c **** 				{
2479:Middlewares/Third_Party/FreeRTOS/Source/tasks.c **** 					/* Search the suspended list. */
2480:Middlewares/Third_Party/FreeRTOS/Source/tasks.c **** 					pxTCB = prvSearchForNameWithinSingleList( &xSuspendedTaskList, pcNameToQuery );
2481:Middlewares/Third_Party/FreeRTOS/Source/tasks.c **** 				}
2482:Middlewares/Third_Party/FreeRTOS/Source/tasks.c **** 			}
2483:Middlewares/Third_Party/FreeRTOS/Source/tasks.c **** 			#endif
2484:Middlewares/Third_Party/FreeRTOS/Source/tasks.c **** 
2485:Middlewares/Third_Party/FreeRTOS/Source/tasks.c **** 			#if( INCLUDE_vTaskDelete == 1 )
2486:Middlewares/Third_Party/FreeRTOS/Source/tasks.c **** 			{
2487:Middlewares/Third_Party/FreeRTOS/Source/tasks.c **** 				if( pxTCB == NULL )
2488:Middlewares/Third_Party/FreeRTOS/Source/tasks.c **** 				{
2489:Middlewares/Third_Party/FreeRTOS/Source/tasks.c **** 					/* Search the deleted list. */
2490:Middlewares/Third_Party/FreeRTOS/Source/tasks.c **** 					pxTCB = prvSearchForNameWithinSingleList( &xTasksWaitingTermination, pcNameToQuery );
2491:Middlewares/Third_Party/FreeRTOS/Source/tasks.c **** 				}
2492:Middlewares/Third_Party/FreeRTOS/Source/tasks.c **** 			}
2493:Middlewares/Third_Party/FreeRTOS/Source/tasks.c **** 			#endif
2494:Middlewares/Third_Party/FreeRTOS/Source/tasks.c **** 		}
2495:Middlewares/Third_Party/FreeRTOS/Source/tasks.c **** 		( void ) xTaskResumeAll();
2496:Middlewares/Third_Party/FreeRTOS/Source/tasks.c **** 
2497:Middlewares/Third_Party/FreeRTOS/Source/tasks.c **** 		return pxTCB;
2498:Middlewares/Third_Party/FreeRTOS/Source/tasks.c **** 	}
2499:Middlewares/Third_Party/FreeRTOS/Source/tasks.c **** 
2500:Middlewares/Third_Party/FreeRTOS/Source/tasks.c **** #endif /* INCLUDE_xTaskGetHandle */
2501:Middlewares/Third_Party/FreeRTOS/Source/tasks.c **** /*-----------------------------------------------------------*/
2502:Middlewares/Third_Party/FreeRTOS/Source/tasks.c **** 
2503:Middlewares/Third_Party/FreeRTOS/Source/tasks.c **** #if ( configUSE_TRACE_FACILITY == 1 )
2504:Middlewares/Third_Party/FreeRTOS/Source/tasks.c **** 
2505:Middlewares/Third_Party/FreeRTOS/Source/tasks.c **** 	UBaseType_t uxTaskGetSystemState( TaskStatus_t * const pxTaskStatusArray, const UBaseType_t uxArra
2506:Middlewares/Third_Party/FreeRTOS/Source/tasks.c **** 	{
2507:Middlewares/Third_Party/FreeRTOS/Source/tasks.c **** 	UBaseType_t uxTask = 0, uxQueue = configMAX_PRIORITIES;
2508:Middlewares/Third_Party/FreeRTOS/Source/tasks.c **** 
2509:Middlewares/Third_Party/FreeRTOS/Source/tasks.c **** 		vTaskSuspendAll();
2510:Middlewares/Third_Party/FreeRTOS/Source/tasks.c **** 		{
2511:Middlewares/Third_Party/FreeRTOS/Source/tasks.c **** 			/* Is there a space in the array for each task in the system? */
2512:Middlewares/Third_Party/FreeRTOS/Source/tasks.c **** 			if( uxArraySize >= uxCurrentNumberOfTasks )
2513:Middlewares/Third_Party/FreeRTOS/Source/tasks.c **** 			{
2514:Middlewares/Third_Party/FreeRTOS/Source/tasks.c **** 				/* Fill in an TaskStatus_t structure with information on each
2515:Middlewares/Third_Party/FreeRTOS/Source/tasks.c **** 				task in the Ready state. */
2516:Middlewares/Third_Party/FreeRTOS/Source/tasks.c **** 				do
2517:Middlewares/Third_Party/FreeRTOS/Source/tasks.c **** 				{
2518:Middlewares/Third_Party/FreeRTOS/Source/tasks.c **** 					uxQueue--;
2519:Middlewares/Third_Party/FreeRTOS/Source/tasks.c **** 					uxTask += prvListTasksWithinSingleList( &( pxTaskStatusArray[ uxTask ] ), &( pxReadyTasksLists
2520:Middlewares/Third_Party/FreeRTOS/Source/tasks.c **** 
2521:Middlewares/Third_Party/FreeRTOS/Source/tasks.c **** 				} while( uxQueue > ( UBaseType_t ) tskIDLE_PRIORITY ); /*lint !e961 MISRA exception as the cast
2522:Middlewares/Third_Party/FreeRTOS/Source/tasks.c **** 
2523:Middlewares/Third_Party/FreeRTOS/Source/tasks.c **** 				/* Fill in an TaskStatus_t structure with information on each
2524:Middlewares/Third_Party/FreeRTOS/Source/tasks.c **** 				task in the Blocked state. */
2525:Middlewares/Third_Party/FreeRTOS/Source/tasks.c **** 				uxTask += prvListTasksWithinSingleList( &( pxTaskStatusArray[ uxTask ] ), ( List_t * ) pxDelaye
2526:Middlewares/Third_Party/FreeRTOS/Source/tasks.c **** 				uxTask += prvListTasksWithinSingleList( &( pxTaskStatusArray[ uxTask ] ), ( List_t * ) pxOverfl
2527:Middlewares/Third_Party/FreeRTOS/Source/tasks.c **** 
ARM GAS  C:\Users\subdia\AppData\Local\Temp\ccqYdsij.s 			page 51


2528:Middlewares/Third_Party/FreeRTOS/Source/tasks.c **** 				#if( INCLUDE_vTaskDelete == 1 )
2529:Middlewares/Third_Party/FreeRTOS/Source/tasks.c **** 				{
2530:Middlewares/Third_Party/FreeRTOS/Source/tasks.c **** 					/* Fill in an TaskStatus_t structure with information on
2531:Middlewares/Third_Party/FreeRTOS/Source/tasks.c **** 					each task that has been deleted but not yet cleaned up. */
2532:Middlewares/Third_Party/FreeRTOS/Source/tasks.c **** 					uxTask += prvListTasksWithinSingleList( &( pxTaskStatusArray[ uxTask ] ), &xTasksWaitingTermin
2533:Middlewares/Third_Party/FreeRTOS/Source/tasks.c **** 				}
2534:Middlewares/Third_Party/FreeRTOS/Source/tasks.c **** 				#endif
2535:Middlewares/Third_Party/FreeRTOS/Source/tasks.c **** 
2536:Middlewares/Third_Party/FreeRTOS/Source/tasks.c **** 				#if ( INCLUDE_vTaskSuspend == 1 )
2537:Middlewares/Third_Party/FreeRTOS/Source/tasks.c **** 				{
2538:Middlewares/Third_Party/FreeRTOS/Source/tasks.c **** 					/* Fill in an TaskStatus_t structure with information on
2539:Middlewares/Third_Party/FreeRTOS/Source/tasks.c **** 					each task in the Suspended state. */
2540:Middlewares/Third_Party/FreeRTOS/Source/tasks.c **** 					uxTask += prvListTasksWithinSingleList( &( pxTaskStatusArray[ uxTask ] ), &xSuspendedTaskList,
2541:Middlewares/Third_Party/FreeRTOS/Source/tasks.c **** 				}
2542:Middlewares/Third_Party/FreeRTOS/Source/tasks.c **** 				#endif
2543:Middlewares/Third_Party/FreeRTOS/Source/tasks.c **** 
2544:Middlewares/Third_Party/FreeRTOS/Source/tasks.c **** 				#if ( configGENERATE_RUN_TIME_STATS == 1)
2545:Middlewares/Third_Party/FreeRTOS/Source/tasks.c **** 				{
2546:Middlewares/Third_Party/FreeRTOS/Source/tasks.c **** 					if( pulTotalRunTime != NULL )
2547:Middlewares/Third_Party/FreeRTOS/Source/tasks.c **** 					{
2548:Middlewares/Third_Party/FreeRTOS/Source/tasks.c **** 						#ifdef portALT_GET_RUN_TIME_COUNTER_VALUE
2549:Middlewares/Third_Party/FreeRTOS/Source/tasks.c **** 							portALT_GET_RUN_TIME_COUNTER_VALUE( ( *pulTotalRunTime ) );
2550:Middlewares/Third_Party/FreeRTOS/Source/tasks.c **** 						#else
2551:Middlewares/Third_Party/FreeRTOS/Source/tasks.c **** 							*pulTotalRunTime = portGET_RUN_TIME_COUNTER_VALUE();
2552:Middlewares/Third_Party/FreeRTOS/Source/tasks.c **** 						#endif
2553:Middlewares/Third_Party/FreeRTOS/Source/tasks.c **** 					}
2554:Middlewares/Third_Party/FreeRTOS/Source/tasks.c **** 				}
2555:Middlewares/Third_Party/FreeRTOS/Source/tasks.c **** 				#else
2556:Middlewares/Third_Party/FreeRTOS/Source/tasks.c **** 				{
2557:Middlewares/Third_Party/FreeRTOS/Source/tasks.c **** 					if( pulTotalRunTime != NULL )
2558:Middlewares/Third_Party/FreeRTOS/Source/tasks.c **** 					{
2559:Middlewares/Third_Party/FreeRTOS/Source/tasks.c **** 						*pulTotalRunTime = 0;
2560:Middlewares/Third_Party/FreeRTOS/Source/tasks.c **** 					}
2561:Middlewares/Third_Party/FreeRTOS/Source/tasks.c **** 				}
2562:Middlewares/Third_Party/FreeRTOS/Source/tasks.c **** 				#endif
2563:Middlewares/Third_Party/FreeRTOS/Source/tasks.c **** 			}
2564:Middlewares/Third_Party/FreeRTOS/Source/tasks.c **** 			else
2565:Middlewares/Third_Party/FreeRTOS/Source/tasks.c **** 			{
2566:Middlewares/Third_Party/FreeRTOS/Source/tasks.c **** 				mtCOVERAGE_TEST_MARKER();
2567:Middlewares/Third_Party/FreeRTOS/Source/tasks.c **** 			}
2568:Middlewares/Third_Party/FreeRTOS/Source/tasks.c **** 		}
2569:Middlewares/Third_Party/FreeRTOS/Source/tasks.c **** 		( void ) xTaskResumeAll();
2570:Middlewares/Third_Party/FreeRTOS/Source/tasks.c **** 
2571:Middlewares/Third_Party/FreeRTOS/Source/tasks.c **** 		return uxTask;
2572:Middlewares/Third_Party/FreeRTOS/Source/tasks.c **** 	}
2573:Middlewares/Third_Party/FreeRTOS/Source/tasks.c **** 
2574:Middlewares/Third_Party/FreeRTOS/Source/tasks.c **** #endif /* configUSE_TRACE_FACILITY */
2575:Middlewares/Third_Party/FreeRTOS/Source/tasks.c **** /*----------------------------------------------------------*/
2576:Middlewares/Third_Party/FreeRTOS/Source/tasks.c **** 
2577:Middlewares/Third_Party/FreeRTOS/Source/tasks.c **** #if ( INCLUDE_xTaskGetIdleTaskHandle == 1 )
2578:Middlewares/Third_Party/FreeRTOS/Source/tasks.c **** 
2579:Middlewares/Third_Party/FreeRTOS/Source/tasks.c **** 	TaskHandle_t xTaskGetIdleTaskHandle( void )
2580:Middlewares/Third_Party/FreeRTOS/Source/tasks.c **** 	{
2581:Middlewares/Third_Party/FreeRTOS/Source/tasks.c **** 		/* If xTaskGetIdleTaskHandle() is called before the scheduler has been
2582:Middlewares/Third_Party/FreeRTOS/Source/tasks.c **** 		started, then xIdleTaskHandle will be NULL. */
2583:Middlewares/Third_Party/FreeRTOS/Source/tasks.c **** 		configASSERT( ( xIdleTaskHandle != NULL ) );
2584:Middlewares/Third_Party/FreeRTOS/Source/tasks.c **** 		return xIdleTaskHandle;
ARM GAS  C:\Users\subdia\AppData\Local\Temp\ccqYdsij.s 			page 52


2585:Middlewares/Third_Party/FreeRTOS/Source/tasks.c **** 	}
2586:Middlewares/Third_Party/FreeRTOS/Source/tasks.c **** 
2587:Middlewares/Third_Party/FreeRTOS/Source/tasks.c **** #endif /* INCLUDE_xTaskGetIdleTaskHandle */
2588:Middlewares/Third_Party/FreeRTOS/Source/tasks.c **** /*----------------------------------------------------------*/
2589:Middlewares/Third_Party/FreeRTOS/Source/tasks.c **** 
2590:Middlewares/Third_Party/FreeRTOS/Source/tasks.c **** /* This conditional compilation should use inequality to 0, not equality to 1.
2591:Middlewares/Third_Party/FreeRTOS/Source/tasks.c **** This is to ensure vTaskStepTick() is available when user defined low power mode
2592:Middlewares/Third_Party/FreeRTOS/Source/tasks.c **** implementations require configUSE_TICKLESS_IDLE to be set to a value other than
2593:Middlewares/Third_Party/FreeRTOS/Source/tasks.c **** 1. */
2594:Middlewares/Third_Party/FreeRTOS/Source/tasks.c **** #if ( configUSE_TICKLESS_IDLE != 0 )
2595:Middlewares/Third_Party/FreeRTOS/Source/tasks.c **** 
2596:Middlewares/Third_Party/FreeRTOS/Source/tasks.c **** 	void vTaskStepTick( const TickType_t xTicksToJump )
2597:Middlewares/Third_Party/FreeRTOS/Source/tasks.c **** 	{
2598:Middlewares/Third_Party/FreeRTOS/Source/tasks.c **** 		/* Correct the tick count value after a period during which the tick
2599:Middlewares/Third_Party/FreeRTOS/Source/tasks.c **** 		was suppressed.  Note this does *not* call the tick hook function for
2600:Middlewares/Third_Party/FreeRTOS/Source/tasks.c **** 		each stepped tick. */
2601:Middlewares/Third_Party/FreeRTOS/Source/tasks.c **** 		configASSERT( ( xTickCount + xTicksToJump ) <= xNextTaskUnblockTime );
2602:Middlewares/Third_Party/FreeRTOS/Source/tasks.c **** 		xTickCount += xTicksToJump;
2603:Middlewares/Third_Party/FreeRTOS/Source/tasks.c **** 		traceINCREASE_TICK_COUNT( xTicksToJump );
2604:Middlewares/Third_Party/FreeRTOS/Source/tasks.c **** 	}
2605:Middlewares/Third_Party/FreeRTOS/Source/tasks.c **** 
2606:Middlewares/Third_Party/FreeRTOS/Source/tasks.c **** #endif /* configUSE_TICKLESS_IDLE */
2607:Middlewares/Third_Party/FreeRTOS/Source/tasks.c **** /*----------------------------------------------------------*/
2608:Middlewares/Third_Party/FreeRTOS/Source/tasks.c **** 
2609:Middlewares/Third_Party/FreeRTOS/Source/tasks.c **** BaseType_t xTaskCatchUpTicks( TickType_t xTicksToCatchUp )
2610:Middlewares/Third_Party/FreeRTOS/Source/tasks.c **** {
2611:Middlewares/Third_Party/FreeRTOS/Source/tasks.c **** BaseType_t xYieldRequired = pdFALSE;
2612:Middlewares/Third_Party/FreeRTOS/Source/tasks.c **** 
2613:Middlewares/Third_Party/FreeRTOS/Source/tasks.c **** 	/* Must not be called with the scheduler suspended as the implementation
2614:Middlewares/Third_Party/FreeRTOS/Source/tasks.c **** 	relies on xPendedTicks being wound down to 0 in xTaskResumeAll(). */
2615:Middlewares/Third_Party/FreeRTOS/Source/tasks.c **** 	configASSERT( uxSchedulerSuspended == 0 );
2616:Middlewares/Third_Party/FreeRTOS/Source/tasks.c **** 
2617:Middlewares/Third_Party/FreeRTOS/Source/tasks.c **** 	/* Use xPendedTicks to mimic xTicksToCatchUp number of ticks occurring when
2618:Middlewares/Third_Party/FreeRTOS/Source/tasks.c **** 	the scheduler is suspended so the ticks are executed in xTaskResumeAll(). */
2619:Middlewares/Third_Party/FreeRTOS/Source/tasks.c **** 	vTaskSuspendAll();
2620:Middlewares/Third_Party/FreeRTOS/Source/tasks.c **** 	xPendedTicks += xTicksToCatchUp;
2621:Middlewares/Third_Party/FreeRTOS/Source/tasks.c **** 	xYieldRequired = xTaskResumeAll();
2622:Middlewares/Third_Party/FreeRTOS/Source/tasks.c **** 
2623:Middlewares/Third_Party/FreeRTOS/Source/tasks.c **** 	return xYieldRequired;
2624:Middlewares/Third_Party/FreeRTOS/Source/tasks.c **** }
2625:Middlewares/Third_Party/FreeRTOS/Source/tasks.c **** /*----------------------------------------------------------*/
2626:Middlewares/Third_Party/FreeRTOS/Source/tasks.c **** 
2627:Middlewares/Third_Party/FreeRTOS/Source/tasks.c **** #if ( INCLUDE_xTaskAbortDelay == 1 )
2628:Middlewares/Third_Party/FreeRTOS/Source/tasks.c **** 
2629:Middlewares/Third_Party/FreeRTOS/Source/tasks.c **** 	BaseType_t xTaskAbortDelay( TaskHandle_t xTask )
2630:Middlewares/Third_Party/FreeRTOS/Source/tasks.c **** 	{
2631:Middlewares/Third_Party/FreeRTOS/Source/tasks.c **** 	TCB_t *pxTCB = xTask;
2632:Middlewares/Third_Party/FreeRTOS/Source/tasks.c **** 	BaseType_t xReturn;
2633:Middlewares/Third_Party/FreeRTOS/Source/tasks.c **** 
2634:Middlewares/Third_Party/FreeRTOS/Source/tasks.c **** 		configASSERT( pxTCB );
2635:Middlewares/Third_Party/FreeRTOS/Source/tasks.c **** 
2636:Middlewares/Third_Party/FreeRTOS/Source/tasks.c **** 		vTaskSuspendAll();
2637:Middlewares/Third_Party/FreeRTOS/Source/tasks.c **** 		{
2638:Middlewares/Third_Party/FreeRTOS/Source/tasks.c **** 			/* A task can only be prematurely removed from the Blocked state if
2639:Middlewares/Third_Party/FreeRTOS/Source/tasks.c **** 			it is actually in the Blocked state. */
2640:Middlewares/Third_Party/FreeRTOS/Source/tasks.c **** 			if( eTaskGetState( xTask ) == eBlocked )
2641:Middlewares/Third_Party/FreeRTOS/Source/tasks.c **** 			{
ARM GAS  C:\Users\subdia\AppData\Local\Temp\ccqYdsij.s 			page 53


2642:Middlewares/Third_Party/FreeRTOS/Source/tasks.c **** 				xReturn = pdPASS;
2643:Middlewares/Third_Party/FreeRTOS/Source/tasks.c **** 
2644:Middlewares/Third_Party/FreeRTOS/Source/tasks.c **** 				/* Remove the reference to the task from the blocked list.  An
2645:Middlewares/Third_Party/FreeRTOS/Source/tasks.c **** 				interrupt won't touch the xStateListItem because the
2646:Middlewares/Third_Party/FreeRTOS/Source/tasks.c **** 				scheduler is suspended. */
2647:Middlewares/Third_Party/FreeRTOS/Source/tasks.c **** 				( void ) uxListRemove( &( pxTCB->xStateListItem ) );
2648:Middlewares/Third_Party/FreeRTOS/Source/tasks.c **** 
2649:Middlewares/Third_Party/FreeRTOS/Source/tasks.c **** 				/* Is the task waiting on an event also?  If so remove it from
2650:Middlewares/Third_Party/FreeRTOS/Source/tasks.c **** 				the event list too.  Interrupts can touch the event list item,
2651:Middlewares/Third_Party/FreeRTOS/Source/tasks.c **** 				even though the scheduler is suspended, so a critical section
2652:Middlewares/Third_Party/FreeRTOS/Source/tasks.c **** 				is used. */
2653:Middlewares/Third_Party/FreeRTOS/Source/tasks.c **** 				taskENTER_CRITICAL();
2654:Middlewares/Third_Party/FreeRTOS/Source/tasks.c **** 				{
2655:Middlewares/Third_Party/FreeRTOS/Source/tasks.c **** 					if( listLIST_ITEM_CONTAINER( &( pxTCB->xEventListItem ) ) != NULL )
2656:Middlewares/Third_Party/FreeRTOS/Source/tasks.c **** 					{
2657:Middlewares/Third_Party/FreeRTOS/Source/tasks.c **** 						( void ) uxListRemove( &( pxTCB->xEventListItem ) );
2658:Middlewares/Third_Party/FreeRTOS/Source/tasks.c **** 
2659:Middlewares/Third_Party/FreeRTOS/Source/tasks.c **** 						/* This lets the task know it was forcibly removed from the
2660:Middlewares/Third_Party/FreeRTOS/Source/tasks.c **** 						blocked state so it should not re-evaluate its block time and
2661:Middlewares/Third_Party/FreeRTOS/Source/tasks.c **** 						then block again. */
2662:Middlewares/Third_Party/FreeRTOS/Source/tasks.c **** 						pxTCB->ucDelayAborted = pdTRUE;
2663:Middlewares/Third_Party/FreeRTOS/Source/tasks.c **** 					}
2664:Middlewares/Third_Party/FreeRTOS/Source/tasks.c **** 					else
2665:Middlewares/Third_Party/FreeRTOS/Source/tasks.c **** 					{
2666:Middlewares/Third_Party/FreeRTOS/Source/tasks.c **** 						mtCOVERAGE_TEST_MARKER();
2667:Middlewares/Third_Party/FreeRTOS/Source/tasks.c **** 					}
2668:Middlewares/Third_Party/FreeRTOS/Source/tasks.c **** 				}
2669:Middlewares/Third_Party/FreeRTOS/Source/tasks.c **** 				taskEXIT_CRITICAL();
2670:Middlewares/Third_Party/FreeRTOS/Source/tasks.c **** 
2671:Middlewares/Third_Party/FreeRTOS/Source/tasks.c **** 				/* Place the unblocked task into the appropriate ready list. */
2672:Middlewares/Third_Party/FreeRTOS/Source/tasks.c **** 				prvAddTaskToReadyList( pxTCB );
2673:Middlewares/Third_Party/FreeRTOS/Source/tasks.c **** 
2674:Middlewares/Third_Party/FreeRTOS/Source/tasks.c **** 				/* A task being unblocked cannot cause an immediate context
2675:Middlewares/Third_Party/FreeRTOS/Source/tasks.c **** 				switch if preemption is turned off. */
2676:Middlewares/Third_Party/FreeRTOS/Source/tasks.c **** 				#if (  configUSE_PREEMPTION == 1 )
2677:Middlewares/Third_Party/FreeRTOS/Source/tasks.c **** 				{
2678:Middlewares/Third_Party/FreeRTOS/Source/tasks.c **** 					/* Preemption is on, but a context switch should only be
2679:Middlewares/Third_Party/FreeRTOS/Source/tasks.c **** 					performed if the unblocked task has a priority that is
2680:Middlewares/Third_Party/FreeRTOS/Source/tasks.c **** 					equal to or higher than the currently executing task. */
2681:Middlewares/Third_Party/FreeRTOS/Source/tasks.c **** 					if( pxTCB->uxPriority > pxCurrentTCB->uxPriority )
2682:Middlewares/Third_Party/FreeRTOS/Source/tasks.c **** 					{
2683:Middlewares/Third_Party/FreeRTOS/Source/tasks.c **** 						/* Pend the yield to be performed when the scheduler
2684:Middlewares/Third_Party/FreeRTOS/Source/tasks.c **** 						is unsuspended. */
2685:Middlewares/Third_Party/FreeRTOS/Source/tasks.c **** 						xYieldPending = pdTRUE;
2686:Middlewares/Third_Party/FreeRTOS/Source/tasks.c **** 					}
2687:Middlewares/Third_Party/FreeRTOS/Source/tasks.c **** 					else
2688:Middlewares/Third_Party/FreeRTOS/Source/tasks.c **** 					{
2689:Middlewares/Third_Party/FreeRTOS/Source/tasks.c **** 						mtCOVERAGE_TEST_MARKER();
2690:Middlewares/Third_Party/FreeRTOS/Source/tasks.c **** 					}
2691:Middlewares/Third_Party/FreeRTOS/Source/tasks.c **** 				}
2692:Middlewares/Third_Party/FreeRTOS/Source/tasks.c **** 				#endif /* configUSE_PREEMPTION */
2693:Middlewares/Third_Party/FreeRTOS/Source/tasks.c **** 			}
2694:Middlewares/Third_Party/FreeRTOS/Source/tasks.c **** 			else
2695:Middlewares/Third_Party/FreeRTOS/Source/tasks.c **** 			{
2696:Middlewares/Third_Party/FreeRTOS/Source/tasks.c **** 				xReturn = pdFAIL;
2697:Middlewares/Third_Party/FreeRTOS/Source/tasks.c **** 			}
2698:Middlewares/Third_Party/FreeRTOS/Source/tasks.c **** 		}
ARM GAS  C:\Users\subdia\AppData\Local\Temp\ccqYdsij.s 			page 54


2699:Middlewares/Third_Party/FreeRTOS/Source/tasks.c **** 		( void ) xTaskResumeAll();
2700:Middlewares/Third_Party/FreeRTOS/Source/tasks.c **** 
2701:Middlewares/Third_Party/FreeRTOS/Source/tasks.c **** 		return xReturn;
2702:Middlewares/Third_Party/FreeRTOS/Source/tasks.c **** 	}
2703:Middlewares/Third_Party/FreeRTOS/Source/tasks.c **** 
2704:Middlewares/Third_Party/FreeRTOS/Source/tasks.c **** #endif /* INCLUDE_xTaskAbortDelay */
2705:Middlewares/Third_Party/FreeRTOS/Source/tasks.c **** /*----------------------------------------------------------*/
2706:Middlewares/Third_Party/FreeRTOS/Source/tasks.c **** 
2707:Middlewares/Third_Party/FreeRTOS/Source/tasks.c **** BaseType_t xTaskIncrementTick( void )
2708:Middlewares/Third_Party/FreeRTOS/Source/tasks.c **** {
2709:Middlewares/Third_Party/FreeRTOS/Source/tasks.c **** TCB_t * pxTCB;
2710:Middlewares/Third_Party/FreeRTOS/Source/tasks.c **** TickType_t xItemValue;
2711:Middlewares/Third_Party/FreeRTOS/Source/tasks.c **** BaseType_t xSwitchRequired = pdFALSE;
2712:Middlewares/Third_Party/FreeRTOS/Source/tasks.c **** 
2713:Middlewares/Third_Party/FreeRTOS/Source/tasks.c **** 	/* Called by the portable layer each time a tick interrupt occurs.
2714:Middlewares/Third_Party/FreeRTOS/Source/tasks.c **** 	Increments the tick then checks to see if the new tick value will cause any
2715:Middlewares/Third_Party/FreeRTOS/Source/tasks.c **** 	tasks to be unblocked. */
2716:Middlewares/Third_Party/FreeRTOS/Source/tasks.c **** 	traceTASK_INCREMENT_TICK( xTickCount );
2717:Middlewares/Third_Party/FreeRTOS/Source/tasks.c **** 	if( uxSchedulerSuspended == ( UBaseType_t ) pdFALSE )
2718:Middlewares/Third_Party/FreeRTOS/Source/tasks.c **** 	{
2719:Middlewares/Third_Party/FreeRTOS/Source/tasks.c **** 		/* Minor optimisation.  The tick count cannot change in this
2720:Middlewares/Third_Party/FreeRTOS/Source/tasks.c **** 		block. */
2721:Middlewares/Third_Party/FreeRTOS/Source/tasks.c **** 		const TickType_t xConstTickCount = xTickCount + ( TickType_t ) 1;
2722:Middlewares/Third_Party/FreeRTOS/Source/tasks.c **** 
2723:Middlewares/Third_Party/FreeRTOS/Source/tasks.c **** 		/* Increment the RTOS tick, switching the delayed and overflowed
2724:Middlewares/Third_Party/FreeRTOS/Source/tasks.c **** 		delayed lists if it wraps to 0. */
2725:Middlewares/Third_Party/FreeRTOS/Source/tasks.c **** 		xTickCount = xConstTickCount;
2726:Middlewares/Third_Party/FreeRTOS/Source/tasks.c **** 
2727:Middlewares/Third_Party/FreeRTOS/Source/tasks.c **** 		if( xConstTickCount == ( TickType_t ) 0U ) /*lint !e774 'if' does not always evaluate to false as
2728:Middlewares/Third_Party/FreeRTOS/Source/tasks.c **** 		{
2729:Middlewares/Third_Party/FreeRTOS/Source/tasks.c **** 			taskSWITCH_DELAYED_LISTS();
2730:Middlewares/Third_Party/FreeRTOS/Source/tasks.c **** 		}
2731:Middlewares/Third_Party/FreeRTOS/Source/tasks.c **** 		else
2732:Middlewares/Third_Party/FreeRTOS/Source/tasks.c **** 		{
2733:Middlewares/Third_Party/FreeRTOS/Source/tasks.c **** 			mtCOVERAGE_TEST_MARKER();
2734:Middlewares/Third_Party/FreeRTOS/Source/tasks.c **** 		}
2735:Middlewares/Third_Party/FreeRTOS/Source/tasks.c **** 
2736:Middlewares/Third_Party/FreeRTOS/Source/tasks.c **** 		/* See if this tick has made a timeout expire.  Tasks are stored in
2737:Middlewares/Third_Party/FreeRTOS/Source/tasks.c **** 		the	queue in the order of their wake time - meaning once one task
2738:Middlewares/Third_Party/FreeRTOS/Source/tasks.c **** 		has been found whose block time has not expired there is no need to
2739:Middlewares/Third_Party/FreeRTOS/Source/tasks.c **** 		look any further down the list. */
2740:Middlewares/Third_Party/FreeRTOS/Source/tasks.c **** 		if( xConstTickCount >= xNextTaskUnblockTime )
2741:Middlewares/Third_Party/FreeRTOS/Source/tasks.c **** 		{
2742:Middlewares/Third_Party/FreeRTOS/Source/tasks.c **** 			for( ;; )
2743:Middlewares/Third_Party/FreeRTOS/Source/tasks.c **** 			{
2744:Middlewares/Third_Party/FreeRTOS/Source/tasks.c **** 				if( listLIST_IS_EMPTY( pxDelayedTaskList ) != pdFALSE )
2745:Middlewares/Third_Party/FreeRTOS/Source/tasks.c **** 				{
2746:Middlewares/Third_Party/FreeRTOS/Source/tasks.c **** 					/* The delayed list is empty.  Set xNextTaskUnblockTime
2747:Middlewares/Third_Party/FreeRTOS/Source/tasks.c **** 					to the maximum possible value so it is extremely
2748:Middlewares/Third_Party/FreeRTOS/Source/tasks.c **** 					unlikely that the
2749:Middlewares/Third_Party/FreeRTOS/Source/tasks.c **** 					if( xTickCount >= xNextTaskUnblockTime ) test will pass
2750:Middlewares/Third_Party/FreeRTOS/Source/tasks.c **** 					next time through. */
2751:Middlewares/Third_Party/FreeRTOS/Source/tasks.c **** 					xNextTaskUnblockTime = portMAX_DELAY; /*lint !e961 MISRA exception as the casts are only redun
2752:Middlewares/Third_Party/FreeRTOS/Source/tasks.c **** 					break;
2753:Middlewares/Third_Party/FreeRTOS/Source/tasks.c **** 				}
2754:Middlewares/Third_Party/FreeRTOS/Source/tasks.c **** 				else
2755:Middlewares/Third_Party/FreeRTOS/Source/tasks.c **** 				{
ARM GAS  C:\Users\subdia\AppData\Local\Temp\ccqYdsij.s 			page 55


2756:Middlewares/Third_Party/FreeRTOS/Source/tasks.c **** 					/* The delayed list is not empty, get the value of the
2757:Middlewares/Third_Party/FreeRTOS/Source/tasks.c **** 					item at the head of the delayed list.  This is the time
2758:Middlewares/Third_Party/FreeRTOS/Source/tasks.c **** 					at which the task at the head of the delayed list must
2759:Middlewares/Third_Party/FreeRTOS/Source/tasks.c **** 					be removed from the Blocked state. */
2760:Middlewares/Third_Party/FreeRTOS/Source/tasks.c **** 					pxTCB = listGET_OWNER_OF_HEAD_ENTRY( pxDelayedTaskList ); /*lint !e9079 void * is used as this
2761:Middlewares/Third_Party/FreeRTOS/Source/tasks.c **** 					xItemValue = listGET_LIST_ITEM_VALUE( &( pxTCB->xStateListItem ) );
2762:Middlewares/Third_Party/FreeRTOS/Source/tasks.c **** 
2763:Middlewares/Third_Party/FreeRTOS/Source/tasks.c **** 					if( xConstTickCount < xItemValue )
2764:Middlewares/Third_Party/FreeRTOS/Source/tasks.c **** 					{
2765:Middlewares/Third_Party/FreeRTOS/Source/tasks.c **** 						/* It is not time to unblock this item yet, but the
2766:Middlewares/Third_Party/FreeRTOS/Source/tasks.c **** 						item value is the time at which the task at the head
2767:Middlewares/Third_Party/FreeRTOS/Source/tasks.c **** 						of the blocked list must be removed from the Blocked
2768:Middlewares/Third_Party/FreeRTOS/Source/tasks.c **** 						state -	so record the item value in
2769:Middlewares/Third_Party/FreeRTOS/Source/tasks.c **** 						xNextTaskUnblockTime. */
2770:Middlewares/Third_Party/FreeRTOS/Source/tasks.c **** 						xNextTaskUnblockTime = xItemValue;
2771:Middlewares/Third_Party/FreeRTOS/Source/tasks.c **** 						break; /*lint !e9011 Code structure here is deedmed easier to understand with multiple breaks
2772:Middlewares/Third_Party/FreeRTOS/Source/tasks.c **** 					}
2773:Middlewares/Third_Party/FreeRTOS/Source/tasks.c **** 					else
2774:Middlewares/Third_Party/FreeRTOS/Source/tasks.c **** 					{
2775:Middlewares/Third_Party/FreeRTOS/Source/tasks.c **** 						mtCOVERAGE_TEST_MARKER();
2776:Middlewares/Third_Party/FreeRTOS/Source/tasks.c **** 					}
2777:Middlewares/Third_Party/FreeRTOS/Source/tasks.c **** 
2778:Middlewares/Third_Party/FreeRTOS/Source/tasks.c **** 					/* It is time to remove the item from the Blocked state. */
2779:Middlewares/Third_Party/FreeRTOS/Source/tasks.c **** 					( void ) uxListRemove( &( pxTCB->xStateListItem ) );
2780:Middlewares/Third_Party/FreeRTOS/Source/tasks.c **** 
2781:Middlewares/Third_Party/FreeRTOS/Source/tasks.c **** 					/* Is the task waiting on an event also?  If so remove
2782:Middlewares/Third_Party/FreeRTOS/Source/tasks.c **** 					it from the event list. */
2783:Middlewares/Third_Party/FreeRTOS/Source/tasks.c **** 					if( listLIST_ITEM_CONTAINER( &( pxTCB->xEventListItem ) ) != NULL )
2784:Middlewares/Third_Party/FreeRTOS/Source/tasks.c **** 					{
2785:Middlewares/Third_Party/FreeRTOS/Source/tasks.c **** 						( void ) uxListRemove( &( pxTCB->xEventListItem ) );
2786:Middlewares/Third_Party/FreeRTOS/Source/tasks.c **** 					}
2787:Middlewares/Third_Party/FreeRTOS/Source/tasks.c **** 					else
2788:Middlewares/Third_Party/FreeRTOS/Source/tasks.c **** 					{
2789:Middlewares/Third_Party/FreeRTOS/Source/tasks.c **** 						mtCOVERAGE_TEST_MARKER();
2790:Middlewares/Third_Party/FreeRTOS/Source/tasks.c **** 					}
2791:Middlewares/Third_Party/FreeRTOS/Source/tasks.c **** 
2792:Middlewares/Third_Party/FreeRTOS/Source/tasks.c **** 					/* Place the unblocked task into the appropriate ready
2793:Middlewares/Third_Party/FreeRTOS/Source/tasks.c **** 					list. */
2794:Middlewares/Third_Party/FreeRTOS/Source/tasks.c **** 					prvAddTaskToReadyList( pxTCB );
2795:Middlewares/Third_Party/FreeRTOS/Source/tasks.c **** 
2796:Middlewares/Third_Party/FreeRTOS/Source/tasks.c **** 					/* A task being unblocked cannot cause an immediate
2797:Middlewares/Third_Party/FreeRTOS/Source/tasks.c **** 					context switch if preemption is turned off. */
2798:Middlewares/Third_Party/FreeRTOS/Source/tasks.c **** 					#if (  configUSE_PREEMPTION == 1 )
2799:Middlewares/Third_Party/FreeRTOS/Source/tasks.c **** 					{
2800:Middlewares/Third_Party/FreeRTOS/Source/tasks.c **** 						/* Preemption is on, but a context switch should
2801:Middlewares/Third_Party/FreeRTOS/Source/tasks.c **** 						only be performed if the unblocked task has a
2802:Middlewares/Third_Party/FreeRTOS/Source/tasks.c **** 						priority that is equal to or higher than the
2803:Middlewares/Third_Party/FreeRTOS/Source/tasks.c **** 						currently executing task. */
2804:Middlewares/Third_Party/FreeRTOS/Source/tasks.c **** 						if( pxTCB->uxPriority >= pxCurrentTCB->uxPriority )
2805:Middlewares/Third_Party/FreeRTOS/Source/tasks.c **** 						{
2806:Middlewares/Third_Party/FreeRTOS/Source/tasks.c **** 							xSwitchRequired = pdTRUE;
2807:Middlewares/Third_Party/FreeRTOS/Source/tasks.c **** 						}
2808:Middlewares/Third_Party/FreeRTOS/Source/tasks.c **** 						else
2809:Middlewares/Third_Party/FreeRTOS/Source/tasks.c **** 						{
2810:Middlewares/Third_Party/FreeRTOS/Source/tasks.c **** 							mtCOVERAGE_TEST_MARKER();
2811:Middlewares/Third_Party/FreeRTOS/Source/tasks.c **** 						}
2812:Middlewares/Third_Party/FreeRTOS/Source/tasks.c **** 					}
ARM GAS  C:\Users\subdia\AppData\Local\Temp\ccqYdsij.s 			page 56


2813:Middlewares/Third_Party/FreeRTOS/Source/tasks.c **** 					#endif /* configUSE_PREEMPTION */
2814:Middlewares/Third_Party/FreeRTOS/Source/tasks.c **** 				}
2815:Middlewares/Third_Party/FreeRTOS/Source/tasks.c **** 			}
2816:Middlewares/Third_Party/FreeRTOS/Source/tasks.c **** 		}
2817:Middlewares/Third_Party/FreeRTOS/Source/tasks.c **** 
2818:Middlewares/Third_Party/FreeRTOS/Source/tasks.c **** 		/* Tasks of equal priority to the currently running task will share
2819:Middlewares/Third_Party/FreeRTOS/Source/tasks.c **** 		processing time (time slice) if preemption is on, and the application
2820:Middlewares/Third_Party/FreeRTOS/Source/tasks.c **** 		writer has not explicitly turned time slicing off. */
2821:Middlewares/Third_Party/FreeRTOS/Source/tasks.c **** 		#if ( ( configUSE_PREEMPTION == 1 ) && ( configUSE_TIME_SLICING == 1 ) )
2822:Middlewares/Third_Party/FreeRTOS/Source/tasks.c **** 		{
2823:Middlewares/Third_Party/FreeRTOS/Source/tasks.c **** 			if( listCURRENT_LIST_LENGTH( &( pxReadyTasksLists[ pxCurrentTCB->uxPriority ] ) ) > ( UBaseType_
2824:Middlewares/Third_Party/FreeRTOS/Source/tasks.c **** 			{
2825:Middlewares/Third_Party/FreeRTOS/Source/tasks.c **** 				xSwitchRequired = pdTRUE;
2826:Middlewares/Third_Party/FreeRTOS/Source/tasks.c **** 			}
2827:Middlewares/Third_Party/FreeRTOS/Source/tasks.c **** 			else
2828:Middlewares/Third_Party/FreeRTOS/Source/tasks.c **** 			{
2829:Middlewares/Third_Party/FreeRTOS/Source/tasks.c **** 				mtCOVERAGE_TEST_MARKER();
2830:Middlewares/Third_Party/FreeRTOS/Source/tasks.c **** 			}
2831:Middlewares/Third_Party/FreeRTOS/Source/tasks.c **** 		}
2832:Middlewares/Third_Party/FreeRTOS/Source/tasks.c **** 		#endif /* ( ( configUSE_PREEMPTION == 1 ) && ( configUSE_TIME_SLICING == 1 ) ) */
2833:Middlewares/Third_Party/FreeRTOS/Source/tasks.c **** 
2834:Middlewares/Third_Party/FreeRTOS/Source/tasks.c **** 		#if ( configUSE_TICK_HOOK == 1 )
2835:Middlewares/Third_Party/FreeRTOS/Source/tasks.c **** 		{
2836:Middlewares/Third_Party/FreeRTOS/Source/tasks.c **** 			/* Guard against the tick hook being called when the pended tick
2837:Middlewares/Third_Party/FreeRTOS/Source/tasks.c **** 			count is being unwound (when the scheduler is being unlocked). */
2838:Middlewares/Third_Party/FreeRTOS/Source/tasks.c **** 			if( xPendedTicks == ( TickType_t ) 0 )
2839:Middlewares/Third_Party/FreeRTOS/Source/tasks.c **** 			{
2840:Middlewares/Third_Party/FreeRTOS/Source/tasks.c **** 				vApplicationTickHook();
2841:Middlewares/Third_Party/FreeRTOS/Source/tasks.c **** 			}
2842:Middlewares/Third_Party/FreeRTOS/Source/tasks.c **** 			else
2843:Middlewares/Third_Party/FreeRTOS/Source/tasks.c **** 			{
2844:Middlewares/Third_Party/FreeRTOS/Source/tasks.c **** 				mtCOVERAGE_TEST_MARKER();
2845:Middlewares/Third_Party/FreeRTOS/Source/tasks.c **** 			}
2846:Middlewares/Third_Party/FreeRTOS/Source/tasks.c **** 		}
2847:Middlewares/Third_Party/FreeRTOS/Source/tasks.c **** 		#endif /* configUSE_TICK_HOOK */
2848:Middlewares/Third_Party/FreeRTOS/Source/tasks.c **** 
2849:Middlewares/Third_Party/FreeRTOS/Source/tasks.c **** 		#if ( configUSE_PREEMPTION == 1 )
2850:Middlewares/Third_Party/FreeRTOS/Source/tasks.c **** 		{
2851:Middlewares/Third_Party/FreeRTOS/Source/tasks.c **** 			if( xYieldPending != pdFALSE )
2852:Middlewares/Third_Party/FreeRTOS/Source/tasks.c **** 			{
2853:Middlewares/Third_Party/FreeRTOS/Source/tasks.c **** 				xSwitchRequired = pdTRUE;
2854:Middlewares/Third_Party/FreeRTOS/Source/tasks.c **** 			}
2855:Middlewares/Third_Party/FreeRTOS/Source/tasks.c **** 			else
2856:Middlewares/Third_Party/FreeRTOS/Source/tasks.c **** 			{
2857:Middlewares/Third_Party/FreeRTOS/Source/tasks.c **** 				mtCOVERAGE_TEST_MARKER();
2858:Middlewares/Third_Party/FreeRTOS/Source/tasks.c **** 			}
2859:Middlewares/Third_Party/FreeRTOS/Source/tasks.c **** 		}
2860:Middlewares/Third_Party/FreeRTOS/Source/tasks.c **** 		#endif /* configUSE_PREEMPTION */
2861:Middlewares/Third_Party/FreeRTOS/Source/tasks.c **** 	}
2862:Middlewares/Third_Party/FreeRTOS/Source/tasks.c **** 	else
2863:Middlewares/Third_Party/FreeRTOS/Source/tasks.c **** 	{
2864:Middlewares/Third_Party/FreeRTOS/Source/tasks.c **** 		++xPendedTicks;
2865:Middlewares/Third_Party/FreeRTOS/Source/tasks.c **** 
2866:Middlewares/Third_Party/FreeRTOS/Source/tasks.c **** 		/* The tick hook gets called at regular intervals, even if the
2867:Middlewares/Third_Party/FreeRTOS/Source/tasks.c **** 		scheduler is locked. */
2868:Middlewares/Third_Party/FreeRTOS/Source/tasks.c **** 		#if ( configUSE_TICK_HOOK == 1 )
2869:Middlewares/Third_Party/FreeRTOS/Source/tasks.c **** 		{
ARM GAS  C:\Users\subdia\AppData\Local\Temp\ccqYdsij.s 			page 57


2870:Middlewares/Third_Party/FreeRTOS/Source/tasks.c **** 			vApplicationTickHook();
2871:Middlewares/Third_Party/FreeRTOS/Source/tasks.c **** 		}
2872:Middlewares/Third_Party/FreeRTOS/Source/tasks.c **** 		#endif
2873:Middlewares/Third_Party/FreeRTOS/Source/tasks.c **** 	}
2874:Middlewares/Third_Party/FreeRTOS/Source/tasks.c **** 
2875:Middlewares/Third_Party/FreeRTOS/Source/tasks.c **** 	return xSwitchRequired;
2876:Middlewares/Third_Party/FreeRTOS/Source/tasks.c **** }
2877:Middlewares/Third_Party/FreeRTOS/Source/tasks.c **** /*-----------------------------------------------------------*/
2878:Middlewares/Third_Party/FreeRTOS/Source/tasks.c **** 
2879:Middlewares/Third_Party/FreeRTOS/Source/tasks.c **** #if ( configUSE_APPLICATION_TASK_TAG == 1 )
2880:Middlewares/Third_Party/FreeRTOS/Source/tasks.c **** 
2881:Middlewares/Third_Party/FreeRTOS/Source/tasks.c **** 	void vTaskSetApplicationTaskTag( TaskHandle_t xTask, TaskHookFunction_t pxHookFunction )
2882:Middlewares/Third_Party/FreeRTOS/Source/tasks.c **** 	{
2883:Middlewares/Third_Party/FreeRTOS/Source/tasks.c **** 	TCB_t *xTCB;
2884:Middlewares/Third_Party/FreeRTOS/Source/tasks.c **** 
2885:Middlewares/Third_Party/FreeRTOS/Source/tasks.c **** 		/* If xTask is NULL then it is the task hook of the calling task that is
2886:Middlewares/Third_Party/FreeRTOS/Source/tasks.c **** 		getting set. */
2887:Middlewares/Third_Party/FreeRTOS/Source/tasks.c **** 		if( xTask == NULL )
2888:Middlewares/Third_Party/FreeRTOS/Source/tasks.c **** 		{
2889:Middlewares/Third_Party/FreeRTOS/Source/tasks.c **** 			xTCB = ( TCB_t * ) pxCurrentTCB;
2890:Middlewares/Third_Party/FreeRTOS/Source/tasks.c **** 		}
2891:Middlewares/Third_Party/FreeRTOS/Source/tasks.c **** 		else
2892:Middlewares/Third_Party/FreeRTOS/Source/tasks.c **** 		{
2893:Middlewares/Third_Party/FreeRTOS/Source/tasks.c **** 			xTCB = xTask;
2894:Middlewares/Third_Party/FreeRTOS/Source/tasks.c **** 		}
2895:Middlewares/Third_Party/FreeRTOS/Source/tasks.c **** 
2896:Middlewares/Third_Party/FreeRTOS/Source/tasks.c **** 		/* Save the hook function in the TCB.  A critical section is required as
2897:Middlewares/Third_Party/FreeRTOS/Source/tasks.c **** 		the value can be accessed from an interrupt. */
2898:Middlewares/Third_Party/FreeRTOS/Source/tasks.c **** 		taskENTER_CRITICAL();
2899:Middlewares/Third_Party/FreeRTOS/Source/tasks.c **** 		{
2900:Middlewares/Third_Party/FreeRTOS/Source/tasks.c **** 			xTCB->pxTaskTag = pxHookFunction;
2901:Middlewares/Third_Party/FreeRTOS/Source/tasks.c **** 		}
2902:Middlewares/Third_Party/FreeRTOS/Source/tasks.c **** 		taskEXIT_CRITICAL();
2903:Middlewares/Third_Party/FreeRTOS/Source/tasks.c **** 	}
2904:Middlewares/Third_Party/FreeRTOS/Source/tasks.c **** 
2905:Middlewares/Third_Party/FreeRTOS/Source/tasks.c **** #endif /* configUSE_APPLICATION_TASK_TAG */
2906:Middlewares/Third_Party/FreeRTOS/Source/tasks.c **** /*-----------------------------------------------------------*/
2907:Middlewares/Third_Party/FreeRTOS/Source/tasks.c **** 
2908:Middlewares/Third_Party/FreeRTOS/Source/tasks.c **** #if ( configUSE_APPLICATION_TASK_TAG == 1 )
2909:Middlewares/Third_Party/FreeRTOS/Source/tasks.c **** 
2910:Middlewares/Third_Party/FreeRTOS/Source/tasks.c **** 	TaskHookFunction_t xTaskGetApplicationTaskTag( TaskHandle_t xTask )
2911:Middlewares/Third_Party/FreeRTOS/Source/tasks.c **** 	{
2912:Middlewares/Third_Party/FreeRTOS/Source/tasks.c **** 	TCB_t *pxTCB;
2913:Middlewares/Third_Party/FreeRTOS/Source/tasks.c **** 	TaskHookFunction_t xReturn;
2914:Middlewares/Third_Party/FreeRTOS/Source/tasks.c **** 
2915:Middlewares/Third_Party/FreeRTOS/Source/tasks.c **** 		/* If xTask is NULL then set the calling task's hook. */
2916:Middlewares/Third_Party/FreeRTOS/Source/tasks.c **** 		pxTCB = prvGetTCBFromHandle( xTask );
2917:Middlewares/Third_Party/FreeRTOS/Source/tasks.c **** 
2918:Middlewares/Third_Party/FreeRTOS/Source/tasks.c **** 		/* Save the hook function in the TCB.  A critical section is required as
2919:Middlewares/Third_Party/FreeRTOS/Source/tasks.c **** 		the value can be accessed from an interrupt. */
2920:Middlewares/Third_Party/FreeRTOS/Source/tasks.c **** 		taskENTER_CRITICAL();
2921:Middlewares/Third_Party/FreeRTOS/Source/tasks.c **** 		{
2922:Middlewares/Third_Party/FreeRTOS/Source/tasks.c **** 			xReturn = pxTCB->pxTaskTag;
2923:Middlewares/Third_Party/FreeRTOS/Source/tasks.c **** 		}
2924:Middlewares/Third_Party/FreeRTOS/Source/tasks.c **** 		taskEXIT_CRITICAL();
2925:Middlewares/Third_Party/FreeRTOS/Source/tasks.c **** 
2926:Middlewares/Third_Party/FreeRTOS/Source/tasks.c **** 		return xReturn;
ARM GAS  C:\Users\subdia\AppData\Local\Temp\ccqYdsij.s 			page 58


2927:Middlewares/Third_Party/FreeRTOS/Source/tasks.c **** 	}
2928:Middlewares/Third_Party/FreeRTOS/Source/tasks.c **** 
2929:Middlewares/Third_Party/FreeRTOS/Source/tasks.c **** #endif /* configUSE_APPLICATION_TASK_TAG */
2930:Middlewares/Third_Party/FreeRTOS/Source/tasks.c **** /*-----------------------------------------------------------*/
2931:Middlewares/Third_Party/FreeRTOS/Source/tasks.c **** 
2932:Middlewares/Third_Party/FreeRTOS/Source/tasks.c **** #if ( configUSE_APPLICATION_TASK_TAG == 1 )
2933:Middlewares/Third_Party/FreeRTOS/Source/tasks.c **** 
2934:Middlewares/Third_Party/FreeRTOS/Source/tasks.c **** 	TaskHookFunction_t xTaskGetApplicationTaskTagFromISR( TaskHandle_t xTask )
2935:Middlewares/Third_Party/FreeRTOS/Source/tasks.c **** 	{
2936:Middlewares/Third_Party/FreeRTOS/Source/tasks.c **** 	TCB_t *pxTCB;
2937:Middlewares/Third_Party/FreeRTOS/Source/tasks.c **** 	TaskHookFunction_t xReturn;
2938:Middlewares/Third_Party/FreeRTOS/Source/tasks.c **** 	UBaseType_t uxSavedInterruptStatus;
2939:Middlewares/Third_Party/FreeRTOS/Source/tasks.c **** 
2940:Middlewares/Third_Party/FreeRTOS/Source/tasks.c **** 		/* If xTask is NULL then set the calling task's hook. */
2941:Middlewares/Third_Party/FreeRTOS/Source/tasks.c **** 		pxTCB = prvGetTCBFromHandle( xTask );
2942:Middlewares/Third_Party/FreeRTOS/Source/tasks.c **** 
2943:Middlewares/Third_Party/FreeRTOS/Source/tasks.c **** 		/* Save the hook function in the TCB.  A critical section is required as
2944:Middlewares/Third_Party/FreeRTOS/Source/tasks.c **** 		the value can be accessed from an interrupt. */
2945:Middlewares/Third_Party/FreeRTOS/Source/tasks.c **** 		uxSavedInterruptStatus = portSET_INTERRUPT_MASK_FROM_ISR();
2946:Middlewares/Third_Party/FreeRTOS/Source/tasks.c **** 		{
2947:Middlewares/Third_Party/FreeRTOS/Source/tasks.c **** 			xReturn = pxTCB->pxTaskTag;
2948:Middlewares/Third_Party/FreeRTOS/Source/tasks.c **** 		}
2949:Middlewares/Third_Party/FreeRTOS/Source/tasks.c **** 		portCLEAR_INTERRUPT_MASK_FROM_ISR( uxSavedInterruptStatus );
2950:Middlewares/Third_Party/FreeRTOS/Source/tasks.c **** 
2951:Middlewares/Third_Party/FreeRTOS/Source/tasks.c **** 		return xReturn;
2952:Middlewares/Third_Party/FreeRTOS/Source/tasks.c **** 	}
2953:Middlewares/Third_Party/FreeRTOS/Source/tasks.c **** 
2954:Middlewares/Third_Party/FreeRTOS/Source/tasks.c **** #endif /* configUSE_APPLICATION_TASK_TAG */
2955:Middlewares/Third_Party/FreeRTOS/Source/tasks.c **** /*-----------------------------------------------------------*/
2956:Middlewares/Third_Party/FreeRTOS/Source/tasks.c **** 
2957:Middlewares/Third_Party/FreeRTOS/Source/tasks.c **** #if ( configUSE_APPLICATION_TASK_TAG == 1 )
2958:Middlewares/Third_Party/FreeRTOS/Source/tasks.c **** 
2959:Middlewares/Third_Party/FreeRTOS/Source/tasks.c **** 	BaseType_t xTaskCallApplicationTaskHook( TaskHandle_t xTask, void *pvParameter )
2960:Middlewares/Third_Party/FreeRTOS/Source/tasks.c **** 	{
2961:Middlewares/Third_Party/FreeRTOS/Source/tasks.c **** 	TCB_t *xTCB;
2962:Middlewares/Third_Party/FreeRTOS/Source/tasks.c **** 	BaseType_t xReturn;
2963:Middlewares/Third_Party/FreeRTOS/Source/tasks.c **** 
2964:Middlewares/Third_Party/FreeRTOS/Source/tasks.c **** 		/* If xTask is NULL then we are calling our own task hook. */
2965:Middlewares/Third_Party/FreeRTOS/Source/tasks.c **** 		if( xTask == NULL )
2966:Middlewares/Third_Party/FreeRTOS/Source/tasks.c **** 		{
2967:Middlewares/Third_Party/FreeRTOS/Source/tasks.c **** 			xTCB = pxCurrentTCB;
2968:Middlewares/Third_Party/FreeRTOS/Source/tasks.c **** 		}
2969:Middlewares/Third_Party/FreeRTOS/Source/tasks.c **** 		else
2970:Middlewares/Third_Party/FreeRTOS/Source/tasks.c **** 		{
2971:Middlewares/Third_Party/FreeRTOS/Source/tasks.c **** 			xTCB = xTask;
2972:Middlewares/Third_Party/FreeRTOS/Source/tasks.c **** 		}
2973:Middlewares/Third_Party/FreeRTOS/Source/tasks.c **** 
2974:Middlewares/Third_Party/FreeRTOS/Source/tasks.c **** 		if( xTCB->pxTaskTag != NULL )
2975:Middlewares/Third_Party/FreeRTOS/Source/tasks.c **** 		{
2976:Middlewares/Third_Party/FreeRTOS/Source/tasks.c **** 			xReturn = xTCB->pxTaskTag( pvParameter );
2977:Middlewares/Third_Party/FreeRTOS/Source/tasks.c **** 		}
2978:Middlewares/Third_Party/FreeRTOS/Source/tasks.c **** 		else
2979:Middlewares/Third_Party/FreeRTOS/Source/tasks.c **** 		{
2980:Middlewares/Third_Party/FreeRTOS/Source/tasks.c **** 			xReturn = pdFAIL;
2981:Middlewares/Third_Party/FreeRTOS/Source/tasks.c **** 		}
2982:Middlewares/Third_Party/FreeRTOS/Source/tasks.c **** 
2983:Middlewares/Third_Party/FreeRTOS/Source/tasks.c **** 		return xReturn;
ARM GAS  C:\Users\subdia\AppData\Local\Temp\ccqYdsij.s 			page 59


2984:Middlewares/Third_Party/FreeRTOS/Source/tasks.c **** 	}
2985:Middlewares/Third_Party/FreeRTOS/Source/tasks.c **** 
2986:Middlewares/Third_Party/FreeRTOS/Source/tasks.c **** #endif /* configUSE_APPLICATION_TASK_TAG */
2987:Middlewares/Third_Party/FreeRTOS/Source/tasks.c **** /*-----------------------------------------------------------*/
2988:Middlewares/Third_Party/FreeRTOS/Source/tasks.c **** 
2989:Middlewares/Third_Party/FreeRTOS/Source/tasks.c **** void vTaskSwitchContext( void )
2990:Middlewares/Third_Party/FreeRTOS/Source/tasks.c **** {
2991:Middlewares/Third_Party/FreeRTOS/Source/tasks.c **** 	if( uxSchedulerSuspended != ( UBaseType_t ) pdFALSE )
2992:Middlewares/Third_Party/FreeRTOS/Source/tasks.c **** 	{
2993:Middlewares/Third_Party/FreeRTOS/Source/tasks.c **** 		/* The scheduler is currently suspended - do not allow a context
2994:Middlewares/Third_Party/FreeRTOS/Source/tasks.c **** 		switch. */
2995:Middlewares/Third_Party/FreeRTOS/Source/tasks.c **** 		xYieldPending = pdTRUE;
2996:Middlewares/Third_Party/FreeRTOS/Source/tasks.c **** 	}
2997:Middlewares/Third_Party/FreeRTOS/Source/tasks.c **** 	else
2998:Middlewares/Third_Party/FreeRTOS/Source/tasks.c **** 	{
2999:Middlewares/Third_Party/FreeRTOS/Source/tasks.c **** 		xYieldPending = pdFALSE;
3000:Middlewares/Third_Party/FreeRTOS/Source/tasks.c **** 		traceTASK_SWITCHED_OUT();
3001:Middlewares/Third_Party/FreeRTOS/Source/tasks.c **** 
3002:Middlewares/Third_Party/FreeRTOS/Source/tasks.c **** 		#if ( configGENERATE_RUN_TIME_STATS == 1 )
3003:Middlewares/Third_Party/FreeRTOS/Source/tasks.c **** 		{
3004:Middlewares/Third_Party/FreeRTOS/Source/tasks.c **** 			#ifdef portALT_GET_RUN_TIME_COUNTER_VALUE
3005:Middlewares/Third_Party/FreeRTOS/Source/tasks.c **** 				portALT_GET_RUN_TIME_COUNTER_VALUE( ulTotalRunTime );
3006:Middlewares/Third_Party/FreeRTOS/Source/tasks.c **** 			#else
3007:Middlewares/Third_Party/FreeRTOS/Source/tasks.c **** 				ulTotalRunTime = portGET_RUN_TIME_COUNTER_VALUE();
3008:Middlewares/Third_Party/FreeRTOS/Source/tasks.c **** 			#endif
3009:Middlewares/Third_Party/FreeRTOS/Source/tasks.c **** 
3010:Middlewares/Third_Party/FreeRTOS/Source/tasks.c **** 			/* Add the amount of time the task has been running to the
3011:Middlewares/Third_Party/FreeRTOS/Source/tasks.c **** 			accumulated time so far.  The time the task started running was
3012:Middlewares/Third_Party/FreeRTOS/Source/tasks.c **** 			stored in ulTaskSwitchedInTime.  Note that there is no overflow
3013:Middlewares/Third_Party/FreeRTOS/Source/tasks.c **** 			protection here so count values are only valid until the timer
3014:Middlewares/Third_Party/FreeRTOS/Source/tasks.c **** 			overflows.  The guard against negative values is to protect
3015:Middlewares/Third_Party/FreeRTOS/Source/tasks.c **** 			against suspect run time stat counter implementations - which
3016:Middlewares/Third_Party/FreeRTOS/Source/tasks.c **** 			are provided by the application, not the kernel. */
3017:Middlewares/Third_Party/FreeRTOS/Source/tasks.c **** 			if( ulTotalRunTime > ulTaskSwitchedInTime )
3018:Middlewares/Third_Party/FreeRTOS/Source/tasks.c **** 			{
3019:Middlewares/Third_Party/FreeRTOS/Source/tasks.c **** 				pxCurrentTCB->ulRunTimeCounter += ( ulTotalRunTime - ulTaskSwitchedInTime );
3020:Middlewares/Third_Party/FreeRTOS/Source/tasks.c **** 			}
3021:Middlewares/Third_Party/FreeRTOS/Source/tasks.c **** 			else
3022:Middlewares/Third_Party/FreeRTOS/Source/tasks.c **** 			{
3023:Middlewares/Third_Party/FreeRTOS/Source/tasks.c **** 				mtCOVERAGE_TEST_MARKER();
3024:Middlewares/Third_Party/FreeRTOS/Source/tasks.c **** 			}
3025:Middlewares/Third_Party/FreeRTOS/Source/tasks.c **** 			ulTaskSwitchedInTime = ulTotalRunTime;
3026:Middlewares/Third_Party/FreeRTOS/Source/tasks.c **** 		}
3027:Middlewares/Third_Party/FreeRTOS/Source/tasks.c **** 		#endif /* configGENERATE_RUN_TIME_STATS */
3028:Middlewares/Third_Party/FreeRTOS/Source/tasks.c **** 
3029:Middlewares/Third_Party/FreeRTOS/Source/tasks.c **** 		/* Check for stack overflow, if configured. */
3030:Middlewares/Third_Party/FreeRTOS/Source/tasks.c **** 		taskCHECK_FOR_STACK_OVERFLOW();
3031:Middlewares/Third_Party/FreeRTOS/Source/tasks.c **** 
3032:Middlewares/Third_Party/FreeRTOS/Source/tasks.c **** 		/* Before the currently running task is switched out, save its errno. */
3033:Middlewares/Third_Party/FreeRTOS/Source/tasks.c **** 		#if( configUSE_POSIX_ERRNO == 1 )
3034:Middlewares/Third_Party/FreeRTOS/Source/tasks.c **** 		{
3035:Middlewares/Third_Party/FreeRTOS/Source/tasks.c **** 			pxCurrentTCB->iTaskErrno = FreeRTOS_errno;
3036:Middlewares/Third_Party/FreeRTOS/Source/tasks.c **** 		}
3037:Middlewares/Third_Party/FreeRTOS/Source/tasks.c **** 		#endif
3038:Middlewares/Third_Party/FreeRTOS/Source/tasks.c **** 
3039:Middlewares/Third_Party/FreeRTOS/Source/tasks.c **** 		/* Select a new task to run using either the generic C or port
3040:Middlewares/Third_Party/FreeRTOS/Source/tasks.c **** 		optimised asm code. */
ARM GAS  C:\Users\subdia\AppData\Local\Temp\ccqYdsij.s 			page 60


3041:Middlewares/Third_Party/FreeRTOS/Source/tasks.c **** 		taskSELECT_HIGHEST_PRIORITY_TASK(); /*lint !e9079 void * is used as this macro is used with timer
3042:Middlewares/Third_Party/FreeRTOS/Source/tasks.c **** 		traceTASK_SWITCHED_IN();
3043:Middlewares/Third_Party/FreeRTOS/Source/tasks.c **** 
3044:Middlewares/Third_Party/FreeRTOS/Source/tasks.c **** 		/* After the new task is switched in, update the global errno. */
3045:Middlewares/Third_Party/FreeRTOS/Source/tasks.c **** 		#if( configUSE_POSIX_ERRNO == 1 )
3046:Middlewares/Third_Party/FreeRTOS/Source/tasks.c **** 		{
3047:Middlewares/Third_Party/FreeRTOS/Source/tasks.c **** 			FreeRTOS_errno = pxCurrentTCB->iTaskErrno;
3048:Middlewares/Third_Party/FreeRTOS/Source/tasks.c **** 		}
3049:Middlewares/Third_Party/FreeRTOS/Source/tasks.c **** 		#endif
3050:Middlewares/Third_Party/FreeRTOS/Source/tasks.c **** 
3051:Middlewares/Third_Party/FreeRTOS/Source/tasks.c **** 		#if ( configUSE_NEWLIB_REENTRANT == 1 )
3052:Middlewares/Third_Party/FreeRTOS/Source/tasks.c **** 		{
3053:Middlewares/Third_Party/FreeRTOS/Source/tasks.c **** 			/* Switch Newlib's _impure_ptr variable to point to the _reent
3054:Middlewares/Third_Party/FreeRTOS/Source/tasks.c **** 			structure specific to this task.
3055:Middlewares/Third_Party/FreeRTOS/Source/tasks.c **** 			See the third party link http://www.nadler.com/embedded/newlibAndFreeRTOS.html
3056:Middlewares/Third_Party/FreeRTOS/Source/tasks.c **** 			for additional information. */
3057:Middlewares/Third_Party/FreeRTOS/Source/tasks.c **** 			_impure_ptr = &( pxCurrentTCB->xNewLib_reent );
3058:Middlewares/Third_Party/FreeRTOS/Source/tasks.c **** 		}
3059:Middlewares/Third_Party/FreeRTOS/Source/tasks.c **** 		#endif /* configUSE_NEWLIB_REENTRANT */
3060:Middlewares/Third_Party/FreeRTOS/Source/tasks.c **** 	}
3061:Middlewares/Third_Party/FreeRTOS/Source/tasks.c **** }
3062:Middlewares/Third_Party/FreeRTOS/Source/tasks.c **** /*-----------------------------------------------------------*/
3063:Middlewares/Third_Party/FreeRTOS/Source/tasks.c **** 
3064:Middlewares/Third_Party/FreeRTOS/Source/tasks.c **** void vTaskPlaceOnEventList( List_t * const pxEventList, const TickType_t xTicksToWait )
3065:Middlewares/Third_Party/FreeRTOS/Source/tasks.c **** {
3066:Middlewares/Third_Party/FreeRTOS/Source/tasks.c **** 	configASSERT( pxEventList );
3067:Middlewares/Third_Party/FreeRTOS/Source/tasks.c **** 
3068:Middlewares/Third_Party/FreeRTOS/Source/tasks.c **** 	/* THIS FUNCTION MUST BE CALLED WITH EITHER INTERRUPTS DISABLED OR THE
3069:Middlewares/Third_Party/FreeRTOS/Source/tasks.c **** 	SCHEDULER SUSPENDED AND THE QUEUE BEING ACCESSED LOCKED. */
3070:Middlewares/Third_Party/FreeRTOS/Source/tasks.c **** 
3071:Middlewares/Third_Party/FreeRTOS/Source/tasks.c **** 	/* Place the event list item of the TCB in the appropriate event list.
3072:Middlewares/Third_Party/FreeRTOS/Source/tasks.c **** 	This is placed in the list in priority order so the highest priority task
3073:Middlewares/Third_Party/FreeRTOS/Source/tasks.c **** 	is the first to be woken by the event.  The queue that contains the event
3074:Middlewares/Third_Party/FreeRTOS/Source/tasks.c **** 	list is locked, preventing simultaneous access from interrupts. */
3075:Middlewares/Third_Party/FreeRTOS/Source/tasks.c **** 	vListInsert( pxEventList, &( pxCurrentTCB->xEventListItem ) );
3076:Middlewares/Third_Party/FreeRTOS/Source/tasks.c **** 
3077:Middlewares/Third_Party/FreeRTOS/Source/tasks.c **** 	prvAddCurrentTaskToDelayedList( xTicksToWait, pdTRUE );
3078:Middlewares/Third_Party/FreeRTOS/Source/tasks.c **** }
3079:Middlewares/Third_Party/FreeRTOS/Source/tasks.c **** /*-----------------------------------------------------------*/
3080:Middlewares/Third_Party/FreeRTOS/Source/tasks.c **** 
3081:Middlewares/Third_Party/FreeRTOS/Source/tasks.c **** void vTaskPlaceOnUnorderedEventList( List_t * pxEventList, const TickType_t xItemValue, const TickT
3082:Middlewares/Third_Party/FreeRTOS/Source/tasks.c **** {
3083:Middlewares/Third_Party/FreeRTOS/Source/tasks.c **** 	configASSERT( pxEventList );
3084:Middlewares/Third_Party/FreeRTOS/Source/tasks.c **** 
3085:Middlewares/Third_Party/FreeRTOS/Source/tasks.c **** 	/* THIS FUNCTION MUST BE CALLED WITH THE SCHEDULER SUSPENDED.  It is used by
3086:Middlewares/Third_Party/FreeRTOS/Source/tasks.c **** 	the event groups implementation. */
3087:Middlewares/Third_Party/FreeRTOS/Source/tasks.c **** 	configASSERT( uxSchedulerSuspended != 0 );
3088:Middlewares/Third_Party/FreeRTOS/Source/tasks.c **** 
3089:Middlewares/Third_Party/FreeRTOS/Source/tasks.c **** 	/* Store the item value in the event list item.  It is safe to access the
3090:Middlewares/Third_Party/FreeRTOS/Source/tasks.c **** 	event list item here as interrupts won't access the event list item of a
3091:Middlewares/Third_Party/FreeRTOS/Source/tasks.c **** 	task that is not in the Blocked state. */
3092:Middlewares/Third_Party/FreeRTOS/Source/tasks.c **** 	listSET_LIST_ITEM_VALUE( &( pxCurrentTCB->xEventListItem ), xItemValue | taskEVENT_LIST_ITEM_VALUE
3093:Middlewares/Third_Party/FreeRTOS/Source/tasks.c **** 
3094:Middlewares/Third_Party/FreeRTOS/Source/tasks.c **** 	/* Place the event list item of the TCB at the end of the appropriate event
3095:Middlewares/Third_Party/FreeRTOS/Source/tasks.c **** 	list.  It is safe to access the event list here because it is part of an
3096:Middlewares/Third_Party/FreeRTOS/Source/tasks.c **** 	event group implementation - and interrupts don't access event groups
3097:Middlewares/Third_Party/FreeRTOS/Source/tasks.c **** 	directly (instead they access them indirectly by pending function calls to
ARM GAS  C:\Users\subdia\AppData\Local\Temp\ccqYdsij.s 			page 61


3098:Middlewares/Third_Party/FreeRTOS/Source/tasks.c **** 	the task level). */
3099:Middlewares/Third_Party/FreeRTOS/Source/tasks.c **** 	vListInsertEnd( pxEventList, &( pxCurrentTCB->xEventListItem ) );
3100:Middlewares/Third_Party/FreeRTOS/Source/tasks.c **** 
3101:Middlewares/Third_Party/FreeRTOS/Source/tasks.c **** 	prvAddCurrentTaskToDelayedList( xTicksToWait, pdTRUE );
3102:Middlewares/Third_Party/FreeRTOS/Source/tasks.c **** }
3103:Middlewares/Third_Party/FreeRTOS/Source/tasks.c **** /*-----------------------------------------------------------*/
3104:Middlewares/Third_Party/FreeRTOS/Source/tasks.c **** 
3105:Middlewares/Third_Party/FreeRTOS/Source/tasks.c **** #if( configUSE_TIMERS == 1 )
3106:Middlewares/Third_Party/FreeRTOS/Source/tasks.c **** 
3107:Middlewares/Third_Party/FreeRTOS/Source/tasks.c **** 	void vTaskPlaceOnEventListRestricted( List_t * const pxEventList, TickType_t xTicksToWait, const B
3108:Middlewares/Third_Party/FreeRTOS/Source/tasks.c **** 	{
3109:Middlewares/Third_Party/FreeRTOS/Source/tasks.c **** 		configASSERT( pxEventList );
3110:Middlewares/Third_Party/FreeRTOS/Source/tasks.c **** 
3111:Middlewares/Third_Party/FreeRTOS/Source/tasks.c **** 		/* This function should not be called by application code hence the
3112:Middlewares/Third_Party/FreeRTOS/Source/tasks.c **** 		'Restricted' in its name.  It is not part of the public API.  It is
3113:Middlewares/Third_Party/FreeRTOS/Source/tasks.c **** 		designed for use by kernel code, and has special calling requirements -
3114:Middlewares/Third_Party/FreeRTOS/Source/tasks.c **** 		it should be called with the scheduler suspended. */
3115:Middlewares/Third_Party/FreeRTOS/Source/tasks.c **** 
3116:Middlewares/Third_Party/FreeRTOS/Source/tasks.c **** 
3117:Middlewares/Third_Party/FreeRTOS/Source/tasks.c **** 		/* Place the event list item of the TCB in the appropriate event list.
3118:Middlewares/Third_Party/FreeRTOS/Source/tasks.c **** 		In this case it is assume that this is the only task that is going to
3119:Middlewares/Third_Party/FreeRTOS/Source/tasks.c **** 		be waiting on this event list, so the faster vListInsertEnd() function
3120:Middlewares/Third_Party/FreeRTOS/Source/tasks.c **** 		can be used in place of vListInsert. */
3121:Middlewares/Third_Party/FreeRTOS/Source/tasks.c **** 		vListInsertEnd( pxEventList, &( pxCurrentTCB->xEventListItem ) );
3122:Middlewares/Third_Party/FreeRTOS/Source/tasks.c **** 
3123:Middlewares/Third_Party/FreeRTOS/Source/tasks.c **** 		/* If the task should block indefinitely then set the block time to a
3124:Middlewares/Third_Party/FreeRTOS/Source/tasks.c **** 		value that will be recognised as an indefinite delay inside the
3125:Middlewares/Third_Party/FreeRTOS/Source/tasks.c **** 		prvAddCurrentTaskToDelayedList() function. */
3126:Middlewares/Third_Party/FreeRTOS/Source/tasks.c **** 		if( xWaitIndefinitely != pdFALSE )
3127:Middlewares/Third_Party/FreeRTOS/Source/tasks.c **** 		{
3128:Middlewares/Third_Party/FreeRTOS/Source/tasks.c **** 			xTicksToWait = portMAX_DELAY;
3129:Middlewares/Third_Party/FreeRTOS/Source/tasks.c **** 		}
3130:Middlewares/Third_Party/FreeRTOS/Source/tasks.c **** 
3131:Middlewares/Third_Party/FreeRTOS/Source/tasks.c **** 		traceTASK_DELAY_UNTIL( ( xTickCount + xTicksToWait ) );
3132:Middlewares/Third_Party/FreeRTOS/Source/tasks.c **** 		prvAddCurrentTaskToDelayedList( xTicksToWait, xWaitIndefinitely );
3133:Middlewares/Third_Party/FreeRTOS/Source/tasks.c **** 	}
3134:Middlewares/Third_Party/FreeRTOS/Source/tasks.c **** 
3135:Middlewares/Third_Party/FreeRTOS/Source/tasks.c **** #endif /* configUSE_TIMERS */
3136:Middlewares/Third_Party/FreeRTOS/Source/tasks.c **** /*-----------------------------------------------------------*/
3137:Middlewares/Third_Party/FreeRTOS/Source/tasks.c **** 
3138:Middlewares/Third_Party/FreeRTOS/Source/tasks.c **** BaseType_t xTaskRemoveFromEventList( const List_t * const pxEventList )
3139:Middlewares/Third_Party/FreeRTOS/Source/tasks.c **** {
3140:Middlewares/Third_Party/FreeRTOS/Source/tasks.c **** TCB_t *pxUnblockedTCB;
3141:Middlewares/Third_Party/FreeRTOS/Source/tasks.c **** BaseType_t xReturn;
3142:Middlewares/Third_Party/FreeRTOS/Source/tasks.c **** 
3143:Middlewares/Third_Party/FreeRTOS/Source/tasks.c **** 	/* THIS FUNCTION MUST BE CALLED FROM A CRITICAL SECTION.  It can also be
3144:Middlewares/Third_Party/FreeRTOS/Source/tasks.c **** 	called from a critical section within an ISR. */
3145:Middlewares/Third_Party/FreeRTOS/Source/tasks.c **** 
3146:Middlewares/Third_Party/FreeRTOS/Source/tasks.c **** 	/* The event list is sorted in priority order, so the first in the list can
3147:Middlewares/Third_Party/FreeRTOS/Source/tasks.c **** 	be removed as it is known to be the highest priority.  Remove the TCB from
3148:Middlewares/Third_Party/FreeRTOS/Source/tasks.c **** 	the delayed list, and add it to the ready list.
3149:Middlewares/Third_Party/FreeRTOS/Source/tasks.c **** 
3150:Middlewares/Third_Party/FreeRTOS/Source/tasks.c **** 	If an event is for a queue that is locked then this function will never
3151:Middlewares/Third_Party/FreeRTOS/Source/tasks.c **** 	get called - the lock count on the queue will get modified instead.  This
3152:Middlewares/Third_Party/FreeRTOS/Source/tasks.c **** 	means exclusive access to the event list is guaranteed here.
3153:Middlewares/Third_Party/FreeRTOS/Source/tasks.c **** 
3154:Middlewares/Third_Party/FreeRTOS/Source/tasks.c **** 	This function assumes that a check has already been made to ensure that
ARM GAS  C:\Users\subdia\AppData\Local\Temp\ccqYdsij.s 			page 62


3155:Middlewares/Third_Party/FreeRTOS/Source/tasks.c **** 	pxEventList is not empty. */
3156:Middlewares/Third_Party/FreeRTOS/Source/tasks.c **** 	pxUnblockedTCB = listGET_OWNER_OF_HEAD_ENTRY( pxEventList ); /*lint !e9079 void * is used as this 
3157:Middlewares/Third_Party/FreeRTOS/Source/tasks.c **** 	configASSERT( pxUnblockedTCB );
3158:Middlewares/Third_Party/FreeRTOS/Source/tasks.c **** 	( void ) uxListRemove( &( pxUnblockedTCB->xEventListItem ) );
3159:Middlewares/Third_Party/FreeRTOS/Source/tasks.c **** 
3160:Middlewares/Third_Party/FreeRTOS/Source/tasks.c **** 	if( uxSchedulerSuspended == ( UBaseType_t ) pdFALSE )
3161:Middlewares/Third_Party/FreeRTOS/Source/tasks.c **** 	{
3162:Middlewares/Third_Party/FreeRTOS/Source/tasks.c **** 		( void ) uxListRemove( &( pxUnblockedTCB->xStateListItem ) );
3163:Middlewares/Third_Party/FreeRTOS/Source/tasks.c **** 		prvAddTaskToReadyList( pxUnblockedTCB );
3164:Middlewares/Third_Party/FreeRTOS/Source/tasks.c **** 
3165:Middlewares/Third_Party/FreeRTOS/Source/tasks.c **** 		#if( configUSE_TICKLESS_IDLE != 0 )
3166:Middlewares/Third_Party/FreeRTOS/Source/tasks.c **** 		{
3167:Middlewares/Third_Party/FreeRTOS/Source/tasks.c **** 			/* If a task is blocked on a kernel object then xNextTaskUnblockTime
3168:Middlewares/Third_Party/FreeRTOS/Source/tasks.c **** 			might be set to the blocked task's time out time.  If the task is
3169:Middlewares/Third_Party/FreeRTOS/Source/tasks.c **** 			unblocked for a reason other than a timeout xNextTaskUnblockTime is
3170:Middlewares/Third_Party/FreeRTOS/Source/tasks.c **** 			normally left unchanged, because it is automatically reset to a new
3171:Middlewares/Third_Party/FreeRTOS/Source/tasks.c **** 			value when the tick count equals xNextTaskUnblockTime.  However if
3172:Middlewares/Third_Party/FreeRTOS/Source/tasks.c **** 			tickless idling is used it might be more important to enter sleep mode
3173:Middlewares/Third_Party/FreeRTOS/Source/tasks.c **** 			at the earliest possible time - so reset xNextTaskUnblockTime here to
3174:Middlewares/Third_Party/FreeRTOS/Source/tasks.c **** 			ensure it is updated at the earliest possible time. */
3175:Middlewares/Third_Party/FreeRTOS/Source/tasks.c **** 			prvResetNextTaskUnblockTime();
3176:Middlewares/Third_Party/FreeRTOS/Source/tasks.c **** 		}
3177:Middlewares/Third_Party/FreeRTOS/Source/tasks.c **** 		#endif
3178:Middlewares/Third_Party/FreeRTOS/Source/tasks.c **** 	}
3179:Middlewares/Third_Party/FreeRTOS/Source/tasks.c **** 	else
3180:Middlewares/Third_Party/FreeRTOS/Source/tasks.c **** 	{
3181:Middlewares/Third_Party/FreeRTOS/Source/tasks.c **** 		/* The delayed and ready lists cannot be accessed, so hold this task
3182:Middlewares/Third_Party/FreeRTOS/Source/tasks.c **** 		pending until the scheduler is resumed. */
3183:Middlewares/Third_Party/FreeRTOS/Source/tasks.c **** 		vListInsertEnd( &( xPendingReadyList ), &( pxUnblockedTCB->xEventListItem ) );
3184:Middlewares/Third_Party/FreeRTOS/Source/tasks.c **** 	}
3185:Middlewares/Third_Party/FreeRTOS/Source/tasks.c **** 
3186:Middlewares/Third_Party/FreeRTOS/Source/tasks.c **** 	if( pxUnblockedTCB->uxPriority > pxCurrentTCB->uxPriority )
3187:Middlewares/Third_Party/FreeRTOS/Source/tasks.c **** 	{
3188:Middlewares/Third_Party/FreeRTOS/Source/tasks.c **** 		/* Return true if the task removed from the event list has a higher
3189:Middlewares/Third_Party/FreeRTOS/Source/tasks.c **** 		priority than the calling task.  This allows the calling task to know if
3190:Middlewares/Third_Party/FreeRTOS/Source/tasks.c **** 		it should force a context switch now. */
3191:Middlewares/Third_Party/FreeRTOS/Source/tasks.c **** 		xReturn = pdTRUE;
3192:Middlewares/Third_Party/FreeRTOS/Source/tasks.c **** 
3193:Middlewares/Third_Party/FreeRTOS/Source/tasks.c **** 		/* Mark that a yield is pending in case the user is not using the
3194:Middlewares/Third_Party/FreeRTOS/Source/tasks.c **** 		"xHigherPriorityTaskWoken" parameter to an ISR safe FreeRTOS function. */
3195:Middlewares/Third_Party/FreeRTOS/Source/tasks.c **** 		xYieldPending = pdTRUE;
3196:Middlewares/Third_Party/FreeRTOS/Source/tasks.c **** 	}
3197:Middlewares/Third_Party/FreeRTOS/Source/tasks.c **** 	else
3198:Middlewares/Third_Party/FreeRTOS/Source/tasks.c **** 	{
3199:Middlewares/Third_Party/FreeRTOS/Source/tasks.c **** 		xReturn = pdFALSE;
3200:Middlewares/Third_Party/FreeRTOS/Source/tasks.c **** 	}
3201:Middlewares/Third_Party/FreeRTOS/Source/tasks.c **** 
3202:Middlewares/Third_Party/FreeRTOS/Source/tasks.c **** 	return xReturn;
3203:Middlewares/Third_Party/FreeRTOS/Source/tasks.c **** }
3204:Middlewares/Third_Party/FreeRTOS/Source/tasks.c **** /*-----------------------------------------------------------*/
3205:Middlewares/Third_Party/FreeRTOS/Source/tasks.c **** 
3206:Middlewares/Third_Party/FreeRTOS/Source/tasks.c **** void vTaskRemoveFromUnorderedEventList( ListItem_t * pxEventListItem, const TickType_t xItemValue )
3207:Middlewares/Third_Party/FreeRTOS/Source/tasks.c **** {
3208:Middlewares/Third_Party/FreeRTOS/Source/tasks.c **** TCB_t *pxUnblockedTCB;
3209:Middlewares/Third_Party/FreeRTOS/Source/tasks.c **** 
3210:Middlewares/Third_Party/FreeRTOS/Source/tasks.c **** 	/* THIS FUNCTION MUST BE CALLED WITH THE SCHEDULER SUSPENDED.  It is used by
3211:Middlewares/Third_Party/FreeRTOS/Source/tasks.c **** 	the event flags implementation. */
ARM GAS  C:\Users\subdia\AppData\Local\Temp\ccqYdsij.s 			page 63


3212:Middlewares/Third_Party/FreeRTOS/Source/tasks.c **** 	configASSERT( uxSchedulerSuspended != pdFALSE );
3213:Middlewares/Third_Party/FreeRTOS/Source/tasks.c **** 
3214:Middlewares/Third_Party/FreeRTOS/Source/tasks.c **** 	/* Store the new item value in the event list. */
3215:Middlewares/Third_Party/FreeRTOS/Source/tasks.c **** 	listSET_LIST_ITEM_VALUE( pxEventListItem, xItemValue | taskEVENT_LIST_ITEM_VALUE_IN_USE );
3216:Middlewares/Third_Party/FreeRTOS/Source/tasks.c **** 
3217:Middlewares/Third_Party/FreeRTOS/Source/tasks.c **** 	/* Remove the event list form the event flag.  Interrupts do not access
3218:Middlewares/Third_Party/FreeRTOS/Source/tasks.c **** 	event flags. */
3219:Middlewares/Third_Party/FreeRTOS/Source/tasks.c **** 	pxUnblockedTCB = listGET_LIST_ITEM_OWNER( pxEventListItem ); /*lint !e9079 void * is used as this 
3220:Middlewares/Third_Party/FreeRTOS/Source/tasks.c **** 	configASSERT( pxUnblockedTCB );
3221:Middlewares/Third_Party/FreeRTOS/Source/tasks.c **** 	( void ) uxListRemove( pxEventListItem );
3222:Middlewares/Third_Party/FreeRTOS/Source/tasks.c **** 
3223:Middlewares/Third_Party/FreeRTOS/Source/tasks.c **** 	#if( configUSE_TICKLESS_IDLE != 0 )
3224:Middlewares/Third_Party/FreeRTOS/Source/tasks.c **** 	{
3225:Middlewares/Third_Party/FreeRTOS/Source/tasks.c **** 		/* If a task is blocked on a kernel object then xNextTaskUnblockTime
3226:Middlewares/Third_Party/FreeRTOS/Source/tasks.c **** 		might be set to the blocked task's time out time.  If the task is
3227:Middlewares/Third_Party/FreeRTOS/Source/tasks.c **** 		unblocked for a reason other than a timeout xNextTaskUnblockTime is
3228:Middlewares/Third_Party/FreeRTOS/Source/tasks.c **** 		normally left unchanged, because it is automatically reset to a new
3229:Middlewares/Third_Party/FreeRTOS/Source/tasks.c **** 		value when the tick count equals xNextTaskUnblockTime.  However if
3230:Middlewares/Third_Party/FreeRTOS/Source/tasks.c **** 		tickless idling is used it might be more important to enter sleep mode
3231:Middlewares/Third_Party/FreeRTOS/Source/tasks.c **** 		at the earliest possible time - so reset xNextTaskUnblockTime here to
3232:Middlewares/Third_Party/FreeRTOS/Source/tasks.c **** 		ensure it is updated at the earliest possible time. */
3233:Middlewares/Third_Party/FreeRTOS/Source/tasks.c **** 		prvResetNextTaskUnblockTime();
3234:Middlewares/Third_Party/FreeRTOS/Source/tasks.c **** 	}
3235:Middlewares/Third_Party/FreeRTOS/Source/tasks.c **** 	#endif
3236:Middlewares/Third_Party/FreeRTOS/Source/tasks.c **** 
3237:Middlewares/Third_Party/FreeRTOS/Source/tasks.c **** 	/* Remove the task from the delayed list and add it to the ready list.  The
3238:Middlewares/Third_Party/FreeRTOS/Source/tasks.c **** 	scheduler is suspended so interrupts will not be accessing the ready
3239:Middlewares/Third_Party/FreeRTOS/Source/tasks.c **** 	lists. */
3240:Middlewares/Third_Party/FreeRTOS/Source/tasks.c **** 	( void ) uxListRemove( &( pxUnblockedTCB->xStateListItem ) );
3241:Middlewares/Third_Party/FreeRTOS/Source/tasks.c **** 	prvAddTaskToReadyList( pxUnblockedTCB );
3242:Middlewares/Third_Party/FreeRTOS/Source/tasks.c **** 
3243:Middlewares/Third_Party/FreeRTOS/Source/tasks.c **** 	if( pxUnblockedTCB->uxPriority > pxCurrentTCB->uxPriority )
3244:Middlewares/Third_Party/FreeRTOS/Source/tasks.c **** 	{
3245:Middlewares/Third_Party/FreeRTOS/Source/tasks.c **** 		/* The unblocked task has a priority above that of the calling task, so
3246:Middlewares/Third_Party/FreeRTOS/Source/tasks.c **** 		a context switch is required.  This function is called with the
3247:Middlewares/Third_Party/FreeRTOS/Source/tasks.c **** 		scheduler suspended so xYieldPending is set so the context switch
3248:Middlewares/Third_Party/FreeRTOS/Source/tasks.c **** 		occurs immediately that the scheduler is resumed (unsuspended). */
3249:Middlewares/Third_Party/FreeRTOS/Source/tasks.c **** 		xYieldPending = pdTRUE;
3250:Middlewares/Third_Party/FreeRTOS/Source/tasks.c **** 	}
3251:Middlewares/Third_Party/FreeRTOS/Source/tasks.c **** }
3252:Middlewares/Third_Party/FreeRTOS/Source/tasks.c **** /*-----------------------------------------------------------*/
3253:Middlewares/Third_Party/FreeRTOS/Source/tasks.c **** 
3254:Middlewares/Third_Party/FreeRTOS/Source/tasks.c **** void vTaskSetTimeOutState( TimeOut_t * const pxTimeOut )
3255:Middlewares/Third_Party/FreeRTOS/Source/tasks.c **** {
3256:Middlewares/Third_Party/FreeRTOS/Source/tasks.c **** 	configASSERT( pxTimeOut );
3257:Middlewares/Third_Party/FreeRTOS/Source/tasks.c **** 	taskENTER_CRITICAL();
3258:Middlewares/Third_Party/FreeRTOS/Source/tasks.c **** 	{
3259:Middlewares/Third_Party/FreeRTOS/Source/tasks.c **** 		pxTimeOut->xOverflowCount = xNumOfOverflows;
3260:Middlewares/Third_Party/FreeRTOS/Source/tasks.c **** 		pxTimeOut->xTimeOnEntering = xTickCount;
3261:Middlewares/Third_Party/FreeRTOS/Source/tasks.c **** 	}
3262:Middlewares/Third_Party/FreeRTOS/Source/tasks.c **** 	taskEXIT_CRITICAL();
3263:Middlewares/Third_Party/FreeRTOS/Source/tasks.c **** }
3264:Middlewares/Third_Party/FreeRTOS/Source/tasks.c **** /*-----------------------------------------------------------*/
3265:Middlewares/Third_Party/FreeRTOS/Source/tasks.c **** 
3266:Middlewares/Third_Party/FreeRTOS/Source/tasks.c **** void vTaskInternalSetTimeOutState( TimeOut_t * const pxTimeOut )
3267:Middlewares/Third_Party/FreeRTOS/Source/tasks.c **** {
3268:Middlewares/Third_Party/FreeRTOS/Source/tasks.c **** 	/* For internal use only as it does not use a critical section. */
ARM GAS  C:\Users\subdia\AppData\Local\Temp\ccqYdsij.s 			page 64


3269:Middlewares/Third_Party/FreeRTOS/Source/tasks.c **** 	pxTimeOut->xOverflowCount = xNumOfOverflows;
3270:Middlewares/Third_Party/FreeRTOS/Source/tasks.c **** 	pxTimeOut->xTimeOnEntering = xTickCount;
3271:Middlewares/Third_Party/FreeRTOS/Source/tasks.c **** }
3272:Middlewares/Third_Party/FreeRTOS/Source/tasks.c **** /*-----------------------------------------------------------*/
3273:Middlewares/Third_Party/FreeRTOS/Source/tasks.c **** 
3274:Middlewares/Third_Party/FreeRTOS/Source/tasks.c **** BaseType_t xTaskCheckForTimeOut( TimeOut_t * const pxTimeOut, TickType_t * const pxTicksToWait )
3275:Middlewares/Third_Party/FreeRTOS/Source/tasks.c **** {
3276:Middlewares/Third_Party/FreeRTOS/Source/tasks.c **** BaseType_t xReturn;
3277:Middlewares/Third_Party/FreeRTOS/Source/tasks.c **** 
3278:Middlewares/Third_Party/FreeRTOS/Source/tasks.c **** 	configASSERT( pxTimeOut );
3279:Middlewares/Third_Party/FreeRTOS/Source/tasks.c **** 	configASSERT( pxTicksToWait );
3280:Middlewares/Third_Party/FreeRTOS/Source/tasks.c **** 
3281:Middlewares/Third_Party/FreeRTOS/Source/tasks.c **** 	taskENTER_CRITICAL();
3282:Middlewares/Third_Party/FreeRTOS/Source/tasks.c **** 	{
3283:Middlewares/Third_Party/FreeRTOS/Source/tasks.c **** 		/* Minor optimisation.  The tick count cannot change in this block. */
3284:Middlewares/Third_Party/FreeRTOS/Source/tasks.c **** 		const TickType_t xConstTickCount = xTickCount;
3285:Middlewares/Third_Party/FreeRTOS/Source/tasks.c **** 		const TickType_t xElapsedTime = xConstTickCount - pxTimeOut->xTimeOnEntering;
3286:Middlewares/Third_Party/FreeRTOS/Source/tasks.c **** 
3287:Middlewares/Third_Party/FreeRTOS/Source/tasks.c **** 		#if( INCLUDE_xTaskAbortDelay == 1 )
3288:Middlewares/Third_Party/FreeRTOS/Source/tasks.c **** 			if( pxCurrentTCB->ucDelayAborted != ( uint8_t ) pdFALSE )
3289:Middlewares/Third_Party/FreeRTOS/Source/tasks.c **** 			{
3290:Middlewares/Third_Party/FreeRTOS/Source/tasks.c **** 				/* The delay was aborted, which is not the same as a time out,
3291:Middlewares/Third_Party/FreeRTOS/Source/tasks.c **** 				but has the same result. */
3292:Middlewares/Third_Party/FreeRTOS/Source/tasks.c **** 				pxCurrentTCB->ucDelayAborted = pdFALSE;
3293:Middlewares/Third_Party/FreeRTOS/Source/tasks.c **** 				xReturn = pdTRUE;
3294:Middlewares/Third_Party/FreeRTOS/Source/tasks.c **** 			}
3295:Middlewares/Third_Party/FreeRTOS/Source/tasks.c **** 			else
3296:Middlewares/Third_Party/FreeRTOS/Source/tasks.c **** 		#endif
3297:Middlewares/Third_Party/FreeRTOS/Source/tasks.c **** 
3298:Middlewares/Third_Party/FreeRTOS/Source/tasks.c **** 		#if ( INCLUDE_vTaskSuspend == 1 )
3299:Middlewares/Third_Party/FreeRTOS/Source/tasks.c **** 			if( *pxTicksToWait == portMAX_DELAY )
3300:Middlewares/Third_Party/FreeRTOS/Source/tasks.c **** 			{
3301:Middlewares/Third_Party/FreeRTOS/Source/tasks.c **** 				/* If INCLUDE_vTaskSuspend is set to 1 and the block time
3302:Middlewares/Third_Party/FreeRTOS/Source/tasks.c **** 				specified is the maximum block time then the task should block
3303:Middlewares/Third_Party/FreeRTOS/Source/tasks.c **** 				indefinitely, and therefore never time out. */
3304:Middlewares/Third_Party/FreeRTOS/Source/tasks.c **** 				xReturn = pdFALSE;
3305:Middlewares/Third_Party/FreeRTOS/Source/tasks.c **** 			}
3306:Middlewares/Third_Party/FreeRTOS/Source/tasks.c **** 			else
3307:Middlewares/Third_Party/FreeRTOS/Source/tasks.c **** 		#endif
3308:Middlewares/Third_Party/FreeRTOS/Source/tasks.c **** 
3309:Middlewares/Third_Party/FreeRTOS/Source/tasks.c **** 		if( ( xNumOfOverflows != pxTimeOut->xOverflowCount ) && ( xConstTickCount >= pxTimeOut->xTimeOnEn
3310:Middlewares/Third_Party/FreeRTOS/Source/tasks.c **** 		{
3311:Middlewares/Third_Party/FreeRTOS/Source/tasks.c **** 			/* The tick count is greater than the time at which
3312:Middlewares/Third_Party/FreeRTOS/Source/tasks.c **** 			vTaskSetTimeout() was called, but has also overflowed since
3313:Middlewares/Third_Party/FreeRTOS/Source/tasks.c **** 			vTaskSetTimeOut() was called.  It must have wrapped all the way
3314:Middlewares/Third_Party/FreeRTOS/Source/tasks.c **** 			around and gone past again. This passed since vTaskSetTimeout()
3315:Middlewares/Third_Party/FreeRTOS/Source/tasks.c **** 			was called. */
3316:Middlewares/Third_Party/FreeRTOS/Source/tasks.c **** 			xReturn = pdTRUE;
3317:Middlewares/Third_Party/FreeRTOS/Source/tasks.c **** 		}
3318:Middlewares/Third_Party/FreeRTOS/Source/tasks.c **** 		else if( xElapsedTime < *pxTicksToWait ) /*lint !e961 Explicit casting is only redundant with som
3319:Middlewares/Third_Party/FreeRTOS/Source/tasks.c **** 		{
3320:Middlewares/Third_Party/FreeRTOS/Source/tasks.c **** 			/* Not a genuine timeout. Adjust parameters for time remaining. */
3321:Middlewares/Third_Party/FreeRTOS/Source/tasks.c **** 			*pxTicksToWait -= xElapsedTime;
3322:Middlewares/Third_Party/FreeRTOS/Source/tasks.c **** 			vTaskInternalSetTimeOutState( pxTimeOut );
3323:Middlewares/Third_Party/FreeRTOS/Source/tasks.c **** 			xReturn = pdFALSE;
3324:Middlewares/Third_Party/FreeRTOS/Source/tasks.c **** 		}
3325:Middlewares/Third_Party/FreeRTOS/Source/tasks.c **** 		else
ARM GAS  C:\Users\subdia\AppData\Local\Temp\ccqYdsij.s 			page 65


3326:Middlewares/Third_Party/FreeRTOS/Source/tasks.c **** 		{
3327:Middlewares/Third_Party/FreeRTOS/Source/tasks.c **** 			*pxTicksToWait = 0;
3328:Middlewares/Third_Party/FreeRTOS/Source/tasks.c **** 			xReturn = pdTRUE;
3329:Middlewares/Third_Party/FreeRTOS/Source/tasks.c **** 		}
3330:Middlewares/Third_Party/FreeRTOS/Source/tasks.c **** 	}
3331:Middlewares/Third_Party/FreeRTOS/Source/tasks.c **** 	taskEXIT_CRITICAL();
3332:Middlewares/Third_Party/FreeRTOS/Source/tasks.c **** 
3333:Middlewares/Third_Party/FreeRTOS/Source/tasks.c **** 	return xReturn;
3334:Middlewares/Third_Party/FreeRTOS/Source/tasks.c **** }
3335:Middlewares/Third_Party/FreeRTOS/Source/tasks.c **** /*-----------------------------------------------------------*/
3336:Middlewares/Third_Party/FreeRTOS/Source/tasks.c **** 
3337:Middlewares/Third_Party/FreeRTOS/Source/tasks.c **** void vTaskMissedYield( void )
3338:Middlewares/Third_Party/FreeRTOS/Source/tasks.c **** {
3339:Middlewares/Third_Party/FreeRTOS/Source/tasks.c **** 	xYieldPending = pdTRUE;
3340:Middlewares/Third_Party/FreeRTOS/Source/tasks.c **** }
3341:Middlewares/Third_Party/FreeRTOS/Source/tasks.c **** /*-----------------------------------------------------------*/
3342:Middlewares/Third_Party/FreeRTOS/Source/tasks.c **** 
3343:Middlewares/Third_Party/FreeRTOS/Source/tasks.c **** #if ( configUSE_TRACE_FACILITY == 1 )
3344:Middlewares/Third_Party/FreeRTOS/Source/tasks.c **** 
3345:Middlewares/Third_Party/FreeRTOS/Source/tasks.c **** 	UBaseType_t uxTaskGetTaskNumber( TaskHandle_t xTask )
3346:Middlewares/Third_Party/FreeRTOS/Source/tasks.c **** 	{
3347:Middlewares/Third_Party/FreeRTOS/Source/tasks.c **** 	UBaseType_t uxReturn;
3348:Middlewares/Third_Party/FreeRTOS/Source/tasks.c **** 	TCB_t const *pxTCB;
3349:Middlewares/Third_Party/FreeRTOS/Source/tasks.c **** 
3350:Middlewares/Third_Party/FreeRTOS/Source/tasks.c **** 		if( xTask != NULL )
3351:Middlewares/Third_Party/FreeRTOS/Source/tasks.c **** 		{
3352:Middlewares/Third_Party/FreeRTOS/Source/tasks.c **** 			pxTCB = xTask;
3353:Middlewares/Third_Party/FreeRTOS/Source/tasks.c **** 			uxReturn = pxTCB->uxTaskNumber;
3354:Middlewares/Third_Party/FreeRTOS/Source/tasks.c **** 		}
3355:Middlewares/Third_Party/FreeRTOS/Source/tasks.c **** 		else
3356:Middlewares/Third_Party/FreeRTOS/Source/tasks.c **** 		{
3357:Middlewares/Third_Party/FreeRTOS/Source/tasks.c **** 			uxReturn = 0U;
3358:Middlewares/Third_Party/FreeRTOS/Source/tasks.c **** 		}
3359:Middlewares/Third_Party/FreeRTOS/Source/tasks.c **** 
3360:Middlewares/Third_Party/FreeRTOS/Source/tasks.c **** 		return uxReturn;
3361:Middlewares/Third_Party/FreeRTOS/Source/tasks.c **** 	}
3362:Middlewares/Third_Party/FreeRTOS/Source/tasks.c **** 
3363:Middlewares/Third_Party/FreeRTOS/Source/tasks.c **** #endif /* configUSE_TRACE_FACILITY */
3364:Middlewares/Third_Party/FreeRTOS/Source/tasks.c **** /*-----------------------------------------------------------*/
3365:Middlewares/Third_Party/FreeRTOS/Source/tasks.c **** 
3366:Middlewares/Third_Party/FreeRTOS/Source/tasks.c **** #if ( configUSE_TRACE_FACILITY == 1 )
3367:Middlewares/Third_Party/FreeRTOS/Source/tasks.c **** 
3368:Middlewares/Third_Party/FreeRTOS/Source/tasks.c **** 	void vTaskSetTaskNumber( TaskHandle_t xTask, const UBaseType_t uxHandle )
3369:Middlewares/Third_Party/FreeRTOS/Source/tasks.c **** 	{
3370:Middlewares/Third_Party/FreeRTOS/Source/tasks.c **** 	TCB_t * pxTCB;
3371:Middlewares/Third_Party/FreeRTOS/Source/tasks.c **** 
3372:Middlewares/Third_Party/FreeRTOS/Source/tasks.c **** 		if( xTask != NULL )
3373:Middlewares/Third_Party/FreeRTOS/Source/tasks.c **** 		{
3374:Middlewares/Third_Party/FreeRTOS/Source/tasks.c **** 			pxTCB = xTask;
3375:Middlewares/Third_Party/FreeRTOS/Source/tasks.c **** 			pxTCB->uxTaskNumber = uxHandle;
3376:Middlewares/Third_Party/FreeRTOS/Source/tasks.c **** 		}
3377:Middlewares/Third_Party/FreeRTOS/Source/tasks.c **** 	}
3378:Middlewares/Third_Party/FreeRTOS/Source/tasks.c **** 
3379:Middlewares/Third_Party/FreeRTOS/Source/tasks.c **** #endif /* configUSE_TRACE_FACILITY */
3380:Middlewares/Third_Party/FreeRTOS/Source/tasks.c **** 
3381:Middlewares/Third_Party/FreeRTOS/Source/tasks.c **** /*
3382:Middlewares/Third_Party/FreeRTOS/Source/tasks.c ****  * -----------------------------------------------------------
ARM GAS  C:\Users\subdia\AppData\Local\Temp\ccqYdsij.s 			page 66


3383:Middlewares/Third_Party/FreeRTOS/Source/tasks.c ****  * The Idle task.
3384:Middlewares/Third_Party/FreeRTOS/Source/tasks.c ****  * ----------------------------------------------------------
3385:Middlewares/Third_Party/FreeRTOS/Source/tasks.c ****  *
3386:Middlewares/Third_Party/FreeRTOS/Source/tasks.c ****  * The portTASK_FUNCTION() macro is used to allow port/compiler specific
3387:Middlewares/Third_Party/FreeRTOS/Source/tasks.c ****  * language extensions.  The equivalent prototype for this function is:
3388:Middlewares/Third_Party/FreeRTOS/Source/tasks.c ****  *
3389:Middlewares/Third_Party/FreeRTOS/Source/tasks.c ****  * void prvIdleTask( void *pvParameters );
3390:Middlewares/Third_Party/FreeRTOS/Source/tasks.c ****  *
3391:Middlewares/Third_Party/FreeRTOS/Source/tasks.c ****  */
3392:Middlewares/Third_Party/FreeRTOS/Source/tasks.c **** static portTASK_FUNCTION( prvIdleTask, pvParameters )
3393:Middlewares/Third_Party/FreeRTOS/Source/tasks.c **** {
3394:Middlewares/Third_Party/FreeRTOS/Source/tasks.c **** 	/* Stop warnings. */
3395:Middlewares/Third_Party/FreeRTOS/Source/tasks.c **** 	( void ) pvParameters;
3396:Middlewares/Third_Party/FreeRTOS/Source/tasks.c **** 
3397:Middlewares/Third_Party/FreeRTOS/Source/tasks.c **** 	/** THIS IS THE RTOS IDLE TASK - WHICH IS CREATED AUTOMATICALLY WHEN THE
3398:Middlewares/Third_Party/FreeRTOS/Source/tasks.c **** 	SCHEDULER IS STARTED. **/
3399:Middlewares/Third_Party/FreeRTOS/Source/tasks.c **** 
3400:Middlewares/Third_Party/FreeRTOS/Source/tasks.c **** 	/* In case a task that has a secure context deletes itself, in which case
3401:Middlewares/Third_Party/FreeRTOS/Source/tasks.c **** 	the idle task is responsible for deleting the task's secure context, if
3402:Middlewares/Third_Party/FreeRTOS/Source/tasks.c **** 	any. */
3403:Middlewares/Third_Party/FreeRTOS/Source/tasks.c **** 	portALLOCATE_SECURE_CONTEXT( configMINIMAL_SECURE_STACK_SIZE );
3404:Middlewares/Third_Party/FreeRTOS/Source/tasks.c **** 
3405:Middlewares/Third_Party/FreeRTOS/Source/tasks.c **** 	for( ;; )
3406:Middlewares/Third_Party/FreeRTOS/Source/tasks.c **** 	{
3407:Middlewares/Third_Party/FreeRTOS/Source/tasks.c **** 		/* See if any tasks have deleted themselves - if so then the idle task
3408:Middlewares/Third_Party/FreeRTOS/Source/tasks.c **** 		is responsible for freeing the deleted task's TCB and stack. */
3409:Middlewares/Third_Party/FreeRTOS/Source/tasks.c **** 		prvCheckTasksWaitingTermination();
3410:Middlewares/Third_Party/FreeRTOS/Source/tasks.c **** 
3411:Middlewares/Third_Party/FreeRTOS/Source/tasks.c **** 		#if ( configUSE_PREEMPTION == 0 )
3412:Middlewares/Third_Party/FreeRTOS/Source/tasks.c **** 		{
3413:Middlewares/Third_Party/FreeRTOS/Source/tasks.c **** 			/* If we are not using preemption we keep forcing a task switch to
3414:Middlewares/Third_Party/FreeRTOS/Source/tasks.c **** 			see if any other task has become available.  If we are using
3415:Middlewares/Third_Party/FreeRTOS/Source/tasks.c **** 			preemption we don't need to do this as any task becoming available
3416:Middlewares/Third_Party/FreeRTOS/Source/tasks.c **** 			will automatically get the processor anyway. */
3417:Middlewares/Third_Party/FreeRTOS/Source/tasks.c **** 			taskYIELD();
3418:Middlewares/Third_Party/FreeRTOS/Source/tasks.c **** 		}
3419:Middlewares/Third_Party/FreeRTOS/Source/tasks.c **** 		#endif /* configUSE_PREEMPTION */
3420:Middlewares/Third_Party/FreeRTOS/Source/tasks.c **** 
3421:Middlewares/Third_Party/FreeRTOS/Source/tasks.c **** 		#if ( ( configUSE_PREEMPTION == 1 ) && ( configIDLE_SHOULD_YIELD == 1 ) )
3422:Middlewares/Third_Party/FreeRTOS/Source/tasks.c **** 		{
3423:Middlewares/Third_Party/FreeRTOS/Source/tasks.c **** 			/* When using preemption tasks of equal priority will be
3424:Middlewares/Third_Party/FreeRTOS/Source/tasks.c **** 			timesliced.  If a task that is sharing the idle priority is ready
3425:Middlewares/Third_Party/FreeRTOS/Source/tasks.c **** 			to run then the idle task should yield before the end of the
3426:Middlewares/Third_Party/FreeRTOS/Source/tasks.c **** 			timeslice.
3427:Middlewares/Third_Party/FreeRTOS/Source/tasks.c **** 
3428:Middlewares/Third_Party/FreeRTOS/Source/tasks.c **** 			A critical region is not required here as we are just reading from
3429:Middlewares/Third_Party/FreeRTOS/Source/tasks.c **** 			the list, and an occasional incorrect value will not matter.  If
3430:Middlewares/Third_Party/FreeRTOS/Source/tasks.c **** 			the ready list at the idle priority contains more than one task
3431:Middlewares/Third_Party/FreeRTOS/Source/tasks.c **** 			then a task other than the idle task is ready to execute. */
3432:Middlewares/Third_Party/FreeRTOS/Source/tasks.c **** 			if( listCURRENT_LIST_LENGTH( &( pxReadyTasksLists[ tskIDLE_PRIORITY ] ) ) > ( UBaseType_t ) 1 )
3433:Middlewares/Third_Party/FreeRTOS/Source/tasks.c **** 			{
3434:Middlewares/Third_Party/FreeRTOS/Source/tasks.c **** 				taskYIELD();
3435:Middlewares/Third_Party/FreeRTOS/Source/tasks.c **** 			}
3436:Middlewares/Third_Party/FreeRTOS/Source/tasks.c **** 			else
3437:Middlewares/Third_Party/FreeRTOS/Source/tasks.c **** 			{
3438:Middlewares/Third_Party/FreeRTOS/Source/tasks.c **** 				mtCOVERAGE_TEST_MARKER();
3439:Middlewares/Third_Party/FreeRTOS/Source/tasks.c **** 			}
ARM GAS  C:\Users\subdia\AppData\Local\Temp\ccqYdsij.s 			page 67


3440:Middlewares/Third_Party/FreeRTOS/Source/tasks.c **** 		}
3441:Middlewares/Third_Party/FreeRTOS/Source/tasks.c **** 		#endif /* ( ( configUSE_PREEMPTION == 1 ) && ( configIDLE_SHOULD_YIELD == 1 ) ) */
3442:Middlewares/Third_Party/FreeRTOS/Source/tasks.c **** 
3443:Middlewares/Third_Party/FreeRTOS/Source/tasks.c **** 		#if ( configUSE_IDLE_HOOK == 1 )
3444:Middlewares/Third_Party/FreeRTOS/Source/tasks.c **** 		{
3445:Middlewares/Third_Party/FreeRTOS/Source/tasks.c **** 			extern void vApplicationIdleHook( void );
3446:Middlewares/Third_Party/FreeRTOS/Source/tasks.c **** 
3447:Middlewares/Third_Party/FreeRTOS/Source/tasks.c **** 			/* Call the user defined function from within the idle task.  This
3448:Middlewares/Third_Party/FreeRTOS/Source/tasks.c **** 			allows the application designer to add background functionality
3449:Middlewares/Third_Party/FreeRTOS/Source/tasks.c **** 			without the overhead of a separate task.
3450:Middlewares/Third_Party/FreeRTOS/Source/tasks.c **** 			NOTE: vApplicationIdleHook() MUST NOT, UNDER ANY CIRCUMSTANCES,
3451:Middlewares/Third_Party/FreeRTOS/Source/tasks.c **** 			CALL A FUNCTION THAT MIGHT BLOCK. */
3452:Middlewares/Third_Party/FreeRTOS/Source/tasks.c **** 			vApplicationIdleHook();
3453:Middlewares/Third_Party/FreeRTOS/Source/tasks.c **** 		}
3454:Middlewares/Third_Party/FreeRTOS/Source/tasks.c **** 		#endif /* configUSE_IDLE_HOOK */
3455:Middlewares/Third_Party/FreeRTOS/Source/tasks.c **** 
3456:Middlewares/Third_Party/FreeRTOS/Source/tasks.c **** 		/* This conditional compilation should use inequality to 0, not equality
3457:Middlewares/Third_Party/FreeRTOS/Source/tasks.c **** 		to 1.  This is to ensure portSUPPRESS_TICKS_AND_SLEEP() is called when
3458:Middlewares/Third_Party/FreeRTOS/Source/tasks.c **** 		user defined low power mode	implementations require
3459:Middlewares/Third_Party/FreeRTOS/Source/tasks.c **** 		configUSE_TICKLESS_IDLE to be set to a value other than 1. */
3460:Middlewares/Third_Party/FreeRTOS/Source/tasks.c **** 		#if ( configUSE_TICKLESS_IDLE != 0 )
3461:Middlewares/Third_Party/FreeRTOS/Source/tasks.c **** 		{
3462:Middlewares/Third_Party/FreeRTOS/Source/tasks.c **** 		TickType_t xExpectedIdleTime;
3463:Middlewares/Third_Party/FreeRTOS/Source/tasks.c **** 
3464:Middlewares/Third_Party/FreeRTOS/Source/tasks.c **** 			/* It is not desirable to suspend then resume the scheduler on
3465:Middlewares/Third_Party/FreeRTOS/Source/tasks.c **** 			each iteration of the idle task.  Therefore, a preliminary
3466:Middlewares/Third_Party/FreeRTOS/Source/tasks.c **** 			test of the expected idle time is performed without the
3467:Middlewares/Third_Party/FreeRTOS/Source/tasks.c **** 			scheduler suspended.  The result here is not necessarily
3468:Middlewares/Third_Party/FreeRTOS/Source/tasks.c **** 			valid. */
3469:Middlewares/Third_Party/FreeRTOS/Source/tasks.c **** 			xExpectedIdleTime = prvGetExpectedIdleTime();
3470:Middlewares/Third_Party/FreeRTOS/Source/tasks.c **** 
3471:Middlewares/Third_Party/FreeRTOS/Source/tasks.c **** 			if( xExpectedIdleTime >= configEXPECTED_IDLE_TIME_BEFORE_SLEEP )
3472:Middlewares/Third_Party/FreeRTOS/Source/tasks.c **** 			{
3473:Middlewares/Third_Party/FreeRTOS/Source/tasks.c **** 				vTaskSuspendAll();
3474:Middlewares/Third_Party/FreeRTOS/Source/tasks.c **** 				{
3475:Middlewares/Third_Party/FreeRTOS/Source/tasks.c **** 					/* Now the scheduler is suspended, the expected idle
3476:Middlewares/Third_Party/FreeRTOS/Source/tasks.c **** 					time can be sampled again, and this time its value can
3477:Middlewares/Third_Party/FreeRTOS/Source/tasks.c **** 					be used. */
3478:Middlewares/Third_Party/FreeRTOS/Source/tasks.c **** 					configASSERT( xNextTaskUnblockTime >= xTickCount );
3479:Middlewares/Third_Party/FreeRTOS/Source/tasks.c **** 					xExpectedIdleTime = prvGetExpectedIdleTime();
3480:Middlewares/Third_Party/FreeRTOS/Source/tasks.c **** 
3481:Middlewares/Third_Party/FreeRTOS/Source/tasks.c **** 					/* Define the following macro to set xExpectedIdleTime to 0
3482:Middlewares/Third_Party/FreeRTOS/Source/tasks.c **** 					if the application does not want
3483:Middlewares/Third_Party/FreeRTOS/Source/tasks.c **** 					portSUPPRESS_TICKS_AND_SLEEP() to be called. */
3484:Middlewares/Third_Party/FreeRTOS/Source/tasks.c **** 					configPRE_SUPPRESS_TICKS_AND_SLEEP_PROCESSING( xExpectedIdleTime );
3485:Middlewares/Third_Party/FreeRTOS/Source/tasks.c **** 
3486:Middlewares/Third_Party/FreeRTOS/Source/tasks.c **** 					if( xExpectedIdleTime >= configEXPECTED_IDLE_TIME_BEFORE_SLEEP )
3487:Middlewares/Third_Party/FreeRTOS/Source/tasks.c **** 					{
3488:Middlewares/Third_Party/FreeRTOS/Source/tasks.c **** 						traceLOW_POWER_IDLE_BEGIN();
3489:Middlewares/Third_Party/FreeRTOS/Source/tasks.c **** 						portSUPPRESS_TICKS_AND_SLEEP( xExpectedIdleTime );
3490:Middlewares/Third_Party/FreeRTOS/Source/tasks.c **** 						traceLOW_POWER_IDLE_END();
3491:Middlewares/Third_Party/FreeRTOS/Source/tasks.c **** 					}
3492:Middlewares/Third_Party/FreeRTOS/Source/tasks.c **** 					else
3493:Middlewares/Third_Party/FreeRTOS/Source/tasks.c **** 					{
3494:Middlewares/Third_Party/FreeRTOS/Source/tasks.c **** 						mtCOVERAGE_TEST_MARKER();
3495:Middlewares/Third_Party/FreeRTOS/Source/tasks.c **** 					}
3496:Middlewares/Third_Party/FreeRTOS/Source/tasks.c **** 				}
ARM GAS  C:\Users\subdia\AppData\Local\Temp\ccqYdsij.s 			page 68


3497:Middlewares/Third_Party/FreeRTOS/Source/tasks.c **** 				( void ) xTaskResumeAll();
3498:Middlewares/Third_Party/FreeRTOS/Source/tasks.c **** 			}
3499:Middlewares/Third_Party/FreeRTOS/Source/tasks.c **** 			else
3500:Middlewares/Third_Party/FreeRTOS/Source/tasks.c **** 			{
3501:Middlewares/Third_Party/FreeRTOS/Source/tasks.c **** 				mtCOVERAGE_TEST_MARKER();
3502:Middlewares/Third_Party/FreeRTOS/Source/tasks.c **** 			}
3503:Middlewares/Third_Party/FreeRTOS/Source/tasks.c **** 		}
3504:Middlewares/Third_Party/FreeRTOS/Source/tasks.c **** 		#endif /* configUSE_TICKLESS_IDLE */
3505:Middlewares/Third_Party/FreeRTOS/Source/tasks.c **** 	}
3506:Middlewares/Third_Party/FreeRTOS/Source/tasks.c **** }
3507:Middlewares/Third_Party/FreeRTOS/Source/tasks.c **** /*-----------------------------------------------------------*/
3508:Middlewares/Third_Party/FreeRTOS/Source/tasks.c **** 
3509:Middlewares/Third_Party/FreeRTOS/Source/tasks.c **** #if( configUSE_TICKLESS_IDLE != 0 )
3510:Middlewares/Third_Party/FreeRTOS/Source/tasks.c **** 
3511:Middlewares/Third_Party/FreeRTOS/Source/tasks.c **** 	eSleepModeStatus eTaskConfirmSleepModeStatus( void )
3512:Middlewares/Third_Party/FreeRTOS/Source/tasks.c **** 	{
3513:Middlewares/Third_Party/FreeRTOS/Source/tasks.c **** 	/* The idle task exists in addition to the application tasks. */
3514:Middlewares/Third_Party/FreeRTOS/Source/tasks.c **** 	const UBaseType_t uxNonApplicationTasks = 1;
3515:Middlewares/Third_Party/FreeRTOS/Source/tasks.c **** 	eSleepModeStatus eReturn = eStandardSleep;
3516:Middlewares/Third_Party/FreeRTOS/Source/tasks.c **** 
3517:Middlewares/Third_Party/FreeRTOS/Source/tasks.c **** 		/* This function must be called from a critical section. */
3518:Middlewares/Third_Party/FreeRTOS/Source/tasks.c **** 
3519:Middlewares/Third_Party/FreeRTOS/Source/tasks.c **** 		if( listCURRENT_LIST_LENGTH( &xPendingReadyList ) != 0 )
3520:Middlewares/Third_Party/FreeRTOS/Source/tasks.c **** 		{
3521:Middlewares/Third_Party/FreeRTOS/Source/tasks.c **** 			/* A task was made ready while the scheduler was suspended. */
3522:Middlewares/Third_Party/FreeRTOS/Source/tasks.c **** 			eReturn = eAbortSleep;
3523:Middlewares/Third_Party/FreeRTOS/Source/tasks.c **** 		}
3524:Middlewares/Third_Party/FreeRTOS/Source/tasks.c **** 		else if( xYieldPending != pdFALSE )
3525:Middlewares/Third_Party/FreeRTOS/Source/tasks.c **** 		{
3526:Middlewares/Third_Party/FreeRTOS/Source/tasks.c **** 			/* A yield was pended while the scheduler was suspended. */
3527:Middlewares/Third_Party/FreeRTOS/Source/tasks.c **** 			eReturn = eAbortSleep;
3528:Middlewares/Third_Party/FreeRTOS/Source/tasks.c **** 		}
3529:Middlewares/Third_Party/FreeRTOS/Source/tasks.c **** 		else
3530:Middlewares/Third_Party/FreeRTOS/Source/tasks.c **** 		{
3531:Middlewares/Third_Party/FreeRTOS/Source/tasks.c **** 			/* If all the tasks are in the suspended list (which might mean they
3532:Middlewares/Third_Party/FreeRTOS/Source/tasks.c **** 			have an infinite block time rather than actually being suspended)
3533:Middlewares/Third_Party/FreeRTOS/Source/tasks.c **** 			then it is safe to turn all clocks off and just wait for external
3534:Middlewares/Third_Party/FreeRTOS/Source/tasks.c **** 			interrupts. */
3535:Middlewares/Third_Party/FreeRTOS/Source/tasks.c **** 			if( listCURRENT_LIST_LENGTH( &xSuspendedTaskList ) == ( uxCurrentNumberOfTasks - uxNonApplicatio
3536:Middlewares/Third_Party/FreeRTOS/Source/tasks.c **** 			{
3537:Middlewares/Third_Party/FreeRTOS/Source/tasks.c **** 				eReturn = eNoTasksWaitingTimeout;
3538:Middlewares/Third_Party/FreeRTOS/Source/tasks.c **** 			}
3539:Middlewares/Third_Party/FreeRTOS/Source/tasks.c **** 			else
3540:Middlewares/Third_Party/FreeRTOS/Source/tasks.c **** 			{
3541:Middlewares/Third_Party/FreeRTOS/Source/tasks.c **** 				mtCOVERAGE_TEST_MARKER();
3542:Middlewares/Third_Party/FreeRTOS/Source/tasks.c **** 			}
3543:Middlewares/Third_Party/FreeRTOS/Source/tasks.c **** 		}
3544:Middlewares/Third_Party/FreeRTOS/Source/tasks.c **** 
3545:Middlewares/Third_Party/FreeRTOS/Source/tasks.c **** 		return eReturn;
3546:Middlewares/Third_Party/FreeRTOS/Source/tasks.c **** 	}
3547:Middlewares/Third_Party/FreeRTOS/Source/tasks.c **** 
3548:Middlewares/Third_Party/FreeRTOS/Source/tasks.c **** #endif /* configUSE_TICKLESS_IDLE */
3549:Middlewares/Third_Party/FreeRTOS/Source/tasks.c **** /*-----------------------------------------------------------*/
3550:Middlewares/Third_Party/FreeRTOS/Source/tasks.c **** 
3551:Middlewares/Third_Party/FreeRTOS/Source/tasks.c **** #if ( configNUM_THREAD_LOCAL_STORAGE_POINTERS != 0 )
3552:Middlewares/Third_Party/FreeRTOS/Source/tasks.c **** 
3553:Middlewares/Third_Party/FreeRTOS/Source/tasks.c **** 	void vTaskSetThreadLocalStoragePointer( TaskHandle_t xTaskToSet, BaseType_t xIndex, void *pvValue 
ARM GAS  C:\Users\subdia\AppData\Local\Temp\ccqYdsij.s 			page 69


3554:Middlewares/Third_Party/FreeRTOS/Source/tasks.c **** 	{
3555:Middlewares/Third_Party/FreeRTOS/Source/tasks.c **** 	TCB_t *pxTCB;
3556:Middlewares/Third_Party/FreeRTOS/Source/tasks.c **** 
3557:Middlewares/Third_Party/FreeRTOS/Source/tasks.c **** 		if( xIndex < configNUM_THREAD_LOCAL_STORAGE_POINTERS )
3558:Middlewares/Third_Party/FreeRTOS/Source/tasks.c **** 		{
3559:Middlewares/Third_Party/FreeRTOS/Source/tasks.c **** 			pxTCB = prvGetTCBFromHandle( xTaskToSet );
3560:Middlewares/Third_Party/FreeRTOS/Source/tasks.c **** 			configASSERT( pxTCB != NULL );
3561:Middlewares/Third_Party/FreeRTOS/Source/tasks.c **** 			pxTCB->pvThreadLocalStoragePointers[ xIndex ] = pvValue;
3562:Middlewares/Third_Party/FreeRTOS/Source/tasks.c **** 		}
3563:Middlewares/Third_Party/FreeRTOS/Source/tasks.c **** 	}
3564:Middlewares/Third_Party/FreeRTOS/Source/tasks.c **** 
3565:Middlewares/Third_Party/FreeRTOS/Source/tasks.c **** #endif /* configNUM_THREAD_LOCAL_STORAGE_POINTERS */
3566:Middlewares/Third_Party/FreeRTOS/Source/tasks.c **** /*-----------------------------------------------------------*/
3567:Middlewares/Third_Party/FreeRTOS/Source/tasks.c **** 
3568:Middlewares/Third_Party/FreeRTOS/Source/tasks.c **** #if ( configNUM_THREAD_LOCAL_STORAGE_POINTERS != 0 )
3569:Middlewares/Third_Party/FreeRTOS/Source/tasks.c **** 
3570:Middlewares/Third_Party/FreeRTOS/Source/tasks.c **** 	void *pvTaskGetThreadLocalStoragePointer( TaskHandle_t xTaskToQuery, BaseType_t xIndex )
3571:Middlewares/Third_Party/FreeRTOS/Source/tasks.c **** 	{
3572:Middlewares/Third_Party/FreeRTOS/Source/tasks.c **** 	void *pvReturn = NULL;
3573:Middlewares/Third_Party/FreeRTOS/Source/tasks.c **** 	TCB_t *pxTCB;
3574:Middlewares/Third_Party/FreeRTOS/Source/tasks.c **** 
3575:Middlewares/Third_Party/FreeRTOS/Source/tasks.c **** 		if( xIndex < configNUM_THREAD_LOCAL_STORAGE_POINTERS )
3576:Middlewares/Third_Party/FreeRTOS/Source/tasks.c **** 		{
3577:Middlewares/Third_Party/FreeRTOS/Source/tasks.c **** 			pxTCB = prvGetTCBFromHandle( xTaskToQuery );
3578:Middlewares/Third_Party/FreeRTOS/Source/tasks.c **** 			pvReturn = pxTCB->pvThreadLocalStoragePointers[ xIndex ];
3579:Middlewares/Third_Party/FreeRTOS/Source/tasks.c **** 		}
3580:Middlewares/Third_Party/FreeRTOS/Source/tasks.c **** 		else
3581:Middlewares/Third_Party/FreeRTOS/Source/tasks.c **** 		{
3582:Middlewares/Third_Party/FreeRTOS/Source/tasks.c **** 			pvReturn = NULL;
3583:Middlewares/Third_Party/FreeRTOS/Source/tasks.c **** 		}
3584:Middlewares/Third_Party/FreeRTOS/Source/tasks.c **** 
3585:Middlewares/Third_Party/FreeRTOS/Source/tasks.c **** 		return pvReturn;
3586:Middlewares/Third_Party/FreeRTOS/Source/tasks.c **** 	}
3587:Middlewares/Third_Party/FreeRTOS/Source/tasks.c **** 
3588:Middlewares/Third_Party/FreeRTOS/Source/tasks.c **** #endif /* configNUM_THREAD_LOCAL_STORAGE_POINTERS */
3589:Middlewares/Third_Party/FreeRTOS/Source/tasks.c **** /*-----------------------------------------------------------*/
3590:Middlewares/Third_Party/FreeRTOS/Source/tasks.c **** 
3591:Middlewares/Third_Party/FreeRTOS/Source/tasks.c **** #if ( portUSING_MPU_WRAPPERS == 1 )
3592:Middlewares/Third_Party/FreeRTOS/Source/tasks.c **** 
3593:Middlewares/Third_Party/FreeRTOS/Source/tasks.c **** 	void vTaskAllocateMPURegions( TaskHandle_t xTaskToModify, const MemoryRegion_t * const xRegions )
3594:Middlewares/Third_Party/FreeRTOS/Source/tasks.c **** 	{
3595:Middlewares/Third_Party/FreeRTOS/Source/tasks.c **** 	TCB_t *pxTCB;
3596:Middlewares/Third_Party/FreeRTOS/Source/tasks.c **** 
3597:Middlewares/Third_Party/FreeRTOS/Source/tasks.c **** 		/* If null is passed in here then we are modifying the MPU settings of
3598:Middlewares/Third_Party/FreeRTOS/Source/tasks.c **** 		the calling task. */
3599:Middlewares/Third_Party/FreeRTOS/Source/tasks.c **** 		pxTCB = prvGetTCBFromHandle( xTaskToModify );
3600:Middlewares/Third_Party/FreeRTOS/Source/tasks.c **** 
3601:Middlewares/Third_Party/FreeRTOS/Source/tasks.c **** 		vPortStoreTaskMPUSettings( &( pxTCB->xMPUSettings ), xRegions, NULL, 0 );
3602:Middlewares/Third_Party/FreeRTOS/Source/tasks.c **** 	}
3603:Middlewares/Third_Party/FreeRTOS/Source/tasks.c **** 
3604:Middlewares/Third_Party/FreeRTOS/Source/tasks.c **** #endif /* portUSING_MPU_WRAPPERS */
3605:Middlewares/Third_Party/FreeRTOS/Source/tasks.c **** /*-----------------------------------------------------------*/
3606:Middlewares/Third_Party/FreeRTOS/Source/tasks.c **** 
3607:Middlewares/Third_Party/FreeRTOS/Source/tasks.c **** static void prvInitialiseTaskLists( void )
3608:Middlewares/Third_Party/FreeRTOS/Source/tasks.c **** {
3609:Middlewares/Third_Party/FreeRTOS/Source/tasks.c **** UBaseType_t uxPriority;
3610:Middlewares/Third_Party/FreeRTOS/Source/tasks.c **** 
ARM GAS  C:\Users\subdia\AppData\Local\Temp\ccqYdsij.s 			page 70


3611:Middlewares/Third_Party/FreeRTOS/Source/tasks.c **** 	for( uxPriority = ( UBaseType_t ) 0U; uxPriority < ( UBaseType_t ) configMAX_PRIORITIES; uxPriorit
3612:Middlewares/Third_Party/FreeRTOS/Source/tasks.c **** 	{
3613:Middlewares/Third_Party/FreeRTOS/Source/tasks.c **** 		vListInitialise( &( pxReadyTasksLists[ uxPriority ] ) );
3614:Middlewares/Third_Party/FreeRTOS/Source/tasks.c **** 	}
3615:Middlewares/Third_Party/FreeRTOS/Source/tasks.c **** 
3616:Middlewares/Third_Party/FreeRTOS/Source/tasks.c **** 	vListInitialise( &xDelayedTaskList1 );
3617:Middlewares/Third_Party/FreeRTOS/Source/tasks.c **** 	vListInitialise( &xDelayedTaskList2 );
3618:Middlewares/Third_Party/FreeRTOS/Source/tasks.c **** 	vListInitialise( &xPendingReadyList );
3619:Middlewares/Third_Party/FreeRTOS/Source/tasks.c **** 
3620:Middlewares/Third_Party/FreeRTOS/Source/tasks.c **** 	#if ( INCLUDE_vTaskDelete == 1 )
3621:Middlewares/Third_Party/FreeRTOS/Source/tasks.c **** 	{
3622:Middlewares/Third_Party/FreeRTOS/Source/tasks.c **** 		vListInitialise( &xTasksWaitingTermination );
3623:Middlewares/Third_Party/FreeRTOS/Source/tasks.c **** 	}
3624:Middlewares/Third_Party/FreeRTOS/Source/tasks.c **** 	#endif /* INCLUDE_vTaskDelete */
3625:Middlewares/Third_Party/FreeRTOS/Source/tasks.c **** 
3626:Middlewares/Third_Party/FreeRTOS/Source/tasks.c **** 	#if ( INCLUDE_vTaskSuspend == 1 )
3627:Middlewares/Third_Party/FreeRTOS/Source/tasks.c **** 	{
3628:Middlewares/Third_Party/FreeRTOS/Source/tasks.c **** 		vListInitialise( &xSuspendedTaskList );
3629:Middlewares/Third_Party/FreeRTOS/Source/tasks.c **** 	}
3630:Middlewares/Third_Party/FreeRTOS/Source/tasks.c **** 	#endif /* INCLUDE_vTaskSuspend */
3631:Middlewares/Third_Party/FreeRTOS/Source/tasks.c **** 
3632:Middlewares/Third_Party/FreeRTOS/Source/tasks.c **** 	/* Start with pxDelayedTaskList using list1 and the pxOverflowDelayedTaskList
3633:Middlewares/Third_Party/FreeRTOS/Source/tasks.c **** 	using list2. */
3634:Middlewares/Third_Party/FreeRTOS/Source/tasks.c **** 	pxDelayedTaskList = &xDelayedTaskList1;
3635:Middlewares/Third_Party/FreeRTOS/Source/tasks.c **** 	pxOverflowDelayedTaskList = &xDelayedTaskList2;
3636:Middlewares/Third_Party/FreeRTOS/Source/tasks.c **** }
3637:Middlewares/Third_Party/FreeRTOS/Source/tasks.c **** /*-----------------------------------------------------------*/
3638:Middlewares/Third_Party/FreeRTOS/Source/tasks.c **** 
3639:Middlewares/Third_Party/FreeRTOS/Source/tasks.c **** static void prvCheckTasksWaitingTermination( void )
3640:Middlewares/Third_Party/FreeRTOS/Source/tasks.c **** {
3641:Middlewares/Third_Party/FreeRTOS/Source/tasks.c **** 
3642:Middlewares/Third_Party/FreeRTOS/Source/tasks.c **** 	/** THIS FUNCTION IS CALLED FROM THE RTOS IDLE TASK **/
3643:Middlewares/Third_Party/FreeRTOS/Source/tasks.c **** 
3644:Middlewares/Third_Party/FreeRTOS/Source/tasks.c **** 	#if ( INCLUDE_vTaskDelete == 1 )
3645:Middlewares/Third_Party/FreeRTOS/Source/tasks.c **** 	{
3646:Middlewares/Third_Party/FreeRTOS/Source/tasks.c **** 		TCB_t *pxTCB;
3647:Middlewares/Third_Party/FreeRTOS/Source/tasks.c **** 
3648:Middlewares/Third_Party/FreeRTOS/Source/tasks.c **** 		/* uxDeletedTasksWaitingCleanUp is used to prevent taskENTER_CRITICAL()
3649:Middlewares/Third_Party/FreeRTOS/Source/tasks.c **** 		being called too often in the idle task. */
3650:Middlewares/Third_Party/FreeRTOS/Source/tasks.c **** 		while( uxDeletedTasksWaitingCleanUp > ( UBaseType_t ) 0U )
3651:Middlewares/Third_Party/FreeRTOS/Source/tasks.c **** 		{
3652:Middlewares/Third_Party/FreeRTOS/Source/tasks.c **** 			taskENTER_CRITICAL();
3653:Middlewares/Third_Party/FreeRTOS/Source/tasks.c **** 			{
3654:Middlewares/Third_Party/FreeRTOS/Source/tasks.c **** 				pxTCB = listGET_OWNER_OF_HEAD_ENTRY( ( &xTasksWaitingTermination ) ); /*lint !e9079 void * is u
3655:Middlewares/Third_Party/FreeRTOS/Source/tasks.c **** 				( void ) uxListRemove( &( pxTCB->xStateListItem ) );
3656:Middlewares/Third_Party/FreeRTOS/Source/tasks.c **** 				--uxCurrentNumberOfTasks;
3657:Middlewares/Third_Party/FreeRTOS/Source/tasks.c **** 				--uxDeletedTasksWaitingCleanUp;
3658:Middlewares/Third_Party/FreeRTOS/Source/tasks.c **** 			}
3659:Middlewares/Third_Party/FreeRTOS/Source/tasks.c **** 			taskEXIT_CRITICAL();
3660:Middlewares/Third_Party/FreeRTOS/Source/tasks.c **** 
3661:Middlewares/Third_Party/FreeRTOS/Source/tasks.c **** 			prvDeleteTCB( pxTCB );
3662:Middlewares/Third_Party/FreeRTOS/Source/tasks.c **** 		}
3663:Middlewares/Third_Party/FreeRTOS/Source/tasks.c **** 	}
3664:Middlewares/Third_Party/FreeRTOS/Source/tasks.c **** 	#endif /* INCLUDE_vTaskDelete */
3665:Middlewares/Third_Party/FreeRTOS/Source/tasks.c **** }
3666:Middlewares/Third_Party/FreeRTOS/Source/tasks.c **** /*-----------------------------------------------------------*/
3667:Middlewares/Third_Party/FreeRTOS/Source/tasks.c **** 
ARM GAS  C:\Users\subdia\AppData\Local\Temp\ccqYdsij.s 			page 71


3668:Middlewares/Third_Party/FreeRTOS/Source/tasks.c **** #if( configUSE_TRACE_FACILITY == 1 )
3669:Middlewares/Third_Party/FreeRTOS/Source/tasks.c **** 
3670:Middlewares/Third_Party/FreeRTOS/Source/tasks.c **** 	void vTaskGetInfo( TaskHandle_t xTask, TaskStatus_t *pxTaskStatus, BaseType_t xGetFreeStackSpace, 
3671:Middlewares/Third_Party/FreeRTOS/Source/tasks.c **** 	{
3672:Middlewares/Third_Party/FreeRTOS/Source/tasks.c **** 	TCB_t *pxTCB;
3673:Middlewares/Third_Party/FreeRTOS/Source/tasks.c **** 
3674:Middlewares/Third_Party/FreeRTOS/Source/tasks.c **** 		/* xTask is NULL then get the state of the calling task. */
3675:Middlewares/Third_Party/FreeRTOS/Source/tasks.c **** 		pxTCB = prvGetTCBFromHandle( xTask );
3676:Middlewares/Third_Party/FreeRTOS/Source/tasks.c **** 
3677:Middlewares/Third_Party/FreeRTOS/Source/tasks.c **** 		pxTaskStatus->xHandle = ( TaskHandle_t ) pxTCB;
3678:Middlewares/Third_Party/FreeRTOS/Source/tasks.c **** 		pxTaskStatus->pcTaskName = ( const char * ) &( pxTCB->pcTaskName [ 0 ] );
3679:Middlewares/Third_Party/FreeRTOS/Source/tasks.c **** 		pxTaskStatus->uxCurrentPriority = pxTCB->uxPriority;
3680:Middlewares/Third_Party/FreeRTOS/Source/tasks.c **** 		pxTaskStatus->pxStackBase = pxTCB->pxStack;
3681:Middlewares/Third_Party/FreeRTOS/Source/tasks.c **** 		pxTaskStatus->xTaskNumber = pxTCB->uxTCBNumber;
3682:Middlewares/Third_Party/FreeRTOS/Source/tasks.c **** 
3683:Middlewares/Third_Party/FreeRTOS/Source/tasks.c **** 		#if ( configUSE_MUTEXES == 1 )
3684:Middlewares/Third_Party/FreeRTOS/Source/tasks.c **** 		{
3685:Middlewares/Third_Party/FreeRTOS/Source/tasks.c **** 			pxTaskStatus->uxBasePriority = pxTCB->uxBasePriority;
3686:Middlewares/Third_Party/FreeRTOS/Source/tasks.c **** 		}
3687:Middlewares/Third_Party/FreeRTOS/Source/tasks.c **** 		#else
3688:Middlewares/Third_Party/FreeRTOS/Source/tasks.c **** 		{
3689:Middlewares/Third_Party/FreeRTOS/Source/tasks.c **** 			pxTaskStatus->uxBasePriority = 0;
3690:Middlewares/Third_Party/FreeRTOS/Source/tasks.c **** 		}
3691:Middlewares/Third_Party/FreeRTOS/Source/tasks.c **** 		#endif
3692:Middlewares/Third_Party/FreeRTOS/Source/tasks.c **** 
3693:Middlewares/Third_Party/FreeRTOS/Source/tasks.c **** 		#if ( configGENERATE_RUN_TIME_STATS == 1 )
3694:Middlewares/Third_Party/FreeRTOS/Source/tasks.c **** 		{
3695:Middlewares/Third_Party/FreeRTOS/Source/tasks.c **** 			pxTaskStatus->ulRunTimeCounter = pxTCB->ulRunTimeCounter;
3696:Middlewares/Third_Party/FreeRTOS/Source/tasks.c **** 		}
3697:Middlewares/Third_Party/FreeRTOS/Source/tasks.c **** 		#else
3698:Middlewares/Third_Party/FreeRTOS/Source/tasks.c **** 		{
3699:Middlewares/Third_Party/FreeRTOS/Source/tasks.c **** 			pxTaskStatus->ulRunTimeCounter = 0;
3700:Middlewares/Third_Party/FreeRTOS/Source/tasks.c **** 		}
3701:Middlewares/Third_Party/FreeRTOS/Source/tasks.c **** 		#endif
3702:Middlewares/Third_Party/FreeRTOS/Source/tasks.c **** 
3703:Middlewares/Third_Party/FreeRTOS/Source/tasks.c **** 		/* Obtaining the task state is a little fiddly, so is only done if the
3704:Middlewares/Third_Party/FreeRTOS/Source/tasks.c **** 		value of eState passed into this function is eInvalid - otherwise the
3705:Middlewares/Third_Party/FreeRTOS/Source/tasks.c **** 		state is just set to whatever is passed in. */
3706:Middlewares/Third_Party/FreeRTOS/Source/tasks.c **** 		if( eState != eInvalid )
3707:Middlewares/Third_Party/FreeRTOS/Source/tasks.c **** 		{
3708:Middlewares/Third_Party/FreeRTOS/Source/tasks.c **** 			if( pxTCB == pxCurrentTCB )
3709:Middlewares/Third_Party/FreeRTOS/Source/tasks.c **** 			{
3710:Middlewares/Third_Party/FreeRTOS/Source/tasks.c **** 				pxTaskStatus->eCurrentState = eRunning;
3711:Middlewares/Third_Party/FreeRTOS/Source/tasks.c **** 			}
3712:Middlewares/Third_Party/FreeRTOS/Source/tasks.c **** 			else
3713:Middlewares/Third_Party/FreeRTOS/Source/tasks.c **** 			{
3714:Middlewares/Third_Party/FreeRTOS/Source/tasks.c **** 				pxTaskStatus->eCurrentState = eState;
3715:Middlewares/Third_Party/FreeRTOS/Source/tasks.c **** 
3716:Middlewares/Third_Party/FreeRTOS/Source/tasks.c **** 				#if ( INCLUDE_vTaskSuspend == 1 )
3717:Middlewares/Third_Party/FreeRTOS/Source/tasks.c **** 				{
3718:Middlewares/Third_Party/FreeRTOS/Source/tasks.c **** 					/* If the task is in the suspended list then there is a
3719:Middlewares/Third_Party/FreeRTOS/Source/tasks.c **** 					chance it is actually just blocked indefinitely - so really
3720:Middlewares/Third_Party/FreeRTOS/Source/tasks.c **** 					it should be reported as being in the Blocked state. */
3721:Middlewares/Third_Party/FreeRTOS/Source/tasks.c **** 					if( eState == eSuspended )
3722:Middlewares/Third_Party/FreeRTOS/Source/tasks.c **** 					{
3723:Middlewares/Third_Party/FreeRTOS/Source/tasks.c **** 						vTaskSuspendAll();
3724:Middlewares/Third_Party/FreeRTOS/Source/tasks.c **** 						{
ARM GAS  C:\Users\subdia\AppData\Local\Temp\ccqYdsij.s 			page 72


3725:Middlewares/Third_Party/FreeRTOS/Source/tasks.c **** 							if( listLIST_ITEM_CONTAINER( &( pxTCB->xEventListItem ) ) != NULL )
3726:Middlewares/Third_Party/FreeRTOS/Source/tasks.c **** 							{
3727:Middlewares/Third_Party/FreeRTOS/Source/tasks.c **** 								pxTaskStatus->eCurrentState = eBlocked;
3728:Middlewares/Third_Party/FreeRTOS/Source/tasks.c **** 							}
3729:Middlewares/Third_Party/FreeRTOS/Source/tasks.c **** 						}
3730:Middlewares/Third_Party/FreeRTOS/Source/tasks.c **** 						( void ) xTaskResumeAll();
3731:Middlewares/Third_Party/FreeRTOS/Source/tasks.c **** 					}
3732:Middlewares/Third_Party/FreeRTOS/Source/tasks.c **** 				}
3733:Middlewares/Third_Party/FreeRTOS/Source/tasks.c **** 				#endif /* INCLUDE_vTaskSuspend */
3734:Middlewares/Third_Party/FreeRTOS/Source/tasks.c **** 			}
3735:Middlewares/Third_Party/FreeRTOS/Source/tasks.c **** 		}
3736:Middlewares/Third_Party/FreeRTOS/Source/tasks.c **** 		else
3737:Middlewares/Third_Party/FreeRTOS/Source/tasks.c **** 		{
3738:Middlewares/Third_Party/FreeRTOS/Source/tasks.c **** 			pxTaskStatus->eCurrentState = eTaskGetState( pxTCB );
3739:Middlewares/Third_Party/FreeRTOS/Source/tasks.c **** 		}
3740:Middlewares/Third_Party/FreeRTOS/Source/tasks.c **** 
3741:Middlewares/Third_Party/FreeRTOS/Source/tasks.c **** 		/* Obtaining the stack space takes some time, so the xGetFreeStackSpace
3742:Middlewares/Third_Party/FreeRTOS/Source/tasks.c **** 		parameter is provided to allow it to be skipped. */
3743:Middlewares/Third_Party/FreeRTOS/Source/tasks.c **** 		if( xGetFreeStackSpace != pdFALSE )
3744:Middlewares/Third_Party/FreeRTOS/Source/tasks.c **** 		{
3745:Middlewares/Third_Party/FreeRTOS/Source/tasks.c **** 			#if ( portSTACK_GROWTH > 0 )
3746:Middlewares/Third_Party/FreeRTOS/Source/tasks.c **** 			{
3747:Middlewares/Third_Party/FreeRTOS/Source/tasks.c **** 				pxTaskStatus->usStackHighWaterMark = prvTaskCheckFreeStackSpace( ( uint8_t * ) pxTCB->pxEndOfSt
3748:Middlewares/Third_Party/FreeRTOS/Source/tasks.c **** 			}
3749:Middlewares/Third_Party/FreeRTOS/Source/tasks.c **** 			#else
3750:Middlewares/Third_Party/FreeRTOS/Source/tasks.c **** 			{
3751:Middlewares/Third_Party/FreeRTOS/Source/tasks.c **** 				pxTaskStatus->usStackHighWaterMark = prvTaskCheckFreeStackSpace( ( uint8_t * ) pxTCB->pxStack )
3752:Middlewares/Third_Party/FreeRTOS/Source/tasks.c **** 			}
3753:Middlewares/Third_Party/FreeRTOS/Source/tasks.c **** 			#endif
3754:Middlewares/Third_Party/FreeRTOS/Source/tasks.c **** 		}
3755:Middlewares/Third_Party/FreeRTOS/Source/tasks.c **** 		else
3756:Middlewares/Third_Party/FreeRTOS/Source/tasks.c **** 		{
3757:Middlewares/Third_Party/FreeRTOS/Source/tasks.c **** 			pxTaskStatus->usStackHighWaterMark = 0;
3758:Middlewares/Third_Party/FreeRTOS/Source/tasks.c **** 		}
3759:Middlewares/Third_Party/FreeRTOS/Source/tasks.c **** 	}
3760:Middlewares/Third_Party/FreeRTOS/Source/tasks.c **** 
3761:Middlewares/Third_Party/FreeRTOS/Source/tasks.c **** #endif /* configUSE_TRACE_FACILITY */
3762:Middlewares/Third_Party/FreeRTOS/Source/tasks.c **** /*-----------------------------------------------------------*/
3763:Middlewares/Third_Party/FreeRTOS/Source/tasks.c **** 
3764:Middlewares/Third_Party/FreeRTOS/Source/tasks.c **** #if ( configUSE_TRACE_FACILITY == 1 )
3765:Middlewares/Third_Party/FreeRTOS/Source/tasks.c **** 
3766:Middlewares/Third_Party/FreeRTOS/Source/tasks.c **** 	static UBaseType_t prvListTasksWithinSingleList( TaskStatus_t *pxTaskStatusArray, List_t *pxList, 
3767:Middlewares/Third_Party/FreeRTOS/Source/tasks.c **** 	{
3768:Middlewares/Third_Party/FreeRTOS/Source/tasks.c **** 	configLIST_VOLATILE TCB_t *pxNextTCB, *pxFirstTCB;
3769:Middlewares/Third_Party/FreeRTOS/Source/tasks.c **** 	UBaseType_t uxTask = 0;
3770:Middlewares/Third_Party/FreeRTOS/Source/tasks.c **** 
3771:Middlewares/Third_Party/FreeRTOS/Source/tasks.c **** 		if( listCURRENT_LIST_LENGTH( pxList ) > ( UBaseType_t ) 0 )
3772:Middlewares/Third_Party/FreeRTOS/Source/tasks.c **** 		{
3773:Middlewares/Third_Party/FreeRTOS/Source/tasks.c **** 			listGET_OWNER_OF_NEXT_ENTRY( pxFirstTCB, pxList ); /*lint !e9079 void * is used as this macro is
3774:Middlewares/Third_Party/FreeRTOS/Source/tasks.c **** 
3775:Middlewares/Third_Party/FreeRTOS/Source/tasks.c **** 			/* Populate an TaskStatus_t structure within the
3776:Middlewares/Third_Party/FreeRTOS/Source/tasks.c **** 			pxTaskStatusArray array for each task that is referenced from
3777:Middlewares/Third_Party/FreeRTOS/Source/tasks.c **** 			pxList.  See the definition of TaskStatus_t in task.h for the
3778:Middlewares/Third_Party/FreeRTOS/Source/tasks.c **** 			meaning of each TaskStatus_t structure member. */
3779:Middlewares/Third_Party/FreeRTOS/Source/tasks.c **** 			do
3780:Middlewares/Third_Party/FreeRTOS/Source/tasks.c **** 			{
3781:Middlewares/Third_Party/FreeRTOS/Source/tasks.c **** 				listGET_OWNER_OF_NEXT_ENTRY( pxNextTCB, pxList ); /*lint !e9079 void * is used as this macro is
ARM GAS  C:\Users\subdia\AppData\Local\Temp\ccqYdsij.s 			page 73


3782:Middlewares/Third_Party/FreeRTOS/Source/tasks.c **** 				vTaskGetInfo( ( TaskHandle_t ) pxNextTCB, &( pxTaskStatusArray[ uxTask ] ), pdTRUE, eState );
3783:Middlewares/Third_Party/FreeRTOS/Source/tasks.c **** 				uxTask++;
3784:Middlewares/Third_Party/FreeRTOS/Source/tasks.c **** 			} while( pxNextTCB != pxFirstTCB );
3785:Middlewares/Third_Party/FreeRTOS/Source/tasks.c **** 		}
3786:Middlewares/Third_Party/FreeRTOS/Source/tasks.c **** 		else
3787:Middlewares/Third_Party/FreeRTOS/Source/tasks.c **** 		{
3788:Middlewares/Third_Party/FreeRTOS/Source/tasks.c **** 			mtCOVERAGE_TEST_MARKER();
3789:Middlewares/Third_Party/FreeRTOS/Source/tasks.c **** 		}
3790:Middlewares/Third_Party/FreeRTOS/Source/tasks.c **** 
3791:Middlewares/Third_Party/FreeRTOS/Source/tasks.c **** 		return uxTask;
3792:Middlewares/Third_Party/FreeRTOS/Source/tasks.c **** 	}
3793:Middlewares/Third_Party/FreeRTOS/Source/tasks.c **** 
3794:Middlewares/Third_Party/FreeRTOS/Source/tasks.c **** #endif /* configUSE_TRACE_FACILITY */
3795:Middlewares/Third_Party/FreeRTOS/Source/tasks.c **** /*-----------------------------------------------------------*/
3796:Middlewares/Third_Party/FreeRTOS/Source/tasks.c **** 
3797:Middlewares/Third_Party/FreeRTOS/Source/tasks.c **** #if ( ( configUSE_TRACE_FACILITY == 1 ) || ( INCLUDE_uxTaskGetStackHighWaterMark == 1 ) || ( INCLUD
3798:Middlewares/Third_Party/FreeRTOS/Source/tasks.c **** 
3799:Middlewares/Third_Party/FreeRTOS/Source/tasks.c **** 	static configSTACK_DEPTH_TYPE prvTaskCheckFreeStackSpace( const uint8_t * pucStackByte )
3800:Middlewares/Third_Party/FreeRTOS/Source/tasks.c **** 	{
3801:Middlewares/Third_Party/FreeRTOS/Source/tasks.c **** 	uint32_t ulCount = 0U;
3802:Middlewares/Third_Party/FreeRTOS/Source/tasks.c **** 
3803:Middlewares/Third_Party/FreeRTOS/Source/tasks.c **** 		while( *pucStackByte == ( uint8_t ) tskSTACK_FILL_BYTE )
3804:Middlewares/Third_Party/FreeRTOS/Source/tasks.c **** 		{
3805:Middlewares/Third_Party/FreeRTOS/Source/tasks.c **** 			pucStackByte -= portSTACK_GROWTH;
3806:Middlewares/Third_Party/FreeRTOS/Source/tasks.c **** 			ulCount++;
3807:Middlewares/Third_Party/FreeRTOS/Source/tasks.c **** 		}
3808:Middlewares/Third_Party/FreeRTOS/Source/tasks.c **** 
3809:Middlewares/Third_Party/FreeRTOS/Source/tasks.c **** 		ulCount /= ( uint32_t ) sizeof( StackType_t ); /*lint !e961 Casting is not redundant on smaller a
3810:Middlewares/Third_Party/FreeRTOS/Source/tasks.c **** 
3811:Middlewares/Third_Party/FreeRTOS/Source/tasks.c **** 		return ( configSTACK_DEPTH_TYPE ) ulCount;
3812:Middlewares/Third_Party/FreeRTOS/Source/tasks.c **** 	}
3813:Middlewares/Third_Party/FreeRTOS/Source/tasks.c **** 
3814:Middlewares/Third_Party/FreeRTOS/Source/tasks.c **** #endif /* ( ( configUSE_TRACE_FACILITY == 1 ) || ( INCLUDE_uxTaskGetStackHighWaterMark == 1 ) || ( 
3815:Middlewares/Third_Party/FreeRTOS/Source/tasks.c **** /*-----------------------------------------------------------*/
3816:Middlewares/Third_Party/FreeRTOS/Source/tasks.c **** 
3817:Middlewares/Third_Party/FreeRTOS/Source/tasks.c **** #if ( INCLUDE_uxTaskGetStackHighWaterMark2 == 1 )
3818:Middlewares/Third_Party/FreeRTOS/Source/tasks.c **** 
3819:Middlewares/Third_Party/FreeRTOS/Source/tasks.c **** 	/* uxTaskGetStackHighWaterMark() and uxTaskGetStackHighWaterMark2() are the
3820:Middlewares/Third_Party/FreeRTOS/Source/tasks.c **** 	same except for their return type.  Using configSTACK_DEPTH_TYPE allows the
3821:Middlewares/Third_Party/FreeRTOS/Source/tasks.c **** 	user to determine the return type.  It gets around the problem of the value
3822:Middlewares/Third_Party/FreeRTOS/Source/tasks.c **** 	overflowing on 8-bit types without breaking backward compatibility for
3823:Middlewares/Third_Party/FreeRTOS/Source/tasks.c **** 	applications that expect an 8-bit return type. */
3824:Middlewares/Third_Party/FreeRTOS/Source/tasks.c **** 	configSTACK_DEPTH_TYPE uxTaskGetStackHighWaterMark2( TaskHandle_t xTask )
3825:Middlewares/Third_Party/FreeRTOS/Source/tasks.c **** 	{
3826:Middlewares/Third_Party/FreeRTOS/Source/tasks.c **** 	TCB_t *pxTCB;
3827:Middlewares/Third_Party/FreeRTOS/Source/tasks.c **** 	uint8_t *pucEndOfStack;
3828:Middlewares/Third_Party/FreeRTOS/Source/tasks.c **** 	configSTACK_DEPTH_TYPE uxReturn;
3829:Middlewares/Third_Party/FreeRTOS/Source/tasks.c **** 
3830:Middlewares/Third_Party/FreeRTOS/Source/tasks.c **** 		/* uxTaskGetStackHighWaterMark() and uxTaskGetStackHighWaterMark2() are
3831:Middlewares/Third_Party/FreeRTOS/Source/tasks.c **** 		the same except for their return type.  Using configSTACK_DEPTH_TYPE
3832:Middlewares/Third_Party/FreeRTOS/Source/tasks.c **** 		allows the user to determine the return type.  It gets around the
3833:Middlewares/Third_Party/FreeRTOS/Source/tasks.c **** 		problem of the value overflowing on 8-bit types without breaking
3834:Middlewares/Third_Party/FreeRTOS/Source/tasks.c **** 		backward compatibility for applications that expect an 8-bit return
3835:Middlewares/Third_Party/FreeRTOS/Source/tasks.c **** 		type. */
3836:Middlewares/Third_Party/FreeRTOS/Source/tasks.c **** 
3837:Middlewares/Third_Party/FreeRTOS/Source/tasks.c **** 		pxTCB = prvGetTCBFromHandle( xTask );
3838:Middlewares/Third_Party/FreeRTOS/Source/tasks.c **** 
ARM GAS  C:\Users\subdia\AppData\Local\Temp\ccqYdsij.s 			page 74


3839:Middlewares/Third_Party/FreeRTOS/Source/tasks.c **** 		#if portSTACK_GROWTH < 0
3840:Middlewares/Third_Party/FreeRTOS/Source/tasks.c **** 		{
3841:Middlewares/Third_Party/FreeRTOS/Source/tasks.c **** 			pucEndOfStack = ( uint8_t * ) pxTCB->pxStack;
3842:Middlewares/Third_Party/FreeRTOS/Source/tasks.c **** 		}
3843:Middlewares/Third_Party/FreeRTOS/Source/tasks.c **** 		#else
3844:Middlewares/Third_Party/FreeRTOS/Source/tasks.c **** 		{
3845:Middlewares/Third_Party/FreeRTOS/Source/tasks.c **** 			pucEndOfStack = ( uint8_t * ) pxTCB->pxEndOfStack;
3846:Middlewares/Third_Party/FreeRTOS/Source/tasks.c **** 		}
3847:Middlewares/Third_Party/FreeRTOS/Source/tasks.c **** 		#endif
3848:Middlewares/Third_Party/FreeRTOS/Source/tasks.c **** 
3849:Middlewares/Third_Party/FreeRTOS/Source/tasks.c **** 		uxReturn = prvTaskCheckFreeStackSpace( pucEndOfStack );
3850:Middlewares/Third_Party/FreeRTOS/Source/tasks.c **** 
3851:Middlewares/Third_Party/FreeRTOS/Source/tasks.c **** 		return uxReturn;
3852:Middlewares/Third_Party/FreeRTOS/Source/tasks.c **** 	}
3853:Middlewares/Third_Party/FreeRTOS/Source/tasks.c **** 
3854:Middlewares/Third_Party/FreeRTOS/Source/tasks.c **** #endif /* INCLUDE_uxTaskGetStackHighWaterMark2 */
3855:Middlewares/Third_Party/FreeRTOS/Source/tasks.c **** /*-----------------------------------------------------------*/
3856:Middlewares/Third_Party/FreeRTOS/Source/tasks.c **** 
3857:Middlewares/Third_Party/FreeRTOS/Source/tasks.c **** #if ( INCLUDE_uxTaskGetStackHighWaterMark == 1 )
3858:Middlewares/Third_Party/FreeRTOS/Source/tasks.c **** 
3859:Middlewares/Third_Party/FreeRTOS/Source/tasks.c **** 	UBaseType_t uxTaskGetStackHighWaterMark( TaskHandle_t xTask )
3860:Middlewares/Third_Party/FreeRTOS/Source/tasks.c **** 	{
3861:Middlewares/Third_Party/FreeRTOS/Source/tasks.c **** 	TCB_t *pxTCB;
3862:Middlewares/Third_Party/FreeRTOS/Source/tasks.c **** 	uint8_t *pucEndOfStack;
3863:Middlewares/Third_Party/FreeRTOS/Source/tasks.c **** 	UBaseType_t uxReturn;
3864:Middlewares/Third_Party/FreeRTOS/Source/tasks.c **** 
3865:Middlewares/Third_Party/FreeRTOS/Source/tasks.c **** 		pxTCB = prvGetTCBFromHandle( xTask );
3866:Middlewares/Third_Party/FreeRTOS/Source/tasks.c **** 
3867:Middlewares/Third_Party/FreeRTOS/Source/tasks.c **** 		#if portSTACK_GROWTH < 0
3868:Middlewares/Third_Party/FreeRTOS/Source/tasks.c **** 		{
3869:Middlewares/Third_Party/FreeRTOS/Source/tasks.c **** 			pucEndOfStack = ( uint8_t * ) pxTCB->pxStack;
3870:Middlewares/Third_Party/FreeRTOS/Source/tasks.c **** 		}
3871:Middlewares/Third_Party/FreeRTOS/Source/tasks.c **** 		#else
3872:Middlewares/Third_Party/FreeRTOS/Source/tasks.c **** 		{
3873:Middlewares/Third_Party/FreeRTOS/Source/tasks.c **** 			pucEndOfStack = ( uint8_t * ) pxTCB->pxEndOfStack;
3874:Middlewares/Third_Party/FreeRTOS/Source/tasks.c **** 		}
3875:Middlewares/Third_Party/FreeRTOS/Source/tasks.c **** 		#endif
3876:Middlewares/Third_Party/FreeRTOS/Source/tasks.c **** 
3877:Middlewares/Third_Party/FreeRTOS/Source/tasks.c **** 		uxReturn = ( UBaseType_t ) prvTaskCheckFreeStackSpace( pucEndOfStack );
3878:Middlewares/Third_Party/FreeRTOS/Source/tasks.c **** 
3879:Middlewares/Third_Party/FreeRTOS/Source/tasks.c **** 		return uxReturn;
3880:Middlewares/Third_Party/FreeRTOS/Source/tasks.c **** 	}
3881:Middlewares/Third_Party/FreeRTOS/Source/tasks.c **** 
3882:Middlewares/Third_Party/FreeRTOS/Source/tasks.c **** #endif /* INCLUDE_uxTaskGetStackHighWaterMark */
3883:Middlewares/Third_Party/FreeRTOS/Source/tasks.c **** /*-----------------------------------------------------------*/
3884:Middlewares/Third_Party/FreeRTOS/Source/tasks.c **** 
3885:Middlewares/Third_Party/FreeRTOS/Source/tasks.c **** #if ( INCLUDE_vTaskDelete == 1 )
3886:Middlewares/Third_Party/FreeRTOS/Source/tasks.c **** 
3887:Middlewares/Third_Party/FreeRTOS/Source/tasks.c **** 	static void prvDeleteTCB( TCB_t *pxTCB )
3888:Middlewares/Third_Party/FreeRTOS/Source/tasks.c **** 	{
3889:Middlewares/Third_Party/FreeRTOS/Source/tasks.c **** 		/* This call is required specifically for the TriCore port.  It must be
3890:Middlewares/Third_Party/FreeRTOS/Source/tasks.c **** 		above the vPortFree() calls.  The call is also used by ports/demos that
3891:Middlewares/Third_Party/FreeRTOS/Source/tasks.c **** 		want to allocate and clean RAM statically. */
3892:Middlewares/Third_Party/FreeRTOS/Source/tasks.c **** 		portCLEAN_UP_TCB( pxTCB );
3893:Middlewares/Third_Party/FreeRTOS/Source/tasks.c **** 
3894:Middlewares/Third_Party/FreeRTOS/Source/tasks.c **** 		/* Free up the memory allocated by the scheduler for the task.  It is up
3895:Middlewares/Third_Party/FreeRTOS/Source/tasks.c **** 		to the task to free any memory allocated at the application level.
ARM GAS  C:\Users\subdia\AppData\Local\Temp\ccqYdsij.s 			page 75


3896:Middlewares/Third_Party/FreeRTOS/Source/tasks.c **** 		See the third party link http://www.nadler.com/embedded/newlibAndFreeRTOS.html
3897:Middlewares/Third_Party/FreeRTOS/Source/tasks.c **** 		for additional information. */
3898:Middlewares/Third_Party/FreeRTOS/Source/tasks.c **** 		#if ( configUSE_NEWLIB_REENTRANT == 1 )
3899:Middlewares/Third_Party/FreeRTOS/Source/tasks.c **** 		{
3900:Middlewares/Third_Party/FreeRTOS/Source/tasks.c **** 			_reclaim_reent( &( pxTCB->xNewLib_reent ) );
3901:Middlewares/Third_Party/FreeRTOS/Source/tasks.c **** 		}
3902:Middlewares/Third_Party/FreeRTOS/Source/tasks.c **** 		#endif /* configUSE_NEWLIB_REENTRANT */
3903:Middlewares/Third_Party/FreeRTOS/Source/tasks.c **** 
3904:Middlewares/Third_Party/FreeRTOS/Source/tasks.c **** 		#if( ( configSUPPORT_DYNAMIC_ALLOCATION == 1 ) && ( configSUPPORT_STATIC_ALLOCATION == 0 ) && ( p
3905:Middlewares/Third_Party/FreeRTOS/Source/tasks.c **** 		{
3906:Middlewares/Third_Party/FreeRTOS/Source/tasks.c **** 			/* The task can only have been allocated dynamically - free both
3907:Middlewares/Third_Party/FreeRTOS/Source/tasks.c **** 			the stack and TCB. */
3908:Middlewares/Third_Party/FreeRTOS/Source/tasks.c **** 			vPortFree( pxTCB->pxStack );
3909:Middlewares/Third_Party/FreeRTOS/Source/tasks.c **** 			vPortFree( pxTCB );
3910:Middlewares/Third_Party/FreeRTOS/Source/tasks.c **** 		}
3911:Middlewares/Third_Party/FreeRTOS/Source/tasks.c **** 		#elif( tskSTATIC_AND_DYNAMIC_ALLOCATION_POSSIBLE != 0 ) /*lint !e731 !e9029 Macro has been consol
3912:Middlewares/Third_Party/FreeRTOS/Source/tasks.c **** 		{
3913:Middlewares/Third_Party/FreeRTOS/Source/tasks.c **** 			/* The task could have been allocated statically or dynamically, so
3914:Middlewares/Third_Party/FreeRTOS/Source/tasks.c **** 			check what was statically allocated before trying to free the
3915:Middlewares/Third_Party/FreeRTOS/Source/tasks.c **** 			memory. */
3916:Middlewares/Third_Party/FreeRTOS/Source/tasks.c **** 			if( pxTCB->ucStaticallyAllocated == tskDYNAMICALLY_ALLOCATED_STACK_AND_TCB )
3917:Middlewares/Third_Party/FreeRTOS/Source/tasks.c **** 			{
3918:Middlewares/Third_Party/FreeRTOS/Source/tasks.c **** 				/* Both the stack and TCB were allocated dynamically, so both
3919:Middlewares/Third_Party/FreeRTOS/Source/tasks.c **** 				must be freed. */
3920:Middlewares/Third_Party/FreeRTOS/Source/tasks.c **** 				vPortFree( pxTCB->pxStack );
3921:Middlewares/Third_Party/FreeRTOS/Source/tasks.c **** 				vPortFree( pxTCB );
3922:Middlewares/Third_Party/FreeRTOS/Source/tasks.c **** 			}
3923:Middlewares/Third_Party/FreeRTOS/Source/tasks.c **** 			else if( pxTCB->ucStaticallyAllocated == tskSTATICALLY_ALLOCATED_STACK_ONLY )
3924:Middlewares/Third_Party/FreeRTOS/Source/tasks.c **** 			{
3925:Middlewares/Third_Party/FreeRTOS/Source/tasks.c **** 				/* Only the stack was statically allocated, so the TCB is the
3926:Middlewares/Third_Party/FreeRTOS/Source/tasks.c **** 				only memory that must be freed. */
3927:Middlewares/Third_Party/FreeRTOS/Source/tasks.c **** 				vPortFree( pxTCB );
3928:Middlewares/Third_Party/FreeRTOS/Source/tasks.c **** 			}
3929:Middlewares/Third_Party/FreeRTOS/Source/tasks.c **** 			else
3930:Middlewares/Third_Party/FreeRTOS/Source/tasks.c **** 			{
3931:Middlewares/Third_Party/FreeRTOS/Source/tasks.c **** 				/* Neither the stack nor the TCB were allocated dynamically, so
3932:Middlewares/Third_Party/FreeRTOS/Source/tasks.c **** 				nothing needs to be freed. */
3933:Middlewares/Third_Party/FreeRTOS/Source/tasks.c **** 				configASSERT( pxTCB->ucStaticallyAllocated == tskSTATICALLY_ALLOCATED_STACK_AND_TCB	);
3934:Middlewares/Third_Party/FreeRTOS/Source/tasks.c **** 				mtCOVERAGE_TEST_MARKER();
3935:Middlewares/Third_Party/FreeRTOS/Source/tasks.c **** 			}
3936:Middlewares/Third_Party/FreeRTOS/Source/tasks.c **** 		}
3937:Middlewares/Third_Party/FreeRTOS/Source/tasks.c **** 		#endif /* configSUPPORT_DYNAMIC_ALLOCATION */
3938:Middlewares/Third_Party/FreeRTOS/Source/tasks.c **** 	}
3939:Middlewares/Third_Party/FreeRTOS/Source/tasks.c **** 
3940:Middlewares/Third_Party/FreeRTOS/Source/tasks.c **** #endif /* INCLUDE_vTaskDelete */
3941:Middlewares/Third_Party/FreeRTOS/Source/tasks.c **** /*-----------------------------------------------------------*/
3942:Middlewares/Third_Party/FreeRTOS/Source/tasks.c **** 
3943:Middlewares/Third_Party/FreeRTOS/Source/tasks.c **** static void prvResetNextTaskUnblockTime( void )
3944:Middlewares/Third_Party/FreeRTOS/Source/tasks.c **** {
 122              		.loc 1 3944 1 is_stmt 1 view -0
 123              		.cfi_startproc
 124              		@ args = 0, pretend = 0, frame = 0
 125              		@ frame_needed = 0, uses_anonymous_args = 0
 126              		@ link register save eliminated.
3945:Middlewares/Third_Party/FreeRTOS/Source/tasks.c **** TCB_t *pxTCB;
 127              		.loc 1 3945 1 view .LVU29
3946:Middlewares/Third_Party/FreeRTOS/Source/tasks.c **** 
ARM GAS  C:\Users\subdia\AppData\Local\Temp\ccqYdsij.s 			page 76


3947:Middlewares/Third_Party/FreeRTOS/Source/tasks.c **** 	if( listLIST_IS_EMPTY( pxDelayedTaskList ) != pdFALSE )
 128              		.loc 1 3947 2 view .LVU30
 129              		.loc 1 3947 6 is_stmt 0 view .LVU31
 130 0000 084B     		ldr	r3, .L15
 131 0002 1B68     		ldr	r3, [r3]
 132 0004 1B68     		ldr	r3, [r3]
 133              		.loc 1 3947 4 view .LVU32
 134 0006 23B9     		cbnz	r3, .L13
3948:Middlewares/Third_Party/FreeRTOS/Source/tasks.c **** 	{
3949:Middlewares/Third_Party/FreeRTOS/Source/tasks.c **** 		/* The new current delayed list is empty.  Set xNextTaskUnblockTime to
3950:Middlewares/Third_Party/FreeRTOS/Source/tasks.c **** 		the maximum possible value so it is	extremely unlikely that the
3951:Middlewares/Third_Party/FreeRTOS/Source/tasks.c **** 		if( xTickCount >= xNextTaskUnblockTime ) test will pass until
3952:Middlewares/Third_Party/FreeRTOS/Source/tasks.c **** 		there is an item in the delayed list. */
3953:Middlewares/Third_Party/FreeRTOS/Source/tasks.c **** 		xNextTaskUnblockTime = portMAX_DELAY;
 135              		.loc 1 3953 3 is_stmt 1 view .LVU33
 136              		.loc 1 3953 24 is_stmt 0 view .LVU34
 137 0008 074B     		ldr	r3, .L15+4
 138 000a 4FF0FF32 		mov	r2, #-1
 139 000e 1A60     		str	r2, [r3]
 140 0010 7047     		bx	lr
 141              	.L13:
3954:Middlewares/Third_Party/FreeRTOS/Source/tasks.c **** 	}
3955:Middlewares/Third_Party/FreeRTOS/Source/tasks.c **** 	else
3956:Middlewares/Third_Party/FreeRTOS/Source/tasks.c **** 	{
3957:Middlewares/Third_Party/FreeRTOS/Source/tasks.c **** 		/* The new current delayed list is not empty, get the value of
3958:Middlewares/Third_Party/FreeRTOS/Source/tasks.c **** 		the item at the head of the delayed list.  This is the time at
3959:Middlewares/Third_Party/FreeRTOS/Source/tasks.c **** 		which the task at the head of the delayed list should be removed
3960:Middlewares/Third_Party/FreeRTOS/Source/tasks.c **** 		from the Blocked state. */
3961:Middlewares/Third_Party/FreeRTOS/Source/tasks.c **** 		( pxTCB ) = listGET_OWNER_OF_HEAD_ENTRY( pxDelayedTaskList ); /*lint !e9079 void * is used as thi
 142              		.loc 1 3961 3 is_stmt 1 view .LVU35
 143              		.loc 1 3961 15 is_stmt 0 view .LVU36
 144 0012 044B     		ldr	r3, .L15
 145 0014 1B68     		ldr	r3, [r3]
 146 0016 DB68     		ldr	r3, [r3, #12]
 147              		.loc 1 3961 13 view .LVU37
 148 0018 DB68     		ldr	r3, [r3, #12]
 149              	.LVL8:
3962:Middlewares/Third_Party/FreeRTOS/Source/tasks.c **** 		xNextTaskUnblockTime = listGET_LIST_ITEM_VALUE( &( ( pxTCB )->xStateListItem ) );
 150              		.loc 1 3962 3 is_stmt 1 view .LVU38
 151              		.loc 1 3962 26 is_stmt 0 view .LVU39
 152 001a 5A68     		ldr	r2, [r3, #4]
 153              		.loc 1 3962 24 view .LVU40
 154 001c 024B     		ldr	r3, .L15+4
 155              	.LVL9:
 156              		.loc 1 3962 24 view .LVU41
 157 001e 1A60     		str	r2, [r3]
3963:Middlewares/Third_Party/FreeRTOS/Source/tasks.c **** 	}
3964:Middlewares/Third_Party/FreeRTOS/Source/tasks.c **** }
 158              		.loc 1 3964 1 view .LVU42
 159 0020 7047     		bx	lr
 160              	.L16:
 161 0022 00BF     		.align	2
 162              	.L15:
 163 0024 00000000 		.word	pxDelayedTaskList
 164 0028 00000000 		.word	xNextTaskUnblockTime
 165              		.cfi_endproc
 166              	.LFE41:
ARM GAS  C:\Users\subdia\AppData\Local\Temp\ccqYdsij.s 			page 77


 168              		.section	.text.prvInitialiseNewTask,"ax",%progbits
 169              		.align	1
 170              		.syntax unified
 171              		.thumb
 172              		.thumb_func
 174              	prvInitialiseNewTask:
 175              	.LVL10:
 176              	.LFB7:
 832:Middlewares/Third_Party/FreeRTOS/Source/tasks.c **** StackType_t *pxTopOfStack;
 177              		.loc 1 832 1 is_stmt 1 view -0
 178              		.cfi_startproc
 179              		@ args = 16, pretend = 0, frame = 0
 180              		@ frame_needed = 0, uses_anonymous_args = 0
 832:Middlewares/Third_Party/FreeRTOS/Source/tasks.c **** StackType_t *pxTopOfStack;
 181              		.loc 1 832 1 is_stmt 0 view .LVU44
 182 0000 2DE9F843 		push	{r3, r4, r5, r6, r7, r8, r9, lr}
 183              	.LCFI0:
 184              		.cfi_def_cfa_offset 32
 185              		.cfi_offset 3, -32
 186              		.cfi_offset 4, -28
 187              		.cfi_offset 5, -24
 188              		.cfi_offset 6, -20
 189              		.cfi_offset 7, -16
 190              		.cfi_offset 8, -12
 191              		.cfi_offset 9, -8
 192              		.cfi_offset 14, -4
 193 0004 8046     		mov	r8, r0
 194 0006 9946     		mov	r9, r3
 195 0008 089D     		ldr	r5, [sp, #32]
 196 000a 0A9C     		ldr	r4, [sp, #40]
 833:Middlewares/Third_Party/FreeRTOS/Source/tasks.c **** UBaseType_t x;
 197              		.loc 1 833 1 is_stmt 1 view .LVU45
 834:Middlewares/Third_Party/FreeRTOS/Source/tasks.c **** 
 198              		.loc 1 834 1 view .LVU46
 864:Middlewares/Third_Party/FreeRTOS/Source/tasks.c **** 		pxTopOfStack = ( StackType_t * ) ( ( ( portPOINTER_SIZE_TYPE ) pxTopOfStack ) & ( ~( ( portPOINTE
 199              		.loc 1 864 3 view .LVU47
 864:Middlewares/Third_Party/FreeRTOS/Source/tasks.c **** 		pxTopOfStack = ( StackType_t * ) ( ( ( portPOINTER_SIZE_TYPE ) pxTopOfStack ) & ( ~( ( portPOINTE
 200              		.loc 1 864 29 is_stmt 0 view .LVU48
 201 000c 236B     		ldr	r3, [r4, #48]
 202              	.LVL11:
 864:Middlewares/Third_Party/FreeRTOS/Source/tasks.c **** 		pxTopOfStack = ( StackType_t * ) ( ( ( portPOINTER_SIZE_TYPE ) pxTopOfStack ) & ( ~( ( portPOINTE
 203              		.loc 1 864 53 view .LVU49
 204 000e 02F18042 		add	r2, r2, #1073741824
 205              	.LVL12:
 864:Middlewares/Third_Party/FreeRTOS/Source/tasks.c **** 		pxTopOfStack = ( StackType_t * ) ( ( ( portPOINTER_SIZE_TYPE ) pxTopOfStack ) & ( ~( ( portPOINTE
 206              		.loc 1 864 53 view .LVU50
 207 0012 013A     		subs	r2, r2, #1
 208              	.LVL13:
 864:Middlewares/Third_Party/FreeRTOS/Source/tasks.c **** 		pxTopOfStack = ( StackType_t * ) ( ( ( portPOINTER_SIZE_TYPE ) pxTopOfStack ) & ( ~( ( portPOINTE
 209              		.loc 1 864 16 view .LVU51
 210 0014 03EB8203 		add	r3, r3, r2, lsl #2
 211              	.LVL14:
 865:Middlewares/Third_Party/FreeRTOS/Source/tasks.c **** 
 212              		.loc 1 865 3 is_stmt 1 view .LVU52
 865:Middlewares/Third_Party/FreeRTOS/Source/tasks.c **** 
 213              		.loc 1 865 81 is_stmt 0 view .LVU53
 214 0018 23F00703 		bic	r3, r3, #7
ARM GAS  C:\Users\subdia\AppData\Local\Temp\ccqYdsij.s 			page 78


 215              	.LVL15:
 865:Middlewares/Third_Party/FreeRTOS/Source/tasks.c **** 
 216              		.loc 1 865 81 view .LVU54
 217 001c 1F46     		mov	r7, r3
 218              	.LVL16:
 868:Middlewares/Third_Party/FreeRTOS/Source/tasks.c **** 
 219              		.loc 1 868 3 is_stmt 1 view .LVU55
 868:Middlewares/Third_Party/FreeRTOS/Source/tasks.c **** 
 220              		.loc 1 868 124 view .LVU56
 892:Middlewares/Third_Party/FreeRTOS/Source/tasks.c **** 	{
 221              		.loc 1 892 2 view .LVU57
 892:Middlewares/Third_Party/FreeRTOS/Source/tasks.c **** 	{
 222              		.loc 1 892 4 is_stmt 0 view .LVU58
 223 001e 99B3     		cbz	r1, .L29
 224 0020 0846     		mov	r0, r1
 225              	.LVL17:
 894:Middlewares/Third_Party/FreeRTOS/Source/tasks.c **** 		{
 226              		.loc 1 894 10 view .LVU59
 227 0022 4FF0000C 		mov	ip, #0
 228              	.LVL18:
 229              	.L18:
 894:Middlewares/Third_Party/FreeRTOS/Source/tasks.c **** 		{
 230              		.loc 1 894 33 is_stmt 1 discriminator 1 view .LVU60
 231 0026 BCF10F0F 		cmp	ip, #15
 232 002a 09D8     		bhi	.L20
 896:Middlewares/Third_Party/FreeRTOS/Source/tasks.c **** 
 233              		.loc 1 896 4 view .LVU61
 896:Middlewares/Third_Party/FreeRTOS/Source/tasks.c **** 
 234              		.loc 1 896 38 is_stmt 0 view .LVU62
 235 002c 10F80C20 		ldrb	r2, [r0, ip]	@ zero_extendqisi2
 896:Middlewares/Third_Party/FreeRTOS/Source/tasks.c **** 
 236              		.loc 1 896 30 view .LVU63
 237 0030 04EB0C03 		add	r3, r4, ip
 238 0034 83F83420 		strb	r2, [r3, #52]
 901:Middlewares/Third_Party/FreeRTOS/Source/tasks.c **** 			{
 239              		.loc 1 901 4 is_stmt 1 view .LVU64
 901:Middlewares/Third_Party/FreeRTOS/Source/tasks.c **** 			{
 240              		.loc 1 901 6 is_stmt 0 view .LVU65
 241 0038 12B1     		cbz	r2, .L20
 907:Middlewares/Third_Party/FreeRTOS/Source/tasks.c **** 			}
 242              		.loc 1 907 29 is_stmt 1 view .LVU66
 894:Middlewares/Third_Party/FreeRTOS/Source/tasks.c **** 		{
 243              		.loc 1 894 77 discriminator 2 view .LVU67
 244 003a 0CF1010C 		add	ip, ip, #1
 245              	.LVL19:
 894:Middlewares/Third_Party/FreeRTOS/Source/tasks.c **** 		{
 246              		.loc 1 894 77 is_stmt 0 discriminator 2 view .LVU68
 247 003e F2E7     		b	.L18
 248              	.LVL20:
 249              	.L20:
 913:Middlewares/Third_Party/FreeRTOS/Source/tasks.c **** 	}
 250              		.loc 1 913 3 is_stmt 1 view .LVU69
 913:Middlewares/Third_Party/FreeRTOS/Source/tasks.c **** 	}
 251              		.loc 1 913 55 is_stmt 0 view .LVU70
 252 0040 0023     		movs	r3, #0
 253 0042 84F84330 		strb	r3, [r4, #67]
 254              	.LVL21:
ARM GAS  C:\Users\subdia\AppData\Local\Temp\ccqYdsij.s 			page 79


 255              	.L22:
 924:Middlewares/Third_Party/FreeRTOS/Source/tasks.c **** 	{
 256              		.loc 1 924 2 is_stmt 1 view .LVU71
 924:Middlewares/Third_Party/FreeRTOS/Source/tasks.c **** 	{
 257              		.loc 1 924 4 is_stmt 0 view .LVU72
 258 0046 062D     		cmp	r5, #6
 259 0048 00D9     		bls	.L23
 926:Middlewares/Third_Party/FreeRTOS/Source/tasks.c **** 	}
 260              		.loc 1 926 14 view .LVU73
 261 004a 0625     		movs	r5, #6
 262              	.L23:
 263              	.LVL22:
 930:Middlewares/Third_Party/FreeRTOS/Source/tasks.c **** 	}
 264              		.loc 1 930 27 is_stmt 1 view .LVU74
 933:Middlewares/Third_Party/FreeRTOS/Source/tasks.c **** 	#if ( configUSE_MUTEXES == 1 )
 265              		.loc 1 933 2 view .LVU75
 933:Middlewares/Third_Party/FreeRTOS/Source/tasks.c **** 	#if ( configUSE_MUTEXES == 1 )
 266              		.loc 1 933 23 is_stmt 0 view .LVU76
 267 004c E562     		str	r5, [r4, #44]
 936:Middlewares/Third_Party/FreeRTOS/Source/tasks.c **** 		pxNewTCB->uxMutexesHeld = 0;
 268              		.loc 1 936 3 is_stmt 1 view .LVU77
 936:Middlewares/Third_Party/FreeRTOS/Source/tasks.c **** 		pxNewTCB->uxMutexesHeld = 0;
 269              		.loc 1 936 28 is_stmt 0 view .LVU78
 270 004e 6564     		str	r5, [r4, #68]
 937:Middlewares/Third_Party/FreeRTOS/Source/tasks.c **** 	}
 271              		.loc 1 937 3 is_stmt 1 view .LVU79
 937:Middlewares/Third_Party/FreeRTOS/Source/tasks.c **** 	}
 272              		.loc 1 937 27 is_stmt 0 view .LVU80
 273 0050 0026     		movs	r6, #0
 274 0052 A664     		str	r6, [r4, #72]
 941:Middlewares/Third_Party/FreeRTOS/Source/tasks.c **** 	vListInitialiseItem( &( pxNewTCB->xEventListItem ) );
 275              		.loc 1 941 2 is_stmt 1 view .LVU81
 276 0054 201D     		adds	r0, r4, #4
 277 0056 FFF7FEFF 		bl	vListInitialiseItem
 278              	.LVL23:
 942:Middlewares/Third_Party/FreeRTOS/Source/tasks.c **** 
 279              		.loc 1 942 2 view .LVU82
 280 005a 04F11800 		add	r0, r4, #24
 281 005e FFF7FEFF 		bl	vListInitialiseItem
 282              	.LVL24:
 946:Middlewares/Third_Party/FreeRTOS/Source/tasks.c **** 
 283              		.loc 1 946 2 view .LVU83
 284 0062 2461     		str	r4, [r4, #16]
 949:Middlewares/Third_Party/FreeRTOS/Source/tasks.c **** 	listSET_LIST_ITEM_OWNER( &( pxNewTCB->xEventListItem ), pxNewTCB );
 285              		.loc 1 949 2 view .LVU84
 286 0064 C5F10705 		rsb	r5, r5, #7
 287              	.LVL25:
 949:Middlewares/Third_Party/FreeRTOS/Source/tasks.c **** 	listSET_LIST_ITEM_OWNER( &( pxNewTCB->xEventListItem ), pxNewTCB );
 288              		.loc 1 949 2 is_stmt 0 view .LVU85
 289 0068 A561     		str	r5, [r4, #24]
 950:Middlewares/Third_Party/FreeRTOS/Source/tasks.c **** 
 290              		.loc 1 950 2 is_stmt 1 view .LVU86
 291 006a 6462     		str	r4, [r4, #36]
 977:Middlewares/Third_Party/FreeRTOS/Source/tasks.c **** 	}
 292              		.loc 1 977 3 view .LVU87
 992:Middlewares/Third_Party/FreeRTOS/Source/tasks.c **** 		pxNewTCB->ucNotifyState = taskNOT_WAITING_NOTIFICATION;
 293              		.loc 1 992 3 view .LVU88
ARM GAS  C:\Users\subdia\AppData\Local\Temp\ccqYdsij.s 			page 80


 992:Middlewares/Third_Party/FreeRTOS/Source/tasks.c **** 		pxNewTCB->ucNotifyState = taskNOT_WAITING_NOTIFICATION;
 294              		.loc 1 992 29 is_stmt 0 view .LVU89
 295 006c E664     		str	r6, [r4, #76]
 993:Middlewares/Third_Party/FreeRTOS/Source/tasks.c **** 	}
 296              		.loc 1 993 3 is_stmt 1 view .LVU90
 993:Middlewares/Third_Party/FreeRTOS/Source/tasks.c **** 	}
 297              		.loc 1 993 27 is_stmt 0 view .LVU91
 298 006e 84F85060 		strb	r6, [r4, #80]
1058:Middlewares/Third_Party/FreeRTOS/Source/tasks.c **** 		}
 299              		.loc 1 1058 4 is_stmt 1 view .LVU92
1058:Middlewares/Third_Party/FreeRTOS/Source/tasks.c **** 		}
 300              		.loc 1 1058 29 is_stmt 0 view .LVU93
 301 0072 4A46     		mov	r2, r9
 302 0074 4146     		mov	r1, r8
 303 0076 3846     		mov	r0, r7
 304 0078 FFF7FEFF 		bl	pxPortInitialiseStack
 305              	.LVL26:
1058:Middlewares/Third_Party/FreeRTOS/Source/tasks.c **** 		}
 306              		.loc 1 1058 27 discriminator 1 view .LVU94
 307 007c 2060     		str	r0, [r4]
1064:Middlewares/Third_Party/FreeRTOS/Source/tasks.c **** 	{
 308              		.loc 1 1064 2 is_stmt 1 view .LVU95
1064:Middlewares/Third_Party/FreeRTOS/Source/tasks.c **** 	{
 309              		.loc 1 1064 4 is_stmt 0 view .LVU96
 310 007e 099B     		ldr	r3, [sp, #36]
 311 0080 03B1     		cbz	r3, .L17
1068:Middlewares/Third_Party/FreeRTOS/Source/tasks.c **** 	}
 312              		.loc 1 1068 3 is_stmt 1 view .LVU97
1068:Middlewares/Third_Party/FreeRTOS/Source/tasks.c **** 	}
 313              		.loc 1 1068 18 is_stmt 0 view .LVU98
 314 0082 1C60     		str	r4, [r3]
1072:Middlewares/Third_Party/FreeRTOS/Source/tasks.c **** 	}
 315              		.loc 1 1072 27 is_stmt 1 view .LVU99
 316              	.L17:
1074:Middlewares/Third_Party/FreeRTOS/Source/tasks.c **** /*-----------------------------------------------------------*/
 317              		.loc 1 1074 1 is_stmt 0 view .LVU100
 318 0084 BDE8F883 		pop	{r3, r4, r5, r6, r7, r8, r9, pc}
 319              	.LVL27:
 320              	.L29:
 919:Middlewares/Third_Party/FreeRTOS/Source/tasks.c **** 	}
 321              		.loc 1 919 3 is_stmt 1 view .LVU101
 919:Middlewares/Third_Party/FreeRTOS/Source/tasks.c **** 	}
 322              		.loc 1 919 29 is_stmt 0 view .LVU102
 323 0088 0023     		movs	r3, #0
 324              	.LVL28:
 919:Middlewares/Third_Party/FreeRTOS/Source/tasks.c **** 	}
 325              		.loc 1 919 29 view .LVU103
 326 008a 84F83430 		strb	r3, [r4, #52]
 327 008e DAE7     		b	.L22
 328              		.cfi_endproc
 329              	.LFE7:
 331              		.section	.text.prvInitialiseTaskLists,"ax",%progbits
 332              		.align	1
 333              		.syntax unified
 334              		.thumb
 335              		.thumb_func
 337              	prvInitialiseTaskLists:
ARM GAS  C:\Users\subdia\AppData\Local\Temp\ccqYdsij.s 			page 81


 338              	.LFB38:
3608:Middlewares/Third_Party/FreeRTOS/Source/tasks.c **** UBaseType_t uxPriority;
 339              		.loc 1 3608 1 is_stmt 1 view -0
 340              		.cfi_startproc
 341              		@ args = 0, pretend = 0, frame = 0
 342              		@ frame_needed = 0, uses_anonymous_args = 0
 343 0000 38B5     		push	{r3, r4, r5, lr}
 344              	.LCFI1:
 345              		.cfi_def_cfa_offset 16
 346              		.cfi_offset 3, -16
 347              		.cfi_offset 4, -12
 348              		.cfi_offset 5, -8
 349              		.cfi_offset 14, -4
3609:Middlewares/Third_Party/FreeRTOS/Source/tasks.c **** 
 350              		.loc 1 3609 1 view .LVU105
3611:Middlewares/Third_Party/FreeRTOS/Source/tasks.c **** 	{
 351              		.loc 1 3611 2 view .LVU106
 352              	.LVL29:
3611:Middlewares/Third_Party/FreeRTOS/Source/tasks.c **** 	{
 353              		.loc 1 3611 18 is_stmt 0 view .LVU107
 354 0002 0024     		movs	r4, #0
3611:Middlewares/Third_Party/FreeRTOS/Source/tasks.c **** 	{
 355              		.loc 1 3611 2 view .LVU108
 356 0004 07E0     		b	.L31
 357              	.LVL30:
 358              	.L32:
3613:Middlewares/Third_Party/FreeRTOS/Source/tasks.c **** 	}
 359              		.loc 1 3613 3 is_stmt 1 view .LVU109
3613:Middlewares/Third_Party/FreeRTOS/Source/tasks.c **** 	}
 360              		.loc 1 3613 20 is_stmt 0 view .LVU110
 361 0006 04EB8400 		add	r0, r4, r4, lsl #2
3613:Middlewares/Third_Party/FreeRTOS/Source/tasks.c **** 	}
 362              		.loc 1 3613 3 view .LVU111
 363 000a 0F4B     		ldr	r3, .L34
 364 000c 03EB8000 		add	r0, r3, r0, lsl #2
 365 0010 FFF7FEFF 		bl	vListInitialise
 366              	.LVL31:
3611:Middlewares/Third_Party/FreeRTOS/Source/tasks.c **** 	{
 367              		.loc 1 3611 101 is_stmt 1 discriminator 3 view .LVU112
 368 0014 0134     		adds	r4, r4, #1
 369              	.LVL32:
 370              	.L31:
3611:Middlewares/Third_Party/FreeRTOS/Source/tasks.c **** 	{
 371              		.loc 1 3611 51 discriminator 1 view .LVU113
 372 0016 062C     		cmp	r4, #6
 373 0018 F5D9     		bls	.L32
3616:Middlewares/Third_Party/FreeRTOS/Source/tasks.c **** 	vListInitialise( &xDelayedTaskList2 );
 374              		.loc 1 3616 2 view .LVU114
 375 001a 0C4D     		ldr	r5, .L34+4
 376 001c 2846     		mov	r0, r5
 377 001e FFF7FEFF 		bl	vListInitialise
 378              	.LVL33:
3617:Middlewares/Third_Party/FreeRTOS/Source/tasks.c **** 	vListInitialise( &xPendingReadyList );
 379              		.loc 1 3617 2 view .LVU115
 380 0022 0B4C     		ldr	r4, .L34+8
 381              	.LVL34:
3617:Middlewares/Third_Party/FreeRTOS/Source/tasks.c **** 	vListInitialise( &xPendingReadyList );
ARM GAS  C:\Users\subdia\AppData\Local\Temp\ccqYdsij.s 			page 82


 382              		.loc 1 3617 2 is_stmt 0 view .LVU116
 383 0024 2046     		mov	r0, r4
 384 0026 FFF7FEFF 		bl	vListInitialise
 385              	.LVL35:
3618:Middlewares/Third_Party/FreeRTOS/Source/tasks.c **** 
 386              		.loc 1 3618 2 is_stmt 1 view .LVU117
 387 002a 0A48     		ldr	r0, .L34+12
 388 002c FFF7FEFF 		bl	vListInitialise
 389              	.LVL36:
3622:Middlewares/Third_Party/FreeRTOS/Source/tasks.c **** 	}
 390              		.loc 1 3622 3 view .LVU118
 391 0030 0948     		ldr	r0, .L34+16
 392 0032 FFF7FEFF 		bl	vListInitialise
 393              	.LVL37:
3628:Middlewares/Third_Party/FreeRTOS/Source/tasks.c **** 	}
 394              		.loc 1 3628 3 view .LVU119
 395 0036 0948     		ldr	r0, .L34+20
 396 0038 FFF7FEFF 		bl	vListInitialise
 397              	.LVL38:
3634:Middlewares/Third_Party/FreeRTOS/Source/tasks.c **** 	pxOverflowDelayedTaskList = &xDelayedTaskList2;
 398              		.loc 1 3634 2 view .LVU120
3634:Middlewares/Third_Party/FreeRTOS/Source/tasks.c **** 	pxOverflowDelayedTaskList = &xDelayedTaskList2;
 399              		.loc 1 3634 20 is_stmt 0 view .LVU121
 400 003c 084B     		ldr	r3, .L34+24
 401 003e 1D60     		str	r5, [r3]
3635:Middlewares/Third_Party/FreeRTOS/Source/tasks.c **** }
 402              		.loc 1 3635 2 is_stmt 1 view .LVU122
3635:Middlewares/Third_Party/FreeRTOS/Source/tasks.c **** }
 403              		.loc 1 3635 28 is_stmt 0 view .LVU123
 404 0040 084B     		ldr	r3, .L34+28
 405 0042 1C60     		str	r4, [r3]
3636:Middlewares/Third_Party/FreeRTOS/Source/tasks.c **** /*-----------------------------------------------------------*/
 406              		.loc 1 3636 1 view .LVU124
 407 0044 38BD     		pop	{r3, r4, r5, pc}
 408              	.L35:
 409 0046 00BF     		.align	2
 410              	.L34:
 411 0048 00000000 		.word	pxReadyTasksLists
 412 004c 00000000 		.word	xDelayedTaskList1
 413 0050 00000000 		.word	xDelayedTaskList2
 414 0054 00000000 		.word	xPendingReadyList
 415 0058 00000000 		.word	xTasksWaitingTermination
 416 005c 00000000 		.word	xSuspendedTaskList
 417 0060 00000000 		.word	pxDelayedTaskList
 418 0064 00000000 		.word	pxOverflowDelayedTaskList
 419              		.cfi_endproc
 420              	.LFE38:
 422              		.section	.text.prvAddNewTaskToReadyList,"ax",%progbits
 423              		.align	1
 424              		.syntax unified
 425              		.thumb
 426              		.thumb_func
 428              	prvAddNewTaskToReadyList:
 429              	.LVL39:
 430              	.LFB8:
1078:Middlewares/Third_Party/FreeRTOS/Source/tasks.c **** 	/* Ensure interrupts don't access the task lists while the lists are being
 431              		.loc 1 1078 1 is_stmt 1 view -0
ARM GAS  C:\Users\subdia\AppData\Local\Temp\ccqYdsij.s 			page 83


 432              		.cfi_startproc
 433              		@ args = 0, pretend = 0, frame = 0
 434              		@ frame_needed = 0, uses_anonymous_args = 0
1078:Middlewares/Third_Party/FreeRTOS/Source/tasks.c **** 	/* Ensure interrupts don't access the task lists while the lists are being
 435              		.loc 1 1078 1 is_stmt 0 view .LVU126
 436 0000 10B5     		push	{r4, lr}
 437              	.LCFI2:
 438              		.cfi_def_cfa_offset 8
 439              		.cfi_offset 4, -8
 440              		.cfi_offset 14, -4
 441 0002 0446     		mov	r4, r0
1081:Middlewares/Third_Party/FreeRTOS/Source/tasks.c **** 	{
 442              		.loc 1 1081 2 is_stmt 1 view .LVU127
 443 0004 FFF7FEFF 		bl	vPortEnterCritical
 444              	.LVL40:
1083:Middlewares/Third_Party/FreeRTOS/Source/tasks.c **** 		if( pxCurrentTCB == NULL )
 445              		.loc 1 1083 3 view .LVU128
1083:Middlewares/Third_Party/FreeRTOS/Source/tasks.c **** 		if( pxCurrentTCB == NULL )
 446              		.loc 1 1083 25 is_stmt 0 view .LVU129
 447 0008 214A     		ldr	r2, .L43
 448 000a 1368     		ldr	r3, [r2]
 449 000c 0133     		adds	r3, r3, #1
 450 000e 1360     		str	r3, [r2]
1084:Middlewares/Third_Party/FreeRTOS/Source/tasks.c **** 		{
 451              		.loc 1 1084 3 is_stmt 1 view .LVU130
1084:Middlewares/Third_Party/FreeRTOS/Source/tasks.c **** 		{
 452              		.loc 1 1084 20 is_stmt 0 view .LVU131
 453 0010 204B     		ldr	r3, .L43+4
 454 0012 1B68     		ldr	r3, [r3]
1084:Middlewares/Third_Party/FreeRTOS/Source/tasks.c **** 		{
 455              		.loc 1 1084 5 view .LVU132
 456 0014 5BB1     		cbz	r3, .L41
1107:Middlewares/Third_Party/FreeRTOS/Source/tasks.c **** 			{
 457              		.loc 1 1107 4 is_stmt 1 view .LVU133
1107:Middlewares/Third_Party/FreeRTOS/Source/tasks.c **** 			{
 458              		.loc 1 1107 26 is_stmt 0 view .LVU134
 459 0016 204B     		ldr	r3, .L43+8
 460 0018 1B68     		ldr	r3, [r3]
1107:Middlewares/Third_Party/FreeRTOS/Source/tasks.c **** 			{
 461              		.loc 1 1107 6 view .LVU135
 462 001a 6BB9     		cbnz	r3, .L38
1109:Middlewares/Third_Party/FreeRTOS/Source/tasks.c **** 				{
 463              		.loc 1 1109 5 is_stmt 1 view .LVU136
1109:Middlewares/Third_Party/FreeRTOS/Source/tasks.c **** 				{
 464              		.loc 1 1109 21 is_stmt 0 view .LVU137
 465 001c 1D4B     		ldr	r3, .L43+4
 466 001e 1B68     		ldr	r3, [r3]
 467 0020 DA6A     		ldr	r2, [r3, #44]
1109:Middlewares/Third_Party/FreeRTOS/Source/tasks.c **** 				{
 468              		.loc 1 1109 45 view .LVU138
 469 0022 E36A     		ldr	r3, [r4, #44]
1109:Middlewares/Third_Party/FreeRTOS/Source/tasks.c **** 				{
 470              		.loc 1 1109 7 view .LVU139
 471 0024 9A42     		cmp	r2, r3
 472 0026 07D8     		bhi	.L38
1111:Middlewares/Third_Party/FreeRTOS/Source/tasks.c **** 				}
 473              		.loc 1 1111 6 is_stmt 1 view .LVU140
ARM GAS  C:\Users\subdia\AppData\Local\Temp\ccqYdsij.s 			page 84


1111:Middlewares/Third_Party/FreeRTOS/Source/tasks.c **** 				}
 474              		.loc 1 1111 19 is_stmt 0 view .LVU141
 475 0028 1A4B     		ldr	r3, .L43+4
 476 002a 1C60     		str	r4, [r3]
 477 002c 04E0     		b	.L38
 478              	.L41:
1088:Middlewares/Third_Party/FreeRTOS/Source/tasks.c **** 
 479              		.loc 1 1088 4 is_stmt 1 view .LVU142
1088:Middlewares/Third_Party/FreeRTOS/Source/tasks.c **** 
 480              		.loc 1 1088 17 is_stmt 0 view .LVU143
 481 002e 194B     		ldr	r3, .L43+4
 482 0030 1C60     		str	r4, [r3]
1090:Middlewares/Third_Party/FreeRTOS/Source/tasks.c **** 			{
 483              		.loc 1 1090 4 is_stmt 1 view .LVU144
1090:Middlewares/Third_Party/FreeRTOS/Source/tasks.c **** 			{
 484              		.loc 1 1090 31 is_stmt 0 view .LVU145
 485 0032 1368     		ldr	r3, [r2]
1090:Middlewares/Third_Party/FreeRTOS/Source/tasks.c **** 			{
 486              		.loc 1 1090 6 view .LVU146
 487 0034 012B     		cmp	r3, #1
 488 0036 28D0     		beq	.L42
 489              	.L38:
1120:Middlewares/Third_Party/FreeRTOS/Source/tasks.c **** 			}
 490              		.loc 1 1120 29 is_stmt 1 view .LVU147
1124:Middlewares/Third_Party/FreeRTOS/Source/tasks.c **** 
 491              		.loc 1 1124 3 view .LVU148
1124:Middlewares/Third_Party/FreeRTOS/Source/tasks.c **** 
 492              		.loc 1 1124 15 is_stmt 0 view .LVU149
 493 0038 184A     		ldr	r2, .L43+12
 494 003a 1368     		ldr	r3, [r2]
 495 003c 0133     		adds	r3, r3, #1
 496 003e 1360     		str	r3, [r2]
1132:Middlewares/Third_Party/FreeRTOS/Source/tasks.c **** 
 497              		.loc 1 1132 31 is_stmt 1 view .LVU150
1134:Middlewares/Third_Party/FreeRTOS/Source/tasks.c **** 
 498              		.loc 1 1134 3 view .LVU151
1134:Middlewares/Third_Party/FreeRTOS/Source/tasks.c **** 
 499              		.loc 1 1134 3 view .LVU152
 500 0040 E06A     		ldr	r0, [r4, #44]
 501 0042 0123     		movs	r3, #1
 502 0044 8340     		lsls	r3, r3, r0
 503 0046 164A     		ldr	r2, .L43+16
 504 0048 1168     		ldr	r1, [r2]
 505 004a 0B43     		orrs	r3, r3, r1
 506 004c 1360     		str	r3, [r2]
1134:Middlewares/Third_Party/FreeRTOS/Source/tasks.c **** 
 507              		.loc 1 1134 3 view .LVU153
 508 004e 00EB8000 		add	r0, r0, r0, lsl #2
 509 0052 211D     		adds	r1, r4, #4
 510 0054 134B     		ldr	r3, .L43+20
 511 0056 03EB8000 		add	r0, r3, r0, lsl #2
 512 005a FFF7FEFF 		bl	vListInsertEnd
 513              	.LVL41:
1134:Middlewares/Third_Party/FreeRTOS/Source/tasks.c **** 
 514              		.loc 1 1134 36 discriminator 1 view .LVU154
1136:Middlewares/Third_Party/FreeRTOS/Source/tasks.c **** 	}
 515              		.loc 1 1136 3 view .LVU155
ARM GAS  C:\Users\subdia\AppData\Local\Temp\ccqYdsij.s 			page 85


1138:Middlewares/Third_Party/FreeRTOS/Source/tasks.c **** 
 516              		.loc 1 1138 2 view .LVU156
 517 005e FFF7FEFF 		bl	vPortExitCritical
 518              	.LVL42:
1140:Middlewares/Third_Party/FreeRTOS/Source/tasks.c **** 	{
 519              		.loc 1 1140 2 view .LVU157
1140:Middlewares/Third_Party/FreeRTOS/Source/tasks.c **** 	{
 520              		.loc 1 1140 24 is_stmt 0 view .LVU158
 521 0062 0D4B     		ldr	r3, .L43+8
 522 0064 1B68     		ldr	r3, [r3]
1140:Middlewares/Third_Party/FreeRTOS/Source/tasks.c **** 	{
 523              		.loc 1 1140 4 view .LVU159
 524 0066 7BB1     		cbz	r3, .L36
1144:Middlewares/Third_Party/FreeRTOS/Source/tasks.c **** 		{
 525              		.loc 1 1144 3 is_stmt 1 view .LVU160
1144:Middlewares/Third_Party/FreeRTOS/Source/tasks.c **** 		{
 526              		.loc 1 1144 19 is_stmt 0 view .LVU161
 527 0068 0A4B     		ldr	r3, .L43+4
 528 006a 1B68     		ldr	r3, [r3]
 529 006c DA6A     		ldr	r2, [r3, #44]
1144:Middlewares/Third_Party/FreeRTOS/Source/tasks.c **** 		{
 530              		.loc 1 1144 42 view .LVU162
 531 006e E36A     		ldr	r3, [r4, #44]
1144:Middlewares/Third_Party/FreeRTOS/Source/tasks.c **** 		{
 532              		.loc 1 1144 5 view .LVU163
 533 0070 9A42     		cmp	r2, r3
 534 0072 09D2     		bcs	.L36
1146:Middlewares/Third_Party/FreeRTOS/Source/tasks.c **** 		}
 535              		.loc 1 1146 4 is_stmt 1 view .LVU164
 536 0074 4FF0E023 		mov	r3, #-536813568
 537 0078 4FF08052 		mov	r2, #268435456
 538 007c C3F8042D 		str	r2, [r3, #3332]
1146:Middlewares/Third_Party/FreeRTOS/Source/tasks.c **** 		}
 539              		.loc 1 1146 4 view .LVU165
 540              		.syntax unified
 541              	@ 1146 "Middlewares/Third_Party/FreeRTOS/Source/tasks.c" 1
 542 0080 BFF34F8F 		dsb
 543              	@ 0 "" 2
1146:Middlewares/Third_Party/FreeRTOS/Source/tasks.c **** 		}
 544              		.loc 1 1146 4 view .LVU166
 545              	@ 1146 "Middlewares/Third_Party/FreeRTOS/Source/tasks.c" 1
 546 0084 BFF36F8F 		isb
 547              	@ 0 "" 2
1146:Middlewares/Third_Party/FreeRTOS/Source/tasks.c **** 		}
 548              		.loc 1 1146 35 view .LVU167
1155:Middlewares/Third_Party/FreeRTOS/Source/tasks.c **** 	}
 549              		.loc 1 1155 27 view .LVU168
 550              		.thumb
 551              		.syntax unified
 552              	.L36:
1157:Middlewares/Third_Party/FreeRTOS/Source/tasks.c **** /*-----------------------------------------------------------*/
 553              		.loc 1 1157 1 is_stmt 0 view .LVU169
 554 0088 10BD     		pop	{r4, pc}
 555              	.LVL43:
 556              	.L42:
1095:Middlewares/Third_Party/FreeRTOS/Source/tasks.c **** 			}
 557              		.loc 1 1095 5 is_stmt 1 view .LVU170
ARM GAS  C:\Users\subdia\AppData\Local\Temp\ccqYdsij.s 			page 86


 558 008a FFF7FEFF 		bl	prvInitialiseTaskLists
 559              	.LVL44:
 560 008e D3E7     		b	.L38
 561              	.L44:
 562              		.align	2
 563              	.L43:
 564 0090 00000000 		.word	uxCurrentNumberOfTasks
 565 0094 00000000 		.word	pxCurrentTCB
 566 0098 00000000 		.word	xSchedulerRunning
 567 009c 00000000 		.word	uxTaskNumber
 568 00a0 00000000 		.word	uxTopReadyPriority
 569 00a4 00000000 		.word	pxReadyTasksLists
 570              		.cfi_endproc
 571              	.LFE8:
 573              		.section	.text.prvDeleteTCB,"ax",%progbits
 574              		.align	1
 575              		.syntax unified
 576              		.thumb
 577              		.thumb_func
 579              	prvDeleteTCB:
 580              	.LVL45:
 581              	.LFB40:
3888:Middlewares/Third_Party/FreeRTOS/Source/tasks.c **** 		/* This call is required specifically for the TriCore port.  It must be
 582              		.loc 1 3888 2 view -0
 583              		.cfi_startproc
 584              		@ args = 0, pretend = 0, frame = 0
 585              		@ frame_needed = 0, uses_anonymous_args = 0
3888:Middlewares/Third_Party/FreeRTOS/Source/tasks.c **** 		/* This call is required specifically for the TriCore port.  It must be
 586              		.loc 1 3888 2 is_stmt 0 view .LVU172
 587 0000 10B5     		push	{r4, lr}
 588              	.LCFI3:
 589              		.cfi_def_cfa_offset 8
 590              		.cfi_offset 4, -8
 591              		.cfi_offset 14, -4
 592 0002 0446     		mov	r4, r0
3892:Middlewares/Third_Party/FreeRTOS/Source/tasks.c **** 
 593              		.loc 1 3892 3 is_stmt 1 view .LVU173
3916:Middlewares/Third_Party/FreeRTOS/Source/tasks.c **** 			{
 594              		.loc 1 3916 4 view .LVU174
3916:Middlewares/Third_Party/FreeRTOS/Source/tasks.c **** 			{
 595              		.loc 1 3916 13 is_stmt 0 view .LVU175
 596 0004 90F85130 		ldrb	r3, [r0, #81]	@ zero_extendqisi2
3916:Middlewares/Third_Party/FreeRTOS/Source/tasks.c **** 			{
 597              		.loc 1 3916 6 view .LVU176
 598 0008 63B1     		cbz	r3, .L51
3923:Middlewares/Third_Party/FreeRTOS/Source/tasks.c **** 			{
 599              		.loc 1 3923 9 is_stmt 1 view .LVU177
3923:Middlewares/Third_Party/FreeRTOS/Source/tasks.c **** 			{
 600              		.loc 1 3923 11 is_stmt 0 view .LVU178
 601 000a 012B     		cmp	r3, #1
 602 000c 11D0     		beq	.L52
3933:Middlewares/Third_Party/FreeRTOS/Source/tasks.c **** 				mtCOVERAGE_TEST_MARKER();
 603              		.loc 1 3933 5 is_stmt 1 view .LVU179
 604 000e 022B     		cmp	r3, #2
 605 0010 0ED0     		beq	.L45
3933:Middlewares/Third_Party/FreeRTOS/Source/tasks.c **** 				mtCOVERAGE_TEST_MARKER();
 606              		.loc 1 3933 5 discriminator 1 view .LVU180
ARM GAS  C:\Users\subdia\AppData\Local\Temp\ccqYdsij.s 			page 87


 607              	.LBB112:
 608              	.LBI112:
 193:Middlewares/Third_Party/FreeRTOS/Source/portable/GCC/ARM_CM3/portmacro.h **** {
 609              		.loc 2 193 30 view .LVU181
 610              	.LBB113:
 195:Middlewares/Third_Party/FreeRTOS/Source/portable/GCC/ARM_CM3/portmacro.h **** 
 611              		.loc 2 195 1 view .LVU182
 612              		.loc 2 197 2 view .LVU183
 613              		.syntax unified
 614              	@ 197 "Middlewares/Third_Party/FreeRTOS/Source/portable/GCC/ARM_CM3/portmacro.h" 1
 615 0012 4FF05003 			mov r3, #80												
 616 0016 83F31188 		msr basepri, r3											
 617 001a BFF36F8F 		isb														
 618 001e BFF34F8F 		dsb														
 619              	
 620              	@ 0 "" 2
 621              		.thumb
 622              		.syntax unified
 623              	.L49:
 624              	.LBE113:
 625              	.LBE112:
3933:Middlewares/Third_Party/FreeRTOS/Source/tasks.c **** 				mtCOVERAGE_TEST_MARKER();
 626              		.loc 1 3933 5 view .LVU184
 627 0022 FEE7     		b	.L49
 628              	.L51:
3920:Middlewares/Third_Party/FreeRTOS/Source/tasks.c **** 				vPortFree( pxTCB );
 629              		.loc 1 3920 5 view .LVU185
 630 0024 006B     		ldr	r0, [r0, #48]
 631              	.LVL46:
3920:Middlewares/Third_Party/FreeRTOS/Source/tasks.c **** 				vPortFree( pxTCB );
 632              		.loc 1 3920 5 is_stmt 0 view .LVU186
 633 0026 FFF7FEFF 		bl	vPortFree
 634              	.LVL47:
3921:Middlewares/Third_Party/FreeRTOS/Source/tasks.c **** 			}
 635              		.loc 1 3921 5 is_stmt 1 view .LVU187
 636 002a 2046     		mov	r0, r4
 637 002c FFF7FEFF 		bl	vPortFree
 638              	.LVL48:
 639              	.L45:
3938:Middlewares/Third_Party/FreeRTOS/Source/tasks.c **** 
 640              		.loc 1 3938 2 is_stmt 0 view .LVU188
 641 0030 10BD     		pop	{r4, pc}
 642              	.LVL49:
 643              	.L52:
3927:Middlewares/Third_Party/FreeRTOS/Source/tasks.c **** 			}
 644              		.loc 1 3927 5 is_stmt 1 view .LVU189
 645 0032 FFF7FEFF 		bl	vPortFree
 646              	.LVL50:
3927:Middlewares/Third_Party/FreeRTOS/Source/tasks.c **** 			}
 647              		.loc 1 3927 5 is_stmt 0 view .LVU190
 648 0036 FBE7     		b	.L45
 649              		.cfi_endproc
 650              	.LFE40:
 652              		.section	.text.prvCheckTasksWaitingTermination,"ax",%progbits
 653              		.align	1
 654              		.syntax unified
 655              		.thumb
ARM GAS  C:\Users\subdia\AppData\Local\Temp\ccqYdsij.s 			page 88


 656              		.thumb_func
 658              	prvCheckTasksWaitingTermination:
 659              	.LFB39:
3640:Middlewares/Third_Party/FreeRTOS/Source/tasks.c **** 
 660              		.loc 1 3640 1 is_stmt 1 view -0
 661              		.cfi_startproc
 662              		@ args = 0, pretend = 0, frame = 0
 663              		@ frame_needed = 0, uses_anonymous_args = 0
 664              	.LBB114:
3646:Middlewares/Third_Party/FreeRTOS/Source/tasks.c **** 
 665              		.loc 1 3646 3 view .LVU192
3650:Middlewares/Third_Party/FreeRTOS/Source/tasks.c **** 		{
 666              		.loc 1 3650 3 view .LVU193
3650:Middlewares/Third_Party/FreeRTOS/Source/tasks.c **** 		{
 667              		.loc 1 3650 39 view .LVU194
 668 0000 0F4B     		ldr	r3, .L60
 669 0002 1B68     		ldr	r3, [r3]
 670 0004 D3B1     		cbz	r3, .L59
 671              	.LBE114:
3640:Middlewares/Third_Party/FreeRTOS/Source/tasks.c **** 
 672              		.loc 1 3640 1 is_stmt 0 view .LVU195
 673 0006 10B5     		push	{r4, lr}
 674              	.LCFI4:
 675              		.cfi_def_cfa_offset 8
 676              		.cfi_offset 4, -8
 677              		.cfi_offset 14, -4
 678              	.L55:
 679              	.LBB115:
3652:Middlewares/Third_Party/FreeRTOS/Source/tasks.c **** 			{
 680              		.loc 1 3652 4 is_stmt 1 view .LVU196
 681 0008 FFF7FEFF 		bl	vPortEnterCritical
 682              	.LVL51:
3654:Middlewares/Third_Party/FreeRTOS/Source/tasks.c **** 				( void ) uxListRemove( &( pxTCB->xStateListItem ) );
 683              		.loc 1 3654 5 view .LVU197
3654:Middlewares/Third_Party/FreeRTOS/Source/tasks.c **** 				( void ) uxListRemove( &( pxTCB->xStateListItem ) );
 684              		.loc 1 3654 13 is_stmt 0 view .LVU198
 685 000c 0D4B     		ldr	r3, .L60+4
 686 000e DB68     		ldr	r3, [r3, #12]
3654:Middlewares/Third_Party/FreeRTOS/Source/tasks.c **** 				( void ) uxListRemove( &( pxTCB->xStateListItem ) );
 687              		.loc 1 3654 11 view .LVU199
 688 0010 DC68     		ldr	r4, [r3, #12]
 689              	.LVL52:
3655:Middlewares/Third_Party/FreeRTOS/Source/tasks.c **** 				--uxCurrentNumberOfTasks;
 690              		.loc 1 3655 5 is_stmt 1 view .LVU200
3655:Middlewares/Third_Party/FreeRTOS/Source/tasks.c **** 				--uxCurrentNumberOfTasks;
 691              		.loc 1 3655 14 is_stmt 0 view .LVU201
 692 0012 201D     		adds	r0, r4, #4
 693 0014 FFF7FEFF 		bl	uxListRemove
 694              	.LVL53:
3656:Middlewares/Third_Party/FreeRTOS/Source/tasks.c **** 				--uxDeletedTasksWaitingCleanUp;
 695              		.loc 1 3656 5 is_stmt 1 view .LVU202
 696 0018 0B4A     		ldr	r2, .L60+8
 697 001a 1368     		ldr	r3, [r2]
 698 001c 013B     		subs	r3, r3, #1
 699 001e 1360     		str	r3, [r2]
3657:Middlewares/Third_Party/FreeRTOS/Source/tasks.c **** 			}
 700              		.loc 1 3657 5 view .LVU203
ARM GAS  C:\Users\subdia\AppData\Local\Temp\ccqYdsij.s 			page 89


 701 0020 074A     		ldr	r2, .L60
 702 0022 1368     		ldr	r3, [r2]
 703 0024 013B     		subs	r3, r3, #1
 704 0026 1360     		str	r3, [r2]
3659:Middlewares/Third_Party/FreeRTOS/Source/tasks.c **** 
 705              		.loc 1 3659 4 view .LVU204
 706 0028 FFF7FEFF 		bl	vPortExitCritical
 707              	.LVL54:
3661:Middlewares/Third_Party/FreeRTOS/Source/tasks.c **** 		}
 708              		.loc 1 3661 4 view .LVU205
 709 002c 2046     		mov	r0, r4
 710 002e FFF7FEFF 		bl	prvDeleteTCB
 711              	.LVL55:
3650:Middlewares/Third_Party/FreeRTOS/Source/tasks.c **** 		{
 712              		.loc 1 3650 39 view .LVU206
 713 0032 034B     		ldr	r3, .L60
 714 0034 1B68     		ldr	r3, [r3]
 715 0036 002B     		cmp	r3, #0
 716 0038 E6D1     		bne	.L55
 717              	.LBE115:
3665:Middlewares/Third_Party/FreeRTOS/Source/tasks.c **** /*-----------------------------------------------------------*/
 718              		.loc 1 3665 1 is_stmt 0 view .LVU207
 719 003a 10BD     		pop	{r4, pc}
 720              	.LVL56:
 721              	.L59:
 722              	.LCFI5:
 723              		.cfi_def_cfa_offset 0
 724              		.cfi_restore 4
 725              		.cfi_restore 14
3665:Middlewares/Third_Party/FreeRTOS/Source/tasks.c **** /*-----------------------------------------------------------*/
 726              		.loc 1 3665 1 view .LVU208
 727 003c 7047     		bx	lr
 728              	.L61:
 729 003e 00BF     		.align	2
 730              	.L60:
 731 0040 00000000 		.word	uxDeletedTasksWaitingCleanUp
 732 0044 00000000 		.word	xTasksWaitingTermination
 733 0048 00000000 		.word	uxCurrentNumberOfTasks
 734              		.cfi_endproc
 735              	.LFE39:
 737              		.section	.text.prvIdleTask,"ax",%progbits
 738              		.align	1
 739              		.syntax unified
 740              		.thumb
 741              		.thumb_func
 743              	prvIdleTask:
 744              	.LFB37:
3393:Middlewares/Third_Party/FreeRTOS/Source/tasks.c **** 	/* Stop warnings. */
 745              		.loc 1 3393 1 is_stmt 1 view -0
 746              		.cfi_startproc
 747              		@ Volatile: function does not return.
 748              		@ args = 0, pretend = 0, frame = 0
 749              		@ frame_needed = 0, uses_anonymous_args = 0
 750              	.LVL57:
3393:Middlewares/Third_Party/FreeRTOS/Source/tasks.c **** 	/* Stop warnings. */
 751              		.loc 1 3393 1 is_stmt 0 view .LVU210
 752 0000 08B5     		push	{r3, lr}
ARM GAS  C:\Users\subdia\AppData\Local\Temp\ccqYdsij.s 			page 90


 753              	.LCFI6:
 754              		.cfi_def_cfa_offset 8
 755              		.cfi_offset 3, -8
 756              		.cfi_offset 14, -4
 757              	.LVL58:
 758              	.L63:
3395:Middlewares/Third_Party/FreeRTOS/Source/tasks.c **** 
 759              		.loc 1 3395 2 is_stmt 1 view .LVU211
3403:Middlewares/Third_Party/FreeRTOS/Source/tasks.c **** 
 760              		.loc 1 3403 64 view .LVU212
3405:Middlewares/Third_Party/FreeRTOS/Source/tasks.c **** 	{
 761              		.loc 1 3405 2 view .LVU213
3409:Middlewares/Third_Party/FreeRTOS/Source/tasks.c **** 
 762              		.loc 1 3409 3 view .LVU214
 763 0002 FFF7FEFF 		bl	prvCheckTasksWaitingTermination
 764              	.LVL59:
3432:Middlewares/Third_Party/FreeRTOS/Source/tasks.c **** 			{
 765              		.loc 1 3432 4 view .LVU215
3432:Middlewares/Third_Party/FreeRTOS/Source/tasks.c **** 			{
 766              		.loc 1 3432 8 is_stmt 0 view .LVU216
 767 0006 074B     		ldr	r3, .L66
 768 0008 1B68     		ldr	r3, [r3]
3432:Middlewares/Third_Party/FreeRTOS/Source/tasks.c **** 			{
 769              		.loc 1 3432 6 view .LVU217
 770 000a 012B     		cmp	r3, #1
 771 000c F9D9     		bls	.L63
3434:Middlewares/Third_Party/FreeRTOS/Source/tasks.c **** 			}
 772              		.loc 1 3434 5 is_stmt 1 view .LVU218
 773 000e 4FF0E023 		mov	r3, #-536813568
 774 0012 4FF08052 		mov	r2, #268435456
 775 0016 C3F8042D 		str	r2, [r3, #3332]
3434:Middlewares/Third_Party/FreeRTOS/Source/tasks.c **** 			}
 776              		.loc 1 3434 5 view .LVU219
 777              		.syntax unified
 778              	@ 3434 "Middlewares/Third_Party/FreeRTOS/Source/tasks.c" 1
 779 001a BFF34F8F 		dsb
 780              	@ 0 "" 2
3434:Middlewares/Third_Party/FreeRTOS/Source/tasks.c **** 			}
 781              		.loc 1 3434 5 view .LVU220
 782              	@ 3434 "Middlewares/Third_Party/FreeRTOS/Source/tasks.c" 1
 783 001e BFF36F8F 		isb
 784              	@ 0 "" 2
3434:Middlewares/Third_Party/FreeRTOS/Source/tasks.c **** 			}
 785              		.loc 1 3434 16 view .LVU221
 786              		.thumb
 787              		.syntax unified
 788 0022 EEE7     		b	.L63
 789              	.L67:
 790              		.align	2
 791              	.L66:
 792 0024 00000000 		.word	pxReadyTasksLists
 793              		.cfi_endproc
 794              	.LFE37:
 796              		.section	.text.prvAddCurrentTaskToDelayedList,"ax",%progbits
 797              		.align	1
 798              		.syntax unified
 799              		.thumb
ARM GAS  C:\Users\subdia\AppData\Local\Temp\ccqYdsij.s 			page 91


 800              		.thumb_func
 802              	prvAddCurrentTaskToDelayedList:
 803              	.LVL60:
 804              	.LFB56:
3965:Middlewares/Third_Party/FreeRTOS/Source/tasks.c **** /*-----------------------------------------------------------*/
3966:Middlewares/Third_Party/FreeRTOS/Source/tasks.c **** 
3967:Middlewares/Third_Party/FreeRTOS/Source/tasks.c **** #if ( ( INCLUDE_xTaskGetCurrentTaskHandle == 1 ) || ( configUSE_MUTEXES == 1 ) )
3968:Middlewares/Third_Party/FreeRTOS/Source/tasks.c **** 
3969:Middlewares/Third_Party/FreeRTOS/Source/tasks.c **** 	TaskHandle_t xTaskGetCurrentTaskHandle( void )
3970:Middlewares/Third_Party/FreeRTOS/Source/tasks.c **** 	{
3971:Middlewares/Third_Party/FreeRTOS/Source/tasks.c **** 	TaskHandle_t xReturn;
3972:Middlewares/Third_Party/FreeRTOS/Source/tasks.c **** 
3973:Middlewares/Third_Party/FreeRTOS/Source/tasks.c **** 		/* A critical section is not required as this is not called from
3974:Middlewares/Third_Party/FreeRTOS/Source/tasks.c **** 		an interrupt and the current TCB will always be the same for any
3975:Middlewares/Third_Party/FreeRTOS/Source/tasks.c **** 		individual execution thread. */
3976:Middlewares/Third_Party/FreeRTOS/Source/tasks.c **** 		xReturn = pxCurrentTCB;
3977:Middlewares/Third_Party/FreeRTOS/Source/tasks.c **** 
3978:Middlewares/Third_Party/FreeRTOS/Source/tasks.c **** 		return xReturn;
3979:Middlewares/Third_Party/FreeRTOS/Source/tasks.c **** 	}
3980:Middlewares/Third_Party/FreeRTOS/Source/tasks.c **** 
3981:Middlewares/Third_Party/FreeRTOS/Source/tasks.c **** #endif /* ( ( INCLUDE_xTaskGetCurrentTaskHandle == 1 ) || ( configUSE_MUTEXES == 1 ) ) */
3982:Middlewares/Third_Party/FreeRTOS/Source/tasks.c **** /*-----------------------------------------------------------*/
3983:Middlewares/Third_Party/FreeRTOS/Source/tasks.c **** 
3984:Middlewares/Third_Party/FreeRTOS/Source/tasks.c **** #if ( ( INCLUDE_xTaskGetSchedulerState == 1 ) || ( configUSE_TIMERS == 1 ) )
3985:Middlewares/Third_Party/FreeRTOS/Source/tasks.c **** 
3986:Middlewares/Third_Party/FreeRTOS/Source/tasks.c **** 	BaseType_t xTaskGetSchedulerState( void )
3987:Middlewares/Third_Party/FreeRTOS/Source/tasks.c **** 	{
3988:Middlewares/Third_Party/FreeRTOS/Source/tasks.c **** 	BaseType_t xReturn;
3989:Middlewares/Third_Party/FreeRTOS/Source/tasks.c **** 
3990:Middlewares/Third_Party/FreeRTOS/Source/tasks.c **** 		if( xSchedulerRunning == pdFALSE )
3991:Middlewares/Third_Party/FreeRTOS/Source/tasks.c **** 		{
3992:Middlewares/Third_Party/FreeRTOS/Source/tasks.c **** 			xReturn = taskSCHEDULER_NOT_STARTED;
3993:Middlewares/Third_Party/FreeRTOS/Source/tasks.c **** 		}
3994:Middlewares/Third_Party/FreeRTOS/Source/tasks.c **** 		else
3995:Middlewares/Third_Party/FreeRTOS/Source/tasks.c **** 		{
3996:Middlewares/Third_Party/FreeRTOS/Source/tasks.c **** 			if( uxSchedulerSuspended == ( UBaseType_t ) pdFALSE )
3997:Middlewares/Third_Party/FreeRTOS/Source/tasks.c **** 			{
3998:Middlewares/Third_Party/FreeRTOS/Source/tasks.c **** 				xReturn = taskSCHEDULER_RUNNING;
3999:Middlewares/Third_Party/FreeRTOS/Source/tasks.c **** 			}
4000:Middlewares/Third_Party/FreeRTOS/Source/tasks.c **** 			else
4001:Middlewares/Third_Party/FreeRTOS/Source/tasks.c **** 			{
4002:Middlewares/Third_Party/FreeRTOS/Source/tasks.c **** 				xReturn = taskSCHEDULER_SUSPENDED;
4003:Middlewares/Third_Party/FreeRTOS/Source/tasks.c **** 			}
4004:Middlewares/Third_Party/FreeRTOS/Source/tasks.c **** 		}
4005:Middlewares/Third_Party/FreeRTOS/Source/tasks.c **** 
4006:Middlewares/Third_Party/FreeRTOS/Source/tasks.c **** 		return xReturn;
4007:Middlewares/Third_Party/FreeRTOS/Source/tasks.c **** 	}
4008:Middlewares/Third_Party/FreeRTOS/Source/tasks.c **** 
4009:Middlewares/Third_Party/FreeRTOS/Source/tasks.c **** #endif /* ( ( INCLUDE_xTaskGetSchedulerState == 1 ) || ( configUSE_TIMERS == 1 ) ) */
4010:Middlewares/Third_Party/FreeRTOS/Source/tasks.c **** /*-----------------------------------------------------------*/
4011:Middlewares/Third_Party/FreeRTOS/Source/tasks.c **** 
4012:Middlewares/Third_Party/FreeRTOS/Source/tasks.c **** #if ( configUSE_MUTEXES == 1 )
4013:Middlewares/Third_Party/FreeRTOS/Source/tasks.c **** 
4014:Middlewares/Third_Party/FreeRTOS/Source/tasks.c **** 	BaseType_t xTaskPriorityInherit( TaskHandle_t const pxMutexHolder )
4015:Middlewares/Third_Party/FreeRTOS/Source/tasks.c **** 	{
4016:Middlewares/Third_Party/FreeRTOS/Source/tasks.c **** 	TCB_t * const pxMutexHolderTCB = pxMutexHolder;
4017:Middlewares/Third_Party/FreeRTOS/Source/tasks.c **** 	BaseType_t xReturn = pdFALSE;
ARM GAS  C:\Users\subdia\AppData\Local\Temp\ccqYdsij.s 			page 92


4018:Middlewares/Third_Party/FreeRTOS/Source/tasks.c **** 
4019:Middlewares/Third_Party/FreeRTOS/Source/tasks.c **** 		/* If the mutex was given back by an interrupt while the queue was
4020:Middlewares/Third_Party/FreeRTOS/Source/tasks.c **** 		locked then the mutex holder might now be NULL.  _RB_ Is this still
4021:Middlewares/Third_Party/FreeRTOS/Source/tasks.c **** 		needed as interrupts can no longer use mutexes? */
4022:Middlewares/Third_Party/FreeRTOS/Source/tasks.c **** 		if( pxMutexHolder != NULL )
4023:Middlewares/Third_Party/FreeRTOS/Source/tasks.c **** 		{
4024:Middlewares/Third_Party/FreeRTOS/Source/tasks.c **** 			/* If the holder of the mutex has a priority below the priority of
4025:Middlewares/Third_Party/FreeRTOS/Source/tasks.c **** 			the task attempting to obtain the mutex then it will temporarily
4026:Middlewares/Third_Party/FreeRTOS/Source/tasks.c **** 			inherit the priority of the task attempting to obtain the mutex. */
4027:Middlewares/Third_Party/FreeRTOS/Source/tasks.c **** 			if( pxMutexHolderTCB->uxPriority < pxCurrentTCB->uxPriority )
4028:Middlewares/Third_Party/FreeRTOS/Source/tasks.c **** 			{
4029:Middlewares/Third_Party/FreeRTOS/Source/tasks.c **** 				/* Adjust the mutex holder state to account for its new
4030:Middlewares/Third_Party/FreeRTOS/Source/tasks.c **** 				priority.  Only reset the event list item value if the value is
4031:Middlewares/Third_Party/FreeRTOS/Source/tasks.c **** 				not being used for anything else. */
4032:Middlewares/Third_Party/FreeRTOS/Source/tasks.c **** 				if( ( listGET_LIST_ITEM_VALUE( &( pxMutexHolderTCB->xEventListItem ) ) & taskEVENT_LIST_ITEM_VA
4033:Middlewares/Third_Party/FreeRTOS/Source/tasks.c **** 				{
4034:Middlewares/Third_Party/FreeRTOS/Source/tasks.c **** 					listSET_LIST_ITEM_VALUE( &( pxMutexHolderTCB->xEventListItem ), ( TickType_t ) configMAX_PRIOR
4035:Middlewares/Third_Party/FreeRTOS/Source/tasks.c **** 				}
4036:Middlewares/Third_Party/FreeRTOS/Source/tasks.c **** 				else
4037:Middlewares/Third_Party/FreeRTOS/Source/tasks.c **** 				{
4038:Middlewares/Third_Party/FreeRTOS/Source/tasks.c **** 					mtCOVERAGE_TEST_MARKER();
4039:Middlewares/Third_Party/FreeRTOS/Source/tasks.c **** 				}
4040:Middlewares/Third_Party/FreeRTOS/Source/tasks.c **** 
4041:Middlewares/Third_Party/FreeRTOS/Source/tasks.c **** 				/* If the task being modified is in the ready state it will need
4042:Middlewares/Third_Party/FreeRTOS/Source/tasks.c **** 				to be moved into a new list. */
4043:Middlewares/Third_Party/FreeRTOS/Source/tasks.c **** 				if( listIS_CONTAINED_WITHIN( &( pxReadyTasksLists[ pxMutexHolderTCB->uxPriority ] ), &( pxMutex
4044:Middlewares/Third_Party/FreeRTOS/Source/tasks.c **** 				{
4045:Middlewares/Third_Party/FreeRTOS/Source/tasks.c **** 					if( uxListRemove( &( pxMutexHolderTCB->xStateListItem ) ) == ( UBaseType_t ) 0 )
4046:Middlewares/Third_Party/FreeRTOS/Source/tasks.c **** 					{
4047:Middlewares/Third_Party/FreeRTOS/Source/tasks.c **** 						/* It is known that the task is in its ready list so
4048:Middlewares/Third_Party/FreeRTOS/Source/tasks.c **** 						there is no need to check again and the port level
4049:Middlewares/Third_Party/FreeRTOS/Source/tasks.c **** 						reset macro can be called directly. */
4050:Middlewares/Third_Party/FreeRTOS/Source/tasks.c **** 						portRESET_READY_PRIORITY( pxMutexHolderTCB->uxPriority, uxTopReadyPriority );
4051:Middlewares/Third_Party/FreeRTOS/Source/tasks.c **** 					}
4052:Middlewares/Third_Party/FreeRTOS/Source/tasks.c **** 					else
4053:Middlewares/Third_Party/FreeRTOS/Source/tasks.c **** 					{
4054:Middlewares/Third_Party/FreeRTOS/Source/tasks.c **** 						mtCOVERAGE_TEST_MARKER();
4055:Middlewares/Third_Party/FreeRTOS/Source/tasks.c **** 					}
4056:Middlewares/Third_Party/FreeRTOS/Source/tasks.c **** 
4057:Middlewares/Third_Party/FreeRTOS/Source/tasks.c **** 					/* Inherit the priority before being moved into the new list. */
4058:Middlewares/Third_Party/FreeRTOS/Source/tasks.c **** 					pxMutexHolderTCB->uxPriority = pxCurrentTCB->uxPriority;
4059:Middlewares/Third_Party/FreeRTOS/Source/tasks.c **** 					prvAddTaskToReadyList( pxMutexHolderTCB );
4060:Middlewares/Third_Party/FreeRTOS/Source/tasks.c **** 				}
4061:Middlewares/Third_Party/FreeRTOS/Source/tasks.c **** 				else
4062:Middlewares/Third_Party/FreeRTOS/Source/tasks.c **** 				{
4063:Middlewares/Third_Party/FreeRTOS/Source/tasks.c **** 					/* Just inherit the priority. */
4064:Middlewares/Third_Party/FreeRTOS/Source/tasks.c **** 					pxMutexHolderTCB->uxPriority = pxCurrentTCB->uxPriority;
4065:Middlewares/Third_Party/FreeRTOS/Source/tasks.c **** 				}
4066:Middlewares/Third_Party/FreeRTOS/Source/tasks.c **** 
4067:Middlewares/Third_Party/FreeRTOS/Source/tasks.c **** 				traceTASK_PRIORITY_INHERIT( pxMutexHolderTCB, pxCurrentTCB->uxPriority );
4068:Middlewares/Third_Party/FreeRTOS/Source/tasks.c **** 
4069:Middlewares/Third_Party/FreeRTOS/Source/tasks.c **** 				/* Inheritance occurred. */
4070:Middlewares/Third_Party/FreeRTOS/Source/tasks.c **** 				xReturn = pdTRUE;
4071:Middlewares/Third_Party/FreeRTOS/Source/tasks.c **** 			}
4072:Middlewares/Third_Party/FreeRTOS/Source/tasks.c **** 			else
4073:Middlewares/Third_Party/FreeRTOS/Source/tasks.c **** 			{
4074:Middlewares/Third_Party/FreeRTOS/Source/tasks.c **** 				if( pxMutexHolderTCB->uxBasePriority < pxCurrentTCB->uxPriority )
ARM GAS  C:\Users\subdia\AppData\Local\Temp\ccqYdsij.s 			page 93


4075:Middlewares/Third_Party/FreeRTOS/Source/tasks.c **** 				{
4076:Middlewares/Third_Party/FreeRTOS/Source/tasks.c **** 					/* The base priority of the mutex holder is lower than the
4077:Middlewares/Third_Party/FreeRTOS/Source/tasks.c **** 					priority of the task attempting to take the mutex, but the
4078:Middlewares/Third_Party/FreeRTOS/Source/tasks.c **** 					current priority of the mutex holder is not lower than the
4079:Middlewares/Third_Party/FreeRTOS/Source/tasks.c **** 					priority of the task attempting to take the mutex.
4080:Middlewares/Third_Party/FreeRTOS/Source/tasks.c **** 					Therefore the mutex holder must have already inherited a
4081:Middlewares/Third_Party/FreeRTOS/Source/tasks.c **** 					priority, but inheritance would have occurred if that had
4082:Middlewares/Third_Party/FreeRTOS/Source/tasks.c **** 					not been the case. */
4083:Middlewares/Third_Party/FreeRTOS/Source/tasks.c **** 					xReturn = pdTRUE;
4084:Middlewares/Third_Party/FreeRTOS/Source/tasks.c **** 				}
4085:Middlewares/Third_Party/FreeRTOS/Source/tasks.c **** 				else
4086:Middlewares/Third_Party/FreeRTOS/Source/tasks.c **** 				{
4087:Middlewares/Third_Party/FreeRTOS/Source/tasks.c **** 					mtCOVERAGE_TEST_MARKER();
4088:Middlewares/Third_Party/FreeRTOS/Source/tasks.c **** 				}
4089:Middlewares/Third_Party/FreeRTOS/Source/tasks.c **** 			}
4090:Middlewares/Third_Party/FreeRTOS/Source/tasks.c **** 		}
4091:Middlewares/Third_Party/FreeRTOS/Source/tasks.c **** 		else
4092:Middlewares/Third_Party/FreeRTOS/Source/tasks.c **** 		{
4093:Middlewares/Third_Party/FreeRTOS/Source/tasks.c **** 			mtCOVERAGE_TEST_MARKER();
4094:Middlewares/Third_Party/FreeRTOS/Source/tasks.c **** 		}
4095:Middlewares/Third_Party/FreeRTOS/Source/tasks.c **** 
4096:Middlewares/Third_Party/FreeRTOS/Source/tasks.c **** 		return xReturn;
4097:Middlewares/Third_Party/FreeRTOS/Source/tasks.c **** 	}
4098:Middlewares/Third_Party/FreeRTOS/Source/tasks.c **** 
4099:Middlewares/Third_Party/FreeRTOS/Source/tasks.c **** #endif /* configUSE_MUTEXES */
4100:Middlewares/Third_Party/FreeRTOS/Source/tasks.c **** /*-----------------------------------------------------------*/
4101:Middlewares/Third_Party/FreeRTOS/Source/tasks.c **** 
4102:Middlewares/Third_Party/FreeRTOS/Source/tasks.c **** #if ( configUSE_MUTEXES == 1 )
4103:Middlewares/Third_Party/FreeRTOS/Source/tasks.c **** 
4104:Middlewares/Third_Party/FreeRTOS/Source/tasks.c **** 	BaseType_t xTaskPriorityDisinherit( TaskHandle_t const pxMutexHolder )
4105:Middlewares/Third_Party/FreeRTOS/Source/tasks.c **** 	{
4106:Middlewares/Third_Party/FreeRTOS/Source/tasks.c **** 	TCB_t * const pxTCB = pxMutexHolder;
4107:Middlewares/Third_Party/FreeRTOS/Source/tasks.c **** 	BaseType_t xReturn = pdFALSE;
4108:Middlewares/Third_Party/FreeRTOS/Source/tasks.c **** 
4109:Middlewares/Third_Party/FreeRTOS/Source/tasks.c **** 		if( pxMutexHolder != NULL )
4110:Middlewares/Third_Party/FreeRTOS/Source/tasks.c **** 		{
4111:Middlewares/Third_Party/FreeRTOS/Source/tasks.c **** 			/* A task can only have an inherited priority if it holds the mutex.
4112:Middlewares/Third_Party/FreeRTOS/Source/tasks.c **** 			If the mutex is held by a task then it cannot be given from an
4113:Middlewares/Third_Party/FreeRTOS/Source/tasks.c **** 			interrupt, and if a mutex is given by the holding task then it must
4114:Middlewares/Third_Party/FreeRTOS/Source/tasks.c **** 			be the running state task. */
4115:Middlewares/Third_Party/FreeRTOS/Source/tasks.c **** 			configASSERT( pxTCB == pxCurrentTCB );
4116:Middlewares/Third_Party/FreeRTOS/Source/tasks.c **** 			configASSERT( pxTCB->uxMutexesHeld );
4117:Middlewares/Third_Party/FreeRTOS/Source/tasks.c **** 			( pxTCB->uxMutexesHeld )--;
4118:Middlewares/Third_Party/FreeRTOS/Source/tasks.c **** 
4119:Middlewares/Third_Party/FreeRTOS/Source/tasks.c **** 			/* Has the holder of the mutex inherited the priority of another
4120:Middlewares/Third_Party/FreeRTOS/Source/tasks.c **** 			task? */
4121:Middlewares/Third_Party/FreeRTOS/Source/tasks.c **** 			if( pxTCB->uxPriority != pxTCB->uxBasePriority )
4122:Middlewares/Third_Party/FreeRTOS/Source/tasks.c **** 			{
4123:Middlewares/Third_Party/FreeRTOS/Source/tasks.c **** 				/* Only disinherit if no other mutexes are held. */
4124:Middlewares/Third_Party/FreeRTOS/Source/tasks.c **** 				if( pxTCB->uxMutexesHeld == ( UBaseType_t ) 0 )
4125:Middlewares/Third_Party/FreeRTOS/Source/tasks.c **** 				{
4126:Middlewares/Third_Party/FreeRTOS/Source/tasks.c **** 					/* A task can only have an inherited priority if it holds
4127:Middlewares/Third_Party/FreeRTOS/Source/tasks.c **** 					the mutex.  If the mutex is held by a task then it cannot be
4128:Middlewares/Third_Party/FreeRTOS/Source/tasks.c **** 					given from an interrupt, and if a mutex is given by the
4129:Middlewares/Third_Party/FreeRTOS/Source/tasks.c **** 					holding task then it must be the running state task.  Remove
4130:Middlewares/Third_Party/FreeRTOS/Source/tasks.c **** 					the holding task from the ready/delayed list. */
4131:Middlewares/Third_Party/FreeRTOS/Source/tasks.c **** 					if( uxListRemove( &( pxTCB->xStateListItem ) ) == ( UBaseType_t ) 0 )
ARM GAS  C:\Users\subdia\AppData\Local\Temp\ccqYdsij.s 			page 94


4132:Middlewares/Third_Party/FreeRTOS/Source/tasks.c **** 					{
4133:Middlewares/Third_Party/FreeRTOS/Source/tasks.c **** 						taskRESET_READY_PRIORITY( pxTCB->uxPriority );
4134:Middlewares/Third_Party/FreeRTOS/Source/tasks.c **** 					}
4135:Middlewares/Third_Party/FreeRTOS/Source/tasks.c **** 					else
4136:Middlewares/Third_Party/FreeRTOS/Source/tasks.c **** 					{
4137:Middlewares/Third_Party/FreeRTOS/Source/tasks.c **** 						mtCOVERAGE_TEST_MARKER();
4138:Middlewares/Third_Party/FreeRTOS/Source/tasks.c **** 					}
4139:Middlewares/Third_Party/FreeRTOS/Source/tasks.c **** 
4140:Middlewares/Third_Party/FreeRTOS/Source/tasks.c **** 					/* Disinherit the priority before adding the task into the
4141:Middlewares/Third_Party/FreeRTOS/Source/tasks.c **** 					new	ready list. */
4142:Middlewares/Third_Party/FreeRTOS/Source/tasks.c **** 					traceTASK_PRIORITY_DISINHERIT( pxTCB, pxTCB->uxBasePriority );
4143:Middlewares/Third_Party/FreeRTOS/Source/tasks.c **** 					pxTCB->uxPriority = pxTCB->uxBasePriority;
4144:Middlewares/Third_Party/FreeRTOS/Source/tasks.c **** 
4145:Middlewares/Third_Party/FreeRTOS/Source/tasks.c **** 					/* Reset the event list item value.  It cannot be in use for
4146:Middlewares/Third_Party/FreeRTOS/Source/tasks.c **** 					any other purpose if this task is running, and it must be
4147:Middlewares/Third_Party/FreeRTOS/Source/tasks.c **** 					running to give back the mutex. */
4148:Middlewares/Third_Party/FreeRTOS/Source/tasks.c **** 					listSET_LIST_ITEM_VALUE( &( pxTCB->xEventListItem ), ( TickType_t ) configMAX_PRIORITIES - ( T
4149:Middlewares/Third_Party/FreeRTOS/Source/tasks.c **** 					prvAddTaskToReadyList( pxTCB );
4150:Middlewares/Third_Party/FreeRTOS/Source/tasks.c **** 
4151:Middlewares/Third_Party/FreeRTOS/Source/tasks.c **** 					/* Return true to indicate that a context switch is required.
4152:Middlewares/Third_Party/FreeRTOS/Source/tasks.c **** 					This is only actually required in the corner case whereby
4153:Middlewares/Third_Party/FreeRTOS/Source/tasks.c **** 					multiple mutexes were held and the mutexes were given back
4154:Middlewares/Third_Party/FreeRTOS/Source/tasks.c **** 					in an order different to that in which they were taken.
4155:Middlewares/Third_Party/FreeRTOS/Source/tasks.c **** 					If a context switch did not occur when the first mutex was
4156:Middlewares/Third_Party/FreeRTOS/Source/tasks.c **** 					returned, even if a task was waiting on it, then a context
4157:Middlewares/Third_Party/FreeRTOS/Source/tasks.c **** 					switch should occur when the last mutex is returned whether
4158:Middlewares/Third_Party/FreeRTOS/Source/tasks.c **** 					a task is waiting on it or not. */
4159:Middlewares/Third_Party/FreeRTOS/Source/tasks.c **** 					xReturn = pdTRUE;
4160:Middlewares/Third_Party/FreeRTOS/Source/tasks.c **** 				}
4161:Middlewares/Third_Party/FreeRTOS/Source/tasks.c **** 				else
4162:Middlewares/Third_Party/FreeRTOS/Source/tasks.c **** 				{
4163:Middlewares/Third_Party/FreeRTOS/Source/tasks.c **** 					mtCOVERAGE_TEST_MARKER();
4164:Middlewares/Third_Party/FreeRTOS/Source/tasks.c **** 				}
4165:Middlewares/Third_Party/FreeRTOS/Source/tasks.c **** 			}
4166:Middlewares/Third_Party/FreeRTOS/Source/tasks.c **** 			else
4167:Middlewares/Third_Party/FreeRTOS/Source/tasks.c **** 			{
4168:Middlewares/Third_Party/FreeRTOS/Source/tasks.c **** 				mtCOVERAGE_TEST_MARKER();
4169:Middlewares/Third_Party/FreeRTOS/Source/tasks.c **** 			}
4170:Middlewares/Third_Party/FreeRTOS/Source/tasks.c **** 		}
4171:Middlewares/Third_Party/FreeRTOS/Source/tasks.c **** 		else
4172:Middlewares/Third_Party/FreeRTOS/Source/tasks.c **** 		{
4173:Middlewares/Third_Party/FreeRTOS/Source/tasks.c **** 			mtCOVERAGE_TEST_MARKER();
4174:Middlewares/Third_Party/FreeRTOS/Source/tasks.c **** 		}
4175:Middlewares/Third_Party/FreeRTOS/Source/tasks.c **** 
4176:Middlewares/Third_Party/FreeRTOS/Source/tasks.c **** 		return xReturn;
4177:Middlewares/Third_Party/FreeRTOS/Source/tasks.c **** 	}
4178:Middlewares/Third_Party/FreeRTOS/Source/tasks.c **** 
4179:Middlewares/Third_Party/FreeRTOS/Source/tasks.c **** #endif /* configUSE_MUTEXES */
4180:Middlewares/Third_Party/FreeRTOS/Source/tasks.c **** /*-----------------------------------------------------------*/
4181:Middlewares/Third_Party/FreeRTOS/Source/tasks.c **** 
4182:Middlewares/Third_Party/FreeRTOS/Source/tasks.c **** #if ( configUSE_MUTEXES == 1 )
4183:Middlewares/Third_Party/FreeRTOS/Source/tasks.c **** 
4184:Middlewares/Third_Party/FreeRTOS/Source/tasks.c **** 	void vTaskPriorityDisinheritAfterTimeout( TaskHandle_t const pxMutexHolder, UBaseType_t uxHighestP
4185:Middlewares/Third_Party/FreeRTOS/Source/tasks.c **** 	{
4186:Middlewares/Third_Party/FreeRTOS/Source/tasks.c **** 	TCB_t * const pxTCB = pxMutexHolder;
4187:Middlewares/Third_Party/FreeRTOS/Source/tasks.c **** 	UBaseType_t uxPriorityUsedOnEntry, uxPriorityToUse;
4188:Middlewares/Third_Party/FreeRTOS/Source/tasks.c **** 	const UBaseType_t uxOnlyOneMutexHeld = ( UBaseType_t ) 1;
ARM GAS  C:\Users\subdia\AppData\Local\Temp\ccqYdsij.s 			page 95


4189:Middlewares/Third_Party/FreeRTOS/Source/tasks.c **** 
4190:Middlewares/Third_Party/FreeRTOS/Source/tasks.c **** 		if( pxMutexHolder != NULL )
4191:Middlewares/Third_Party/FreeRTOS/Source/tasks.c **** 		{
4192:Middlewares/Third_Party/FreeRTOS/Source/tasks.c **** 			/* If pxMutexHolder is not NULL then the holder must hold at least
4193:Middlewares/Third_Party/FreeRTOS/Source/tasks.c **** 			one mutex. */
4194:Middlewares/Third_Party/FreeRTOS/Source/tasks.c **** 			configASSERT( pxTCB->uxMutexesHeld );
4195:Middlewares/Third_Party/FreeRTOS/Source/tasks.c **** 
4196:Middlewares/Third_Party/FreeRTOS/Source/tasks.c **** 			/* Determine the priority to which the priority of the task that
4197:Middlewares/Third_Party/FreeRTOS/Source/tasks.c **** 			holds the mutex should be set.  This will be the greater of the
4198:Middlewares/Third_Party/FreeRTOS/Source/tasks.c **** 			holding task's base priority and the priority of the highest
4199:Middlewares/Third_Party/FreeRTOS/Source/tasks.c **** 			priority task that is waiting to obtain the mutex. */
4200:Middlewares/Third_Party/FreeRTOS/Source/tasks.c **** 			if( pxTCB->uxBasePriority < uxHighestPriorityWaitingTask )
4201:Middlewares/Third_Party/FreeRTOS/Source/tasks.c **** 			{
4202:Middlewares/Third_Party/FreeRTOS/Source/tasks.c **** 				uxPriorityToUse = uxHighestPriorityWaitingTask;
4203:Middlewares/Third_Party/FreeRTOS/Source/tasks.c **** 			}
4204:Middlewares/Third_Party/FreeRTOS/Source/tasks.c **** 			else
4205:Middlewares/Third_Party/FreeRTOS/Source/tasks.c **** 			{
4206:Middlewares/Third_Party/FreeRTOS/Source/tasks.c **** 				uxPriorityToUse = pxTCB->uxBasePriority;
4207:Middlewares/Third_Party/FreeRTOS/Source/tasks.c **** 			}
4208:Middlewares/Third_Party/FreeRTOS/Source/tasks.c **** 
4209:Middlewares/Third_Party/FreeRTOS/Source/tasks.c **** 			/* Does the priority need to change? */
4210:Middlewares/Third_Party/FreeRTOS/Source/tasks.c **** 			if( pxTCB->uxPriority != uxPriorityToUse )
4211:Middlewares/Third_Party/FreeRTOS/Source/tasks.c **** 			{
4212:Middlewares/Third_Party/FreeRTOS/Source/tasks.c **** 				/* Only disinherit if no other mutexes are held.  This is a
4213:Middlewares/Third_Party/FreeRTOS/Source/tasks.c **** 				simplification in the priority inheritance implementation.  If
4214:Middlewares/Third_Party/FreeRTOS/Source/tasks.c **** 				the task that holds the mutex is also holding other mutexes then
4215:Middlewares/Third_Party/FreeRTOS/Source/tasks.c **** 				the other mutexes may have caused the priority inheritance. */
4216:Middlewares/Third_Party/FreeRTOS/Source/tasks.c **** 				if( pxTCB->uxMutexesHeld == uxOnlyOneMutexHeld )
4217:Middlewares/Third_Party/FreeRTOS/Source/tasks.c **** 				{
4218:Middlewares/Third_Party/FreeRTOS/Source/tasks.c **** 					/* If a task has timed out because it already holds the
4219:Middlewares/Third_Party/FreeRTOS/Source/tasks.c **** 					mutex it was trying to obtain then it cannot of inherited
4220:Middlewares/Third_Party/FreeRTOS/Source/tasks.c **** 					its own priority. */
4221:Middlewares/Third_Party/FreeRTOS/Source/tasks.c **** 					configASSERT( pxTCB != pxCurrentTCB );
4222:Middlewares/Third_Party/FreeRTOS/Source/tasks.c **** 
4223:Middlewares/Third_Party/FreeRTOS/Source/tasks.c **** 					/* Disinherit the priority, remembering the previous
4224:Middlewares/Third_Party/FreeRTOS/Source/tasks.c **** 					priority to facilitate determining the subject task's
4225:Middlewares/Third_Party/FreeRTOS/Source/tasks.c **** 					state. */
4226:Middlewares/Third_Party/FreeRTOS/Source/tasks.c **** 					traceTASK_PRIORITY_DISINHERIT( pxTCB, pxTCB->uxBasePriority );
4227:Middlewares/Third_Party/FreeRTOS/Source/tasks.c **** 					uxPriorityUsedOnEntry = pxTCB->uxPriority;
4228:Middlewares/Third_Party/FreeRTOS/Source/tasks.c **** 					pxTCB->uxPriority = uxPriorityToUse;
4229:Middlewares/Third_Party/FreeRTOS/Source/tasks.c **** 
4230:Middlewares/Third_Party/FreeRTOS/Source/tasks.c **** 					/* Only reset the event list item value if the value is not
4231:Middlewares/Third_Party/FreeRTOS/Source/tasks.c **** 					being used for anything else. */
4232:Middlewares/Third_Party/FreeRTOS/Source/tasks.c **** 					if( ( listGET_LIST_ITEM_VALUE( &( pxTCB->xEventListItem ) ) & taskEVENT_LIST_ITEM_VALUE_IN_USE
4233:Middlewares/Third_Party/FreeRTOS/Source/tasks.c **** 					{
4234:Middlewares/Third_Party/FreeRTOS/Source/tasks.c **** 						listSET_LIST_ITEM_VALUE( &( pxTCB->xEventListItem ), ( TickType_t ) configMAX_PRIORITIES - ( 
4235:Middlewares/Third_Party/FreeRTOS/Source/tasks.c **** 					}
4236:Middlewares/Third_Party/FreeRTOS/Source/tasks.c **** 					else
4237:Middlewares/Third_Party/FreeRTOS/Source/tasks.c **** 					{
4238:Middlewares/Third_Party/FreeRTOS/Source/tasks.c **** 						mtCOVERAGE_TEST_MARKER();
4239:Middlewares/Third_Party/FreeRTOS/Source/tasks.c **** 					}
4240:Middlewares/Third_Party/FreeRTOS/Source/tasks.c **** 
4241:Middlewares/Third_Party/FreeRTOS/Source/tasks.c **** 					/* If the running task is not the task that holds the mutex
4242:Middlewares/Third_Party/FreeRTOS/Source/tasks.c **** 					then the task that holds the mutex could be in either the
4243:Middlewares/Third_Party/FreeRTOS/Source/tasks.c **** 					Ready, Blocked or Suspended states.  Only remove the task
4244:Middlewares/Third_Party/FreeRTOS/Source/tasks.c **** 					from its current state list if it is in the Ready state as
4245:Middlewares/Third_Party/FreeRTOS/Source/tasks.c **** 					the task's priority is going to change and there is one
ARM GAS  C:\Users\subdia\AppData\Local\Temp\ccqYdsij.s 			page 96


4246:Middlewares/Third_Party/FreeRTOS/Source/tasks.c **** 					Ready list per priority. */
4247:Middlewares/Third_Party/FreeRTOS/Source/tasks.c **** 					if( listIS_CONTAINED_WITHIN( &( pxReadyTasksLists[ uxPriorityUsedOnEntry ] ), &( pxTCB->xState
4248:Middlewares/Third_Party/FreeRTOS/Source/tasks.c **** 					{
4249:Middlewares/Third_Party/FreeRTOS/Source/tasks.c **** 						if( uxListRemove( &( pxTCB->xStateListItem ) ) == ( UBaseType_t ) 0 )
4250:Middlewares/Third_Party/FreeRTOS/Source/tasks.c **** 						{
4251:Middlewares/Third_Party/FreeRTOS/Source/tasks.c **** 							/* It is known that the task is in its ready list so
4252:Middlewares/Third_Party/FreeRTOS/Source/tasks.c **** 							there is no need to check again and the port level
4253:Middlewares/Third_Party/FreeRTOS/Source/tasks.c **** 							reset macro can be called directly. */
4254:Middlewares/Third_Party/FreeRTOS/Source/tasks.c **** 							portRESET_READY_PRIORITY( pxTCB->uxPriority, uxTopReadyPriority );
4255:Middlewares/Third_Party/FreeRTOS/Source/tasks.c **** 						}
4256:Middlewares/Third_Party/FreeRTOS/Source/tasks.c **** 						else
4257:Middlewares/Third_Party/FreeRTOS/Source/tasks.c **** 						{
4258:Middlewares/Third_Party/FreeRTOS/Source/tasks.c **** 							mtCOVERAGE_TEST_MARKER();
4259:Middlewares/Third_Party/FreeRTOS/Source/tasks.c **** 						}
4260:Middlewares/Third_Party/FreeRTOS/Source/tasks.c **** 
4261:Middlewares/Third_Party/FreeRTOS/Source/tasks.c **** 						prvAddTaskToReadyList( pxTCB );
4262:Middlewares/Third_Party/FreeRTOS/Source/tasks.c **** 					}
4263:Middlewares/Third_Party/FreeRTOS/Source/tasks.c **** 					else
4264:Middlewares/Third_Party/FreeRTOS/Source/tasks.c **** 					{
4265:Middlewares/Third_Party/FreeRTOS/Source/tasks.c **** 						mtCOVERAGE_TEST_MARKER();
4266:Middlewares/Third_Party/FreeRTOS/Source/tasks.c **** 					}
4267:Middlewares/Third_Party/FreeRTOS/Source/tasks.c **** 				}
4268:Middlewares/Third_Party/FreeRTOS/Source/tasks.c **** 				else
4269:Middlewares/Third_Party/FreeRTOS/Source/tasks.c **** 				{
4270:Middlewares/Third_Party/FreeRTOS/Source/tasks.c **** 					mtCOVERAGE_TEST_MARKER();
4271:Middlewares/Third_Party/FreeRTOS/Source/tasks.c **** 				}
4272:Middlewares/Third_Party/FreeRTOS/Source/tasks.c **** 			}
4273:Middlewares/Third_Party/FreeRTOS/Source/tasks.c **** 			else
4274:Middlewares/Third_Party/FreeRTOS/Source/tasks.c **** 			{
4275:Middlewares/Third_Party/FreeRTOS/Source/tasks.c **** 				mtCOVERAGE_TEST_MARKER();
4276:Middlewares/Third_Party/FreeRTOS/Source/tasks.c **** 			}
4277:Middlewares/Third_Party/FreeRTOS/Source/tasks.c **** 		}
4278:Middlewares/Third_Party/FreeRTOS/Source/tasks.c **** 		else
4279:Middlewares/Third_Party/FreeRTOS/Source/tasks.c **** 		{
4280:Middlewares/Third_Party/FreeRTOS/Source/tasks.c **** 			mtCOVERAGE_TEST_MARKER();
4281:Middlewares/Third_Party/FreeRTOS/Source/tasks.c **** 		}
4282:Middlewares/Third_Party/FreeRTOS/Source/tasks.c **** 	}
4283:Middlewares/Third_Party/FreeRTOS/Source/tasks.c **** 
4284:Middlewares/Third_Party/FreeRTOS/Source/tasks.c **** #endif /* configUSE_MUTEXES */
4285:Middlewares/Third_Party/FreeRTOS/Source/tasks.c **** /*-----------------------------------------------------------*/
4286:Middlewares/Third_Party/FreeRTOS/Source/tasks.c **** 
4287:Middlewares/Third_Party/FreeRTOS/Source/tasks.c **** #if ( portCRITICAL_NESTING_IN_TCB == 1 )
4288:Middlewares/Third_Party/FreeRTOS/Source/tasks.c **** 
4289:Middlewares/Third_Party/FreeRTOS/Source/tasks.c **** 	void vTaskEnterCritical( void )
4290:Middlewares/Third_Party/FreeRTOS/Source/tasks.c **** 	{
4291:Middlewares/Third_Party/FreeRTOS/Source/tasks.c **** 		portDISABLE_INTERRUPTS();
4292:Middlewares/Third_Party/FreeRTOS/Source/tasks.c **** 
4293:Middlewares/Third_Party/FreeRTOS/Source/tasks.c **** 		if( xSchedulerRunning != pdFALSE )
4294:Middlewares/Third_Party/FreeRTOS/Source/tasks.c **** 		{
4295:Middlewares/Third_Party/FreeRTOS/Source/tasks.c **** 			( pxCurrentTCB->uxCriticalNesting )++;
4296:Middlewares/Third_Party/FreeRTOS/Source/tasks.c **** 
4297:Middlewares/Third_Party/FreeRTOS/Source/tasks.c **** 			/* This is not the interrupt safe version of the enter critical
4298:Middlewares/Third_Party/FreeRTOS/Source/tasks.c **** 			function so	assert() if it is being called from an interrupt
4299:Middlewares/Third_Party/FreeRTOS/Source/tasks.c **** 			context.  Only API functions that end in "FromISR" can be used in an
4300:Middlewares/Third_Party/FreeRTOS/Source/tasks.c **** 			interrupt.  Only assert if the critical nesting count is 1 to
4301:Middlewares/Third_Party/FreeRTOS/Source/tasks.c **** 			protect against recursive calls if the assert function also uses a
4302:Middlewares/Third_Party/FreeRTOS/Source/tasks.c **** 			critical section. */
ARM GAS  C:\Users\subdia\AppData\Local\Temp\ccqYdsij.s 			page 97


4303:Middlewares/Third_Party/FreeRTOS/Source/tasks.c **** 			if( pxCurrentTCB->uxCriticalNesting == 1 )
4304:Middlewares/Third_Party/FreeRTOS/Source/tasks.c **** 			{
4305:Middlewares/Third_Party/FreeRTOS/Source/tasks.c **** 				portASSERT_IF_IN_ISR();
4306:Middlewares/Third_Party/FreeRTOS/Source/tasks.c **** 			}
4307:Middlewares/Third_Party/FreeRTOS/Source/tasks.c **** 		}
4308:Middlewares/Third_Party/FreeRTOS/Source/tasks.c **** 		else
4309:Middlewares/Third_Party/FreeRTOS/Source/tasks.c **** 		{
4310:Middlewares/Third_Party/FreeRTOS/Source/tasks.c **** 			mtCOVERAGE_TEST_MARKER();
4311:Middlewares/Third_Party/FreeRTOS/Source/tasks.c **** 		}
4312:Middlewares/Third_Party/FreeRTOS/Source/tasks.c **** 	}
4313:Middlewares/Third_Party/FreeRTOS/Source/tasks.c **** 
4314:Middlewares/Third_Party/FreeRTOS/Source/tasks.c **** #endif /* portCRITICAL_NESTING_IN_TCB */
4315:Middlewares/Third_Party/FreeRTOS/Source/tasks.c **** /*-----------------------------------------------------------*/
4316:Middlewares/Third_Party/FreeRTOS/Source/tasks.c **** 
4317:Middlewares/Third_Party/FreeRTOS/Source/tasks.c **** #if ( portCRITICAL_NESTING_IN_TCB == 1 )
4318:Middlewares/Third_Party/FreeRTOS/Source/tasks.c **** 
4319:Middlewares/Third_Party/FreeRTOS/Source/tasks.c **** 	void vTaskExitCritical( void )
4320:Middlewares/Third_Party/FreeRTOS/Source/tasks.c **** 	{
4321:Middlewares/Third_Party/FreeRTOS/Source/tasks.c **** 		if( xSchedulerRunning != pdFALSE )
4322:Middlewares/Third_Party/FreeRTOS/Source/tasks.c **** 		{
4323:Middlewares/Third_Party/FreeRTOS/Source/tasks.c **** 			if( pxCurrentTCB->uxCriticalNesting > 0U )
4324:Middlewares/Third_Party/FreeRTOS/Source/tasks.c **** 			{
4325:Middlewares/Third_Party/FreeRTOS/Source/tasks.c **** 				( pxCurrentTCB->uxCriticalNesting )--;
4326:Middlewares/Third_Party/FreeRTOS/Source/tasks.c **** 
4327:Middlewares/Third_Party/FreeRTOS/Source/tasks.c **** 				if( pxCurrentTCB->uxCriticalNesting == 0U )
4328:Middlewares/Third_Party/FreeRTOS/Source/tasks.c **** 				{
4329:Middlewares/Third_Party/FreeRTOS/Source/tasks.c **** 					portENABLE_INTERRUPTS();
4330:Middlewares/Third_Party/FreeRTOS/Source/tasks.c **** 				}
4331:Middlewares/Third_Party/FreeRTOS/Source/tasks.c **** 				else
4332:Middlewares/Third_Party/FreeRTOS/Source/tasks.c **** 				{
4333:Middlewares/Third_Party/FreeRTOS/Source/tasks.c **** 					mtCOVERAGE_TEST_MARKER();
4334:Middlewares/Third_Party/FreeRTOS/Source/tasks.c **** 				}
4335:Middlewares/Third_Party/FreeRTOS/Source/tasks.c **** 			}
4336:Middlewares/Third_Party/FreeRTOS/Source/tasks.c **** 			else
4337:Middlewares/Third_Party/FreeRTOS/Source/tasks.c **** 			{
4338:Middlewares/Third_Party/FreeRTOS/Source/tasks.c **** 				mtCOVERAGE_TEST_MARKER();
4339:Middlewares/Third_Party/FreeRTOS/Source/tasks.c **** 			}
4340:Middlewares/Third_Party/FreeRTOS/Source/tasks.c **** 		}
4341:Middlewares/Third_Party/FreeRTOS/Source/tasks.c **** 		else
4342:Middlewares/Third_Party/FreeRTOS/Source/tasks.c **** 		{
4343:Middlewares/Third_Party/FreeRTOS/Source/tasks.c **** 			mtCOVERAGE_TEST_MARKER();
4344:Middlewares/Third_Party/FreeRTOS/Source/tasks.c **** 		}
4345:Middlewares/Third_Party/FreeRTOS/Source/tasks.c **** 	}
4346:Middlewares/Third_Party/FreeRTOS/Source/tasks.c **** 
4347:Middlewares/Third_Party/FreeRTOS/Source/tasks.c **** #endif /* portCRITICAL_NESTING_IN_TCB */
4348:Middlewares/Third_Party/FreeRTOS/Source/tasks.c **** /*-----------------------------------------------------------*/
4349:Middlewares/Third_Party/FreeRTOS/Source/tasks.c **** 
4350:Middlewares/Third_Party/FreeRTOS/Source/tasks.c **** #if ( ( configUSE_TRACE_FACILITY == 1 ) && ( configUSE_STATS_FORMATTING_FUNCTIONS > 0 ) )
4351:Middlewares/Third_Party/FreeRTOS/Source/tasks.c **** 
4352:Middlewares/Third_Party/FreeRTOS/Source/tasks.c **** 	static char *prvWriteNameToBuffer( char *pcBuffer, const char *pcTaskName )
4353:Middlewares/Third_Party/FreeRTOS/Source/tasks.c **** 	{
4354:Middlewares/Third_Party/FreeRTOS/Source/tasks.c **** 	size_t x;
4355:Middlewares/Third_Party/FreeRTOS/Source/tasks.c **** 
4356:Middlewares/Third_Party/FreeRTOS/Source/tasks.c **** 		/* Start by copying the entire string. */
4357:Middlewares/Third_Party/FreeRTOS/Source/tasks.c **** 		strcpy( pcBuffer, pcTaskName );
4358:Middlewares/Third_Party/FreeRTOS/Source/tasks.c **** 
4359:Middlewares/Third_Party/FreeRTOS/Source/tasks.c **** 		/* Pad the end of the string with spaces to ensure columns line up when
ARM GAS  C:\Users\subdia\AppData\Local\Temp\ccqYdsij.s 			page 98


4360:Middlewares/Third_Party/FreeRTOS/Source/tasks.c **** 		printed out. */
4361:Middlewares/Third_Party/FreeRTOS/Source/tasks.c **** 		for( x = strlen( pcBuffer ); x < ( size_t ) ( configMAX_TASK_NAME_LEN - 1 ); x++ )
4362:Middlewares/Third_Party/FreeRTOS/Source/tasks.c **** 		{
4363:Middlewares/Third_Party/FreeRTOS/Source/tasks.c **** 			pcBuffer[ x ] = ' ';
4364:Middlewares/Third_Party/FreeRTOS/Source/tasks.c **** 		}
4365:Middlewares/Third_Party/FreeRTOS/Source/tasks.c **** 
4366:Middlewares/Third_Party/FreeRTOS/Source/tasks.c **** 		/* Terminate. */
4367:Middlewares/Third_Party/FreeRTOS/Source/tasks.c **** 		pcBuffer[ x ] = ( char ) 0x00;
4368:Middlewares/Third_Party/FreeRTOS/Source/tasks.c **** 
4369:Middlewares/Third_Party/FreeRTOS/Source/tasks.c **** 		/* Return the new end of string. */
4370:Middlewares/Third_Party/FreeRTOS/Source/tasks.c **** 		return &( pcBuffer[ x ] );
4371:Middlewares/Third_Party/FreeRTOS/Source/tasks.c **** 	}
4372:Middlewares/Third_Party/FreeRTOS/Source/tasks.c **** 
4373:Middlewares/Third_Party/FreeRTOS/Source/tasks.c **** #endif /* ( configUSE_TRACE_FACILITY == 1 ) && ( configUSE_STATS_FORMATTING_FUNCTIONS > 0 ) */
4374:Middlewares/Third_Party/FreeRTOS/Source/tasks.c **** /*-----------------------------------------------------------*/
4375:Middlewares/Third_Party/FreeRTOS/Source/tasks.c **** 
4376:Middlewares/Third_Party/FreeRTOS/Source/tasks.c **** #if ( ( configUSE_TRACE_FACILITY == 1 ) && ( configUSE_STATS_FORMATTING_FUNCTIONS > 0 ) && ( config
4377:Middlewares/Third_Party/FreeRTOS/Source/tasks.c **** 
4378:Middlewares/Third_Party/FreeRTOS/Source/tasks.c **** 	void vTaskList( char * pcWriteBuffer )
4379:Middlewares/Third_Party/FreeRTOS/Source/tasks.c **** 	{
4380:Middlewares/Third_Party/FreeRTOS/Source/tasks.c **** 	TaskStatus_t *pxTaskStatusArray;
4381:Middlewares/Third_Party/FreeRTOS/Source/tasks.c **** 	UBaseType_t uxArraySize, x;
4382:Middlewares/Third_Party/FreeRTOS/Source/tasks.c **** 	char cStatus;
4383:Middlewares/Third_Party/FreeRTOS/Source/tasks.c **** 
4384:Middlewares/Third_Party/FreeRTOS/Source/tasks.c **** 		/*
4385:Middlewares/Third_Party/FreeRTOS/Source/tasks.c **** 		 * PLEASE NOTE:
4386:Middlewares/Third_Party/FreeRTOS/Source/tasks.c **** 		 *
4387:Middlewares/Third_Party/FreeRTOS/Source/tasks.c **** 		 * This function is provided for convenience only, and is used by many
4388:Middlewares/Third_Party/FreeRTOS/Source/tasks.c **** 		 * of the demo applications.  Do not consider it to be part of the
4389:Middlewares/Third_Party/FreeRTOS/Source/tasks.c **** 		 * scheduler.
4390:Middlewares/Third_Party/FreeRTOS/Source/tasks.c **** 		 *
4391:Middlewares/Third_Party/FreeRTOS/Source/tasks.c **** 		 * vTaskList() calls uxTaskGetSystemState(), then formats part of the
4392:Middlewares/Third_Party/FreeRTOS/Source/tasks.c **** 		 * uxTaskGetSystemState() output into a human readable table that
4393:Middlewares/Third_Party/FreeRTOS/Source/tasks.c **** 		 * displays task names, states and stack usage.
4394:Middlewares/Third_Party/FreeRTOS/Source/tasks.c **** 		 *
4395:Middlewares/Third_Party/FreeRTOS/Source/tasks.c **** 		 * vTaskList() has a dependency on the sprintf() C library function that
4396:Middlewares/Third_Party/FreeRTOS/Source/tasks.c **** 		 * might bloat the code size, use a lot of stack, and provide different
4397:Middlewares/Third_Party/FreeRTOS/Source/tasks.c **** 		 * results on different platforms.  An alternative, tiny, third party,
4398:Middlewares/Third_Party/FreeRTOS/Source/tasks.c **** 		 * and limited functionality implementation of sprintf() is provided in
4399:Middlewares/Third_Party/FreeRTOS/Source/tasks.c **** 		 * many of the FreeRTOS/Demo sub-directories in a file called
4400:Middlewares/Third_Party/FreeRTOS/Source/tasks.c **** 		 * printf-stdarg.c (note printf-stdarg.c does not provide a full
4401:Middlewares/Third_Party/FreeRTOS/Source/tasks.c **** 		 * snprintf() implementation!).
4402:Middlewares/Third_Party/FreeRTOS/Source/tasks.c **** 		 *
4403:Middlewares/Third_Party/FreeRTOS/Source/tasks.c **** 		 * It is recommended that production systems call uxTaskGetSystemState()
4404:Middlewares/Third_Party/FreeRTOS/Source/tasks.c **** 		 * directly to get access to raw stats data, rather than indirectly
4405:Middlewares/Third_Party/FreeRTOS/Source/tasks.c **** 		 * through a call to vTaskList().
4406:Middlewares/Third_Party/FreeRTOS/Source/tasks.c **** 		 */
4407:Middlewares/Third_Party/FreeRTOS/Source/tasks.c **** 
4408:Middlewares/Third_Party/FreeRTOS/Source/tasks.c **** 
4409:Middlewares/Third_Party/FreeRTOS/Source/tasks.c **** 		/* Make sure the write buffer does not contain a string. */
4410:Middlewares/Third_Party/FreeRTOS/Source/tasks.c **** 		*pcWriteBuffer = ( char ) 0x00;
4411:Middlewares/Third_Party/FreeRTOS/Source/tasks.c **** 
4412:Middlewares/Third_Party/FreeRTOS/Source/tasks.c **** 		/* Take a snapshot of the number of tasks in case it changes while this
4413:Middlewares/Third_Party/FreeRTOS/Source/tasks.c **** 		function is executing. */
4414:Middlewares/Third_Party/FreeRTOS/Source/tasks.c **** 		uxArraySize = uxCurrentNumberOfTasks;
4415:Middlewares/Third_Party/FreeRTOS/Source/tasks.c **** 
4416:Middlewares/Third_Party/FreeRTOS/Source/tasks.c **** 		/* Allocate an array index for each task.  NOTE!  if
ARM GAS  C:\Users\subdia\AppData\Local\Temp\ccqYdsij.s 			page 99


4417:Middlewares/Third_Party/FreeRTOS/Source/tasks.c **** 		configSUPPORT_DYNAMIC_ALLOCATION is set to 0 then pvPortMalloc() will
4418:Middlewares/Third_Party/FreeRTOS/Source/tasks.c **** 		equate to NULL. */
4419:Middlewares/Third_Party/FreeRTOS/Source/tasks.c **** 		pxTaskStatusArray = pvPortMalloc( uxCurrentNumberOfTasks * sizeof( TaskStatus_t ) ); /*lint !e907
4420:Middlewares/Third_Party/FreeRTOS/Source/tasks.c **** 
4421:Middlewares/Third_Party/FreeRTOS/Source/tasks.c **** 		if( pxTaskStatusArray != NULL )
4422:Middlewares/Third_Party/FreeRTOS/Source/tasks.c **** 		{
4423:Middlewares/Third_Party/FreeRTOS/Source/tasks.c **** 			/* Generate the (binary) data. */
4424:Middlewares/Third_Party/FreeRTOS/Source/tasks.c **** 			uxArraySize = uxTaskGetSystemState( pxTaskStatusArray, uxArraySize, NULL );
4425:Middlewares/Third_Party/FreeRTOS/Source/tasks.c **** 
4426:Middlewares/Third_Party/FreeRTOS/Source/tasks.c **** 			/* Create a human readable table from the binary data. */
4427:Middlewares/Third_Party/FreeRTOS/Source/tasks.c **** 			for( x = 0; x < uxArraySize; x++ )
4428:Middlewares/Third_Party/FreeRTOS/Source/tasks.c **** 			{
4429:Middlewares/Third_Party/FreeRTOS/Source/tasks.c **** 				switch( pxTaskStatusArray[ x ].eCurrentState )
4430:Middlewares/Third_Party/FreeRTOS/Source/tasks.c **** 				{
4431:Middlewares/Third_Party/FreeRTOS/Source/tasks.c **** 					case eRunning:		cStatus = tskRUNNING_CHAR;
4432:Middlewares/Third_Party/FreeRTOS/Source/tasks.c **** 										break;
4433:Middlewares/Third_Party/FreeRTOS/Source/tasks.c **** 
4434:Middlewares/Third_Party/FreeRTOS/Source/tasks.c **** 					case eReady:		cStatus = tskREADY_CHAR;
4435:Middlewares/Third_Party/FreeRTOS/Source/tasks.c **** 										break;
4436:Middlewares/Third_Party/FreeRTOS/Source/tasks.c **** 
4437:Middlewares/Third_Party/FreeRTOS/Source/tasks.c **** 					case eBlocked:		cStatus = tskBLOCKED_CHAR;
4438:Middlewares/Third_Party/FreeRTOS/Source/tasks.c **** 										break;
4439:Middlewares/Third_Party/FreeRTOS/Source/tasks.c **** 
4440:Middlewares/Third_Party/FreeRTOS/Source/tasks.c **** 					case eSuspended:	cStatus = tskSUSPENDED_CHAR;
4441:Middlewares/Third_Party/FreeRTOS/Source/tasks.c **** 										break;
4442:Middlewares/Third_Party/FreeRTOS/Source/tasks.c **** 
4443:Middlewares/Third_Party/FreeRTOS/Source/tasks.c **** 					case eDeleted:		cStatus = tskDELETED_CHAR;
4444:Middlewares/Third_Party/FreeRTOS/Source/tasks.c **** 										break;
4445:Middlewares/Third_Party/FreeRTOS/Source/tasks.c **** 
4446:Middlewares/Third_Party/FreeRTOS/Source/tasks.c **** 					case eInvalid:		/* Fall through. */
4447:Middlewares/Third_Party/FreeRTOS/Source/tasks.c **** 					default:			/* Should not get here, but it is included
4448:Middlewares/Third_Party/FreeRTOS/Source/tasks.c **** 										to prevent static checking errors. */
4449:Middlewares/Third_Party/FreeRTOS/Source/tasks.c **** 										cStatus = ( char ) 0x00;
4450:Middlewares/Third_Party/FreeRTOS/Source/tasks.c **** 										break;
4451:Middlewares/Third_Party/FreeRTOS/Source/tasks.c **** 				}
4452:Middlewares/Third_Party/FreeRTOS/Source/tasks.c **** 
4453:Middlewares/Third_Party/FreeRTOS/Source/tasks.c **** 				/* Write the task name to the string, padding with spaces so it
4454:Middlewares/Third_Party/FreeRTOS/Source/tasks.c **** 				can be printed in tabular form more easily. */
4455:Middlewares/Third_Party/FreeRTOS/Source/tasks.c **** 				pcWriteBuffer = prvWriteNameToBuffer( pcWriteBuffer, pxTaskStatusArray[ x ].pcTaskName );
4456:Middlewares/Third_Party/FreeRTOS/Source/tasks.c **** 
4457:Middlewares/Third_Party/FreeRTOS/Source/tasks.c **** 				/* Write the rest of the string. */
4458:Middlewares/Third_Party/FreeRTOS/Source/tasks.c **** 				sprintf( pcWriteBuffer, "\t%c\t%u\t%u\t%u\r\n", cStatus, ( unsigned int ) pxTaskStatusArray[ x 
4459:Middlewares/Third_Party/FreeRTOS/Source/tasks.c **** 				pcWriteBuffer += strlen( pcWriteBuffer ); /*lint !e9016 Pointer arithmetic ok on char pointers 
4460:Middlewares/Third_Party/FreeRTOS/Source/tasks.c **** 			}
4461:Middlewares/Third_Party/FreeRTOS/Source/tasks.c **** 
4462:Middlewares/Third_Party/FreeRTOS/Source/tasks.c **** 			/* Free the array again.  NOTE!  If configSUPPORT_DYNAMIC_ALLOCATION
4463:Middlewares/Third_Party/FreeRTOS/Source/tasks.c **** 			is 0 then vPortFree() will be #defined to nothing. */
4464:Middlewares/Third_Party/FreeRTOS/Source/tasks.c **** 			vPortFree( pxTaskStatusArray );
4465:Middlewares/Third_Party/FreeRTOS/Source/tasks.c **** 		}
4466:Middlewares/Third_Party/FreeRTOS/Source/tasks.c **** 		else
4467:Middlewares/Third_Party/FreeRTOS/Source/tasks.c **** 		{
4468:Middlewares/Third_Party/FreeRTOS/Source/tasks.c **** 			mtCOVERAGE_TEST_MARKER();
4469:Middlewares/Third_Party/FreeRTOS/Source/tasks.c **** 		}
4470:Middlewares/Third_Party/FreeRTOS/Source/tasks.c **** 	}
4471:Middlewares/Third_Party/FreeRTOS/Source/tasks.c **** 
4472:Middlewares/Third_Party/FreeRTOS/Source/tasks.c **** #endif /* ( ( configUSE_TRACE_FACILITY == 1 ) && ( configUSE_STATS_FORMATTING_FUNCTIONS > 0 ) && ( 
4473:Middlewares/Third_Party/FreeRTOS/Source/tasks.c **** /*----------------------------------------------------------*/
ARM GAS  C:\Users\subdia\AppData\Local\Temp\ccqYdsij.s 			page 100


4474:Middlewares/Third_Party/FreeRTOS/Source/tasks.c **** 
4475:Middlewares/Third_Party/FreeRTOS/Source/tasks.c **** #if ( ( configGENERATE_RUN_TIME_STATS == 1 ) && ( configUSE_STATS_FORMATTING_FUNCTIONS > 0 ) && ( c
4476:Middlewares/Third_Party/FreeRTOS/Source/tasks.c **** 
4477:Middlewares/Third_Party/FreeRTOS/Source/tasks.c **** 	void vTaskGetRunTimeStats( char *pcWriteBuffer )
4478:Middlewares/Third_Party/FreeRTOS/Source/tasks.c **** 	{
4479:Middlewares/Third_Party/FreeRTOS/Source/tasks.c **** 	TaskStatus_t *pxTaskStatusArray;
4480:Middlewares/Third_Party/FreeRTOS/Source/tasks.c **** 	UBaseType_t uxArraySize, x;
4481:Middlewares/Third_Party/FreeRTOS/Source/tasks.c **** 	uint32_t ulTotalTime, ulStatsAsPercentage;
4482:Middlewares/Third_Party/FreeRTOS/Source/tasks.c **** 
4483:Middlewares/Third_Party/FreeRTOS/Source/tasks.c **** 		#if( configUSE_TRACE_FACILITY != 1 )
4484:Middlewares/Third_Party/FreeRTOS/Source/tasks.c **** 		{
4485:Middlewares/Third_Party/FreeRTOS/Source/tasks.c **** 			#error configUSE_TRACE_FACILITY must also be set to 1 in FreeRTOSConfig.h to use vTaskGetRunTime
4486:Middlewares/Third_Party/FreeRTOS/Source/tasks.c **** 		}
4487:Middlewares/Third_Party/FreeRTOS/Source/tasks.c **** 		#endif
4488:Middlewares/Third_Party/FreeRTOS/Source/tasks.c **** 
4489:Middlewares/Third_Party/FreeRTOS/Source/tasks.c **** 		/*
4490:Middlewares/Third_Party/FreeRTOS/Source/tasks.c **** 		 * PLEASE NOTE:
4491:Middlewares/Third_Party/FreeRTOS/Source/tasks.c **** 		 *
4492:Middlewares/Third_Party/FreeRTOS/Source/tasks.c **** 		 * This function is provided for convenience only, and is used by many
4493:Middlewares/Third_Party/FreeRTOS/Source/tasks.c **** 		 * of the demo applications.  Do not consider it to be part of the
4494:Middlewares/Third_Party/FreeRTOS/Source/tasks.c **** 		 * scheduler.
4495:Middlewares/Third_Party/FreeRTOS/Source/tasks.c **** 		 *
4496:Middlewares/Third_Party/FreeRTOS/Source/tasks.c **** 		 * vTaskGetRunTimeStats() calls uxTaskGetSystemState(), then formats part
4497:Middlewares/Third_Party/FreeRTOS/Source/tasks.c **** 		 * of the uxTaskGetSystemState() output into a human readable table that
4498:Middlewares/Third_Party/FreeRTOS/Source/tasks.c **** 		 * displays the amount of time each task has spent in the Running state
4499:Middlewares/Third_Party/FreeRTOS/Source/tasks.c **** 		 * in both absolute and percentage terms.
4500:Middlewares/Third_Party/FreeRTOS/Source/tasks.c **** 		 *
4501:Middlewares/Third_Party/FreeRTOS/Source/tasks.c **** 		 * vTaskGetRunTimeStats() has a dependency on the sprintf() C library
4502:Middlewares/Third_Party/FreeRTOS/Source/tasks.c **** 		 * function that might bloat the code size, use a lot of stack, and
4503:Middlewares/Third_Party/FreeRTOS/Source/tasks.c **** 		 * provide different results on different platforms.  An alternative,
4504:Middlewares/Third_Party/FreeRTOS/Source/tasks.c **** 		 * tiny, third party, and limited functionality implementation of
4505:Middlewares/Third_Party/FreeRTOS/Source/tasks.c **** 		 * sprintf() is provided in many of the FreeRTOS/Demo sub-directories in
4506:Middlewares/Third_Party/FreeRTOS/Source/tasks.c **** 		 * a file called printf-stdarg.c (note printf-stdarg.c does not provide
4507:Middlewares/Third_Party/FreeRTOS/Source/tasks.c **** 		 * a full snprintf() implementation!).
4508:Middlewares/Third_Party/FreeRTOS/Source/tasks.c **** 		 *
4509:Middlewares/Third_Party/FreeRTOS/Source/tasks.c **** 		 * It is recommended that production systems call uxTaskGetSystemState()
4510:Middlewares/Third_Party/FreeRTOS/Source/tasks.c **** 		 * directly to get access to raw stats data, rather than indirectly
4511:Middlewares/Third_Party/FreeRTOS/Source/tasks.c **** 		 * through a call to vTaskGetRunTimeStats().
4512:Middlewares/Third_Party/FreeRTOS/Source/tasks.c **** 		 */
4513:Middlewares/Third_Party/FreeRTOS/Source/tasks.c **** 
4514:Middlewares/Third_Party/FreeRTOS/Source/tasks.c **** 		/* Make sure the write buffer does not contain a string. */
4515:Middlewares/Third_Party/FreeRTOS/Source/tasks.c **** 		*pcWriteBuffer = ( char ) 0x00;
4516:Middlewares/Third_Party/FreeRTOS/Source/tasks.c **** 
4517:Middlewares/Third_Party/FreeRTOS/Source/tasks.c **** 		/* Take a snapshot of the number of tasks in case it changes while this
4518:Middlewares/Third_Party/FreeRTOS/Source/tasks.c **** 		function is executing. */
4519:Middlewares/Third_Party/FreeRTOS/Source/tasks.c **** 		uxArraySize = uxCurrentNumberOfTasks;
4520:Middlewares/Third_Party/FreeRTOS/Source/tasks.c **** 
4521:Middlewares/Third_Party/FreeRTOS/Source/tasks.c **** 		/* Allocate an array index for each task.  NOTE!  If
4522:Middlewares/Third_Party/FreeRTOS/Source/tasks.c **** 		configSUPPORT_DYNAMIC_ALLOCATION is set to 0 then pvPortMalloc() will
4523:Middlewares/Third_Party/FreeRTOS/Source/tasks.c **** 		equate to NULL. */
4524:Middlewares/Third_Party/FreeRTOS/Source/tasks.c **** 		pxTaskStatusArray = pvPortMalloc( uxCurrentNumberOfTasks * sizeof( TaskStatus_t ) ); /*lint !e907
4525:Middlewares/Third_Party/FreeRTOS/Source/tasks.c **** 
4526:Middlewares/Third_Party/FreeRTOS/Source/tasks.c **** 		if( pxTaskStatusArray != NULL )
4527:Middlewares/Third_Party/FreeRTOS/Source/tasks.c **** 		{
4528:Middlewares/Third_Party/FreeRTOS/Source/tasks.c **** 			/* Generate the (binary) data. */
4529:Middlewares/Third_Party/FreeRTOS/Source/tasks.c **** 			uxArraySize = uxTaskGetSystemState( pxTaskStatusArray, uxArraySize, &ulTotalTime );
4530:Middlewares/Third_Party/FreeRTOS/Source/tasks.c **** 
ARM GAS  C:\Users\subdia\AppData\Local\Temp\ccqYdsij.s 			page 101


4531:Middlewares/Third_Party/FreeRTOS/Source/tasks.c **** 			/* For percentage calculations. */
4532:Middlewares/Third_Party/FreeRTOS/Source/tasks.c **** 			ulTotalTime /= 100UL;
4533:Middlewares/Third_Party/FreeRTOS/Source/tasks.c **** 
4534:Middlewares/Third_Party/FreeRTOS/Source/tasks.c **** 			/* Avoid divide by zero errors. */
4535:Middlewares/Third_Party/FreeRTOS/Source/tasks.c **** 			if( ulTotalTime > 0UL )
4536:Middlewares/Third_Party/FreeRTOS/Source/tasks.c **** 			{
4537:Middlewares/Third_Party/FreeRTOS/Source/tasks.c **** 				/* Create a human readable table from the binary data. */
4538:Middlewares/Third_Party/FreeRTOS/Source/tasks.c **** 				for( x = 0; x < uxArraySize; x++ )
4539:Middlewares/Third_Party/FreeRTOS/Source/tasks.c **** 				{
4540:Middlewares/Third_Party/FreeRTOS/Source/tasks.c **** 					/* What percentage of the total run time has the task used?
4541:Middlewares/Third_Party/FreeRTOS/Source/tasks.c **** 					This will always be rounded down to the nearest integer.
4542:Middlewares/Third_Party/FreeRTOS/Source/tasks.c **** 					ulTotalRunTimeDiv100 has already been divided by 100. */
4543:Middlewares/Third_Party/FreeRTOS/Source/tasks.c **** 					ulStatsAsPercentage = pxTaskStatusArray[ x ].ulRunTimeCounter / ulTotalTime;
4544:Middlewares/Third_Party/FreeRTOS/Source/tasks.c **** 
4545:Middlewares/Third_Party/FreeRTOS/Source/tasks.c **** 					/* Write the task name to the string, padding with
4546:Middlewares/Third_Party/FreeRTOS/Source/tasks.c **** 					spaces so it can be printed in tabular form more
4547:Middlewares/Third_Party/FreeRTOS/Source/tasks.c **** 					easily. */
4548:Middlewares/Third_Party/FreeRTOS/Source/tasks.c **** 					pcWriteBuffer = prvWriteNameToBuffer( pcWriteBuffer, pxTaskStatusArray[ x ].pcTaskName );
4549:Middlewares/Third_Party/FreeRTOS/Source/tasks.c **** 
4550:Middlewares/Third_Party/FreeRTOS/Source/tasks.c **** 					if( ulStatsAsPercentage > 0UL )
4551:Middlewares/Third_Party/FreeRTOS/Source/tasks.c **** 					{
4552:Middlewares/Third_Party/FreeRTOS/Source/tasks.c **** 						#ifdef portLU_PRINTF_SPECIFIER_REQUIRED
4553:Middlewares/Third_Party/FreeRTOS/Source/tasks.c **** 						{
4554:Middlewares/Third_Party/FreeRTOS/Source/tasks.c **** 							sprintf( pcWriteBuffer, "\t%lu\t\t%lu%%\r\n", pxTaskStatusArray[ x ].ulRunTimeCounter, ulSta
4555:Middlewares/Third_Party/FreeRTOS/Source/tasks.c **** 						}
4556:Middlewares/Third_Party/FreeRTOS/Source/tasks.c **** 						#else
4557:Middlewares/Third_Party/FreeRTOS/Source/tasks.c **** 						{
4558:Middlewares/Third_Party/FreeRTOS/Source/tasks.c **** 							/* sizeof( int ) == sizeof( long ) so a smaller
4559:Middlewares/Third_Party/FreeRTOS/Source/tasks.c **** 							printf() library can be used. */
4560:Middlewares/Third_Party/FreeRTOS/Source/tasks.c **** 							sprintf( pcWriteBuffer, "\t%u\t\t%u%%\r\n", ( unsigned int ) pxTaskStatusArray[ x ].ulRunTim
4561:Middlewares/Third_Party/FreeRTOS/Source/tasks.c **** 						}
4562:Middlewares/Third_Party/FreeRTOS/Source/tasks.c **** 						#endif
4563:Middlewares/Third_Party/FreeRTOS/Source/tasks.c **** 					}
4564:Middlewares/Third_Party/FreeRTOS/Source/tasks.c **** 					else
4565:Middlewares/Third_Party/FreeRTOS/Source/tasks.c **** 					{
4566:Middlewares/Third_Party/FreeRTOS/Source/tasks.c **** 						/* If the percentage is zero here then the task has
4567:Middlewares/Third_Party/FreeRTOS/Source/tasks.c **** 						consumed less than 1% of the total run time. */
4568:Middlewares/Third_Party/FreeRTOS/Source/tasks.c **** 						#ifdef portLU_PRINTF_SPECIFIER_REQUIRED
4569:Middlewares/Third_Party/FreeRTOS/Source/tasks.c **** 						{
4570:Middlewares/Third_Party/FreeRTOS/Source/tasks.c **** 							sprintf( pcWriteBuffer, "\t%lu\t\t<1%%\r\n", pxTaskStatusArray[ x ].ulRunTimeCounter );
4571:Middlewares/Third_Party/FreeRTOS/Source/tasks.c **** 						}
4572:Middlewares/Third_Party/FreeRTOS/Source/tasks.c **** 						#else
4573:Middlewares/Third_Party/FreeRTOS/Source/tasks.c **** 						{
4574:Middlewares/Third_Party/FreeRTOS/Source/tasks.c **** 							/* sizeof( int ) == sizeof( long ) so a smaller
4575:Middlewares/Third_Party/FreeRTOS/Source/tasks.c **** 							printf() library can be used. */
4576:Middlewares/Third_Party/FreeRTOS/Source/tasks.c **** 							sprintf( pcWriteBuffer, "\t%u\t\t<1%%\r\n", ( unsigned int ) pxTaskStatusArray[ x ].ulRunTim
4577:Middlewares/Third_Party/FreeRTOS/Source/tasks.c **** 						}
4578:Middlewares/Third_Party/FreeRTOS/Source/tasks.c **** 						#endif
4579:Middlewares/Third_Party/FreeRTOS/Source/tasks.c **** 					}
4580:Middlewares/Third_Party/FreeRTOS/Source/tasks.c **** 
4581:Middlewares/Third_Party/FreeRTOS/Source/tasks.c **** 					pcWriteBuffer += strlen( pcWriteBuffer ); /*lint !e9016 Pointer arithmetic ok on char pointers
4582:Middlewares/Third_Party/FreeRTOS/Source/tasks.c **** 				}
4583:Middlewares/Third_Party/FreeRTOS/Source/tasks.c **** 			}
4584:Middlewares/Third_Party/FreeRTOS/Source/tasks.c **** 			else
4585:Middlewares/Third_Party/FreeRTOS/Source/tasks.c **** 			{
4586:Middlewares/Third_Party/FreeRTOS/Source/tasks.c **** 				mtCOVERAGE_TEST_MARKER();
4587:Middlewares/Third_Party/FreeRTOS/Source/tasks.c **** 			}
ARM GAS  C:\Users\subdia\AppData\Local\Temp\ccqYdsij.s 			page 102


4588:Middlewares/Third_Party/FreeRTOS/Source/tasks.c **** 
4589:Middlewares/Third_Party/FreeRTOS/Source/tasks.c **** 			/* Free the array again.  NOTE!  If configSUPPORT_DYNAMIC_ALLOCATION
4590:Middlewares/Third_Party/FreeRTOS/Source/tasks.c **** 			is 0 then vPortFree() will be #defined to nothing. */
4591:Middlewares/Third_Party/FreeRTOS/Source/tasks.c **** 			vPortFree( pxTaskStatusArray );
4592:Middlewares/Third_Party/FreeRTOS/Source/tasks.c **** 		}
4593:Middlewares/Third_Party/FreeRTOS/Source/tasks.c **** 		else
4594:Middlewares/Third_Party/FreeRTOS/Source/tasks.c **** 		{
4595:Middlewares/Third_Party/FreeRTOS/Source/tasks.c **** 			mtCOVERAGE_TEST_MARKER();
4596:Middlewares/Third_Party/FreeRTOS/Source/tasks.c **** 		}
4597:Middlewares/Third_Party/FreeRTOS/Source/tasks.c **** 	}
4598:Middlewares/Third_Party/FreeRTOS/Source/tasks.c **** 
4599:Middlewares/Third_Party/FreeRTOS/Source/tasks.c **** #endif /* ( ( configGENERATE_RUN_TIME_STATS == 1 ) && ( configUSE_STATS_FORMATTING_FUNCTIONS > 0 ) 
4600:Middlewares/Third_Party/FreeRTOS/Source/tasks.c **** /*-----------------------------------------------------------*/
4601:Middlewares/Third_Party/FreeRTOS/Source/tasks.c **** 
4602:Middlewares/Third_Party/FreeRTOS/Source/tasks.c **** TickType_t uxTaskResetEventItemValue( void )
4603:Middlewares/Third_Party/FreeRTOS/Source/tasks.c **** {
4604:Middlewares/Third_Party/FreeRTOS/Source/tasks.c **** TickType_t uxReturn;
4605:Middlewares/Third_Party/FreeRTOS/Source/tasks.c **** 
4606:Middlewares/Third_Party/FreeRTOS/Source/tasks.c **** 	uxReturn = listGET_LIST_ITEM_VALUE( &( pxCurrentTCB->xEventListItem ) );
4607:Middlewares/Third_Party/FreeRTOS/Source/tasks.c **** 
4608:Middlewares/Third_Party/FreeRTOS/Source/tasks.c **** 	/* Reset the event list item to its normal value - so it can be used with
4609:Middlewares/Third_Party/FreeRTOS/Source/tasks.c **** 	queues and semaphores. */
4610:Middlewares/Third_Party/FreeRTOS/Source/tasks.c **** 	listSET_LIST_ITEM_VALUE( &( pxCurrentTCB->xEventListItem ), ( ( TickType_t ) configMAX_PRIORITIES 
4611:Middlewares/Third_Party/FreeRTOS/Source/tasks.c **** 
4612:Middlewares/Third_Party/FreeRTOS/Source/tasks.c **** 	return uxReturn;
4613:Middlewares/Third_Party/FreeRTOS/Source/tasks.c **** }
4614:Middlewares/Third_Party/FreeRTOS/Source/tasks.c **** /*-----------------------------------------------------------*/
4615:Middlewares/Third_Party/FreeRTOS/Source/tasks.c **** 
4616:Middlewares/Third_Party/FreeRTOS/Source/tasks.c **** #if ( configUSE_MUTEXES == 1 )
4617:Middlewares/Third_Party/FreeRTOS/Source/tasks.c **** 
4618:Middlewares/Third_Party/FreeRTOS/Source/tasks.c **** 	TaskHandle_t pvTaskIncrementMutexHeldCount( void )
4619:Middlewares/Third_Party/FreeRTOS/Source/tasks.c **** 	{
4620:Middlewares/Third_Party/FreeRTOS/Source/tasks.c **** 		/* If xSemaphoreCreateMutex() is called before any tasks have been created
4621:Middlewares/Third_Party/FreeRTOS/Source/tasks.c **** 		then pxCurrentTCB will be NULL. */
4622:Middlewares/Third_Party/FreeRTOS/Source/tasks.c **** 		if( pxCurrentTCB != NULL )
4623:Middlewares/Third_Party/FreeRTOS/Source/tasks.c **** 		{
4624:Middlewares/Third_Party/FreeRTOS/Source/tasks.c **** 			( pxCurrentTCB->uxMutexesHeld )++;
4625:Middlewares/Third_Party/FreeRTOS/Source/tasks.c **** 		}
4626:Middlewares/Third_Party/FreeRTOS/Source/tasks.c **** 
4627:Middlewares/Third_Party/FreeRTOS/Source/tasks.c **** 		return pxCurrentTCB;
4628:Middlewares/Third_Party/FreeRTOS/Source/tasks.c **** 	}
4629:Middlewares/Third_Party/FreeRTOS/Source/tasks.c **** 
4630:Middlewares/Third_Party/FreeRTOS/Source/tasks.c **** #endif /* configUSE_MUTEXES */
4631:Middlewares/Third_Party/FreeRTOS/Source/tasks.c **** /*-----------------------------------------------------------*/
4632:Middlewares/Third_Party/FreeRTOS/Source/tasks.c **** 
4633:Middlewares/Third_Party/FreeRTOS/Source/tasks.c **** #if( configUSE_TASK_NOTIFICATIONS == 1 )
4634:Middlewares/Third_Party/FreeRTOS/Source/tasks.c **** 
4635:Middlewares/Third_Party/FreeRTOS/Source/tasks.c **** 	uint32_t ulTaskNotifyTake( BaseType_t xClearCountOnExit, TickType_t xTicksToWait )
4636:Middlewares/Third_Party/FreeRTOS/Source/tasks.c **** 	{
4637:Middlewares/Third_Party/FreeRTOS/Source/tasks.c **** 	uint32_t ulReturn;
4638:Middlewares/Third_Party/FreeRTOS/Source/tasks.c **** 
4639:Middlewares/Third_Party/FreeRTOS/Source/tasks.c **** 		taskENTER_CRITICAL();
4640:Middlewares/Third_Party/FreeRTOS/Source/tasks.c **** 		{
4641:Middlewares/Third_Party/FreeRTOS/Source/tasks.c **** 			/* Only block if the notification count is not already non-zero. */
4642:Middlewares/Third_Party/FreeRTOS/Source/tasks.c **** 			if( pxCurrentTCB->ulNotifiedValue == 0UL )
4643:Middlewares/Third_Party/FreeRTOS/Source/tasks.c **** 			{
4644:Middlewares/Third_Party/FreeRTOS/Source/tasks.c **** 				/* Mark this task as waiting for a notification. */
ARM GAS  C:\Users\subdia\AppData\Local\Temp\ccqYdsij.s 			page 103


4645:Middlewares/Third_Party/FreeRTOS/Source/tasks.c **** 				pxCurrentTCB->ucNotifyState = taskWAITING_NOTIFICATION;
4646:Middlewares/Third_Party/FreeRTOS/Source/tasks.c **** 
4647:Middlewares/Third_Party/FreeRTOS/Source/tasks.c **** 				if( xTicksToWait > ( TickType_t ) 0 )
4648:Middlewares/Third_Party/FreeRTOS/Source/tasks.c **** 				{
4649:Middlewares/Third_Party/FreeRTOS/Source/tasks.c **** 					prvAddCurrentTaskToDelayedList( xTicksToWait, pdTRUE );
4650:Middlewares/Third_Party/FreeRTOS/Source/tasks.c **** 					traceTASK_NOTIFY_TAKE_BLOCK();
4651:Middlewares/Third_Party/FreeRTOS/Source/tasks.c **** 
4652:Middlewares/Third_Party/FreeRTOS/Source/tasks.c **** 					/* All ports are written to allow a yield in a critical
4653:Middlewares/Third_Party/FreeRTOS/Source/tasks.c **** 					section (some will yield immediately, others wait until the
4654:Middlewares/Third_Party/FreeRTOS/Source/tasks.c **** 					critical section exits) - but it is not something that
4655:Middlewares/Third_Party/FreeRTOS/Source/tasks.c **** 					application code should ever do. */
4656:Middlewares/Third_Party/FreeRTOS/Source/tasks.c **** 					portYIELD_WITHIN_API();
4657:Middlewares/Third_Party/FreeRTOS/Source/tasks.c **** 				}
4658:Middlewares/Third_Party/FreeRTOS/Source/tasks.c **** 				else
4659:Middlewares/Third_Party/FreeRTOS/Source/tasks.c **** 				{
4660:Middlewares/Third_Party/FreeRTOS/Source/tasks.c **** 					mtCOVERAGE_TEST_MARKER();
4661:Middlewares/Third_Party/FreeRTOS/Source/tasks.c **** 				}
4662:Middlewares/Third_Party/FreeRTOS/Source/tasks.c **** 			}
4663:Middlewares/Third_Party/FreeRTOS/Source/tasks.c **** 			else
4664:Middlewares/Third_Party/FreeRTOS/Source/tasks.c **** 			{
4665:Middlewares/Third_Party/FreeRTOS/Source/tasks.c **** 				mtCOVERAGE_TEST_MARKER();
4666:Middlewares/Third_Party/FreeRTOS/Source/tasks.c **** 			}
4667:Middlewares/Third_Party/FreeRTOS/Source/tasks.c **** 		}
4668:Middlewares/Third_Party/FreeRTOS/Source/tasks.c **** 		taskEXIT_CRITICAL();
4669:Middlewares/Third_Party/FreeRTOS/Source/tasks.c **** 
4670:Middlewares/Third_Party/FreeRTOS/Source/tasks.c **** 		taskENTER_CRITICAL();
4671:Middlewares/Third_Party/FreeRTOS/Source/tasks.c **** 		{
4672:Middlewares/Third_Party/FreeRTOS/Source/tasks.c **** 			traceTASK_NOTIFY_TAKE();
4673:Middlewares/Third_Party/FreeRTOS/Source/tasks.c **** 			ulReturn = pxCurrentTCB->ulNotifiedValue;
4674:Middlewares/Third_Party/FreeRTOS/Source/tasks.c **** 
4675:Middlewares/Third_Party/FreeRTOS/Source/tasks.c **** 			if( ulReturn != 0UL )
4676:Middlewares/Third_Party/FreeRTOS/Source/tasks.c **** 			{
4677:Middlewares/Third_Party/FreeRTOS/Source/tasks.c **** 				if( xClearCountOnExit != pdFALSE )
4678:Middlewares/Third_Party/FreeRTOS/Source/tasks.c **** 				{
4679:Middlewares/Third_Party/FreeRTOS/Source/tasks.c **** 					pxCurrentTCB->ulNotifiedValue = 0UL;
4680:Middlewares/Third_Party/FreeRTOS/Source/tasks.c **** 				}
4681:Middlewares/Third_Party/FreeRTOS/Source/tasks.c **** 				else
4682:Middlewares/Third_Party/FreeRTOS/Source/tasks.c **** 				{
4683:Middlewares/Third_Party/FreeRTOS/Source/tasks.c **** 					pxCurrentTCB->ulNotifiedValue = ulReturn - ( uint32_t ) 1;
4684:Middlewares/Third_Party/FreeRTOS/Source/tasks.c **** 				}
4685:Middlewares/Third_Party/FreeRTOS/Source/tasks.c **** 			}
4686:Middlewares/Third_Party/FreeRTOS/Source/tasks.c **** 			else
4687:Middlewares/Third_Party/FreeRTOS/Source/tasks.c **** 			{
4688:Middlewares/Third_Party/FreeRTOS/Source/tasks.c **** 				mtCOVERAGE_TEST_MARKER();
4689:Middlewares/Third_Party/FreeRTOS/Source/tasks.c **** 			}
4690:Middlewares/Third_Party/FreeRTOS/Source/tasks.c **** 
4691:Middlewares/Third_Party/FreeRTOS/Source/tasks.c **** 			pxCurrentTCB->ucNotifyState = taskNOT_WAITING_NOTIFICATION;
4692:Middlewares/Third_Party/FreeRTOS/Source/tasks.c **** 		}
4693:Middlewares/Third_Party/FreeRTOS/Source/tasks.c **** 		taskEXIT_CRITICAL();
4694:Middlewares/Third_Party/FreeRTOS/Source/tasks.c **** 
4695:Middlewares/Third_Party/FreeRTOS/Source/tasks.c **** 		return ulReturn;
4696:Middlewares/Third_Party/FreeRTOS/Source/tasks.c **** 	}
4697:Middlewares/Third_Party/FreeRTOS/Source/tasks.c **** 
4698:Middlewares/Third_Party/FreeRTOS/Source/tasks.c **** #endif /* configUSE_TASK_NOTIFICATIONS */
4699:Middlewares/Third_Party/FreeRTOS/Source/tasks.c **** /*-----------------------------------------------------------*/
4700:Middlewares/Third_Party/FreeRTOS/Source/tasks.c **** 
4701:Middlewares/Third_Party/FreeRTOS/Source/tasks.c **** #if( configUSE_TASK_NOTIFICATIONS == 1 )
ARM GAS  C:\Users\subdia\AppData\Local\Temp\ccqYdsij.s 			page 104


4702:Middlewares/Third_Party/FreeRTOS/Source/tasks.c **** 
4703:Middlewares/Third_Party/FreeRTOS/Source/tasks.c **** 	BaseType_t xTaskNotifyWait( uint32_t ulBitsToClearOnEntry, uint32_t ulBitsToClearOnExit, uint32_t 
4704:Middlewares/Third_Party/FreeRTOS/Source/tasks.c **** 	{
4705:Middlewares/Third_Party/FreeRTOS/Source/tasks.c **** 	BaseType_t xReturn;
4706:Middlewares/Third_Party/FreeRTOS/Source/tasks.c **** 
4707:Middlewares/Third_Party/FreeRTOS/Source/tasks.c **** 		taskENTER_CRITICAL();
4708:Middlewares/Third_Party/FreeRTOS/Source/tasks.c **** 		{
4709:Middlewares/Third_Party/FreeRTOS/Source/tasks.c **** 			/* Only block if a notification is not already pending. */
4710:Middlewares/Third_Party/FreeRTOS/Source/tasks.c **** 			if( pxCurrentTCB->ucNotifyState != taskNOTIFICATION_RECEIVED )
4711:Middlewares/Third_Party/FreeRTOS/Source/tasks.c **** 			{
4712:Middlewares/Third_Party/FreeRTOS/Source/tasks.c **** 				/* Clear bits in the task's notification value as bits may get
4713:Middlewares/Third_Party/FreeRTOS/Source/tasks.c **** 				set	by the notifying task or interrupt.  This can be used to
4714:Middlewares/Third_Party/FreeRTOS/Source/tasks.c **** 				clear the value to zero. */
4715:Middlewares/Third_Party/FreeRTOS/Source/tasks.c **** 				pxCurrentTCB->ulNotifiedValue &= ~ulBitsToClearOnEntry;
4716:Middlewares/Third_Party/FreeRTOS/Source/tasks.c **** 
4717:Middlewares/Third_Party/FreeRTOS/Source/tasks.c **** 				/* Mark this task as waiting for a notification. */
4718:Middlewares/Third_Party/FreeRTOS/Source/tasks.c **** 				pxCurrentTCB->ucNotifyState = taskWAITING_NOTIFICATION;
4719:Middlewares/Third_Party/FreeRTOS/Source/tasks.c **** 
4720:Middlewares/Third_Party/FreeRTOS/Source/tasks.c **** 				if( xTicksToWait > ( TickType_t ) 0 )
4721:Middlewares/Third_Party/FreeRTOS/Source/tasks.c **** 				{
4722:Middlewares/Third_Party/FreeRTOS/Source/tasks.c **** 					prvAddCurrentTaskToDelayedList( xTicksToWait, pdTRUE );
4723:Middlewares/Third_Party/FreeRTOS/Source/tasks.c **** 					traceTASK_NOTIFY_WAIT_BLOCK();
4724:Middlewares/Third_Party/FreeRTOS/Source/tasks.c **** 
4725:Middlewares/Third_Party/FreeRTOS/Source/tasks.c **** 					/* All ports are written to allow a yield in a critical
4726:Middlewares/Third_Party/FreeRTOS/Source/tasks.c **** 					section (some will yield immediately, others wait until the
4727:Middlewares/Third_Party/FreeRTOS/Source/tasks.c **** 					critical section exits) - but it is not something that
4728:Middlewares/Third_Party/FreeRTOS/Source/tasks.c **** 					application code should ever do. */
4729:Middlewares/Third_Party/FreeRTOS/Source/tasks.c **** 					portYIELD_WITHIN_API();
4730:Middlewares/Third_Party/FreeRTOS/Source/tasks.c **** 				}
4731:Middlewares/Third_Party/FreeRTOS/Source/tasks.c **** 				else
4732:Middlewares/Third_Party/FreeRTOS/Source/tasks.c **** 				{
4733:Middlewares/Third_Party/FreeRTOS/Source/tasks.c **** 					mtCOVERAGE_TEST_MARKER();
4734:Middlewares/Third_Party/FreeRTOS/Source/tasks.c **** 				}
4735:Middlewares/Third_Party/FreeRTOS/Source/tasks.c **** 			}
4736:Middlewares/Third_Party/FreeRTOS/Source/tasks.c **** 			else
4737:Middlewares/Third_Party/FreeRTOS/Source/tasks.c **** 			{
4738:Middlewares/Third_Party/FreeRTOS/Source/tasks.c **** 				mtCOVERAGE_TEST_MARKER();
4739:Middlewares/Third_Party/FreeRTOS/Source/tasks.c **** 			}
4740:Middlewares/Third_Party/FreeRTOS/Source/tasks.c **** 		}
4741:Middlewares/Third_Party/FreeRTOS/Source/tasks.c **** 		taskEXIT_CRITICAL();
4742:Middlewares/Third_Party/FreeRTOS/Source/tasks.c **** 
4743:Middlewares/Third_Party/FreeRTOS/Source/tasks.c **** 		taskENTER_CRITICAL();
4744:Middlewares/Third_Party/FreeRTOS/Source/tasks.c **** 		{
4745:Middlewares/Third_Party/FreeRTOS/Source/tasks.c **** 			traceTASK_NOTIFY_WAIT();
4746:Middlewares/Third_Party/FreeRTOS/Source/tasks.c **** 
4747:Middlewares/Third_Party/FreeRTOS/Source/tasks.c **** 			if( pulNotificationValue != NULL )
4748:Middlewares/Third_Party/FreeRTOS/Source/tasks.c **** 			{
4749:Middlewares/Third_Party/FreeRTOS/Source/tasks.c **** 				/* Output the current notification value, which may or may not
4750:Middlewares/Third_Party/FreeRTOS/Source/tasks.c **** 				have changed. */
4751:Middlewares/Third_Party/FreeRTOS/Source/tasks.c **** 				*pulNotificationValue = pxCurrentTCB->ulNotifiedValue;
4752:Middlewares/Third_Party/FreeRTOS/Source/tasks.c **** 			}
4753:Middlewares/Third_Party/FreeRTOS/Source/tasks.c **** 
4754:Middlewares/Third_Party/FreeRTOS/Source/tasks.c **** 			/* If ucNotifyValue is set then either the task never entered the
4755:Middlewares/Third_Party/FreeRTOS/Source/tasks.c **** 			blocked state (because a notification was already pending) or the
4756:Middlewares/Third_Party/FreeRTOS/Source/tasks.c **** 			task unblocked because of a notification.  Otherwise the task
4757:Middlewares/Third_Party/FreeRTOS/Source/tasks.c **** 			unblocked because of a timeout. */
4758:Middlewares/Third_Party/FreeRTOS/Source/tasks.c **** 			if( pxCurrentTCB->ucNotifyState != taskNOTIFICATION_RECEIVED )
ARM GAS  C:\Users\subdia\AppData\Local\Temp\ccqYdsij.s 			page 105


4759:Middlewares/Third_Party/FreeRTOS/Source/tasks.c **** 			{
4760:Middlewares/Third_Party/FreeRTOS/Source/tasks.c **** 				/* A notification was not received. */
4761:Middlewares/Third_Party/FreeRTOS/Source/tasks.c **** 				xReturn = pdFALSE;
4762:Middlewares/Third_Party/FreeRTOS/Source/tasks.c **** 			}
4763:Middlewares/Third_Party/FreeRTOS/Source/tasks.c **** 			else
4764:Middlewares/Third_Party/FreeRTOS/Source/tasks.c **** 			{
4765:Middlewares/Third_Party/FreeRTOS/Source/tasks.c **** 				/* A notification was already pending or a notification was
4766:Middlewares/Third_Party/FreeRTOS/Source/tasks.c **** 				received while the task was waiting. */
4767:Middlewares/Third_Party/FreeRTOS/Source/tasks.c **** 				pxCurrentTCB->ulNotifiedValue &= ~ulBitsToClearOnExit;
4768:Middlewares/Third_Party/FreeRTOS/Source/tasks.c **** 				xReturn = pdTRUE;
4769:Middlewares/Third_Party/FreeRTOS/Source/tasks.c **** 			}
4770:Middlewares/Third_Party/FreeRTOS/Source/tasks.c **** 
4771:Middlewares/Third_Party/FreeRTOS/Source/tasks.c **** 			pxCurrentTCB->ucNotifyState = taskNOT_WAITING_NOTIFICATION;
4772:Middlewares/Third_Party/FreeRTOS/Source/tasks.c **** 		}
4773:Middlewares/Third_Party/FreeRTOS/Source/tasks.c **** 		taskEXIT_CRITICAL();
4774:Middlewares/Third_Party/FreeRTOS/Source/tasks.c **** 
4775:Middlewares/Third_Party/FreeRTOS/Source/tasks.c **** 		return xReturn;
4776:Middlewares/Third_Party/FreeRTOS/Source/tasks.c **** 	}
4777:Middlewares/Third_Party/FreeRTOS/Source/tasks.c **** 
4778:Middlewares/Third_Party/FreeRTOS/Source/tasks.c **** #endif /* configUSE_TASK_NOTIFICATIONS */
4779:Middlewares/Third_Party/FreeRTOS/Source/tasks.c **** /*-----------------------------------------------------------*/
4780:Middlewares/Third_Party/FreeRTOS/Source/tasks.c **** 
4781:Middlewares/Third_Party/FreeRTOS/Source/tasks.c **** #if( configUSE_TASK_NOTIFICATIONS == 1 )
4782:Middlewares/Third_Party/FreeRTOS/Source/tasks.c **** 
4783:Middlewares/Third_Party/FreeRTOS/Source/tasks.c **** 	BaseType_t xTaskGenericNotify( TaskHandle_t xTaskToNotify, uint32_t ulValue, eNotifyAction eAction
4784:Middlewares/Third_Party/FreeRTOS/Source/tasks.c **** 	{
4785:Middlewares/Third_Party/FreeRTOS/Source/tasks.c **** 	TCB_t * pxTCB;
4786:Middlewares/Third_Party/FreeRTOS/Source/tasks.c **** 	BaseType_t xReturn = pdPASS;
4787:Middlewares/Third_Party/FreeRTOS/Source/tasks.c **** 	uint8_t ucOriginalNotifyState;
4788:Middlewares/Third_Party/FreeRTOS/Source/tasks.c **** 
4789:Middlewares/Third_Party/FreeRTOS/Source/tasks.c **** 		configASSERT( xTaskToNotify );
4790:Middlewares/Third_Party/FreeRTOS/Source/tasks.c **** 		pxTCB = xTaskToNotify;
4791:Middlewares/Third_Party/FreeRTOS/Source/tasks.c **** 
4792:Middlewares/Third_Party/FreeRTOS/Source/tasks.c **** 		taskENTER_CRITICAL();
4793:Middlewares/Third_Party/FreeRTOS/Source/tasks.c **** 		{
4794:Middlewares/Third_Party/FreeRTOS/Source/tasks.c **** 			if( pulPreviousNotificationValue != NULL )
4795:Middlewares/Third_Party/FreeRTOS/Source/tasks.c **** 			{
4796:Middlewares/Third_Party/FreeRTOS/Source/tasks.c **** 				*pulPreviousNotificationValue = pxTCB->ulNotifiedValue;
4797:Middlewares/Third_Party/FreeRTOS/Source/tasks.c **** 			}
4798:Middlewares/Third_Party/FreeRTOS/Source/tasks.c **** 
4799:Middlewares/Third_Party/FreeRTOS/Source/tasks.c **** 			ucOriginalNotifyState = pxTCB->ucNotifyState;
4800:Middlewares/Third_Party/FreeRTOS/Source/tasks.c **** 
4801:Middlewares/Third_Party/FreeRTOS/Source/tasks.c **** 			pxTCB->ucNotifyState = taskNOTIFICATION_RECEIVED;
4802:Middlewares/Third_Party/FreeRTOS/Source/tasks.c **** 
4803:Middlewares/Third_Party/FreeRTOS/Source/tasks.c **** 			switch( eAction )
4804:Middlewares/Third_Party/FreeRTOS/Source/tasks.c **** 			{
4805:Middlewares/Third_Party/FreeRTOS/Source/tasks.c **** 				case eSetBits	:
4806:Middlewares/Third_Party/FreeRTOS/Source/tasks.c **** 					pxTCB->ulNotifiedValue |= ulValue;
4807:Middlewares/Third_Party/FreeRTOS/Source/tasks.c **** 					break;
4808:Middlewares/Third_Party/FreeRTOS/Source/tasks.c **** 
4809:Middlewares/Third_Party/FreeRTOS/Source/tasks.c **** 				case eIncrement	:
4810:Middlewares/Third_Party/FreeRTOS/Source/tasks.c **** 					( pxTCB->ulNotifiedValue )++;
4811:Middlewares/Third_Party/FreeRTOS/Source/tasks.c **** 					break;
4812:Middlewares/Third_Party/FreeRTOS/Source/tasks.c **** 
4813:Middlewares/Third_Party/FreeRTOS/Source/tasks.c **** 				case eSetValueWithOverwrite	:
4814:Middlewares/Third_Party/FreeRTOS/Source/tasks.c **** 					pxTCB->ulNotifiedValue = ulValue;
4815:Middlewares/Third_Party/FreeRTOS/Source/tasks.c **** 					break;
ARM GAS  C:\Users\subdia\AppData\Local\Temp\ccqYdsij.s 			page 106


4816:Middlewares/Third_Party/FreeRTOS/Source/tasks.c **** 
4817:Middlewares/Third_Party/FreeRTOS/Source/tasks.c **** 				case eSetValueWithoutOverwrite :
4818:Middlewares/Third_Party/FreeRTOS/Source/tasks.c **** 					if( ucOriginalNotifyState != taskNOTIFICATION_RECEIVED )
4819:Middlewares/Third_Party/FreeRTOS/Source/tasks.c **** 					{
4820:Middlewares/Third_Party/FreeRTOS/Source/tasks.c **** 						pxTCB->ulNotifiedValue = ulValue;
4821:Middlewares/Third_Party/FreeRTOS/Source/tasks.c **** 					}
4822:Middlewares/Third_Party/FreeRTOS/Source/tasks.c **** 					else
4823:Middlewares/Third_Party/FreeRTOS/Source/tasks.c **** 					{
4824:Middlewares/Third_Party/FreeRTOS/Source/tasks.c **** 						/* The value could not be written to the task. */
4825:Middlewares/Third_Party/FreeRTOS/Source/tasks.c **** 						xReturn = pdFAIL;
4826:Middlewares/Third_Party/FreeRTOS/Source/tasks.c **** 					}
4827:Middlewares/Third_Party/FreeRTOS/Source/tasks.c **** 					break;
4828:Middlewares/Third_Party/FreeRTOS/Source/tasks.c **** 
4829:Middlewares/Third_Party/FreeRTOS/Source/tasks.c **** 				case eNoAction:
4830:Middlewares/Third_Party/FreeRTOS/Source/tasks.c **** 					/* The task is being notified without its notify value being
4831:Middlewares/Third_Party/FreeRTOS/Source/tasks.c **** 					updated. */
4832:Middlewares/Third_Party/FreeRTOS/Source/tasks.c **** 					break;
4833:Middlewares/Third_Party/FreeRTOS/Source/tasks.c **** 
4834:Middlewares/Third_Party/FreeRTOS/Source/tasks.c **** 				default:
4835:Middlewares/Third_Party/FreeRTOS/Source/tasks.c **** 					/* Should not get here if all enums are handled.
4836:Middlewares/Third_Party/FreeRTOS/Source/tasks.c **** 					Artificially force an assert by testing a value the
4837:Middlewares/Third_Party/FreeRTOS/Source/tasks.c **** 					compiler can't assume is const. */
4838:Middlewares/Third_Party/FreeRTOS/Source/tasks.c **** 					configASSERT( pxTCB->ulNotifiedValue == ~0UL );
4839:Middlewares/Third_Party/FreeRTOS/Source/tasks.c **** 
4840:Middlewares/Third_Party/FreeRTOS/Source/tasks.c **** 					break;
4841:Middlewares/Third_Party/FreeRTOS/Source/tasks.c **** 			}
4842:Middlewares/Third_Party/FreeRTOS/Source/tasks.c **** 
4843:Middlewares/Third_Party/FreeRTOS/Source/tasks.c **** 			traceTASK_NOTIFY();
4844:Middlewares/Third_Party/FreeRTOS/Source/tasks.c **** 
4845:Middlewares/Third_Party/FreeRTOS/Source/tasks.c **** 			/* If the task is in the blocked state specifically to wait for a
4846:Middlewares/Third_Party/FreeRTOS/Source/tasks.c **** 			notification then unblock it now. */
4847:Middlewares/Third_Party/FreeRTOS/Source/tasks.c **** 			if( ucOriginalNotifyState == taskWAITING_NOTIFICATION )
4848:Middlewares/Third_Party/FreeRTOS/Source/tasks.c **** 			{
4849:Middlewares/Third_Party/FreeRTOS/Source/tasks.c **** 				( void ) uxListRemove( &( pxTCB->xStateListItem ) );
4850:Middlewares/Third_Party/FreeRTOS/Source/tasks.c **** 				prvAddTaskToReadyList( pxTCB );
4851:Middlewares/Third_Party/FreeRTOS/Source/tasks.c **** 
4852:Middlewares/Third_Party/FreeRTOS/Source/tasks.c **** 				/* The task should not have been on an event list. */
4853:Middlewares/Third_Party/FreeRTOS/Source/tasks.c **** 				configASSERT( listLIST_ITEM_CONTAINER( &( pxTCB->xEventListItem ) ) == NULL );
4854:Middlewares/Third_Party/FreeRTOS/Source/tasks.c **** 
4855:Middlewares/Third_Party/FreeRTOS/Source/tasks.c **** 				#if( configUSE_TICKLESS_IDLE != 0 )
4856:Middlewares/Third_Party/FreeRTOS/Source/tasks.c **** 				{
4857:Middlewares/Third_Party/FreeRTOS/Source/tasks.c **** 					/* If a task is blocked waiting for a notification then
4858:Middlewares/Third_Party/FreeRTOS/Source/tasks.c **** 					xNextTaskUnblockTime might be set to the blocked task's time
4859:Middlewares/Third_Party/FreeRTOS/Source/tasks.c **** 					out time.  If the task is unblocked for a reason other than
4860:Middlewares/Third_Party/FreeRTOS/Source/tasks.c **** 					a timeout xNextTaskUnblockTime is normally left unchanged,
4861:Middlewares/Third_Party/FreeRTOS/Source/tasks.c **** 					because it will automatically get reset to a new value when
4862:Middlewares/Third_Party/FreeRTOS/Source/tasks.c **** 					the tick count equals xNextTaskUnblockTime.  However if
4863:Middlewares/Third_Party/FreeRTOS/Source/tasks.c **** 					tickless idling is used it might be more important to enter
4864:Middlewares/Third_Party/FreeRTOS/Source/tasks.c **** 					sleep mode at the earliest possible time - so reset
4865:Middlewares/Third_Party/FreeRTOS/Source/tasks.c **** 					xNextTaskUnblockTime here to ensure it is updated at the
4866:Middlewares/Third_Party/FreeRTOS/Source/tasks.c **** 					earliest possible time. */
4867:Middlewares/Third_Party/FreeRTOS/Source/tasks.c **** 					prvResetNextTaskUnblockTime();
4868:Middlewares/Third_Party/FreeRTOS/Source/tasks.c **** 				}
4869:Middlewares/Third_Party/FreeRTOS/Source/tasks.c **** 				#endif
4870:Middlewares/Third_Party/FreeRTOS/Source/tasks.c **** 
4871:Middlewares/Third_Party/FreeRTOS/Source/tasks.c **** 				if( pxTCB->uxPriority > pxCurrentTCB->uxPriority )
4872:Middlewares/Third_Party/FreeRTOS/Source/tasks.c **** 				{
ARM GAS  C:\Users\subdia\AppData\Local\Temp\ccqYdsij.s 			page 107


4873:Middlewares/Third_Party/FreeRTOS/Source/tasks.c **** 					/* The notified task has a priority above the currently
4874:Middlewares/Third_Party/FreeRTOS/Source/tasks.c **** 					executing task so a yield is required. */
4875:Middlewares/Third_Party/FreeRTOS/Source/tasks.c **** 					taskYIELD_IF_USING_PREEMPTION();
4876:Middlewares/Third_Party/FreeRTOS/Source/tasks.c **** 				}
4877:Middlewares/Third_Party/FreeRTOS/Source/tasks.c **** 				else
4878:Middlewares/Third_Party/FreeRTOS/Source/tasks.c **** 				{
4879:Middlewares/Third_Party/FreeRTOS/Source/tasks.c **** 					mtCOVERAGE_TEST_MARKER();
4880:Middlewares/Third_Party/FreeRTOS/Source/tasks.c **** 				}
4881:Middlewares/Third_Party/FreeRTOS/Source/tasks.c **** 			}
4882:Middlewares/Third_Party/FreeRTOS/Source/tasks.c **** 			else
4883:Middlewares/Third_Party/FreeRTOS/Source/tasks.c **** 			{
4884:Middlewares/Third_Party/FreeRTOS/Source/tasks.c **** 				mtCOVERAGE_TEST_MARKER();
4885:Middlewares/Third_Party/FreeRTOS/Source/tasks.c **** 			}
4886:Middlewares/Third_Party/FreeRTOS/Source/tasks.c **** 		}
4887:Middlewares/Third_Party/FreeRTOS/Source/tasks.c **** 		taskEXIT_CRITICAL();
4888:Middlewares/Third_Party/FreeRTOS/Source/tasks.c **** 
4889:Middlewares/Third_Party/FreeRTOS/Source/tasks.c **** 		return xReturn;
4890:Middlewares/Third_Party/FreeRTOS/Source/tasks.c **** 	}
4891:Middlewares/Third_Party/FreeRTOS/Source/tasks.c **** 
4892:Middlewares/Third_Party/FreeRTOS/Source/tasks.c **** #endif /* configUSE_TASK_NOTIFICATIONS */
4893:Middlewares/Third_Party/FreeRTOS/Source/tasks.c **** /*-----------------------------------------------------------*/
4894:Middlewares/Third_Party/FreeRTOS/Source/tasks.c **** 
4895:Middlewares/Third_Party/FreeRTOS/Source/tasks.c **** #if( configUSE_TASK_NOTIFICATIONS == 1 )
4896:Middlewares/Third_Party/FreeRTOS/Source/tasks.c **** 
4897:Middlewares/Third_Party/FreeRTOS/Source/tasks.c **** 	BaseType_t xTaskGenericNotifyFromISR( TaskHandle_t xTaskToNotify, uint32_t ulValue, eNotifyAction 
4898:Middlewares/Third_Party/FreeRTOS/Source/tasks.c **** 	{
4899:Middlewares/Third_Party/FreeRTOS/Source/tasks.c **** 	TCB_t * pxTCB;
4900:Middlewares/Third_Party/FreeRTOS/Source/tasks.c **** 	uint8_t ucOriginalNotifyState;
4901:Middlewares/Third_Party/FreeRTOS/Source/tasks.c **** 	BaseType_t xReturn = pdPASS;
4902:Middlewares/Third_Party/FreeRTOS/Source/tasks.c **** 	UBaseType_t uxSavedInterruptStatus;
4903:Middlewares/Third_Party/FreeRTOS/Source/tasks.c **** 
4904:Middlewares/Third_Party/FreeRTOS/Source/tasks.c **** 		configASSERT( xTaskToNotify );
4905:Middlewares/Third_Party/FreeRTOS/Source/tasks.c **** 
4906:Middlewares/Third_Party/FreeRTOS/Source/tasks.c **** 		/* RTOS ports that support interrupt nesting have the concept of a
4907:Middlewares/Third_Party/FreeRTOS/Source/tasks.c **** 		maximum	system call (or maximum API call) interrupt priority.
4908:Middlewares/Third_Party/FreeRTOS/Source/tasks.c **** 		Interrupts that are	above the maximum system call priority are keep
4909:Middlewares/Third_Party/FreeRTOS/Source/tasks.c **** 		permanently enabled, even when the RTOS kernel is in a critical section,
4910:Middlewares/Third_Party/FreeRTOS/Source/tasks.c **** 		but cannot make any calls to FreeRTOS API functions.  If configASSERT()
4911:Middlewares/Third_Party/FreeRTOS/Source/tasks.c **** 		is defined in FreeRTOSConfig.h then
4912:Middlewares/Third_Party/FreeRTOS/Source/tasks.c **** 		portASSERT_IF_INTERRUPT_PRIORITY_INVALID() will result in an assertion
4913:Middlewares/Third_Party/FreeRTOS/Source/tasks.c **** 		failure if a FreeRTOS API function is called from an interrupt that has
4914:Middlewares/Third_Party/FreeRTOS/Source/tasks.c **** 		been assigned a priority above the configured maximum system call
4915:Middlewares/Third_Party/FreeRTOS/Source/tasks.c **** 		priority.  Only FreeRTOS functions that end in FromISR can be called
4916:Middlewares/Third_Party/FreeRTOS/Source/tasks.c **** 		from interrupts	that have been assigned a priority at or (logically)
4917:Middlewares/Third_Party/FreeRTOS/Source/tasks.c **** 		below the maximum system call interrupt priority.  FreeRTOS maintains a
4918:Middlewares/Third_Party/FreeRTOS/Source/tasks.c **** 		separate interrupt safe API to ensure interrupt entry is as fast and as
4919:Middlewares/Third_Party/FreeRTOS/Source/tasks.c **** 		simple as possible.  More information (albeit Cortex-M specific) is
4920:Middlewares/Third_Party/FreeRTOS/Source/tasks.c **** 		provided on the following link:
4921:Middlewares/Third_Party/FreeRTOS/Source/tasks.c **** 		http://www.freertos.org/RTOS-Cortex-M3-M4.html */
4922:Middlewares/Third_Party/FreeRTOS/Source/tasks.c **** 		portASSERT_IF_INTERRUPT_PRIORITY_INVALID();
4923:Middlewares/Third_Party/FreeRTOS/Source/tasks.c **** 
4924:Middlewares/Third_Party/FreeRTOS/Source/tasks.c **** 		pxTCB = xTaskToNotify;
4925:Middlewares/Third_Party/FreeRTOS/Source/tasks.c **** 
4926:Middlewares/Third_Party/FreeRTOS/Source/tasks.c **** 		uxSavedInterruptStatus = portSET_INTERRUPT_MASK_FROM_ISR();
4927:Middlewares/Third_Party/FreeRTOS/Source/tasks.c **** 		{
4928:Middlewares/Third_Party/FreeRTOS/Source/tasks.c **** 			if( pulPreviousNotificationValue != NULL )
4929:Middlewares/Third_Party/FreeRTOS/Source/tasks.c **** 			{
ARM GAS  C:\Users\subdia\AppData\Local\Temp\ccqYdsij.s 			page 108


4930:Middlewares/Third_Party/FreeRTOS/Source/tasks.c **** 				*pulPreviousNotificationValue = pxTCB->ulNotifiedValue;
4931:Middlewares/Third_Party/FreeRTOS/Source/tasks.c **** 			}
4932:Middlewares/Third_Party/FreeRTOS/Source/tasks.c **** 
4933:Middlewares/Third_Party/FreeRTOS/Source/tasks.c **** 			ucOriginalNotifyState = pxTCB->ucNotifyState;
4934:Middlewares/Third_Party/FreeRTOS/Source/tasks.c **** 			pxTCB->ucNotifyState = taskNOTIFICATION_RECEIVED;
4935:Middlewares/Third_Party/FreeRTOS/Source/tasks.c **** 
4936:Middlewares/Third_Party/FreeRTOS/Source/tasks.c **** 			switch( eAction )
4937:Middlewares/Third_Party/FreeRTOS/Source/tasks.c **** 			{
4938:Middlewares/Third_Party/FreeRTOS/Source/tasks.c **** 				case eSetBits	:
4939:Middlewares/Third_Party/FreeRTOS/Source/tasks.c **** 					pxTCB->ulNotifiedValue |= ulValue;
4940:Middlewares/Third_Party/FreeRTOS/Source/tasks.c **** 					break;
4941:Middlewares/Third_Party/FreeRTOS/Source/tasks.c **** 
4942:Middlewares/Third_Party/FreeRTOS/Source/tasks.c **** 				case eIncrement	:
4943:Middlewares/Third_Party/FreeRTOS/Source/tasks.c **** 					( pxTCB->ulNotifiedValue )++;
4944:Middlewares/Third_Party/FreeRTOS/Source/tasks.c **** 					break;
4945:Middlewares/Third_Party/FreeRTOS/Source/tasks.c **** 
4946:Middlewares/Third_Party/FreeRTOS/Source/tasks.c **** 				case eSetValueWithOverwrite	:
4947:Middlewares/Third_Party/FreeRTOS/Source/tasks.c **** 					pxTCB->ulNotifiedValue = ulValue;
4948:Middlewares/Third_Party/FreeRTOS/Source/tasks.c **** 					break;
4949:Middlewares/Third_Party/FreeRTOS/Source/tasks.c **** 
4950:Middlewares/Third_Party/FreeRTOS/Source/tasks.c **** 				case eSetValueWithoutOverwrite :
4951:Middlewares/Third_Party/FreeRTOS/Source/tasks.c **** 					if( ucOriginalNotifyState != taskNOTIFICATION_RECEIVED )
4952:Middlewares/Third_Party/FreeRTOS/Source/tasks.c **** 					{
4953:Middlewares/Third_Party/FreeRTOS/Source/tasks.c **** 						pxTCB->ulNotifiedValue = ulValue;
4954:Middlewares/Third_Party/FreeRTOS/Source/tasks.c **** 					}
4955:Middlewares/Third_Party/FreeRTOS/Source/tasks.c **** 					else
4956:Middlewares/Third_Party/FreeRTOS/Source/tasks.c **** 					{
4957:Middlewares/Third_Party/FreeRTOS/Source/tasks.c **** 						/* The value could not be written to the task. */
4958:Middlewares/Third_Party/FreeRTOS/Source/tasks.c **** 						xReturn = pdFAIL;
4959:Middlewares/Third_Party/FreeRTOS/Source/tasks.c **** 					}
4960:Middlewares/Third_Party/FreeRTOS/Source/tasks.c **** 					break;
4961:Middlewares/Third_Party/FreeRTOS/Source/tasks.c **** 
4962:Middlewares/Third_Party/FreeRTOS/Source/tasks.c **** 				case eNoAction :
4963:Middlewares/Third_Party/FreeRTOS/Source/tasks.c **** 					/* The task is being notified without its notify value being
4964:Middlewares/Third_Party/FreeRTOS/Source/tasks.c **** 					updated. */
4965:Middlewares/Third_Party/FreeRTOS/Source/tasks.c **** 					break;
4966:Middlewares/Third_Party/FreeRTOS/Source/tasks.c **** 
4967:Middlewares/Third_Party/FreeRTOS/Source/tasks.c **** 				default:
4968:Middlewares/Third_Party/FreeRTOS/Source/tasks.c **** 					/* Should not get here if all enums are handled.
4969:Middlewares/Third_Party/FreeRTOS/Source/tasks.c **** 					Artificially force an assert by testing a value the
4970:Middlewares/Third_Party/FreeRTOS/Source/tasks.c **** 					compiler can't assume is const. */
4971:Middlewares/Third_Party/FreeRTOS/Source/tasks.c **** 					configASSERT( pxTCB->ulNotifiedValue == ~0UL );
4972:Middlewares/Third_Party/FreeRTOS/Source/tasks.c **** 					break;
4973:Middlewares/Third_Party/FreeRTOS/Source/tasks.c **** 			}
4974:Middlewares/Third_Party/FreeRTOS/Source/tasks.c **** 
4975:Middlewares/Third_Party/FreeRTOS/Source/tasks.c **** 			traceTASK_NOTIFY_FROM_ISR();
4976:Middlewares/Third_Party/FreeRTOS/Source/tasks.c **** 
4977:Middlewares/Third_Party/FreeRTOS/Source/tasks.c **** 			/* If the task is in the blocked state specifically to wait for a
4978:Middlewares/Third_Party/FreeRTOS/Source/tasks.c **** 			notification then unblock it now. */
4979:Middlewares/Third_Party/FreeRTOS/Source/tasks.c **** 			if( ucOriginalNotifyState == taskWAITING_NOTIFICATION )
4980:Middlewares/Third_Party/FreeRTOS/Source/tasks.c **** 			{
4981:Middlewares/Third_Party/FreeRTOS/Source/tasks.c **** 				/* The task should not have been on an event list. */
4982:Middlewares/Third_Party/FreeRTOS/Source/tasks.c **** 				configASSERT( listLIST_ITEM_CONTAINER( &( pxTCB->xEventListItem ) ) == NULL );
4983:Middlewares/Third_Party/FreeRTOS/Source/tasks.c **** 
4984:Middlewares/Third_Party/FreeRTOS/Source/tasks.c **** 				if( uxSchedulerSuspended == ( UBaseType_t ) pdFALSE )
4985:Middlewares/Third_Party/FreeRTOS/Source/tasks.c **** 				{
4986:Middlewares/Third_Party/FreeRTOS/Source/tasks.c **** 					( void ) uxListRemove( &( pxTCB->xStateListItem ) );
ARM GAS  C:\Users\subdia\AppData\Local\Temp\ccqYdsij.s 			page 109


4987:Middlewares/Third_Party/FreeRTOS/Source/tasks.c **** 					prvAddTaskToReadyList( pxTCB );
4988:Middlewares/Third_Party/FreeRTOS/Source/tasks.c **** 				}
4989:Middlewares/Third_Party/FreeRTOS/Source/tasks.c **** 				else
4990:Middlewares/Third_Party/FreeRTOS/Source/tasks.c **** 				{
4991:Middlewares/Third_Party/FreeRTOS/Source/tasks.c **** 					/* The delayed and ready lists cannot be accessed, so hold
4992:Middlewares/Third_Party/FreeRTOS/Source/tasks.c **** 					this task pending until the scheduler is resumed. */
4993:Middlewares/Third_Party/FreeRTOS/Source/tasks.c **** 					vListInsertEnd( &( xPendingReadyList ), &( pxTCB->xEventListItem ) );
4994:Middlewares/Third_Party/FreeRTOS/Source/tasks.c **** 				}
4995:Middlewares/Third_Party/FreeRTOS/Source/tasks.c **** 
4996:Middlewares/Third_Party/FreeRTOS/Source/tasks.c **** 				if( pxTCB->uxPriority > pxCurrentTCB->uxPriority )
4997:Middlewares/Third_Party/FreeRTOS/Source/tasks.c **** 				{
4998:Middlewares/Third_Party/FreeRTOS/Source/tasks.c **** 					/* The notified task has a priority above the currently
4999:Middlewares/Third_Party/FreeRTOS/Source/tasks.c **** 					executing task so a yield is required. */
5000:Middlewares/Third_Party/FreeRTOS/Source/tasks.c **** 					if( pxHigherPriorityTaskWoken != NULL )
5001:Middlewares/Third_Party/FreeRTOS/Source/tasks.c **** 					{
5002:Middlewares/Third_Party/FreeRTOS/Source/tasks.c **** 						*pxHigherPriorityTaskWoken = pdTRUE;
5003:Middlewares/Third_Party/FreeRTOS/Source/tasks.c **** 					}
5004:Middlewares/Third_Party/FreeRTOS/Source/tasks.c **** 
5005:Middlewares/Third_Party/FreeRTOS/Source/tasks.c **** 					/* Mark that a yield is pending in case the user is not
5006:Middlewares/Third_Party/FreeRTOS/Source/tasks.c **** 					using the "xHigherPriorityTaskWoken" parameter to an ISR
5007:Middlewares/Third_Party/FreeRTOS/Source/tasks.c **** 					safe FreeRTOS function. */
5008:Middlewares/Third_Party/FreeRTOS/Source/tasks.c **** 					xYieldPending = pdTRUE;
5009:Middlewares/Third_Party/FreeRTOS/Source/tasks.c **** 				}
5010:Middlewares/Third_Party/FreeRTOS/Source/tasks.c **** 				else
5011:Middlewares/Third_Party/FreeRTOS/Source/tasks.c **** 				{
5012:Middlewares/Third_Party/FreeRTOS/Source/tasks.c **** 					mtCOVERAGE_TEST_MARKER();
5013:Middlewares/Third_Party/FreeRTOS/Source/tasks.c **** 				}
5014:Middlewares/Third_Party/FreeRTOS/Source/tasks.c **** 			}
5015:Middlewares/Third_Party/FreeRTOS/Source/tasks.c **** 		}
5016:Middlewares/Third_Party/FreeRTOS/Source/tasks.c **** 		portCLEAR_INTERRUPT_MASK_FROM_ISR( uxSavedInterruptStatus );
5017:Middlewares/Third_Party/FreeRTOS/Source/tasks.c **** 
5018:Middlewares/Third_Party/FreeRTOS/Source/tasks.c **** 		return xReturn;
5019:Middlewares/Third_Party/FreeRTOS/Source/tasks.c **** 	}
5020:Middlewares/Third_Party/FreeRTOS/Source/tasks.c **** 
5021:Middlewares/Third_Party/FreeRTOS/Source/tasks.c **** #endif /* configUSE_TASK_NOTIFICATIONS */
5022:Middlewares/Third_Party/FreeRTOS/Source/tasks.c **** /*-----------------------------------------------------------*/
5023:Middlewares/Third_Party/FreeRTOS/Source/tasks.c **** 
5024:Middlewares/Third_Party/FreeRTOS/Source/tasks.c **** #if( configUSE_TASK_NOTIFICATIONS == 1 )
5025:Middlewares/Third_Party/FreeRTOS/Source/tasks.c **** 
5026:Middlewares/Third_Party/FreeRTOS/Source/tasks.c **** 	void vTaskNotifyGiveFromISR( TaskHandle_t xTaskToNotify, BaseType_t *pxHigherPriorityTaskWoken )
5027:Middlewares/Third_Party/FreeRTOS/Source/tasks.c **** 	{
5028:Middlewares/Third_Party/FreeRTOS/Source/tasks.c **** 	TCB_t * pxTCB;
5029:Middlewares/Third_Party/FreeRTOS/Source/tasks.c **** 	uint8_t ucOriginalNotifyState;
5030:Middlewares/Third_Party/FreeRTOS/Source/tasks.c **** 	UBaseType_t uxSavedInterruptStatus;
5031:Middlewares/Third_Party/FreeRTOS/Source/tasks.c **** 
5032:Middlewares/Third_Party/FreeRTOS/Source/tasks.c **** 		configASSERT( xTaskToNotify );
5033:Middlewares/Third_Party/FreeRTOS/Source/tasks.c **** 
5034:Middlewares/Third_Party/FreeRTOS/Source/tasks.c **** 		/* RTOS ports that support interrupt nesting have the concept of a
5035:Middlewares/Third_Party/FreeRTOS/Source/tasks.c **** 		maximum	system call (or maximum API call) interrupt priority.
5036:Middlewares/Third_Party/FreeRTOS/Source/tasks.c **** 		Interrupts that are	above the maximum system call priority are keep
5037:Middlewares/Third_Party/FreeRTOS/Source/tasks.c **** 		permanently enabled, even when the RTOS kernel is in a critical section,
5038:Middlewares/Third_Party/FreeRTOS/Source/tasks.c **** 		but cannot make any calls to FreeRTOS API functions.  If configASSERT()
5039:Middlewares/Third_Party/FreeRTOS/Source/tasks.c **** 		is defined in FreeRTOSConfig.h then
5040:Middlewares/Third_Party/FreeRTOS/Source/tasks.c **** 		portASSERT_IF_INTERRUPT_PRIORITY_INVALID() will result in an assertion
5041:Middlewares/Third_Party/FreeRTOS/Source/tasks.c **** 		failure if a FreeRTOS API function is called from an interrupt that has
5042:Middlewares/Third_Party/FreeRTOS/Source/tasks.c **** 		been assigned a priority above the configured maximum system call
5043:Middlewares/Third_Party/FreeRTOS/Source/tasks.c **** 		priority.  Only FreeRTOS functions that end in FromISR can be called
ARM GAS  C:\Users\subdia\AppData\Local\Temp\ccqYdsij.s 			page 110


5044:Middlewares/Third_Party/FreeRTOS/Source/tasks.c **** 		from interrupts	that have been assigned a priority at or (logically)
5045:Middlewares/Third_Party/FreeRTOS/Source/tasks.c **** 		below the maximum system call interrupt priority.  FreeRTOS maintains a
5046:Middlewares/Third_Party/FreeRTOS/Source/tasks.c **** 		separate interrupt safe API to ensure interrupt entry is as fast and as
5047:Middlewares/Third_Party/FreeRTOS/Source/tasks.c **** 		simple as possible.  More information (albeit Cortex-M specific) is
5048:Middlewares/Third_Party/FreeRTOS/Source/tasks.c **** 		provided on the following link:
5049:Middlewares/Third_Party/FreeRTOS/Source/tasks.c **** 		http://www.freertos.org/RTOS-Cortex-M3-M4.html */
5050:Middlewares/Third_Party/FreeRTOS/Source/tasks.c **** 		portASSERT_IF_INTERRUPT_PRIORITY_INVALID();
5051:Middlewares/Third_Party/FreeRTOS/Source/tasks.c **** 
5052:Middlewares/Third_Party/FreeRTOS/Source/tasks.c **** 		pxTCB = xTaskToNotify;
5053:Middlewares/Third_Party/FreeRTOS/Source/tasks.c **** 
5054:Middlewares/Third_Party/FreeRTOS/Source/tasks.c **** 		uxSavedInterruptStatus = portSET_INTERRUPT_MASK_FROM_ISR();
5055:Middlewares/Third_Party/FreeRTOS/Source/tasks.c **** 		{
5056:Middlewares/Third_Party/FreeRTOS/Source/tasks.c **** 			ucOriginalNotifyState = pxTCB->ucNotifyState;
5057:Middlewares/Third_Party/FreeRTOS/Source/tasks.c **** 			pxTCB->ucNotifyState = taskNOTIFICATION_RECEIVED;
5058:Middlewares/Third_Party/FreeRTOS/Source/tasks.c **** 
5059:Middlewares/Third_Party/FreeRTOS/Source/tasks.c **** 			/* 'Giving' is equivalent to incrementing a count in a counting
5060:Middlewares/Third_Party/FreeRTOS/Source/tasks.c **** 			semaphore. */
5061:Middlewares/Third_Party/FreeRTOS/Source/tasks.c **** 			( pxTCB->ulNotifiedValue )++;
5062:Middlewares/Third_Party/FreeRTOS/Source/tasks.c **** 
5063:Middlewares/Third_Party/FreeRTOS/Source/tasks.c **** 			traceTASK_NOTIFY_GIVE_FROM_ISR();
5064:Middlewares/Third_Party/FreeRTOS/Source/tasks.c **** 
5065:Middlewares/Third_Party/FreeRTOS/Source/tasks.c **** 			/* If the task is in the blocked state specifically to wait for a
5066:Middlewares/Third_Party/FreeRTOS/Source/tasks.c **** 			notification then unblock it now. */
5067:Middlewares/Third_Party/FreeRTOS/Source/tasks.c **** 			if( ucOriginalNotifyState == taskWAITING_NOTIFICATION )
5068:Middlewares/Third_Party/FreeRTOS/Source/tasks.c **** 			{
5069:Middlewares/Third_Party/FreeRTOS/Source/tasks.c **** 				/* The task should not have been on an event list. */
5070:Middlewares/Third_Party/FreeRTOS/Source/tasks.c **** 				configASSERT( listLIST_ITEM_CONTAINER( &( pxTCB->xEventListItem ) ) == NULL );
5071:Middlewares/Third_Party/FreeRTOS/Source/tasks.c **** 
5072:Middlewares/Third_Party/FreeRTOS/Source/tasks.c **** 				if( uxSchedulerSuspended == ( UBaseType_t ) pdFALSE )
5073:Middlewares/Third_Party/FreeRTOS/Source/tasks.c **** 				{
5074:Middlewares/Third_Party/FreeRTOS/Source/tasks.c **** 					( void ) uxListRemove( &( pxTCB->xStateListItem ) );
5075:Middlewares/Third_Party/FreeRTOS/Source/tasks.c **** 					prvAddTaskToReadyList( pxTCB );
5076:Middlewares/Third_Party/FreeRTOS/Source/tasks.c **** 				}
5077:Middlewares/Third_Party/FreeRTOS/Source/tasks.c **** 				else
5078:Middlewares/Third_Party/FreeRTOS/Source/tasks.c **** 				{
5079:Middlewares/Third_Party/FreeRTOS/Source/tasks.c **** 					/* The delayed and ready lists cannot be accessed, so hold
5080:Middlewares/Third_Party/FreeRTOS/Source/tasks.c **** 					this task pending until the scheduler is resumed. */
5081:Middlewares/Third_Party/FreeRTOS/Source/tasks.c **** 					vListInsertEnd( &( xPendingReadyList ), &( pxTCB->xEventListItem ) );
5082:Middlewares/Third_Party/FreeRTOS/Source/tasks.c **** 				}
5083:Middlewares/Third_Party/FreeRTOS/Source/tasks.c **** 
5084:Middlewares/Third_Party/FreeRTOS/Source/tasks.c **** 				if( pxTCB->uxPriority > pxCurrentTCB->uxPriority )
5085:Middlewares/Third_Party/FreeRTOS/Source/tasks.c **** 				{
5086:Middlewares/Third_Party/FreeRTOS/Source/tasks.c **** 					/* The notified task has a priority above the currently
5087:Middlewares/Third_Party/FreeRTOS/Source/tasks.c **** 					executing task so a yield is required. */
5088:Middlewares/Third_Party/FreeRTOS/Source/tasks.c **** 					if( pxHigherPriorityTaskWoken != NULL )
5089:Middlewares/Third_Party/FreeRTOS/Source/tasks.c **** 					{
5090:Middlewares/Third_Party/FreeRTOS/Source/tasks.c **** 						*pxHigherPriorityTaskWoken = pdTRUE;
5091:Middlewares/Third_Party/FreeRTOS/Source/tasks.c **** 					}
5092:Middlewares/Third_Party/FreeRTOS/Source/tasks.c **** 
5093:Middlewares/Third_Party/FreeRTOS/Source/tasks.c **** 					/* Mark that a yield is pending in case the user is not
5094:Middlewares/Third_Party/FreeRTOS/Source/tasks.c **** 					using the "xHigherPriorityTaskWoken" parameter in an ISR
5095:Middlewares/Third_Party/FreeRTOS/Source/tasks.c **** 					safe FreeRTOS function. */
5096:Middlewares/Third_Party/FreeRTOS/Source/tasks.c **** 					xYieldPending = pdTRUE;
5097:Middlewares/Third_Party/FreeRTOS/Source/tasks.c **** 				}
5098:Middlewares/Third_Party/FreeRTOS/Source/tasks.c **** 				else
5099:Middlewares/Third_Party/FreeRTOS/Source/tasks.c **** 				{
5100:Middlewares/Third_Party/FreeRTOS/Source/tasks.c **** 					mtCOVERAGE_TEST_MARKER();
ARM GAS  C:\Users\subdia\AppData\Local\Temp\ccqYdsij.s 			page 111


5101:Middlewares/Third_Party/FreeRTOS/Source/tasks.c **** 				}
5102:Middlewares/Third_Party/FreeRTOS/Source/tasks.c **** 			}
5103:Middlewares/Third_Party/FreeRTOS/Source/tasks.c **** 		}
5104:Middlewares/Third_Party/FreeRTOS/Source/tasks.c **** 		portCLEAR_INTERRUPT_MASK_FROM_ISR( uxSavedInterruptStatus );
5105:Middlewares/Third_Party/FreeRTOS/Source/tasks.c **** 	}
5106:Middlewares/Third_Party/FreeRTOS/Source/tasks.c **** 
5107:Middlewares/Third_Party/FreeRTOS/Source/tasks.c **** #endif /* configUSE_TASK_NOTIFICATIONS */
5108:Middlewares/Third_Party/FreeRTOS/Source/tasks.c **** /*-----------------------------------------------------------*/
5109:Middlewares/Third_Party/FreeRTOS/Source/tasks.c **** 
5110:Middlewares/Third_Party/FreeRTOS/Source/tasks.c **** #if( configUSE_TASK_NOTIFICATIONS == 1 )
5111:Middlewares/Third_Party/FreeRTOS/Source/tasks.c **** 
5112:Middlewares/Third_Party/FreeRTOS/Source/tasks.c **** 	BaseType_t xTaskNotifyStateClear( TaskHandle_t xTask )
5113:Middlewares/Third_Party/FreeRTOS/Source/tasks.c **** 	{
5114:Middlewares/Third_Party/FreeRTOS/Source/tasks.c **** 	TCB_t *pxTCB;
5115:Middlewares/Third_Party/FreeRTOS/Source/tasks.c **** 	BaseType_t xReturn;
5116:Middlewares/Third_Party/FreeRTOS/Source/tasks.c **** 
5117:Middlewares/Third_Party/FreeRTOS/Source/tasks.c **** 		/* If null is passed in here then it is the calling task that is having
5118:Middlewares/Third_Party/FreeRTOS/Source/tasks.c **** 		its notification state cleared. */
5119:Middlewares/Third_Party/FreeRTOS/Source/tasks.c **** 		pxTCB = prvGetTCBFromHandle( xTask );
5120:Middlewares/Third_Party/FreeRTOS/Source/tasks.c **** 
5121:Middlewares/Third_Party/FreeRTOS/Source/tasks.c **** 		taskENTER_CRITICAL();
5122:Middlewares/Third_Party/FreeRTOS/Source/tasks.c **** 		{
5123:Middlewares/Third_Party/FreeRTOS/Source/tasks.c **** 			if( pxTCB->ucNotifyState == taskNOTIFICATION_RECEIVED )
5124:Middlewares/Third_Party/FreeRTOS/Source/tasks.c **** 			{
5125:Middlewares/Third_Party/FreeRTOS/Source/tasks.c **** 				pxTCB->ucNotifyState = taskNOT_WAITING_NOTIFICATION;
5126:Middlewares/Third_Party/FreeRTOS/Source/tasks.c **** 				xReturn = pdPASS;
5127:Middlewares/Third_Party/FreeRTOS/Source/tasks.c **** 			}
5128:Middlewares/Third_Party/FreeRTOS/Source/tasks.c **** 			else
5129:Middlewares/Third_Party/FreeRTOS/Source/tasks.c **** 			{
5130:Middlewares/Third_Party/FreeRTOS/Source/tasks.c **** 				xReturn = pdFAIL;
5131:Middlewares/Third_Party/FreeRTOS/Source/tasks.c **** 			}
5132:Middlewares/Third_Party/FreeRTOS/Source/tasks.c **** 		}
5133:Middlewares/Third_Party/FreeRTOS/Source/tasks.c **** 		taskEXIT_CRITICAL();
5134:Middlewares/Third_Party/FreeRTOS/Source/tasks.c **** 
5135:Middlewares/Third_Party/FreeRTOS/Source/tasks.c **** 		return xReturn;
5136:Middlewares/Third_Party/FreeRTOS/Source/tasks.c **** 	}
5137:Middlewares/Third_Party/FreeRTOS/Source/tasks.c **** 
5138:Middlewares/Third_Party/FreeRTOS/Source/tasks.c **** #endif /* configUSE_TASK_NOTIFICATIONS */
5139:Middlewares/Third_Party/FreeRTOS/Source/tasks.c **** /*-----------------------------------------------------------*/
5140:Middlewares/Third_Party/FreeRTOS/Source/tasks.c **** 
5141:Middlewares/Third_Party/FreeRTOS/Source/tasks.c **** #if( configUSE_TASK_NOTIFICATIONS == 1 )
5142:Middlewares/Third_Party/FreeRTOS/Source/tasks.c **** 
5143:Middlewares/Third_Party/FreeRTOS/Source/tasks.c **** 	uint32_t ulTaskNotifyValueClear( TaskHandle_t xTask, uint32_t ulBitsToClear )
5144:Middlewares/Third_Party/FreeRTOS/Source/tasks.c **** 	{
5145:Middlewares/Third_Party/FreeRTOS/Source/tasks.c **** 	TCB_t *pxTCB;
5146:Middlewares/Third_Party/FreeRTOS/Source/tasks.c **** 	uint32_t ulReturn;
5147:Middlewares/Third_Party/FreeRTOS/Source/tasks.c **** 
5148:Middlewares/Third_Party/FreeRTOS/Source/tasks.c **** 		/* If null is passed in here then it is the calling task that is having
5149:Middlewares/Third_Party/FreeRTOS/Source/tasks.c **** 		its notification state cleared. */
5150:Middlewares/Third_Party/FreeRTOS/Source/tasks.c **** 		pxTCB = prvGetTCBFromHandle( xTask );
5151:Middlewares/Third_Party/FreeRTOS/Source/tasks.c **** 
5152:Middlewares/Third_Party/FreeRTOS/Source/tasks.c **** 		taskENTER_CRITICAL();
5153:Middlewares/Third_Party/FreeRTOS/Source/tasks.c **** 		{
5154:Middlewares/Third_Party/FreeRTOS/Source/tasks.c **** 			/* Return the notification as it was before the bits were cleared,
5155:Middlewares/Third_Party/FreeRTOS/Source/tasks.c **** 			then clear the bit mask. */
5156:Middlewares/Third_Party/FreeRTOS/Source/tasks.c **** 			ulReturn = pxCurrentTCB->ulNotifiedValue;
5157:Middlewares/Third_Party/FreeRTOS/Source/tasks.c **** 			pxTCB->ulNotifiedValue &= ~ulBitsToClear;
ARM GAS  C:\Users\subdia\AppData\Local\Temp\ccqYdsij.s 			page 112


5158:Middlewares/Third_Party/FreeRTOS/Source/tasks.c **** 		}
5159:Middlewares/Third_Party/FreeRTOS/Source/tasks.c **** 		taskEXIT_CRITICAL();
5160:Middlewares/Third_Party/FreeRTOS/Source/tasks.c **** 
5161:Middlewares/Third_Party/FreeRTOS/Source/tasks.c **** 		return ulReturn;
5162:Middlewares/Third_Party/FreeRTOS/Source/tasks.c **** 	}
5163:Middlewares/Third_Party/FreeRTOS/Source/tasks.c **** 
5164:Middlewares/Third_Party/FreeRTOS/Source/tasks.c **** #endif /* configUSE_TASK_NOTIFICATIONS */
5165:Middlewares/Third_Party/FreeRTOS/Source/tasks.c **** /*-----------------------------------------------------------*/
5166:Middlewares/Third_Party/FreeRTOS/Source/tasks.c **** 
5167:Middlewares/Third_Party/FreeRTOS/Source/tasks.c **** #if( ( configGENERATE_RUN_TIME_STATS == 1 ) && ( INCLUDE_xTaskGetIdleTaskHandle == 1 ) )
5168:Middlewares/Third_Party/FreeRTOS/Source/tasks.c **** 
5169:Middlewares/Third_Party/FreeRTOS/Source/tasks.c **** 	uint32_t ulTaskGetIdleRunTimeCounter( void )
5170:Middlewares/Third_Party/FreeRTOS/Source/tasks.c **** 	{
5171:Middlewares/Third_Party/FreeRTOS/Source/tasks.c **** 		return xIdleTaskHandle->ulRunTimeCounter;
5172:Middlewares/Third_Party/FreeRTOS/Source/tasks.c **** 	}
5173:Middlewares/Third_Party/FreeRTOS/Source/tasks.c **** 
5174:Middlewares/Third_Party/FreeRTOS/Source/tasks.c **** #endif
5175:Middlewares/Third_Party/FreeRTOS/Source/tasks.c **** /*-----------------------------------------------------------*/
5176:Middlewares/Third_Party/FreeRTOS/Source/tasks.c **** 
5177:Middlewares/Third_Party/FreeRTOS/Source/tasks.c **** static void prvAddCurrentTaskToDelayedList( TickType_t xTicksToWait, const BaseType_t xCanBlockInde
5178:Middlewares/Third_Party/FreeRTOS/Source/tasks.c **** {
 805              		.loc 1 5178 1 view -0
 806              		.cfi_startproc
 807              		@ args = 0, pretend = 0, frame = 0
 808              		@ frame_needed = 0, uses_anonymous_args = 0
 809              		.loc 1 5178 1 is_stmt 0 view .LVU223
 810 0000 70B5     		push	{r4, r5, r6, lr}
 811              	.LCFI7:
 812              		.cfi_def_cfa_offset 16
 813              		.cfi_offset 4, -16
 814              		.cfi_offset 5, -12
 815              		.cfi_offset 6, -8
 816              		.cfi_offset 14, -4
 817 0002 0446     		mov	r4, r0
 818 0004 0E46     		mov	r6, r1
5179:Middlewares/Third_Party/FreeRTOS/Source/tasks.c **** TickType_t xTimeToWake;
 819              		.loc 1 5179 1 is_stmt 1 view .LVU224
5180:Middlewares/Third_Party/FreeRTOS/Source/tasks.c **** const TickType_t xConstTickCount = xTickCount;
 820              		.loc 1 5180 1 view .LVU225
 821              		.loc 1 5180 18 is_stmt 0 view .LVU226
 822 0006 1D4B     		ldr	r3, .L75
 823 0008 1D68     		ldr	r5, [r3]
 824              	.LVL61:
5181:Middlewares/Third_Party/FreeRTOS/Source/tasks.c **** 
5182:Middlewares/Third_Party/FreeRTOS/Source/tasks.c **** 	#if( INCLUDE_xTaskAbortDelay == 1 )
5183:Middlewares/Third_Party/FreeRTOS/Source/tasks.c **** 	{
5184:Middlewares/Third_Party/FreeRTOS/Source/tasks.c **** 		/* About to enter a delayed list, so ensure the ucDelayAborted flag is
5185:Middlewares/Third_Party/FreeRTOS/Source/tasks.c **** 		reset to pdFALSE so it can be detected as having been set to pdTRUE
5186:Middlewares/Third_Party/FreeRTOS/Source/tasks.c **** 		when the task leaves the Blocked state. */
5187:Middlewares/Third_Party/FreeRTOS/Source/tasks.c **** 		pxCurrentTCB->ucDelayAborted = pdFALSE;
5188:Middlewares/Third_Party/FreeRTOS/Source/tasks.c **** 	}
5189:Middlewares/Third_Party/FreeRTOS/Source/tasks.c **** 	#endif
5190:Middlewares/Third_Party/FreeRTOS/Source/tasks.c **** 
5191:Middlewares/Third_Party/FreeRTOS/Source/tasks.c **** 	/* Remove the task from the ready list before adding it to the blocked list
5192:Middlewares/Third_Party/FreeRTOS/Source/tasks.c **** 	as the same list item is used for both lists. */
5193:Middlewares/Third_Party/FreeRTOS/Source/tasks.c **** 	if( uxListRemove( &( pxCurrentTCB->xStateListItem ) ) == ( UBaseType_t ) 0 )
 825              		.loc 1 5193 2 is_stmt 1 view .LVU227
ARM GAS  C:\Users\subdia\AppData\Local\Temp\ccqYdsij.s 			page 113


 826              		.loc 1 5193 35 is_stmt 0 view .LVU228
 827 000a 1D4B     		ldr	r3, .L75+4
 828 000c 1868     		ldr	r0, [r3]
 829              	.LVL62:
 830              		.loc 1 5193 6 view .LVU229
 831 000e 0430     		adds	r0, r0, #4
 832 0010 FFF7FEFF 		bl	uxListRemove
 833              	.LVL63:
 834              		.loc 1 5193 4 discriminator 1 view .LVU230
 835 0014 48B9     		cbnz	r0, .L69
5194:Middlewares/Third_Party/FreeRTOS/Source/tasks.c **** 	{
5195:Middlewares/Third_Party/FreeRTOS/Source/tasks.c **** 		/* The current task must be in a ready list, so there is no need to
5196:Middlewares/Third_Party/FreeRTOS/Source/tasks.c **** 		check, and the port reset macro can be called directly. */
5197:Middlewares/Third_Party/FreeRTOS/Source/tasks.c **** 		portRESET_READY_PRIORITY( pxCurrentTCB->uxPriority, uxTopReadyPriority ); /*lint !e931 pxCurrentT
 836              		.loc 1 5197 3 is_stmt 1 view .LVU231
 837 0016 1A4B     		ldr	r3, .L75+4
 838 0018 1B68     		ldr	r3, [r3]
 839 001a DB6A     		ldr	r3, [r3, #44]
 840 001c 0122     		movs	r2, #1
 841 001e 9A40     		lsls	r2, r2, r3
 842 0020 1849     		ldr	r1, .L75+8
 843 0022 0B68     		ldr	r3, [r1]
 844 0024 23EA0203 		bic	r3, r3, r2
 845 0028 0B60     		str	r3, [r1]
 846              	.L69:
5198:Middlewares/Third_Party/FreeRTOS/Source/tasks.c **** 	}
5199:Middlewares/Third_Party/FreeRTOS/Source/tasks.c **** 	else
5200:Middlewares/Third_Party/FreeRTOS/Source/tasks.c **** 	{
5201:Middlewares/Third_Party/FreeRTOS/Source/tasks.c **** 		mtCOVERAGE_TEST_MARKER();
 847              		.loc 1 5201 27 view .LVU232
5202:Middlewares/Third_Party/FreeRTOS/Source/tasks.c **** 	}
5203:Middlewares/Third_Party/FreeRTOS/Source/tasks.c **** 
5204:Middlewares/Third_Party/FreeRTOS/Source/tasks.c **** 	#if ( INCLUDE_vTaskSuspend == 1 )
5205:Middlewares/Third_Party/FreeRTOS/Source/tasks.c **** 	{
5206:Middlewares/Third_Party/FreeRTOS/Source/tasks.c **** 		if( ( xTicksToWait == portMAX_DELAY ) && ( xCanBlockIndefinitely != pdFALSE ) )
 848              		.loc 1 5206 3 view .LVU233
 849              		.loc 1 5206 5 is_stmt 0 view .LVU234
 850 002a B4F1FF3F 		cmp	r4, #-1
 851 002e 0DD0     		beq	.L74
 852              	.L70:
5207:Middlewares/Third_Party/FreeRTOS/Source/tasks.c **** 		{
5208:Middlewares/Third_Party/FreeRTOS/Source/tasks.c **** 			/* Add the task to the suspended task list instead of a delayed task
5209:Middlewares/Third_Party/FreeRTOS/Source/tasks.c **** 			list to ensure it is not woken by a timing event.  It will block
5210:Middlewares/Third_Party/FreeRTOS/Source/tasks.c **** 			indefinitely. */
5211:Middlewares/Third_Party/FreeRTOS/Source/tasks.c **** 			vListInsertEnd( &xSuspendedTaskList, &( pxCurrentTCB->xStateListItem ) );
5212:Middlewares/Third_Party/FreeRTOS/Source/tasks.c **** 		}
5213:Middlewares/Third_Party/FreeRTOS/Source/tasks.c **** 		else
5214:Middlewares/Third_Party/FreeRTOS/Source/tasks.c **** 		{
5215:Middlewares/Third_Party/FreeRTOS/Source/tasks.c **** 			/* Calculate the time at which the task should be woken if the event
5216:Middlewares/Third_Party/FreeRTOS/Source/tasks.c **** 			does not occur.  This may overflow but this doesn't matter, the
5217:Middlewares/Third_Party/FreeRTOS/Source/tasks.c **** 			kernel will manage it correctly. */
5218:Middlewares/Third_Party/FreeRTOS/Source/tasks.c **** 			xTimeToWake = xConstTickCount + xTicksToWait;
 853              		.loc 1 5218 4 is_stmt 1 view .LVU235
 854              		.loc 1 5218 16 is_stmt 0 view .LVU236
 855 0030 2C44     		add	r4, r4, r5
 856              	.LVL64:
5219:Middlewares/Third_Party/FreeRTOS/Source/tasks.c **** 
ARM GAS  C:\Users\subdia\AppData\Local\Temp\ccqYdsij.s 			page 114


5220:Middlewares/Third_Party/FreeRTOS/Source/tasks.c **** 			/* The list item will be inserted in wake time order. */
5221:Middlewares/Third_Party/FreeRTOS/Source/tasks.c **** 			listSET_LIST_ITEM_VALUE( &( pxCurrentTCB->xStateListItem ), xTimeToWake );
 857              		.loc 1 5221 4 is_stmt 1 view .LVU237
 858 0032 134B     		ldr	r3, .L75+4
 859 0034 1B68     		ldr	r3, [r3]
 860 0036 5C60     		str	r4, [r3, #4]
5222:Middlewares/Third_Party/FreeRTOS/Source/tasks.c **** 
5223:Middlewares/Third_Party/FreeRTOS/Source/tasks.c **** 			if( xTimeToWake < xConstTickCount )
 861              		.loc 1 5223 4 view .LVU238
 862              		.loc 1 5223 6 is_stmt 0 view .LVU239
 863 0038 A542     		cmp	r5, r4
 864 003a 10D9     		bls	.L72
5224:Middlewares/Third_Party/FreeRTOS/Source/tasks.c **** 			{
5225:Middlewares/Third_Party/FreeRTOS/Source/tasks.c **** 				/* Wake time has overflowed.  Place this item in the overflow
5226:Middlewares/Third_Party/FreeRTOS/Source/tasks.c **** 				list. */
5227:Middlewares/Third_Party/FreeRTOS/Source/tasks.c **** 				vListInsert( pxOverflowDelayedTaskList, &( pxCurrentTCB->xStateListItem ) );
 865              		.loc 1 5227 5 is_stmt 1 view .LVU240
 866 003c 124B     		ldr	r3, .L75+12
 867 003e 1868     		ldr	r0, [r3]
 868              		.loc 1 5227 60 is_stmt 0 view .LVU241
 869 0040 0F4B     		ldr	r3, .L75+4
 870 0042 1968     		ldr	r1, [r3]
 871              		.loc 1 5227 5 view .LVU242
 872 0044 0431     		adds	r1, r1, #4
 873 0046 FFF7FEFF 		bl	vListInsert
 874              	.LVL65:
 875              	.L68:
5228:Middlewares/Third_Party/FreeRTOS/Source/tasks.c **** 			}
5229:Middlewares/Third_Party/FreeRTOS/Source/tasks.c **** 			else
5230:Middlewares/Third_Party/FreeRTOS/Source/tasks.c **** 			{
5231:Middlewares/Third_Party/FreeRTOS/Source/tasks.c **** 				/* The wake time has not overflowed, so the current block list
5232:Middlewares/Third_Party/FreeRTOS/Source/tasks.c **** 				is used. */
5233:Middlewares/Third_Party/FreeRTOS/Source/tasks.c **** 				vListInsert( pxDelayedTaskList, &( pxCurrentTCB->xStateListItem ) );
5234:Middlewares/Third_Party/FreeRTOS/Source/tasks.c **** 
5235:Middlewares/Third_Party/FreeRTOS/Source/tasks.c **** 				/* If the task entering the blocked state was placed at the
5236:Middlewares/Third_Party/FreeRTOS/Source/tasks.c **** 				head of the list of blocked tasks then xNextTaskUnblockTime
5237:Middlewares/Third_Party/FreeRTOS/Source/tasks.c **** 				needs to be updated too. */
5238:Middlewares/Third_Party/FreeRTOS/Source/tasks.c **** 				if( xTimeToWake < xNextTaskUnblockTime )
5239:Middlewares/Third_Party/FreeRTOS/Source/tasks.c **** 				{
5240:Middlewares/Third_Party/FreeRTOS/Source/tasks.c **** 					xNextTaskUnblockTime = xTimeToWake;
5241:Middlewares/Third_Party/FreeRTOS/Source/tasks.c **** 				}
5242:Middlewares/Third_Party/FreeRTOS/Source/tasks.c **** 				else
5243:Middlewares/Third_Party/FreeRTOS/Source/tasks.c **** 				{
5244:Middlewares/Third_Party/FreeRTOS/Source/tasks.c **** 					mtCOVERAGE_TEST_MARKER();
5245:Middlewares/Third_Party/FreeRTOS/Source/tasks.c **** 				}
5246:Middlewares/Third_Party/FreeRTOS/Source/tasks.c **** 			}
5247:Middlewares/Third_Party/FreeRTOS/Source/tasks.c **** 		}
5248:Middlewares/Third_Party/FreeRTOS/Source/tasks.c **** 	}
5249:Middlewares/Third_Party/FreeRTOS/Source/tasks.c **** 	#else /* INCLUDE_vTaskSuspend */
5250:Middlewares/Third_Party/FreeRTOS/Source/tasks.c **** 	{
5251:Middlewares/Third_Party/FreeRTOS/Source/tasks.c **** 		/* Calculate the time at which the task should be woken if the event
5252:Middlewares/Third_Party/FreeRTOS/Source/tasks.c **** 		does not occur.  This may overflow but this doesn't matter, the kernel
5253:Middlewares/Third_Party/FreeRTOS/Source/tasks.c **** 		will manage it correctly. */
5254:Middlewares/Third_Party/FreeRTOS/Source/tasks.c **** 		xTimeToWake = xConstTickCount + xTicksToWait;
5255:Middlewares/Third_Party/FreeRTOS/Source/tasks.c **** 
5256:Middlewares/Third_Party/FreeRTOS/Source/tasks.c **** 		/* The list item will be inserted in wake time order. */
5257:Middlewares/Third_Party/FreeRTOS/Source/tasks.c **** 		listSET_LIST_ITEM_VALUE( &( pxCurrentTCB->xStateListItem ), xTimeToWake );
ARM GAS  C:\Users\subdia\AppData\Local\Temp\ccqYdsij.s 			page 115


5258:Middlewares/Third_Party/FreeRTOS/Source/tasks.c **** 
5259:Middlewares/Third_Party/FreeRTOS/Source/tasks.c **** 		if( xTimeToWake < xConstTickCount )
5260:Middlewares/Third_Party/FreeRTOS/Source/tasks.c **** 		{
5261:Middlewares/Third_Party/FreeRTOS/Source/tasks.c **** 			/* Wake time has overflowed.  Place this item in the overflow list. */
5262:Middlewares/Third_Party/FreeRTOS/Source/tasks.c **** 			vListInsert( pxOverflowDelayedTaskList, &( pxCurrentTCB->xStateListItem ) );
5263:Middlewares/Third_Party/FreeRTOS/Source/tasks.c **** 		}
5264:Middlewares/Third_Party/FreeRTOS/Source/tasks.c **** 		else
5265:Middlewares/Third_Party/FreeRTOS/Source/tasks.c **** 		{
5266:Middlewares/Third_Party/FreeRTOS/Source/tasks.c **** 			/* The wake time has not overflowed, so the current block list is used. */
5267:Middlewares/Third_Party/FreeRTOS/Source/tasks.c **** 			vListInsert( pxDelayedTaskList, &( pxCurrentTCB->xStateListItem ) );
5268:Middlewares/Third_Party/FreeRTOS/Source/tasks.c **** 
5269:Middlewares/Third_Party/FreeRTOS/Source/tasks.c **** 			/* If the task entering the blocked state was placed at the head of the
5270:Middlewares/Third_Party/FreeRTOS/Source/tasks.c **** 			list of blocked tasks then xNextTaskUnblockTime needs to be updated
5271:Middlewares/Third_Party/FreeRTOS/Source/tasks.c **** 			too. */
5272:Middlewares/Third_Party/FreeRTOS/Source/tasks.c **** 			if( xTimeToWake < xNextTaskUnblockTime )
5273:Middlewares/Third_Party/FreeRTOS/Source/tasks.c **** 			{
5274:Middlewares/Third_Party/FreeRTOS/Source/tasks.c **** 				xNextTaskUnblockTime = xTimeToWake;
5275:Middlewares/Third_Party/FreeRTOS/Source/tasks.c **** 			}
5276:Middlewares/Third_Party/FreeRTOS/Source/tasks.c **** 			else
5277:Middlewares/Third_Party/FreeRTOS/Source/tasks.c **** 			{
5278:Middlewares/Third_Party/FreeRTOS/Source/tasks.c **** 				mtCOVERAGE_TEST_MARKER();
5279:Middlewares/Third_Party/FreeRTOS/Source/tasks.c **** 			}
5280:Middlewares/Third_Party/FreeRTOS/Source/tasks.c **** 		}
5281:Middlewares/Third_Party/FreeRTOS/Source/tasks.c **** 
5282:Middlewares/Third_Party/FreeRTOS/Source/tasks.c **** 		/* Avoid compiler warning when INCLUDE_vTaskSuspend is not 1. */
5283:Middlewares/Third_Party/FreeRTOS/Source/tasks.c **** 		( void ) xCanBlockIndefinitely;
5284:Middlewares/Third_Party/FreeRTOS/Source/tasks.c **** 	}
5285:Middlewares/Third_Party/FreeRTOS/Source/tasks.c **** 	#endif /* INCLUDE_vTaskSuspend */
5286:Middlewares/Third_Party/FreeRTOS/Source/tasks.c **** }
 876              		.loc 1 5286 1 view .LVU243
 877 004a 70BD     		pop	{r4, r5, r6, pc}
 878              	.LVL66:
 879              	.L74:
5206:Middlewares/Third_Party/FreeRTOS/Source/tasks.c **** 		{
 880              		.loc 1 5206 41 discriminator 1 view .LVU244
 881 004c 002E     		cmp	r6, #0
 882 004e EFD0     		beq	.L70
5211:Middlewares/Third_Party/FreeRTOS/Source/tasks.c **** 		}
 883              		.loc 1 5211 4 is_stmt 1 view .LVU245
5211:Middlewares/Third_Party/FreeRTOS/Source/tasks.c **** 		}
 884              		.loc 1 5211 56 is_stmt 0 view .LVU246
 885 0050 0B4B     		ldr	r3, .L75+4
 886 0052 1968     		ldr	r1, [r3]
5211:Middlewares/Third_Party/FreeRTOS/Source/tasks.c **** 		}
 887              		.loc 1 5211 4 view .LVU247
 888 0054 0431     		adds	r1, r1, #4
 889 0056 0D48     		ldr	r0, .L75+16
 890 0058 FFF7FEFF 		bl	vListInsertEnd
 891              	.LVL67:
 892 005c F5E7     		b	.L68
 893              	.LVL68:
 894              	.L72:
5233:Middlewares/Third_Party/FreeRTOS/Source/tasks.c **** 
 895              		.loc 1 5233 5 is_stmt 1 view .LVU248
 896 005e 0C4B     		ldr	r3, .L75+20
 897 0060 1868     		ldr	r0, [r3]
5233:Middlewares/Third_Party/FreeRTOS/Source/tasks.c **** 
ARM GAS  C:\Users\subdia\AppData\Local\Temp\ccqYdsij.s 			page 116


 898              		.loc 1 5233 52 is_stmt 0 view .LVU249
 899 0062 074B     		ldr	r3, .L75+4
 900 0064 1968     		ldr	r1, [r3]
5233:Middlewares/Third_Party/FreeRTOS/Source/tasks.c **** 
 901              		.loc 1 5233 5 view .LVU250
 902 0066 0431     		adds	r1, r1, #4
 903 0068 FFF7FEFF 		bl	vListInsert
 904              	.LVL69:
5238:Middlewares/Third_Party/FreeRTOS/Source/tasks.c **** 				{
 905              		.loc 1 5238 5 is_stmt 1 view .LVU251
5238:Middlewares/Third_Party/FreeRTOS/Source/tasks.c **** 				{
 906              		.loc 1 5238 21 is_stmt 0 view .LVU252
 907 006c 094B     		ldr	r3, .L75+24
 908 006e 1B68     		ldr	r3, [r3]
5238:Middlewares/Third_Party/FreeRTOS/Source/tasks.c **** 				{
 909              		.loc 1 5238 7 view .LVU253
 910 0070 A342     		cmp	r3, r4
 911 0072 EAD9     		bls	.L68
5240:Middlewares/Third_Party/FreeRTOS/Source/tasks.c **** 				}
 912              		.loc 1 5240 6 is_stmt 1 view .LVU254
5240:Middlewares/Third_Party/FreeRTOS/Source/tasks.c **** 				}
 913              		.loc 1 5240 27 is_stmt 0 view .LVU255
 914 0074 074B     		ldr	r3, .L75+24
 915 0076 1C60     		str	r4, [r3]
5244:Middlewares/Third_Party/FreeRTOS/Source/tasks.c **** 				}
 916              		.loc 1 5244 30 is_stmt 1 view .LVU256
 917              		.loc 1 5286 1 is_stmt 0 view .LVU257
 918 0078 E7E7     		b	.L68
 919              	.L76:
 920 007a 00BF     		.align	2
 921              	.L75:
 922 007c 00000000 		.word	xTickCount
 923 0080 00000000 		.word	pxCurrentTCB
 924 0084 00000000 		.word	uxTopReadyPriority
 925 0088 00000000 		.word	pxOverflowDelayedTaskList
 926 008c 00000000 		.word	xSuspendedTaskList
 927 0090 00000000 		.word	pxDelayedTaskList
 928 0094 00000000 		.word	xNextTaskUnblockTime
 929              		.cfi_endproc
 930              	.LFE56:
 932              		.section	.text.xTaskCreateStatic,"ax",%progbits
 933              		.align	1
 934              		.global	xTaskCreateStatic
 935              		.syntax unified
 936              		.thumb
 937              		.thumb_func
 939              	xTaskCreateStatic:
 940              	.LVL70:
 941              	.LFB5:
 588:Middlewares/Third_Party/FreeRTOS/Source/tasks.c **** 	TCB_t *pxNewTCB;
 942              		.loc 1 588 2 is_stmt 1 view -0
 943              		.cfi_startproc
 944              		@ args = 12, pretend = 0, frame = 8
 945              		@ frame_needed = 0, uses_anonymous_args = 0
 588:Middlewares/Third_Party/FreeRTOS/Source/tasks.c **** 	TCB_t *pxNewTCB;
 946              		.loc 1 588 2 is_stmt 0 view .LVU259
 947 0000 00B5     		push	{lr}
ARM GAS  C:\Users\subdia\AppData\Local\Temp\ccqYdsij.s 			page 117


 948              	.LCFI8:
 949              		.cfi_def_cfa_offset 4
 950              		.cfi_offset 14, -4
 951 0002 87B0     		sub	sp, sp, #28
 952              	.LCFI9:
 953              		.cfi_def_cfa_offset 32
 954 0004 8C46     		mov	ip, r1
 589:Middlewares/Third_Party/FreeRTOS/Source/tasks.c **** 	TaskHandle_t xReturn;
 955              		.loc 1 589 2 is_stmt 1 view .LVU260
 590:Middlewares/Third_Party/FreeRTOS/Source/tasks.c **** 
 956              		.loc 1 590 2 view .LVU261
 592:Middlewares/Third_Party/FreeRTOS/Source/tasks.c **** 		configASSERT( pxTaskBuffer != NULL );
 957              		.loc 1 592 3 view .LVU262
 958 0006 0999     		ldr	r1, [sp, #36]
 959              	.LVL71:
 592:Middlewares/Third_Party/FreeRTOS/Source/tasks.c **** 		configASSERT( pxTaskBuffer != NULL );
 960              		.loc 1 592 3 is_stmt 0 view .LVU263
 961 0008 79B1     		cbz	r1, .L85
 592:Middlewares/Third_Party/FreeRTOS/Source/tasks.c **** 		configASSERT( pxTaskBuffer != NULL );
 962              		.loc 1 592 41 is_stmt 1 view .LVU264
 593:Middlewares/Third_Party/FreeRTOS/Source/tasks.c **** 
 963              		.loc 1 593 3 view .LVU265
 964 000a 0A99     		ldr	r1, [sp, #40]
 965 000c B1B1     		cbz	r1, .L86
 593:Middlewares/Third_Party/FreeRTOS/Source/tasks.c **** 
 966              		.loc 1 593 39 view .LVU266
 967              	.LBB116:
 600:Middlewares/Third_Party/FreeRTOS/Source/tasks.c **** 			configASSERT( xSize == sizeof( TCB_t ) );
 968              		.loc 1 600 4 view .LVU267
 600:Middlewares/Third_Party/FreeRTOS/Source/tasks.c **** 			configASSERT( xSize == sizeof( TCB_t ) );
 969              		.loc 1 600 20 is_stmt 0 view .LVU268
 970 000e 5421     		movs	r1, #84
 971 0010 0491     		str	r1, [sp, #16]
 601:Middlewares/Third_Party/FreeRTOS/Source/tasks.c **** 			( void ) xSize; /* Prevent lint warning when configASSERT() is not used. */
 972              		.loc 1 601 4 is_stmt 1 view .LVU269
 973 0012 0499     		ldr	r1, [sp, #16]
 974 0014 5429     		cmp	r1, #84
 975 0016 1AD0     		beq	.L82
 601:Middlewares/Third_Party/FreeRTOS/Source/tasks.c **** 			( void ) xSize; /* Prevent lint warning when configASSERT() is not used. */
 976              		.loc 1 601 4 discriminator 1 view .LVU270
 977              	.LBB117:
 978              	.LBI117:
 193:Middlewares/Third_Party/FreeRTOS/Source/portable/GCC/ARM_CM3/portmacro.h **** {
 979              		.loc 2 193 30 view .LVU271
 980              	.LBB118:
 195:Middlewares/Third_Party/FreeRTOS/Source/portable/GCC/ARM_CM3/portmacro.h **** 
 981              		.loc 2 195 1 view .LVU272
 982              		.loc 2 197 2 view .LVU273
 983              		.syntax unified
 984              	@ 197 "Middlewares/Third_Party/FreeRTOS/Source/portable/GCC/ARM_CM3/portmacro.h" 1
 985 0018 4FF05003 			mov r3, #80												
 986 001c 83F31188 		msr basepri, r3											
 987 0020 BFF36F8F 		isb														
 988 0024 BFF34F8F 		dsb														
 989              	
 990              	@ 0 "" 2
 991              	.LVL72:
ARM GAS  C:\Users\subdia\AppData\Local\Temp\ccqYdsij.s 			page 118


 992              		.thumb
 993              		.syntax unified
 994              	.L83:
 995              		.loc 2 197 2 is_stmt 0 view .LVU274
 996              	.LBE118:
 997              	.LBE117:
 601:Middlewares/Third_Party/FreeRTOS/Source/tasks.c **** 			( void ) xSize; /* Prevent lint warning when configASSERT() is not used. */
 998              		.loc 1 601 4 is_stmt 1 view .LVU275
 999 0028 FEE7     		b	.L83
 1000              	.LVL73:
 1001              	.L85:
 601:Middlewares/Third_Party/FreeRTOS/Source/tasks.c **** 			( void ) xSize; /* Prevent lint warning when configASSERT() is not used. */
 1002              		.loc 1 601 4 is_stmt 0 view .LVU276
 1003              	.LBE116:
 592:Middlewares/Third_Party/FreeRTOS/Source/tasks.c **** 		configASSERT( pxTaskBuffer != NULL );
 1004              		.loc 1 592 3 is_stmt 1 discriminator 1 view .LVU277
 1005              	.LBB119:
 1006              	.LBI119:
 193:Middlewares/Third_Party/FreeRTOS/Source/portable/GCC/ARM_CM3/portmacro.h **** {
 1007              		.loc 2 193 30 view .LVU278
 1008              	.LBB120:
 195:Middlewares/Third_Party/FreeRTOS/Source/portable/GCC/ARM_CM3/portmacro.h **** 
 1009              		.loc 2 195 1 view .LVU279
 1010              		.loc 2 197 2 view .LVU280
 1011              		.syntax unified
 1012              	@ 197 "Middlewares/Third_Party/FreeRTOS/Source/portable/GCC/ARM_CM3/portmacro.h" 1
 1013 002a 4FF05003 			mov r3, #80												
 1014 002e 83F31188 		msr basepri, r3											
 1015 0032 BFF36F8F 		isb														
 1016 0036 BFF34F8F 		dsb														
 1017              	
 1018              	@ 0 "" 2
 1019              	.LVL74:
 1020              		.thumb
 1021              		.syntax unified
 1022              	.L79:
 1023              		.loc 2 197 2 is_stmt 0 view .LVU281
 1024              	.LBE120:
 1025              	.LBE119:
 592:Middlewares/Third_Party/FreeRTOS/Source/tasks.c **** 		configASSERT( pxTaskBuffer != NULL );
 1026              		.loc 1 592 3 is_stmt 1 view .LVU282
 1027 003a FEE7     		b	.L79
 1028              	.LVL75:
 1029              	.L86:
 593:Middlewares/Third_Party/FreeRTOS/Source/tasks.c **** 
 1030              		.loc 1 593 3 discriminator 1 view .LVU283
 1031              	.LBB121:
 1032              	.LBI121:
 193:Middlewares/Third_Party/FreeRTOS/Source/portable/GCC/ARM_CM3/portmacro.h **** {
 1033              		.loc 2 193 30 view .LVU284
 1034              	.LBB122:
 195:Middlewares/Third_Party/FreeRTOS/Source/portable/GCC/ARM_CM3/portmacro.h **** 
 1035              		.loc 2 195 1 view .LVU285
 1036              		.loc 2 197 2 view .LVU286
 1037              		.syntax unified
 1038              	@ 197 "Middlewares/Third_Party/FreeRTOS/Source/portable/GCC/ARM_CM3/portmacro.h" 1
 1039 003c 4FF05003 			mov r3, #80												
ARM GAS  C:\Users\subdia\AppData\Local\Temp\ccqYdsij.s 			page 119


 1040 0040 83F31188 		msr basepri, r3											
 1041 0044 BFF36F8F 		isb														
 1042 0048 BFF34F8F 		dsb														
 1043              	
 1044              	@ 0 "" 2
 1045              	.LVL76:
 1046              		.thumb
 1047              		.syntax unified
 1048              	.L81:
 1049              		.loc 2 197 2 is_stmt 0 view .LVU287
 1050              	.LBE122:
 1051              	.LBE121:
 593:Middlewares/Third_Party/FreeRTOS/Source/tasks.c **** 
 1052              		.loc 1 593 3 is_stmt 1 view .LVU288
 1053 004c FEE7     		b	.L81
 1054              	.LVL77:
 1055              	.L82:
 1056              	.LBB123:
 601:Middlewares/Third_Party/FreeRTOS/Source/tasks.c **** 			( void ) xSize; /* Prevent lint warning when configASSERT() is not used. */
 1057              		.loc 1 601 44 view .LVU289
 602:Middlewares/Third_Party/FreeRTOS/Source/tasks.c **** 		}
 1058              		.loc 1 602 4 view .LVU290
 1059 004e DDF810E0 		ldr	lr, [sp, #16]
 1060              	.LBE123:
 607:Middlewares/Third_Party/FreeRTOS/Source/tasks.c **** 		{
 1061              		.loc 1 607 3 view .LVU291
 611:Middlewares/Third_Party/FreeRTOS/Source/tasks.c **** 			pxNewTCB->pxStack = ( StackType_t * ) puxStackBuffer;
 1062              		.loc 1 611 4 view .LVU292
 1063              	.LVL78:
 612:Middlewares/Third_Party/FreeRTOS/Source/tasks.c **** 
 1064              		.loc 1 612 4 view .LVU293
 612:Middlewares/Third_Party/FreeRTOS/Source/tasks.c **** 
 1065              		.loc 1 612 22 is_stmt 0 view .LVU294
 1066 0052 0A99     		ldr	r1, [sp, #40]
 1067 0054 DDF824E0 		ldr	lr, [sp, #36]
 1068 0058 C1F830E0 		str	lr, [r1, #48]
 618:Middlewares/Third_Party/FreeRTOS/Source/tasks.c **** 			}
 1069              		.loc 1 618 5 is_stmt 1 view .LVU295
 618:Middlewares/Third_Party/FreeRTOS/Source/tasks.c **** 			}
 1070              		.loc 1 618 37 is_stmt 0 view .LVU296
 1071 005c 0221     		movs	r1, #2
 1072 005e DDF828E0 		ldr	lr, [sp, #40]
 1073 0062 8EF85110 		strb	r1, [lr, #81]
 622:Middlewares/Third_Party/FreeRTOS/Source/tasks.c **** 			prvAddNewTaskToReadyList( pxNewTCB );
 1074              		.loc 1 622 4 is_stmt 1 view .LVU297
 1075 0066 0021     		movs	r1, #0
 1076 0068 0391     		str	r1, [sp, #12]
 1077 006a CDF808E0 		str	lr, [sp, #8]
 1078 006e 05A9     		add	r1, sp, #20
 1079 0070 0191     		str	r1, [sp, #4]
 1080 0072 0899     		ldr	r1, [sp, #32]
 1081 0074 0091     		str	r1, [sp]
 1082 0076 6146     		mov	r1, ip
 1083 0078 FFF7FEFF 		bl	prvInitialiseNewTask
 1084              	.LVL79:
 623:Middlewares/Third_Party/FreeRTOS/Source/tasks.c **** 		}
 1085              		.loc 1 623 4 view .LVU298
ARM GAS  C:\Users\subdia\AppData\Local\Temp\ccqYdsij.s 			page 120


 1086 007c 0A98     		ldr	r0, [sp, #40]
 1087 007e FFF7FEFF 		bl	prvAddNewTaskToReadyList
 1088              	.LVL80:
 630:Middlewares/Third_Party/FreeRTOS/Source/tasks.c **** 	}
 1089              		.loc 1 630 3 view .LVU299
 631:Middlewares/Third_Party/FreeRTOS/Source/tasks.c **** 
 1090              		.loc 1 631 2 is_stmt 0 view .LVU300
 1091 0082 0598     		ldr	r0, [sp, #20]
 1092 0084 07B0     		add	sp, sp, #28
 1093              	.LCFI10:
 1094              		.cfi_def_cfa_offset 4
 1095              		@ sp needed
 1096 0086 00BD     		pop	{pc}
 631:Middlewares/Third_Party/FreeRTOS/Source/tasks.c **** 
 1097              		.loc 1 631 2 view .LVU301
 1098              		.cfi_endproc
 1099              	.LFE5:
 1101              		.section	.text.xTaskCreate,"ax",%progbits
 1102              		.align	1
 1103              		.global	xTaskCreate
 1104              		.syntax unified
 1105              		.thumb
 1106              		.thumb_func
 1108              	xTaskCreate:
 1109              	.LVL81:
 1110              	.LFB6:
 739:Middlewares/Third_Party/FreeRTOS/Source/tasks.c **** 	TCB_t *pxNewTCB;
 1111              		.loc 1 739 2 is_stmt 1 view -0
 1112              		.cfi_startproc
 1113              		@ args = 8, pretend = 0, frame = 0
 1114              		@ frame_needed = 0, uses_anonymous_args = 0
 739:Middlewares/Third_Party/FreeRTOS/Source/tasks.c **** 	TCB_t *pxNewTCB;
 1115              		.loc 1 739 2 is_stmt 0 view .LVU303
 1116 0000 2DE9F041 		push	{r4, r5, r6, r7, r8, lr}
 1117              	.LCFI11:
 1118              		.cfi_def_cfa_offset 24
 1119              		.cfi_offset 4, -24
 1120              		.cfi_offset 5, -20
 1121              		.cfi_offset 6, -16
 1122              		.cfi_offset 7, -12
 1123              		.cfi_offset 8, -8
 1124              		.cfi_offset 14, -4
 1125 0004 84B0     		sub	sp, sp, #16
 1126              	.LCFI12:
 1127              		.cfi_def_cfa_offset 40
 1128 0006 8046     		mov	r8, r0
 1129 0008 0F46     		mov	r7, r1
 1130 000a 1446     		mov	r4, r2
 1131 000c 1E46     		mov	r6, r3
 740:Middlewares/Third_Party/FreeRTOS/Source/tasks.c **** 	BaseType_t xReturn;
 1132              		.loc 1 740 2 is_stmt 1 view .LVU304
 741:Middlewares/Third_Party/FreeRTOS/Source/tasks.c **** 
 1133              		.loc 1 741 2 view .LVU305
 1134              	.LBB124:
 770:Middlewares/Third_Party/FreeRTOS/Source/tasks.c **** 
 1135              		.loc 1 770 3 view .LVU306
 773:Middlewares/Third_Party/FreeRTOS/Source/tasks.c **** 
ARM GAS  C:\Users\subdia\AppData\Local\Temp\ccqYdsij.s 			page 121


 1136              		.loc 1 773 4 view .LVU307
 773:Middlewares/Third_Party/FreeRTOS/Source/tasks.c **** 
 1137              		.loc 1 773 14 is_stmt 0 view .LVU308
 1138 000e 9000     		lsls	r0, r2, #2
 1139              	.LVL82:
 773:Middlewares/Third_Party/FreeRTOS/Source/tasks.c **** 
 1140              		.loc 1 773 14 view .LVU309
 1141 0010 FFF7FEFF 		bl	pvPortMalloc
 1142              	.LVL83:
 775:Middlewares/Third_Party/FreeRTOS/Source/tasks.c **** 			{
 1143              		.loc 1 775 4 is_stmt 1 view .LVU310
 775:Middlewares/Third_Party/FreeRTOS/Source/tasks.c **** 			{
 1144              		.loc 1 775 6 is_stmt 0 view .LVU311
 1145 0014 00B3     		cbz	r0, .L90
 1146 0016 0546     		mov	r5, r0
 778:Middlewares/Third_Party/FreeRTOS/Source/tasks.c **** 
 1147              		.loc 1 778 5 is_stmt 1 view .LVU312
 778:Middlewares/Third_Party/FreeRTOS/Source/tasks.c **** 
 1148              		.loc 1 778 28 is_stmt 0 view .LVU313
 1149 0018 5420     		movs	r0, #84
 1150              	.LVL84:
 778:Middlewares/Third_Party/FreeRTOS/Source/tasks.c **** 
 1151              		.loc 1 778 28 view .LVU314
 1152 001a FFF7FEFF 		bl	pvPortMalloc
 1153              	.LVL85:
 780:Middlewares/Third_Party/FreeRTOS/Source/tasks.c **** 				{
 1154              		.loc 1 780 5 is_stmt 1 view .LVU315
 780:Middlewares/Third_Party/FreeRTOS/Source/tasks.c **** 				{
 1155              		.loc 1 780 7 is_stmt 0 view .LVU316
 1156 001e A8B1     		cbz	r0, .L89
 783:Middlewares/Third_Party/FreeRTOS/Source/tasks.c **** 				}
 1157              		.loc 1 783 6 is_stmt 1 view .LVU317
 783:Middlewares/Third_Party/FreeRTOS/Source/tasks.c **** 				}
 1158              		.loc 1 783 24 is_stmt 0 view .LVU318
 1159 0020 0563     		str	r5, [r0, #48]
 783:Middlewares/Third_Party/FreeRTOS/Source/tasks.c **** 				}
 1160              		.loc 1 783 24 view .LVU319
 1161              	.LBE124:
 799:Middlewares/Third_Party/FreeRTOS/Source/tasks.c **** 		{
 1162              		.loc 1 799 3 is_stmt 1 view .LVU320
 805:Middlewares/Third_Party/FreeRTOS/Source/tasks.c **** 			}
 1163              		.loc 1 805 5 view .LVU321
 805:Middlewares/Third_Party/FreeRTOS/Source/tasks.c **** 			}
 1164              		.loc 1 805 37 is_stmt 0 view .LVU322
 1165 0022 0023     		movs	r3, #0
 1166 0024 80F85130 		strb	r3, [r0, #81]
 809:Middlewares/Third_Party/FreeRTOS/Source/tasks.c **** 			prvAddNewTaskToReadyList( pxNewTCB );
 1167              		.loc 1 809 4 is_stmt 1 view .LVU323
 1168 0028 0393     		str	r3, [sp, #12]
 1169 002a 0546     		mov	r5, r0
 1170              	.LVL86:
 809:Middlewares/Third_Party/FreeRTOS/Source/tasks.c **** 			prvAddNewTaskToReadyList( pxNewTCB );
 1171              		.loc 1 809 4 is_stmt 0 view .LVU324
 1172 002c 0290     		str	r0, [sp, #8]
 1173 002e 0B9B     		ldr	r3, [sp, #44]
 1174 0030 0193     		str	r3, [sp, #4]
 1175 0032 0A9B     		ldr	r3, [sp, #40]
ARM GAS  C:\Users\subdia\AppData\Local\Temp\ccqYdsij.s 			page 122


 1176 0034 0093     		str	r3, [sp]
 1177 0036 3346     		mov	r3, r6
 1178 0038 2246     		mov	r2, r4
 1179 003a 3946     		mov	r1, r7
 1180 003c 4046     		mov	r0, r8
 1181              	.LVL87:
 809:Middlewares/Third_Party/FreeRTOS/Source/tasks.c **** 			prvAddNewTaskToReadyList( pxNewTCB );
 1182              		.loc 1 809 4 view .LVU325
 1183 003e FFF7FEFF 		bl	prvInitialiseNewTask
 1184              	.LVL88:
 810:Middlewares/Third_Party/FreeRTOS/Source/tasks.c **** 			xReturn = pdPASS;
 1185              		.loc 1 810 4 is_stmt 1 view .LVU326
 1186 0042 2846     		mov	r0, r5
 1187 0044 FFF7FEFF 		bl	prvAddNewTaskToReadyList
 1188              	.LVL89:
 811:Middlewares/Third_Party/FreeRTOS/Source/tasks.c **** 		}
 1189              		.loc 1 811 4 view .LVU327
 811:Middlewares/Third_Party/FreeRTOS/Source/tasks.c **** 		}
 1190              		.loc 1 811 12 is_stmt 0 view .LVU328
 1191 0048 0120     		movs	r0, #1
 1192 004a 07E0     		b	.L87
 1193              	.LVL90:
 1194              	.L89:
 1195              	.LBB125:
 789:Middlewares/Third_Party/FreeRTOS/Source/tasks.c **** 				}
 1196              		.loc 1 789 6 is_stmt 1 view .LVU329
 1197 004c 2846     		mov	r0, r5
 1198              	.LVL91:
 789:Middlewares/Third_Party/FreeRTOS/Source/tasks.c **** 				}
 1199              		.loc 1 789 6 is_stmt 0 view .LVU330
 1200 004e FFF7FEFF 		bl	vPortFree
 1201              	.LVL92:
 789:Middlewares/Third_Party/FreeRTOS/Source/tasks.c **** 				}
 1202              		.loc 1 789 6 view .LVU331
 1203              	.LBE125:
 799:Middlewares/Third_Party/FreeRTOS/Source/tasks.c **** 		{
 1204              		.loc 1 799 3 is_stmt 1 view .LVU332
 815:Middlewares/Third_Party/FreeRTOS/Source/tasks.c **** 		}
 1205              		.loc 1 815 12 is_stmt 0 view .LVU333
 1206 0052 4FF0FF30 		mov	r0, #-1
 1207 0056 01E0     		b	.L87
 1208              	.LVL93:
 1209              	.L90:
 815:Middlewares/Third_Party/FreeRTOS/Source/tasks.c **** 		}
 1210              		.loc 1 815 12 view .LVU334
 1211 0058 4FF0FF30 		mov	r0, #-1
 1212              	.LVL94:
 818:Middlewares/Third_Party/FreeRTOS/Source/tasks.c **** 	}
 1213              		.loc 1 818 3 is_stmt 1 view .LVU335
 1214              	.L87:
 819:Middlewares/Third_Party/FreeRTOS/Source/tasks.c **** 
 1215              		.loc 1 819 2 is_stmt 0 view .LVU336
 1216 005c 04B0     		add	sp, sp, #16
 1217              	.LCFI13:
 1218              		.cfi_def_cfa_offset 24
 1219              		@ sp needed
 1220 005e BDE8F081 		pop	{r4, r5, r6, r7, r8, pc}
ARM GAS  C:\Users\subdia\AppData\Local\Temp\ccqYdsij.s 			page 123


 819:Middlewares/Third_Party/FreeRTOS/Source/tasks.c **** 
 1221              		.loc 1 819 2 view .LVU337
 1222              		.cfi_endproc
 1223              	.LFE6:
 1225              		.section	.text.vTaskDelete,"ax",%progbits
 1226              		.align	1
 1227              		.global	vTaskDelete
 1228              		.syntax unified
 1229              		.thumb
 1230              		.thumb_func
 1232              	vTaskDelete:
 1233              	.LVL95:
 1234              	.LFB9:
1163:Middlewares/Third_Party/FreeRTOS/Source/tasks.c **** 	TCB_t *pxTCB;
 1235              		.loc 1 1163 2 is_stmt 1 view -0
 1236              		.cfi_startproc
 1237              		@ args = 0, pretend = 0, frame = 0
 1238              		@ frame_needed = 0, uses_anonymous_args = 0
1163:Middlewares/Third_Party/FreeRTOS/Source/tasks.c **** 	TCB_t *pxTCB;
 1239              		.loc 1 1163 2 is_stmt 0 view .LVU339
 1240 0000 38B5     		push	{r3, r4, r5, lr}
 1241              	.LCFI14:
 1242              		.cfi_def_cfa_offset 16
 1243              		.cfi_offset 3, -16
 1244              		.cfi_offset 4, -12
 1245              		.cfi_offset 5, -8
 1246              		.cfi_offset 14, -4
 1247 0002 0446     		mov	r4, r0
1164:Middlewares/Third_Party/FreeRTOS/Source/tasks.c **** 
 1248              		.loc 1 1164 2 is_stmt 1 view .LVU340
1166:Middlewares/Third_Party/FreeRTOS/Source/tasks.c **** 		{
 1249              		.loc 1 1166 3 view .LVU341
 1250 0004 FFF7FEFF 		bl	vPortEnterCritical
 1251              	.LVL96:
1170:Middlewares/Third_Party/FreeRTOS/Source/tasks.c **** 
 1252              		.loc 1 1170 4 view .LVU342
1170:Middlewares/Third_Party/FreeRTOS/Source/tasks.c **** 
 1253              		.loc 1 1170 12 is_stmt 0 view .LVU343
 1254 0008 002C     		cmp	r4, #0
 1255 000a 34D0     		beq	.L102
 1256              	.LVL97:
 1257              	.L93:
1173:Middlewares/Third_Party/FreeRTOS/Source/tasks.c **** 			{
 1258              		.loc 1 1173 4 is_stmt 1 view .LVU344
1173:Middlewares/Third_Party/FreeRTOS/Source/tasks.c **** 			{
 1259              		.loc 1 1173 22 is_stmt 0 view .LVU345
 1260 000c 251D     		adds	r5, r4, #4
1173:Middlewares/Third_Party/FreeRTOS/Source/tasks.c **** 			{
 1261              		.loc 1 1173 8 view .LVU346
 1262 000e 2846     		mov	r0, r5
 1263 0010 FFF7FEFF 		bl	uxListRemove
 1264              	.LVL98:
1173:Middlewares/Third_Party/FreeRTOS/Source/tasks.c **** 			{
 1265              		.loc 1 1173 6 discriminator 1 view .LVU347
 1266 0014 70B9     		cbnz	r0, .L94
1175:Middlewares/Third_Party/FreeRTOS/Source/tasks.c **** 			}
 1267              		.loc 1 1175 5 is_stmt 1 view .LVU348
ARM GAS  C:\Users\subdia\AppData\Local\Temp\ccqYdsij.s 			page 124


 1268 0016 E26A     		ldr	r2, [r4, #44]
 1269 0018 02EB8203 		add	r3, r2, r2, lsl #2
 1270 001c 9B00     		lsls	r3, r3, #2
 1271 001e 2749     		ldr	r1, .L105
 1272 0020 CB58     		ldr	r3, [r1, r3]
 1273 0022 3BB9     		cbnz	r3, .L94
1175:Middlewares/Third_Party/FreeRTOS/Source/tasks.c **** 			}
 1274              		.loc 1 1175 5 discriminator 1 view .LVU349
 1275 0024 0123     		movs	r3, #1
 1276 0026 03FA02F2 		lsl	r2, r3, r2
 1277 002a 2549     		ldr	r1, .L105+4
 1278 002c 0B68     		ldr	r3, [r1]
 1279 002e 23EA0203 		bic	r3, r3, r2
 1280 0032 0B60     		str	r3, [r1]
 1281              	.L94:
1179:Middlewares/Third_Party/FreeRTOS/Source/tasks.c **** 			}
 1282              		.loc 1 1179 29 view .LVU350
1183:Middlewares/Third_Party/FreeRTOS/Source/tasks.c **** 			{
 1283              		.loc 1 1183 4 view .LVU351
1183:Middlewares/Third_Party/FreeRTOS/Source/tasks.c **** 			{
 1284              		.loc 1 1183 8 is_stmt 0 view .LVU352
 1285 0034 A36A     		ldr	r3, [r4, #40]
1183:Middlewares/Third_Party/FreeRTOS/Source/tasks.c **** 			{
 1286              		.loc 1 1183 6 view .LVU353
 1287 0036 1BB1     		cbz	r3, .L95
1185:Middlewares/Third_Party/FreeRTOS/Source/tasks.c **** 			}
 1288              		.loc 1 1185 5 is_stmt 1 view .LVU354
1185:Middlewares/Third_Party/FreeRTOS/Source/tasks.c **** 			}
 1289              		.loc 1 1185 14 is_stmt 0 view .LVU355
 1290 0038 04F11800 		add	r0, r4, #24
 1291 003c FFF7FEFF 		bl	uxListRemove
 1292              	.LVL99:
 1293              	.L95:
1189:Middlewares/Third_Party/FreeRTOS/Source/tasks.c **** 			}
 1294              		.loc 1 1189 29 is_stmt 1 view .LVU356
1196:Middlewares/Third_Party/FreeRTOS/Source/tasks.c **** 
 1295              		.loc 1 1196 4 view .LVU357
1196:Middlewares/Third_Party/FreeRTOS/Source/tasks.c **** 
 1296              		.loc 1 1196 16 is_stmt 0 view .LVU358
 1297 0040 204A     		ldr	r2, .L105+8
 1298 0042 1368     		ldr	r3, [r2]
 1299 0044 0133     		adds	r3, r3, #1
 1300 0046 1360     		str	r3, [r2]
1198:Middlewares/Third_Party/FreeRTOS/Source/tasks.c **** 			{
 1301              		.loc 1 1198 4 is_stmt 1 view .LVU359
1198:Middlewares/Third_Party/FreeRTOS/Source/tasks.c **** 			{
 1302              		.loc 1 1198 14 is_stmt 0 view .LVU360
 1303 0048 1F4B     		ldr	r3, .L105+12
 1304 004a 1B68     		ldr	r3, [r3]
1198:Middlewares/Third_Party/FreeRTOS/Source/tasks.c **** 			{
 1305              		.loc 1 1198 6 view .LVU361
 1306 004c A342     		cmp	r3, r4
 1307 004e 15D0     		beq	.L103
1225:Middlewares/Third_Party/FreeRTOS/Source/tasks.c **** 				traceTASK_DELETE( pxTCB );
 1308              		.loc 1 1225 5 is_stmt 1 view .LVU362
 1309 0050 1E4A     		ldr	r2, .L105+16
 1310 0052 1368     		ldr	r3, [r2]
ARM GAS  C:\Users\subdia\AppData\Local\Temp\ccqYdsij.s 			page 125


 1311 0054 013B     		subs	r3, r3, #1
 1312 0056 1360     		str	r3, [r2]
1226:Middlewares/Third_Party/FreeRTOS/Source/tasks.c **** 				prvDeleteTCB( pxTCB );
 1313              		.loc 1 1226 30 view .LVU363
1227:Middlewares/Third_Party/FreeRTOS/Source/tasks.c **** 
 1314              		.loc 1 1227 5 view .LVU364
 1315 0058 2046     		mov	r0, r4
 1316 005a FFF7FEFF 		bl	prvDeleteTCB
 1317              	.LVL100:
1231:Middlewares/Third_Party/FreeRTOS/Source/tasks.c **** 			}
 1318              		.loc 1 1231 5 view .LVU365
 1319 005e FFF7FEFF 		bl	prvResetNextTaskUnblockTime
 1320              	.LVL101:
 1321              	.L97:
1234:Middlewares/Third_Party/FreeRTOS/Source/tasks.c **** 
 1322              		.loc 1 1234 3 view .LVU366
 1323 0062 FFF7FEFF 		bl	vPortExitCritical
 1324              	.LVL102:
1238:Middlewares/Third_Party/FreeRTOS/Source/tasks.c **** 		{
 1325              		.loc 1 1238 3 view .LVU367
1238:Middlewares/Third_Party/FreeRTOS/Source/tasks.c **** 		{
 1326              		.loc 1 1238 25 is_stmt 0 view .LVU368
 1327 0066 1A4B     		ldr	r3, .L105+20
 1328 0068 1B68     		ldr	r3, [r3]
1238:Middlewares/Third_Party/FreeRTOS/Source/tasks.c **** 		{
 1329              		.loc 1 1238 5 view .LVU369
 1330 006a 1BB1     		cbz	r3, .L92
1240:Middlewares/Third_Party/FreeRTOS/Source/tasks.c **** 			{
 1331              		.loc 1 1240 4 is_stmt 1 view .LVU370
1240:Middlewares/Third_Party/FreeRTOS/Source/tasks.c **** 			{
 1332              		.loc 1 1240 14 is_stmt 0 view .LVU371
 1333 006c 164B     		ldr	r3, .L105+12
 1334 006e 1B68     		ldr	r3, [r3]
1240:Middlewares/Third_Party/FreeRTOS/Source/tasks.c **** 			{
 1335              		.loc 1 1240 6 view .LVU372
 1336 0070 A342     		cmp	r3, r4
 1337 0072 0CD0     		beq	.L104
 1338              	.L92:
1250:Middlewares/Third_Party/FreeRTOS/Source/tasks.c **** 
 1339              		.loc 1 1250 2 view .LVU373
 1340 0074 38BD     		pop	{r3, r4, r5, pc}
 1341              	.LVL103:
 1342              	.L102:
1170:Middlewares/Third_Party/FreeRTOS/Source/tasks.c **** 
 1343              		.loc 1 1170 10 discriminator 1 view .LVU374
 1344 0076 144B     		ldr	r3, .L105+12
 1345 0078 1C68     		ldr	r4, [r3]
 1346              	.LVL104:
1170:Middlewares/Third_Party/FreeRTOS/Source/tasks.c **** 
 1347              		.loc 1 1170 10 discriminator 1 view .LVU375
 1348 007a C7E7     		b	.L93
 1349              	.LVL105:
 1350              	.L103:
1205:Middlewares/Third_Party/FreeRTOS/Source/tasks.c **** 
 1351              		.loc 1 1205 5 is_stmt 1 view .LVU376
 1352 007c 2946     		mov	r1, r5
 1353 007e 1548     		ldr	r0, .L105+24
ARM GAS  C:\Users\subdia\AppData\Local\Temp\ccqYdsij.s 			page 126


 1354 0080 FFF7FEFF 		bl	vListInsertEnd
 1355              	.LVL106:
1210:Middlewares/Third_Party/FreeRTOS/Source/tasks.c **** 
 1356              		.loc 1 1210 5 view .LVU377
 1357 0084 144A     		ldr	r2, .L105+28
 1358 0086 1368     		ldr	r3, [r2]
 1359 0088 0133     		adds	r3, r3, #1
 1360 008a 1360     		str	r3, [r2]
1214:Middlewares/Third_Party/FreeRTOS/Source/tasks.c **** 
 1361              		.loc 1 1214 30 view .LVU378
1221:Middlewares/Third_Party/FreeRTOS/Source/tasks.c **** 			}
 1362              		.loc 1 1221 54 view .LVU379
 1363 008c E9E7     		b	.L97
 1364              	.L104:
1242:Middlewares/Third_Party/FreeRTOS/Source/tasks.c **** 				portYIELD_WITHIN_API();
 1365              		.loc 1 1242 5 view .LVU380
 1366 008e 134B     		ldr	r3, .L105+32
 1367 0090 1B68     		ldr	r3, [r3]
 1368 0092 43B1     		cbz	r3, .L99
1242:Middlewares/Third_Party/FreeRTOS/Source/tasks.c **** 				portYIELD_WITHIN_API();
 1369              		.loc 1 1242 5 discriminator 1 view .LVU381
 1370              	.LBB126:
 1371              	.LBI126:
 193:Middlewares/Third_Party/FreeRTOS/Source/portable/GCC/ARM_CM3/portmacro.h **** {
 1372              		.loc 2 193 30 view .LVU382
 1373              	.LBB127:
 195:Middlewares/Third_Party/FreeRTOS/Source/portable/GCC/ARM_CM3/portmacro.h **** 
 1374              		.loc 2 195 1 view .LVU383
 1375              		.loc 2 197 2 view .LVU384
 1376              		.syntax unified
 1377              	@ 197 "Middlewares/Third_Party/FreeRTOS/Source/portable/GCC/ARM_CM3/portmacro.h" 1
 1378 0094 4FF05003 			mov r3, #80												
 1379 0098 83F31188 		msr basepri, r3											
 1380 009c BFF36F8F 		isb														
 1381 00a0 BFF34F8F 		dsb														
 1382              	
 1383              	@ 0 "" 2
 1384              		.thumb
 1385              		.syntax unified
 1386              	.L100:
 1387              	.LBE127:
 1388              	.LBE126:
1242:Middlewares/Third_Party/FreeRTOS/Source/tasks.c **** 				portYIELD_WITHIN_API();
 1389              		.loc 1 1242 5 view .LVU385
 1390 00a4 FEE7     		b	.L100
 1391              	.L99:
1242:Middlewares/Third_Party/FreeRTOS/Source/tasks.c **** 				portYIELD_WITHIN_API();
 1392              		.loc 1 1242 46 view .LVU386
1243:Middlewares/Third_Party/FreeRTOS/Source/tasks.c **** 			}
 1393              		.loc 1 1243 5 view .LVU387
 1394 00a6 4FF0E023 		mov	r3, #-536813568
 1395 00aa 4FF08052 		mov	r2, #268435456
 1396 00ae C3F8042D 		str	r2, [r3, #3332]
1243:Middlewares/Third_Party/FreeRTOS/Source/tasks.c **** 			}
 1397              		.loc 1 1243 5 view .LVU388
 1398              		.syntax unified
 1399              	@ 1243 "Middlewares/Third_Party/FreeRTOS/Source/tasks.c" 1
ARM GAS  C:\Users\subdia\AppData\Local\Temp\ccqYdsij.s 			page 127


 1400 00b2 BFF34F8F 		dsb
 1401              	@ 0 "" 2
1243:Middlewares/Third_Party/FreeRTOS/Source/tasks.c **** 			}
 1402              		.loc 1 1243 5 view .LVU389
 1403              	@ 1243 "Middlewares/Third_Party/FreeRTOS/Source/tasks.c" 1
 1404 00b6 BFF36F8F 		isb
 1405              	@ 0 "" 2
1243:Middlewares/Third_Party/FreeRTOS/Source/tasks.c **** 			}
 1406              		.loc 1 1243 27 view .LVU390
1247:Middlewares/Third_Party/FreeRTOS/Source/tasks.c **** 			}
 1407              		.loc 1 1247 29 view .LVU391
1250:Middlewares/Third_Party/FreeRTOS/Source/tasks.c **** 
 1408              		.loc 1 1250 2 is_stmt 0 view .LVU392
 1409              		.thumb
 1410              		.syntax unified
 1411 00ba DBE7     		b	.L92
 1412              	.L106:
 1413              		.align	2
 1414              	.L105:
 1415 00bc 00000000 		.word	pxReadyTasksLists
 1416 00c0 00000000 		.word	uxTopReadyPriority
 1417 00c4 00000000 		.word	uxTaskNumber
 1418 00c8 00000000 		.word	pxCurrentTCB
 1419 00cc 00000000 		.word	uxCurrentNumberOfTasks
 1420 00d0 00000000 		.word	xSchedulerRunning
 1421 00d4 00000000 		.word	xTasksWaitingTermination
 1422 00d8 00000000 		.word	uxDeletedTasksWaitingCleanUp
 1423 00dc 00000000 		.word	uxSchedulerSuspended
 1424              		.cfi_endproc
 1425              	.LFE9:
 1427              		.section	.text.uxTaskPriorityGet,"ax",%progbits
 1428              		.align	1
 1429              		.global	uxTaskPriorityGet
 1430              		.syntax unified
 1431              		.thumb
 1432              		.thumb_func
 1434              	uxTaskPriorityGet:
 1435              	.LVL107:
 1436              	.LFB11:
1479:Middlewares/Third_Party/FreeRTOS/Source/tasks.c **** 	TCB_t const *pxTCB;
 1437              		.loc 1 1479 2 is_stmt 1 view -0
 1438              		.cfi_startproc
 1439              		@ args = 0, pretend = 0, frame = 0
 1440              		@ frame_needed = 0, uses_anonymous_args = 0
1479:Middlewares/Third_Party/FreeRTOS/Source/tasks.c **** 	TCB_t const *pxTCB;
 1441              		.loc 1 1479 2 is_stmt 0 view .LVU394
 1442 0000 10B5     		push	{r4, lr}
 1443              	.LCFI15:
 1444              		.cfi_def_cfa_offset 8
 1445              		.cfi_offset 4, -8
 1446              		.cfi_offset 14, -4
 1447 0002 0446     		mov	r4, r0
1480:Middlewares/Third_Party/FreeRTOS/Source/tasks.c **** 	UBaseType_t uxReturn;
 1448              		.loc 1 1480 2 is_stmt 1 view .LVU395
1481:Middlewares/Third_Party/FreeRTOS/Source/tasks.c **** 
 1449              		.loc 1 1481 2 view .LVU396
1483:Middlewares/Third_Party/FreeRTOS/Source/tasks.c **** 		{
ARM GAS  C:\Users\subdia\AppData\Local\Temp\ccqYdsij.s 			page 128


 1450              		.loc 1 1483 3 view .LVU397
 1451 0004 FFF7FEFF 		bl	vPortEnterCritical
 1452              	.LVL108:
1487:Middlewares/Third_Party/FreeRTOS/Source/tasks.c **** 			uxReturn = pxTCB->uxPriority;
 1453              		.loc 1 1487 4 view .LVU398
1487:Middlewares/Third_Party/FreeRTOS/Source/tasks.c **** 			uxReturn = pxTCB->uxPriority;
 1454              		.loc 1 1487 12 is_stmt 0 view .LVU399
 1455 0008 24B1     		cbz	r4, .L110
 1456              	.LVL109:
 1457              	.L108:
1488:Middlewares/Third_Party/FreeRTOS/Source/tasks.c **** 		}
 1458              		.loc 1 1488 4 is_stmt 1 view .LVU400
1488:Middlewares/Third_Party/FreeRTOS/Source/tasks.c **** 		}
 1459              		.loc 1 1488 13 is_stmt 0 view .LVU401
 1460 000a E46A     		ldr	r4, [r4, #44]
 1461              	.LVL110:
1490:Middlewares/Third_Party/FreeRTOS/Source/tasks.c **** 
 1462              		.loc 1 1490 3 is_stmt 1 view .LVU402
 1463 000c FFF7FEFF 		bl	vPortExitCritical
 1464              	.LVL111:
1492:Middlewares/Third_Party/FreeRTOS/Source/tasks.c **** 	}
 1465              		.loc 1 1492 3 view .LVU403
1493:Middlewares/Third_Party/FreeRTOS/Source/tasks.c **** 
 1466              		.loc 1 1493 2 is_stmt 0 view .LVU404
 1467 0010 2046     		mov	r0, r4
 1468 0012 10BD     		pop	{r4, pc}
 1469              	.LVL112:
 1470              	.L110:
1487:Middlewares/Third_Party/FreeRTOS/Source/tasks.c **** 			uxReturn = pxTCB->uxPriority;
 1471              		.loc 1 1487 10 discriminator 1 view .LVU405
 1472 0014 014B     		ldr	r3, .L111
 1473 0016 1C68     		ldr	r4, [r3]
 1474              	.LVL113:
1487:Middlewares/Third_Party/FreeRTOS/Source/tasks.c **** 			uxReturn = pxTCB->uxPriority;
 1475              		.loc 1 1487 10 discriminator 1 view .LVU406
 1476 0018 F7E7     		b	.L108
 1477              	.L112:
 1478 001a 00BF     		.align	2
 1479              	.L111:
 1480 001c 00000000 		.word	pxCurrentTCB
 1481              		.cfi_endproc
 1482              	.LFE11:
 1484              		.section	.text.uxTaskPriorityGetFromISR,"ax",%progbits
 1485              		.align	1
 1486              		.global	uxTaskPriorityGetFromISR
 1487              		.syntax unified
 1488              		.thumb
 1489              		.thumb_func
 1491              	uxTaskPriorityGetFromISR:
 1492              	.LVL114:
 1493              	.LFB12:
1501:Middlewares/Third_Party/FreeRTOS/Source/tasks.c **** 	TCB_t const *pxTCB;
 1494              		.loc 1 1501 2 is_stmt 1 view -0
 1495              		.cfi_startproc
 1496              		@ args = 0, pretend = 0, frame = 0
 1497              		@ frame_needed = 0, uses_anonymous_args = 0
1501:Middlewares/Third_Party/FreeRTOS/Source/tasks.c **** 	TCB_t const *pxTCB;
ARM GAS  C:\Users\subdia\AppData\Local\Temp\ccqYdsij.s 			page 129


 1498              		.loc 1 1501 2 is_stmt 0 view .LVU408
 1499 0000 10B5     		push	{r4, lr}
 1500              	.LCFI16:
 1501              		.cfi_def_cfa_offset 8
 1502              		.cfi_offset 4, -8
 1503              		.cfi_offset 14, -4
 1504 0002 0446     		mov	r4, r0
1502:Middlewares/Third_Party/FreeRTOS/Source/tasks.c **** 	UBaseType_t uxReturn, uxSavedInterruptState;
 1505              		.loc 1 1502 2 is_stmt 1 view .LVU409
1503:Middlewares/Third_Party/FreeRTOS/Source/tasks.c **** 
 1506              		.loc 1 1503 2 view .LVU410
1521:Middlewares/Third_Party/FreeRTOS/Source/tasks.c **** 
 1507              		.loc 1 1521 3 view .LVU411
 1508 0004 FFF7FEFF 		bl	vPortValidateInterruptPriority
 1509              	.LVL115:
1523:Middlewares/Third_Party/FreeRTOS/Source/tasks.c **** 		{
 1510              		.loc 1 1523 3 view .LVU412
 1511              	.LBB128:
 1512              	.LBI128:
 198:Middlewares/Third_Party/FreeRTOS/Source/portable/GCC/ARM_CM3/portmacro.h **** 	(
 199:Middlewares/Third_Party/FreeRTOS/Source/portable/GCC/ARM_CM3/portmacro.h **** 		"	mov %0, %1												\n" \
 200:Middlewares/Third_Party/FreeRTOS/Source/portable/GCC/ARM_CM3/portmacro.h **** 		"	msr basepri, %0											\n" \
 201:Middlewares/Third_Party/FreeRTOS/Source/portable/GCC/ARM_CM3/portmacro.h **** 		"	isb														\n" \
 202:Middlewares/Third_Party/FreeRTOS/Source/portable/GCC/ARM_CM3/portmacro.h **** 		"	dsb														\n" \
 203:Middlewares/Third_Party/FreeRTOS/Source/portable/GCC/ARM_CM3/portmacro.h **** 		:"=r" (ulNewBASEPRI) : "i" ( configMAX_SYSCALL_INTERRUPT_PRIORITY ) : "memory"
 204:Middlewares/Third_Party/FreeRTOS/Source/portable/GCC/ARM_CM3/portmacro.h **** 	);
 205:Middlewares/Third_Party/FreeRTOS/Source/portable/GCC/ARM_CM3/portmacro.h **** }
 206:Middlewares/Third_Party/FreeRTOS/Source/portable/GCC/ARM_CM3/portmacro.h **** 
 207:Middlewares/Third_Party/FreeRTOS/Source/portable/GCC/ARM_CM3/portmacro.h **** /*-----------------------------------------------------------*/
 208:Middlewares/Third_Party/FreeRTOS/Source/portable/GCC/ARM_CM3/portmacro.h **** 
 209:Middlewares/Third_Party/FreeRTOS/Source/portable/GCC/ARM_CM3/portmacro.h **** portFORCE_INLINE static uint32_t ulPortRaiseBASEPRI( void )
 1513              		.loc 2 209 34 view .LVU413
 1514              	.LBB129:
 210:Middlewares/Third_Party/FreeRTOS/Source/portable/GCC/ARM_CM3/portmacro.h **** {
 211:Middlewares/Third_Party/FreeRTOS/Source/portable/GCC/ARM_CM3/portmacro.h **** uint32_t ulOriginalBASEPRI, ulNewBASEPRI;
 1515              		.loc 2 211 1 view .LVU414
 212:Middlewares/Third_Party/FreeRTOS/Source/portable/GCC/ARM_CM3/portmacro.h **** 
 213:Middlewares/Third_Party/FreeRTOS/Source/portable/GCC/ARM_CM3/portmacro.h **** 	__asm volatile
 1516              		.loc 2 213 2 view .LVU415
 1517              		.syntax unified
 1518              	@ 213 "Middlewares/Third_Party/FreeRTOS/Source/portable/GCC/ARM_CM3/portmacro.h" 1
 1519 0008 EFF31183 			mrs r3, basepri											
 1520 000c 4FF05002 		mov r2, #80												
 1521 0010 82F31188 		msr basepri, r2											
 1522 0014 BFF36F8F 		isb														
 1523 0018 BFF34F8F 		dsb														
 1524              	
 1525              	@ 0 "" 2
 214:Middlewares/Third_Party/FreeRTOS/Source/portable/GCC/ARM_CM3/portmacro.h **** 	(
 215:Middlewares/Third_Party/FreeRTOS/Source/portable/GCC/ARM_CM3/portmacro.h **** 		"	mrs %0, basepri											\n" \
 216:Middlewares/Third_Party/FreeRTOS/Source/portable/GCC/ARM_CM3/portmacro.h **** 		"	mov %1, %2												\n" \
 217:Middlewares/Third_Party/FreeRTOS/Source/portable/GCC/ARM_CM3/portmacro.h **** 		"	msr basepri, %1											\n" \
 218:Middlewares/Third_Party/FreeRTOS/Source/portable/GCC/ARM_CM3/portmacro.h **** 		"	isb														\n" \
 219:Middlewares/Third_Party/FreeRTOS/Source/portable/GCC/ARM_CM3/portmacro.h **** 		"	dsb														\n" \
 220:Middlewares/Third_Party/FreeRTOS/Source/portable/GCC/ARM_CM3/portmacro.h **** 		:"=r" (ulOriginalBASEPRI), "=r" (ulNewBASEPRI) : "i" ( configMAX_SYSCALL_INTERRUPT_PRIORITY ) : "
 221:Middlewares/Third_Party/FreeRTOS/Source/portable/GCC/ARM_CM3/portmacro.h **** 	);
 222:Middlewares/Third_Party/FreeRTOS/Source/portable/GCC/ARM_CM3/portmacro.h **** 
ARM GAS  C:\Users\subdia\AppData\Local\Temp\ccqYdsij.s 			page 130


 223:Middlewares/Third_Party/FreeRTOS/Source/portable/GCC/ARM_CM3/portmacro.h **** 	/* This return will not be reached but is necessary to prevent compiler
 224:Middlewares/Third_Party/FreeRTOS/Source/portable/GCC/ARM_CM3/portmacro.h **** 	warnings. */
 225:Middlewares/Third_Party/FreeRTOS/Source/portable/GCC/ARM_CM3/portmacro.h **** 	return ulOriginalBASEPRI;
 1526              		.loc 2 225 2 view .LVU416
 1527              	.LVL116:
 1528              		.loc 2 225 2 is_stmt 0 view .LVU417
 1529              		.thumb
 1530              		.syntax unified
 1531              	.LBE129:
 1532              	.LBE128:
1527:Middlewares/Third_Party/FreeRTOS/Source/tasks.c **** 			uxReturn = pxTCB->uxPriority;
 1533              		.loc 1 1527 4 is_stmt 1 view .LVU418
1527:Middlewares/Third_Party/FreeRTOS/Source/tasks.c **** 			uxReturn = pxTCB->uxPriority;
 1534              		.loc 1 1527 12 is_stmt 0 view .LVU419
 1535 001c 1CB1     		cbz	r4, .L116
 1536              	.LVL117:
 1537              	.L114:
1528:Middlewares/Third_Party/FreeRTOS/Source/tasks.c **** 		}
 1538              		.loc 1 1528 4 is_stmt 1 view .LVU420
1528:Middlewares/Third_Party/FreeRTOS/Source/tasks.c **** 		}
 1539              		.loc 1 1528 13 is_stmt 0 view .LVU421
 1540 001e E06A     		ldr	r0, [r4, #44]
 1541              	.LVL118:
1530:Middlewares/Third_Party/FreeRTOS/Source/tasks.c **** 
 1542              		.loc 1 1530 3 is_stmt 1 view .LVU422
 1543              	.LBB130:
 1544              	.LBI130:
 226:Middlewares/Third_Party/FreeRTOS/Source/portable/GCC/ARM_CM3/portmacro.h **** }
 227:Middlewares/Third_Party/FreeRTOS/Source/portable/GCC/ARM_CM3/portmacro.h **** /*-----------------------------------------------------------*/
 228:Middlewares/Third_Party/FreeRTOS/Source/portable/GCC/ARM_CM3/portmacro.h **** 
 229:Middlewares/Third_Party/FreeRTOS/Source/portable/GCC/ARM_CM3/portmacro.h **** portFORCE_INLINE static void vPortSetBASEPRI( uint32_t ulNewMaskValue )
 1545              		.loc 2 229 30 view .LVU423
 1546              	.LBB131:
 230:Middlewares/Third_Party/FreeRTOS/Source/portable/GCC/ARM_CM3/portmacro.h **** {
 231:Middlewares/Third_Party/FreeRTOS/Source/portable/GCC/ARM_CM3/portmacro.h **** 	__asm volatile
 1547              		.loc 2 231 2 view .LVU424
 1548              		.syntax unified
 1549              	@ 231 "Middlewares/Third_Party/FreeRTOS/Source/portable/GCC/ARM_CM3/portmacro.h" 1
 1550 0020 83F31188 			msr basepri, r3	
 1551              	@ 0 "" 2
 1552              		.thumb
 1553              		.syntax unified
 1554              	.LBE131:
 1555              	.LBE130:
1532:Middlewares/Third_Party/FreeRTOS/Source/tasks.c **** 	}
 1556              		.loc 1 1532 3 view .LVU425
1533:Middlewares/Third_Party/FreeRTOS/Source/tasks.c **** 
 1557              		.loc 1 1533 2 is_stmt 0 view .LVU426
 1558 0024 10BD     		pop	{r4, pc}
 1559              	.LVL119:
 1560              	.L116:
1527:Middlewares/Third_Party/FreeRTOS/Source/tasks.c **** 			uxReturn = pxTCB->uxPriority;
 1561              		.loc 1 1527 10 discriminator 1 view .LVU427
 1562 0026 014A     		ldr	r2, .L117
 1563 0028 1468     		ldr	r4, [r2]
 1564              	.LVL120:
1527:Middlewares/Third_Party/FreeRTOS/Source/tasks.c **** 			uxReturn = pxTCB->uxPriority;
ARM GAS  C:\Users\subdia\AppData\Local\Temp\ccqYdsij.s 			page 131


 1565              		.loc 1 1527 10 discriminator 1 view .LVU428
 1566 002a F8E7     		b	.L114
 1567              	.L118:
 1568              		.align	2
 1569              	.L117:
 1570 002c 00000000 		.word	pxCurrentTCB
 1571              		.cfi_endproc
 1572              	.LFE12:
 1574              		.section	.text.vTaskPrioritySet,"ax",%progbits
 1575              		.align	1
 1576              		.global	vTaskPrioritySet
 1577              		.syntax unified
 1578              		.thumb
 1579              		.thumb_func
 1581              	vTaskPrioritySet:
 1582              	.LVL121:
 1583              	.LFB13:
1541:Middlewares/Third_Party/FreeRTOS/Source/tasks.c **** 	TCB_t *pxTCB;
 1584              		.loc 1 1541 2 is_stmt 1 view -0
 1585              		.cfi_startproc
 1586              		@ args = 0, pretend = 0, frame = 0
 1587              		@ frame_needed = 0, uses_anonymous_args = 0
1541:Middlewares/Third_Party/FreeRTOS/Source/tasks.c **** 	TCB_t *pxTCB;
 1588              		.loc 1 1541 2 is_stmt 0 view .LVU430
 1589 0000 F8B5     		push	{r3, r4, r5, r6, r7, lr}
 1590              	.LCFI17:
 1591              		.cfi_def_cfa_offset 24
 1592              		.cfi_offset 3, -24
 1593              		.cfi_offset 4, -20
 1594              		.cfi_offset 5, -16
 1595              		.cfi_offset 6, -12
 1596              		.cfi_offset 7, -8
 1597              		.cfi_offset 14, -4
1542:Middlewares/Third_Party/FreeRTOS/Source/tasks.c **** 	UBaseType_t uxCurrentBasePriority, uxPriorityUsedOnEntry;
 1598              		.loc 1 1542 2 is_stmt 1 view .LVU431
1543:Middlewares/Third_Party/FreeRTOS/Source/tasks.c **** 	BaseType_t xYieldRequired = pdFALSE;
 1599              		.loc 1 1543 2 view .LVU432
1544:Middlewares/Third_Party/FreeRTOS/Source/tasks.c **** 
 1600              		.loc 1 1544 2 view .LVU433
 1601              	.LVL122:
1546:Middlewares/Third_Party/FreeRTOS/Source/tasks.c **** 
 1602              		.loc 1 1546 3 view .LVU434
 1603 0002 0629     		cmp	r1, #6
 1604 0004 08D9     		bls	.L120
1546:Middlewares/Third_Party/FreeRTOS/Source/tasks.c **** 
 1605              		.loc 1 1546 3 discriminator 1 view .LVU435
 1606              	.LBB132:
 1607              	.LBI132:
 193:Middlewares/Third_Party/FreeRTOS/Source/portable/GCC/ARM_CM3/portmacro.h **** {
 1608              		.loc 2 193 30 view .LVU436
 1609              	.LBB133:
 195:Middlewares/Third_Party/FreeRTOS/Source/portable/GCC/ARM_CM3/portmacro.h **** 
 1610              		.loc 2 195 1 view .LVU437
 197:Middlewares/Third_Party/FreeRTOS/Source/portable/GCC/ARM_CM3/portmacro.h **** 	(
 1611              		.loc 2 197 2 view .LVU438
 1612              		.syntax unified
 1613              	@ 197 "Middlewares/Third_Party/FreeRTOS/Source/portable/GCC/ARM_CM3/portmacro.h" 1
ARM GAS  C:\Users\subdia\AppData\Local\Temp\ccqYdsij.s 			page 132


 1614 0006 4FF05003 			mov r3, #80												
 1615 000a 83F31188 		msr basepri, r3											
 1616 000e BFF36F8F 		isb														
 1617 0012 BFF34F8F 		dsb														
 1618              	
 1619              	@ 0 "" 2
 1620              		.thumb
 1621              		.syntax unified
 1622              	.L121:
 1623              	.LBE133:
 1624              	.LBE132:
1546:Middlewares/Third_Party/FreeRTOS/Source/tasks.c **** 
 1625              		.loc 1 1546 3 view .LVU439
 1626 0016 FEE7     		b	.L121
 1627              	.L120:
 1628 0018 0546     		mov	r5, r0
 1629 001a 0C46     		mov	r4, r1
1546:Middlewares/Third_Party/FreeRTOS/Source/tasks.c **** 
 1630              		.loc 1 1546 59 view .LVU440
1549:Middlewares/Third_Party/FreeRTOS/Source/tasks.c **** 		{
 1631              		.loc 1 1549 3 view .LVU441
 1632              	.LVL123:
1555:Middlewares/Third_Party/FreeRTOS/Source/tasks.c **** 		}
 1633              		.loc 1 1555 28 view .LVU442
1558:Middlewares/Third_Party/FreeRTOS/Source/tasks.c **** 		{
 1634              		.loc 1 1558 3 view .LVU443
 1635 001c FFF7FEFF 		bl	vPortEnterCritical
 1636              	.LVL124:
1562:Middlewares/Third_Party/FreeRTOS/Source/tasks.c **** 
 1637              		.loc 1 1562 4 view .LVU444
1562:Middlewares/Third_Party/FreeRTOS/Source/tasks.c **** 
 1638              		.loc 1 1562 12 is_stmt 0 view .LVU445
 1639 0020 7DB1     		cbz	r5, .L134
 1640              	.LVL125:
 1641              	.L122:
1564:Middlewares/Third_Party/FreeRTOS/Source/tasks.c **** 
 1642              		.loc 1 1564 50 is_stmt 1 view .LVU446
1568:Middlewares/Third_Party/FreeRTOS/Source/tasks.c **** 			}
 1643              		.loc 1 1568 5 view .LVU447
1568:Middlewares/Third_Party/FreeRTOS/Source/tasks.c **** 			}
 1644              		.loc 1 1568 27 is_stmt 0 view .LVU448
 1645 0022 6B6C     		ldr	r3, [r5, #68]
 1646              	.LVL126:
1576:Middlewares/Third_Party/FreeRTOS/Source/tasks.c **** 			{
 1647              		.loc 1 1576 4 is_stmt 1 view .LVU449
1576:Middlewares/Third_Party/FreeRTOS/Source/tasks.c **** 			{
 1648              		.loc 1 1576 6 is_stmt 0 view .LVU450
 1649 0024 9C42     		cmp	r4, r3
 1650 0026 33D0     		beq	.L123
1580:Middlewares/Third_Party/FreeRTOS/Source/tasks.c **** 				{
 1651              		.loc 1 1580 5 is_stmt 1 view .LVU451
1580:Middlewares/Third_Party/FreeRTOS/Source/tasks.c **** 				{
 1652              		.loc 1 1580 7 is_stmt 0 view .LVU452
 1653 0028 0ED9     		bls	.L124
1582:Middlewares/Third_Party/FreeRTOS/Source/tasks.c **** 					{
 1654              		.loc 1 1582 6 is_stmt 1 view .LVU453
1582:Middlewares/Third_Party/FreeRTOS/Source/tasks.c **** 					{
ARM GAS  C:\Users\subdia\AppData\Local\Temp\ccqYdsij.s 			page 133


 1655              		.loc 1 1582 16 is_stmt 0 view .LVU454
 1656 002a 2E4A     		ldr	r2, .L137
 1657 002c 1268     		ldr	r2, [r2]
1582:Middlewares/Third_Party/FreeRTOS/Source/tasks.c **** 					{
 1658              		.loc 1 1582 8 view .LVU455
 1659 002e AA42     		cmp	r2, r5
 1660 0030 31D0     		beq	.L130
1587:Middlewares/Third_Party/FreeRTOS/Source/tasks.c **** 						{
 1661              		.loc 1 1587 7 is_stmt 1 view .LVU456
1587:Middlewares/Third_Party/FreeRTOS/Source/tasks.c **** 						{
 1662              		.loc 1 1587 40 is_stmt 0 view .LVU457
 1663 0032 2C4A     		ldr	r2, .L137
 1664 0034 1268     		ldr	r2, [r2]
 1665 0036 D26A     		ldr	r2, [r2, #44]
1587:Middlewares/Third_Party/FreeRTOS/Source/tasks.c **** 						{
 1666              		.loc 1 1587 9 view .LVU458
 1667 0038 A242     		cmp	r2, r4
 1668 003a 2FD9     		bls	.L131
1544:Middlewares/Third_Party/FreeRTOS/Source/tasks.c **** 
 1669              		.loc 1 1544 13 view .LVU459
 1670 003c 0022     		movs	r2, #0
 1671 003e 1646     		mov	r6, r2
 1672 0040 08E0     		b	.L125
 1673              	.LVL127:
 1674              	.L134:
1562:Middlewares/Third_Party/FreeRTOS/Source/tasks.c **** 
 1675              		.loc 1 1562 10 discriminator 1 view .LVU460
 1676 0042 284B     		ldr	r3, .L137
 1677 0044 1D68     		ldr	r5, [r3]
 1678              	.LVL128:
1562:Middlewares/Third_Party/FreeRTOS/Source/tasks.c **** 
 1679              		.loc 1 1562 10 discriminator 1 view .LVU461
 1680 0046 ECE7     		b	.L122
 1681              	.LVL129:
 1682              	.L124:
1603:Middlewares/Third_Party/FreeRTOS/Source/tasks.c **** 				{
 1683              		.loc 1 1603 10 is_stmt 1 view .LVU462
1603:Middlewares/Third_Party/FreeRTOS/Source/tasks.c **** 				{
 1684              		.loc 1 1603 20 is_stmt 0 view .LVU463
 1685 0048 264A     		ldr	r2, .L137
 1686 004a 1268     		ldr	r2, [r2]
1603:Middlewares/Third_Party/FreeRTOS/Source/tasks.c **** 				{
 1687              		.loc 1 1603 12 view .LVU464
 1688 004c AA42     		cmp	r2, r5
 1689 004e 28D0     		beq	.L132
1544:Middlewares/Third_Party/FreeRTOS/Source/tasks.c **** 
 1690              		.loc 1 1544 13 view .LVU465
 1691 0050 0022     		movs	r2, #0
 1692 0052 1646     		mov	r6, r2
 1693              	.L125:
 1694              	.LVL130:
1615:Middlewares/Third_Party/FreeRTOS/Source/tasks.c **** 
 1695              		.loc 1 1615 5 is_stmt 1 view .LVU466
1620:Middlewares/Third_Party/FreeRTOS/Source/tasks.c **** 
 1696              		.loc 1 1620 5 view .LVU467
1620:Middlewares/Third_Party/FreeRTOS/Source/tasks.c **** 
 1697              		.loc 1 1620 27 is_stmt 0 view .LVU468
ARM GAS  C:\Users\subdia\AppData\Local\Temp\ccqYdsij.s 			page 134


 1698 0054 EA6A     		ldr	r2, [r5, #44]
 1699 0056 1746     		mov	r7, r2
 1700              	.LVL131:
1626:Middlewares/Third_Party/FreeRTOS/Source/tasks.c **** 					{
 1701              		.loc 1 1626 6 is_stmt 1 view .LVU469
1626:Middlewares/Third_Party/FreeRTOS/Source/tasks.c **** 					{
 1702              		.loc 1 1626 8 is_stmt 0 view .LVU470
 1703 0058 9342     		cmp	r3, r2
 1704 005a 25D0     		beq	.L135
 1705              	.L126:
1632:Middlewares/Third_Party/FreeRTOS/Source/tasks.c **** 					}
 1706              		.loc 1 1632 31 is_stmt 1 view .LVU471
1636:Middlewares/Third_Party/FreeRTOS/Source/tasks.c **** 				}
 1707              		.loc 1 1636 6 view .LVU472
1636:Middlewares/Third_Party/FreeRTOS/Source/tasks.c **** 				}
 1708              		.loc 1 1636 28 is_stmt 0 view .LVU473
 1709 005c 6C64     		str	r4, [r5, #68]
1646:Middlewares/Third_Party/FreeRTOS/Source/tasks.c **** 				{
 1710              		.loc 1 1646 5 is_stmt 1 view .LVU474
1646:Middlewares/Third_Party/FreeRTOS/Source/tasks.c **** 				{
 1711              		.loc 1 1646 11 is_stmt 0 view .LVU475
 1712 005e AB69     		ldr	r3, [r5, #24]
 1713              	.LVL132:
1646:Middlewares/Third_Party/FreeRTOS/Source/tasks.c **** 				{
 1714              		.loc 1 1646 7 view .LVU476
 1715 0060 002B     		cmp	r3, #0
 1716 0062 02DB     		blt	.L127
1648:Middlewares/Third_Party/FreeRTOS/Source/tasks.c **** 				}
 1717              		.loc 1 1648 6 is_stmt 1 view .LVU477
 1718 0064 C4F10704 		rsb	r4, r4, #7
 1719              	.LVL133:
1648:Middlewares/Third_Party/FreeRTOS/Source/tasks.c **** 				}
 1720              		.loc 1 1648 6 is_stmt 0 view .LVU478
 1721 0068 AC61     		str	r4, [r5, #24]
 1722              	.L127:
1652:Middlewares/Third_Party/FreeRTOS/Source/tasks.c **** 				}
 1723              		.loc 1 1652 30 is_stmt 1 view .LVU479
1659:Middlewares/Third_Party/FreeRTOS/Source/tasks.c **** 				{
 1724              		.loc 1 1659 5 view .LVU480
1659:Middlewares/Third_Party/FreeRTOS/Source/tasks.c **** 				{
 1725              		.loc 1 1659 9 is_stmt 0 view .LVU481
 1726 006a 6969     		ldr	r1, [r5, #20]
 1727 006c 07EB8702 		add	r2, r7, r7, lsl #2
 1728              	.LVL134:
1659:Middlewares/Third_Party/FreeRTOS/Source/tasks.c **** 				{
 1729              		.loc 1 1659 9 view .LVU482
 1730 0070 1D4B     		ldr	r3, .L137+4
 1731 0072 03EB8203 		add	r3, r3, r2, lsl #2
1659:Middlewares/Third_Party/FreeRTOS/Source/tasks.c **** 				{
 1732              		.loc 1 1659 7 view .LVU483
 1733 0076 9942     		cmp	r1, r3
 1734 0078 18D0     		beq	.L136
 1735              	.LVL135:
 1736              	.L128:
1679:Middlewares/Third_Party/FreeRTOS/Source/tasks.c **** 				}
 1737              		.loc 1 1679 30 is_stmt 1 view .LVU484
1682:Middlewares/Third_Party/FreeRTOS/Source/tasks.c **** 				{
ARM GAS  C:\Users\subdia\AppData\Local\Temp\ccqYdsij.s 			page 135


 1738              		.loc 1 1682 5 view .LVU485
1682:Middlewares/Third_Party/FreeRTOS/Source/tasks.c **** 				{
 1739              		.loc 1 1682 7 is_stmt 0 view .LVU486
 1740 007a 4EB1     		cbz	r6, .L123
1684:Middlewares/Third_Party/FreeRTOS/Source/tasks.c **** 				}
 1741              		.loc 1 1684 6 is_stmt 1 view .LVU487
 1742 007c 4FF0E023 		mov	r3, #-536813568
 1743 0080 4FF08052 		mov	r2, #268435456
 1744 0084 C3F8042D 		str	r2, [r3, #3332]
1684:Middlewares/Third_Party/FreeRTOS/Source/tasks.c **** 				}
 1745              		.loc 1 1684 6 view .LVU488
 1746              		.syntax unified
 1747              	@ 1684 "Middlewares/Third_Party/FreeRTOS/Source/tasks.c" 1
 1748 0088 BFF34F8F 		dsb
 1749              	@ 0 "" 2
1684:Middlewares/Third_Party/FreeRTOS/Source/tasks.c **** 				}
 1750              		.loc 1 1684 6 view .LVU489
 1751              	@ 1684 "Middlewares/Third_Party/FreeRTOS/Source/tasks.c" 1
 1752 008c BFF36F8F 		isb
 1753              	@ 0 "" 2
1684:Middlewares/Third_Party/FreeRTOS/Source/tasks.c **** 				}
 1754              		.loc 1 1684 37 view .LVU490
 1755              	.LVL136:
 1756              		.thumb
 1757              		.syntax unified
 1758              	.L123:
1688:Middlewares/Third_Party/FreeRTOS/Source/tasks.c **** 				}
 1759              		.loc 1 1688 30 view .LVU491
1693:Middlewares/Third_Party/FreeRTOS/Source/tasks.c **** 			}
 1760              		.loc 1 1693 5 view .LVU492
1696:Middlewares/Third_Party/FreeRTOS/Source/tasks.c **** 	}
 1761              		.loc 1 1696 3 view .LVU493
 1762 0090 FFF7FEFF 		bl	vPortExitCritical
 1763              	.LVL137:
1697:Middlewares/Third_Party/FreeRTOS/Source/tasks.c **** 
 1764              		.loc 1 1697 2 is_stmt 0 view .LVU494
 1765 0094 F8BD     		pop	{r3, r4, r5, r6, r7, pc}
 1766              	.LVL138:
 1767              	.L130:
1544:Middlewares/Third_Party/FreeRTOS/Source/tasks.c **** 
 1768              		.loc 1 1544 13 view .LVU495
 1769 0096 0022     		movs	r2, #0
 1770 0098 1646     		mov	r6, r2
 1771 009a DBE7     		b	.L125
 1772              	.L131:
1589:Middlewares/Third_Party/FreeRTOS/Source/tasks.c **** 						}
 1773              		.loc 1 1589 23 view .LVU496
 1774 009c 0122     		movs	r2, #1
 1775 009e 1646     		mov	r6, r2
 1776 00a0 D8E7     		b	.L125
 1777              	.L132:
1608:Middlewares/Third_Party/FreeRTOS/Source/tasks.c **** 				}
 1778              		.loc 1 1608 21 view .LVU497
 1779 00a2 0122     		movs	r2, #1
 1780 00a4 1646     		mov	r6, r2
 1781 00a6 D5E7     		b	.L125
 1782              	.LVL139:
ARM GAS  C:\Users\subdia\AppData\Local\Temp\ccqYdsij.s 			page 136


 1783              	.L135:
1628:Middlewares/Third_Party/FreeRTOS/Source/tasks.c **** 					}
 1784              		.loc 1 1628 7 is_stmt 1 view .LVU498
1628:Middlewares/Third_Party/FreeRTOS/Source/tasks.c **** 					}
 1785              		.loc 1 1628 25 is_stmt 0 view .LVU499
 1786 00a8 EC62     		str	r4, [r5, #44]
 1787 00aa D7E7     		b	.L126
 1788              	.LVL140:
 1789              	.L136:
1664:Middlewares/Third_Party/FreeRTOS/Source/tasks.c **** 					{
 1790              		.loc 1 1664 6 is_stmt 1 view .LVU500
1664:Middlewares/Third_Party/FreeRTOS/Source/tasks.c **** 					{
 1791              		.loc 1 1664 24 is_stmt 0 view .LVU501
 1792 00ac 2C1D     		adds	r4, r5, #4
1664:Middlewares/Third_Party/FreeRTOS/Source/tasks.c **** 					{
 1793              		.loc 1 1664 10 view .LVU502
 1794 00ae 2046     		mov	r0, r4
 1795 00b0 FFF7FEFF 		bl	uxListRemove
 1796              	.LVL141:
1664:Middlewares/Third_Party/FreeRTOS/Source/tasks.c **** 					{
 1797              		.loc 1 1664 8 discriminator 1 view .LVU503
 1798 00b4 30B9     		cbnz	r0, .L129
1669:Middlewares/Third_Party/FreeRTOS/Source/tasks.c **** 					}
 1799              		.loc 1 1669 7 is_stmt 1 view .LVU504
 1800 00b6 0122     		movs	r2, #1
 1801 00b8 BA40     		lsls	r2, r2, r7
 1802 00ba 0C49     		ldr	r1, .L137+8
 1803 00bc 0B68     		ldr	r3, [r1]
 1804 00be 23EA0203 		bic	r3, r3, r2
 1805 00c2 0B60     		str	r3, [r1]
 1806              	.L129:
1673:Middlewares/Third_Party/FreeRTOS/Source/tasks.c **** 					}
 1807              		.loc 1 1673 31 view .LVU505
1675:Middlewares/Third_Party/FreeRTOS/Source/tasks.c **** 				}
 1808              		.loc 1 1675 6 view .LVU506
1675:Middlewares/Third_Party/FreeRTOS/Source/tasks.c **** 				}
 1809              		.loc 1 1675 6 view .LVU507
 1810 00c4 E86A     		ldr	r0, [r5, #44]
 1811 00c6 0123     		movs	r3, #1
 1812 00c8 8340     		lsls	r3, r3, r0
 1813 00ca 084A     		ldr	r2, .L137+8
 1814 00cc 1168     		ldr	r1, [r2]
 1815 00ce 0B43     		orrs	r3, r3, r1
 1816 00d0 1360     		str	r3, [r2]
1675:Middlewares/Third_Party/FreeRTOS/Source/tasks.c **** 				}
 1817              		.loc 1 1675 6 view .LVU508
 1818 00d2 00EB8000 		add	r0, r0, r0, lsl #2
 1819 00d6 2146     		mov	r1, r4
 1820 00d8 034B     		ldr	r3, .L137+4
 1821 00da 03EB8000 		add	r0, r3, r0, lsl #2
 1822 00de FFF7FEFF 		bl	vListInsertEnd
 1823              	.LVL142:
1675:Middlewares/Third_Party/FreeRTOS/Source/tasks.c **** 				}
 1824              		.loc 1 1675 36 discriminator 1 view .LVU509
 1825 00e2 CAE7     		b	.L128
 1826              	.L138:
 1827              		.align	2
ARM GAS  C:\Users\subdia\AppData\Local\Temp\ccqYdsij.s 			page 137


 1828              	.L137:
 1829 00e4 00000000 		.word	pxCurrentTCB
 1830 00e8 00000000 		.word	pxReadyTasksLists
 1831 00ec 00000000 		.word	uxTopReadyPriority
 1832              		.cfi_endproc
 1833              	.LFE13:
 1835              		.section	.text.vTaskResume,"ax",%progbits
 1836              		.align	1
 1837              		.global	vTaskResume
 1838              		.syntax unified
 1839              		.thumb
 1840              		.thumb_func
 1842              	vTaskResume:
 1843              	.LVL143:
 1844              	.LFB16:
1852:Middlewares/Third_Party/FreeRTOS/Source/tasks.c **** 	TCB_t * const pxTCB = xTaskToResume;
 1845              		.loc 1 1852 2 view -0
 1846              		.cfi_startproc
 1847              		@ args = 0, pretend = 0, frame = 0
 1848              		@ frame_needed = 0, uses_anonymous_args = 0
1852:Middlewares/Third_Party/FreeRTOS/Source/tasks.c **** 	TCB_t * const pxTCB = xTaskToResume;
 1849              		.loc 1 1852 2 is_stmt 0 view .LVU511
 1850 0000 38B5     		push	{r3, r4, r5, lr}
 1851              	.LCFI18:
 1852              		.cfi_def_cfa_offset 16
 1853              		.cfi_offset 3, -16
 1854              		.cfi_offset 4, -12
 1855              		.cfi_offset 5, -8
 1856              		.cfi_offset 14, -4
1853:Middlewares/Third_Party/FreeRTOS/Source/tasks.c **** 
 1857              		.loc 1 1853 2 is_stmt 1 view .LVU512
 1858              	.LVL144:
1856:Middlewares/Third_Party/FreeRTOS/Source/tasks.c **** 
 1859              		.loc 1 1856 3 view .LVU513
 1860 0002 68B1     		cbz	r0, .L145
 1861 0004 0446     		mov	r4, r0
1856:Middlewares/Third_Party/FreeRTOS/Source/tasks.c **** 
 1862              		.loc 1 1856 32 view .LVU514
1860:Middlewares/Third_Party/FreeRTOS/Source/tasks.c **** 		{
 1863              		.loc 1 1860 3 view .LVU515
1860:Middlewares/Third_Party/FreeRTOS/Source/tasks.c **** 		{
 1864              		.loc 1 1860 15 is_stmt 0 view .LVU516
 1865 0006 1D4B     		ldr	r3, .L147
 1866 0008 1B68     		ldr	r3, [r3]
1860:Middlewares/Third_Party/FreeRTOS/Source/tasks.c **** 		{
 1867              		.loc 1 1860 5 view .LVU517
 1868 000a 8342     		cmp	r3, r0
 1869 000c 07D0     		beq	.L139
1862:Middlewares/Third_Party/FreeRTOS/Source/tasks.c **** 			{
 1870              		.loc 1 1862 4 is_stmt 1 view .LVU518
 1871 000e FFF7FEFF 		bl	vPortEnterCritical
 1872              	.LVL145:
1864:Middlewares/Third_Party/FreeRTOS/Source/tasks.c **** 				{
 1873              		.loc 1 1864 5 view .LVU519
1864:Middlewares/Third_Party/FreeRTOS/Source/tasks.c **** 				{
 1874              		.loc 1 1864 9 is_stmt 0 view .LVU520
 1875 0012 2046     		mov	r0, r4
ARM GAS  C:\Users\subdia\AppData\Local\Temp\ccqYdsij.s 			page 138


 1876 0014 FFF7FEFF 		bl	prvTaskIsTaskSuspended
 1877              	.LVL146:
1864:Middlewares/Third_Party/FreeRTOS/Source/tasks.c **** 				{
 1878              		.loc 1 1864 7 discriminator 1 view .LVU521
 1879 0018 58B9     		cbnz	r0, .L146
 1880              	.L143:
1888:Middlewares/Third_Party/FreeRTOS/Source/tasks.c **** 				}
 1881              		.loc 1 1888 30 is_stmt 1 view .LVU522
1891:Middlewares/Third_Party/FreeRTOS/Source/tasks.c **** 		}
 1882              		.loc 1 1891 4 view .LVU523
 1883 001a FFF7FEFF 		bl	vPortExitCritical
 1884              	.LVL147:
1895:Middlewares/Third_Party/FreeRTOS/Source/tasks.c **** 		}
 1885              		.loc 1 1895 28 view .LVU524
 1886              	.L139:
1897:Middlewares/Third_Party/FreeRTOS/Source/tasks.c **** 
 1887              		.loc 1 1897 2 is_stmt 0 view .LVU525
 1888 001e 38BD     		pop	{r3, r4, r5, pc}
 1889              	.LVL148:
 1890              	.L145:
1856:Middlewares/Third_Party/FreeRTOS/Source/tasks.c **** 
 1891              		.loc 1 1856 3 is_stmt 1 discriminator 1 view .LVU526
 1892              	.LBB134:
 1893              	.LBI134:
 193:Middlewares/Third_Party/FreeRTOS/Source/portable/GCC/ARM_CM3/portmacro.h **** {
 1894              		.loc 2 193 30 view .LVU527
 1895              	.LBB135:
 195:Middlewares/Third_Party/FreeRTOS/Source/portable/GCC/ARM_CM3/portmacro.h **** 
 1896              		.loc 2 195 1 view .LVU528
 197:Middlewares/Third_Party/FreeRTOS/Source/portable/GCC/ARM_CM3/portmacro.h **** 	(
 1897              		.loc 2 197 2 view .LVU529
 1898              		.syntax unified
 1899              	@ 197 "Middlewares/Third_Party/FreeRTOS/Source/portable/GCC/ARM_CM3/portmacro.h" 1
 1900 0020 4FF05003 			mov r3, #80												
 1901 0024 83F31188 		msr basepri, r3											
 1902 0028 BFF36F8F 		isb														
 1903 002c BFF34F8F 		dsb														
 1904              	
 1905              	@ 0 "" 2
 1906              		.thumb
 1907              		.syntax unified
 1908              	.L141:
 1909              	.LBE135:
 1910              	.LBE134:
1856:Middlewares/Third_Party/FreeRTOS/Source/tasks.c **** 
 1911              		.loc 1 1856 3 view .LVU530
 1912 0030 FEE7     		b	.L141
 1913              	.LVL149:
 1914              	.L146:
1866:Middlewares/Third_Party/FreeRTOS/Source/tasks.c **** 
 1915              		.loc 1 1866 31 view .LVU531
1870:Middlewares/Third_Party/FreeRTOS/Source/tasks.c **** 					prvAddTaskToReadyList( pxTCB );
 1916              		.loc 1 1870 6 view .LVU532
1870:Middlewares/Third_Party/FreeRTOS/Source/tasks.c **** 					prvAddTaskToReadyList( pxTCB );
 1917              		.loc 1 1870 30 is_stmt 0 view .LVU533
 1918 0032 231D     		adds	r3, r4, #4
 1919 0034 1D46     		mov	r5, r3
ARM GAS  C:\Users\subdia\AppData\Local\Temp\ccqYdsij.s 			page 139


1870:Middlewares/Third_Party/FreeRTOS/Source/tasks.c **** 					prvAddTaskToReadyList( pxTCB );
 1920              		.loc 1 1870 15 view .LVU534
 1921 0036 1846     		mov	r0, r3
 1922 0038 FFF7FEFF 		bl	uxListRemove
 1923              	.LVL150:
1871:Middlewares/Third_Party/FreeRTOS/Source/tasks.c **** 
 1924              		.loc 1 1871 6 is_stmt 1 view .LVU535
1871:Middlewares/Third_Party/FreeRTOS/Source/tasks.c **** 
 1925              		.loc 1 1871 6 view .LVU536
 1926 003c E06A     		ldr	r0, [r4, #44]
 1927 003e 0123     		movs	r3, #1
 1928 0040 8340     		lsls	r3, r3, r0
 1929 0042 0F4A     		ldr	r2, .L147+4
 1930 0044 1168     		ldr	r1, [r2]
 1931 0046 0B43     		orrs	r3, r3, r1
 1932 0048 1360     		str	r3, [r2]
1871:Middlewares/Third_Party/FreeRTOS/Source/tasks.c **** 
 1933              		.loc 1 1871 6 view .LVU537
 1934 004a 00EB8000 		add	r0, r0, r0, lsl #2
 1935 004e 2946     		mov	r1, r5
 1936 0050 0C4B     		ldr	r3, .L147+8
 1937 0052 03EB8000 		add	r0, r3, r0, lsl #2
 1938 0056 FFF7FEFF 		bl	vListInsertEnd
 1939              	.LVL151:
1871:Middlewares/Third_Party/FreeRTOS/Source/tasks.c **** 
 1940              		.loc 1 1871 36 discriminator 1 view .LVU538
1874:Middlewares/Third_Party/FreeRTOS/Source/tasks.c **** 					{
 1941              		.loc 1 1874 6 view .LVU539
1874:Middlewares/Third_Party/FreeRTOS/Source/tasks.c **** 					{
 1942              		.loc 1 1874 15 is_stmt 0 view .LVU540
 1943 005a E26A     		ldr	r2, [r4, #44]
1874:Middlewares/Third_Party/FreeRTOS/Source/tasks.c **** 					{
 1944              		.loc 1 1874 43 view .LVU541
 1945 005c 074B     		ldr	r3, .L147
 1946 005e 1B68     		ldr	r3, [r3]
 1947 0060 DB6A     		ldr	r3, [r3, #44]
1874:Middlewares/Third_Party/FreeRTOS/Source/tasks.c **** 					{
 1948              		.loc 1 1874 8 view .LVU542
 1949 0062 9A42     		cmp	r2, r3
 1950 0064 D9D3     		bcc	.L143
1879:Middlewares/Third_Party/FreeRTOS/Source/tasks.c **** 					}
 1951              		.loc 1 1879 7 is_stmt 1 view .LVU543
 1952 0066 4FF0E023 		mov	r3, #-536813568
 1953 006a 4FF08052 		mov	r2, #268435456
 1954 006e C3F8042D 		str	r2, [r3, #3332]
1879:Middlewares/Third_Party/FreeRTOS/Source/tasks.c **** 					}
 1955              		.loc 1 1879 7 view .LVU544
 1956              		.syntax unified
 1957              	@ 1879 "Middlewares/Third_Party/FreeRTOS/Source/tasks.c" 1
 1958 0072 BFF34F8F 		dsb
 1959              	@ 0 "" 2
1879:Middlewares/Third_Party/FreeRTOS/Source/tasks.c **** 					}
 1960              		.loc 1 1879 7 view .LVU545
 1961              	@ 1879 "Middlewares/Third_Party/FreeRTOS/Source/tasks.c" 1
 1962 0076 BFF36F8F 		isb
 1963              	@ 0 "" 2
1879:Middlewares/Third_Party/FreeRTOS/Source/tasks.c **** 					}
ARM GAS  C:\Users\subdia\AppData\Local\Temp\ccqYdsij.s 			page 140


 1964              		.loc 1 1879 38 view .LVU546
 1965              		.thumb
 1966              		.syntax unified
 1967 007a CEE7     		b	.L143
 1968              	.L148:
 1969              		.align	2
 1970              	.L147:
 1971 007c 00000000 		.word	pxCurrentTCB
 1972 0080 00000000 		.word	uxTopReadyPriority
 1973 0084 00000000 		.word	pxReadyTasksLists
 1974              		.cfi_endproc
 1975              	.LFE16:
 1977              		.section	.text.xTaskResumeFromISR,"ax",%progbits
 1978              		.align	1
 1979              		.global	xTaskResumeFromISR
 1980              		.syntax unified
 1981              		.thumb
 1982              		.thumb_func
 1984              	xTaskResumeFromISR:
 1985              	.LVL152:
 1986              	.LFB17:
1906:Middlewares/Third_Party/FreeRTOS/Source/tasks.c **** 	BaseType_t xYieldRequired = pdFALSE;
 1987              		.loc 1 1906 2 view -0
 1988              		.cfi_startproc
 1989              		@ args = 0, pretend = 0, frame = 0
 1990              		@ frame_needed = 0, uses_anonymous_args = 0
1906:Middlewares/Third_Party/FreeRTOS/Source/tasks.c **** 	BaseType_t xYieldRequired = pdFALSE;
 1991              		.loc 1 1906 2 is_stmt 0 view .LVU548
 1992 0000 F8B5     		push	{r3, r4, r5, r6, r7, lr}
 1993              	.LCFI19:
 1994              		.cfi_def_cfa_offset 24
 1995              		.cfi_offset 3, -24
 1996              		.cfi_offset 4, -20
 1997              		.cfi_offset 5, -16
 1998              		.cfi_offset 6, -12
 1999              		.cfi_offset 7, -8
 2000              		.cfi_offset 14, -4
1907:Middlewares/Third_Party/FreeRTOS/Source/tasks.c **** 	TCB_t * const pxTCB = xTaskToResume;
 2001              		.loc 1 1907 2 is_stmt 1 view .LVU549
 2002              	.LVL153:
1908:Middlewares/Third_Party/FreeRTOS/Source/tasks.c **** 	UBaseType_t uxSavedInterruptStatus;
 2003              		.loc 1 1908 2 view .LVU550
1909:Middlewares/Third_Party/FreeRTOS/Source/tasks.c **** 
 2004              		.loc 1 1909 2 view .LVU551
1911:Middlewares/Third_Party/FreeRTOS/Source/tasks.c **** 
 2005              		.loc 1 1911 3 view .LVU552
 2006 0002 0028     		cmp	r0, #0
 2007 0004 35D0     		beq	.L157
 2008 0006 0446     		mov	r4, r0
1911:Middlewares/Third_Party/FreeRTOS/Source/tasks.c **** 
 2009              		.loc 1 1911 32 view .LVU553
1929:Middlewares/Third_Party/FreeRTOS/Source/tasks.c **** 
 2010              		.loc 1 1929 3 view .LVU554
 2011 0008 FFF7FEFF 		bl	vPortValidateInterruptPriority
 2012              	.LVL154:
1931:Middlewares/Third_Party/FreeRTOS/Source/tasks.c **** 		{
 2013              		.loc 1 1931 3 view .LVU555
ARM GAS  C:\Users\subdia\AppData\Local\Temp\ccqYdsij.s 			page 141


 2014              	.LBB136:
 2015              	.LBI136:
 209:Middlewares/Third_Party/FreeRTOS/Source/portable/GCC/ARM_CM3/portmacro.h **** {
 2016              		.loc 2 209 34 view .LVU556
 2017              	.LBB137:
 211:Middlewares/Third_Party/FreeRTOS/Source/portable/GCC/ARM_CM3/portmacro.h **** 
 2018              		.loc 2 211 1 view .LVU557
 213:Middlewares/Third_Party/FreeRTOS/Source/portable/GCC/ARM_CM3/portmacro.h **** 	(
 2019              		.loc 2 213 2 view .LVU558
 2020              		.syntax unified
 2021              	@ 213 "Middlewares/Third_Party/FreeRTOS/Source/portable/GCC/ARM_CM3/portmacro.h" 1
 2022 000c EFF31183 			mrs r3, basepri											
 2023 0010 4FF05002 		mov r2, #80												
 2024 0014 82F31188 		msr basepri, r2											
 2025 0018 BFF36F8F 		isb														
 2026 001c BFF34F8F 		dsb														
 2027              	
 2028              	@ 0 "" 2
 2029              		.thumb
 2030              		.syntax unified
 2031 0020 1F46     		mov	r7, r3
 225:Middlewares/Third_Party/FreeRTOS/Source/portable/GCC/ARM_CM3/portmacro.h **** }
 2032              		.loc 2 225 2 view .LVU559
 2033              	.LVL155:
 225:Middlewares/Third_Party/FreeRTOS/Source/portable/GCC/ARM_CM3/portmacro.h **** }
 2034              		.loc 2 225 2 is_stmt 0 view .LVU560
 2035              	.LBE137:
 2036              	.LBE136:
1933:Middlewares/Third_Party/FreeRTOS/Source/tasks.c **** 			{
 2037              		.loc 1 1933 4 is_stmt 1 view .LVU561
1933:Middlewares/Third_Party/FreeRTOS/Source/tasks.c **** 			{
 2038              		.loc 1 1933 8 is_stmt 0 view .LVU562
 2039 0022 2046     		mov	r0, r4
 2040 0024 FFF7FEFF 		bl	prvTaskIsTaskSuspended
 2041              	.LVL156:
1933:Middlewares/Third_Party/FreeRTOS/Source/tasks.c **** 			{
 2042              		.loc 1 1933 6 discriminator 1 view .LVU563
 2043 0028 0646     		mov	r6, r0
 2044 002a F0B1     		cbz	r0, .L152
1935:Middlewares/Third_Party/FreeRTOS/Source/tasks.c **** 
 2045              		.loc 1 1935 39 is_stmt 1 view .LVU564
1938:Middlewares/Third_Party/FreeRTOS/Source/tasks.c **** 				{
 2046              		.loc 1 1938 5 view .LVU565
1938:Middlewares/Third_Party/FreeRTOS/Source/tasks.c **** 				{
 2047              		.loc 1 1938 30 is_stmt 0 view .LVU566
 2048 002c 1B4B     		ldr	r3, .L158
 2049 002e 1B68     		ldr	r3, [r3]
1938:Middlewares/Third_Party/FreeRTOS/Source/tasks.c **** 				{
 2050              		.loc 1 1938 7 view .LVU567
 2051 0030 5BBB     		cbnz	r3, .L153
1942:Middlewares/Third_Party/FreeRTOS/Source/tasks.c **** 					{
 2052              		.loc 1 1942 6 is_stmt 1 view .LVU568
1942:Middlewares/Third_Party/FreeRTOS/Source/tasks.c **** 					{
 2053              		.loc 1 1942 15 is_stmt 0 view .LVU569
 2054 0032 E26A     		ldr	r2, [r4, #44]
1942:Middlewares/Third_Party/FreeRTOS/Source/tasks.c **** 					{
 2055              		.loc 1 1942 43 view .LVU570
ARM GAS  C:\Users\subdia\AppData\Local\Temp\ccqYdsij.s 			page 142


 2056 0034 1A4B     		ldr	r3, .L158+4
 2057 0036 1B68     		ldr	r3, [r3]
 2058 0038 DB6A     		ldr	r3, [r3, #44]
1942:Middlewares/Third_Party/FreeRTOS/Source/tasks.c **** 					{
 2059              		.loc 1 1942 8 view .LVU571
 2060 003a 9A42     		cmp	r2, r3
 2061 003c 22D2     		bcs	.L155
1907:Middlewares/Third_Party/FreeRTOS/Source/tasks.c **** 	TCB_t * const pxTCB = xTaskToResume;
 2062              		.loc 1 1907 13 view .LVU572
 2063 003e 0023     		movs	r3, #0
 2064 0040 1E46     		mov	r6, r3
 2065              	.L154:
 2066              	.LVL157:
1948:Middlewares/Third_Party/FreeRTOS/Source/tasks.c **** 					}
 2067              		.loc 1 1948 31 is_stmt 1 view .LVU573
1951:Middlewares/Third_Party/FreeRTOS/Source/tasks.c **** 					prvAddTaskToReadyList( pxTCB );
 2068              		.loc 1 1951 6 view .LVU574
1951:Middlewares/Third_Party/FreeRTOS/Source/tasks.c **** 					prvAddTaskToReadyList( pxTCB );
 2069              		.loc 1 1951 29 is_stmt 0 view .LVU575
 2070 0042 231D     		adds	r3, r4, #4
 2071 0044 1D46     		mov	r5, r3
1951:Middlewares/Third_Party/FreeRTOS/Source/tasks.c **** 					prvAddTaskToReadyList( pxTCB );
 2072              		.loc 1 1951 15 view .LVU576
 2073 0046 1846     		mov	r0, r3
 2074 0048 FFF7FEFF 		bl	uxListRemove
 2075              	.LVL158:
1952:Middlewares/Third_Party/FreeRTOS/Source/tasks.c **** 				}
 2076              		.loc 1 1952 6 is_stmt 1 view .LVU577
1952:Middlewares/Third_Party/FreeRTOS/Source/tasks.c **** 				}
 2077              		.loc 1 1952 6 view .LVU578
 2078 004c E06A     		ldr	r0, [r4, #44]
 2079 004e 0123     		movs	r3, #1
 2080 0050 8340     		lsls	r3, r3, r0
 2081 0052 144A     		ldr	r2, .L158+8
 2082 0054 1168     		ldr	r1, [r2]
 2083 0056 0B43     		orrs	r3, r3, r1
 2084 0058 1360     		str	r3, [r2]
1952:Middlewares/Third_Party/FreeRTOS/Source/tasks.c **** 				}
 2085              		.loc 1 1952 6 view .LVU579
 2086 005a 00EB8000 		add	r0, r0, r0, lsl #2
 2087 005e 2946     		mov	r1, r5
 2088 0060 114B     		ldr	r3, .L158+12
 2089 0062 03EB8000 		add	r0, r3, r0, lsl #2
 2090 0066 FFF7FEFF 		bl	vListInsertEnd
 2091              	.LVL159:
1952:Middlewares/Third_Party/FreeRTOS/Source/tasks.c **** 				}
 2092              		.loc 1 1952 36 discriminator 1 view .LVU580
 2093              	.L152:
1964:Middlewares/Third_Party/FreeRTOS/Source/tasks.c **** 			}
 2094              		.loc 1 1964 29 view .LVU581
1967:Middlewares/Third_Party/FreeRTOS/Source/tasks.c **** 
 2095              		.loc 1 1967 3 view .LVU582
 2096              	.LBB138:
 2097              	.LBI138:
 229:Middlewares/Third_Party/FreeRTOS/Source/portable/GCC/ARM_CM3/portmacro.h **** {
 2098              		.loc 2 229 30 view .LVU583
 2099              	.LBB139:
ARM GAS  C:\Users\subdia\AppData\Local\Temp\ccqYdsij.s 			page 143


 2100              		.loc 2 231 2 view .LVU584
 2101              		.syntax unified
 2102              	@ 231 "Middlewares/Third_Party/FreeRTOS/Source/portable/GCC/ARM_CM3/portmacro.h" 1
 2103 006a 87F31188 			msr basepri, r7	
 2104              	@ 0 "" 2
 2105              		.thumb
 2106              		.syntax unified
 2107              	.LBE139:
 2108              	.LBE138:
1969:Middlewares/Third_Party/FreeRTOS/Source/tasks.c **** 	}
 2109              		.loc 1 1969 3 view .LVU585
1970:Middlewares/Third_Party/FreeRTOS/Source/tasks.c **** 
 2110              		.loc 1 1970 2 is_stmt 0 view .LVU586
 2111 006e 3046     		mov	r0, r6
 2112 0070 F8BD     		pop	{r3, r4, r5, r6, r7, pc}
 2113              	.LVL160:
 2114              	.L157:
1911:Middlewares/Third_Party/FreeRTOS/Source/tasks.c **** 
 2115              		.loc 1 1911 3 is_stmt 1 discriminator 1 view .LVU587
 2116              	.LBB140:
 2117              	.LBI140:
 193:Middlewares/Third_Party/FreeRTOS/Source/portable/GCC/ARM_CM3/portmacro.h **** {
 2118              		.loc 2 193 30 view .LVU588
 2119              	.LBB141:
 195:Middlewares/Third_Party/FreeRTOS/Source/portable/GCC/ARM_CM3/portmacro.h **** 
 2120              		.loc 2 195 1 view .LVU589
 197:Middlewares/Third_Party/FreeRTOS/Source/portable/GCC/ARM_CM3/portmacro.h **** 	(
 2121              		.loc 2 197 2 view .LVU590
 2122              		.syntax unified
 2123              	@ 197 "Middlewares/Third_Party/FreeRTOS/Source/portable/GCC/ARM_CM3/portmacro.h" 1
 2124 0072 4FF05003 			mov r3, #80												
 2125 0076 83F31188 		msr basepri, r3											
 2126 007a BFF36F8F 		isb														
 2127 007e BFF34F8F 		dsb														
 2128              	
 2129              	@ 0 "" 2
 2130              		.thumb
 2131              		.syntax unified
 2132              	.L151:
 2133              	.LBE141:
 2134              	.LBE140:
1911:Middlewares/Third_Party/FreeRTOS/Source/tasks.c **** 
 2135              		.loc 1 1911 3 view .LVU591
 2136 0082 FEE7     		b	.L151
 2137              	.LVL161:
 2138              	.L155:
1944:Middlewares/Third_Party/FreeRTOS/Source/tasks.c **** 					}
 2139              		.loc 1 1944 22 is_stmt 0 view .LVU592
 2140 0084 0123     		movs	r3, #1
 2141 0086 1E46     		mov	r6, r3
 2142 0088 DBE7     		b	.L154
 2143              	.L153:
1959:Middlewares/Third_Party/FreeRTOS/Source/tasks.c **** 				}
 2144              		.loc 1 1959 6 is_stmt 1 view .LVU593
 2145 008a 2146     		mov	r1, r4
 2146 008c 1831     		adds	r1, r1, #24
 2147 008e 0748     		ldr	r0, .L158+16
ARM GAS  C:\Users\subdia\AppData\Local\Temp\ccqYdsij.s 			page 144


 2148 0090 FFF7FEFF 		bl	vListInsertEnd
 2149              	.LVL162:
1907:Middlewares/Third_Party/FreeRTOS/Source/tasks.c **** 	TCB_t * const pxTCB = xTaskToResume;
 2150              		.loc 1 1907 13 is_stmt 0 view .LVU594
 2151 0094 0023     		movs	r3, #0
 2152 0096 1E46     		mov	r6, r3
 2153 0098 E7E7     		b	.L152
 2154              	.L159:
 2155 009a 00BF     		.align	2
 2156              	.L158:
 2157 009c 00000000 		.word	uxSchedulerSuspended
 2158 00a0 00000000 		.word	pxCurrentTCB
 2159 00a4 00000000 		.word	uxTopReadyPriority
 2160 00a8 00000000 		.word	pxReadyTasksLists
 2161 00ac 00000000 		.word	xPendingReadyList
 2162              		.cfi_endproc
 2163              	.LFE17:
 2165              		.section	.rodata.vTaskStartScheduler.str1.4,"aMS",%progbits,1
 2166              		.align	2
 2167              	.LC0:
 2168 0000 49444C45 		.ascii	"IDLE\000"
 2168      00
 2169              		.section	.text.vTaskStartScheduler,"ax",%progbits
 2170              		.align	1
 2171              		.global	vTaskStartScheduler
 2172              		.syntax unified
 2173              		.thumb
 2174              		.thumb_func
 2176              	vTaskStartScheduler:
 2177              	.LFB18:
1976:Middlewares/Third_Party/FreeRTOS/Source/tasks.c **** BaseType_t xReturn;
 2178              		.loc 1 1976 1 is_stmt 1 view -0
 2179              		.cfi_startproc
 2180              		@ args = 0, pretend = 0, frame = 16
 2181              		@ frame_needed = 0, uses_anonymous_args = 0
 2182 0000 10B5     		push	{r4, lr}
 2183              	.LCFI20:
 2184              		.cfi_def_cfa_offset 8
 2185              		.cfi_offset 4, -8
 2186              		.cfi_offset 14, -4
 2187 0002 88B0     		sub	sp, sp, #32
 2188              	.LCFI21:
 2189              		.cfi_def_cfa_offset 40
1977:Middlewares/Third_Party/FreeRTOS/Source/tasks.c **** 
 2190              		.loc 1 1977 1 view .LVU596
 2191              	.LBB142:
1982:Middlewares/Third_Party/FreeRTOS/Source/tasks.c **** 		StackType_t *pxIdleTaskStackBuffer = NULL;
 2192              		.loc 1 1982 3 view .LVU597
1982:Middlewares/Third_Party/FreeRTOS/Source/tasks.c **** 		StackType_t *pxIdleTaskStackBuffer = NULL;
 2193              		.loc 1 1982 17 is_stmt 0 view .LVU598
 2194 0004 0024     		movs	r4, #0
 2195 0006 0594     		str	r4, [sp, #20]
1983:Middlewares/Third_Party/FreeRTOS/Source/tasks.c **** 		uint32_t ulIdleTaskStackSize;
 2196              		.loc 1 1983 3 is_stmt 1 view .LVU599
1983:Middlewares/Third_Party/FreeRTOS/Source/tasks.c **** 		uint32_t ulIdleTaskStackSize;
 2197              		.loc 1 1983 16 is_stmt 0 view .LVU600
 2198 0008 0694     		str	r4, [sp, #24]
ARM GAS  C:\Users\subdia\AppData\Local\Temp\ccqYdsij.s 			page 145


1984:Middlewares/Third_Party/FreeRTOS/Source/tasks.c **** 
 2199              		.loc 1 1984 3 is_stmt 1 view .LVU601
1988:Middlewares/Third_Party/FreeRTOS/Source/tasks.c **** 		xIdleTaskHandle = xTaskCreateStatic(	prvIdleTask,
 2200              		.loc 1 1988 3 view .LVU602
 2201 000a 07AA     		add	r2, sp, #28
 2202 000c 06A9     		add	r1, sp, #24
 2203 000e 05A8     		add	r0, sp, #20
 2204 0010 FFF7FEFF 		bl	vApplicationGetIdleTaskMemory
 2205              	.LVL163:
1989:Middlewares/Third_Party/FreeRTOS/Source/tasks.c **** 												configIDLE_TASK_NAME,
 2206              		.loc 1 1989 3 view .LVU603
1989:Middlewares/Third_Party/FreeRTOS/Source/tasks.c **** 												configIDLE_TASK_NAME,
 2207              		.loc 1 1989 21 is_stmt 0 view .LVU604
 2208 0014 059B     		ldr	r3, [sp, #20]
 2209 0016 0293     		str	r3, [sp, #8]
 2210 0018 069B     		ldr	r3, [sp, #24]
 2211 001a 0193     		str	r3, [sp, #4]
 2212 001c 0094     		str	r4, [sp]
 2213 001e 2346     		mov	r3, r4
 2214 0020 079A     		ldr	r2, [sp, #28]
 2215 0022 0E49     		ldr	r1, .L164
 2216 0024 0E48     		ldr	r0, .L164+4
 2217 0026 FFF7FEFF 		bl	xTaskCreateStatic
 2218              	.LVL164:
1989:Middlewares/Third_Party/FreeRTOS/Source/tasks.c **** 												configIDLE_TASK_NAME,
 2219              		.loc 1 1989 19 discriminator 1 view .LVU605
 2220 002a 0E4B     		ldr	r3, .L164+8
 2221 002c 1860     		str	r0, [r3]
1997:Middlewares/Third_Party/FreeRTOS/Source/tasks.c **** 		{
 2222              		.loc 1 1997 3 is_stmt 1 view .LVU606
1997:Middlewares/Third_Party/FreeRTOS/Source/tasks.c **** 		{
 2223              		.loc 1 1997 5 is_stmt 0 view .LVU607
 2224 002e 90B1     		cbz	r0, .L160
 2225              	.LVL165:
1997:Middlewares/Third_Party/FreeRTOS/Source/tasks.c **** 		{
 2226              		.loc 1 1997 5 view .LVU608
 2227              	.LBE142:
2031:Middlewares/Third_Party/FreeRTOS/Source/tasks.c **** 	{
 2228              		.loc 1 2031 2 is_stmt 1 view .LVU609
2047:Middlewares/Third_Party/FreeRTOS/Source/tasks.c **** 
 2229              		.loc 1 2047 3 view .LVU610
 2230              	.LBB143:
 2231              	.LBI143:
 193:Middlewares/Third_Party/FreeRTOS/Source/portable/GCC/ARM_CM3/portmacro.h **** {
 2232              		.loc 2 193 30 view .LVU611
 2233              	.LBB144:
 195:Middlewares/Third_Party/FreeRTOS/Source/portable/GCC/ARM_CM3/portmacro.h **** 
 2234              		.loc 2 195 1 view .LVU612
 197:Middlewares/Third_Party/FreeRTOS/Source/portable/GCC/ARM_CM3/portmacro.h **** 	(
 2235              		.loc 2 197 2 view .LVU613
 2236              		.syntax unified
 2237              	@ 197 "Middlewares/Third_Party/FreeRTOS/Source/portable/GCC/ARM_CM3/portmacro.h" 1
 2238 0030 4FF05003 			mov r3, #80												
 2239 0034 83F31188 		msr basepri, r3											
 2240 0038 BFF36F8F 		isb														
 2241 003c BFF34F8F 		dsb														
 2242              	
ARM GAS  C:\Users\subdia\AppData\Local\Temp\ccqYdsij.s 			page 146


 2243              	@ 0 "" 2
 2244              		.thumb
 2245              		.syntax unified
 2246              	.LBE144:
 2247              	.LBE143:
2059:Middlewares/Third_Party/FreeRTOS/Source/tasks.c **** 		xSchedulerRunning = pdTRUE;
 2248              		.loc 1 2059 3 view .LVU614
2059:Middlewares/Third_Party/FreeRTOS/Source/tasks.c **** 		xSchedulerRunning = pdTRUE;
 2249              		.loc 1 2059 24 is_stmt 0 view .LVU615
 2250 0040 094B     		ldr	r3, .L164+12
 2251 0042 4FF0FF32 		mov	r2, #-1
 2252 0046 1A60     		str	r2, [r3]
2060:Middlewares/Third_Party/FreeRTOS/Source/tasks.c **** 		xTickCount = ( TickType_t ) configINITIAL_TICK_COUNT;
 2253              		.loc 1 2060 3 is_stmt 1 view .LVU616
2060:Middlewares/Third_Party/FreeRTOS/Source/tasks.c **** 		xTickCount = ( TickType_t ) configINITIAL_TICK_COUNT;
 2254              		.loc 1 2060 21 is_stmt 0 view .LVU617
 2255 0048 084B     		ldr	r3, .L164+16
 2256 004a 0122     		movs	r2, #1
 2257 004c 1A60     		str	r2, [r3]
2061:Middlewares/Third_Party/FreeRTOS/Source/tasks.c **** 
 2258              		.loc 1 2061 3 is_stmt 1 view .LVU618
2061:Middlewares/Third_Party/FreeRTOS/Source/tasks.c **** 
 2259              		.loc 1 2061 14 is_stmt 0 view .LVU619
 2260 004e 084B     		ldr	r3, .L164+20
 2261 0050 1C60     		str	r4, [r3]
2069:Middlewares/Third_Party/FreeRTOS/Source/tasks.c **** 
 2262              		.loc 1 2069 43 is_stmt 1 view .LVU620
2071:Middlewares/Third_Party/FreeRTOS/Source/tasks.c **** 
 2263              		.loc 1 2071 26 view .LVU621
2075:Middlewares/Third_Party/FreeRTOS/Source/tasks.c **** 		{
 2264              		.loc 1 2075 3 view .LVU622
2075:Middlewares/Third_Party/FreeRTOS/Source/tasks.c **** 		{
 2265              		.loc 1 2075 7 is_stmt 0 view .LVU623
 2266 0052 FFF7FEFF 		bl	xPortStartScheduler
 2267              	.LVL166:
2079:Middlewares/Third_Party/FreeRTOS/Source/tasks.c **** 		else
 2268              		.loc 1 2079 3 is_stmt 1 view .LVU624
2083:Middlewares/Third_Party/FreeRTOS/Source/tasks.c **** 	}
 2269              		.loc 1 2083 3 view .LVU625
 2270              	.L160:
2096:Middlewares/Third_Party/FreeRTOS/Source/tasks.c **** /*-----------------------------------------------------------*/
 2271              		.loc 1 2096 1 is_stmt 0 view .LVU626
 2272 0056 08B0     		add	sp, sp, #32
 2273              	.LCFI22:
 2274              		.cfi_def_cfa_offset 8
 2275              		@ sp needed
 2276 0058 10BD     		pop	{r4, pc}
 2277              	.L165:
 2278 005a 00BF     		.align	2
 2279              	.L164:
 2280 005c 00000000 		.word	.LC0
 2281 0060 00000000 		.word	prvIdleTask
 2282 0064 00000000 		.word	xIdleTaskHandle
 2283 0068 00000000 		.word	xNextTaskUnblockTime
 2284 006c 00000000 		.word	xSchedulerRunning
 2285 0070 00000000 		.word	xTickCount
 2286              		.cfi_endproc
ARM GAS  C:\Users\subdia\AppData\Local\Temp\ccqYdsij.s 			page 147


 2287              	.LFE18:
 2289              		.section	.text.vTaskEndScheduler,"ax",%progbits
 2290              		.align	1
 2291              		.global	vTaskEndScheduler
 2292              		.syntax unified
 2293              		.thumb
 2294              		.thumb_func
 2296              	vTaskEndScheduler:
 2297              	.LFB19:
2100:Middlewares/Third_Party/FreeRTOS/Source/tasks.c **** 	/* Stop the scheduler interrupts and call the portable scheduler end
 2298              		.loc 1 2100 1 is_stmt 1 view -0
 2299              		.cfi_startproc
 2300              		@ args = 0, pretend = 0, frame = 0
 2301              		@ frame_needed = 0, uses_anonymous_args = 0
 2302 0000 08B5     		push	{r3, lr}
 2303              	.LCFI23:
 2304              		.cfi_def_cfa_offset 8
 2305              		.cfi_offset 3, -8
 2306              		.cfi_offset 14, -4
2104:Middlewares/Third_Party/FreeRTOS/Source/tasks.c **** 	xSchedulerRunning = pdFALSE;
 2307              		.loc 1 2104 2 view .LVU628
 2308              	.LBB145:
 2309              	.LBI145:
 193:Middlewares/Third_Party/FreeRTOS/Source/portable/GCC/ARM_CM3/portmacro.h **** {
 2310              		.loc 2 193 30 view .LVU629
 2311              	.LBB146:
 195:Middlewares/Third_Party/FreeRTOS/Source/portable/GCC/ARM_CM3/portmacro.h **** 
 2312              		.loc 2 195 1 view .LVU630
 197:Middlewares/Third_Party/FreeRTOS/Source/portable/GCC/ARM_CM3/portmacro.h **** 	(
 2313              		.loc 2 197 2 view .LVU631
 2314              		.syntax unified
 2315              	@ 197 "Middlewares/Third_Party/FreeRTOS/Source/portable/GCC/ARM_CM3/portmacro.h" 1
 2316 0002 4FF05003 			mov r3, #80												
 2317 0006 83F31188 		msr basepri, r3											
 2318 000a BFF36F8F 		isb														
 2319 000e BFF34F8F 		dsb														
 2320              	
 2321              	@ 0 "" 2
 2322              		.thumb
 2323              		.syntax unified
 2324              	.LBE146:
 2325              	.LBE145:
2105:Middlewares/Third_Party/FreeRTOS/Source/tasks.c **** 	vPortEndScheduler();
 2326              		.loc 1 2105 2 view .LVU632
2105:Middlewares/Third_Party/FreeRTOS/Source/tasks.c **** 	vPortEndScheduler();
 2327              		.loc 1 2105 20 is_stmt 0 view .LVU633
 2328 0012 034B     		ldr	r3, .L168
 2329 0014 0022     		movs	r2, #0
 2330 0016 1A60     		str	r2, [r3]
2106:Middlewares/Third_Party/FreeRTOS/Source/tasks.c **** }
 2331              		.loc 1 2106 2 is_stmt 1 view .LVU634
 2332 0018 FFF7FEFF 		bl	vPortEndScheduler
 2333              	.LVL167:
2107:Middlewares/Third_Party/FreeRTOS/Source/tasks.c **** /*----------------------------------------------------------*/
 2334              		.loc 1 2107 1 is_stmt 0 view .LVU635
 2335 001c 08BD     		pop	{r3, pc}
 2336              	.L169:
ARM GAS  C:\Users\subdia\AppData\Local\Temp\ccqYdsij.s 			page 148


 2337 001e 00BF     		.align	2
 2338              	.L168:
 2339 0020 00000000 		.word	xSchedulerRunning
 2340              		.cfi_endproc
 2341              	.LFE19:
 2343              		.section	.text.vTaskSuspendAll,"ax",%progbits
 2344              		.align	1
 2345              		.global	vTaskSuspendAll
 2346              		.syntax unified
 2347              		.thumb
 2348              		.thumb_func
 2350              	vTaskSuspendAll:
 2351              	.LFB20:
2111:Middlewares/Third_Party/FreeRTOS/Source/tasks.c **** 	/* A critical section is not required as the variable is of type
 2352              		.loc 1 2111 1 is_stmt 1 view -0
 2353              		.cfi_startproc
 2354              		@ args = 0, pretend = 0, frame = 0
 2355              		@ frame_needed = 0, uses_anonymous_args = 0
 2356              		@ link register save eliminated.
2119:Middlewares/Third_Party/FreeRTOS/Source/tasks.c **** 
 2357              		.loc 1 2119 24 view .LVU637
2123:Middlewares/Third_Party/FreeRTOS/Source/tasks.c **** 
 2358              		.loc 1 2123 2 view .LVU638
 2359 0000 024A     		ldr	r2, .L171
 2360 0002 1368     		ldr	r3, [r2]
 2361 0004 0133     		adds	r3, r3, #1
 2362 0006 1360     		str	r3, [r2]
2127:Middlewares/Third_Party/FreeRTOS/Source/tasks.c **** }
 2363              		.loc 1 2127 2 view .LVU639
2128:Middlewares/Third_Party/FreeRTOS/Source/tasks.c **** /*----------------------------------------------------------*/
 2364              		.loc 1 2128 1 is_stmt 0 view .LVU640
 2365 0008 7047     		bx	lr
 2366              	.L172:
 2367 000a 00BF     		.align	2
 2368              	.L171:
 2369 000c 00000000 		.word	uxSchedulerSuspended
 2370              		.cfi_endproc
 2371              	.LFE20:
 2373              		.section	.text.xTaskGetTickCount,"ax",%progbits
 2374              		.align	1
 2375              		.global	xTaskGetTickCount
 2376              		.syntax unified
 2377              		.thumb
 2378              		.thumb_func
 2380              	xTaskGetTickCount:
 2381              	.LFB22:
2305:Middlewares/Third_Party/FreeRTOS/Source/tasks.c **** TickType_t xTicks;
 2382              		.loc 1 2305 1 is_stmt 1 view -0
 2383              		.cfi_startproc
 2384              		@ args = 0, pretend = 0, frame = 0
 2385              		@ frame_needed = 0, uses_anonymous_args = 0
 2386              		@ link register save eliminated.
2306:Middlewares/Third_Party/FreeRTOS/Source/tasks.c **** 
 2387              		.loc 1 2306 1 view .LVU642
2309:Middlewares/Third_Party/FreeRTOS/Source/tasks.c **** 	{
 2388              		.loc 1 2309 32 view .LVU643
2311:Middlewares/Third_Party/FreeRTOS/Source/tasks.c **** 	}
ARM GAS  C:\Users\subdia\AppData\Local\Temp\ccqYdsij.s 			page 149


 2389              		.loc 1 2311 3 view .LVU644
2311:Middlewares/Third_Party/FreeRTOS/Source/tasks.c **** 	}
 2390              		.loc 1 2311 10 is_stmt 0 view .LVU645
 2391 0000 014B     		ldr	r3, .L174
 2392 0002 1868     		ldr	r0, [r3]
 2393              	.LVL168:
2313:Middlewares/Third_Party/FreeRTOS/Source/tasks.c **** 
 2394              		.loc 1 2313 31 is_stmt 1 view .LVU646
2315:Middlewares/Third_Party/FreeRTOS/Source/tasks.c **** }
 2395              		.loc 1 2315 2 view .LVU647
2316:Middlewares/Third_Party/FreeRTOS/Source/tasks.c **** /*-----------------------------------------------------------*/
 2396              		.loc 1 2316 1 is_stmt 0 view .LVU648
 2397 0004 7047     		bx	lr
 2398              	.L175:
 2399 0006 00BF     		.align	2
 2400              	.L174:
 2401 0008 00000000 		.word	xTickCount
 2402              		.cfi_endproc
 2403              	.LFE22:
 2405              		.section	.text.xTaskGetTickCountFromISR,"ax",%progbits
 2406              		.align	1
 2407              		.global	xTaskGetTickCountFromISR
 2408              		.syntax unified
 2409              		.thumb
 2410              		.thumb_func
 2412              	xTaskGetTickCountFromISR:
 2413              	.LFB23:
2320:Middlewares/Third_Party/FreeRTOS/Source/tasks.c **** TickType_t xReturn;
 2414              		.loc 1 2320 1 is_stmt 1 view -0
 2415              		.cfi_startproc
 2416              		@ args = 0, pretend = 0, frame = 0
 2417              		@ frame_needed = 0, uses_anonymous_args = 0
 2418 0000 08B5     		push	{r3, lr}
 2419              	.LCFI24:
 2420              		.cfi_def_cfa_offset 8
 2421              		.cfi_offset 3, -8
 2422              		.cfi_offset 14, -4
2321:Middlewares/Third_Party/FreeRTOS/Source/tasks.c **** UBaseType_t uxSavedInterruptStatus;
 2423              		.loc 1 2321 1 view .LVU650
2322:Middlewares/Third_Party/FreeRTOS/Source/tasks.c **** 
 2424              		.loc 1 2322 1 view .LVU651
2338:Middlewares/Third_Party/FreeRTOS/Source/tasks.c **** 
 2425              		.loc 1 2338 2 view .LVU652
 2426 0002 FFF7FEFF 		bl	vPortValidateInterruptPriority
 2427              	.LVL169:
2340:Middlewares/Third_Party/FreeRTOS/Source/tasks.c **** 	{
 2428              		.loc 1 2340 2 view .LVU653
2342:Middlewares/Third_Party/FreeRTOS/Source/tasks.c **** 	}
 2429              		.loc 1 2342 3 view .LVU654
2342:Middlewares/Third_Party/FreeRTOS/Source/tasks.c **** 	}
 2430              		.loc 1 2342 11 is_stmt 0 view .LVU655
 2431 0006 014B     		ldr	r3, .L178
 2432 0008 1868     		ldr	r0, [r3]
 2433              	.LVL170:
2344:Middlewares/Third_Party/FreeRTOS/Source/tasks.c **** 
 2434              		.loc 1 2344 2 is_stmt 1 view .LVU656
2346:Middlewares/Third_Party/FreeRTOS/Source/tasks.c **** }
ARM GAS  C:\Users\subdia\AppData\Local\Temp\ccqYdsij.s 			page 150


 2435              		.loc 1 2346 2 view .LVU657
2347:Middlewares/Third_Party/FreeRTOS/Source/tasks.c **** /*-----------------------------------------------------------*/
 2436              		.loc 1 2347 1 is_stmt 0 view .LVU658
 2437 000a 08BD     		pop	{r3, pc}
 2438              	.L179:
 2439              		.align	2
 2440              	.L178:
 2441 000c 00000000 		.word	xTickCount
 2442              		.cfi_endproc
 2443              	.LFE23:
 2445              		.section	.text.uxTaskGetNumberOfTasks,"ax",%progbits
 2446              		.align	1
 2447              		.global	uxTaskGetNumberOfTasks
 2448              		.syntax unified
 2449              		.thumb
 2450              		.thumb_func
 2452              	uxTaskGetNumberOfTasks:
 2453              	.LFB24:
2351:Middlewares/Third_Party/FreeRTOS/Source/tasks.c **** 	/* A critical section is not required because the variables are of type
 2454              		.loc 1 2351 1 is_stmt 1 view -0
 2455              		.cfi_startproc
 2456              		@ args = 0, pretend = 0, frame = 0
 2457              		@ frame_needed = 0, uses_anonymous_args = 0
 2458              		@ link register save eliminated.
2354:Middlewares/Third_Party/FreeRTOS/Source/tasks.c **** }
 2459              		.loc 1 2354 2 view .LVU660
2354:Middlewares/Third_Party/FreeRTOS/Source/tasks.c **** }
 2460              		.loc 1 2354 9 is_stmt 0 view .LVU661
 2461 0000 014B     		ldr	r3, .L181
 2462 0002 1868     		ldr	r0, [r3]
2355:Middlewares/Third_Party/FreeRTOS/Source/tasks.c **** /*-----------------------------------------------------------*/
 2463              		.loc 1 2355 1 view .LVU662
 2464 0004 7047     		bx	lr
 2465              	.L182:
 2466 0006 00BF     		.align	2
 2467              	.L181:
 2468 0008 00000000 		.word	uxCurrentNumberOfTasks
 2469              		.cfi_endproc
 2470              	.LFE24:
 2472              		.section	.text.pcTaskGetName,"ax",%progbits
 2473              		.align	1
 2474              		.global	pcTaskGetName
 2475              		.syntax unified
 2476              		.thumb
 2477              		.thumb_func
 2479              	pcTaskGetName:
 2480              	.LVL171:
 2481              	.LFB25:
2359:Middlewares/Third_Party/FreeRTOS/Source/tasks.c **** TCB_t *pxTCB;
 2482              		.loc 1 2359 1 is_stmt 1 view -0
 2483              		.cfi_startproc
 2484              		@ args = 0, pretend = 0, frame = 0
 2485              		@ frame_needed = 0, uses_anonymous_args = 0
 2486              		@ link register save eliminated.
2360:Middlewares/Third_Party/FreeRTOS/Source/tasks.c **** 
 2487              		.loc 1 2360 1 view .LVU664
2364:Middlewares/Third_Party/FreeRTOS/Source/tasks.c **** 	configASSERT( pxTCB );
ARM GAS  C:\Users\subdia\AppData\Local\Temp\ccqYdsij.s 			page 151


 2488              		.loc 1 2364 2 view .LVU665
2364:Middlewares/Third_Party/FreeRTOS/Source/tasks.c **** 	configASSERT( pxTCB );
 2489              		.loc 1 2364 10 is_stmt 0 view .LVU666
 2490 0000 0346     		mov	r3, r0
 2491 0002 10B1     		cbz	r0, .L186
 2492              	.LVL172:
 2493              	.L184:
2365:Middlewares/Third_Party/FreeRTOS/Source/tasks.c **** 	return &( pxTCB->pcTaskName[ 0 ] );
 2494              		.loc 1 2365 23 is_stmt 1 view .LVU667
2366:Middlewares/Third_Party/FreeRTOS/Source/tasks.c **** }
 2495              		.loc 1 2366 2 view .LVU668
2367:Middlewares/Third_Party/FreeRTOS/Source/tasks.c **** /*-----------------------------------------------------------*/
 2496              		.loc 1 2367 1 is_stmt 0 view .LVU669
 2497 0004 03F13400 		add	r0, r3, #52
 2498 0008 7047     		bx	lr
 2499              	.LVL173:
 2500              	.L186:
2364:Middlewares/Third_Party/FreeRTOS/Source/tasks.c **** 	configASSERT( pxTCB );
 2501              		.loc 1 2364 8 discriminator 1 view .LVU670
 2502 000a 064B     		ldr	r3, .L187
 2503 000c 1B68     		ldr	r3, [r3]
 2504              	.LVL174:
2365:Middlewares/Third_Party/FreeRTOS/Source/tasks.c **** 	return &( pxTCB->pcTaskName[ 0 ] );
 2505              		.loc 1 2365 2 is_stmt 1 view .LVU671
 2506 000e 002B     		cmp	r3, #0
 2507 0010 F8D1     		bne	.L184
2365:Middlewares/Third_Party/FreeRTOS/Source/tasks.c **** 	return &( pxTCB->pcTaskName[ 0 ] );
 2508              		.loc 1 2365 2 discriminator 1 view .LVU672
 2509              	.LBB147:
 2510              	.LBI147:
 193:Middlewares/Third_Party/FreeRTOS/Source/portable/GCC/ARM_CM3/portmacro.h **** {
 2511              		.loc 2 193 30 view .LVU673
 2512              	.LBB148:
 195:Middlewares/Third_Party/FreeRTOS/Source/portable/GCC/ARM_CM3/portmacro.h **** 
 2513              		.loc 2 195 1 view .LVU674
 197:Middlewares/Third_Party/FreeRTOS/Source/portable/GCC/ARM_CM3/portmacro.h **** 	(
 2514              		.loc 2 197 2 view .LVU675
 2515              		.syntax unified
 2516              	@ 197 "Middlewares/Third_Party/FreeRTOS/Source/portable/GCC/ARM_CM3/portmacro.h" 1
 2517 0012 4FF05003 			mov r3, #80												
 2518 0016 83F31188 		msr basepri, r3											
 2519 001a BFF36F8F 		isb														
 2520 001e BFF34F8F 		dsb														
 2521              	
 2522              	@ 0 "" 2
 2523              	.LVL175:
 2524              		.thumb
 2525              		.syntax unified
 2526              	.L185:
 197:Middlewares/Third_Party/FreeRTOS/Source/portable/GCC/ARM_CM3/portmacro.h **** 	(
 2527              		.loc 2 197 2 is_stmt 0 view .LVU676
 2528              	.LBE148:
 2529              	.LBE147:
2365:Middlewares/Third_Party/FreeRTOS/Source/tasks.c **** 	return &( pxTCB->pcTaskName[ 0 ] );
 2530              		.loc 1 2365 2 is_stmt 1 view .LVU677
 2531 0022 FEE7     		b	.L185
 2532              	.L188:
ARM GAS  C:\Users\subdia\AppData\Local\Temp\ccqYdsij.s 			page 152


 2533              		.align	2
 2534              	.L187:
 2535 0024 00000000 		.word	pxCurrentTCB
 2536              		.cfi_endproc
 2537              	.LFE25:
 2539              		.section	.text.xTaskIncrementTick,"ax",%progbits
 2540              		.align	1
 2541              		.global	xTaskIncrementTick
 2542              		.syntax unified
 2543              		.thumb
 2544              		.thumb_func
 2546              	xTaskIncrementTick:
 2547              	.LFB27:
2708:Middlewares/Third_Party/FreeRTOS/Source/tasks.c **** TCB_t * pxTCB;
 2548              		.loc 1 2708 1 view -0
 2549              		.cfi_startproc
 2550              		@ args = 0, pretend = 0, frame = 0
 2551              		@ frame_needed = 0, uses_anonymous_args = 0
 2552 0000 F8B5     		push	{r3, r4, r5, r6, r7, lr}
 2553              	.LCFI25:
 2554              		.cfi_def_cfa_offset 24
 2555              		.cfi_offset 3, -24
 2556              		.cfi_offset 4, -20
 2557              		.cfi_offset 5, -16
 2558              		.cfi_offset 6, -12
 2559              		.cfi_offset 7, -8
 2560              		.cfi_offset 14, -4
2709:Middlewares/Third_Party/FreeRTOS/Source/tasks.c **** TickType_t xItemValue;
 2561              		.loc 1 2709 1 view .LVU679
2710:Middlewares/Third_Party/FreeRTOS/Source/tasks.c **** BaseType_t xSwitchRequired = pdFALSE;
 2562              		.loc 1 2710 1 view .LVU680
2711:Middlewares/Third_Party/FreeRTOS/Source/tasks.c **** 
 2563              		.loc 1 2711 1 view .LVU681
 2564              	.LVL176:
2716:Middlewares/Third_Party/FreeRTOS/Source/tasks.c **** 	if( uxSchedulerSuspended == ( UBaseType_t ) pdFALSE )
 2565              		.loc 1 2716 40 view .LVU682
2717:Middlewares/Third_Party/FreeRTOS/Source/tasks.c **** 	{
 2566              		.loc 1 2717 2 view .LVU683
2717:Middlewares/Third_Party/FreeRTOS/Source/tasks.c **** 	{
 2567              		.loc 1 2717 27 is_stmt 0 view .LVU684
 2568 0002 3D4B     		ldr	r3, .L210
 2569 0004 1B68     		ldr	r3, [r3]
2717:Middlewares/Third_Party/FreeRTOS/Source/tasks.c **** 	{
 2570              		.loc 1 2717 4 view .LVU685
 2571 0006 002B     		cmp	r3, #0
 2572 0008 6ED1     		bne	.L190
 2573              	.LBB149:
2721:Middlewares/Third_Party/FreeRTOS/Source/tasks.c **** 
 2574              		.loc 1 2721 3 is_stmt 1 view .LVU686
2721:Middlewares/Third_Party/FreeRTOS/Source/tasks.c **** 
 2575              		.loc 1 2721 49 is_stmt 0 view .LVU687
 2576 000a 3C4B     		ldr	r3, .L210+4
 2577 000c 1D68     		ldr	r5, [r3]
2721:Middlewares/Third_Party/FreeRTOS/Source/tasks.c **** 
 2578              		.loc 1 2721 20 view .LVU688
 2579 000e 0135     		adds	r5, r5, #1
 2580              	.LVL177:
ARM GAS  C:\Users\subdia\AppData\Local\Temp\ccqYdsij.s 			page 153


2725:Middlewares/Third_Party/FreeRTOS/Source/tasks.c **** 
 2581              		.loc 1 2725 3 is_stmt 1 view .LVU689
2725:Middlewares/Third_Party/FreeRTOS/Source/tasks.c **** 
 2582              		.loc 1 2725 14 is_stmt 0 view .LVU690
 2583 0010 1D60     		str	r5, [r3]
2727:Middlewares/Third_Party/FreeRTOS/Source/tasks.c **** 		{
 2584              		.loc 1 2727 3 is_stmt 1 view .LVU691
2727:Middlewares/Third_Party/FreeRTOS/Source/tasks.c **** 		{
 2585              		.loc 1 2727 5 is_stmt 0 view .LVU692
 2586 0012 C5B9     		cbnz	r5, .L191
 2587              	.LBB150:
2729:Middlewares/Third_Party/FreeRTOS/Source/tasks.c **** 		}
 2588              		.loc 1 2729 4 is_stmt 1 view .LVU693
2729:Middlewares/Third_Party/FreeRTOS/Source/tasks.c **** 		}
 2589              		.loc 1 2729 4 view .LVU694
 2590 0014 3A4B     		ldr	r3, .L210+8
 2591 0016 1B68     		ldr	r3, [r3]
 2592 0018 1B68     		ldr	r3, [r3]
 2593 001a 43B1     		cbz	r3, .L192
2729:Middlewares/Third_Party/FreeRTOS/Source/tasks.c **** 		}
 2594              		.loc 1 2729 4 discriminator 1 view .LVU695
 2595              	.LBB151:
 2596              	.LBI151:
 193:Middlewares/Third_Party/FreeRTOS/Source/portable/GCC/ARM_CM3/portmacro.h **** {
 2597              		.loc 2 193 30 view .LVU696
 2598              	.LBB152:
 195:Middlewares/Third_Party/FreeRTOS/Source/portable/GCC/ARM_CM3/portmacro.h **** 
 2599              		.loc 2 195 1 view .LVU697
 197:Middlewares/Third_Party/FreeRTOS/Source/portable/GCC/ARM_CM3/portmacro.h **** 	(
 2600              		.loc 2 197 2 view .LVU698
 2601              		.syntax unified
 2602              	@ 197 "Middlewares/Third_Party/FreeRTOS/Source/portable/GCC/ARM_CM3/portmacro.h" 1
 2603 001c 4FF05003 			mov r3, #80												
 2604 0020 83F31188 		msr basepri, r3											
 2605 0024 BFF36F8F 		isb														
 2606 0028 BFF34F8F 		dsb														
 2607              	
 2608              	@ 0 "" 2
 2609              		.thumb
 2610              		.syntax unified
 2611              	.L193:
 2612              	.LBE152:
 2613              	.LBE151:
2729:Middlewares/Third_Party/FreeRTOS/Source/tasks.c **** 		}
 2614              		.loc 1 2729 4 view .LVU699
 2615 002c FEE7     		b	.L193
 2616              	.L192:
2729:Middlewares/Third_Party/FreeRTOS/Source/tasks.c **** 		}
 2617              		.loc 1 2729 4 discriminator 2 view .LVU700
2729:Middlewares/Third_Party/FreeRTOS/Source/tasks.c **** 		}
 2618              		.loc 1 2729 4 discriminator 2 view .LVU701
 2619 002e 344A     		ldr	r2, .L210+8
 2620 0030 1168     		ldr	r1, [r2]
 2621              	.LVL178:
2729:Middlewares/Third_Party/FreeRTOS/Source/tasks.c **** 		}
 2622              		.loc 1 2729 4 view .LVU702
2729:Middlewares/Third_Party/FreeRTOS/Source/tasks.c **** 		}
ARM GAS  C:\Users\subdia\AppData\Local\Temp\ccqYdsij.s 			page 154


 2623              		.loc 1 2729 4 is_stmt 0 discriminator 2 view .LVU703
 2624 0032 344B     		ldr	r3, .L210+12
 2625 0034 1868     		ldr	r0, [r3]
 2626 0036 1060     		str	r0, [r2]
2729:Middlewares/Third_Party/FreeRTOS/Source/tasks.c **** 		}
 2627              		.loc 1 2729 4 is_stmt 1 view .LVU704
2729:Middlewares/Third_Party/FreeRTOS/Source/tasks.c **** 		}
 2628              		.loc 1 2729 4 is_stmt 0 discriminator 2 view .LVU705
 2629 0038 1960     		str	r1, [r3]
2729:Middlewares/Third_Party/FreeRTOS/Source/tasks.c **** 		}
 2630              		.loc 1 2729 4 is_stmt 1 view .LVU706
2729:Middlewares/Third_Party/FreeRTOS/Source/tasks.c **** 		}
 2631              		.loc 1 2729 4 is_stmt 0 discriminator 2 view .LVU707
 2632 003a 334A     		ldr	r2, .L210+16
 2633 003c 1368     		ldr	r3, [r2]
 2634 003e 0133     		adds	r3, r3, #1
 2635 0040 1360     		str	r3, [r2]
2729:Middlewares/Third_Party/FreeRTOS/Source/tasks.c **** 		}
 2636              		.loc 1 2729 4 is_stmt 1 view .LVU708
2729:Middlewares/Third_Party/FreeRTOS/Source/tasks.c **** 		}
 2637              		.loc 1 2729 4 is_stmt 0 discriminator 2 view .LVU709
 2638 0042 FFF7FEFF 		bl	prvResetNextTaskUnblockTime
 2639              	.LVL179:
2729:Middlewares/Third_Party/FreeRTOS/Source/tasks.c **** 		}
 2640              		.loc 1 2729 4 discriminator 2 view .LVU710
 2641              	.LBE150:
2729:Middlewares/Third_Party/FreeRTOS/Source/tasks.c **** 		}
 2642              		.loc 1 2729 30 is_stmt 1 discriminator 4 view .LVU711
 2643              	.L191:
2733:Middlewares/Third_Party/FreeRTOS/Source/tasks.c **** 		}
 2644              		.loc 1 2733 28 view .LVU712
2740:Middlewares/Third_Party/FreeRTOS/Source/tasks.c **** 		{
 2645              		.loc 1 2740 3 view .LVU713
2740:Middlewares/Third_Party/FreeRTOS/Source/tasks.c **** 		{
 2646              		.loc 1 2740 23 is_stmt 0 view .LVU714
 2647 0046 314B     		ldr	r3, .L210+20
 2648 0048 1B68     		ldr	r3, [r3]
2740:Middlewares/Third_Party/FreeRTOS/Source/tasks.c **** 		{
 2649              		.loc 1 2740 5 view .LVU715
 2650 004a AB42     		cmp	r3, r5
 2651 004c 41D9     		bls	.L203
 2652              	.LBE149:
2711:Middlewares/Third_Party/FreeRTOS/Source/tasks.c **** 
 2653              		.loc 1 2711 12 view .LVU716
 2654 004e 0023     		movs	r3, #0
 2655 0050 1F46     		mov	r7, r3
 2656              	.LVL180:
 2657              	.L195:
 2658              	.LBB153:
2823:Middlewares/Third_Party/FreeRTOS/Source/tasks.c **** 			{
 2659              		.loc 1 2823 4 is_stmt 1 view .LVU717
2823:Middlewares/Third_Party/FreeRTOS/Source/tasks.c **** 			{
 2660              		.loc 1 2823 8 is_stmt 0 view .LVU718
 2661 0052 2F4B     		ldr	r3, .L210+24
 2662 0054 1B68     		ldr	r3, [r3]
 2663 0056 DB6A     		ldr	r3, [r3, #44]
 2664 0058 03EB8303 		add	r3, r3, r3, lsl #2
ARM GAS  C:\Users\subdia\AppData\Local\Temp\ccqYdsij.s 			page 155


 2665 005c 9B00     		lsls	r3, r3, #2
 2666 005e 2D4A     		ldr	r2, .L210+28
 2667 0060 D358     		ldr	r3, [r2, r3]
2823:Middlewares/Third_Party/FreeRTOS/Source/tasks.c **** 			{
 2668              		.loc 1 2823 6 view .LVU719
 2669 0062 012B     		cmp	r3, #1
 2670 0064 01D9     		bls	.L201
2825:Middlewares/Third_Party/FreeRTOS/Source/tasks.c **** 			}
 2671              		.loc 1 2825 21 view .LVU720
 2672 0066 0123     		movs	r3, #1
 2673 0068 1F46     		mov	r7, r3
 2674              	.LVL181:
 2675              	.L201:
2829:Middlewares/Third_Party/FreeRTOS/Source/tasks.c **** 			}
 2676              		.loc 1 2829 29 is_stmt 1 view .LVU721
2851:Middlewares/Third_Party/FreeRTOS/Source/tasks.c **** 			{
 2677              		.loc 1 2851 4 view .LVU722
2851:Middlewares/Third_Party/FreeRTOS/Source/tasks.c **** 			{
 2678              		.loc 1 2851 22 is_stmt 0 view .LVU723
 2679 006a 2B4B     		ldr	r3, .L210+32
 2680 006c 1B68     		ldr	r3, [r3]
2851:Middlewares/Third_Party/FreeRTOS/Source/tasks.c **** 			{
 2681              		.loc 1 2851 6 view .LVU724
 2682 006e 002B     		cmp	r3, #0
 2683 0070 40D0     		beq	.L189
2853:Middlewares/Third_Party/FreeRTOS/Source/tasks.c **** 			}
 2684              		.loc 1 2853 21 view .LVU725
 2685 0072 0123     		movs	r3, #1
 2686 0074 1F46     		mov	r7, r3
 2687              	.LVL182:
2853:Middlewares/Third_Party/FreeRTOS/Source/tasks.c **** 			}
 2688              		.loc 1 2853 21 view .LVU726
 2689              	.LBE153:
2875:Middlewares/Third_Party/FreeRTOS/Source/tasks.c **** }
 2690              		.loc 1 2875 2 is_stmt 1 view .LVU727
2875:Middlewares/Third_Party/FreeRTOS/Source/tasks.c **** }
 2691              		.loc 1 2875 9 is_stmt 0 view .LVU728
 2692 0076 3DE0     		b	.L189
 2693              	.LVL183:
 2694              	.L204:
 2695              	.LBB154:
2806:Middlewares/Third_Party/FreeRTOS/Source/tasks.c **** 						}
 2696              		.loc 1 2806 24 view .LVU729
 2697 0078 0123     		movs	r3, #1
 2698 007a 1F46     		mov	r7, r3
 2699              	.LVL184:
 2700              	.L194:
2742:Middlewares/Third_Party/FreeRTOS/Source/tasks.c **** 			{
 2701              		.loc 1 2742 4 is_stmt 1 view .LVU730
2744:Middlewares/Third_Party/FreeRTOS/Source/tasks.c **** 				{
 2702              		.loc 1 2744 5 view .LVU731
2744:Middlewares/Third_Party/FreeRTOS/Source/tasks.c **** 				{
 2703              		.loc 1 2744 9 is_stmt 0 view .LVU732
 2704 007c 204B     		ldr	r3, .L210+8
 2705 007e 1B68     		ldr	r3, [r3]
 2706 0080 1B68     		ldr	r3, [r3]
2744:Middlewares/Third_Party/FreeRTOS/Source/tasks.c **** 				{
ARM GAS  C:\Users\subdia\AppData\Local\Temp\ccqYdsij.s 			page 156


 2707              		.loc 1 2744 7 view .LVU733
 2708 0082 4BB3     		cbz	r3, .L208
2760:Middlewares/Third_Party/FreeRTOS/Source/tasks.c **** 					xItemValue = listGET_LIST_ITEM_VALUE( &( pxTCB->xStateListItem ) );
 2709              		.loc 1 2760 6 is_stmt 1 view .LVU734
2760:Middlewares/Third_Party/FreeRTOS/Source/tasks.c **** 					xItemValue = listGET_LIST_ITEM_VALUE( &( pxTCB->xStateListItem ) );
 2710              		.loc 1 2760 14 is_stmt 0 view .LVU735
 2711 0084 1E4B     		ldr	r3, .L210+8
 2712 0086 1B68     		ldr	r3, [r3]
 2713 0088 DB68     		ldr	r3, [r3, #12]
2760:Middlewares/Third_Party/FreeRTOS/Source/tasks.c **** 					xItemValue = listGET_LIST_ITEM_VALUE( &( pxTCB->xStateListItem ) );
 2714              		.loc 1 2760 12 view .LVU736
 2715 008a DC68     		ldr	r4, [r3, #12]
 2716              	.LVL185:
2761:Middlewares/Third_Party/FreeRTOS/Source/tasks.c **** 
 2717              		.loc 1 2761 6 is_stmt 1 view .LVU737
2761:Middlewares/Third_Party/FreeRTOS/Source/tasks.c **** 
 2718              		.loc 1 2761 17 is_stmt 0 view .LVU738
 2719 008c 6368     		ldr	r3, [r4, #4]
 2720              	.LVL186:
2763:Middlewares/Third_Party/FreeRTOS/Source/tasks.c **** 					{
 2721              		.loc 1 2763 6 is_stmt 1 view .LVU739
2763:Middlewares/Third_Party/FreeRTOS/Source/tasks.c **** 					{
 2722              		.loc 1 2763 8 is_stmt 0 view .LVU740
 2723 008e 9D42     		cmp	r5, r3
 2724 0090 27D3     		bcc	.L209
2775:Middlewares/Third_Party/FreeRTOS/Source/tasks.c **** 					}
 2725              		.loc 1 2775 31 is_stmt 1 view .LVU741
2779:Middlewares/Third_Party/FreeRTOS/Source/tasks.c **** 
 2726              		.loc 1 2779 6 view .LVU742
2779:Middlewares/Third_Party/FreeRTOS/Source/tasks.c **** 
 2727              		.loc 1 2779 29 is_stmt 0 view .LVU743
 2728 0092 261D     		adds	r6, r4, #4
2779:Middlewares/Third_Party/FreeRTOS/Source/tasks.c **** 
 2729              		.loc 1 2779 15 view .LVU744
 2730 0094 3046     		mov	r0, r6
 2731 0096 FFF7FEFF 		bl	uxListRemove
 2732              	.LVL187:
2783:Middlewares/Third_Party/FreeRTOS/Source/tasks.c **** 					{
 2733              		.loc 1 2783 6 is_stmt 1 view .LVU745
2783:Middlewares/Third_Party/FreeRTOS/Source/tasks.c **** 					{
 2734              		.loc 1 2783 10 is_stmt 0 view .LVU746
 2735 009a A36A     		ldr	r3, [r4, #40]
2783:Middlewares/Third_Party/FreeRTOS/Source/tasks.c **** 					{
 2736              		.loc 1 2783 8 view .LVU747
 2737 009c 1BB1     		cbz	r3, .L198
2785:Middlewares/Third_Party/FreeRTOS/Source/tasks.c **** 					}
 2738              		.loc 1 2785 7 is_stmt 1 view .LVU748
2785:Middlewares/Third_Party/FreeRTOS/Source/tasks.c **** 					}
 2739              		.loc 1 2785 16 is_stmt 0 view .LVU749
 2740 009e 04F11800 		add	r0, r4, #24
 2741 00a2 FFF7FEFF 		bl	uxListRemove
 2742              	.LVL188:
 2743              	.L198:
2789:Middlewares/Third_Party/FreeRTOS/Source/tasks.c **** 					}
 2744              		.loc 1 2789 31 is_stmt 1 view .LVU750
2794:Middlewares/Third_Party/FreeRTOS/Source/tasks.c **** 
 2745              		.loc 1 2794 6 view .LVU751
ARM GAS  C:\Users\subdia\AppData\Local\Temp\ccqYdsij.s 			page 157


2794:Middlewares/Third_Party/FreeRTOS/Source/tasks.c **** 
 2746              		.loc 1 2794 6 view .LVU752
 2747 00a6 E06A     		ldr	r0, [r4, #44]
 2748 00a8 0123     		movs	r3, #1
 2749 00aa 8340     		lsls	r3, r3, r0
 2750 00ac 1B4A     		ldr	r2, .L210+36
 2751 00ae 1168     		ldr	r1, [r2]
 2752 00b0 0B43     		orrs	r3, r3, r1
 2753 00b2 1360     		str	r3, [r2]
2794:Middlewares/Third_Party/FreeRTOS/Source/tasks.c **** 
 2754              		.loc 1 2794 6 view .LVU753
 2755 00b4 00EB8000 		add	r0, r0, r0, lsl #2
 2756 00b8 3146     		mov	r1, r6
 2757 00ba 164B     		ldr	r3, .L210+28
 2758 00bc 03EB8000 		add	r0, r3, r0, lsl #2
 2759 00c0 FFF7FEFF 		bl	vListInsertEnd
 2760              	.LVL189:
2794:Middlewares/Third_Party/FreeRTOS/Source/tasks.c **** 
 2761              		.loc 1 2794 36 discriminator 1 view .LVU754
2804:Middlewares/Third_Party/FreeRTOS/Source/tasks.c **** 						{
 2762              		.loc 1 2804 7 view .LVU755
2804:Middlewares/Third_Party/FreeRTOS/Source/tasks.c **** 						{
 2763              		.loc 1 2804 16 is_stmt 0 view .LVU756
 2764 00c4 E26A     		ldr	r2, [r4, #44]
2804:Middlewares/Third_Party/FreeRTOS/Source/tasks.c **** 						{
 2765              		.loc 1 2804 44 view .LVU757
 2766 00c6 124B     		ldr	r3, .L210+24
 2767 00c8 1B68     		ldr	r3, [r3]
 2768 00ca DB6A     		ldr	r3, [r3, #44]
2804:Middlewares/Third_Party/FreeRTOS/Source/tasks.c **** 						{
 2769              		.loc 1 2804 9 view .LVU758
 2770 00cc 9A42     		cmp	r2, r3
 2771 00ce D3D2     		bcs	.L204
 2772 00d0 D4E7     		b	.L194
 2773              	.LVL190:
 2774              	.L203:
2804:Middlewares/Third_Party/FreeRTOS/Source/tasks.c **** 						{
 2775              		.loc 1 2804 9 view .LVU759
 2776              	.LBE154:
2711:Middlewares/Third_Party/FreeRTOS/Source/tasks.c **** 
 2777              		.loc 1 2711 12 view .LVU760
 2778 00d2 0023     		movs	r3, #0
 2779 00d4 1F46     		mov	r7, r3
 2780 00d6 D1E7     		b	.L194
 2781              	.LVL191:
 2782              	.L208:
 2783              	.LBB155:
2751:Middlewares/Third_Party/FreeRTOS/Source/tasks.c **** 					break;
 2784              		.loc 1 2751 6 is_stmt 1 view .LVU761
2751:Middlewares/Third_Party/FreeRTOS/Source/tasks.c **** 					break;
 2785              		.loc 1 2751 27 is_stmt 0 view .LVU762
 2786 00d8 0C4B     		ldr	r3, .L210+20
 2787 00da 4FF0FF32 		mov	r2, #-1
 2788 00de 1A60     		str	r2, [r3]
2752:Middlewares/Third_Party/FreeRTOS/Source/tasks.c **** 				}
 2789              		.loc 1 2752 6 is_stmt 1 view .LVU763
 2790 00e0 B7E7     		b	.L195
ARM GAS  C:\Users\subdia\AppData\Local\Temp\ccqYdsij.s 			page 158


 2791              	.LVL192:
 2792              	.L209:
2770:Middlewares/Third_Party/FreeRTOS/Source/tasks.c **** 						break; /*lint !e9011 Code structure here is deedmed easier to understand with multiple breaks
 2793              		.loc 1 2770 7 view .LVU764
2770:Middlewares/Third_Party/FreeRTOS/Source/tasks.c **** 						break; /*lint !e9011 Code structure here is deedmed easier to understand with multiple breaks
 2794              		.loc 1 2770 28 is_stmt 0 view .LVU765
 2795 00e2 0A4A     		ldr	r2, .L210+20
 2796 00e4 1360     		str	r3, [r2]
2771:Middlewares/Third_Party/FreeRTOS/Source/tasks.c **** 					}
 2797              		.loc 1 2771 7 is_stmt 1 view .LVU766
 2798 00e6 B4E7     		b	.L195
 2799              	.LVL193:
 2800              	.L190:
2771:Middlewares/Third_Party/FreeRTOS/Source/tasks.c **** 					}
 2801              		.loc 1 2771 7 is_stmt 0 view .LVU767
 2802              	.LBE155:
2864:Middlewares/Third_Party/FreeRTOS/Source/tasks.c **** 
 2803              		.loc 1 2864 3 is_stmt 1 view .LVU768
 2804 00e8 0D4A     		ldr	r2, .L210+40
 2805 00ea 1368     		ldr	r3, [r2]
 2806 00ec 0133     		adds	r3, r3, #1
 2807 00ee 1360     		str	r3, [r2]
2711:Middlewares/Third_Party/FreeRTOS/Source/tasks.c **** 
 2808              		.loc 1 2711 12 is_stmt 0 view .LVU769
 2809 00f0 0023     		movs	r3, #0
 2810 00f2 1F46     		mov	r7, r3
 2811              	.LVL194:
 2812              	.L189:
2876:Middlewares/Third_Party/FreeRTOS/Source/tasks.c **** /*-----------------------------------------------------------*/
 2813              		.loc 1 2876 1 view .LVU770
 2814 00f4 3846     		mov	r0, r7
 2815 00f6 F8BD     		pop	{r3, r4, r5, r6, r7, pc}
 2816              	.L211:
 2817              		.align	2
 2818              	.L210:
 2819 00f8 00000000 		.word	uxSchedulerSuspended
 2820 00fc 00000000 		.word	xTickCount
 2821 0100 00000000 		.word	pxDelayedTaskList
 2822 0104 00000000 		.word	pxOverflowDelayedTaskList
 2823 0108 00000000 		.word	xNumOfOverflows
 2824 010c 00000000 		.word	xNextTaskUnblockTime
 2825 0110 00000000 		.word	pxCurrentTCB
 2826 0114 00000000 		.word	pxReadyTasksLists
 2827 0118 00000000 		.word	xYieldPending
 2828 011c 00000000 		.word	uxTopReadyPriority
 2829 0120 00000000 		.word	xPendedTicks
 2830              		.cfi_endproc
 2831              	.LFE27:
 2833              		.section	.text.xTaskResumeAll,"ax",%progbits
 2834              		.align	1
 2835              		.global	xTaskResumeAll
 2836              		.syntax unified
 2837              		.thumb
 2838              		.thumb_func
 2840              	xTaskResumeAll:
 2841              	.LFB21:
2195:Middlewares/Third_Party/FreeRTOS/Source/tasks.c **** TCB_t *pxTCB = NULL;
ARM GAS  C:\Users\subdia\AppData\Local\Temp\ccqYdsij.s 			page 159


 2842              		.loc 1 2195 1 is_stmt 1 view -0
 2843              		.cfi_startproc
 2844              		@ args = 0, pretend = 0, frame = 0
 2845              		@ frame_needed = 0, uses_anonymous_args = 0
 2846 0000 38B5     		push	{r3, r4, r5, lr}
 2847              	.LCFI26:
 2848              		.cfi_def_cfa_offset 16
 2849              		.cfi_offset 3, -16
 2850              		.cfi_offset 4, -12
 2851              		.cfi_offset 5, -8
 2852              		.cfi_offset 14, -4
2196:Middlewares/Third_Party/FreeRTOS/Source/tasks.c **** BaseType_t xAlreadyYielded = pdFALSE;
 2853              		.loc 1 2196 1 view .LVU772
 2854              	.LVL195:
2197:Middlewares/Third_Party/FreeRTOS/Source/tasks.c **** 
 2855              		.loc 1 2197 1 view .LVU773
2201:Middlewares/Third_Party/FreeRTOS/Source/tasks.c **** 
 2856              		.loc 1 2201 2 view .LVU774
 2857 0002 354B     		ldr	r3, .L228
 2858 0004 1B68     		ldr	r3, [r3]
 2859 0006 43B9     		cbnz	r3, .L213
2201:Middlewares/Third_Party/FreeRTOS/Source/tasks.c **** 
 2860              		.loc 1 2201 2 discriminator 1 view .LVU775
 2861              	.LBB156:
 2862              	.LBI156:
 193:Middlewares/Third_Party/FreeRTOS/Source/portable/GCC/ARM_CM3/portmacro.h **** {
 2863              		.loc 2 193 30 view .LVU776
 2864              	.LBB157:
 195:Middlewares/Third_Party/FreeRTOS/Source/portable/GCC/ARM_CM3/portmacro.h **** 
 2865              		.loc 2 195 1 view .LVU777
 197:Middlewares/Third_Party/FreeRTOS/Source/portable/GCC/ARM_CM3/portmacro.h **** 	(
 2866              		.loc 2 197 2 view .LVU778
 2867              		.syntax unified
 2868              	@ 197 "Middlewares/Third_Party/FreeRTOS/Source/portable/GCC/ARM_CM3/portmacro.h" 1
 2869 0008 4FF05003 			mov r3, #80												
 2870 000c 83F31188 		msr basepri, r3											
 2871 0010 BFF36F8F 		isb														
 2872 0014 BFF34F8F 		dsb														
 2873              	
 2874              	@ 0 "" 2
 2875              		.thumb
 2876              		.syntax unified
 2877              	.L214:
 2878              	.LBE157:
 2879              	.LBE156:
2201:Middlewares/Third_Party/FreeRTOS/Source/tasks.c **** 
 2880              		.loc 1 2201 2 view .LVU779
 2881 0018 FEE7     		b	.L214
 2882              	.L213:
2201:Middlewares/Third_Party/FreeRTOS/Source/tasks.c **** 
 2883              		.loc 1 2201 38 view .LVU780
2208:Middlewares/Third_Party/FreeRTOS/Source/tasks.c **** 	{
 2884              		.loc 1 2208 2 view .LVU781
 2885 001a FFF7FEFF 		bl	vPortEnterCritical
 2886              	.LVL196:
2210:Middlewares/Third_Party/FreeRTOS/Source/tasks.c **** 
 2887              		.loc 1 2210 3 view .LVU782
ARM GAS  C:\Users\subdia\AppData\Local\Temp\ccqYdsij.s 			page 160


 2888 001e 2E4B     		ldr	r3, .L228
 2889 0020 1A68     		ldr	r2, [r3]
 2890 0022 013A     		subs	r2, r2, #1
 2891 0024 1A60     		str	r2, [r3]
2212:Middlewares/Third_Party/FreeRTOS/Source/tasks.c **** 		{
 2892              		.loc 1 2212 3 view .LVU783
2212:Middlewares/Third_Party/FreeRTOS/Source/tasks.c **** 		{
 2893              		.loc 1 2212 28 is_stmt 0 view .LVU784
 2894 0026 1B68     		ldr	r3, [r3]
2212:Middlewares/Third_Party/FreeRTOS/Source/tasks.c **** 		{
 2895              		.loc 1 2212 5 view .LVU785
 2896 0028 002B     		cmp	r3, #0
 2897 002a 4FD1     		bne	.L223
2214:Middlewares/Third_Party/FreeRTOS/Source/tasks.c **** 			{
 2898              		.loc 1 2214 4 is_stmt 1 view .LVU786
2214:Middlewares/Third_Party/FreeRTOS/Source/tasks.c **** 			{
 2899              		.loc 1 2214 31 is_stmt 0 view .LVU787
 2900 002c 2B4B     		ldr	r3, .L228+4
 2901 002e 1B68     		ldr	r3, [r3]
2214:Middlewares/Third_Party/FreeRTOS/Source/tasks.c **** 			{
 2902              		.loc 1 2214 6 view .LVU788
 2903 0030 0BB9     		cbnz	r3, .L224
2197:Middlewares/Third_Party/FreeRTOS/Source/tasks.c **** 
 2904              		.loc 1 2197 12 view .LVU789
 2905 0032 1C46     		mov	r4, r3
 2906 0034 4BE0     		b	.L215
 2907              	.L224:
2196:Middlewares/Third_Party/FreeRTOS/Source/tasks.c **** BaseType_t xAlreadyYielded = pdFALSE;
 2908              		.loc 1 2196 8 view .LVU790
 2909 0036 0024     		movs	r4, #0
 2910              	.LVL197:
 2911              	.L216:
2233:Middlewares/Third_Party/FreeRTOS/Source/tasks.c **** 					}
 2912              		.loc 1 2233 31 is_stmt 1 view .LVU791
2218:Middlewares/Third_Party/FreeRTOS/Source/tasks.c **** 				{
 2913              		.loc 1 2218 52 view .LVU792
2218:Middlewares/Third_Party/FreeRTOS/Source/tasks.c **** 				{
 2914              		.loc 1 2218 12 is_stmt 0 view .LVU793
 2915 0038 294B     		ldr	r3, .L228+8
 2916 003a 1B68     		ldr	r3, [r3]
2218:Middlewares/Third_Party/FreeRTOS/Source/tasks.c **** 				{
 2917              		.loc 1 2218 52 view .LVU794
 2918 003c 1BB3     		cbz	r3, .L226
2220:Middlewares/Third_Party/FreeRTOS/Source/tasks.c **** 					( void ) uxListRemove( &( pxTCB->xEventListItem ) );
 2919              		.loc 1 2220 6 is_stmt 1 view .LVU795
2220:Middlewares/Third_Party/FreeRTOS/Source/tasks.c **** 					( void ) uxListRemove( &( pxTCB->xEventListItem ) );
 2920              		.loc 1 2220 14 is_stmt 0 view .LVU796
 2921 003e 284B     		ldr	r3, .L228+8
 2922 0040 DB68     		ldr	r3, [r3, #12]
2220:Middlewares/Third_Party/FreeRTOS/Source/tasks.c **** 					( void ) uxListRemove( &( pxTCB->xEventListItem ) );
 2923              		.loc 1 2220 12 view .LVU797
 2924 0042 DC68     		ldr	r4, [r3, #12]
 2925              	.LVL198:
2221:Middlewares/Third_Party/FreeRTOS/Source/tasks.c **** 					( void ) uxListRemove( &( pxTCB->xStateListItem ) );
 2926              		.loc 1 2221 6 is_stmt 1 view .LVU798
2221:Middlewares/Third_Party/FreeRTOS/Source/tasks.c **** 					( void ) uxListRemove( &( pxTCB->xStateListItem ) );
 2927              		.loc 1 2221 15 is_stmt 0 view .LVU799
ARM GAS  C:\Users\subdia\AppData\Local\Temp\ccqYdsij.s 			page 161


 2928 0044 04F11800 		add	r0, r4, #24
 2929 0048 FFF7FEFF 		bl	uxListRemove
 2930              	.LVL199:
2222:Middlewares/Third_Party/FreeRTOS/Source/tasks.c **** 					prvAddTaskToReadyList( pxTCB );
 2931              		.loc 1 2222 6 is_stmt 1 view .LVU800
2222:Middlewares/Third_Party/FreeRTOS/Source/tasks.c **** 					prvAddTaskToReadyList( pxTCB );
 2932              		.loc 1 2222 29 is_stmt 0 view .LVU801
 2933 004c 251D     		adds	r5, r4, #4
2222:Middlewares/Third_Party/FreeRTOS/Source/tasks.c **** 					prvAddTaskToReadyList( pxTCB );
 2934              		.loc 1 2222 15 view .LVU802
 2935 004e 2846     		mov	r0, r5
 2936 0050 FFF7FEFF 		bl	uxListRemove
 2937              	.LVL200:
2223:Middlewares/Third_Party/FreeRTOS/Source/tasks.c **** 
 2938              		.loc 1 2223 6 is_stmt 1 view .LVU803
2223:Middlewares/Third_Party/FreeRTOS/Source/tasks.c **** 
 2939              		.loc 1 2223 6 view .LVU804
 2940 0054 E06A     		ldr	r0, [r4, #44]
 2941 0056 0123     		movs	r3, #1
 2942 0058 8340     		lsls	r3, r3, r0
 2943 005a 224A     		ldr	r2, .L228+12
 2944 005c 1168     		ldr	r1, [r2]
 2945 005e 0B43     		orrs	r3, r3, r1
 2946 0060 1360     		str	r3, [r2]
2223:Middlewares/Third_Party/FreeRTOS/Source/tasks.c **** 
 2947              		.loc 1 2223 6 view .LVU805
 2948 0062 00EB8000 		add	r0, r0, r0, lsl #2
 2949 0066 2946     		mov	r1, r5
 2950 0068 1F4B     		ldr	r3, .L228+16
 2951 006a 03EB8000 		add	r0, r3, r0, lsl #2
 2952 006e FFF7FEFF 		bl	vListInsertEnd
 2953              	.LVL201:
2223:Middlewares/Third_Party/FreeRTOS/Source/tasks.c **** 
 2954              		.loc 1 2223 36 discriminator 1 view .LVU806
2227:Middlewares/Third_Party/FreeRTOS/Source/tasks.c **** 					{
 2955              		.loc 1 2227 6 view .LVU807
2227:Middlewares/Third_Party/FreeRTOS/Source/tasks.c **** 					{
 2956              		.loc 1 2227 15 is_stmt 0 view .LVU808
 2957 0072 E26A     		ldr	r2, [r4, #44]
2227:Middlewares/Third_Party/FreeRTOS/Source/tasks.c **** 					{
 2958              		.loc 1 2227 43 view .LVU809
 2959 0074 1D4B     		ldr	r3, .L228+20
 2960 0076 1B68     		ldr	r3, [r3]
 2961 0078 DB6A     		ldr	r3, [r3, #44]
2227:Middlewares/Third_Party/FreeRTOS/Source/tasks.c **** 					{
 2962              		.loc 1 2227 8 view .LVU810
 2963 007a 9A42     		cmp	r2, r3
 2964 007c DCD3     		bcc	.L216
2229:Middlewares/Third_Party/FreeRTOS/Source/tasks.c **** 					}
 2965              		.loc 1 2229 7 is_stmt 1 view .LVU811
2229:Middlewares/Third_Party/FreeRTOS/Source/tasks.c **** 					}
 2966              		.loc 1 2229 21 is_stmt 0 view .LVU812
 2967 007e 1C4B     		ldr	r3, .L228+24
 2968 0080 0122     		movs	r2, #1
 2969 0082 1A60     		str	r2, [r3]
 2970 0084 D8E7     		b	.L216
 2971              	.L226:
ARM GAS  C:\Users\subdia\AppData\Local\Temp\ccqYdsij.s 			page 162


2237:Middlewares/Third_Party/FreeRTOS/Source/tasks.c **** 				{
 2972              		.loc 1 2237 5 is_stmt 1 view .LVU813
2237:Middlewares/Third_Party/FreeRTOS/Source/tasks.c **** 				{
 2973              		.loc 1 2237 7 is_stmt 0 view .LVU814
 2974 0086 0CB1     		cbz	r4, .L219
2245:Middlewares/Third_Party/FreeRTOS/Source/tasks.c **** 				}
 2975              		.loc 1 2245 6 is_stmt 1 view .LVU815
 2976 0088 FFF7FEFF 		bl	prvResetNextTaskUnblockTime
 2977              	.LVL202:
 2978              	.L219:
 2979              	.LBB158:
2253:Middlewares/Third_Party/FreeRTOS/Source/tasks.c **** 
 2980              		.loc 1 2253 6 view .LVU816
2253:Middlewares/Third_Party/FreeRTOS/Source/tasks.c **** 
 2981              		.loc 1 2253 17 is_stmt 0 view .LVU817
 2982 008c 194B     		ldr	r3, .L228+28
 2983 008e 1C68     		ldr	r4, [r3]
 2984              	.LVL203:
2255:Middlewares/Third_Party/FreeRTOS/Source/tasks.c **** 					{
 2985              		.loc 1 2255 6 is_stmt 1 view .LVU818
2255:Middlewares/Third_Party/FreeRTOS/Source/tasks.c **** 					{
 2986              		.loc 1 2255 8 is_stmt 0 view .LVU819
 2987 0090 84B9     		cbnz	r4, .L222
 2988              	.L220:
2274:Middlewares/Third_Party/FreeRTOS/Source/tasks.c **** 					}
 2989              		.loc 1 2274 31 is_stmt 1 view .LVU820
 2990              	.LBE158:
2278:Middlewares/Third_Party/FreeRTOS/Source/tasks.c **** 				{
 2991              		.loc 1 2278 5 view .LVU821
2278:Middlewares/Third_Party/FreeRTOS/Source/tasks.c **** 				{
 2992              		.loc 1 2278 23 is_stmt 0 view .LVU822
 2993 0092 174B     		ldr	r3, .L228+24
 2994 0094 1C68     		ldr	r4, [r3]
 2995              	.LVL204:
2278:Middlewares/Third_Party/FreeRTOS/Source/tasks.c **** 				{
 2996              		.loc 1 2278 7 view .LVU823
 2997 0096 D4B1     		cbz	r4, .L215
2282:Middlewares/Third_Party/FreeRTOS/Source/tasks.c **** 					}
 2998              		.loc 1 2282 7 is_stmt 1 view .LVU824
 2999              	.LVL205:
2285:Middlewares/Third_Party/FreeRTOS/Source/tasks.c **** 				}
 3000              		.loc 1 2285 6 view .LVU825
 3001 0098 4FF0E023 		mov	r3, #-536813568
 3002 009c 4FF08052 		mov	r2, #268435456
 3003 00a0 C3F8042D 		str	r2, [r3, #3332]
2285:Middlewares/Third_Party/FreeRTOS/Source/tasks.c **** 				}
 3004              		.loc 1 2285 6 view .LVU826
 3005              		.syntax unified
 3006              	@ 2285 "Middlewares/Third_Party/FreeRTOS/Source/tasks.c" 1
 3007 00a4 BFF34F8F 		dsb
 3008              	@ 0 "" 2
2285:Middlewares/Third_Party/FreeRTOS/Source/tasks.c **** 				}
 3009              		.loc 1 2285 6 view .LVU827
 3010              	@ 2285 "Middlewares/Third_Party/FreeRTOS/Source/tasks.c" 1
 3011 00a8 BFF36F8F 		isb
 3012              	@ 0 "" 2
2285:Middlewares/Third_Party/FreeRTOS/Source/tasks.c **** 				}
ARM GAS  C:\Users\subdia\AppData\Local\Temp\ccqYdsij.s 			page 163


 3013              		.loc 1 2285 37 view .LVU828
2282:Middlewares/Third_Party/FreeRTOS/Source/tasks.c **** 					}
 3014              		.loc 1 2282 23 is_stmt 0 view .LVU829
 3015              		.thumb
 3016              		.syntax unified
 3017 00ac 0124     		movs	r4, #1
 3018 00ae 0EE0     		b	.L215
 3019              	.LVL206:
 3020              	.L221:
 3021              	.LBB159:
2265:Middlewares/Third_Party/FreeRTOS/Source/tasks.c **** 							}
 3022              		.loc 1 2265 33 is_stmt 1 view .LVU830
2267:Middlewares/Third_Party/FreeRTOS/Source/tasks.c **** 						} while( xPendedCounts > ( TickType_t ) 0U );
 3023              		.loc 1 2267 8 view .LVU831
2268:Middlewares/Third_Party/FreeRTOS/Source/tasks.c **** 
 3024              		.loc 1 2268 30 view .LVU832
 3025 00b0 013C     		subs	r4, r4, #1
 3026              	.LVL207:
2268:Middlewares/Third_Party/FreeRTOS/Source/tasks.c **** 
 3027              		.loc 1 2268 30 is_stmt 0 view .LVU833
 3028 00b2 07D0     		beq	.L227
 3029              	.L222:
2257:Middlewares/Third_Party/FreeRTOS/Source/tasks.c **** 						{
 3030              		.loc 1 2257 7 is_stmt 1 view .LVU834
2259:Middlewares/Third_Party/FreeRTOS/Source/tasks.c **** 							{
 3031              		.loc 1 2259 8 view .LVU835
2259:Middlewares/Third_Party/FreeRTOS/Source/tasks.c **** 							{
 3032              		.loc 1 2259 12 is_stmt 0 view .LVU836
 3033 00b4 FFF7FEFF 		bl	xTaskIncrementTick
 3034              	.LVL208:
2259:Middlewares/Third_Party/FreeRTOS/Source/tasks.c **** 							{
 3035              		.loc 1 2259 10 discriminator 1 view .LVU837
 3036 00b8 0028     		cmp	r0, #0
 3037 00ba F9D0     		beq	.L221
2261:Middlewares/Third_Party/FreeRTOS/Source/tasks.c **** 							}
 3038              		.loc 1 2261 9 is_stmt 1 view .LVU838
2261:Middlewares/Third_Party/FreeRTOS/Source/tasks.c **** 							}
 3039              		.loc 1 2261 23 is_stmt 0 view .LVU839
 3040 00bc 0C4B     		ldr	r3, .L228+24
 3041 00be 0122     		movs	r2, #1
 3042 00c0 1A60     		str	r2, [r3]
 3043 00c2 F5E7     		b	.L221
 3044              	.L227:
2270:Middlewares/Third_Party/FreeRTOS/Source/tasks.c **** 					}
 3045              		.loc 1 2270 7 is_stmt 1 view .LVU840
2270:Middlewares/Third_Party/FreeRTOS/Source/tasks.c **** 					}
 3046              		.loc 1 2270 20 is_stmt 0 view .LVU841
 3047 00c4 0B4B     		ldr	r3, .L228+28
 3048 00c6 0022     		movs	r2, #0
 3049 00c8 1A60     		str	r2, [r3]
 3050 00ca E2E7     		b	.L220
 3051              	.LVL209:
 3052              	.L223:
2270:Middlewares/Third_Party/FreeRTOS/Source/tasks.c **** 					}
 3053              		.loc 1 2270 20 view .LVU842
 3054              	.LBE159:
2197:Middlewares/Third_Party/FreeRTOS/Source/tasks.c **** 
ARM GAS  C:\Users\subdia\AppData\Local\Temp\ccqYdsij.s 			page 164


 3055              		.loc 1 2197 12 view .LVU843
 3056 00cc 0024     		movs	r4, #0
 3057              	.LVL210:
 3058              	.L215:
2295:Middlewares/Third_Party/FreeRTOS/Source/tasks.c **** 		}
 3059              		.loc 1 2295 28 is_stmt 1 view .LVU844
2298:Middlewares/Third_Party/FreeRTOS/Source/tasks.c **** 
 3060              		.loc 1 2298 2 view .LVU845
 3061 00ce FFF7FEFF 		bl	vPortExitCritical
 3062              	.LVL211:
2300:Middlewares/Third_Party/FreeRTOS/Source/tasks.c **** }
 3063              		.loc 1 2300 2 view .LVU846
2301:Middlewares/Third_Party/FreeRTOS/Source/tasks.c **** /*-----------------------------------------------------------*/
 3064              		.loc 1 2301 1 is_stmt 0 view .LVU847
 3065 00d2 2046     		mov	r0, r4
 3066 00d4 38BD     		pop	{r3, r4, r5, pc}
 3067              	.LVL212:
 3068              	.L229:
2301:Middlewares/Third_Party/FreeRTOS/Source/tasks.c **** /*-----------------------------------------------------------*/
 3069              		.loc 1 2301 1 view .LVU848
 3070 00d6 00BF     		.align	2
 3071              	.L228:
 3072 00d8 00000000 		.word	uxSchedulerSuspended
 3073 00dc 00000000 		.word	uxCurrentNumberOfTasks
 3074 00e0 00000000 		.word	xPendingReadyList
 3075 00e4 00000000 		.word	uxTopReadyPriority
 3076 00e8 00000000 		.word	pxReadyTasksLists
 3077 00ec 00000000 		.word	pxCurrentTCB
 3078 00f0 00000000 		.word	xYieldPending
 3079 00f4 00000000 		.word	xPendedTicks
 3080              		.cfi_endproc
 3081              	.LFE21:
 3083              		.section	.text.vTaskDelay,"ax",%progbits
 3084              		.align	1
 3085              		.global	vTaskDelay
 3086              		.syntax unified
 3087              		.thumb
 3088              		.thumb_func
 3090              	vTaskDelay:
 3091              	.LVL213:
 3092              	.LFB10:
1342:Middlewares/Third_Party/FreeRTOS/Source/tasks.c **** 	BaseType_t xAlreadyYielded = pdFALSE;
 3093              		.loc 1 1342 2 is_stmt 1 view -0
 3094              		.cfi_startproc
 3095              		@ args = 0, pretend = 0, frame = 0
 3096              		@ frame_needed = 0, uses_anonymous_args = 0
1342:Middlewares/Third_Party/FreeRTOS/Source/tasks.c **** 	BaseType_t xAlreadyYielded = pdFALSE;
 3097              		.loc 1 1342 2 is_stmt 0 view .LVU850
 3098 0000 10B5     		push	{r4, lr}
 3099              	.LCFI27:
 3100              		.cfi_def_cfa_offset 8
 3101              		.cfi_offset 4, -8
 3102              		.cfi_offset 14, -4
1343:Middlewares/Third_Party/FreeRTOS/Source/tasks.c **** 
 3103              		.loc 1 1343 2 is_stmt 1 view .LVU851
 3104              	.LVL214:
1346:Middlewares/Third_Party/FreeRTOS/Source/tasks.c **** 		{
ARM GAS  C:\Users\subdia\AppData\Local\Temp\ccqYdsij.s 			page 165


 3105              		.loc 1 1346 3 view .LVU852
1346:Middlewares/Third_Party/FreeRTOS/Source/tasks.c **** 		{
 3106              		.loc 1 1346 5 is_stmt 0 view .LVU853
 3107 0002 A8B1     		cbz	r0, .L231
 3108 0004 0446     		mov	r4, r0
1348:Middlewares/Third_Party/FreeRTOS/Source/tasks.c **** 			vTaskSuspendAll();
 3109              		.loc 1 1348 4 is_stmt 1 view .LVU854
 3110 0006 104B     		ldr	r3, .L236
 3111 0008 1B68     		ldr	r3, [r3]
 3112 000a 43B1     		cbz	r3, .L232
1348:Middlewares/Third_Party/FreeRTOS/Source/tasks.c **** 			vTaskSuspendAll();
 3113              		.loc 1 1348 4 discriminator 1 view .LVU855
 3114              	.LBB160:
 3115              	.LBI160:
 193:Middlewares/Third_Party/FreeRTOS/Source/portable/GCC/ARM_CM3/portmacro.h **** {
 3116              		.loc 2 193 30 view .LVU856
 3117              	.LBB161:
 195:Middlewares/Third_Party/FreeRTOS/Source/portable/GCC/ARM_CM3/portmacro.h **** 
 3118              		.loc 2 195 1 view .LVU857
 197:Middlewares/Third_Party/FreeRTOS/Source/portable/GCC/ARM_CM3/portmacro.h **** 	(
 3119              		.loc 2 197 2 view .LVU858
 3120              		.syntax unified
 3121              	@ 197 "Middlewares/Third_Party/FreeRTOS/Source/portable/GCC/ARM_CM3/portmacro.h" 1
 3122 000c 4FF05003 			mov r3, #80												
 3123 0010 83F31188 		msr basepri, r3											
 3124 0014 BFF36F8F 		isb														
 3125 0018 BFF34F8F 		dsb														
 3126              	
 3127              	@ 0 "" 2
 3128              		.thumb
 3129              		.syntax unified
 3130              	.L233:
 3131              	.LBE161:
 3132              	.LBE160:
1348:Middlewares/Third_Party/FreeRTOS/Source/tasks.c **** 			vTaskSuspendAll();
 3133              		.loc 1 1348 4 view .LVU859
 3134 001c FEE7     		b	.L233
 3135              	.L232:
1348:Middlewares/Third_Party/FreeRTOS/Source/tasks.c **** 			vTaskSuspendAll();
 3136              		.loc 1 1348 45 view .LVU860
1349:Middlewares/Third_Party/FreeRTOS/Source/tasks.c **** 			{
 3137              		.loc 1 1349 4 view .LVU861
 3138 001e FFF7FEFF 		bl	vTaskSuspendAll
 3139              	.LVL215:
1351:Middlewares/Third_Party/FreeRTOS/Source/tasks.c **** 
 3140              		.loc 1 1351 22 view .LVU862
1360:Middlewares/Third_Party/FreeRTOS/Source/tasks.c **** 			}
 3141              		.loc 1 1360 5 view .LVU863
 3142 0022 0021     		movs	r1, #0
 3143 0024 2046     		mov	r0, r4
 3144 0026 FFF7FEFF 		bl	prvAddCurrentTaskToDelayedList
 3145              	.LVL216:
1362:Middlewares/Third_Party/FreeRTOS/Source/tasks.c **** 		}
 3146              		.loc 1 1362 4 view .LVU864
1362:Middlewares/Third_Party/FreeRTOS/Source/tasks.c **** 		}
 3147              		.loc 1 1362 22 is_stmt 0 view .LVU865
 3148 002a FFF7FEFF 		bl	xTaskResumeAll
ARM GAS  C:\Users\subdia\AppData\Local\Temp\ccqYdsij.s 			page 166


 3149              	.LVL217:
1366:Middlewares/Third_Party/FreeRTOS/Source/tasks.c **** 		}
 3150              		.loc 1 1366 28 is_stmt 1 view .LVU866
1371:Middlewares/Third_Party/FreeRTOS/Source/tasks.c **** 		{
 3151              		.loc 1 1371 3 view .LVU867
1371:Middlewares/Third_Party/FreeRTOS/Source/tasks.c **** 		{
 3152              		.loc 1 1371 5 is_stmt 0 view .LVU868
 3153 002e 48B9     		cbnz	r0, .L230
 3154              	.LVL218:
 3155              	.L231:
1373:Middlewares/Third_Party/FreeRTOS/Source/tasks.c **** 		}
 3156              		.loc 1 1373 4 is_stmt 1 view .LVU869
 3157 0030 4FF0E023 		mov	r3, #-536813568
 3158 0034 4FF08052 		mov	r2, #268435456
 3159 0038 C3F8042D 		str	r2, [r3, #3332]
1373:Middlewares/Third_Party/FreeRTOS/Source/tasks.c **** 		}
 3160              		.loc 1 1373 4 view .LVU870
 3161              		.syntax unified
 3162              	@ 1373 "Middlewares/Third_Party/FreeRTOS/Source/tasks.c" 1
 3163 003c BFF34F8F 		dsb
 3164              	@ 0 "" 2
1373:Middlewares/Third_Party/FreeRTOS/Source/tasks.c **** 		}
 3165              		.loc 1 1373 4 view .LVU871
 3166              	@ 1373 "Middlewares/Third_Party/FreeRTOS/Source/tasks.c" 1
 3167 0040 BFF36F8F 		isb
 3168              	@ 0 "" 2
1373:Middlewares/Third_Party/FreeRTOS/Source/tasks.c **** 		}
 3169              		.loc 1 1373 26 view .LVU872
1377:Middlewares/Third_Party/FreeRTOS/Source/tasks.c **** 		}
 3170              		.loc 1 1377 28 view .LVU873
 3171              		.thumb
 3172              		.syntax unified
 3173              	.L230:
1379:Middlewares/Third_Party/FreeRTOS/Source/tasks.c **** 
 3174              		.loc 1 1379 2 is_stmt 0 view .LVU874
 3175 0044 10BD     		pop	{r4, pc}
 3176              	.L237:
 3177 0046 00BF     		.align	2
 3178              	.L236:
 3179 0048 00000000 		.word	uxSchedulerSuspended
 3180              		.cfi_endproc
 3181              	.LFE10:
 3183              		.section	.text.xTaskCatchUpTicks,"ax",%progbits
 3184              		.align	1
 3185              		.global	xTaskCatchUpTicks
 3186              		.syntax unified
 3187              		.thumb
 3188              		.thumb_func
 3190              	xTaskCatchUpTicks:
 3191              	.LVL219:
 3192              	.LFB26:
2610:Middlewares/Third_Party/FreeRTOS/Source/tasks.c **** BaseType_t xYieldRequired = pdFALSE;
 3193              		.loc 1 2610 1 is_stmt 1 view -0
 3194              		.cfi_startproc
 3195              		@ args = 0, pretend = 0, frame = 0
 3196              		@ frame_needed = 0, uses_anonymous_args = 0
2611:Middlewares/Third_Party/FreeRTOS/Source/tasks.c **** 
ARM GAS  C:\Users\subdia\AppData\Local\Temp\ccqYdsij.s 			page 167


 3197              		.loc 1 2611 1 view .LVU876
2615:Middlewares/Third_Party/FreeRTOS/Source/tasks.c **** 
 3198              		.loc 1 2615 2 view .LVU877
 3199 0000 0B4B     		ldr	r3, .L243
 3200 0002 1B68     		ldr	r3, [r3]
 3201 0004 43B1     		cbz	r3, .L239
2615:Middlewares/Third_Party/FreeRTOS/Source/tasks.c **** 
 3202              		.loc 1 2615 2 discriminator 1 view .LVU878
 3203              	.LBB162:
 3204              	.LBI162:
 193:Middlewares/Third_Party/FreeRTOS/Source/portable/GCC/ARM_CM3/portmacro.h **** {
 3205              		.loc 2 193 30 view .LVU879
 3206              	.LBB163:
 195:Middlewares/Third_Party/FreeRTOS/Source/portable/GCC/ARM_CM3/portmacro.h **** 
 3207              		.loc 2 195 1 view .LVU880
 197:Middlewares/Third_Party/FreeRTOS/Source/portable/GCC/ARM_CM3/portmacro.h **** 	(
 3208              		.loc 2 197 2 view .LVU881
 3209              		.syntax unified
 3210              	@ 197 "Middlewares/Third_Party/FreeRTOS/Source/portable/GCC/ARM_CM3/portmacro.h" 1
 3211 0006 4FF05003 			mov r3, #80												
 3212 000a 83F31188 		msr basepri, r3											
 3213 000e BFF36F8F 		isb														
 3214 0012 BFF34F8F 		dsb														
 3215              	
 3216              	@ 0 "" 2
 3217              		.thumb
 3218              		.syntax unified
 3219              	.L240:
 3220              	.LBE163:
 3221              	.LBE162:
2615:Middlewares/Third_Party/FreeRTOS/Source/tasks.c **** 
 3222              		.loc 1 2615 2 view .LVU882
 3223 0016 FEE7     		b	.L240
 3224              	.L239:
2610:Middlewares/Third_Party/FreeRTOS/Source/tasks.c **** BaseType_t xYieldRequired = pdFALSE;
 3225              		.loc 1 2610 1 is_stmt 0 view .LVU883
 3226 0018 10B5     		push	{r4, lr}
 3227              	.LCFI28:
 3228              		.cfi_def_cfa_offset 8
 3229              		.cfi_offset 4, -8
 3230              		.cfi_offset 14, -4
 3231 001a 0446     		mov	r4, r0
2615:Middlewares/Third_Party/FreeRTOS/Source/tasks.c **** 
 3232              		.loc 1 2615 43 is_stmt 1 view .LVU884
2619:Middlewares/Third_Party/FreeRTOS/Source/tasks.c **** 	xPendedTicks += xTicksToCatchUp;
 3233              		.loc 1 2619 2 view .LVU885
 3234 001c FFF7FEFF 		bl	vTaskSuspendAll
 3235              	.LVL220:
2620:Middlewares/Third_Party/FreeRTOS/Source/tasks.c **** 	xYieldRequired = xTaskResumeAll();
 3236              		.loc 1 2620 2 view .LVU886
2620:Middlewares/Third_Party/FreeRTOS/Source/tasks.c **** 	xYieldRequired = xTaskResumeAll();
 3237              		.loc 1 2620 15 is_stmt 0 view .LVU887
 3238 0020 044A     		ldr	r2, .L243+4
 3239 0022 1368     		ldr	r3, [r2]
 3240 0024 2344     		add	r3, r3, r4
 3241 0026 1360     		str	r3, [r2]
2621:Middlewares/Third_Party/FreeRTOS/Source/tasks.c **** 
ARM GAS  C:\Users\subdia\AppData\Local\Temp\ccqYdsij.s 			page 168


 3242              		.loc 1 2621 2 is_stmt 1 view .LVU888
2621:Middlewares/Third_Party/FreeRTOS/Source/tasks.c **** 
 3243              		.loc 1 2621 19 is_stmt 0 view .LVU889
 3244 0028 FFF7FEFF 		bl	xTaskResumeAll
 3245              	.LVL221:
2623:Middlewares/Third_Party/FreeRTOS/Source/tasks.c **** }
 3246              		.loc 1 2623 2 is_stmt 1 view .LVU890
2624:Middlewares/Third_Party/FreeRTOS/Source/tasks.c **** /*----------------------------------------------------------*/
 3247              		.loc 1 2624 1 is_stmt 0 view .LVU891
 3248 002c 10BD     		pop	{r4, pc}
 3249              	.LVL222:
 3250              	.L244:
2624:Middlewares/Third_Party/FreeRTOS/Source/tasks.c **** /*----------------------------------------------------------*/
 3251              		.loc 1 2624 1 view .LVU892
 3252 002e 00BF     		.align	2
 3253              	.L243:
 3254 0030 00000000 		.word	uxSchedulerSuspended
 3255 0034 00000000 		.word	xPendedTicks
 3256              		.cfi_endproc
 3257              	.LFE26:
 3259              		.section	.text.vTaskSwitchContext,"ax",%progbits
 3260              		.align	1
 3261              		.global	vTaskSwitchContext
 3262              		.syntax unified
 3263              		.thumb
 3264              		.thumb_func
 3266              	vTaskSwitchContext:
 3267              	.LFB28:
2990:Middlewares/Third_Party/FreeRTOS/Source/tasks.c **** 	if( uxSchedulerSuspended != ( UBaseType_t ) pdFALSE )
 3268              		.loc 1 2990 1 is_stmt 1 view -0
 3269              		.cfi_startproc
 3270              		@ args = 0, pretend = 0, frame = 0
 3271              		@ frame_needed = 0, uses_anonymous_args = 0
 3272              		@ link register save eliminated.
2991:Middlewares/Third_Party/FreeRTOS/Source/tasks.c **** 	{
 3273              		.loc 1 2991 2 view .LVU894
2991:Middlewares/Third_Party/FreeRTOS/Source/tasks.c **** 	{
 3274              		.loc 1 2991 27 is_stmt 0 view .LVU895
 3275 0000 204B     		ldr	r3, .L252
 3276 0002 1B68     		ldr	r3, [r3]
2991:Middlewares/Third_Party/FreeRTOS/Source/tasks.c **** 	{
 3277              		.loc 1 2991 4 view .LVU896
 3278 0004 1BB1     		cbz	r3, .L246
2995:Middlewares/Third_Party/FreeRTOS/Source/tasks.c **** 	}
 3279              		.loc 1 2995 3 is_stmt 1 view .LVU897
2995:Middlewares/Third_Party/FreeRTOS/Source/tasks.c **** 	}
 3280              		.loc 1 2995 17 is_stmt 0 view .LVU898
 3281 0006 204B     		ldr	r3, .L252+4
 3282 0008 0122     		movs	r2, #1
 3283 000a 1A60     		str	r2, [r3]
 3284 000c 7047     		bx	lr
 3285              	.L246:
2999:Middlewares/Third_Party/FreeRTOS/Source/tasks.c **** 		traceTASK_SWITCHED_OUT();
 3286              		.loc 1 2999 3 is_stmt 1 view .LVU899
2999:Middlewares/Third_Party/FreeRTOS/Source/tasks.c **** 		traceTASK_SWITCHED_OUT();
 3287              		.loc 1 2999 17 is_stmt 0 view .LVU900
 3288 000e 1E4B     		ldr	r3, .L252+4
ARM GAS  C:\Users\subdia\AppData\Local\Temp\ccqYdsij.s 			page 169


 3289 0010 0022     		movs	r2, #0
 3290 0012 1A60     		str	r2, [r3]
3000:Middlewares/Third_Party/FreeRTOS/Source/tasks.c **** 
 3291              		.loc 1 3000 27 is_stmt 1 view .LVU901
3030:Middlewares/Third_Party/FreeRTOS/Source/tasks.c **** 
 3292              		.loc 1 3030 33 view .LVU902
 3293              	.LBB164:
3041:Middlewares/Third_Party/FreeRTOS/Source/tasks.c **** 		traceTASK_SWITCHED_IN();
 3294              		.loc 1 3041 3 view .LVU903
3041:Middlewares/Third_Party/FreeRTOS/Source/tasks.c **** 		traceTASK_SWITCHED_IN();
 3295              		.loc 1 3041 3 view .LVU904
 3296 0014 1D4B     		ldr	r3, .L252+8
 3297 0016 1B68     		ldr	r3, [r3]
 3298              	.LVL223:
 3299              	.LBB165:
 3300              	.LBI165:
 130:Middlewares/Third_Party/FreeRTOS/Source/portable/GCC/ARM_CM3/portmacro.h **** 	{
 3301              		.loc 2 130 59 view .LVU905
 3302              	.LBB166:
 132:Middlewares/Third_Party/FreeRTOS/Source/portable/GCC/ARM_CM3/portmacro.h **** 
 3303              		.loc 2 132 2 view .LVU906
 134:Middlewares/Third_Party/FreeRTOS/Source/portable/GCC/ARM_CM3/portmacro.h **** 		return ucReturn;
 3304              		.loc 2 134 3 view .LVU907
 3305              		.syntax unified
 3306              	@ 134 "Middlewares/Third_Party/FreeRTOS/Source/portable/GCC/ARM_CM3/portmacro.h" 1
 3307 0018 B3FA83F3 		clz r3, r3
 3308              	@ 0 "" 2
 3309              	.LVL224:
 134:Middlewares/Third_Party/FreeRTOS/Source/portable/GCC/ARM_CM3/portmacro.h **** 		return ucReturn;
 3310              		.loc 2 134 3 is_stmt 0 view .LVU908
 3311              		.thumb
 3312              		.syntax unified
 3313 001c DBB2     		uxtb	r3, r3
 135:Middlewares/Third_Party/FreeRTOS/Source/portable/GCC/ARM_CM3/portmacro.h **** 	}
 3314              		.loc 2 135 3 is_stmt 1 view .LVU909
 3315              	.LVL225:
 135:Middlewares/Third_Party/FreeRTOS/Source/portable/GCC/ARM_CM3/portmacro.h **** 	}
 3316              		.loc 2 135 3 is_stmt 0 view .LVU910
 3317              	.LBE166:
 3318              	.LBE165:
3041:Middlewares/Third_Party/FreeRTOS/Source/tasks.c **** 		traceTASK_SWITCHED_IN();
 3319              		.loc 1 3041 3 discriminator 1 view .LVU911
 3320 001e C3F11F03 		rsb	r3, r3, #31
 3321              	.LVL226:
3041:Middlewares/Third_Party/FreeRTOS/Source/tasks.c **** 		traceTASK_SWITCHED_IN();
 3322              		.loc 1 3041 3 is_stmt 1 discriminator 1 view .LVU912
 3323 0022 03EB8302 		add	r2, r3, r3, lsl #2
 3324 0026 9200     		lsls	r2, r2, #2
 3325 0028 1949     		ldr	r1, .L252+12
 3326 002a 8A58     		ldr	r2, [r1, r2]
 3327 002c 42B9     		cbnz	r2, .L248
3041:Middlewares/Third_Party/FreeRTOS/Source/tasks.c **** 		traceTASK_SWITCHED_IN();
 3328              		.loc 1 3041 3 discriminator 2 view .LVU913
 3329              	.LBB167:
 3330              	.LBI167:
 193:Middlewares/Third_Party/FreeRTOS/Source/portable/GCC/ARM_CM3/portmacro.h **** {
 3331              		.loc 2 193 30 view .LVU914
ARM GAS  C:\Users\subdia\AppData\Local\Temp\ccqYdsij.s 			page 170


 3332              	.LBB168:
 195:Middlewares/Third_Party/FreeRTOS/Source/portable/GCC/ARM_CM3/portmacro.h **** 
 3333              		.loc 2 195 1 view .LVU915
 197:Middlewares/Third_Party/FreeRTOS/Source/portable/GCC/ARM_CM3/portmacro.h **** 	(
 3334              		.loc 2 197 2 view .LVU916
 3335              		.syntax unified
 3336              	@ 197 "Middlewares/Third_Party/FreeRTOS/Source/portable/GCC/ARM_CM3/portmacro.h" 1
 3337 002e 4FF05003 			mov r3, #80												
 3338 0032 83F31188 		msr basepri, r3											
 3339 0036 BFF36F8F 		isb														
 3340 003a BFF34F8F 		dsb														
 3341              	
 3342              	@ 0 "" 2
 3343              	.LVL227:
 3344              		.thumb
 3345              		.syntax unified
 3346              	.L249:
 197:Middlewares/Third_Party/FreeRTOS/Source/portable/GCC/ARM_CM3/portmacro.h **** 	(
 3347              		.loc 2 197 2 is_stmt 0 view .LVU917
 3348              	.LBE168:
 3349              	.LBE167:
3041:Middlewares/Third_Party/FreeRTOS/Source/tasks.c **** 		traceTASK_SWITCHED_IN();
 3350              		.loc 1 3041 3 is_stmt 1 view .LVU918
 3351 003e FEE7     		b	.L249
 3352              	.LVL228:
 3353              	.L248:
3041:Middlewares/Third_Party/FreeRTOS/Source/tasks.c **** 		traceTASK_SWITCHED_IN();
 3354              		.loc 1 3041 3 discriminator 3 view .LVU919
 3355              	.LBB169:
3041:Middlewares/Third_Party/FreeRTOS/Source/tasks.c **** 		traceTASK_SWITCHED_IN();
 3356              		.loc 1 3041 3 discriminator 3 view .LVU920
3041:Middlewares/Third_Party/FreeRTOS/Source/tasks.c **** 		traceTASK_SWITCHED_IN();
 3357              		.loc 1 3041 3 view .LVU921
3041:Middlewares/Third_Party/FreeRTOS/Source/tasks.c **** 		traceTASK_SWITCHED_IN();
 3358              		.loc 1 3041 3 is_stmt 0 discriminator 3 view .LVU922
 3359 0040 1348     		ldr	r0, .L252+12
 3360 0042 03EB8302 		add	r2, r3, r3, lsl #2
 3361 0046 00EB8202 		add	r2, r0, r2, lsl #2
 3362 004a 5168     		ldr	r1, [r2, #4]
 3363 004c 4968     		ldr	r1, [r1, #4]
 3364 004e 5160     		str	r1, [r2, #4]
3041:Middlewares/Third_Party/FreeRTOS/Source/tasks.c **** 		traceTASK_SWITCHED_IN();
 3365              		.loc 1 3041 3 is_stmt 1 view .LVU923
3041:Middlewares/Third_Party/FreeRTOS/Source/tasks.c **** 		traceTASK_SWITCHED_IN();
 3366              		.loc 1 3041 3 is_stmt 0 discriminator 3 view .LVU924
 3367 0050 03EB8302 		add	r2, r3, r3, lsl #2
 3368 0054 9200     		lsls	r2, r2, #2
 3369 0056 0832     		adds	r2, r2, #8
 3370 0058 0244     		add	r2, r2, r0
 3371 005a 9142     		cmp	r1, r2
 3372 005c 09D0     		beq	.L251
 3373              	.L250:
3041:Middlewares/Third_Party/FreeRTOS/Source/tasks.c **** 		traceTASK_SWITCHED_IN();
 3374              		.loc 1 3041 3 is_stmt 1 discriminator 7 view .LVU925
 3375 005e 03EB8303 		add	r3, r3, r3, lsl #2
 3376              	.LVL229:
3041:Middlewares/Third_Party/FreeRTOS/Source/tasks.c **** 		traceTASK_SWITCHED_IN();
ARM GAS  C:\Users\subdia\AppData\Local\Temp\ccqYdsij.s 			page 171


 3377              		.loc 1 3041 3 is_stmt 0 discriminator 7 view .LVU926
 3378 0062 0B4A     		ldr	r2, .L252+12
 3379 0064 02EB8303 		add	r3, r2, r3, lsl #2
 3380 0068 5B68     		ldr	r3, [r3, #4]
 3381 006a DA68     		ldr	r2, [r3, #12]
 3382 006c 094B     		ldr	r3, .L252+16
 3383 006e 1A60     		str	r2, [r3]
 3384              	.LBE169:
3041:Middlewares/Third_Party/FreeRTOS/Source/tasks.c **** 		traceTASK_SWITCHED_IN();
 3385              		.loc 1 3041 3 is_stmt 1 view .LVU927
 3386              	.LBE164:
3041:Middlewares/Third_Party/FreeRTOS/Source/tasks.c **** 		traceTASK_SWITCHED_IN();
 3387              		.loc 1 3041 37 view .LVU928
3042:Middlewares/Third_Party/FreeRTOS/Source/tasks.c **** 
 3388              		.loc 1 3042 26 view .LVU929
3061:Middlewares/Third_Party/FreeRTOS/Source/tasks.c **** /*-----------------------------------------------------------*/
 3389              		.loc 1 3061 1 is_stmt 0 view .LVU930
 3390 0070 7047     		bx	lr
 3391              	.LVL230:
 3392              	.L251:
 3393              	.LBB171:
 3394              	.LBB170:
3041:Middlewares/Third_Party/FreeRTOS/Source/tasks.c **** 		traceTASK_SWITCHED_IN();
 3395              		.loc 1 3041 3 is_stmt 1 discriminator 5 view .LVU931
 3396 0072 4868     		ldr	r0, [r1, #4]
 3397 0074 03EB8301 		add	r1, r3, r3, lsl #2
 3398 0078 054A     		ldr	r2, .L252+12
 3399 007a 02EB8102 		add	r2, r2, r1, lsl #2
 3400 007e 5060     		str	r0, [r2, #4]
 3401 0080 EDE7     		b	.L250
 3402              	.L253:
 3403 0082 00BF     		.align	2
 3404              	.L252:
 3405 0084 00000000 		.word	uxSchedulerSuspended
 3406 0088 00000000 		.word	xYieldPending
 3407 008c 00000000 		.word	uxTopReadyPriority
 3408 0090 00000000 		.word	pxReadyTasksLists
 3409 0094 00000000 		.word	pxCurrentTCB
 3410              	.LBE170:
 3411              	.LBE171:
 3412              		.cfi_endproc
 3413              	.LFE28:
 3415              		.section	.text.vTaskSuspend,"ax",%progbits
 3416              		.align	1
 3417              		.global	vTaskSuspend
 3418              		.syntax unified
 3419              		.thumb
 3420              		.thumb_func
 3422              	vTaskSuspend:
 3423              	.LVL231:
 3424              	.LFB14:
1705:Middlewares/Third_Party/FreeRTOS/Source/tasks.c **** 	TCB_t *pxTCB;
 3425              		.loc 1 1705 2 view -0
 3426              		.cfi_startproc
 3427              		@ args = 0, pretend = 0, frame = 0
 3428              		@ frame_needed = 0, uses_anonymous_args = 0
1705:Middlewares/Third_Party/FreeRTOS/Source/tasks.c **** 	TCB_t *pxTCB;
ARM GAS  C:\Users\subdia\AppData\Local\Temp\ccqYdsij.s 			page 172


 3429              		.loc 1 1705 2 is_stmt 0 view .LVU933
 3430 0000 38B5     		push	{r3, r4, r5, lr}
 3431              	.LCFI29:
 3432              		.cfi_def_cfa_offset 16
 3433              		.cfi_offset 3, -16
 3434              		.cfi_offset 4, -12
 3435              		.cfi_offset 5, -8
 3436              		.cfi_offset 14, -4
 3437 0002 0446     		mov	r4, r0
1706:Middlewares/Third_Party/FreeRTOS/Source/tasks.c **** 
 3438              		.loc 1 1706 2 is_stmt 1 view .LVU934
1708:Middlewares/Third_Party/FreeRTOS/Source/tasks.c **** 		{
 3439              		.loc 1 1708 3 view .LVU935
 3440 0004 FFF7FEFF 		bl	vPortEnterCritical
 3441              	.LVL232:
1712:Middlewares/Third_Party/FreeRTOS/Source/tasks.c **** 
 3442              		.loc 1 1712 4 view .LVU936
1712:Middlewares/Third_Party/FreeRTOS/Source/tasks.c **** 
 3443              		.loc 1 1712 12 is_stmt 0 view .LVU937
 3444 0008 5CB3     		cbz	r4, .L266
 3445              	.LVL233:
 3446              	.L255:
1714:Middlewares/Third_Party/FreeRTOS/Source/tasks.c **** 
 3447              		.loc 1 1714 30 is_stmt 1 view .LVU938
1718:Middlewares/Third_Party/FreeRTOS/Source/tasks.c **** 			{
 3448              		.loc 1 1718 4 view .LVU939
1718:Middlewares/Third_Party/FreeRTOS/Source/tasks.c **** 			{
 3449              		.loc 1 1718 22 is_stmt 0 view .LVU940
 3450 000a 251D     		adds	r5, r4, #4
1718:Middlewares/Third_Party/FreeRTOS/Source/tasks.c **** 			{
 3451              		.loc 1 1718 8 view .LVU941
 3452 000c 2846     		mov	r0, r5
 3453 000e FFF7FEFF 		bl	uxListRemove
 3454              	.LVL234:
1718:Middlewares/Third_Party/FreeRTOS/Source/tasks.c **** 			{
 3455              		.loc 1 1718 6 discriminator 1 view .LVU942
 3456 0012 70B9     		cbnz	r0, .L256
1720:Middlewares/Third_Party/FreeRTOS/Source/tasks.c **** 			}
 3457              		.loc 1 1720 5 is_stmt 1 view .LVU943
 3458 0014 E26A     		ldr	r2, [r4, #44]
 3459 0016 02EB8203 		add	r3, r2, r2, lsl #2
 3460 001a 9B00     		lsls	r3, r3, #2
 3461 001c 2B49     		ldr	r1, .L270
 3462 001e CB58     		ldr	r3, [r1, r3]
 3463 0020 3BB9     		cbnz	r3, .L256
1720:Middlewares/Third_Party/FreeRTOS/Source/tasks.c **** 			}
 3464              		.loc 1 1720 5 discriminator 1 view .LVU944
 3465 0022 0123     		movs	r3, #1
 3466 0024 03FA02F2 		lsl	r2, r3, r2
 3467 0028 2949     		ldr	r1, .L270+4
 3468 002a 0B68     		ldr	r3, [r1]
 3469 002c 23EA0203 		bic	r3, r3, r2
 3470 0030 0B60     		str	r3, [r1]
 3471              	.L256:
1724:Middlewares/Third_Party/FreeRTOS/Source/tasks.c **** 			}
 3472              		.loc 1 1724 29 view .LVU945
1728:Middlewares/Third_Party/FreeRTOS/Source/tasks.c **** 			{
ARM GAS  C:\Users\subdia\AppData\Local\Temp\ccqYdsij.s 			page 173


 3473              		.loc 1 1728 4 view .LVU946
1728:Middlewares/Third_Party/FreeRTOS/Source/tasks.c **** 			{
 3474              		.loc 1 1728 8 is_stmt 0 view .LVU947
 3475 0032 A36A     		ldr	r3, [r4, #40]
1728:Middlewares/Third_Party/FreeRTOS/Source/tasks.c **** 			{
 3476              		.loc 1 1728 6 view .LVU948
 3477 0034 1BB1     		cbz	r3, .L257
1730:Middlewares/Third_Party/FreeRTOS/Source/tasks.c **** 			}
 3478              		.loc 1 1730 5 is_stmt 1 view .LVU949
1730:Middlewares/Third_Party/FreeRTOS/Source/tasks.c **** 			}
 3479              		.loc 1 1730 14 is_stmt 0 view .LVU950
 3480 0036 04F11800 		add	r0, r4, #24
 3481 003a FFF7FEFF 		bl	uxListRemove
 3482              	.LVL235:
 3483              	.L257:
1734:Middlewares/Third_Party/FreeRTOS/Source/tasks.c **** 			}
 3484              		.loc 1 1734 29 is_stmt 1 view .LVU951
1737:Middlewares/Third_Party/FreeRTOS/Source/tasks.c **** 
 3485              		.loc 1 1737 4 view .LVU952
 3486 003e 2946     		mov	r1, r5
 3487 0040 2448     		ldr	r0, .L270+8
 3488 0042 FFF7FEFF 		bl	vListInsertEnd
 3489              	.LVL236:
1741:Middlewares/Third_Party/FreeRTOS/Source/tasks.c **** 				{
 3490              		.loc 1 1741 5 view .LVU953
1741:Middlewares/Third_Party/FreeRTOS/Source/tasks.c **** 				{
 3491              		.loc 1 1741 14 is_stmt 0 view .LVU954
 3492 0046 94F85030 		ldrb	r3, [r4, #80]	@ zero_extendqisi2
1741:Middlewares/Third_Party/FreeRTOS/Source/tasks.c **** 				{
 3493              		.loc 1 1741 7 view .LVU955
 3494 004a 012B     		cmp	r3, #1
 3495 004c 0CD0     		beq	.L267
 3496              	.L258:
1750:Middlewares/Third_Party/FreeRTOS/Source/tasks.c **** 
 3497              		.loc 1 1750 3 is_stmt 1 view .LVU956
 3498 004e FFF7FEFF 		bl	vPortExitCritical
 3499              	.LVL237:
1752:Middlewares/Third_Party/FreeRTOS/Source/tasks.c **** 		{
 3500              		.loc 1 1752 3 view .LVU957
1752:Middlewares/Third_Party/FreeRTOS/Source/tasks.c **** 		{
 3501              		.loc 1 1752 25 is_stmt 0 view .LVU958
 3502 0052 214B     		ldr	r3, .L270+12
 3503 0054 1B68     		ldr	r3, [r3]
1752:Middlewares/Third_Party/FreeRTOS/Source/tasks.c **** 		{
 3504              		.loc 1 1752 5 view .LVU959
 3505 0056 5BB9     		cbnz	r3, .L268
 3506              	.L259:
1764:Middlewares/Third_Party/FreeRTOS/Source/tasks.c **** 		}
 3507              		.loc 1 1764 28 is_stmt 1 view .LVU960
1767:Middlewares/Third_Party/FreeRTOS/Source/tasks.c **** 		{
 3508              		.loc 1 1767 3 view .LVU961
1767:Middlewares/Third_Party/FreeRTOS/Source/tasks.c **** 		{
 3509              		.loc 1 1767 13 is_stmt 0 view .LVU962
 3510 0058 204B     		ldr	r3, .L270+16
 3511 005a 1B68     		ldr	r3, [r3]
1767:Middlewares/Third_Party/FreeRTOS/Source/tasks.c **** 		{
 3512              		.loc 1 1767 5 view .LVU963
ARM GAS  C:\Users\subdia\AppData\Local\Temp\ccqYdsij.s 			page 174


 3513 005c A342     		cmp	r3, r4
 3514 005e 0ED0     		beq	.L269
 3515              	.L254:
1798:Middlewares/Third_Party/FreeRTOS/Source/tasks.c **** 
 3516              		.loc 1 1798 2 view .LVU964
 3517 0060 38BD     		pop	{r3, r4, r5, pc}
 3518              	.LVL238:
 3519              	.L266:
1712:Middlewares/Third_Party/FreeRTOS/Source/tasks.c **** 
 3520              		.loc 1 1712 10 discriminator 1 view .LVU965
 3521 0062 1E4B     		ldr	r3, .L270+16
 3522 0064 1C68     		ldr	r4, [r3]
 3523              	.LVL239:
1712:Middlewares/Third_Party/FreeRTOS/Source/tasks.c **** 
 3524              		.loc 1 1712 10 discriminator 1 view .LVU966
 3525 0066 D0E7     		b	.L255
 3526              	.LVL240:
 3527              	.L267:
1745:Middlewares/Third_Party/FreeRTOS/Source/tasks.c **** 				}
 3528              		.loc 1 1745 6 is_stmt 1 view .LVU967
1745:Middlewares/Third_Party/FreeRTOS/Source/tasks.c **** 				}
 3529              		.loc 1 1745 27 is_stmt 0 view .LVU968
 3530 0068 0023     		movs	r3, #0
 3531 006a 84F85030 		strb	r3, [r4, #80]
 3532 006e EEE7     		b	.L258
 3533              	.L268:
1756:Middlewares/Third_Party/FreeRTOS/Source/tasks.c **** 			{
 3534              		.loc 1 1756 4 is_stmt 1 view .LVU969
 3535 0070 FFF7FEFF 		bl	vPortEnterCritical
 3536              	.LVL241:
1758:Middlewares/Third_Party/FreeRTOS/Source/tasks.c **** 			}
 3537              		.loc 1 1758 5 view .LVU970
 3538 0074 FFF7FEFF 		bl	prvResetNextTaskUnblockTime
 3539              	.LVL242:
1760:Middlewares/Third_Party/FreeRTOS/Source/tasks.c **** 		}
 3540              		.loc 1 1760 4 view .LVU971
 3541 0078 FFF7FEFF 		bl	vPortExitCritical
 3542              	.LVL243:
 3543 007c ECE7     		b	.L259
 3544              	.L269:
1769:Middlewares/Third_Party/FreeRTOS/Source/tasks.c **** 			{
 3545              		.loc 1 1769 4 view .LVU972
1769:Middlewares/Third_Party/FreeRTOS/Source/tasks.c **** 			{
 3546              		.loc 1 1769 26 is_stmt 0 view .LVU973
 3547 007e 164B     		ldr	r3, .L270+12
 3548 0080 1B68     		ldr	r3, [r3]
1769:Middlewares/Third_Party/FreeRTOS/Source/tasks.c **** 			{
 3549              		.loc 1 1769 6 view .LVU974
 3550 0082 B3B1     		cbz	r3, .L261
1772:Middlewares/Third_Party/FreeRTOS/Source/tasks.c **** 				portYIELD_WITHIN_API();
 3551              		.loc 1 1772 5 is_stmt 1 view .LVU975
 3552 0084 164B     		ldr	r3, .L270+20
 3553 0086 1B68     		ldr	r3, [r3]
 3554 0088 43B1     		cbz	r3, .L262
1772:Middlewares/Third_Party/FreeRTOS/Source/tasks.c **** 				portYIELD_WITHIN_API();
 3555              		.loc 1 1772 5 discriminator 1 view .LVU976
 3556              	.LBB172:
ARM GAS  C:\Users\subdia\AppData\Local\Temp\ccqYdsij.s 			page 175


 3557              	.LBI172:
 193:Middlewares/Third_Party/FreeRTOS/Source/portable/GCC/ARM_CM3/portmacro.h **** {
 3558              		.loc 2 193 30 view .LVU977
 3559              	.LBB173:
 195:Middlewares/Third_Party/FreeRTOS/Source/portable/GCC/ARM_CM3/portmacro.h **** 
 3560              		.loc 2 195 1 view .LVU978
 197:Middlewares/Third_Party/FreeRTOS/Source/portable/GCC/ARM_CM3/portmacro.h **** 	(
 3561              		.loc 2 197 2 view .LVU979
 3562              		.syntax unified
 3563              	@ 197 "Middlewares/Third_Party/FreeRTOS/Source/portable/GCC/ARM_CM3/portmacro.h" 1
 3564 008a 4FF05003 			mov r3, #80												
 3565 008e 83F31188 		msr basepri, r3											
 3566 0092 BFF36F8F 		isb														
 3567 0096 BFF34F8F 		dsb														
 3568              	
 3569              	@ 0 "" 2
 3570              		.thumb
 3571              		.syntax unified
 3572              	.L263:
 3573              	.LBE173:
 3574              	.LBE172:
1772:Middlewares/Third_Party/FreeRTOS/Source/tasks.c **** 				portYIELD_WITHIN_API();
 3575              		.loc 1 1772 5 view .LVU980
 3576 009a FEE7     		b	.L263
 3577              	.L262:
1772:Middlewares/Third_Party/FreeRTOS/Source/tasks.c **** 				portYIELD_WITHIN_API();
 3578              		.loc 1 1772 46 view .LVU981
1773:Middlewares/Third_Party/FreeRTOS/Source/tasks.c **** 			}
 3579              		.loc 1 1773 5 view .LVU982
 3580 009c 4FF0E023 		mov	r3, #-536813568
 3581 00a0 4FF08052 		mov	r2, #268435456
 3582 00a4 C3F8042D 		str	r2, [r3, #3332]
1773:Middlewares/Third_Party/FreeRTOS/Source/tasks.c **** 			}
 3583              		.loc 1 1773 5 view .LVU983
 3584              		.syntax unified
 3585              	@ 1773 "Middlewares/Third_Party/FreeRTOS/Source/tasks.c" 1
 3586 00a8 BFF34F8F 		dsb
 3587              	@ 0 "" 2
1773:Middlewares/Third_Party/FreeRTOS/Source/tasks.c **** 			}
 3588              		.loc 1 1773 5 view .LVU984
 3589              	@ 1773 "Middlewares/Third_Party/FreeRTOS/Source/tasks.c" 1
 3590 00ac BFF36F8F 		isb
 3591              	@ 0 "" 2
1773:Middlewares/Third_Party/FreeRTOS/Source/tasks.c **** 			}
 3592              		.loc 1 1773 27 view .LVU985
 3593              		.thumb
 3594              		.syntax unified
 3595 00b0 D6E7     		b	.L254
 3596              	.L261:
1780:Middlewares/Third_Party/FreeRTOS/Source/tasks.c **** 				{
 3597              		.loc 1 1780 5 view .LVU986
1780:Middlewares/Third_Party/FreeRTOS/Source/tasks.c **** 				{
 3598              		.loc 1 1780 9 is_stmt 0 view .LVU987
 3599 00b2 084B     		ldr	r3, .L270+8
 3600 00b4 1A68     		ldr	r2, [r3]
1780:Middlewares/Third_Party/FreeRTOS/Source/tasks.c **** 				{
 3601              		.loc 1 1780 56 view .LVU988
ARM GAS  C:\Users\subdia\AppData\Local\Temp\ccqYdsij.s 			page 176


 3602 00b6 0B4B     		ldr	r3, .L270+24
 3603 00b8 1B68     		ldr	r3, [r3]
1780:Middlewares/Third_Party/FreeRTOS/Source/tasks.c **** 				{
 3604              		.loc 1 1780 7 view .LVU989
 3605 00ba 9A42     		cmp	r2, r3
 3606 00bc 03D1     		bne	.L264
1786:Middlewares/Third_Party/FreeRTOS/Source/tasks.c **** 				}
 3607              		.loc 1 1786 6 is_stmt 1 view .LVU990
1786:Middlewares/Third_Party/FreeRTOS/Source/tasks.c **** 				}
 3608              		.loc 1 1786 19 is_stmt 0 view .LVU991
 3609 00be 074B     		ldr	r3, .L270+16
 3610 00c0 0022     		movs	r2, #0
 3611 00c2 1A60     		str	r2, [r3]
 3612 00c4 CCE7     		b	.L254
 3613              	.L264:
1790:Middlewares/Third_Party/FreeRTOS/Source/tasks.c **** 				}
 3614              		.loc 1 1790 6 is_stmt 1 view .LVU992
 3615 00c6 FFF7FEFF 		bl	vTaskSwitchContext
 3616              	.LVL244:
1796:Middlewares/Third_Party/FreeRTOS/Source/tasks.c **** 		}
 3617              		.loc 1 1796 28 view .LVU993
1798:Middlewares/Third_Party/FreeRTOS/Source/tasks.c **** 
 3618              		.loc 1 1798 2 is_stmt 0 view .LVU994
 3619 00ca C9E7     		b	.L254
 3620              	.L271:
 3621              		.align	2
 3622              	.L270:
 3623 00cc 00000000 		.word	pxReadyTasksLists
 3624 00d0 00000000 		.word	uxTopReadyPriority
 3625 00d4 00000000 		.word	xSuspendedTaskList
 3626 00d8 00000000 		.word	xSchedulerRunning
 3627 00dc 00000000 		.word	pxCurrentTCB
 3628 00e0 00000000 		.word	uxSchedulerSuspended
 3629 00e4 00000000 		.word	uxCurrentNumberOfTasks
 3630              		.cfi_endproc
 3631              	.LFE14:
 3633              		.section	.text.vTaskPlaceOnEventList,"ax",%progbits
 3634              		.align	1
 3635              		.global	vTaskPlaceOnEventList
 3636              		.syntax unified
 3637              		.thumb
 3638              		.thumb_func
 3640              	vTaskPlaceOnEventList:
 3641              	.LVL245:
 3642              	.LFB29:
3065:Middlewares/Third_Party/FreeRTOS/Source/tasks.c **** 	configASSERT( pxEventList );
 3643              		.loc 1 3065 1 is_stmt 1 view -0
 3644              		.cfi_startproc
 3645              		@ args = 0, pretend = 0, frame = 0
 3646              		@ frame_needed = 0, uses_anonymous_args = 0
3066:Middlewares/Third_Party/FreeRTOS/Source/tasks.c **** 
 3647              		.loc 1 3066 2 view .LVU996
 3648 0000 58B1     		cbz	r0, .L277
3065:Middlewares/Third_Party/FreeRTOS/Source/tasks.c **** 	configASSERT( pxEventList );
 3649              		.loc 1 3065 1 is_stmt 0 view .LVU997
 3650 0002 10B5     		push	{r4, lr}
 3651              	.LCFI30:
ARM GAS  C:\Users\subdia\AppData\Local\Temp\ccqYdsij.s 			page 177


 3652              		.cfi_def_cfa_offset 8
 3653              		.cfi_offset 4, -8
 3654              		.cfi_offset 14, -4
 3655 0004 0C46     		mov	r4, r1
3066:Middlewares/Third_Party/FreeRTOS/Source/tasks.c **** 
 3656              		.loc 1 3066 29 is_stmt 1 view .LVU998
3075:Middlewares/Third_Party/FreeRTOS/Source/tasks.c **** 
 3657              		.loc 1 3075 2 view .LVU999
3075:Middlewares/Third_Party/FreeRTOS/Source/tasks.c **** 
 3658              		.loc 1 3075 43 is_stmt 0 view .LVU1000
 3659 0006 094A     		ldr	r2, .L278
 3660 0008 1168     		ldr	r1, [r2]
 3661              	.LVL246:
3075:Middlewares/Third_Party/FreeRTOS/Source/tasks.c **** 
 3662              		.loc 1 3075 2 view .LVU1001
 3663 000a 1831     		adds	r1, r1, #24
 3664 000c FFF7FEFF 		bl	vListInsert
 3665              	.LVL247:
3077:Middlewares/Third_Party/FreeRTOS/Source/tasks.c **** }
 3666              		.loc 1 3077 2 is_stmt 1 view .LVU1002
 3667 0010 0121     		movs	r1, #1
 3668 0012 2046     		mov	r0, r4
 3669 0014 FFF7FEFF 		bl	prvAddCurrentTaskToDelayedList
 3670              	.LVL248:
3078:Middlewares/Third_Party/FreeRTOS/Source/tasks.c **** /*-----------------------------------------------------------*/
 3671              		.loc 1 3078 1 is_stmt 0 view .LVU1003
 3672 0018 10BD     		pop	{r4, pc}
 3673              	.LVL249:
 3674              	.L277:
 3675              	.LCFI31:
 3676              		.cfi_def_cfa_offset 0
 3677              		.cfi_restore 4
 3678              		.cfi_restore 14
3066:Middlewares/Third_Party/FreeRTOS/Source/tasks.c **** 
 3679              		.loc 1 3066 2 is_stmt 1 discriminator 1 view .LVU1004
 3680              	.LBB174:
 3681              	.LBI174:
 193:Middlewares/Third_Party/FreeRTOS/Source/portable/GCC/ARM_CM3/portmacro.h **** {
 3682              		.loc 2 193 30 view .LVU1005
 3683              	.LBB175:
 195:Middlewares/Third_Party/FreeRTOS/Source/portable/GCC/ARM_CM3/portmacro.h **** 
 3684              		.loc 2 195 1 view .LVU1006
 197:Middlewares/Third_Party/FreeRTOS/Source/portable/GCC/ARM_CM3/portmacro.h **** 	(
 3685              		.loc 2 197 2 view .LVU1007
 3686              		.syntax unified
 3687              	@ 197 "Middlewares/Third_Party/FreeRTOS/Source/portable/GCC/ARM_CM3/portmacro.h" 1
 3688 001a 4FF05003 			mov r3, #80												
 3689 001e 83F31188 		msr basepri, r3											
 3690 0022 BFF36F8F 		isb														
 3691 0026 BFF34F8F 		dsb														
 3692              	
 3693              	@ 0 "" 2
 3694              		.thumb
 3695              		.syntax unified
 3696              	.L274:
 3697              	.LBE175:
 3698              	.LBE174:
ARM GAS  C:\Users\subdia\AppData\Local\Temp\ccqYdsij.s 			page 178


3066:Middlewares/Third_Party/FreeRTOS/Source/tasks.c **** 
 3699              		.loc 1 3066 2 view .LVU1008
 3700 002a FEE7     		b	.L274
 3701              	.L279:
 3702              		.align	2
 3703              	.L278:
 3704 002c 00000000 		.word	pxCurrentTCB
 3705              		.cfi_endproc
 3706              	.LFE29:
 3708              		.section	.text.vTaskPlaceOnUnorderedEventList,"ax",%progbits
 3709              		.align	1
 3710              		.global	vTaskPlaceOnUnorderedEventList
 3711              		.syntax unified
 3712              		.thumb
 3713              		.thumb_func
 3715              	vTaskPlaceOnUnorderedEventList:
 3716              	.LVL250:
 3717              	.LFB30:
3082:Middlewares/Third_Party/FreeRTOS/Source/tasks.c **** 	configASSERT( pxEventList );
 3718              		.loc 1 3082 1 view -0
 3719              		.cfi_startproc
 3720              		@ args = 0, pretend = 0, frame = 0
 3721              		@ frame_needed = 0, uses_anonymous_args = 0
3083:Middlewares/Third_Party/FreeRTOS/Source/tasks.c **** 
 3722              		.loc 1 3083 2 view .LVU1010
 3723 0000 70B1     		cbz	r0, .L287
3082:Middlewares/Third_Party/FreeRTOS/Source/tasks.c **** 	configASSERT( pxEventList );
 3724              		.loc 1 3082 1 is_stmt 0 view .LVU1011
 3725 0002 10B5     		push	{r4, lr}
 3726              	.LCFI32:
 3727              		.cfi_def_cfa_offset 8
 3728              		.cfi_offset 4, -8
 3729              		.cfi_offset 14, -4
 3730 0004 1446     		mov	r4, r2
 3731 0006 0246     		mov	r2, r0
 3732              	.LVL251:
3083:Middlewares/Third_Party/FreeRTOS/Source/tasks.c **** 
 3733              		.loc 1 3083 29 is_stmt 1 view .LVU1012
3087:Middlewares/Third_Party/FreeRTOS/Source/tasks.c **** 
 3734              		.loc 1 3087 2 view .LVU1013
 3735 0008 114B     		ldr	r3, .L288
 3736 000a 1B68     		ldr	r3, [r3]
 3737 000c 8BB9     		cbnz	r3, .L283
3087:Middlewares/Third_Party/FreeRTOS/Source/tasks.c **** 
 3738              		.loc 1 3087 2 discriminator 1 view .LVU1014
 3739              	.LBB176:
 3740              	.LBI176:
 193:Middlewares/Third_Party/FreeRTOS/Source/portable/GCC/ARM_CM3/portmacro.h **** {
 3741              		.loc 2 193 30 view .LVU1015
 3742              	.LBB177:
 195:Middlewares/Third_Party/FreeRTOS/Source/portable/GCC/ARM_CM3/portmacro.h **** 
 3743              		.loc 2 195 1 view .LVU1016
 197:Middlewares/Third_Party/FreeRTOS/Source/portable/GCC/ARM_CM3/portmacro.h **** 	(
 3744              		.loc 2 197 2 view .LVU1017
 3745              		.syntax unified
 3746              	@ 197 "Middlewares/Third_Party/FreeRTOS/Source/portable/GCC/ARM_CM3/portmacro.h" 1
 3747 000e 4FF05003 			mov r3, #80												
ARM GAS  C:\Users\subdia\AppData\Local\Temp\ccqYdsij.s 			page 179


 3748 0012 83F31188 		msr basepri, r3											
 3749 0016 BFF36F8F 		isb														
 3750 001a BFF34F8F 		dsb														
 3751              	
 3752              	@ 0 "" 2
 3753              		.thumb
 3754              		.syntax unified
 3755              	.L284:
 3756              	.LBE177:
 3757              	.LBE176:
3087:Middlewares/Third_Party/FreeRTOS/Source/tasks.c **** 
 3758              		.loc 1 3087 2 view .LVU1018
 3759 001e FEE7     		b	.L284
 3760              	.LVL252:
 3761              	.L287:
 3762              	.LCFI33:
 3763              		.cfi_def_cfa_offset 0
 3764              		.cfi_restore 4
 3765              		.cfi_restore 14
3083:Middlewares/Third_Party/FreeRTOS/Source/tasks.c **** 
 3766              		.loc 1 3083 2 discriminator 1 view .LVU1019
 3767              	.LBB178:
 3768              	.LBI178:
 193:Middlewares/Third_Party/FreeRTOS/Source/portable/GCC/ARM_CM3/portmacro.h **** {
 3769              		.loc 2 193 30 view .LVU1020
 3770              	.LBB179:
 195:Middlewares/Third_Party/FreeRTOS/Source/portable/GCC/ARM_CM3/portmacro.h **** 
 3771              		.loc 2 195 1 view .LVU1021
 197:Middlewares/Third_Party/FreeRTOS/Source/portable/GCC/ARM_CM3/portmacro.h **** 	(
 3772              		.loc 2 197 2 view .LVU1022
 3773              		.syntax unified
 3774              	@ 197 "Middlewares/Third_Party/FreeRTOS/Source/portable/GCC/ARM_CM3/portmacro.h" 1
 3775 0020 4FF05003 			mov r3, #80												
 3776 0024 83F31188 		msr basepri, r3											
 3777 0028 BFF36F8F 		isb														
 3778 002c BFF34F8F 		dsb														
 3779              	
 3780              	@ 0 "" 2
 3781              		.thumb
 3782              		.syntax unified
 3783              	.L282:
 3784              	.LBE179:
 3785              	.LBE178:
3083:Middlewares/Third_Party/FreeRTOS/Source/tasks.c **** 
 3786              		.loc 1 3083 2 view .LVU1023
 3787 0030 FEE7     		b	.L282
 3788              	.LVL253:
 3789              	.L283:
 3790              	.LCFI34:
 3791              		.cfi_def_cfa_offset 8
 3792              		.cfi_offset 4, -8
 3793              		.cfi_offset 14, -4
3087:Middlewares/Third_Party/FreeRTOS/Source/tasks.c **** 
 3794              		.loc 1 3087 43 view .LVU1024
3092:Middlewares/Third_Party/FreeRTOS/Source/tasks.c **** 
 3795              		.loc 1 3092 2 view .LVU1025
 3796 0032 084B     		ldr	r3, .L288+4
ARM GAS  C:\Users\subdia\AppData\Local\Temp\ccqYdsij.s 			page 180


 3797 0034 1868     		ldr	r0, [r3]
 3798              	.LVL254:
3092:Middlewares/Third_Party/FreeRTOS/Source/tasks.c **** 
 3799              		.loc 1 3092 2 is_stmt 0 view .LVU1026
 3800 0036 41F00041 		orr	r1, r1, #-2147483648
 3801              	.LVL255:
3092:Middlewares/Third_Party/FreeRTOS/Source/tasks.c **** 
 3802              		.loc 1 3092 2 view .LVU1027
 3803 003a 8161     		str	r1, [r0, #24]
3099:Middlewares/Third_Party/FreeRTOS/Source/tasks.c **** 
 3804              		.loc 1 3099 2 is_stmt 1 view .LVU1028
3099:Middlewares/Third_Party/FreeRTOS/Source/tasks.c **** 
 3805              		.loc 1 3099 46 is_stmt 0 view .LVU1029
 3806 003c 1968     		ldr	r1, [r3]
3099:Middlewares/Third_Party/FreeRTOS/Source/tasks.c **** 
 3807              		.loc 1 3099 2 view .LVU1030
 3808 003e 1831     		adds	r1, r1, #24
 3809 0040 1046     		mov	r0, r2
 3810 0042 FFF7FEFF 		bl	vListInsertEnd
 3811              	.LVL256:
3101:Middlewares/Third_Party/FreeRTOS/Source/tasks.c **** }
 3812              		.loc 1 3101 2 is_stmt 1 view .LVU1031
 3813 0046 0121     		movs	r1, #1
 3814 0048 2046     		mov	r0, r4
 3815 004a FFF7FEFF 		bl	prvAddCurrentTaskToDelayedList
 3816              	.LVL257:
3102:Middlewares/Third_Party/FreeRTOS/Source/tasks.c **** /*-----------------------------------------------------------*/
 3817              		.loc 1 3102 1 is_stmt 0 view .LVU1032
 3818 004e 10BD     		pop	{r4, pc}
 3819              	.LVL258:
 3820              	.L289:
3102:Middlewares/Third_Party/FreeRTOS/Source/tasks.c **** /*-----------------------------------------------------------*/
 3821              		.loc 1 3102 1 view .LVU1033
 3822              		.align	2
 3823              	.L288:
 3824 0050 00000000 		.word	uxSchedulerSuspended
 3825 0054 00000000 		.word	pxCurrentTCB
 3826              		.cfi_endproc
 3827              	.LFE30:
 3829              		.section	.text.xTaskRemoveFromEventList,"ax",%progbits
 3830              		.align	1
 3831              		.global	xTaskRemoveFromEventList
 3832              		.syntax unified
 3833              		.thumb
 3834              		.thumb_func
 3836              	xTaskRemoveFromEventList:
 3837              	.LVL259:
 3838              	.LFB31:
3139:Middlewares/Third_Party/FreeRTOS/Source/tasks.c **** TCB_t *pxUnblockedTCB;
 3839              		.loc 1 3139 1 is_stmt 1 view -0
 3840              		.cfi_startproc
 3841              		@ args = 0, pretend = 0, frame = 0
 3842              		@ frame_needed = 0, uses_anonymous_args = 0
3139:Middlewares/Third_Party/FreeRTOS/Source/tasks.c **** TCB_t *pxUnblockedTCB;
 3843              		.loc 1 3139 1 is_stmt 0 view .LVU1035
 3844 0000 38B5     		push	{r3, r4, r5, lr}
 3845              	.LCFI35:
ARM GAS  C:\Users\subdia\AppData\Local\Temp\ccqYdsij.s 			page 181


 3846              		.cfi_def_cfa_offset 16
 3847              		.cfi_offset 3, -16
 3848              		.cfi_offset 4, -12
 3849              		.cfi_offset 5, -8
 3850              		.cfi_offset 14, -4
3140:Middlewares/Third_Party/FreeRTOS/Source/tasks.c **** BaseType_t xReturn;
 3851              		.loc 1 3140 1 is_stmt 1 view .LVU1036
3141:Middlewares/Third_Party/FreeRTOS/Source/tasks.c **** 
 3852              		.loc 1 3141 1 view .LVU1037
3156:Middlewares/Third_Party/FreeRTOS/Source/tasks.c **** 	configASSERT( pxUnblockedTCB );
 3853              		.loc 1 3156 2 view .LVU1038
3156:Middlewares/Third_Party/FreeRTOS/Source/tasks.c **** 	configASSERT( pxUnblockedTCB );
 3854              		.loc 1 3156 19 is_stmt 0 view .LVU1039
 3855 0002 C368     		ldr	r3, [r0, #12]
3156:Middlewares/Third_Party/FreeRTOS/Source/tasks.c **** 	configASSERT( pxUnblockedTCB );
 3856              		.loc 1 3156 17 view .LVU1040
 3857 0004 DC68     		ldr	r4, [r3, #12]
 3858              	.LVL260:
3157:Middlewares/Third_Party/FreeRTOS/Source/tasks.c **** 	( void ) uxListRemove( &( pxUnblockedTCB->xEventListItem ) );
 3859              		.loc 1 3157 2 is_stmt 1 view .LVU1041
 3860 0006 34B3     		cbz	r4, .L298
3157:Middlewares/Third_Party/FreeRTOS/Source/tasks.c **** 	( void ) uxListRemove( &( pxUnblockedTCB->xEventListItem ) );
 3861              		.loc 1 3157 32 view .LVU1042
3158:Middlewares/Third_Party/FreeRTOS/Source/tasks.c **** 
 3862              		.loc 1 3158 2 view .LVU1043
3158:Middlewares/Third_Party/FreeRTOS/Source/tasks.c **** 
 3863              		.loc 1 3158 25 is_stmt 0 view .LVU1044
 3864 0008 04F11803 		add	r3, r4, #24
 3865 000c 1D46     		mov	r5, r3
3158:Middlewares/Third_Party/FreeRTOS/Source/tasks.c **** 
 3866              		.loc 1 3158 11 view .LVU1045
 3867 000e 1846     		mov	r0, r3
 3868              	.LVL261:
3158:Middlewares/Third_Party/FreeRTOS/Source/tasks.c **** 
 3869              		.loc 1 3158 11 view .LVU1046
 3870 0010 FFF7FEFF 		bl	uxListRemove
 3871              	.LVL262:
3160:Middlewares/Third_Party/FreeRTOS/Source/tasks.c **** 	{
 3872              		.loc 1 3160 2 is_stmt 1 view .LVU1047
3160:Middlewares/Third_Party/FreeRTOS/Source/tasks.c **** 	{
 3873              		.loc 1 3160 27 is_stmt 0 view .LVU1048
 3874 0014 184B     		ldr	r3, .L299
 3875 0016 1B68     		ldr	r3, [r3]
3160:Middlewares/Third_Party/FreeRTOS/Source/tasks.c **** 	{
 3876              		.loc 1 3160 4 view .LVU1049
 3877 0018 33BB     		cbnz	r3, .L293
3162:Middlewares/Third_Party/FreeRTOS/Source/tasks.c **** 		prvAddTaskToReadyList( pxUnblockedTCB );
 3878              		.loc 1 3162 3 is_stmt 1 view .LVU1050
3162:Middlewares/Third_Party/FreeRTOS/Source/tasks.c **** 		prvAddTaskToReadyList( pxUnblockedTCB );
 3879              		.loc 1 3162 26 is_stmt 0 view .LVU1051
 3880 001a 231D     		adds	r3, r4, #4
 3881 001c 1D46     		mov	r5, r3
3162:Middlewares/Third_Party/FreeRTOS/Source/tasks.c **** 		prvAddTaskToReadyList( pxUnblockedTCB );
 3882              		.loc 1 3162 12 view .LVU1052
 3883 001e 1846     		mov	r0, r3
 3884 0020 FFF7FEFF 		bl	uxListRemove
 3885              	.LVL263:
ARM GAS  C:\Users\subdia\AppData\Local\Temp\ccqYdsij.s 			page 182


3163:Middlewares/Third_Party/FreeRTOS/Source/tasks.c **** 
 3886              		.loc 1 3163 3 is_stmt 1 view .LVU1053
3163:Middlewares/Third_Party/FreeRTOS/Source/tasks.c **** 
 3887              		.loc 1 3163 3 view .LVU1054
 3888 0024 E06A     		ldr	r0, [r4, #44]
 3889 0026 0123     		movs	r3, #1
 3890 0028 8340     		lsls	r3, r3, r0
 3891 002a 144A     		ldr	r2, .L299+4
 3892 002c 1168     		ldr	r1, [r2]
 3893 002e 0B43     		orrs	r3, r3, r1
 3894 0030 1360     		str	r3, [r2]
3163:Middlewares/Third_Party/FreeRTOS/Source/tasks.c **** 
 3895              		.loc 1 3163 3 view .LVU1055
 3896 0032 00EB8000 		add	r0, r0, r0, lsl #2
 3897 0036 2946     		mov	r1, r5
 3898 0038 114B     		ldr	r3, .L299+8
 3899 003a 03EB8000 		add	r0, r3, r0, lsl #2
 3900 003e FFF7FEFF 		bl	vListInsertEnd
 3901              	.LVL264:
3163:Middlewares/Third_Party/FreeRTOS/Source/tasks.c **** 
 3902              		.loc 1 3163 42 discriminator 1 view .LVU1056
 3903              	.L294:
3186:Middlewares/Third_Party/FreeRTOS/Source/tasks.c **** 	{
 3904              		.loc 1 3186 2 view .LVU1057
3186:Middlewares/Third_Party/FreeRTOS/Source/tasks.c **** 	{
 3905              		.loc 1 3186 20 is_stmt 0 view .LVU1058
 3906 0042 E26A     		ldr	r2, [r4, #44]
3186:Middlewares/Third_Party/FreeRTOS/Source/tasks.c **** 	{
 3907              		.loc 1 3186 47 view .LVU1059
 3908 0044 0F4B     		ldr	r3, .L299+12
 3909 0046 1B68     		ldr	r3, [r3]
 3910 0048 DB6A     		ldr	r3, [r3, #44]
3186:Middlewares/Third_Party/FreeRTOS/Source/tasks.c **** 	{
 3911              		.loc 1 3186 4 view .LVU1060
 3912 004a 9A42     		cmp	r2, r3
 3913 004c 11D9     		bls	.L296
3191:Middlewares/Third_Party/FreeRTOS/Source/tasks.c **** 
 3914              		.loc 1 3191 3 is_stmt 1 view .LVU1061
 3915              	.LVL265:
3195:Middlewares/Third_Party/FreeRTOS/Source/tasks.c **** 	}
 3916              		.loc 1 3195 3 view .LVU1062
3195:Middlewares/Third_Party/FreeRTOS/Source/tasks.c **** 	}
 3917              		.loc 1 3195 17 is_stmt 0 view .LVU1063
 3918 004e 0120     		movs	r0, #1
 3919 0050 0D4B     		ldr	r3, .L299+16
 3920 0052 1860     		str	r0, [r3]
 3921              	.LVL266:
 3922              	.L290:
3203:Middlewares/Third_Party/FreeRTOS/Source/tasks.c **** /*-----------------------------------------------------------*/
 3923              		.loc 1 3203 1 view .LVU1064
 3924 0054 38BD     		pop	{r3, r4, r5, pc}
 3925              	.LVL267:
 3926              	.L298:
3157:Middlewares/Third_Party/FreeRTOS/Source/tasks.c **** 	( void ) uxListRemove( &( pxUnblockedTCB->xEventListItem ) );
 3927              		.loc 1 3157 2 is_stmt 1 discriminator 1 view .LVU1065
 3928              	.LBB180:
 3929              	.LBI180:
ARM GAS  C:\Users\subdia\AppData\Local\Temp\ccqYdsij.s 			page 183


 193:Middlewares/Third_Party/FreeRTOS/Source/portable/GCC/ARM_CM3/portmacro.h **** {
 3930              		.loc 2 193 30 view .LVU1066
 3931              	.LBB181:
 195:Middlewares/Third_Party/FreeRTOS/Source/portable/GCC/ARM_CM3/portmacro.h **** 
 3932              		.loc 2 195 1 view .LVU1067
 197:Middlewares/Third_Party/FreeRTOS/Source/portable/GCC/ARM_CM3/portmacro.h **** 	(
 3933              		.loc 2 197 2 view .LVU1068
 3934              		.syntax unified
 3935              	@ 197 "Middlewares/Third_Party/FreeRTOS/Source/portable/GCC/ARM_CM3/portmacro.h" 1
 3936 0056 4FF05003 			mov r3, #80												
 3937 005a 83F31188 		msr basepri, r3											
 3938 005e BFF36F8F 		isb														
 3939 0062 BFF34F8F 		dsb														
 3940              	
 3941              	@ 0 "" 2
 3942              		.thumb
 3943              		.syntax unified
 3944              	.L292:
 3945              	.LBE181:
 3946              	.LBE180:
3157:Middlewares/Third_Party/FreeRTOS/Source/tasks.c **** 	( void ) uxListRemove( &( pxUnblockedTCB->xEventListItem ) );
 3947              		.loc 1 3157 2 view .LVU1069
 3948 0066 FEE7     		b	.L292
 3949              	.LVL268:
 3950              	.L293:
3183:Middlewares/Third_Party/FreeRTOS/Source/tasks.c **** 	}
 3951              		.loc 1 3183 3 view .LVU1070
 3952 0068 2946     		mov	r1, r5
 3953 006a 0848     		ldr	r0, .L299+20
 3954 006c FFF7FEFF 		bl	vListInsertEnd
 3955              	.LVL269:
 3956 0070 E7E7     		b	.L294
 3957              	.L296:
3199:Middlewares/Third_Party/FreeRTOS/Source/tasks.c **** 	}
 3958              		.loc 1 3199 11 is_stmt 0 view .LVU1071
 3959 0072 0020     		movs	r0, #0
 3960              	.LVL270:
3202:Middlewares/Third_Party/FreeRTOS/Source/tasks.c **** }
 3961              		.loc 1 3202 2 is_stmt 1 view .LVU1072
3202:Middlewares/Third_Party/FreeRTOS/Source/tasks.c **** }
 3962              		.loc 1 3202 9 is_stmt 0 view .LVU1073
 3963 0074 EEE7     		b	.L290
 3964              	.L300:
 3965 0076 00BF     		.align	2
 3966              	.L299:
 3967 0078 00000000 		.word	uxSchedulerSuspended
 3968 007c 00000000 		.word	uxTopReadyPriority
 3969 0080 00000000 		.word	pxReadyTasksLists
 3970 0084 00000000 		.word	pxCurrentTCB
 3971 0088 00000000 		.word	xYieldPending
 3972 008c 00000000 		.word	xPendingReadyList
 3973              		.cfi_endproc
 3974              	.LFE31:
 3976              		.section	.text.vTaskRemoveFromUnorderedEventList,"ax",%progbits
 3977              		.align	1
 3978              		.global	vTaskRemoveFromUnorderedEventList
 3979              		.syntax unified
ARM GAS  C:\Users\subdia\AppData\Local\Temp\ccqYdsij.s 			page 184


 3980              		.thumb
 3981              		.thumb_func
 3983              	vTaskRemoveFromUnorderedEventList:
 3984              	.LVL271:
 3985              	.LFB32:
3207:Middlewares/Third_Party/FreeRTOS/Source/tasks.c **** TCB_t *pxUnblockedTCB;
 3986              		.loc 1 3207 1 is_stmt 1 view -0
 3987              		.cfi_startproc
 3988              		@ args = 0, pretend = 0, frame = 0
 3989              		@ frame_needed = 0, uses_anonymous_args = 0
3207:Middlewares/Third_Party/FreeRTOS/Source/tasks.c **** TCB_t *pxUnblockedTCB;
 3990              		.loc 1 3207 1 is_stmt 0 view .LVU1075
 3991 0000 38B5     		push	{r3, r4, r5, lr}
 3992              	.LCFI36:
 3993              		.cfi_def_cfa_offset 16
 3994              		.cfi_offset 3, -16
 3995              		.cfi_offset 4, -12
 3996              		.cfi_offset 5, -8
 3997              		.cfi_offset 14, -4
3208:Middlewares/Third_Party/FreeRTOS/Source/tasks.c **** 
 3998              		.loc 1 3208 1 is_stmt 1 view .LVU1076
3212:Middlewares/Third_Party/FreeRTOS/Source/tasks.c **** 
 3999              		.loc 1 3212 2 view .LVU1077
 4000 0002 1D4B     		ldr	r3, .L309
 4001 0004 1B68     		ldr	r3, [r3]
 4002 0006 43B9     		cbnz	r3, .L302
3212:Middlewares/Third_Party/FreeRTOS/Source/tasks.c **** 
 4003              		.loc 1 3212 2 discriminator 1 view .LVU1078
 4004              	.LBB182:
 4005              	.LBI182:
 193:Middlewares/Third_Party/FreeRTOS/Source/portable/GCC/ARM_CM3/portmacro.h **** {
 4006              		.loc 2 193 30 view .LVU1079
 4007              	.LBB183:
 195:Middlewares/Third_Party/FreeRTOS/Source/portable/GCC/ARM_CM3/portmacro.h **** 
 4008              		.loc 2 195 1 view .LVU1080
 197:Middlewares/Third_Party/FreeRTOS/Source/portable/GCC/ARM_CM3/portmacro.h **** 	(
 4009              		.loc 2 197 2 view .LVU1081
 4010              		.syntax unified
 4011              	@ 197 "Middlewares/Third_Party/FreeRTOS/Source/portable/GCC/ARM_CM3/portmacro.h" 1
 4012 0008 4FF05003 			mov r3, #80												
 4013 000c 83F31188 		msr basepri, r3											
 4014 0010 BFF36F8F 		isb														
 4015 0014 BFF34F8F 		dsb														
 4016              	
 4017              	@ 0 "" 2
 4018              		.thumb
 4019              		.syntax unified
 4020              	.L303:
 4021              	.LBE183:
 4022              	.LBE182:
3212:Middlewares/Third_Party/FreeRTOS/Source/tasks.c **** 
 4023              		.loc 1 3212 2 view .LVU1082
 4024 0018 FEE7     		b	.L303
 4025              	.L302:
3212:Middlewares/Third_Party/FreeRTOS/Source/tasks.c **** 
 4026              		.loc 1 3212 49 view .LVU1083
3215:Middlewares/Third_Party/FreeRTOS/Source/tasks.c **** 
ARM GAS  C:\Users\subdia\AppData\Local\Temp\ccqYdsij.s 			page 185


 4027              		.loc 1 3215 2 view .LVU1084
 4028 001a 41F00041 		orr	r1, r1, #-2147483648
 4029              	.LVL272:
3215:Middlewares/Third_Party/FreeRTOS/Source/tasks.c **** 
 4030              		.loc 1 3215 2 is_stmt 0 view .LVU1085
 4031 001e 0160     		str	r1, [r0]
3219:Middlewares/Third_Party/FreeRTOS/Source/tasks.c **** 	configASSERT( pxUnblockedTCB );
 4032              		.loc 1 3219 2 is_stmt 1 view .LVU1086
3219:Middlewares/Third_Party/FreeRTOS/Source/tasks.c **** 	configASSERT( pxUnblockedTCB );
 4033              		.loc 1 3219 17 is_stmt 0 view .LVU1087
 4034 0020 C468     		ldr	r4, [r0, #12]
 4035              	.LVL273:
3220:Middlewares/Third_Party/FreeRTOS/Source/tasks.c **** 	( void ) uxListRemove( pxEventListItem );
 4036              		.loc 1 3220 2 is_stmt 1 view .LVU1088
 4037 0022 FCB1     		cbz	r4, .L308
3220:Middlewares/Third_Party/FreeRTOS/Source/tasks.c **** 	( void ) uxListRemove( pxEventListItem );
 4038              		.loc 1 3220 32 view .LVU1089
3221:Middlewares/Third_Party/FreeRTOS/Source/tasks.c **** 
 4039              		.loc 1 3221 2 view .LVU1090
3221:Middlewares/Third_Party/FreeRTOS/Source/tasks.c **** 
 4040              		.loc 1 3221 11 is_stmt 0 view .LVU1091
 4041 0024 FFF7FEFF 		bl	uxListRemove
 4042              	.LVL274:
3240:Middlewares/Third_Party/FreeRTOS/Source/tasks.c **** 	prvAddTaskToReadyList( pxUnblockedTCB );
 4043              		.loc 1 3240 2 is_stmt 1 view .LVU1092
3240:Middlewares/Third_Party/FreeRTOS/Source/tasks.c **** 	prvAddTaskToReadyList( pxUnblockedTCB );
 4044              		.loc 1 3240 25 is_stmt 0 view .LVU1093
 4045 0028 231D     		adds	r3, r4, #4
 4046 002a 1D46     		mov	r5, r3
3240:Middlewares/Third_Party/FreeRTOS/Source/tasks.c **** 	prvAddTaskToReadyList( pxUnblockedTCB );
 4047              		.loc 1 3240 11 view .LVU1094
 4048 002c 1846     		mov	r0, r3
 4049 002e FFF7FEFF 		bl	uxListRemove
 4050              	.LVL275:
3241:Middlewares/Third_Party/FreeRTOS/Source/tasks.c **** 
 4051              		.loc 1 3241 2 is_stmt 1 view .LVU1095
3241:Middlewares/Third_Party/FreeRTOS/Source/tasks.c **** 
 4052              		.loc 1 3241 2 view .LVU1096
 4053 0032 E06A     		ldr	r0, [r4, #44]
 4054 0034 0123     		movs	r3, #1
 4055 0036 8340     		lsls	r3, r3, r0
 4056 0038 104A     		ldr	r2, .L309+4
 4057 003a 1168     		ldr	r1, [r2]
 4058 003c 0B43     		orrs	r3, r3, r1
 4059 003e 1360     		str	r3, [r2]
3241:Middlewares/Third_Party/FreeRTOS/Source/tasks.c **** 
 4060              		.loc 1 3241 2 view .LVU1097
 4061 0040 00EB8000 		add	r0, r0, r0, lsl #2
 4062 0044 2946     		mov	r1, r5
 4063 0046 0E4B     		ldr	r3, .L309+8
 4064 0048 03EB8000 		add	r0, r3, r0, lsl #2
 4065 004c FFF7FEFF 		bl	vListInsertEnd
 4066              	.LVL276:
3241:Middlewares/Third_Party/FreeRTOS/Source/tasks.c **** 
 4067              		.loc 1 3241 41 discriminator 1 view .LVU1098
3243:Middlewares/Third_Party/FreeRTOS/Source/tasks.c **** 	{
 4068              		.loc 1 3243 2 view .LVU1099
ARM GAS  C:\Users\subdia\AppData\Local\Temp\ccqYdsij.s 			page 186


3243:Middlewares/Third_Party/FreeRTOS/Source/tasks.c **** 	{
 4069              		.loc 1 3243 20 is_stmt 0 view .LVU1100
 4070 0050 E26A     		ldr	r2, [r4, #44]
3243:Middlewares/Third_Party/FreeRTOS/Source/tasks.c **** 	{
 4071              		.loc 1 3243 47 view .LVU1101
 4072 0052 0C4B     		ldr	r3, .L309+12
 4073 0054 1B68     		ldr	r3, [r3]
 4074 0056 DB6A     		ldr	r3, [r3, #44]
3243:Middlewares/Third_Party/FreeRTOS/Source/tasks.c **** 	{
 4075              		.loc 1 3243 4 view .LVU1102
 4076 0058 9A42     		cmp	r2, r3
 4077 005a 02D9     		bls	.L301
3249:Middlewares/Third_Party/FreeRTOS/Source/tasks.c **** 	}
 4078              		.loc 1 3249 3 is_stmt 1 view .LVU1103
3249:Middlewares/Third_Party/FreeRTOS/Source/tasks.c **** 	}
 4079              		.loc 1 3249 17 is_stmt 0 view .LVU1104
 4080 005c 0A4B     		ldr	r3, .L309+16
 4081 005e 0122     		movs	r2, #1
 4082 0060 1A60     		str	r2, [r3]
 4083              	.L301:
3251:Middlewares/Third_Party/FreeRTOS/Source/tasks.c **** /*-----------------------------------------------------------*/
 4084              		.loc 1 3251 1 view .LVU1105
 4085 0062 38BD     		pop	{r3, r4, r5, pc}
 4086              	.LVL277:
 4087              	.L308:
3220:Middlewares/Third_Party/FreeRTOS/Source/tasks.c **** 	( void ) uxListRemove( pxEventListItem );
 4088              		.loc 1 3220 2 is_stmt 1 discriminator 1 view .LVU1106
 4089              	.LBB184:
 4090              	.LBI184:
 193:Middlewares/Third_Party/FreeRTOS/Source/portable/GCC/ARM_CM3/portmacro.h **** {
 4091              		.loc 2 193 30 view .LVU1107
 4092              	.LBB185:
 195:Middlewares/Third_Party/FreeRTOS/Source/portable/GCC/ARM_CM3/portmacro.h **** 
 4093              		.loc 2 195 1 view .LVU1108
 197:Middlewares/Third_Party/FreeRTOS/Source/portable/GCC/ARM_CM3/portmacro.h **** 	(
 4094              		.loc 2 197 2 view .LVU1109
 4095              		.syntax unified
 4096              	@ 197 "Middlewares/Third_Party/FreeRTOS/Source/portable/GCC/ARM_CM3/portmacro.h" 1
 4097 0064 4FF05003 			mov r3, #80												
 4098 0068 83F31188 		msr basepri, r3											
 4099 006c BFF36F8F 		isb														
 4100 0070 BFF34F8F 		dsb														
 4101              	
 4102              	@ 0 "" 2
 4103              		.thumb
 4104              		.syntax unified
 4105              	.L305:
 4106              	.LBE185:
 4107              	.LBE184:
3220:Middlewares/Third_Party/FreeRTOS/Source/tasks.c **** 	( void ) uxListRemove( pxEventListItem );
 4108              		.loc 1 3220 2 view .LVU1110
 4109 0074 FEE7     		b	.L305
 4110              	.L310:
 4111 0076 00BF     		.align	2
 4112              	.L309:
 4113 0078 00000000 		.word	uxSchedulerSuspended
 4114 007c 00000000 		.word	uxTopReadyPriority
ARM GAS  C:\Users\subdia\AppData\Local\Temp\ccqYdsij.s 			page 187


 4115 0080 00000000 		.word	pxReadyTasksLists
 4116 0084 00000000 		.word	pxCurrentTCB
 4117 0088 00000000 		.word	xYieldPending
 4118              		.cfi_endproc
 4119              	.LFE32:
 4121              		.section	.text.vTaskSetTimeOutState,"ax",%progbits
 4122              		.align	1
 4123              		.global	vTaskSetTimeOutState
 4124              		.syntax unified
 4125              		.thumb
 4126              		.thumb_func
 4128              	vTaskSetTimeOutState:
 4129              	.LVL278:
 4130              	.LFB33:
3255:Middlewares/Third_Party/FreeRTOS/Source/tasks.c **** 	configASSERT( pxTimeOut );
 4131              		.loc 1 3255 1 view -0
 4132              		.cfi_startproc
 4133              		@ args = 0, pretend = 0, frame = 0
 4134              		@ frame_needed = 0, uses_anonymous_args = 0
3256:Middlewares/Third_Party/FreeRTOS/Source/tasks.c **** 	taskENTER_CRITICAL();
 4135              		.loc 1 3256 2 view .LVU1112
 4136 0000 60B1     		cbz	r0, .L316
3255:Middlewares/Third_Party/FreeRTOS/Source/tasks.c **** 	configASSERT( pxTimeOut );
 4137              		.loc 1 3255 1 is_stmt 0 view .LVU1113
 4138 0002 10B5     		push	{r4, lr}
 4139              	.LCFI37:
 4140              		.cfi_def_cfa_offset 8
 4141              		.cfi_offset 4, -8
 4142              		.cfi_offset 14, -4
 4143 0004 0446     		mov	r4, r0
3256:Middlewares/Third_Party/FreeRTOS/Source/tasks.c **** 	taskENTER_CRITICAL();
 4144              		.loc 1 3256 27 is_stmt 1 view .LVU1114
3257:Middlewares/Third_Party/FreeRTOS/Source/tasks.c **** 	{
 4145              		.loc 1 3257 2 view .LVU1115
 4146 0006 FFF7FEFF 		bl	vPortEnterCritical
 4147              	.LVL279:
3259:Middlewares/Third_Party/FreeRTOS/Source/tasks.c **** 		pxTimeOut->xTimeOnEntering = xTickCount;
 4148              		.loc 1 3259 3 view .LVU1116
3259:Middlewares/Third_Party/FreeRTOS/Source/tasks.c **** 		pxTimeOut->xTimeOnEntering = xTickCount;
 4149              		.loc 1 3259 29 is_stmt 0 view .LVU1117
 4150 000a 094B     		ldr	r3, .L317
 4151 000c 1B68     		ldr	r3, [r3]
 4152 000e 2360     		str	r3, [r4]
3260:Middlewares/Third_Party/FreeRTOS/Source/tasks.c **** 	}
 4153              		.loc 1 3260 3 is_stmt 1 view .LVU1118
3260:Middlewares/Third_Party/FreeRTOS/Source/tasks.c **** 	}
 4154              		.loc 1 3260 30 is_stmt 0 view .LVU1119
 4155 0010 084B     		ldr	r3, .L317+4
 4156 0012 1B68     		ldr	r3, [r3]
 4157 0014 6360     		str	r3, [r4, #4]
3262:Middlewares/Third_Party/FreeRTOS/Source/tasks.c **** }
 4158              		.loc 1 3262 2 is_stmt 1 view .LVU1120
 4159 0016 FFF7FEFF 		bl	vPortExitCritical
 4160              	.LVL280:
3263:Middlewares/Third_Party/FreeRTOS/Source/tasks.c **** /*-----------------------------------------------------------*/
 4161              		.loc 1 3263 1 is_stmt 0 view .LVU1121
 4162 001a 10BD     		pop	{r4, pc}
ARM GAS  C:\Users\subdia\AppData\Local\Temp\ccqYdsij.s 			page 188


 4163              	.LVL281:
 4164              	.L316:
 4165              	.LCFI38:
 4166              		.cfi_def_cfa_offset 0
 4167              		.cfi_restore 4
 4168              		.cfi_restore 14
3256:Middlewares/Third_Party/FreeRTOS/Source/tasks.c **** 	taskENTER_CRITICAL();
 4169              		.loc 1 3256 2 is_stmt 1 discriminator 1 view .LVU1122
 4170              	.LBB186:
 4171              	.LBI186:
 193:Middlewares/Third_Party/FreeRTOS/Source/portable/GCC/ARM_CM3/portmacro.h **** {
 4172              		.loc 2 193 30 view .LVU1123
 4173              	.LBB187:
 195:Middlewares/Third_Party/FreeRTOS/Source/portable/GCC/ARM_CM3/portmacro.h **** 
 4174              		.loc 2 195 1 view .LVU1124
 197:Middlewares/Third_Party/FreeRTOS/Source/portable/GCC/ARM_CM3/portmacro.h **** 	(
 4175              		.loc 2 197 2 view .LVU1125
 4176              		.syntax unified
 4177              	@ 197 "Middlewares/Third_Party/FreeRTOS/Source/portable/GCC/ARM_CM3/portmacro.h" 1
 4178 001c 4FF05003 			mov r3, #80												
 4179 0020 83F31188 		msr basepri, r3											
 4180 0024 BFF36F8F 		isb														
 4181 0028 BFF34F8F 		dsb														
 4182              	
 4183              	@ 0 "" 2
 4184              		.thumb
 4185              		.syntax unified
 4186              	.L313:
 4187              	.LBE187:
 4188              	.LBE186:
3256:Middlewares/Third_Party/FreeRTOS/Source/tasks.c **** 	taskENTER_CRITICAL();
 4189              		.loc 1 3256 2 view .LVU1126
 4190 002c FEE7     		b	.L313
 4191              	.L318:
 4192 002e 00BF     		.align	2
 4193              	.L317:
 4194 0030 00000000 		.word	xNumOfOverflows
 4195 0034 00000000 		.word	xTickCount
 4196              		.cfi_endproc
 4197              	.LFE33:
 4199              		.section	.text.vTaskInternalSetTimeOutState,"ax",%progbits
 4200              		.align	1
 4201              		.global	vTaskInternalSetTimeOutState
 4202              		.syntax unified
 4203              		.thumb
 4204              		.thumb_func
 4206              	vTaskInternalSetTimeOutState:
 4207              	.LVL282:
 4208              	.LFB34:
3267:Middlewares/Third_Party/FreeRTOS/Source/tasks.c **** 	/* For internal use only as it does not use a critical section. */
 4209              		.loc 1 3267 1 view -0
 4210              		.cfi_startproc
 4211              		@ args = 0, pretend = 0, frame = 0
 4212              		@ frame_needed = 0, uses_anonymous_args = 0
 4213              		@ link register save eliminated.
3269:Middlewares/Third_Party/FreeRTOS/Source/tasks.c **** 	pxTimeOut->xTimeOnEntering = xTickCount;
 4214              		.loc 1 3269 2 view .LVU1128
ARM GAS  C:\Users\subdia\AppData\Local\Temp\ccqYdsij.s 			page 189


3269:Middlewares/Third_Party/FreeRTOS/Source/tasks.c **** 	pxTimeOut->xTimeOnEntering = xTickCount;
 4215              		.loc 1 3269 28 is_stmt 0 view .LVU1129
 4216 0000 034B     		ldr	r3, .L320
 4217 0002 1B68     		ldr	r3, [r3]
 4218 0004 0360     		str	r3, [r0]
3270:Middlewares/Third_Party/FreeRTOS/Source/tasks.c **** }
 4219              		.loc 1 3270 2 is_stmt 1 view .LVU1130
3270:Middlewares/Third_Party/FreeRTOS/Source/tasks.c **** }
 4220              		.loc 1 3270 29 is_stmt 0 view .LVU1131
 4221 0006 034B     		ldr	r3, .L320+4
 4222 0008 1B68     		ldr	r3, [r3]
 4223 000a 4360     		str	r3, [r0, #4]
3271:Middlewares/Third_Party/FreeRTOS/Source/tasks.c **** /*-----------------------------------------------------------*/
 4224              		.loc 1 3271 1 view .LVU1132
 4225 000c 7047     		bx	lr
 4226              	.L321:
 4227 000e 00BF     		.align	2
 4228              	.L320:
 4229 0010 00000000 		.word	xNumOfOverflows
 4230 0014 00000000 		.word	xTickCount
 4231              		.cfi_endproc
 4232              	.LFE34:
 4234              		.section	.text.xTaskCheckForTimeOut,"ax",%progbits
 4235              		.align	1
 4236              		.global	xTaskCheckForTimeOut
 4237              		.syntax unified
 4238              		.thumb
 4239              		.thumb_func
 4241              	xTaskCheckForTimeOut:
 4242              	.LVL283:
 4243              	.LFB35:
3275:Middlewares/Third_Party/FreeRTOS/Source/tasks.c **** BaseType_t xReturn;
 4244              		.loc 1 3275 1 is_stmt 1 view -0
 4245              		.cfi_startproc
 4246              		@ args = 0, pretend = 0, frame = 0
 4247              		@ frame_needed = 0, uses_anonymous_args = 0
3276:Middlewares/Third_Party/FreeRTOS/Source/tasks.c **** 
 4248              		.loc 1 3276 1 view .LVU1134
3278:Middlewares/Third_Party/FreeRTOS/Source/tasks.c **** 	configASSERT( pxTicksToWait );
 4249              		.loc 1 3278 2 view .LVU1135
 4250 0000 E0B1     		cbz	r0, .L334
3275:Middlewares/Third_Party/FreeRTOS/Source/tasks.c **** BaseType_t xReturn;
 4251              		.loc 1 3275 1 is_stmt 0 view .LVU1136
 4252 0002 70B5     		push	{r4, r5, r6, lr}
 4253              	.LCFI39:
 4254              		.cfi_def_cfa_offset 16
 4255              		.cfi_offset 4, -16
 4256              		.cfi_offset 5, -12
 4257              		.cfi_offset 6, -8
 4258              		.cfi_offset 14, -4
 4259 0004 0C46     		mov	r4, r1
 4260 0006 0646     		mov	r6, r0
3278:Middlewares/Third_Party/FreeRTOS/Source/tasks.c **** 	configASSERT( pxTicksToWait );
 4261              		.loc 1 3278 27 is_stmt 1 view .LVU1137
3279:Middlewares/Third_Party/FreeRTOS/Source/tasks.c **** 
 4262              		.loc 1 3279 2 view .LVU1138
 4263 0008 09B3     		cbz	r1, .L335
ARM GAS  C:\Users\subdia\AppData\Local\Temp\ccqYdsij.s 			page 190


3279:Middlewares/Third_Party/FreeRTOS/Source/tasks.c **** 
 4264              		.loc 1 3279 31 view .LVU1139
3281:Middlewares/Third_Party/FreeRTOS/Source/tasks.c **** 	{
 4265              		.loc 1 3281 2 view .LVU1140
 4266 000a FFF7FEFF 		bl	vPortEnterCritical
 4267              	.LVL284:
 4268              	.LBB188:
3284:Middlewares/Third_Party/FreeRTOS/Source/tasks.c **** 		const TickType_t xElapsedTime = xConstTickCount - pxTimeOut->xTimeOnEntering;
 4269              		.loc 1 3284 3 view .LVU1141
3284:Middlewares/Third_Party/FreeRTOS/Source/tasks.c **** 		const TickType_t xElapsedTime = xConstTickCount - pxTimeOut->xTimeOnEntering;
 4270              		.loc 1 3284 20 is_stmt 0 view .LVU1142
 4271 000e 1C4B     		ldr	r3, .L337
 4272 0010 1968     		ldr	r1, [r3]
 4273              	.LVL285:
3285:Middlewares/Third_Party/FreeRTOS/Source/tasks.c **** 
 4274              		.loc 1 3285 3 is_stmt 1 view .LVU1143
3285:Middlewares/Third_Party/FreeRTOS/Source/tasks.c **** 
 4275              		.loc 1 3285 62 is_stmt 0 view .LVU1144
 4276 0012 7368     		ldr	r3, [r6, #4]
3285:Middlewares/Third_Party/FreeRTOS/Source/tasks.c **** 
 4277              		.loc 1 3285 20 view .LVU1145
 4278 0014 C81A     		subs	r0, r1, r3
 4279              	.LVL286:
3299:Middlewares/Third_Party/FreeRTOS/Source/tasks.c **** 			{
 4280              		.loc 1 3299 4 is_stmt 1 view .LVU1146
3299:Middlewares/Third_Party/FreeRTOS/Source/tasks.c **** 			{
 4281              		.loc 1 3299 8 is_stmt 0 view .LVU1147
 4282 0016 2268     		ldr	r2, [r4]
3299:Middlewares/Third_Party/FreeRTOS/Source/tasks.c **** 			{
 4283              		.loc 1 3299 6 view .LVU1148
 4284 0018 B2F1FF3F 		cmp	r2, #-1
 4285 001c 28D0     		beq	.L330
3309:Middlewares/Third_Party/FreeRTOS/Source/tasks.c **** 		{
 4286              		.loc 1 3309 3 is_stmt 1 view .LVU1149
3309:Middlewares/Third_Party/FreeRTOS/Source/tasks.c **** 		{
 4287              		.loc 1 3309 37 is_stmt 0 view .LVU1150
 4288 001e 3568     		ldr	r5, [r6]
3309:Middlewares/Third_Party/FreeRTOS/Source/tasks.c **** 		{
 4289              		.loc 1 3309 25 view .LVU1151
 4290 0020 DFF860C0 		ldr	ip, .L337+4
 4291 0024 DCF800C0 		ldr	ip, [ip]
3309:Middlewares/Third_Party/FreeRTOS/Source/tasks.c **** 		{
 4292              		.loc 1 3309 5 view .LVU1152
 4293 0028 6545     		cmp	r5, ip
 4294 002a 01D0     		beq	.L328
3309:Middlewares/Third_Party/FreeRTOS/Source/tasks.c **** 		{
 4295              		.loc 1 3309 56 discriminator 1 view .LVU1153
 4296 002c 8B42     		cmp	r3, r1
 4297 002e 24D9     		bls	.L331
 4298              	.L328:
3318:Middlewares/Third_Party/FreeRTOS/Source/tasks.c **** 		{
 4299              		.loc 1 3318 8 is_stmt 1 view .LVU1154
3318:Middlewares/Third_Party/FreeRTOS/Source/tasks.c **** 		{
 4300              		.loc 1 3318 10 is_stmt 0 view .LVU1155
 4301 0030 8242     		cmp	r2, r0
 4302 0032 15D8     		bhi	.L336
3327:Middlewares/Third_Party/FreeRTOS/Source/tasks.c **** 			xReturn = pdTRUE;
ARM GAS  C:\Users\subdia\AppData\Local\Temp\ccqYdsij.s 			page 191


 4303              		.loc 1 3327 4 is_stmt 1 view .LVU1156
3327:Middlewares/Third_Party/FreeRTOS/Source/tasks.c **** 			xReturn = pdTRUE;
 4304              		.loc 1 3327 19 is_stmt 0 view .LVU1157
 4305 0034 0023     		movs	r3, #0
 4306 0036 2360     		str	r3, [r4]
3328:Middlewares/Third_Party/FreeRTOS/Source/tasks.c **** 		}
 4307              		.loc 1 3328 4 is_stmt 1 view .LVU1158
 4308              	.LVL287:
3328:Middlewares/Third_Party/FreeRTOS/Source/tasks.c **** 		}
 4309              		.loc 1 3328 12 is_stmt 0 view .LVU1159
 4310 0038 0124     		movs	r4, #1
 4311              	.LVL288:
3328:Middlewares/Third_Party/FreeRTOS/Source/tasks.c **** 		}
 4312              		.loc 1 3328 12 view .LVU1160
 4313 003a 1AE0     		b	.L327
 4314              	.LVL289:
 4315              	.L334:
 4316              	.LCFI40:
 4317              		.cfi_def_cfa_offset 0
 4318              		.cfi_restore 4
 4319              		.cfi_restore 5
 4320              		.cfi_restore 6
 4321              		.cfi_restore 14
3328:Middlewares/Third_Party/FreeRTOS/Source/tasks.c **** 		}
 4322              		.loc 1 3328 12 view .LVU1161
 4323              	.LBE188:
3278:Middlewares/Third_Party/FreeRTOS/Source/tasks.c **** 	configASSERT( pxTicksToWait );
 4324              		.loc 1 3278 2 is_stmt 1 discriminator 1 view .LVU1162
 4325              	.LBB189:
 4326              	.LBI189:
 193:Middlewares/Third_Party/FreeRTOS/Source/portable/GCC/ARM_CM3/portmacro.h **** {
 4327              		.loc 2 193 30 view .LVU1163
 4328              	.LBB190:
 195:Middlewares/Third_Party/FreeRTOS/Source/portable/GCC/ARM_CM3/portmacro.h **** 
 4329              		.loc 2 195 1 view .LVU1164
 197:Middlewares/Third_Party/FreeRTOS/Source/portable/GCC/ARM_CM3/portmacro.h **** 	(
 4330              		.loc 2 197 2 view .LVU1165
 4331              		.syntax unified
 4332              	@ 197 "Middlewares/Third_Party/FreeRTOS/Source/portable/GCC/ARM_CM3/portmacro.h" 1
 4333 003c 4FF05003 			mov r3, #80												
 4334 0040 83F31188 		msr basepri, r3											
 4335 0044 BFF36F8F 		isb														
 4336 0048 BFF34F8F 		dsb														
 4337              	
 4338              	@ 0 "" 2
 4339              		.thumb
 4340              		.syntax unified
 4341              	.L324:
 4342              	.LBE190:
 4343              	.LBE189:
3278:Middlewares/Third_Party/FreeRTOS/Source/tasks.c **** 	configASSERT( pxTicksToWait );
 4344              		.loc 1 3278 2 view .LVU1166
 4345 004c FEE7     		b	.L324
 4346              	.L335:
 4347              	.LCFI41:
 4348              		.cfi_def_cfa_offset 16
 4349              		.cfi_offset 4, -16
ARM GAS  C:\Users\subdia\AppData\Local\Temp\ccqYdsij.s 			page 192


 4350              		.cfi_offset 5, -12
 4351              		.cfi_offset 6, -8
 4352              		.cfi_offset 14, -4
3279:Middlewares/Third_Party/FreeRTOS/Source/tasks.c **** 
 4353              		.loc 1 3279 2 discriminator 1 view .LVU1167
 4354              	.LBB191:
 4355              	.LBI191:
 193:Middlewares/Third_Party/FreeRTOS/Source/portable/GCC/ARM_CM3/portmacro.h **** {
 4356              		.loc 2 193 30 view .LVU1168
 4357              	.LBB192:
 195:Middlewares/Third_Party/FreeRTOS/Source/portable/GCC/ARM_CM3/portmacro.h **** 
 4358              		.loc 2 195 1 view .LVU1169
 197:Middlewares/Third_Party/FreeRTOS/Source/portable/GCC/ARM_CM3/portmacro.h **** 	(
 4359              		.loc 2 197 2 view .LVU1170
 4360              		.syntax unified
 4361              	@ 197 "Middlewares/Third_Party/FreeRTOS/Source/portable/GCC/ARM_CM3/portmacro.h" 1
 4362 004e 4FF05003 			mov r3, #80												
 4363 0052 83F31188 		msr basepri, r3											
 4364 0056 BFF36F8F 		isb														
 4365 005a BFF34F8F 		dsb														
 4366              	
 4367              	@ 0 "" 2
 4368              		.thumb
 4369              		.syntax unified
 4370              	.L326:
 4371              	.LBE192:
 4372              	.LBE191:
3279:Middlewares/Third_Party/FreeRTOS/Source/tasks.c **** 
 4373              		.loc 1 3279 2 view .LVU1171
 4374 005e FEE7     		b	.L326
 4375              	.LVL290:
 4376              	.L336:
 4377              	.LBB193:
3321:Middlewares/Third_Party/FreeRTOS/Source/tasks.c **** 			vTaskInternalSetTimeOutState( pxTimeOut );
 4378              		.loc 1 3321 4 view .LVU1172
3321:Middlewares/Third_Party/FreeRTOS/Source/tasks.c **** 			vTaskInternalSetTimeOutState( pxTimeOut );
 4379              		.loc 1 3321 19 is_stmt 0 view .LVU1173
 4380 0060 5B1A     		subs	r3, r3, r1
 4381 0062 1344     		add	r3, r3, r2
 4382 0064 2360     		str	r3, [r4]
3322:Middlewares/Third_Party/FreeRTOS/Source/tasks.c **** 			xReturn = pdFALSE;
 4383              		.loc 1 3322 4 is_stmt 1 view .LVU1174
 4384 0066 3046     		mov	r0, r6
 4385              	.LVL291:
3322:Middlewares/Third_Party/FreeRTOS/Source/tasks.c **** 			xReturn = pdFALSE;
 4386              		.loc 1 3322 4 is_stmt 0 view .LVU1175
 4387 0068 FFF7FEFF 		bl	vTaskInternalSetTimeOutState
 4388              	.LVL292:
3323:Middlewares/Third_Party/FreeRTOS/Source/tasks.c **** 		}
 4389              		.loc 1 3323 4 is_stmt 1 view .LVU1176
3323:Middlewares/Third_Party/FreeRTOS/Source/tasks.c **** 		}
 4390              		.loc 1 3323 12 is_stmt 0 view .LVU1177
 4391 006c 0024     		movs	r4, #0
 4392              	.LVL293:
3323:Middlewares/Third_Party/FreeRTOS/Source/tasks.c **** 		}
 4393              		.loc 1 3323 12 view .LVU1178
 4394 006e 00E0     		b	.L327
ARM GAS  C:\Users\subdia\AppData\Local\Temp\ccqYdsij.s 			page 193


 4395              	.LVL294:
 4396              	.L330:
3304:Middlewares/Third_Party/FreeRTOS/Source/tasks.c **** 			}
 4397              		.loc 1 3304 13 view .LVU1179
 4398 0070 0024     		movs	r4, #0
 4399              	.LVL295:
 4400              	.L327:
3304:Middlewares/Third_Party/FreeRTOS/Source/tasks.c **** 			}
 4401              		.loc 1 3304 13 view .LVU1180
 4402              	.LBE193:
3331:Middlewares/Third_Party/FreeRTOS/Source/tasks.c **** 
 4403              		.loc 1 3331 2 is_stmt 1 view .LVU1181
 4404 0072 FFF7FEFF 		bl	vPortExitCritical
 4405              	.LVL296:
3333:Middlewares/Third_Party/FreeRTOS/Source/tasks.c **** }
 4406              		.loc 1 3333 2 view .LVU1182
3334:Middlewares/Third_Party/FreeRTOS/Source/tasks.c **** /*-----------------------------------------------------------*/
 4407              		.loc 1 3334 1 is_stmt 0 view .LVU1183
 4408 0076 2046     		mov	r0, r4
 4409 0078 70BD     		pop	{r4, r5, r6, pc}
 4410              	.LVL297:
 4411              	.L331:
 4412              	.LBB194:
3316:Middlewares/Third_Party/FreeRTOS/Source/tasks.c **** 		}
 4413              		.loc 1 3316 12 view .LVU1184
 4414 007a 0124     		movs	r4, #1
 4415              	.LVL298:
3316:Middlewares/Third_Party/FreeRTOS/Source/tasks.c **** 		}
 4416              		.loc 1 3316 12 view .LVU1185
 4417 007c F9E7     		b	.L327
 4418              	.L338:
 4419 007e 00BF     		.align	2
 4420              	.L337:
 4421 0080 00000000 		.word	xTickCount
 4422 0084 00000000 		.word	xNumOfOverflows
 4423              	.LBE194:
 4424              		.cfi_endproc
 4425              	.LFE35:
 4427              		.section	.text.vTaskMissedYield,"ax",%progbits
 4428              		.align	1
 4429              		.global	vTaskMissedYield
 4430              		.syntax unified
 4431              		.thumb
 4432              		.thumb_func
 4434              	vTaskMissedYield:
 4435              	.LFB36:
3338:Middlewares/Third_Party/FreeRTOS/Source/tasks.c **** 	xYieldPending = pdTRUE;
 4436              		.loc 1 3338 1 is_stmt 1 view -0
 4437              		.cfi_startproc
 4438              		@ args = 0, pretend = 0, frame = 0
 4439              		@ frame_needed = 0, uses_anonymous_args = 0
 4440              		@ link register save eliminated.
3339:Middlewares/Third_Party/FreeRTOS/Source/tasks.c **** }
 4441              		.loc 1 3339 2 view .LVU1187
3339:Middlewares/Third_Party/FreeRTOS/Source/tasks.c **** }
 4442              		.loc 1 3339 16 is_stmt 0 view .LVU1188
 4443 0000 014B     		ldr	r3, .L340
ARM GAS  C:\Users\subdia\AppData\Local\Temp\ccqYdsij.s 			page 194


 4444 0002 0122     		movs	r2, #1
 4445 0004 1A60     		str	r2, [r3]
3340:Middlewares/Third_Party/FreeRTOS/Source/tasks.c **** /*-----------------------------------------------------------*/
 4446              		.loc 1 3340 1 view .LVU1189
 4447 0006 7047     		bx	lr
 4448              	.L341:
 4449              		.align	2
 4450              	.L340:
 4451 0008 00000000 		.word	xYieldPending
 4452              		.cfi_endproc
 4453              	.LFE36:
 4455              		.section	.text.xTaskGetCurrentTaskHandle,"ax",%progbits
 4456              		.align	1
 4457              		.global	xTaskGetCurrentTaskHandle
 4458              		.syntax unified
 4459              		.thumb
 4460              		.thumb_func
 4462              	xTaskGetCurrentTaskHandle:
 4463              	.LFB42:
3970:Middlewares/Third_Party/FreeRTOS/Source/tasks.c **** 	TaskHandle_t xReturn;
 4464              		.loc 1 3970 2 is_stmt 1 view -0
 4465              		.cfi_startproc
 4466              		@ args = 0, pretend = 0, frame = 0
 4467              		@ frame_needed = 0, uses_anonymous_args = 0
 4468              		@ link register save eliminated.
3971:Middlewares/Third_Party/FreeRTOS/Source/tasks.c **** 
 4469              		.loc 1 3971 2 view .LVU1191
3976:Middlewares/Third_Party/FreeRTOS/Source/tasks.c **** 
 4470              		.loc 1 3976 3 view .LVU1192
3976:Middlewares/Third_Party/FreeRTOS/Source/tasks.c **** 
 4471              		.loc 1 3976 11 is_stmt 0 view .LVU1193
 4472 0000 014B     		ldr	r3, .L343
 4473 0002 1868     		ldr	r0, [r3]
 4474              	.LVL299:
3978:Middlewares/Third_Party/FreeRTOS/Source/tasks.c **** 	}
 4475              		.loc 1 3978 3 is_stmt 1 view .LVU1194
3979:Middlewares/Third_Party/FreeRTOS/Source/tasks.c **** 
 4476              		.loc 1 3979 2 is_stmt 0 view .LVU1195
 4477 0004 7047     		bx	lr
 4478              	.L344:
 4479 0006 00BF     		.align	2
 4480              	.L343:
 4481 0008 00000000 		.word	pxCurrentTCB
 4482              		.cfi_endproc
 4483              	.LFE42:
 4485              		.section	.text.xTaskGetSchedulerState,"ax",%progbits
 4486              		.align	1
 4487              		.global	xTaskGetSchedulerState
 4488              		.syntax unified
 4489              		.thumb
 4490              		.thumb_func
 4492              	xTaskGetSchedulerState:
 4493              	.LFB43:
3987:Middlewares/Third_Party/FreeRTOS/Source/tasks.c **** 	BaseType_t xReturn;
 4494              		.loc 1 3987 2 is_stmt 1 view -0
 4495              		.cfi_startproc
 4496              		@ args = 0, pretend = 0, frame = 0
ARM GAS  C:\Users\subdia\AppData\Local\Temp\ccqYdsij.s 			page 195


 4497              		@ frame_needed = 0, uses_anonymous_args = 0
 4498              		@ link register save eliminated.
3988:Middlewares/Third_Party/FreeRTOS/Source/tasks.c **** 
 4499              		.loc 1 3988 2 view .LVU1197
3990:Middlewares/Third_Party/FreeRTOS/Source/tasks.c **** 		{
 4500              		.loc 1 3990 3 view .LVU1198
3990:Middlewares/Third_Party/FreeRTOS/Source/tasks.c **** 		{
 4501              		.loc 1 3990 25 is_stmt 0 view .LVU1199
 4502 0000 054B     		ldr	r3, .L350
 4503 0002 1B68     		ldr	r3, [r3]
3990:Middlewares/Third_Party/FreeRTOS/Source/tasks.c **** 		{
 4504              		.loc 1 3990 5 view .LVU1200
 4505 0004 33B1     		cbz	r3, .L347
3996:Middlewares/Third_Party/FreeRTOS/Source/tasks.c **** 			{
 4506              		.loc 1 3996 4 is_stmt 1 view .LVU1201
3996:Middlewares/Third_Party/FreeRTOS/Source/tasks.c **** 			{
 4507              		.loc 1 3996 29 is_stmt 0 view .LVU1202
 4508 0006 054B     		ldr	r3, .L350+4
 4509 0008 1B68     		ldr	r3, [r3]
3996:Middlewares/Third_Party/FreeRTOS/Source/tasks.c **** 			{
 4510              		.loc 1 3996 6 view .LVU1203
 4511 000a 0BB1     		cbz	r3, .L349
4002:Middlewares/Third_Party/FreeRTOS/Source/tasks.c **** 			}
 4512              		.loc 1 4002 13 view .LVU1204
 4513 000c 0020     		movs	r0, #0
 4514              	.LVL300:
4006:Middlewares/Third_Party/FreeRTOS/Source/tasks.c **** 	}
 4515              		.loc 1 4006 3 is_stmt 1 view .LVU1205
4007:Middlewares/Third_Party/FreeRTOS/Source/tasks.c **** 
 4516              		.loc 1 4007 2 is_stmt 0 view .LVU1206
 4517 000e 7047     		bx	lr
 4518              	.LVL301:
 4519              	.L349:
3998:Middlewares/Third_Party/FreeRTOS/Source/tasks.c **** 			}
 4520              		.loc 1 3998 13 view .LVU1207
 4521 0010 0220     		movs	r0, #2
 4522 0012 7047     		bx	lr
 4523              	.L347:
3992:Middlewares/Third_Party/FreeRTOS/Source/tasks.c **** 		}
 4524              		.loc 1 3992 12 view .LVU1208
 4525 0014 0120     		movs	r0, #1
 4526 0016 7047     		bx	lr
 4527              	.L351:
 4528              		.align	2
 4529              	.L350:
 4530 0018 00000000 		.word	xSchedulerRunning
 4531 001c 00000000 		.word	uxSchedulerSuspended
 4532              		.cfi_endproc
 4533              	.LFE43:
 4535              		.section	.text.xTaskPriorityInherit,"ax",%progbits
 4536              		.align	1
 4537              		.global	xTaskPriorityInherit
 4538              		.syntax unified
 4539              		.thumb
 4540              		.thumb_func
 4542              	xTaskPriorityInherit:
 4543              	.LVL302:
ARM GAS  C:\Users\subdia\AppData\Local\Temp\ccqYdsij.s 			page 196


 4544              	.LFB44:
4015:Middlewares/Third_Party/FreeRTOS/Source/tasks.c **** 	TCB_t * const pxMutexHolderTCB = pxMutexHolder;
 4545              		.loc 1 4015 2 is_stmt 1 view -0
 4546              		.cfi_startproc
 4547              		@ args = 0, pretend = 0, frame = 0
 4548              		@ frame_needed = 0, uses_anonymous_args = 0
4016:Middlewares/Third_Party/FreeRTOS/Source/tasks.c **** 	BaseType_t xReturn = pdFALSE;
 4549              		.loc 1 4016 2 view .LVU1210
4017:Middlewares/Third_Party/FreeRTOS/Source/tasks.c **** 
 4550              		.loc 1 4017 2 view .LVU1211
4022:Middlewares/Third_Party/FreeRTOS/Source/tasks.c **** 		{
 4551              		.loc 1 4022 3 view .LVU1212
4022:Middlewares/Third_Party/FreeRTOS/Source/tasks.c **** 		{
 4552              		.loc 1 4022 5 is_stmt 0 view .LVU1213
 4553 0000 0028     		cmp	r0, #0
 4554 0002 4BD0     		beq	.L361
4015:Middlewares/Third_Party/FreeRTOS/Source/tasks.c **** 	TCB_t * const pxMutexHolderTCB = pxMutexHolder;
 4555              		.loc 1 4015 2 view .LVU1214
 4556 0004 38B5     		push	{r3, r4, r5, lr}
 4557              	.LCFI42:
 4558              		.cfi_def_cfa_offset 16
 4559              		.cfi_offset 3, -16
 4560              		.cfi_offset 4, -12
 4561              		.cfi_offset 5, -8
 4562              		.cfi_offset 14, -4
 4563 0006 0446     		mov	r4, r0
4027:Middlewares/Third_Party/FreeRTOS/Source/tasks.c **** 			{
 4564              		.loc 1 4027 4 is_stmt 1 view .LVU1215
4027:Middlewares/Third_Party/FreeRTOS/Source/tasks.c **** 			{
 4565              		.loc 1 4027 24 is_stmt 0 view .LVU1216
 4566 0008 C36A     		ldr	r3, [r0, #44]
4027:Middlewares/Third_Party/FreeRTOS/Source/tasks.c **** 			{
 4567              		.loc 1 4027 51 view .LVU1217
 4568 000a 254A     		ldr	r2, .L365
 4569 000c 1268     		ldr	r2, [r2]
 4570 000e D26A     		ldr	r2, [r2, #44]
4027:Middlewares/Third_Party/FreeRTOS/Source/tasks.c **** 			{
 4571              		.loc 1 4027 6 view .LVU1218
 4572 0010 9342     		cmp	r3, r2
 4573 0012 39D2     		bcs	.L354
4032:Middlewares/Third_Party/FreeRTOS/Source/tasks.c **** 				{
 4574              		.loc 1 4032 5 is_stmt 1 view .LVU1219
4032:Middlewares/Third_Party/FreeRTOS/Source/tasks.c **** 				{
 4575              		.loc 1 4032 11 is_stmt 0 view .LVU1220
 4576 0014 8269     		ldr	r2, [r0, #24]
4032:Middlewares/Third_Party/FreeRTOS/Source/tasks.c **** 				{
 4577              		.loc 1 4032 7 view .LVU1221
 4578 0016 002A     		cmp	r2, #0
 4579 0018 05DB     		blt	.L355
4034:Middlewares/Third_Party/FreeRTOS/Source/tasks.c **** 				}
 4580              		.loc 1 4034 6 is_stmt 1 view .LVU1222
 4581 001a 214A     		ldr	r2, .L365
 4582 001c 1268     		ldr	r2, [r2]
 4583 001e D26A     		ldr	r2, [r2, #44]
 4584 0020 C2F10702 		rsb	r2, r2, #7
 4585 0024 8261     		str	r2, [r0, #24]
 4586              	.L355:
ARM GAS  C:\Users\subdia\AppData\Local\Temp\ccqYdsij.s 			page 197


4038:Middlewares/Third_Party/FreeRTOS/Source/tasks.c **** 				}
 4587              		.loc 1 4038 30 view .LVU1223
4043:Middlewares/Third_Party/FreeRTOS/Source/tasks.c **** 				{
 4588              		.loc 1 4043 5 view .LVU1224
4043:Middlewares/Third_Party/FreeRTOS/Source/tasks.c **** 				{
 4589              		.loc 1 4043 9 is_stmt 0 view .LVU1225
 4590 0026 6169     		ldr	r1, [r4, #20]
 4591 0028 03EB8303 		add	r3, r3, r3, lsl #2
 4592 002c 1D4A     		ldr	r2, .L365+4
 4593 002e 02EB8303 		add	r3, r2, r3, lsl #2
4043:Middlewares/Third_Party/FreeRTOS/Source/tasks.c **** 				{
 4594              		.loc 1 4043 7 view .LVU1226
 4595 0032 9942     		cmp	r1, r3
 4596 0034 05D0     		beq	.L364
4064:Middlewares/Third_Party/FreeRTOS/Source/tasks.c **** 				}
 4597              		.loc 1 4064 6 is_stmt 1 view .LVU1227
4064:Middlewares/Third_Party/FreeRTOS/Source/tasks.c **** 				}
 4598              		.loc 1 4064 49 is_stmt 0 view .LVU1228
 4599 0036 1A4B     		ldr	r3, .L365
 4600 0038 1B68     		ldr	r3, [r3]
 4601 003a DB6A     		ldr	r3, [r3, #44]
4064:Middlewares/Third_Party/FreeRTOS/Source/tasks.c **** 				}
 4602              		.loc 1 4064 35 view .LVU1229
 4603 003c E362     		str	r3, [r4, #44]
4070:Middlewares/Third_Party/FreeRTOS/Source/tasks.c **** 			}
 4604              		.loc 1 4070 13 view .LVU1230
 4605 003e 0120     		movs	r0, #1
 4606              	.LVL303:
 4607              	.L352:
4097:Middlewares/Third_Party/FreeRTOS/Source/tasks.c **** 
 4608              		.loc 1 4097 2 view .LVU1231
 4609 0040 38BD     		pop	{r3, r4, r5, pc}
 4610              	.LVL304:
 4611              	.L364:
4045:Middlewares/Third_Party/FreeRTOS/Source/tasks.c **** 					{
 4612              		.loc 1 4045 6 is_stmt 1 view .LVU1232
4045:Middlewares/Third_Party/FreeRTOS/Source/tasks.c **** 					{
 4613              		.loc 1 4045 24 is_stmt 0 view .LVU1233
 4614 0042 231D     		adds	r3, r4, #4
 4615 0044 1D46     		mov	r5, r3
4045:Middlewares/Third_Party/FreeRTOS/Source/tasks.c **** 					{
 4616              		.loc 1 4045 10 view .LVU1234
 4617 0046 1846     		mov	r0, r3
 4618              	.LVL305:
4045:Middlewares/Third_Party/FreeRTOS/Source/tasks.c **** 					{
 4619              		.loc 1 4045 10 view .LVU1235
 4620 0048 FFF7FEFF 		bl	uxListRemove
 4621              	.LVL306:
4045:Middlewares/Third_Party/FreeRTOS/Source/tasks.c **** 					{
 4622              		.loc 1 4045 8 discriminator 1 view .LVU1236
 4623 004c 38B9     		cbnz	r0, .L357
4050:Middlewares/Third_Party/FreeRTOS/Source/tasks.c **** 					}
 4624              		.loc 1 4050 7 is_stmt 1 view .LVU1237
 4625 004e E36A     		ldr	r3, [r4, #44]
 4626 0050 0122     		movs	r2, #1
 4627 0052 9A40     		lsls	r2, r2, r3
 4628 0054 1449     		ldr	r1, .L365+8
ARM GAS  C:\Users\subdia\AppData\Local\Temp\ccqYdsij.s 			page 198


 4629 0056 0B68     		ldr	r3, [r1]
 4630 0058 23EA0203 		bic	r3, r3, r2
 4631 005c 0B60     		str	r3, [r1]
 4632              	.L357:
4054:Middlewares/Third_Party/FreeRTOS/Source/tasks.c **** 					}
 4633              		.loc 1 4054 31 view .LVU1238
4058:Middlewares/Third_Party/FreeRTOS/Source/tasks.c **** 					prvAddTaskToReadyList( pxMutexHolderTCB );
 4634              		.loc 1 4058 6 view .LVU1239
4058:Middlewares/Third_Party/FreeRTOS/Source/tasks.c **** 					prvAddTaskToReadyList( pxMutexHolderTCB );
 4635              		.loc 1 4058 49 is_stmt 0 view .LVU1240
 4636 005e 104B     		ldr	r3, .L365
 4637 0060 1B68     		ldr	r3, [r3]
 4638 0062 D86A     		ldr	r0, [r3, #44]
4058:Middlewares/Third_Party/FreeRTOS/Source/tasks.c **** 					prvAddTaskToReadyList( pxMutexHolderTCB );
 4639              		.loc 1 4058 35 view .LVU1241
 4640 0064 E062     		str	r0, [r4, #44]
4059:Middlewares/Third_Party/FreeRTOS/Source/tasks.c **** 				}
 4641              		.loc 1 4059 6 is_stmt 1 view .LVU1242
4059:Middlewares/Third_Party/FreeRTOS/Source/tasks.c **** 				}
 4642              		.loc 1 4059 6 view .LVU1243
 4643 0066 0124     		movs	r4, #1
 4644              	.LVL307:
4059:Middlewares/Third_Party/FreeRTOS/Source/tasks.c **** 				}
 4645              		.loc 1 4059 6 is_stmt 0 view .LVU1244
 4646 0068 04FA00F3 		lsl	r3, r4, r0
 4647 006c 0E4A     		ldr	r2, .L365+8
 4648 006e 1168     		ldr	r1, [r2]
 4649 0070 0B43     		orrs	r3, r3, r1
 4650 0072 1360     		str	r3, [r2]
4059:Middlewares/Third_Party/FreeRTOS/Source/tasks.c **** 				}
 4651              		.loc 1 4059 6 is_stmt 1 view .LVU1245
 4652 0074 00EB8000 		add	r0, r0, r0, lsl #2
 4653 0078 2946     		mov	r1, r5
 4654 007a 0A4B     		ldr	r3, .L365+4
 4655 007c 03EB8000 		add	r0, r3, r0, lsl #2
 4656 0080 FFF7FEFF 		bl	vListInsertEnd
 4657              	.LVL308:
4059:Middlewares/Third_Party/FreeRTOS/Source/tasks.c **** 				}
 4658              		.loc 1 4059 47 discriminator 1 view .LVU1246
4070:Middlewares/Third_Party/FreeRTOS/Source/tasks.c **** 			}
 4659              		.loc 1 4070 13 is_stmt 0 view .LVU1247
 4660 0084 2046     		mov	r0, r4
 4661 0086 DBE7     		b	.L352
 4662              	.LVL309:
 4663              	.L354:
4074:Middlewares/Third_Party/FreeRTOS/Source/tasks.c **** 				{
 4664              		.loc 1 4074 5 is_stmt 1 view .LVU1248
4074:Middlewares/Third_Party/FreeRTOS/Source/tasks.c **** 				{
 4665              		.loc 1 4074 25 is_stmt 0 view .LVU1249
 4666 0088 426C     		ldr	r2, [r0, #68]
4074:Middlewares/Third_Party/FreeRTOS/Source/tasks.c **** 				{
 4667              		.loc 1 4074 56 view .LVU1250
 4668 008a 054B     		ldr	r3, .L365
 4669 008c 1B68     		ldr	r3, [r3]
 4670 008e DB6A     		ldr	r3, [r3, #44]
4074:Middlewares/Third_Party/FreeRTOS/Source/tasks.c **** 				{
 4671              		.loc 1 4074 7 view .LVU1251
ARM GAS  C:\Users\subdia\AppData\Local\Temp\ccqYdsij.s 			page 199


 4672 0090 9A42     		cmp	r2, r3
 4673 0092 01D3     		bcc	.L359
4017:Middlewares/Third_Party/FreeRTOS/Source/tasks.c **** 
 4674              		.loc 1 4017 13 view .LVU1252
 4675 0094 0020     		movs	r0, #0
 4676              	.LVL310:
4017:Middlewares/Third_Party/FreeRTOS/Source/tasks.c **** 
 4677              		.loc 1 4017 13 view .LVU1253
 4678 0096 D3E7     		b	.L352
 4679              	.LVL311:
 4680              	.L359:
4083:Middlewares/Third_Party/FreeRTOS/Source/tasks.c **** 				}
 4681              		.loc 1 4083 14 view .LVU1254
 4682 0098 0120     		movs	r0, #1
 4683              	.LVL312:
4093:Middlewares/Third_Party/FreeRTOS/Source/tasks.c **** 		}
 4684              		.loc 1 4093 28 is_stmt 1 view .LVU1255
4096:Middlewares/Third_Party/FreeRTOS/Source/tasks.c **** 	}
 4685              		.loc 1 4096 3 view .LVU1256
4096:Middlewares/Third_Party/FreeRTOS/Source/tasks.c **** 	}
 4686              		.loc 1 4096 10 is_stmt 0 view .LVU1257
 4687 009a D1E7     		b	.L352
 4688              	.LVL313:
 4689              	.L361:
 4690              	.LCFI43:
 4691              		.cfi_def_cfa_offset 0
 4692              		.cfi_restore 3
 4693              		.cfi_restore 4
 4694              		.cfi_restore 5
 4695              		.cfi_restore 14
4097:Middlewares/Third_Party/FreeRTOS/Source/tasks.c **** 
 4696              		.loc 1 4097 2 view .LVU1258
 4697 009c 7047     		bx	lr
 4698              	.L366:
 4699 009e 00BF     		.align	2
 4700              	.L365:
 4701 00a0 00000000 		.word	pxCurrentTCB
 4702 00a4 00000000 		.word	pxReadyTasksLists
 4703 00a8 00000000 		.word	uxTopReadyPriority
 4704              		.cfi_endproc
 4705              	.LFE44:
 4707              		.section	.text.xTaskPriorityDisinherit,"ax",%progbits
 4708              		.align	1
 4709              		.global	xTaskPriorityDisinherit
 4710              		.syntax unified
 4711              		.thumb
 4712              		.thumb_func
 4714              	xTaskPriorityDisinherit:
 4715              	.LVL314:
 4716              	.LFB45:
4105:Middlewares/Third_Party/FreeRTOS/Source/tasks.c **** 	TCB_t * const pxTCB = pxMutexHolder;
 4717              		.loc 1 4105 2 is_stmt 1 view -0
 4718              		.cfi_startproc
 4719              		@ args = 0, pretend = 0, frame = 0
 4720              		@ frame_needed = 0, uses_anonymous_args = 0
4106:Middlewares/Third_Party/FreeRTOS/Source/tasks.c **** 	BaseType_t xReturn = pdFALSE;
 4721              		.loc 1 4106 2 view .LVU1260
ARM GAS  C:\Users\subdia\AppData\Local\Temp\ccqYdsij.s 			page 200


4107:Middlewares/Third_Party/FreeRTOS/Source/tasks.c **** 
 4722              		.loc 1 4107 2 view .LVU1261
4109:Middlewares/Third_Party/FreeRTOS/Source/tasks.c **** 		{
 4723              		.loc 1 4109 3 view .LVU1262
4109:Middlewares/Third_Party/FreeRTOS/Source/tasks.c **** 		{
 4724              		.loc 1 4109 5 is_stmt 0 view .LVU1263
 4725 0000 0028     		cmp	r0, #0
 4726 0002 4ED0     		beq	.L378
4105:Middlewares/Third_Party/FreeRTOS/Source/tasks.c **** 	TCB_t * const pxTCB = pxMutexHolder;
 4727              		.loc 1 4105 2 view .LVU1264
 4728 0004 38B5     		push	{r3, r4, r5, lr}
 4729              	.LCFI44:
 4730              		.cfi_def_cfa_offset 16
 4731              		.cfi_offset 3, -16
 4732              		.cfi_offset 4, -12
 4733              		.cfi_offset 5, -8
 4734              		.cfi_offset 14, -4
 4735 0006 0446     		mov	r4, r0
4115:Middlewares/Third_Party/FreeRTOS/Source/tasks.c **** 			configASSERT( pxTCB->uxMutexesHeld );
 4736              		.loc 1 4115 4 is_stmt 1 view .LVU1265
 4737 0008 264B     		ldr	r3, .L382
 4738 000a 1B68     		ldr	r3, [r3]
 4739 000c 8342     		cmp	r3, r0
 4740 000e 08D0     		beq	.L369
4115:Middlewares/Third_Party/FreeRTOS/Source/tasks.c **** 			configASSERT( pxTCB->uxMutexesHeld );
 4741              		.loc 1 4115 4 discriminator 1 view .LVU1266
 4742              	.LBB195:
 4743              	.LBI195:
 193:Middlewares/Third_Party/FreeRTOS/Source/portable/GCC/ARM_CM3/portmacro.h **** {
 4744              		.loc 2 193 30 view .LVU1267
 4745              	.LBB196:
 195:Middlewares/Third_Party/FreeRTOS/Source/portable/GCC/ARM_CM3/portmacro.h **** 
 4746              		.loc 2 195 1 view .LVU1268
 197:Middlewares/Third_Party/FreeRTOS/Source/portable/GCC/ARM_CM3/portmacro.h **** 	(
 4747              		.loc 2 197 2 view .LVU1269
 4748              		.syntax unified
 4749              	@ 197 "Middlewares/Third_Party/FreeRTOS/Source/portable/GCC/ARM_CM3/portmacro.h" 1
 4750 0010 4FF05003 			mov r3, #80												
 4751 0014 83F31188 		msr basepri, r3											
 4752 0018 BFF36F8F 		isb														
 4753 001c BFF34F8F 		dsb														
 4754              	
 4755              	@ 0 "" 2
 4756              		.thumb
 4757              		.syntax unified
 4758              	.L370:
 4759              	.LBE196:
 4760              	.LBE195:
4115:Middlewares/Third_Party/FreeRTOS/Source/tasks.c **** 			configASSERT( pxTCB->uxMutexesHeld );
 4761              		.loc 1 4115 4 view .LVU1270
 4762 0020 FEE7     		b	.L370
 4763              	.L369:
4115:Middlewares/Third_Party/FreeRTOS/Source/tasks.c **** 			configASSERT( pxTCB->uxMutexesHeld );
 4764              		.loc 1 4115 41 view .LVU1271
4116:Middlewares/Third_Party/FreeRTOS/Source/tasks.c **** 			( pxTCB->uxMutexesHeld )--;
 4765              		.loc 1 4116 4 view .LVU1272
 4766 0022 836C     		ldr	r3, [r0, #72]
ARM GAS  C:\Users\subdia\AppData\Local\Temp\ccqYdsij.s 			page 201


 4767 0024 43B9     		cbnz	r3, .L371
4116:Middlewares/Third_Party/FreeRTOS/Source/tasks.c **** 			( pxTCB->uxMutexesHeld )--;
 4768              		.loc 1 4116 4 discriminator 1 view .LVU1273
 4769              	.LBB197:
 4770              	.LBI197:
 193:Middlewares/Third_Party/FreeRTOS/Source/portable/GCC/ARM_CM3/portmacro.h **** {
 4771              		.loc 2 193 30 view .LVU1274
 4772              	.LBB198:
 195:Middlewares/Third_Party/FreeRTOS/Source/portable/GCC/ARM_CM3/portmacro.h **** 
 4773              		.loc 2 195 1 view .LVU1275
 197:Middlewares/Third_Party/FreeRTOS/Source/portable/GCC/ARM_CM3/portmacro.h **** 	(
 4774              		.loc 2 197 2 view .LVU1276
 4775              		.syntax unified
 4776              	@ 197 "Middlewares/Third_Party/FreeRTOS/Source/portable/GCC/ARM_CM3/portmacro.h" 1
 4777 0026 4FF05003 			mov r3, #80												
 4778 002a 83F31188 		msr basepri, r3											
 4779 002e BFF36F8F 		isb														
 4780 0032 BFF34F8F 		dsb														
 4781              	
 4782              	@ 0 "" 2
 4783              		.thumb
 4784              		.syntax unified
 4785              	.L372:
 4786              	.LBE198:
 4787              	.LBE197:
4116:Middlewares/Third_Party/FreeRTOS/Source/tasks.c **** 			( pxTCB->uxMutexesHeld )--;
 4788              		.loc 1 4116 4 view .LVU1277
 4789 0036 FEE7     		b	.L372
 4790              	.L371:
4116:Middlewares/Third_Party/FreeRTOS/Source/tasks.c **** 			( pxTCB->uxMutexesHeld )--;
 4791              		.loc 1 4116 40 view .LVU1278
4117:Middlewares/Third_Party/FreeRTOS/Source/tasks.c **** 
 4792              		.loc 1 4117 4 view .LVU1279
4117:Middlewares/Third_Party/FreeRTOS/Source/tasks.c **** 
 4793              		.loc 1 4117 28 is_stmt 0 view .LVU1280
 4794 0038 013B     		subs	r3, r3, #1
 4795 003a 8364     		str	r3, [r0, #72]
4121:Middlewares/Third_Party/FreeRTOS/Source/tasks.c **** 			{
 4796              		.loc 1 4121 4 is_stmt 1 view .LVU1281
4121:Middlewares/Third_Party/FreeRTOS/Source/tasks.c **** 			{
 4797              		.loc 1 4121 13 is_stmt 0 view .LVU1282
 4798 003c C16A     		ldr	r1, [r0, #44]
4121:Middlewares/Third_Party/FreeRTOS/Source/tasks.c **** 			{
 4799              		.loc 1 4121 34 view .LVU1283
 4800 003e 426C     		ldr	r2, [r0, #68]
4121:Middlewares/Third_Party/FreeRTOS/Source/tasks.c **** 			{
 4801              		.loc 1 4121 6 view .LVU1284
 4802 0040 9142     		cmp	r1, r2
 4803 0042 2CD0     		beq	.L375
4124:Middlewares/Third_Party/FreeRTOS/Source/tasks.c **** 				{
 4804              		.loc 1 4124 5 is_stmt 1 view .LVU1285
4124:Middlewares/Third_Party/FreeRTOS/Source/tasks.c **** 				{
 4805              		.loc 1 4124 7 is_stmt 0 view .LVU1286
 4806 0044 0BB1     		cbz	r3, .L381
4107:Middlewares/Third_Party/FreeRTOS/Source/tasks.c **** 
 4807              		.loc 1 4107 13 view .LVU1287
 4808 0046 0020     		movs	r0, #0
ARM GAS  C:\Users\subdia\AppData\Local\Temp\ccqYdsij.s 			page 202


 4809              	.LVL315:
4173:Middlewares/Third_Party/FreeRTOS/Source/tasks.c **** 		}
 4810              		.loc 1 4173 28 is_stmt 1 view .LVU1288
4176:Middlewares/Third_Party/FreeRTOS/Source/tasks.c **** 	}
 4811              		.loc 1 4176 3 view .LVU1289
 4812              	.L367:
4177:Middlewares/Third_Party/FreeRTOS/Source/tasks.c **** 
 4813              		.loc 1 4177 2 is_stmt 0 view .LVU1290
 4814 0048 38BD     		pop	{r3, r4, r5, pc}
 4815              	.LVL316:
 4816              	.L381:
4131:Middlewares/Third_Party/FreeRTOS/Source/tasks.c **** 					{
 4817              		.loc 1 4131 6 is_stmt 1 view .LVU1291
4131:Middlewares/Third_Party/FreeRTOS/Source/tasks.c **** 					{
 4818              		.loc 1 4131 24 is_stmt 0 view .LVU1292
 4819 004a 031D     		adds	r3, r0, #4
 4820 004c 1D46     		mov	r5, r3
4131:Middlewares/Third_Party/FreeRTOS/Source/tasks.c **** 					{
 4821              		.loc 1 4131 10 view .LVU1293
 4822 004e 1846     		mov	r0, r3
 4823              	.LVL317:
4131:Middlewares/Third_Party/FreeRTOS/Source/tasks.c **** 					{
 4824              		.loc 1 4131 10 view .LVU1294
 4825 0050 FFF7FEFF 		bl	uxListRemove
 4826              	.LVL318:
4131:Middlewares/Third_Party/FreeRTOS/Source/tasks.c **** 					{
 4827              		.loc 1 4131 8 discriminator 1 view .LVU1295
 4828 0054 68B9     		cbnz	r0, .L373
4133:Middlewares/Third_Party/FreeRTOS/Source/tasks.c **** 					}
 4829              		.loc 1 4133 7 is_stmt 1 view .LVU1296
 4830 0056 E36A     		ldr	r3, [r4, #44]
 4831 0058 03EB8302 		add	r2, r3, r3, lsl #2
 4832 005c 9200     		lsls	r2, r2, #2
 4833 005e 1249     		ldr	r1, .L382+4
 4834 0060 8A58     		ldr	r2, [r1, r2]
 4835 0062 32B9     		cbnz	r2, .L373
4133:Middlewares/Third_Party/FreeRTOS/Source/tasks.c **** 					}
 4836              		.loc 1 4133 7 discriminator 1 view .LVU1297
 4837 0064 0122     		movs	r2, #1
 4838 0066 9A40     		lsls	r2, r2, r3
 4839 0068 1049     		ldr	r1, .L382+8
 4840 006a 0B68     		ldr	r3, [r1]
 4841 006c 23EA0203 		bic	r3, r3, r2
 4842 0070 0B60     		str	r3, [r1]
 4843              	.L373:
4137:Middlewares/Third_Party/FreeRTOS/Source/tasks.c **** 					}
 4844              		.loc 1 4137 31 view .LVU1298
4142:Middlewares/Third_Party/FreeRTOS/Source/tasks.c **** 					pxTCB->uxPriority = pxTCB->uxBasePriority;
 4845              		.loc 1 4142 67 view .LVU1299
4143:Middlewares/Third_Party/FreeRTOS/Source/tasks.c **** 
 4846              		.loc 1 4143 6 view .LVU1300
4143:Middlewares/Third_Party/FreeRTOS/Source/tasks.c **** 
 4847              		.loc 1 4143 31 is_stmt 0 view .LVU1301
 4848 0072 606C     		ldr	r0, [r4, #68]
4143:Middlewares/Third_Party/FreeRTOS/Source/tasks.c **** 
 4849              		.loc 1 4143 24 view .LVU1302
 4850 0074 E062     		str	r0, [r4, #44]
ARM GAS  C:\Users\subdia\AppData\Local\Temp\ccqYdsij.s 			page 203


4148:Middlewares/Third_Party/FreeRTOS/Source/tasks.c **** 					prvAddTaskToReadyList( pxTCB );
 4851              		.loc 1 4148 6 is_stmt 1 view .LVU1303
 4852 0076 C0F10703 		rsb	r3, r0, #7
 4853 007a A361     		str	r3, [r4, #24]
4149:Middlewares/Third_Party/FreeRTOS/Source/tasks.c **** 
 4854              		.loc 1 4149 6 view .LVU1304
4149:Middlewares/Third_Party/FreeRTOS/Source/tasks.c **** 
 4855              		.loc 1 4149 6 view .LVU1305
 4856 007c 0124     		movs	r4, #1
 4857              	.LVL319:
4149:Middlewares/Third_Party/FreeRTOS/Source/tasks.c **** 
 4858              		.loc 1 4149 6 is_stmt 0 view .LVU1306
 4859 007e 04FA00F3 		lsl	r3, r4, r0
 4860 0082 0A4A     		ldr	r2, .L382+8
 4861 0084 1168     		ldr	r1, [r2]
 4862 0086 0B43     		orrs	r3, r3, r1
 4863 0088 1360     		str	r3, [r2]
4149:Middlewares/Third_Party/FreeRTOS/Source/tasks.c **** 
 4864              		.loc 1 4149 6 is_stmt 1 view .LVU1307
 4865 008a 00EB8000 		add	r0, r0, r0, lsl #2
 4866 008e 2946     		mov	r1, r5
 4867 0090 054B     		ldr	r3, .L382+4
 4868 0092 03EB8000 		add	r0, r3, r0, lsl #2
 4869 0096 FFF7FEFF 		bl	vListInsertEnd
 4870              	.LVL320:
4149:Middlewares/Third_Party/FreeRTOS/Source/tasks.c **** 
 4871              		.loc 1 4149 36 discriminator 1 view .LVU1308
4159:Middlewares/Third_Party/FreeRTOS/Source/tasks.c **** 				}
 4872              		.loc 1 4159 6 view .LVU1309
4159:Middlewares/Third_Party/FreeRTOS/Source/tasks.c **** 				}
 4873              		.loc 1 4159 14 is_stmt 0 view .LVU1310
 4874 009a 2046     		mov	r0, r4
 4875 009c D4E7     		b	.L367
 4876              	.LVL321:
 4877              	.L375:
4107:Middlewares/Third_Party/FreeRTOS/Source/tasks.c **** 
 4878              		.loc 1 4107 13 view .LVU1311
 4879 009e 0020     		movs	r0, #0
 4880              	.LVL322:
4107:Middlewares/Third_Party/FreeRTOS/Source/tasks.c **** 
 4881              		.loc 1 4107 13 view .LVU1312
 4882 00a0 D2E7     		b	.L367
 4883              	.LVL323:
 4884              	.L378:
 4885              	.LCFI45:
 4886              		.cfi_def_cfa_offset 0
 4887              		.cfi_restore 3
 4888              		.cfi_restore 4
 4889              		.cfi_restore 5
 4890              		.cfi_restore 14
4177:Middlewares/Third_Party/FreeRTOS/Source/tasks.c **** 
 4891              		.loc 1 4177 2 view .LVU1313
 4892 00a2 7047     		bx	lr
 4893              	.L383:
 4894              		.align	2
 4895              	.L382:
 4896 00a4 00000000 		.word	pxCurrentTCB
ARM GAS  C:\Users\subdia\AppData\Local\Temp\ccqYdsij.s 			page 204


 4897 00a8 00000000 		.word	pxReadyTasksLists
 4898 00ac 00000000 		.word	uxTopReadyPriority
 4899              		.cfi_endproc
 4900              	.LFE45:
 4902              		.section	.text.vTaskPriorityDisinheritAfterTimeout,"ax",%progbits
 4903              		.align	1
 4904              		.global	vTaskPriorityDisinheritAfterTimeout
 4905              		.syntax unified
 4906              		.thumb
 4907              		.thumb_func
 4909              	vTaskPriorityDisinheritAfterTimeout:
 4910              	.LVL324:
 4911              	.LFB46:
4185:Middlewares/Third_Party/FreeRTOS/Source/tasks.c **** 	TCB_t * const pxTCB = pxMutexHolder;
 4912              		.loc 1 4185 2 is_stmt 1 view -0
 4913              		.cfi_startproc
 4914              		@ args = 0, pretend = 0, frame = 0
 4915              		@ frame_needed = 0, uses_anonymous_args = 0
4186:Middlewares/Third_Party/FreeRTOS/Source/tasks.c **** 	UBaseType_t uxPriorityUsedOnEntry, uxPriorityToUse;
 4916              		.loc 1 4186 2 view .LVU1315
4187:Middlewares/Third_Party/FreeRTOS/Source/tasks.c **** 	const UBaseType_t uxOnlyOneMutexHeld = ( UBaseType_t ) 1;
 4917              		.loc 1 4187 2 view .LVU1316
4188:Middlewares/Third_Party/FreeRTOS/Source/tasks.c **** 
 4918              		.loc 1 4188 2 view .LVU1317
4190:Middlewares/Third_Party/FreeRTOS/Source/tasks.c **** 		{
 4919              		.loc 1 4190 3 view .LVU1318
4190:Middlewares/Third_Party/FreeRTOS/Source/tasks.c **** 		{
 4920              		.loc 1 4190 5 is_stmt 0 view .LVU1319
 4921 0000 0028     		cmp	r0, #0
 4922 0002 50D0     		beq	.L394
4185:Middlewares/Third_Party/FreeRTOS/Source/tasks.c **** 	TCB_t * const pxTCB = pxMutexHolder;
 4923              		.loc 1 4185 2 view .LVU1320
 4924 0004 38B5     		push	{r3, r4, r5, lr}
 4925              	.LCFI46:
 4926              		.cfi_def_cfa_offset 16
 4927              		.cfi_offset 3, -16
 4928              		.cfi_offset 4, -12
 4929              		.cfi_offset 5, -8
 4930              		.cfi_offset 14, -4
 4931 0006 0446     		mov	r4, r0
4194:Middlewares/Third_Party/FreeRTOS/Source/tasks.c **** 
 4932              		.loc 1 4194 4 is_stmt 1 view .LVU1321
 4933 0008 836C     		ldr	r3, [r0, #72]
 4934 000a 43B9     		cbnz	r3, .L386
4194:Middlewares/Third_Party/FreeRTOS/Source/tasks.c **** 
 4935              		.loc 1 4194 4 discriminator 1 view .LVU1322
 4936              	.LBB199:
 4937              	.LBI199:
 193:Middlewares/Third_Party/FreeRTOS/Source/portable/GCC/ARM_CM3/portmacro.h **** {
 4938              		.loc 2 193 30 view .LVU1323
 4939              	.LBB200:
 195:Middlewares/Third_Party/FreeRTOS/Source/portable/GCC/ARM_CM3/portmacro.h **** 
 4940              		.loc 2 195 1 view .LVU1324
 197:Middlewares/Third_Party/FreeRTOS/Source/portable/GCC/ARM_CM3/portmacro.h **** 	(
 4941              		.loc 2 197 2 view .LVU1325
 4942              		.syntax unified
 4943              	@ 197 "Middlewares/Third_Party/FreeRTOS/Source/portable/GCC/ARM_CM3/portmacro.h" 1
ARM GAS  C:\Users\subdia\AppData\Local\Temp\ccqYdsij.s 			page 205


 4944 000c 4FF05003 			mov r3, #80												
 4945 0010 83F31188 		msr basepri, r3											
 4946 0014 BFF36F8F 		isb														
 4947 0018 BFF34F8F 		dsb														
 4948              	
 4949              	@ 0 "" 2
 4950              		.thumb
 4951              		.syntax unified
 4952              	.L387:
 4953              	.LBE200:
 4954              	.LBE199:
4194:Middlewares/Third_Party/FreeRTOS/Source/tasks.c **** 
 4955              		.loc 1 4194 4 view .LVU1326
 4956 001c FEE7     		b	.L387
 4957              	.L386:
4194:Middlewares/Third_Party/FreeRTOS/Source/tasks.c **** 
 4958              		.loc 1 4194 40 view .LVU1327
4200:Middlewares/Third_Party/FreeRTOS/Source/tasks.c **** 			{
 4959              		.loc 1 4200 4 view .LVU1328
4200:Middlewares/Third_Party/FreeRTOS/Source/tasks.c **** 			{
 4960              		.loc 1 4200 13 is_stmt 0 view .LVU1329
 4961 001e 426C     		ldr	r2, [r0, #68]
4200:Middlewares/Third_Party/FreeRTOS/Source/tasks.c **** 			{
 4962              		.loc 1 4200 6 view .LVU1330
 4963 0020 8A42     		cmp	r2, r1
 4964 0022 00D2     		bcs	.L388
4202:Middlewares/Third_Party/FreeRTOS/Source/tasks.c **** 			}
 4965              		.loc 1 4202 21 view .LVU1331
 4966 0024 0A46     		mov	r2, r1
 4967              	.L388:
 4968              	.LVL325:
4210:Middlewares/Third_Party/FreeRTOS/Source/tasks.c **** 			{
 4969              		.loc 1 4210 4 is_stmt 1 view .LVU1332
4210:Middlewares/Third_Party/FreeRTOS/Source/tasks.c **** 			{
 4970              		.loc 1 4210 13 is_stmt 0 view .LVU1333
 4971 0026 E16A     		ldr	r1, [r4, #44]
 4972              	.LVL326:
4210:Middlewares/Third_Party/FreeRTOS/Source/tasks.c **** 			{
 4973              		.loc 1 4210 6 view .LVU1334
 4974 0028 9142     		cmp	r1, r2
 4975 002a 01D0     		beq	.L384
4216:Middlewares/Third_Party/FreeRTOS/Source/tasks.c **** 				{
 4976              		.loc 1 4216 5 is_stmt 1 view .LVU1335
4216:Middlewares/Third_Party/FreeRTOS/Source/tasks.c **** 				{
 4977              		.loc 1 4216 7 is_stmt 0 view .LVU1336
 4978 002c 012B     		cmp	r3, #1
 4979 002e 00D0     		beq	.L397
 4980              	.LVL327:
 4981              	.L384:
4282:Middlewares/Third_Party/FreeRTOS/Source/tasks.c **** 
 4982              		.loc 1 4282 2 view .LVU1337
 4983 0030 38BD     		pop	{r3, r4, r5, pc}
 4984              	.LVL328:
 4985              	.L397:
4221:Middlewares/Third_Party/FreeRTOS/Source/tasks.c **** 
 4986              		.loc 1 4221 6 is_stmt 1 view .LVU1338
 4987 0032 1D4B     		ldr	r3, .L399
ARM GAS  C:\Users\subdia\AppData\Local\Temp\ccqYdsij.s 			page 206


 4988 0034 1B68     		ldr	r3, [r3]
 4989 0036 A342     		cmp	r3, r4
 4990 0038 2CD0     		beq	.L398
4221:Middlewares/Third_Party/FreeRTOS/Source/tasks.c **** 
 4991              		.loc 1 4221 43 view .LVU1339
4226:Middlewares/Third_Party/FreeRTOS/Source/tasks.c **** 					uxPriorityUsedOnEntry = pxTCB->uxPriority;
 4992              		.loc 1 4226 67 view .LVU1340
4227:Middlewares/Third_Party/FreeRTOS/Source/tasks.c **** 					pxTCB->uxPriority = uxPriorityToUse;
 4993              		.loc 1 4227 6 view .LVU1341
 4994              	.LVL329:
4228:Middlewares/Third_Party/FreeRTOS/Source/tasks.c **** 
 4995              		.loc 1 4228 6 view .LVU1342
4228:Middlewares/Third_Party/FreeRTOS/Source/tasks.c **** 
 4996              		.loc 1 4228 24 is_stmt 0 view .LVU1343
 4997 003a E262     		str	r2, [r4, #44]
4232:Middlewares/Third_Party/FreeRTOS/Source/tasks.c **** 					{
 4998              		.loc 1 4232 6 is_stmt 1 view .LVU1344
4232:Middlewares/Third_Party/FreeRTOS/Source/tasks.c **** 					{
 4999              		.loc 1 4232 12 is_stmt 0 view .LVU1345
 5000 003c A369     		ldr	r3, [r4, #24]
4232:Middlewares/Third_Party/FreeRTOS/Source/tasks.c **** 					{
 5001              		.loc 1 4232 8 view .LVU1346
 5002 003e 002B     		cmp	r3, #0
 5003 0040 02DB     		blt	.L391
4234:Middlewares/Third_Party/FreeRTOS/Source/tasks.c **** 					}
 5004              		.loc 1 4234 7 is_stmt 1 view .LVU1347
 5005 0042 C2F10702 		rsb	r2, r2, #7
 5006              	.LVL330:
4234:Middlewares/Third_Party/FreeRTOS/Source/tasks.c **** 					}
 5007              		.loc 1 4234 7 is_stmt 0 view .LVU1348
 5008 0046 A261     		str	r2, [r4, #24]
 5009              	.L391:
4238:Middlewares/Third_Party/FreeRTOS/Source/tasks.c **** 					}
 5010              		.loc 1 4238 31 is_stmt 1 view .LVU1349
4247:Middlewares/Third_Party/FreeRTOS/Source/tasks.c **** 					{
 5011              		.loc 1 4247 6 view .LVU1350
4247:Middlewares/Third_Party/FreeRTOS/Source/tasks.c **** 					{
 5012              		.loc 1 4247 10 is_stmt 0 view .LVU1351
 5013 0048 6269     		ldr	r2, [r4, #20]
 5014 004a 01EB8101 		add	r1, r1, r1, lsl #2
 5015              	.LVL331:
4247:Middlewares/Third_Party/FreeRTOS/Source/tasks.c **** 					{
 5016              		.loc 1 4247 10 view .LVU1352
 5017 004e 174B     		ldr	r3, .L399+4
 5018 0050 03EB8103 		add	r3, r3, r1, lsl #2
4247:Middlewares/Third_Party/FreeRTOS/Source/tasks.c **** 					{
 5019              		.loc 1 4247 8 view .LVU1353
 5020 0054 9A42     		cmp	r2, r3
 5021 0056 EBD1     		bne	.L384
4249:Middlewares/Third_Party/FreeRTOS/Source/tasks.c **** 						{
 5022              		.loc 1 4249 7 is_stmt 1 view .LVU1354
4249:Middlewares/Third_Party/FreeRTOS/Source/tasks.c **** 						{
 5023              		.loc 1 4249 25 is_stmt 0 view .LVU1355
 5024 0058 231D     		adds	r3, r4, #4
 5025 005a 1D46     		mov	r5, r3
4249:Middlewares/Third_Party/FreeRTOS/Source/tasks.c **** 						{
 5026              		.loc 1 4249 11 view .LVU1356
ARM GAS  C:\Users\subdia\AppData\Local\Temp\ccqYdsij.s 			page 207


 5027 005c 1846     		mov	r0, r3
 5028              	.LVL332:
4249:Middlewares/Third_Party/FreeRTOS/Source/tasks.c **** 						{
 5029              		.loc 1 4249 11 view .LVU1357
 5030 005e FFF7FEFF 		bl	uxListRemove
 5031              	.LVL333:
4249:Middlewares/Third_Party/FreeRTOS/Source/tasks.c **** 						{
 5032              		.loc 1 4249 9 discriminator 1 view .LVU1358
 5033 0062 38B9     		cbnz	r0, .L392
4254:Middlewares/Third_Party/FreeRTOS/Source/tasks.c **** 						}
 5034              		.loc 1 4254 8 is_stmt 1 view .LVU1359
 5035 0064 E36A     		ldr	r3, [r4, #44]
 5036 0066 0122     		movs	r2, #1
 5037 0068 9A40     		lsls	r2, r2, r3
 5038 006a 1149     		ldr	r1, .L399+8
 5039 006c 0B68     		ldr	r3, [r1]
 5040 006e 23EA0203 		bic	r3, r3, r2
 5041 0072 0B60     		str	r3, [r1]
 5042              	.L392:
4258:Middlewares/Third_Party/FreeRTOS/Source/tasks.c **** 						}
 5043              		.loc 1 4258 32 view .LVU1360
4261:Middlewares/Third_Party/FreeRTOS/Source/tasks.c **** 					}
 5044              		.loc 1 4261 7 view .LVU1361
4261:Middlewares/Third_Party/FreeRTOS/Source/tasks.c **** 					}
 5045              		.loc 1 4261 7 view .LVU1362
 5046 0074 E06A     		ldr	r0, [r4, #44]
 5047 0076 0123     		movs	r3, #1
 5048 0078 8340     		lsls	r3, r3, r0
 5049 007a 0D4A     		ldr	r2, .L399+8
 5050 007c 1168     		ldr	r1, [r2]
 5051 007e 0B43     		orrs	r3, r3, r1
 5052 0080 1360     		str	r3, [r2]
4261:Middlewares/Third_Party/FreeRTOS/Source/tasks.c **** 					}
 5053              		.loc 1 4261 7 view .LVU1363
 5054 0082 00EB8000 		add	r0, r0, r0, lsl #2
 5055 0086 2946     		mov	r1, r5
 5056 0088 084B     		ldr	r3, .L399+4
 5057 008a 03EB8000 		add	r0, r3, r0, lsl #2
 5058 008e FFF7FEFF 		bl	vListInsertEnd
 5059              	.LVL334:
4261:Middlewares/Third_Party/FreeRTOS/Source/tasks.c **** 					}
 5060              		.loc 1 4261 37 discriminator 1 view .LVU1364
4280:Middlewares/Third_Party/FreeRTOS/Source/tasks.c **** 		}
 5061              		.loc 1 4280 28 view .LVU1365
4282:Middlewares/Third_Party/FreeRTOS/Source/tasks.c **** 
 5062              		.loc 1 4282 2 is_stmt 0 view .LVU1366
 5063 0092 CDE7     		b	.L384
 5064              	.LVL335:
 5065              	.L398:
4221:Middlewares/Third_Party/FreeRTOS/Source/tasks.c **** 
 5066              		.loc 1 4221 6 is_stmt 1 discriminator 1 view .LVU1367
 5067              	.LBB201:
 5068              	.LBI201:
 193:Middlewares/Third_Party/FreeRTOS/Source/portable/GCC/ARM_CM3/portmacro.h **** {
 5069              		.loc 2 193 30 view .LVU1368
 5070              	.LBB202:
 195:Middlewares/Third_Party/FreeRTOS/Source/portable/GCC/ARM_CM3/portmacro.h **** 
ARM GAS  C:\Users\subdia\AppData\Local\Temp\ccqYdsij.s 			page 208


 5071              		.loc 2 195 1 view .LVU1369
 197:Middlewares/Third_Party/FreeRTOS/Source/portable/GCC/ARM_CM3/portmacro.h **** 	(
 5072              		.loc 2 197 2 view .LVU1370
 5073              		.syntax unified
 5074              	@ 197 "Middlewares/Third_Party/FreeRTOS/Source/portable/GCC/ARM_CM3/portmacro.h" 1
 5075 0094 4FF05003 			mov r3, #80												
 5076 0098 83F31188 		msr basepri, r3											
 5077 009c BFF36F8F 		isb														
 5078 00a0 BFF34F8F 		dsb														
 5079              	
 5080              	@ 0 "" 2
 5081              		.thumb
 5082              		.syntax unified
 5083              	.L390:
 5084              	.LBE202:
 5085              	.LBE201:
4221:Middlewares/Third_Party/FreeRTOS/Source/tasks.c **** 
 5086              		.loc 1 4221 6 view .LVU1371
 5087 00a4 FEE7     		b	.L390
 5088              	.LVL336:
 5089              	.L394:
 5090              	.LCFI47:
 5091              		.cfi_def_cfa_offset 0
 5092              		.cfi_restore 3
 5093              		.cfi_restore 4
 5094              		.cfi_restore 5
 5095              		.cfi_restore 14
4221:Middlewares/Third_Party/FreeRTOS/Source/tasks.c **** 
 5096              		.loc 1 4221 6 is_stmt 0 view .LVU1372
 5097 00a6 7047     		bx	lr
 5098              	.L400:
 5099              		.align	2
 5100              	.L399:
 5101 00a8 00000000 		.word	pxCurrentTCB
 5102 00ac 00000000 		.word	pxReadyTasksLists
 5103 00b0 00000000 		.word	uxTopReadyPriority
 5104              		.cfi_endproc
 5105              	.LFE46:
 5107              		.section	.text.uxTaskResetEventItemValue,"ax",%progbits
 5108              		.align	1
 5109              		.global	uxTaskResetEventItemValue
 5110              		.syntax unified
 5111              		.thumb
 5112              		.thumb_func
 5114              	uxTaskResetEventItemValue:
 5115              	.LFB47:
4603:Middlewares/Third_Party/FreeRTOS/Source/tasks.c **** TickType_t uxReturn;
 5116              		.loc 1 4603 1 is_stmt 1 view -0
 5117              		.cfi_startproc
 5118              		@ args = 0, pretend = 0, frame = 0
 5119              		@ frame_needed = 0, uses_anonymous_args = 0
 5120              		@ link register save eliminated.
4604:Middlewares/Third_Party/FreeRTOS/Source/tasks.c **** 
 5121              		.loc 1 4604 1 view .LVU1374
4606:Middlewares/Third_Party/FreeRTOS/Source/tasks.c **** 
 5122              		.loc 1 4606 2 view .LVU1375
4606:Middlewares/Third_Party/FreeRTOS/Source/tasks.c **** 
ARM GAS  C:\Users\subdia\AppData\Local\Temp\ccqYdsij.s 			page 209


 5123              		.loc 1 4606 13 is_stmt 0 view .LVU1376
 5124 0000 044A     		ldr	r2, .L402
 5125 0002 1368     		ldr	r3, [r2]
4606:Middlewares/Third_Party/FreeRTOS/Source/tasks.c **** 
 5126              		.loc 1 4606 11 view .LVU1377
 5127 0004 9869     		ldr	r0, [r3, #24]
 5128              	.LVL337:
4610:Middlewares/Third_Party/FreeRTOS/Source/tasks.c **** 
 5129              		.loc 1 4610 2 is_stmt 1 view .LVU1378
 5130 0006 1368     		ldr	r3, [r2]
 5131 0008 DB6A     		ldr	r3, [r3, #44]
 5132 000a 1268     		ldr	r2, [r2]
 5133 000c C3F10703 		rsb	r3, r3, #7
 5134 0010 9361     		str	r3, [r2, #24]
4612:Middlewares/Third_Party/FreeRTOS/Source/tasks.c **** }
 5135              		.loc 1 4612 2 view .LVU1379
4613:Middlewares/Third_Party/FreeRTOS/Source/tasks.c **** /*-----------------------------------------------------------*/
 5136              		.loc 1 4613 1 is_stmt 0 view .LVU1380
 5137 0012 7047     		bx	lr
 5138              	.L403:
 5139              		.align	2
 5140              	.L402:
 5141 0014 00000000 		.word	pxCurrentTCB
 5142              		.cfi_endproc
 5143              	.LFE47:
 5145              		.section	.text.pvTaskIncrementMutexHeldCount,"ax",%progbits
 5146              		.align	1
 5147              		.global	pvTaskIncrementMutexHeldCount
 5148              		.syntax unified
 5149              		.thumb
 5150              		.thumb_func
 5152              	pvTaskIncrementMutexHeldCount:
 5153              	.LFB48:
4619:Middlewares/Third_Party/FreeRTOS/Source/tasks.c **** 		/* If xSemaphoreCreateMutex() is called before any tasks have been created
 5154              		.loc 1 4619 2 is_stmt 1 view -0
 5155              		.cfi_startproc
 5156              		@ args = 0, pretend = 0, frame = 0
 5157              		@ frame_needed = 0, uses_anonymous_args = 0
 5158              		@ link register save eliminated.
4622:Middlewares/Third_Party/FreeRTOS/Source/tasks.c **** 		{
 5159              		.loc 1 4622 3 view .LVU1382
4622:Middlewares/Third_Party/FreeRTOS/Source/tasks.c **** 		{
 5160              		.loc 1 4622 20 is_stmt 0 view .LVU1383
 5161 0000 054B     		ldr	r3, .L406
 5162 0002 1B68     		ldr	r3, [r3]
4622:Middlewares/Third_Party/FreeRTOS/Source/tasks.c **** 		{
 5163              		.loc 1 4622 5 view .LVU1384
 5164 0004 23B1     		cbz	r3, .L405
4624:Middlewares/Third_Party/FreeRTOS/Source/tasks.c **** 		}
 5165              		.loc 1 4624 4 is_stmt 1 view .LVU1385
4624:Middlewares/Third_Party/FreeRTOS/Source/tasks.c **** 		}
 5166              		.loc 1 4624 18 is_stmt 0 view .LVU1386
 5167 0006 044B     		ldr	r3, .L406
 5168 0008 1A68     		ldr	r2, [r3]
 5169 000a 936C     		ldr	r3, [r2, #72]
4624:Middlewares/Third_Party/FreeRTOS/Source/tasks.c **** 		}
 5170              		.loc 1 4624 35 view .LVU1387
ARM GAS  C:\Users\subdia\AppData\Local\Temp\ccqYdsij.s 			page 210


 5171 000c 0133     		adds	r3, r3, #1
 5172 000e 9364     		str	r3, [r2, #72]
 5173              	.L405:
4627:Middlewares/Third_Party/FreeRTOS/Source/tasks.c **** 	}
 5174              		.loc 1 4627 3 is_stmt 1 view .LVU1388
4627:Middlewares/Third_Party/FreeRTOS/Source/tasks.c **** 	}
 5175              		.loc 1 4627 10 is_stmt 0 view .LVU1389
 5176 0010 014B     		ldr	r3, .L406
 5177 0012 1868     		ldr	r0, [r3]
4628:Middlewares/Third_Party/FreeRTOS/Source/tasks.c **** 
 5178              		.loc 1 4628 2 view .LVU1390
 5179 0014 7047     		bx	lr
 5180              	.L407:
 5181 0016 00BF     		.align	2
 5182              	.L406:
 5183 0018 00000000 		.word	pxCurrentTCB
 5184              		.cfi_endproc
 5185              	.LFE48:
 5187              		.section	.text.ulTaskNotifyTake,"ax",%progbits
 5188              		.align	1
 5189              		.global	ulTaskNotifyTake
 5190              		.syntax unified
 5191              		.thumb
 5192              		.thumb_func
 5194              	ulTaskNotifyTake:
 5195              	.LVL338:
 5196              	.LFB49:
4636:Middlewares/Third_Party/FreeRTOS/Source/tasks.c **** 	uint32_t ulReturn;
 5197              		.loc 1 4636 2 is_stmt 1 view -0
 5198              		.cfi_startproc
 5199              		@ args = 0, pretend = 0, frame = 0
 5200              		@ frame_needed = 0, uses_anonymous_args = 0
4636:Middlewares/Third_Party/FreeRTOS/Source/tasks.c **** 	uint32_t ulReturn;
 5201              		.loc 1 4636 2 is_stmt 0 view .LVU1392
 5202 0000 38B5     		push	{r3, r4, r5, lr}
 5203              	.LCFI48:
 5204              		.cfi_def_cfa_offset 16
 5205              		.cfi_offset 3, -16
 5206              		.cfi_offset 4, -12
 5207              		.cfi_offset 5, -8
 5208              		.cfi_offset 14, -4
 5209 0002 0546     		mov	r5, r0
 5210 0004 0C46     		mov	r4, r1
4637:Middlewares/Third_Party/FreeRTOS/Source/tasks.c **** 
 5211              		.loc 1 4637 2 is_stmt 1 view .LVU1393
4639:Middlewares/Third_Party/FreeRTOS/Source/tasks.c **** 		{
 5212              		.loc 1 4639 3 view .LVU1394
 5213 0006 FFF7FEFF 		bl	vPortEnterCritical
 5214              	.LVL339:
4642:Middlewares/Third_Party/FreeRTOS/Source/tasks.c **** 			{
 5215              		.loc 1 4642 4 view .LVU1395
4642:Middlewares/Third_Party/FreeRTOS/Source/tasks.c **** 			{
 5216              		.loc 1 4642 20 is_stmt 0 view .LVU1396
 5217 000a 1A4B     		ldr	r3, .L414
 5218 000c 1B68     		ldr	r3, [r3]
 5219 000e DB6C     		ldr	r3, [r3, #76]
4642:Middlewares/Third_Party/FreeRTOS/Source/tasks.c **** 			{
ARM GAS  C:\Users\subdia\AppData\Local\Temp\ccqYdsij.s 			page 211


 5220              		.loc 1 4642 6 view .LVU1397
 5221 0010 2BB9     		cbnz	r3, .L409
4645:Middlewares/Third_Party/FreeRTOS/Source/tasks.c **** 
 5222              		.loc 1 4645 5 is_stmt 1 view .LVU1398
4645:Middlewares/Third_Party/FreeRTOS/Source/tasks.c **** 
 5223              		.loc 1 4645 17 is_stmt 0 view .LVU1399
 5224 0012 184B     		ldr	r3, .L414
 5225 0014 1B68     		ldr	r3, [r3]
4645:Middlewares/Third_Party/FreeRTOS/Source/tasks.c **** 
 5226              		.loc 1 4645 33 view .LVU1400
 5227 0016 0122     		movs	r2, #1
 5228 0018 83F85020 		strb	r2, [r3, #80]
4647:Middlewares/Third_Party/FreeRTOS/Source/tasks.c **** 				{
 5229              		.loc 1 4647 5 is_stmt 1 view .LVU1401
4647:Middlewares/Third_Party/FreeRTOS/Source/tasks.c **** 				{
 5230              		.loc 1 4647 7 is_stmt 0 view .LVU1402
 5231 001c ACB9     		cbnz	r4, .L413
 5232              	.L409:
4665:Middlewares/Third_Party/FreeRTOS/Source/tasks.c **** 			}
 5233              		.loc 1 4665 29 is_stmt 1 view .LVU1403
4668:Middlewares/Third_Party/FreeRTOS/Source/tasks.c **** 
 5234              		.loc 1 4668 3 view .LVU1404
 5235 001e FFF7FEFF 		bl	vPortExitCritical
 5236              	.LVL340:
4670:Middlewares/Third_Party/FreeRTOS/Source/tasks.c **** 		{
 5237              		.loc 1 4670 3 view .LVU1405
 5238 0022 FFF7FEFF 		bl	vPortEnterCritical
 5239              	.LVL341:
4672:Middlewares/Third_Party/FreeRTOS/Source/tasks.c **** 			ulReturn = pxCurrentTCB->ulNotifiedValue;
 5240              		.loc 1 4672 27 view .LVU1406
4673:Middlewares/Third_Party/FreeRTOS/Source/tasks.c **** 
 5241              		.loc 1 4673 4 view .LVU1407
4673:Middlewares/Third_Party/FreeRTOS/Source/tasks.c **** 
 5242              		.loc 1 4673 27 is_stmt 0 view .LVU1408
 5243 0026 134B     		ldr	r3, .L414
 5244 0028 1B68     		ldr	r3, [r3]
4673:Middlewares/Third_Party/FreeRTOS/Source/tasks.c **** 
 5245              		.loc 1 4673 13 view .LVU1409
 5246 002a DC6C     		ldr	r4, [r3, #76]
 5247              	.LVL342:
4675:Middlewares/Third_Party/FreeRTOS/Source/tasks.c **** 			{
 5248              		.loc 1 4675 4 is_stmt 1 view .LVU1410
4675:Middlewares/Third_Party/FreeRTOS/Source/tasks.c **** 			{
 5249              		.loc 1 4675 6 is_stmt 0 view .LVU1411
 5250 002c 24B1     		cbz	r4, .L410
4677:Middlewares/Third_Party/FreeRTOS/Source/tasks.c **** 				{
 5251              		.loc 1 4677 5 is_stmt 1 view .LVU1412
4677:Middlewares/Third_Party/FreeRTOS/Source/tasks.c **** 				{
 5252              		.loc 1 4677 7 is_stmt 0 view .LVU1413
 5253 002e DDB1     		cbz	r5, .L411
4679:Middlewares/Third_Party/FreeRTOS/Source/tasks.c **** 				}
 5254              		.loc 1 4679 6 is_stmt 1 view .LVU1414
4679:Middlewares/Third_Party/FreeRTOS/Source/tasks.c **** 				}
 5255              		.loc 1 4679 18 is_stmt 0 view .LVU1415
 5256 0030 104B     		ldr	r3, .L414
 5257 0032 1B68     		ldr	r3, [r3]
4679:Middlewares/Third_Party/FreeRTOS/Source/tasks.c **** 				}
ARM GAS  C:\Users\subdia\AppData\Local\Temp\ccqYdsij.s 			page 212


 5258              		.loc 1 4679 36 view .LVU1416
 5259 0034 0022     		movs	r2, #0
 5260 0036 DA64     		str	r2, [r3, #76]
 5261              	.L410:
4688:Middlewares/Third_Party/FreeRTOS/Source/tasks.c **** 			}
 5262              		.loc 1 4688 29 is_stmt 1 view .LVU1417
4691:Middlewares/Third_Party/FreeRTOS/Source/tasks.c **** 		}
 5263              		.loc 1 4691 4 view .LVU1418
4691:Middlewares/Third_Party/FreeRTOS/Source/tasks.c **** 		}
 5264              		.loc 1 4691 16 is_stmt 0 view .LVU1419
 5265 0038 0E4B     		ldr	r3, .L414
 5266 003a 1B68     		ldr	r3, [r3]
4691:Middlewares/Third_Party/FreeRTOS/Source/tasks.c **** 		}
 5267              		.loc 1 4691 32 view .LVU1420
 5268 003c 0022     		movs	r2, #0
 5269 003e 83F85020 		strb	r2, [r3, #80]
4693:Middlewares/Third_Party/FreeRTOS/Source/tasks.c **** 
 5270              		.loc 1 4693 3 is_stmt 1 view .LVU1421
 5271 0042 FFF7FEFF 		bl	vPortExitCritical
 5272              	.LVL343:
4695:Middlewares/Third_Party/FreeRTOS/Source/tasks.c **** 	}
 5273              		.loc 1 4695 3 view .LVU1422
4696:Middlewares/Third_Party/FreeRTOS/Source/tasks.c **** 
 5274              		.loc 1 4696 2 is_stmt 0 view .LVU1423
 5275 0046 2046     		mov	r0, r4
 5276 0048 38BD     		pop	{r3, r4, r5, pc}
 5277              	.LVL344:
 5278              	.L413:
4649:Middlewares/Third_Party/FreeRTOS/Source/tasks.c **** 					traceTASK_NOTIFY_TAKE_BLOCK();
 5279              		.loc 1 4649 6 is_stmt 1 view .LVU1424
 5280 004a 1146     		mov	r1, r2
 5281 004c 2046     		mov	r0, r4
 5282 004e FFF7FEFF 		bl	prvAddCurrentTaskToDelayedList
 5283              	.LVL345:
4650:Middlewares/Third_Party/FreeRTOS/Source/tasks.c **** 
 5284              		.loc 1 4650 35 view .LVU1425
4656:Middlewares/Third_Party/FreeRTOS/Source/tasks.c **** 				}
 5285              		.loc 1 4656 6 view .LVU1426
 5286 0052 4FF0E023 		mov	r3, #-536813568
 5287 0056 4FF08052 		mov	r2, #268435456
 5288 005a C3F8042D 		str	r2, [r3, #3332]
4656:Middlewares/Third_Party/FreeRTOS/Source/tasks.c **** 				}
 5289              		.loc 1 4656 6 view .LVU1427
 5290              		.syntax unified
 5291              	@ 4656 "Middlewares/Third_Party/FreeRTOS/Source/tasks.c" 1
 5292 005e BFF34F8F 		dsb
 5293              	@ 0 "" 2
4656:Middlewares/Third_Party/FreeRTOS/Source/tasks.c **** 				}
 5294              		.loc 1 4656 6 view .LVU1428
 5295              	@ 4656 "Middlewares/Third_Party/FreeRTOS/Source/tasks.c" 1
 5296 0062 BFF36F8F 		isb
 5297              	@ 0 "" 2
4656:Middlewares/Third_Party/FreeRTOS/Source/tasks.c **** 				}
 5298              		.loc 1 4656 28 view .LVU1429
 5299              		.thumb
 5300              		.syntax unified
 5301 0066 DAE7     		b	.L409
ARM GAS  C:\Users\subdia\AppData\Local\Temp\ccqYdsij.s 			page 213


 5302              	.LVL346:
 5303              	.L411:
4683:Middlewares/Third_Party/FreeRTOS/Source/tasks.c **** 				}
 5304              		.loc 1 4683 6 view .LVU1430
4683:Middlewares/Third_Party/FreeRTOS/Source/tasks.c **** 				}
 5305              		.loc 1 4683 18 is_stmt 0 view .LVU1431
 5306 0068 024B     		ldr	r3, .L414
 5307 006a 1B68     		ldr	r3, [r3]
4683:Middlewares/Third_Party/FreeRTOS/Source/tasks.c **** 				}
 5308              		.loc 1 4683 47 view .LVU1432
 5309 006c 621E     		subs	r2, r4, #1
4683:Middlewares/Third_Party/FreeRTOS/Source/tasks.c **** 				}
 5310              		.loc 1 4683 36 view .LVU1433
 5311 006e DA64     		str	r2, [r3, #76]
 5312 0070 E2E7     		b	.L410
 5313              	.L415:
 5314 0072 00BF     		.align	2
 5315              	.L414:
 5316 0074 00000000 		.word	pxCurrentTCB
 5317              		.cfi_endproc
 5318              	.LFE49:
 5320              		.section	.text.xTaskNotifyWait,"ax",%progbits
 5321              		.align	1
 5322              		.global	xTaskNotifyWait
 5323              		.syntax unified
 5324              		.thumb
 5325              		.thumb_func
 5327              	xTaskNotifyWait:
 5328              	.LVL347:
 5329              	.LFB50:
4704:Middlewares/Third_Party/FreeRTOS/Source/tasks.c **** 	BaseType_t xReturn;
 5330              		.loc 1 4704 2 is_stmt 1 view -0
 5331              		.cfi_startproc
 5332              		@ args = 0, pretend = 0, frame = 0
 5333              		@ frame_needed = 0, uses_anonymous_args = 0
4704:Middlewares/Third_Party/FreeRTOS/Source/tasks.c **** 	BaseType_t xReturn;
 5334              		.loc 1 4704 2 is_stmt 0 view .LVU1435
 5335 0000 F8B5     		push	{r3, r4, r5, r6, r7, lr}
 5336              	.LCFI49:
 5337              		.cfi_def_cfa_offset 24
 5338              		.cfi_offset 3, -24
 5339              		.cfi_offset 4, -20
 5340              		.cfi_offset 5, -16
 5341              		.cfi_offset 6, -12
 5342              		.cfi_offset 7, -8
 5343              		.cfi_offset 14, -4
 5344 0002 0546     		mov	r5, r0
 5345 0004 0F46     		mov	r7, r1
 5346 0006 1646     		mov	r6, r2
 5347 0008 1C46     		mov	r4, r3
4705:Middlewares/Third_Party/FreeRTOS/Source/tasks.c **** 
 5348              		.loc 1 4705 2 is_stmt 1 view .LVU1436
4707:Middlewares/Third_Party/FreeRTOS/Source/tasks.c **** 		{
 5349              		.loc 1 4707 3 view .LVU1437
 5350 000a FFF7FEFF 		bl	vPortEnterCritical
 5351              	.LVL348:
4710:Middlewares/Third_Party/FreeRTOS/Source/tasks.c **** 			{
ARM GAS  C:\Users\subdia\AppData\Local\Temp\ccqYdsij.s 			page 214


 5352              		.loc 1 4710 4 view .LVU1438
4710:Middlewares/Third_Party/FreeRTOS/Source/tasks.c **** 			{
 5353              		.loc 1 4710 20 is_stmt 0 view .LVU1439
 5354 000e 214B     		ldr	r3, .L424
 5355 0010 1B68     		ldr	r3, [r3]
 5356 0012 93F85030 		ldrb	r3, [r3, #80]	@ zero_extendqisi2
4710:Middlewares/Third_Party/FreeRTOS/Source/tasks.c **** 			{
 5357              		.loc 1 4710 6 view .LVU1440
 5358 0016 022B     		cmp	r3, #2
 5359 0018 0AD0     		beq	.L417
4715:Middlewares/Third_Party/FreeRTOS/Source/tasks.c **** 
 5360              		.loc 1 4715 5 is_stmt 1 view .LVU1441
4715:Middlewares/Third_Party/FreeRTOS/Source/tasks.c **** 
 5361              		.loc 1 4715 17 is_stmt 0 view .LVU1442
 5362 001a 1E4A     		ldr	r2, .L424
 5363 001c 1168     		ldr	r1, [r2]
 5364 001e CB6C     		ldr	r3, [r1, #76]
4715:Middlewares/Third_Party/FreeRTOS/Source/tasks.c **** 
 5365              		.loc 1 4715 35 view .LVU1443
 5366 0020 23EA0503 		bic	r3, r3, r5
 5367 0024 CB64     		str	r3, [r1, #76]
4718:Middlewares/Third_Party/FreeRTOS/Source/tasks.c **** 
 5368              		.loc 1 4718 5 is_stmt 1 view .LVU1444
4718:Middlewares/Third_Party/FreeRTOS/Source/tasks.c **** 
 5369              		.loc 1 4718 17 is_stmt 0 view .LVU1445
 5370 0026 1368     		ldr	r3, [r2]
4718:Middlewares/Third_Party/FreeRTOS/Source/tasks.c **** 
 5371              		.loc 1 4718 33 view .LVU1446
 5372 0028 0122     		movs	r2, #1
 5373 002a 83F85020 		strb	r2, [r3, #80]
4720:Middlewares/Third_Party/FreeRTOS/Source/tasks.c **** 				{
 5374              		.loc 1 4720 5 is_stmt 1 view .LVU1447
4720:Middlewares/Third_Party/FreeRTOS/Source/tasks.c **** 				{
 5375              		.loc 1 4720 7 is_stmt 0 view .LVU1448
 5376 002e CCB9     		cbnz	r4, .L422
 5377              	.L417:
4738:Middlewares/Third_Party/FreeRTOS/Source/tasks.c **** 			}
 5378              		.loc 1 4738 29 is_stmt 1 view .LVU1449
4741:Middlewares/Third_Party/FreeRTOS/Source/tasks.c **** 
 5379              		.loc 1 4741 3 view .LVU1450
 5380 0030 FFF7FEFF 		bl	vPortExitCritical
 5381              	.LVL349:
4743:Middlewares/Third_Party/FreeRTOS/Source/tasks.c **** 		{
 5382              		.loc 1 4743 3 view .LVU1451
 5383 0034 FFF7FEFF 		bl	vPortEnterCritical
 5384              	.LVL350:
4745:Middlewares/Third_Party/FreeRTOS/Source/tasks.c **** 
 5385              		.loc 1 4745 27 view .LVU1452
4747:Middlewares/Third_Party/FreeRTOS/Source/tasks.c **** 			{
 5386              		.loc 1 4747 4 view .LVU1453
4747:Middlewares/Third_Party/FreeRTOS/Source/tasks.c **** 			{
 5387              		.loc 1 4747 6 is_stmt 0 view .LVU1454
 5388 0038 1EB1     		cbz	r6, .L418
4751:Middlewares/Third_Party/FreeRTOS/Source/tasks.c **** 			}
 5389              		.loc 1 4751 5 is_stmt 1 view .LVU1455
4751:Middlewares/Third_Party/FreeRTOS/Source/tasks.c **** 			}
 5390              		.loc 1 4751 41 is_stmt 0 view .LVU1456
ARM GAS  C:\Users\subdia\AppData\Local\Temp\ccqYdsij.s 			page 215


 5391 003a 164B     		ldr	r3, .L424
 5392 003c 1B68     		ldr	r3, [r3]
 5393 003e DB6C     		ldr	r3, [r3, #76]
4751:Middlewares/Third_Party/FreeRTOS/Source/tasks.c **** 			}
 5394              		.loc 1 4751 27 view .LVU1457
 5395 0040 3360     		str	r3, [r6]
 5396              	.L418:
4758:Middlewares/Third_Party/FreeRTOS/Source/tasks.c **** 			{
 5397              		.loc 1 4758 4 is_stmt 1 view .LVU1458
4758:Middlewares/Third_Party/FreeRTOS/Source/tasks.c **** 			{
 5398              		.loc 1 4758 20 is_stmt 0 view .LVU1459
 5399 0042 144B     		ldr	r3, .L424
 5400 0044 1B68     		ldr	r3, [r3]
 5401 0046 93F85030 		ldrb	r3, [r3, #80]	@ zero_extendqisi2
4758:Middlewares/Third_Party/FreeRTOS/Source/tasks.c **** 			{
 5402              		.loc 1 4758 6 view .LVU1460
 5403 004a 022B     		cmp	r3, #2
 5404 004c 19D0     		beq	.L423
4761:Middlewares/Third_Party/FreeRTOS/Source/tasks.c **** 			}
 5405              		.loc 1 4761 13 view .LVU1461
 5406 004e 0023     		movs	r3, #0
 5407 0050 1C46     		mov	r4, r3
 5408              	.LVL351:
 5409              	.L419:
4771:Middlewares/Third_Party/FreeRTOS/Source/tasks.c **** 		}
 5410              		.loc 1 4771 4 is_stmt 1 view .LVU1462
4771:Middlewares/Third_Party/FreeRTOS/Source/tasks.c **** 		}
 5411              		.loc 1 4771 16 is_stmt 0 view .LVU1463
 5412 0052 104B     		ldr	r3, .L424
 5413 0054 1B68     		ldr	r3, [r3]
4771:Middlewares/Third_Party/FreeRTOS/Source/tasks.c **** 		}
 5414              		.loc 1 4771 32 view .LVU1464
 5415 0056 0022     		movs	r2, #0
 5416 0058 83F85020 		strb	r2, [r3, #80]
4773:Middlewares/Third_Party/FreeRTOS/Source/tasks.c **** 
 5417              		.loc 1 4773 3 is_stmt 1 view .LVU1465
 5418 005c FFF7FEFF 		bl	vPortExitCritical
 5419              	.LVL352:
4775:Middlewares/Third_Party/FreeRTOS/Source/tasks.c **** 	}
 5420              		.loc 1 4775 3 view .LVU1466
4776:Middlewares/Third_Party/FreeRTOS/Source/tasks.c **** 
 5421              		.loc 1 4776 2 is_stmt 0 view .LVU1467
 5422 0060 2046     		mov	r0, r4
 5423 0062 F8BD     		pop	{r3, r4, r5, r6, r7, pc}
 5424              	.LVL353:
 5425              	.L422:
4722:Middlewares/Third_Party/FreeRTOS/Source/tasks.c **** 					traceTASK_NOTIFY_WAIT_BLOCK();
 5426              		.loc 1 4722 6 is_stmt 1 view .LVU1468
 5427 0064 1146     		mov	r1, r2
 5428 0066 2046     		mov	r0, r4
 5429 0068 FFF7FEFF 		bl	prvAddCurrentTaskToDelayedList
 5430              	.LVL354:
4723:Middlewares/Third_Party/FreeRTOS/Source/tasks.c **** 
 5431              		.loc 1 4723 35 view .LVU1469
4729:Middlewares/Third_Party/FreeRTOS/Source/tasks.c **** 				}
 5432              		.loc 1 4729 6 view .LVU1470
 5433 006c 4FF0E023 		mov	r3, #-536813568
ARM GAS  C:\Users\subdia\AppData\Local\Temp\ccqYdsij.s 			page 216


 5434 0070 4FF08052 		mov	r2, #268435456
 5435 0074 C3F8042D 		str	r2, [r3, #3332]
4729:Middlewares/Third_Party/FreeRTOS/Source/tasks.c **** 				}
 5436              		.loc 1 4729 6 view .LVU1471
 5437              		.syntax unified
 5438              	@ 4729 "Middlewares/Third_Party/FreeRTOS/Source/tasks.c" 1
 5439 0078 BFF34F8F 		dsb
 5440              	@ 0 "" 2
4729:Middlewares/Third_Party/FreeRTOS/Source/tasks.c **** 				}
 5441              		.loc 1 4729 6 view .LVU1472
 5442              	@ 4729 "Middlewares/Third_Party/FreeRTOS/Source/tasks.c" 1
 5443 007c BFF36F8F 		isb
 5444              	@ 0 "" 2
4729:Middlewares/Third_Party/FreeRTOS/Source/tasks.c **** 				}
 5445              		.loc 1 4729 28 view .LVU1473
 5446              		.thumb
 5447              		.syntax unified
 5448 0080 D6E7     		b	.L417
 5449              	.L423:
4767:Middlewares/Third_Party/FreeRTOS/Source/tasks.c **** 				xReturn = pdTRUE;
 5450              		.loc 1 4767 5 view .LVU1474
4767:Middlewares/Third_Party/FreeRTOS/Source/tasks.c **** 				xReturn = pdTRUE;
 5451              		.loc 1 4767 17 is_stmt 0 view .LVU1475
 5452 0082 044B     		ldr	r3, .L424
 5453 0084 1A68     		ldr	r2, [r3]
 5454 0086 D36C     		ldr	r3, [r2, #76]
4767:Middlewares/Third_Party/FreeRTOS/Source/tasks.c **** 				xReturn = pdTRUE;
 5455              		.loc 1 4767 35 view .LVU1476
 5456 0088 23EA0703 		bic	r3, r3, r7
 5457 008c D364     		str	r3, [r2, #76]
4768:Middlewares/Third_Party/FreeRTOS/Source/tasks.c **** 			}
 5458              		.loc 1 4768 5 is_stmt 1 view .LVU1477
 5459              	.LVL355:
4768:Middlewares/Third_Party/FreeRTOS/Source/tasks.c **** 			}
 5460              		.loc 1 4768 13 is_stmt 0 view .LVU1478
 5461 008e 0123     		movs	r3, #1
 5462 0090 1C46     		mov	r4, r3
 5463              	.LVL356:
4768:Middlewares/Third_Party/FreeRTOS/Source/tasks.c **** 			}
 5464              		.loc 1 4768 13 view .LVU1479
 5465 0092 DEE7     		b	.L419
 5466              	.L425:
 5467              		.align	2
 5468              	.L424:
 5469 0094 00000000 		.word	pxCurrentTCB
 5470              		.cfi_endproc
 5471              	.LFE50:
 5473              		.section	.text.xTaskGenericNotify,"ax",%progbits
 5474              		.align	1
 5475              		.global	xTaskGenericNotify
 5476              		.syntax unified
 5477              		.thumb
 5478              		.thumb_func
 5480              	xTaskGenericNotify:
 5481              	.LVL357:
 5482              	.LFB51:
4784:Middlewares/Third_Party/FreeRTOS/Source/tasks.c **** 	TCB_t * pxTCB;
ARM GAS  C:\Users\subdia\AppData\Local\Temp\ccqYdsij.s 			page 217


 5483              		.loc 1 4784 2 is_stmt 1 view -0
 5484              		.cfi_startproc
 5485              		@ args = 0, pretend = 0, frame = 0
 5486              		@ frame_needed = 0, uses_anonymous_args = 0
4784:Middlewares/Third_Party/FreeRTOS/Source/tasks.c **** 	TCB_t * pxTCB;
 5487              		.loc 1 4784 2 is_stmt 0 view .LVU1481
 5488 0000 F8B5     		push	{r3, r4, r5, r6, r7, lr}
 5489              	.LCFI50:
 5490              		.cfi_def_cfa_offset 24
 5491              		.cfi_offset 3, -24
 5492              		.cfi_offset 4, -20
 5493              		.cfi_offset 5, -16
 5494              		.cfi_offset 6, -12
 5495              		.cfi_offset 7, -8
 5496              		.cfi_offset 14, -4
4785:Middlewares/Third_Party/FreeRTOS/Source/tasks.c **** 	BaseType_t xReturn = pdPASS;
 5497              		.loc 1 4785 2 is_stmt 1 view .LVU1482
4786:Middlewares/Third_Party/FreeRTOS/Source/tasks.c **** 	uint8_t ucOriginalNotifyState;
 5498              		.loc 1 4786 2 view .LVU1483
 5499              	.LVL358:
4787:Middlewares/Third_Party/FreeRTOS/Source/tasks.c **** 
 5500              		.loc 1 4787 2 view .LVU1484
4789:Middlewares/Third_Party/FreeRTOS/Source/tasks.c **** 		pxTCB = xTaskToNotify;
 5501              		.loc 1 4789 3 view .LVU1485
 5502 0002 F0B1     		cbz	r0, .L445
 5503 0004 0F46     		mov	r7, r1
 5504 0006 1446     		mov	r4, r2
 5505 0008 1E46     		mov	r6, r3
 5506 000a 0546     		mov	r5, r0
4789:Middlewares/Third_Party/FreeRTOS/Source/tasks.c **** 		pxTCB = xTaskToNotify;
 5507              		.loc 1 4789 32 view .LVU1486
4790:Middlewares/Third_Party/FreeRTOS/Source/tasks.c **** 
 5508              		.loc 1 4790 3 view .LVU1487
 5509              	.LVL359:
4792:Middlewares/Third_Party/FreeRTOS/Source/tasks.c **** 		{
 5510              		.loc 1 4792 3 view .LVU1488
 5511 000c FFF7FEFF 		bl	vPortEnterCritical
 5512              	.LVL360:
4794:Middlewares/Third_Party/FreeRTOS/Source/tasks.c **** 			{
 5513              		.loc 1 4794 4 view .LVU1489
4794:Middlewares/Third_Party/FreeRTOS/Source/tasks.c **** 			{
 5514              		.loc 1 4794 6 is_stmt 0 view .LVU1490
 5515 0010 0EB1     		cbz	r6, .L429
4796:Middlewares/Third_Party/FreeRTOS/Source/tasks.c **** 			}
 5516              		.loc 1 4796 5 is_stmt 1 view .LVU1491
4796:Middlewares/Third_Party/FreeRTOS/Source/tasks.c **** 			}
 5517              		.loc 1 4796 42 is_stmt 0 view .LVU1492
 5518 0012 EB6C     		ldr	r3, [r5, #76]
4796:Middlewares/Third_Party/FreeRTOS/Source/tasks.c **** 			}
 5519              		.loc 1 4796 35 view .LVU1493
 5520 0014 3360     		str	r3, [r6]
 5521              	.L429:
4799:Middlewares/Third_Party/FreeRTOS/Source/tasks.c **** 
 5522              		.loc 1 4799 4 is_stmt 1 view .LVU1494
4799:Middlewares/Third_Party/FreeRTOS/Source/tasks.c **** 
 5523              		.loc 1 4799 26 is_stmt 0 view .LVU1495
 5524 0016 95F85030 		ldrb	r3, [r5, #80]	@ zero_extendqisi2
ARM GAS  C:\Users\subdia\AppData\Local\Temp\ccqYdsij.s 			page 218


 5525 001a DBB2     		uxtb	r3, r3
 5526              	.LVL361:
4801:Middlewares/Third_Party/FreeRTOS/Source/tasks.c **** 
 5527              		.loc 1 4801 4 is_stmt 1 view .LVU1496
4801:Middlewares/Third_Party/FreeRTOS/Source/tasks.c **** 
 5528              		.loc 1 4801 25 is_stmt 0 view .LVU1497
 5529 001c 0222     		movs	r2, #2
 5530 001e 85F85020 		strb	r2, [r5, #80]
4803:Middlewares/Third_Party/FreeRTOS/Source/tasks.c **** 			{
 5531              		.loc 1 4803 4 is_stmt 1 view .LVU1498
 5532 0022 9442     		cmp	r4, r2
 5533 0024 1ED0     		beq	.L430
 5534 0026 15D8     		bhi	.L431
 5535 0028 24B1     		cbz	r4, .L432
 5536 002a 012C     		cmp	r4, #1
 5537 002c 20D1     		bne	.L434
4806:Middlewares/Third_Party/FreeRTOS/Source/tasks.c **** 					break;
 5538              		.loc 1 4806 6 view .LVU1499
4806:Middlewares/Third_Party/FreeRTOS/Source/tasks.c **** 					break;
 5539              		.loc 1 4806 11 is_stmt 0 view .LVU1500
 5540 002e EA6C     		ldr	r2, [r5, #76]
4806:Middlewares/Third_Party/FreeRTOS/Source/tasks.c **** 					break;
 5541              		.loc 1 4806 29 view .LVU1501
 5542 0030 3A43     		orrs	r2, r2, r7
 5543 0032 EA64     		str	r2, [r5, #76]
4807:Middlewares/Third_Party/FreeRTOS/Source/tasks.c **** 
 5544              		.loc 1 4807 6 is_stmt 1 view .LVU1502
 5545              	.L432:
4843:Middlewares/Third_Party/FreeRTOS/Source/tasks.c **** 
 5546              		.loc 1 4843 22 view .LVU1503
4847:Middlewares/Third_Party/FreeRTOS/Source/tasks.c **** 			{
 5547              		.loc 1 4847 4 view .LVU1504
4847:Middlewares/Third_Party/FreeRTOS/Source/tasks.c **** 			{
 5548              		.loc 1 4847 6 is_stmt 0 view .LVU1505
 5549 0034 012B     		cmp	r3, #1
 5550 0036 28D0     		beq	.L446
 5551 0038 0124     		movs	r4, #1
 5552              	.LVL362:
 5553              	.L437:
4884:Middlewares/Third_Party/FreeRTOS/Source/tasks.c **** 			}
 5554              		.loc 1 4884 29 is_stmt 1 view .LVU1506
4887:Middlewares/Third_Party/FreeRTOS/Source/tasks.c **** 
 5555              		.loc 1 4887 3 view .LVU1507
 5556 003a FFF7FEFF 		bl	vPortExitCritical
 5557              	.LVL363:
4889:Middlewares/Third_Party/FreeRTOS/Source/tasks.c **** 	}
 5558              		.loc 1 4889 3 view .LVU1508
4890:Middlewares/Third_Party/FreeRTOS/Source/tasks.c **** 
 5559              		.loc 1 4890 2 is_stmt 0 view .LVU1509
 5560 003e 2046     		mov	r0, r4
 5561 0040 F8BD     		pop	{r3, r4, r5, r6, r7, pc}
 5562              	.LVL364:
 5563              	.L445:
4789:Middlewares/Third_Party/FreeRTOS/Source/tasks.c **** 		pxTCB = xTaskToNotify;
 5564              		.loc 1 4789 3 is_stmt 1 discriminator 1 view .LVU1510
 5565              	.LBB203:
 5566              	.LBI203:
ARM GAS  C:\Users\subdia\AppData\Local\Temp\ccqYdsij.s 			page 219


 193:Middlewares/Third_Party/FreeRTOS/Source/portable/GCC/ARM_CM3/portmacro.h **** {
 5567              		.loc 2 193 30 view .LVU1511
 5568              	.LBB204:
 195:Middlewares/Third_Party/FreeRTOS/Source/portable/GCC/ARM_CM3/portmacro.h **** 
 5569              		.loc 2 195 1 view .LVU1512
 197:Middlewares/Third_Party/FreeRTOS/Source/portable/GCC/ARM_CM3/portmacro.h **** 	(
 5570              		.loc 2 197 2 view .LVU1513
 5571              		.syntax unified
 5572              	@ 197 "Middlewares/Third_Party/FreeRTOS/Source/portable/GCC/ARM_CM3/portmacro.h" 1
 5573 0042 4FF05003 			mov r3, #80												
 5574 0046 83F31188 		msr basepri, r3											
 5575 004a BFF36F8F 		isb														
 5576 004e BFF34F8F 		dsb														
 5577              	
 5578              	@ 0 "" 2
 5579              	.LVL365:
 5580              		.thumb
 5581              		.syntax unified
 5582              	.L428:
 197:Middlewares/Third_Party/FreeRTOS/Source/portable/GCC/ARM_CM3/portmacro.h **** 	(
 5583              		.loc 2 197 2 is_stmt 0 view .LVU1514
 5584              	.LBE204:
 5585              	.LBE203:
4789:Middlewares/Third_Party/FreeRTOS/Source/tasks.c **** 		pxTCB = xTaskToNotify;
 5586              		.loc 1 4789 3 is_stmt 1 view .LVU1515
 5587 0052 FEE7     		b	.L428
 5588              	.LVL366:
 5589              	.L431:
4803:Middlewares/Third_Party/FreeRTOS/Source/tasks.c **** 			{
 5590              		.loc 1 4803 4 is_stmt 0 view .LVU1516
 5591 0054 032C     		cmp	r4, #3
 5592 0056 09D0     		beq	.L435
 5593 0058 042C     		cmp	r4, #4
 5594 005a 09D1     		bne	.L434
4818:Middlewares/Third_Party/FreeRTOS/Source/tasks.c **** 					{
 5595              		.loc 1 4818 6 is_stmt 1 view .LVU1517
4818:Middlewares/Third_Party/FreeRTOS/Source/tasks.c **** 					{
 5596              		.loc 1 4818 8 is_stmt 0 view .LVU1518
 5597 005c 022B     		cmp	r3, #2
 5598 005e 44D0     		beq	.L441
4820:Middlewares/Third_Party/FreeRTOS/Source/tasks.c **** 					}
 5599              		.loc 1 4820 7 is_stmt 1 view .LVU1519
4820:Middlewares/Third_Party/FreeRTOS/Source/tasks.c **** 					}
 5600              		.loc 1 4820 30 is_stmt 0 view .LVU1520
 5601 0060 EF64     		str	r7, [r5, #76]
 5602 0062 E7E7     		b	.L432
 5603              	.L430:
4810:Middlewares/Third_Party/FreeRTOS/Source/tasks.c **** 					break;
 5604              		.loc 1 4810 6 is_stmt 1 view .LVU1521
4810:Middlewares/Third_Party/FreeRTOS/Source/tasks.c **** 					break;
 5605              		.loc 1 4810 13 is_stmt 0 view .LVU1522
 5606 0064 EA6C     		ldr	r2, [r5, #76]
4810:Middlewares/Third_Party/FreeRTOS/Source/tasks.c **** 					break;
 5607              		.loc 1 4810 32 view .LVU1523
 5608 0066 0132     		adds	r2, r2, #1
 5609 0068 EA64     		str	r2, [r5, #76]
4811:Middlewares/Third_Party/FreeRTOS/Source/tasks.c **** 
ARM GAS  C:\Users\subdia\AppData\Local\Temp\ccqYdsij.s 			page 220


 5610              		.loc 1 4811 6 is_stmt 1 view .LVU1524
 5611 006a E3E7     		b	.L432
 5612              	.L435:
4814:Middlewares/Third_Party/FreeRTOS/Source/tasks.c **** 					break;
 5613              		.loc 1 4814 6 view .LVU1525
4814:Middlewares/Third_Party/FreeRTOS/Source/tasks.c **** 					break;
 5614              		.loc 1 4814 29 is_stmt 0 view .LVU1526
 5615 006c EF64     		str	r7, [r5, #76]
4815:Middlewares/Third_Party/FreeRTOS/Source/tasks.c **** 
 5616              		.loc 1 4815 6 is_stmt 1 view .LVU1527
 5617 006e E1E7     		b	.L432
 5618              	.L434:
4838:Middlewares/Third_Party/FreeRTOS/Source/tasks.c **** 
 5619              		.loc 1 4838 6 view .LVU1528
 5620 0070 EA6C     		ldr	r2, [r5, #76]
 5621 0072 B2F1FF3F 		cmp	r2, #-1
 5622 0076 DDD0     		beq	.L432
4838:Middlewares/Third_Party/FreeRTOS/Source/tasks.c **** 
 5623              		.loc 1 4838 6 discriminator 1 view .LVU1529
 5624              	.LBB205:
 5625              	.LBI205:
 193:Middlewares/Third_Party/FreeRTOS/Source/portable/GCC/ARM_CM3/portmacro.h **** {
 5626              		.loc 2 193 30 view .LVU1530
 5627              	.LBB206:
 195:Middlewares/Third_Party/FreeRTOS/Source/portable/GCC/ARM_CM3/portmacro.h **** 
 5628              		.loc 2 195 1 view .LVU1531
 197:Middlewares/Third_Party/FreeRTOS/Source/portable/GCC/ARM_CM3/portmacro.h **** 	(
 5629              		.loc 2 197 2 view .LVU1532
 5630              		.syntax unified
 5631              	@ 197 "Middlewares/Third_Party/FreeRTOS/Source/portable/GCC/ARM_CM3/portmacro.h" 1
 5632 0078 4FF05003 			mov r3, #80												
 5633 007c 83F31188 		msr basepri, r3											
 5634 0080 BFF36F8F 		isb														
 5635 0084 BFF34F8F 		dsb														
 5636              	
 5637              	@ 0 "" 2
 5638              	.LVL367:
 5639              		.thumb
 5640              		.syntax unified
 5641              	.L438:
 197:Middlewares/Third_Party/FreeRTOS/Source/portable/GCC/ARM_CM3/portmacro.h **** 	(
 5642              		.loc 2 197 2 is_stmt 0 view .LVU1533
 5643              	.LBE206:
 5644              	.LBE205:
4838:Middlewares/Third_Party/FreeRTOS/Source/tasks.c **** 
 5645              		.loc 1 4838 6 is_stmt 1 view .LVU1534
 5646 0088 FEE7     		b	.L438
 5647              	.LVL368:
 5648              	.L446:
4849:Middlewares/Third_Party/FreeRTOS/Source/tasks.c **** 				prvAddTaskToReadyList( pxTCB );
 5649              		.loc 1 4849 5 view .LVU1535
4849:Middlewares/Third_Party/FreeRTOS/Source/tasks.c **** 				prvAddTaskToReadyList( pxTCB );
 5650              		.loc 1 4849 28 is_stmt 0 view .LVU1536
 5651 008a 2C1D     		adds	r4, r5, #4
 5652              	.LVL369:
4849:Middlewares/Third_Party/FreeRTOS/Source/tasks.c **** 				prvAddTaskToReadyList( pxTCB );
 5653              		.loc 1 4849 14 view .LVU1537
ARM GAS  C:\Users\subdia\AppData\Local\Temp\ccqYdsij.s 			page 221


 5654 008c 2046     		mov	r0, r4
 5655 008e FFF7FEFF 		bl	uxListRemove
 5656              	.LVL370:
4850:Middlewares/Third_Party/FreeRTOS/Source/tasks.c **** 
 5657              		.loc 1 4850 5 is_stmt 1 view .LVU1538
4850:Middlewares/Third_Party/FreeRTOS/Source/tasks.c **** 
 5658              		.loc 1 4850 5 view .LVU1539
 5659 0092 E86A     		ldr	r0, [r5, #44]
 5660 0094 0123     		movs	r3, #1
 5661 0096 8340     		lsls	r3, r3, r0
 5662 0098 164A     		ldr	r2, .L447
 5663 009a 1168     		ldr	r1, [r2]
 5664 009c 0B43     		orrs	r3, r3, r1
 5665 009e 1360     		str	r3, [r2]
4850:Middlewares/Third_Party/FreeRTOS/Source/tasks.c **** 
 5666              		.loc 1 4850 5 view .LVU1540
 5667 00a0 00EB8000 		add	r0, r0, r0, lsl #2
 5668 00a4 2146     		mov	r1, r4
 5669 00a6 144B     		ldr	r3, .L447+4
 5670 00a8 03EB8000 		add	r0, r3, r0, lsl #2
 5671 00ac FFF7FEFF 		bl	vListInsertEnd
 5672              	.LVL371:
4850:Middlewares/Third_Party/FreeRTOS/Source/tasks.c **** 
 5673              		.loc 1 4850 35 discriminator 1 view .LVU1541
4853:Middlewares/Third_Party/FreeRTOS/Source/tasks.c **** 
 5674              		.loc 1 4853 5 view .LVU1542
 5675 00b0 AB6A     		ldr	r3, [r5, #40]
 5676 00b2 43B1     		cbz	r3, .L439
4853:Middlewares/Third_Party/FreeRTOS/Source/tasks.c **** 
 5677              		.loc 1 4853 5 discriminator 1 view .LVU1543
 5678              	.LBB207:
 5679              	.LBI207:
 193:Middlewares/Third_Party/FreeRTOS/Source/portable/GCC/ARM_CM3/portmacro.h **** {
 5680              		.loc 2 193 30 view .LVU1544
 5681              	.LBB208:
 195:Middlewares/Third_Party/FreeRTOS/Source/portable/GCC/ARM_CM3/portmacro.h **** 
 5682              		.loc 2 195 1 view .LVU1545
 197:Middlewares/Third_Party/FreeRTOS/Source/portable/GCC/ARM_CM3/portmacro.h **** 	(
 5683              		.loc 2 197 2 view .LVU1546
 5684              		.syntax unified
 5685              	@ 197 "Middlewares/Third_Party/FreeRTOS/Source/portable/GCC/ARM_CM3/portmacro.h" 1
 5686 00b4 4FF05003 			mov r3, #80												
 5687 00b8 83F31188 		msr basepri, r3											
 5688 00bc BFF36F8F 		isb														
 5689 00c0 BFF34F8F 		dsb														
 5690              	
 5691              	@ 0 "" 2
 5692              		.thumb
 5693              		.syntax unified
 5694              	.L440:
 5695              	.LBE208:
 5696              	.LBE207:
4853:Middlewares/Third_Party/FreeRTOS/Source/tasks.c **** 
 5697              		.loc 1 4853 5 view .LVU1547
 5698 00c4 FEE7     		b	.L440
 5699              	.L439:
4853:Middlewares/Third_Party/FreeRTOS/Source/tasks.c **** 
ARM GAS  C:\Users\subdia\AppData\Local\Temp\ccqYdsij.s 			page 222


 5700              		.loc 1 4853 82 view .LVU1548
4871:Middlewares/Third_Party/FreeRTOS/Source/tasks.c **** 				{
 5701              		.loc 1 4871 5 view .LVU1549
4871:Middlewares/Third_Party/FreeRTOS/Source/tasks.c **** 				{
 5702              		.loc 1 4871 14 is_stmt 0 view .LVU1550
 5703 00c6 EA6A     		ldr	r2, [r5, #44]
4871:Middlewares/Third_Party/FreeRTOS/Source/tasks.c **** 				{
 5704              		.loc 1 4871 41 view .LVU1551
 5705 00c8 0C4B     		ldr	r3, .L447+8
 5706 00ca 1B68     		ldr	r3, [r3]
 5707 00cc DB6A     		ldr	r3, [r3, #44]
4871:Middlewares/Third_Party/FreeRTOS/Source/tasks.c **** 				{
 5708              		.loc 1 4871 7 view .LVU1552
 5709 00ce 9A42     		cmp	r2, r3
 5710 00d0 0DD9     		bls	.L443
4875:Middlewares/Third_Party/FreeRTOS/Source/tasks.c **** 				}
 5711              		.loc 1 4875 6 is_stmt 1 view .LVU1553
 5712 00d2 4FF0E023 		mov	r3, #-536813568
 5713 00d6 4FF08052 		mov	r2, #268435456
 5714 00da C3F8042D 		str	r2, [r3, #3332]
4875:Middlewares/Third_Party/FreeRTOS/Source/tasks.c **** 				}
 5715              		.loc 1 4875 6 view .LVU1554
 5716              		.syntax unified
 5717              	@ 4875 "Middlewares/Third_Party/FreeRTOS/Source/tasks.c" 1
 5718 00de BFF34F8F 		dsb
 5719              	@ 0 "" 2
4875:Middlewares/Third_Party/FreeRTOS/Source/tasks.c **** 				}
 5720              		.loc 1 4875 6 view .LVU1555
 5721              	@ 4875 "Middlewares/Third_Party/FreeRTOS/Source/tasks.c" 1
 5722 00e2 BFF36F8F 		isb
 5723              	@ 0 "" 2
4875:Middlewares/Third_Party/FreeRTOS/Source/tasks.c **** 				}
 5724              		.loc 1 4875 37 view .LVU1556
 5725              		.thumb
 5726              		.syntax unified
 5727 00e6 0124     		movs	r4, #1
 5728 00e8 A7E7     		b	.L437
 5729              	.LVL372:
 5730              	.L441:
4825:Middlewares/Third_Party/FreeRTOS/Source/tasks.c **** 					}
 5731              		.loc 1 4825 15 is_stmt 0 view .LVU1557
 5732 00ea 0024     		movs	r4, #0
 5733 00ec A5E7     		b	.L437
 5734              	.LVL373:
 5735              	.L443:
4825:Middlewares/Third_Party/FreeRTOS/Source/tasks.c **** 					}
 5736              		.loc 1 4825 15 view .LVU1558
 5737 00ee 0124     		movs	r4, #1
 5738 00f0 A3E7     		b	.L437
 5739              	.L448:
 5740 00f2 00BF     		.align	2
 5741              	.L447:
 5742 00f4 00000000 		.word	uxTopReadyPriority
 5743 00f8 00000000 		.word	pxReadyTasksLists
 5744 00fc 00000000 		.word	pxCurrentTCB
 5745              		.cfi_endproc
 5746              	.LFE51:
ARM GAS  C:\Users\subdia\AppData\Local\Temp\ccqYdsij.s 			page 223


 5748              		.section	.text.xTaskGenericNotifyFromISR,"ax",%progbits
 5749              		.align	1
 5750              		.global	xTaskGenericNotifyFromISR
 5751              		.syntax unified
 5752              		.thumb
 5753              		.thumb_func
 5755              	xTaskGenericNotifyFromISR:
 5756              	.LVL374:
 5757              	.LFB52:
4898:Middlewares/Third_Party/FreeRTOS/Source/tasks.c **** 	TCB_t * pxTCB;
 5758              		.loc 1 4898 2 is_stmt 1 view -0
 5759              		.cfi_startproc
 5760              		@ args = 4, pretend = 0, frame = 0
 5761              		@ frame_needed = 0, uses_anonymous_args = 0
4899:Middlewares/Third_Party/FreeRTOS/Source/tasks.c **** 	uint8_t ucOriginalNotifyState;
 5762              		.loc 1 4899 2 view .LVU1560
4900:Middlewares/Third_Party/FreeRTOS/Source/tasks.c **** 	BaseType_t xReturn = pdPASS;
 5763              		.loc 1 4900 2 view .LVU1561
4901:Middlewares/Third_Party/FreeRTOS/Source/tasks.c **** 	UBaseType_t uxSavedInterruptStatus;
 5764              		.loc 1 4901 2 view .LVU1562
4902:Middlewares/Third_Party/FreeRTOS/Source/tasks.c **** 
 5765              		.loc 1 4902 2 view .LVU1563
4904:Middlewares/Third_Party/FreeRTOS/Source/tasks.c **** 
 5766              		.loc 1 4904 3 view .LVU1564
 5767 0000 58B3     		cbz	r0, .L472
4898:Middlewares/Third_Party/FreeRTOS/Source/tasks.c **** 	TCB_t * pxTCB;
 5768              		.loc 1 4898 2 is_stmt 0 view .LVU1565
 5769 0002 2DE9F041 		push	{r4, r5, r6, r7, r8, lr}
 5770              	.LCFI51:
 5771              		.cfi_def_cfa_offset 24
 5772              		.cfi_offset 4, -24
 5773              		.cfi_offset 5, -20
 5774              		.cfi_offset 6, -16
 5775              		.cfi_offset 7, -12
 5776              		.cfi_offset 8, -8
 5777              		.cfi_offset 14, -4
 5778 0006 0F46     		mov	r7, r1
 5779 0008 1446     		mov	r4, r2
 5780 000a 1E46     		mov	r6, r3
 5781 000c 0546     		mov	r5, r0
4904:Middlewares/Third_Party/FreeRTOS/Source/tasks.c **** 
 5782              		.loc 1 4904 32 is_stmt 1 view .LVU1566
4922:Middlewares/Third_Party/FreeRTOS/Source/tasks.c **** 
 5783              		.loc 1 4922 3 view .LVU1567
 5784 000e FFF7FEFF 		bl	vPortValidateInterruptPriority
 5785              	.LVL375:
4924:Middlewares/Third_Party/FreeRTOS/Source/tasks.c **** 
 5786              		.loc 1 4924 3 view .LVU1568
4926:Middlewares/Third_Party/FreeRTOS/Source/tasks.c **** 		{
 5787              		.loc 1 4926 3 view .LVU1569
 5788              	.LBB209:
 5789              	.LBI209:
 209:Middlewares/Third_Party/FreeRTOS/Source/portable/GCC/ARM_CM3/portmacro.h **** {
 5790              		.loc 2 209 34 view .LVU1570
 5791              	.LBB210:
 211:Middlewares/Third_Party/FreeRTOS/Source/portable/GCC/ARM_CM3/portmacro.h **** 
 5792              		.loc 2 211 1 view .LVU1571
ARM GAS  C:\Users\subdia\AppData\Local\Temp\ccqYdsij.s 			page 224


 213:Middlewares/Third_Party/FreeRTOS/Source/portable/GCC/ARM_CM3/portmacro.h **** 	(
 5793              		.loc 2 213 2 view .LVU1572
 5794              		.syntax unified
 5795              	@ 213 "Middlewares/Third_Party/FreeRTOS/Source/portable/GCC/ARM_CM3/portmacro.h" 1
 5796 0012 EFF31183 			mrs r3, basepri											
 5797 0016 4FF05002 		mov r2, #80												
 5798 001a 82F31188 		msr basepri, r2											
 5799 001e BFF36F8F 		isb														
 5800 0022 BFF34F8F 		dsb														
 5801              	
 5802              	@ 0 "" 2
 5803              		.thumb
 5804              		.syntax unified
 5805 0026 9846     		mov	r8, r3
 225:Middlewares/Third_Party/FreeRTOS/Source/portable/GCC/ARM_CM3/portmacro.h **** }
 5806              		.loc 2 225 2 view .LVU1573
 5807              	.LVL376:
 225:Middlewares/Third_Party/FreeRTOS/Source/portable/GCC/ARM_CM3/portmacro.h **** }
 5808              		.loc 2 225 2 is_stmt 0 view .LVU1574
 5809              	.LBE210:
 5810              	.LBE209:
4928:Middlewares/Third_Party/FreeRTOS/Source/tasks.c **** 			{
 5811              		.loc 1 4928 4 is_stmt 1 view .LVU1575
4928:Middlewares/Third_Party/FreeRTOS/Source/tasks.c **** 			{
 5812              		.loc 1 4928 6 is_stmt 0 view .LVU1576
 5813 0028 0EB1     		cbz	r6, .L452
4930:Middlewares/Third_Party/FreeRTOS/Source/tasks.c **** 			}
 5814              		.loc 1 4930 5 is_stmt 1 view .LVU1577
4930:Middlewares/Third_Party/FreeRTOS/Source/tasks.c **** 			}
 5815              		.loc 1 4930 42 is_stmt 0 view .LVU1578
 5816 002a EB6C     		ldr	r3, [r5, #76]
 5817              	.LVL377:
4930:Middlewares/Third_Party/FreeRTOS/Source/tasks.c **** 			}
 5818              		.loc 1 4930 35 view .LVU1579
 5819 002c 3360     		str	r3, [r6]
 5820              	.L452:
4933:Middlewares/Third_Party/FreeRTOS/Source/tasks.c **** 			pxTCB->ucNotifyState = taskNOTIFICATION_RECEIVED;
 5821              		.loc 1 4933 4 is_stmt 1 view .LVU1580
4933:Middlewares/Third_Party/FreeRTOS/Source/tasks.c **** 			pxTCB->ucNotifyState = taskNOTIFICATION_RECEIVED;
 5822              		.loc 1 4933 26 is_stmt 0 view .LVU1581
 5823 002e 95F85030 		ldrb	r3, [r5, #80]	@ zero_extendqisi2
 5824 0032 DBB2     		uxtb	r3, r3
 5825              	.LVL378:
4934:Middlewares/Third_Party/FreeRTOS/Source/tasks.c **** 
 5826              		.loc 1 4934 4 is_stmt 1 view .LVU1582
4934:Middlewares/Third_Party/FreeRTOS/Source/tasks.c **** 
 5827              		.loc 1 4934 25 is_stmt 0 view .LVU1583
 5828 0034 0222     		movs	r2, #2
 5829 0036 85F85020 		strb	r2, [r5, #80]
4936:Middlewares/Third_Party/FreeRTOS/Source/tasks.c **** 			{
 5830              		.loc 1 4936 4 is_stmt 1 view .LVU1584
 5831 003a 9442     		cmp	r4, r2
 5832 003c 1ED0     		beq	.L453
 5833 003e 15D8     		bhi	.L454
 5834 0040 24B1     		cbz	r4, .L455
 5835 0042 012C     		cmp	r4, #1
 5836 0044 20D1     		bne	.L457
ARM GAS  C:\Users\subdia\AppData\Local\Temp\ccqYdsij.s 			page 225


4939:Middlewares/Third_Party/FreeRTOS/Source/tasks.c **** 					break;
 5837              		.loc 1 4939 6 view .LVU1585
4939:Middlewares/Third_Party/FreeRTOS/Source/tasks.c **** 					break;
 5838              		.loc 1 4939 11 is_stmt 0 view .LVU1586
 5839 0046 EA6C     		ldr	r2, [r5, #76]
4939:Middlewares/Third_Party/FreeRTOS/Source/tasks.c **** 					break;
 5840              		.loc 1 4939 29 view .LVU1587
 5841 0048 3A43     		orrs	r2, r2, r7
 5842 004a EA64     		str	r2, [r5, #76]
4940:Middlewares/Third_Party/FreeRTOS/Source/tasks.c **** 
 5843              		.loc 1 4940 6 is_stmt 1 view .LVU1588
 5844              	.L455:
4975:Middlewares/Third_Party/FreeRTOS/Source/tasks.c **** 
 5845              		.loc 1 4975 31 view .LVU1589
4979:Middlewares/Third_Party/FreeRTOS/Source/tasks.c **** 			{
 5846              		.loc 1 4979 4 view .LVU1590
4979:Middlewares/Third_Party/FreeRTOS/Source/tasks.c **** 			{
 5847              		.loc 1 4979 6 is_stmt 0 view .LVU1591
 5848 004c 012B     		cmp	r3, #1
 5849 004e 28D0     		beq	.L473
 5850 0050 0120     		movs	r0, #1
 5851              	.LVL379:
 5852              	.L460:
5012:Middlewares/Third_Party/FreeRTOS/Source/tasks.c **** 				}
 5853              		.loc 1 5012 30 is_stmt 1 view .LVU1592
5016:Middlewares/Third_Party/FreeRTOS/Source/tasks.c **** 
 5854              		.loc 1 5016 3 view .LVU1593
 5855              	.LBB211:
 5856              	.LBI211:
 229:Middlewares/Third_Party/FreeRTOS/Source/portable/GCC/ARM_CM3/portmacro.h **** {
 5857              		.loc 2 229 30 view .LVU1594
 5858              	.LBB212:
 5859              		.loc 2 231 2 view .LVU1595
 5860              		.syntax unified
 5861              	@ 231 "Middlewares/Third_Party/FreeRTOS/Source/portable/GCC/ARM_CM3/portmacro.h" 1
 5862 0052 88F31188 			msr basepri, r8	
 5863              	@ 0 "" 2
 5864              		.thumb
 5865              		.syntax unified
 5866              	.LBE212:
 5867              	.LBE211:
5018:Middlewares/Third_Party/FreeRTOS/Source/tasks.c **** 	}
 5868              		.loc 1 5018 3 view .LVU1596
5019:Middlewares/Third_Party/FreeRTOS/Source/tasks.c **** 
 5869              		.loc 1 5019 2 is_stmt 0 view .LVU1597
 5870 0056 BDE8F081 		pop	{r4, r5, r6, r7, r8, pc}
 5871              	.LVL380:
 5872              	.L472:
 5873              	.LCFI52:
 5874              		.cfi_def_cfa_offset 0
 5875              		.cfi_restore 4
 5876              		.cfi_restore 5
 5877              		.cfi_restore 6
 5878              		.cfi_restore 7
 5879              		.cfi_restore 8
 5880              		.cfi_restore 14
4904:Middlewares/Third_Party/FreeRTOS/Source/tasks.c **** 
ARM GAS  C:\Users\subdia\AppData\Local\Temp\ccqYdsij.s 			page 226


 5881              		.loc 1 4904 3 is_stmt 1 discriminator 1 view .LVU1598
 5882              	.LBB213:
 5883              	.LBI213:
 193:Middlewares/Third_Party/FreeRTOS/Source/portable/GCC/ARM_CM3/portmacro.h **** {
 5884              		.loc 2 193 30 view .LVU1599
 5885              	.LBB214:
 195:Middlewares/Third_Party/FreeRTOS/Source/portable/GCC/ARM_CM3/portmacro.h **** 
 5886              		.loc 2 195 1 view .LVU1600
 197:Middlewares/Third_Party/FreeRTOS/Source/portable/GCC/ARM_CM3/portmacro.h **** 	(
 5887              		.loc 2 197 2 view .LVU1601
 5888              		.syntax unified
 5889              	@ 197 "Middlewares/Third_Party/FreeRTOS/Source/portable/GCC/ARM_CM3/portmacro.h" 1
 5890 005a 4FF05003 			mov r3, #80												
 5891 005e 83F31188 		msr basepri, r3											
 5892 0062 BFF36F8F 		isb														
 5893 0066 BFF34F8F 		dsb														
 5894              	
 5895              	@ 0 "" 2
 5896              	.LVL381:
 5897              		.thumb
 5898              		.syntax unified
 5899              	.L451:
 197:Middlewares/Third_Party/FreeRTOS/Source/portable/GCC/ARM_CM3/portmacro.h **** 	(
 5900              		.loc 2 197 2 is_stmt 0 view .LVU1602
 5901              	.LBE214:
 5902              	.LBE213:
4904:Middlewares/Third_Party/FreeRTOS/Source/tasks.c **** 
 5903              		.loc 1 4904 3 is_stmt 1 view .LVU1603
 5904 006a FEE7     		b	.L451
 5905              	.LVL382:
 5906              	.L454:
 5907              	.LCFI53:
 5908              		.cfi_def_cfa_offset 24
 5909              		.cfi_offset 4, -24
 5910              		.cfi_offset 5, -20
 5911              		.cfi_offset 6, -16
 5912              		.cfi_offset 7, -12
 5913              		.cfi_offset 8, -8
 5914              		.cfi_offset 14, -4
4936:Middlewares/Third_Party/FreeRTOS/Source/tasks.c **** 			{
 5915              		.loc 1 4936 4 is_stmt 0 view .LVU1604
 5916 006c 032C     		cmp	r4, #3
 5917 006e 09D0     		beq	.L458
 5918 0070 042C     		cmp	r4, #4
 5919 0072 09D1     		bne	.L457
4951:Middlewares/Third_Party/FreeRTOS/Source/tasks.c **** 					{
 5920              		.loc 1 4951 6 is_stmt 1 view .LVU1605
4951:Middlewares/Third_Party/FreeRTOS/Source/tasks.c **** 					{
 5921              		.loc 1 4951 8 is_stmt 0 view .LVU1606
 5922 0074 022B     		cmp	r3, #2
 5923 0076 4AD0     		beq	.L467
4953:Middlewares/Third_Party/FreeRTOS/Source/tasks.c **** 					}
 5924              		.loc 1 4953 7 is_stmt 1 view .LVU1607
4953:Middlewares/Third_Party/FreeRTOS/Source/tasks.c **** 					}
 5925              		.loc 1 4953 30 is_stmt 0 view .LVU1608
 5926 0078 EF64     		str	r7, [r5, #76]
 5927 007a E7E7     		b	.L455
ARM GAS  C:\Users\subdia\AppData\Local\Temp\ccqYdsij.s 			page 227


 5928              	.L453:
4943:Middlewares/Third_Party/FreeRTOS/Source/tasks.c **** 					break;
 5929              		.loc 1 4943 6 is_stmt 1 view .LVU1609
4943:Middlewares/Third_Party/FreeRTOS/Source/tasks.c **** 					break;
 5930              		.loc 1 4943 13 is_stmt 0 view .LVU1610
 5931 007c EA6C     		ldr	r2, [r5, #76]
4943:Middlewares/Third_Party/FreeRTOS/Source/tasks.c **** 					break;
 5932              		.loc 1 4943 32 view .LVU1611
 5933 007e 0132     		adds	r2, r2, #1
 5934 0080 EA64     		str	r2, [r5, #76]
4944:Middlewares/Third_Party/FreeRTOS/Source/tasks.c **** 
 5935              		.loc 1 4944 6 is_stmt 1 view .LVU1612
 5936 0082 E3E7     		b	.L455
 5937              	.L458:
4947:Middlewares/Third_Party/FreeRTOS/Source/tasks.c **** 					break;
 5938              		.loc 1 4947 6 view .LVU1613
4947:Middlewares/Third_Party/FreeRTOS/Source/tasks.c **** 					break;
 5939              		.loc 1 4947 29 is_stmt 0 view .LVU1614
 5940 0084 EF64     		str	r7, [r5, #76]
4948:Middlewares/Third_Party/FreeRTOS/Source/tasks.c **** 
 5941              		.loc 1 4948 6 is_stmt 1 view .LVU1615
 5942 0086 E1E7     		b	.L455
 5943              	.L457:
4971:Middlewares/Third_Party/FreeRTOS/Source/tasks.c **** 					break;
 5944              		.loc 1 4971 6 view .LVU1616
 5945 0088 EA6C     		ldr	r2, [r5, #76]
 5946 008a B2F1FF3F 		cmp	r2, #-1
 5947 008e DDD0     		beq	.L455
4971:Middlewares/Third_Party/FreeRTOS/Source/tasks.c **** 					break;
 5948              		.loc 1 4971 6 discriminator 1 view .LVU1617
 5949              	.LBB215:
 5950              	.LBI215:
 193:Middlewares/Third_Party/FreeRTOS/Source/portable/GCC/ARM_CM3/portmacro.h **** {
 5951              		.loc 2 193 30 view .LVU1618
 5952              	.LBB216:
 195:Middlewares/Third_Party/FreeRTOS/Source/portable/GCC/ARM_CM3/portmacro.h **** 
 5953              		.loc 2 195 1 view .LVU1619
 197:Middlewares/Third_Party/FreeRTOS/Source/portable/GCC/ARM_CM3/portmacro.h **** 	(
 5954              		.loc 2 197 2 view .LVU1620
 5955              		.syntax unified
 5956              	@ 197 "Middlewares/Third_Party/FreeRTOS/Source/portable/GCC/ARM_CM3/portmacro.h" 1
 5957 0090 4FF05003 			mov r3, #80												
 5958 0094 83F31188 		msr basepri, r3											
 5959 0098 BFF36F8F 		isb														
 5960 009c BFF34F8F 		dsb														
 5961              	
 5962              	@ 0 "" 2
 5963              	.LVL383:
 5964              		.thumb
 5965              		.syntax unified
 5966              	.L461:
 197:Middlewares/Third_Party/FreeRTOS/Source/portable/GCC/ARM_CM3/portmacro.h **** 	(
 5967              		.loc 2 197 2 is_stmt 0 view .LVU1621
 5968              	.LBE216:
 5969              	.LBE215:
4971:Middlewares/Third_Party/FreeRTOS/Source/tasks.c **** 					break;
 5970              		.loc 1 4971 6 is_stmt 1 view .LVU1622
ARM GAS  C:\Users\subdia\AppData\Local\Temp\ccqYdsij.s 			page 228


 5971 00a0 FEE7     		b	.L461
 5972              	.LVL384:
 5973              	.L473:
4982:Middlewares/Third_Party/FreeRTOS/Source/tasks.c **** 
 5974              		.loc 1 4982 5 view .LVU1623
 5975 00a2 AB6A     		ldr	r3, [r5, #40]
 5976              	.LVL385:
4982:Middlewares/Third_Party/FreeRTOS/Source/tasks.c **** 
 5977              		.loc 1 4982 5 is_stmt 0 view .LVU1624
 5978 00a4 43B1     		cbz	r3, .L462
4982:Middlewares/Third_Party/FreeRTOS/Source/tasks.c **** 
 5979              		.loc 1 4982 5 is_stmt 1 discriminator 1 view .LVU1625
 5980              	.LBB217:
 5981              	.LBI217:
 193:Middlewares/Third_Party/FreeRTOS/Source/portable/GCC/ARM_CM3/portmacro.h **** {
 5982              		.loc 2 193 30 view .LVU1626
 5983              	.LBB218:
 195:Middlewares/Third_Party/FreeRTOS/Source/portable/GCC/ARM_CM3/portmacro.h **** 
 5984              		.loc 2 195 1 view .LVU1627
 197:Middlewares/Third_Party/FreeRTOS/Source/portable/GCC/ARM_CM3/portmacro.h **** 	(
 5985              		.loc 2 197 2 view .LVU1628
 5986              		.syntax unified
 5987              	@ 197 "Middlewares/Third_Party/FreeRTOS/Source/portable/GCC/ARM_CM3/portmacro.h" 1
 5988 00a6 4FF05003 			mov r3, #80												
 5989 00aa 83F31188 		msr basepri, r3											
 5990 00ae BFF36F8F 		isb														
 5991 00b2 BFF34F8F 		dsb														
 5992              	
 5993              	@ 0 "" 2
 5994              		.thumb
 5995              		.syntax unified
 5996              	.L463:
 5997              	.LBE218:
 5998              	.LBE217:
4982:Middlewares/Third_Party/FreeRTOS/Source/tasks.c **** 
 5999              		.loc 1 4982 5 view .LVU1629
 6000 00b6 FEE7     		b	.L463
 6001              	.L462:
4982:Middlewares/Third_Party/FreeRTOS/Source/tasks.c **** 
 6002              		.loc 1 4982 82 view .LVU1630
4984:Middlewares/Third_Party/FreeRTOS/Source/tasks.c **** 				{
 6003              		.loc 1 4984 5 view .LVU1631
4984:Middlewares/Third_Party/FreeRTOS/Source/tasks.c **** 				{
 6004              		.loc 1 4984 30 is_stmt 0 view .LVU1632
 6005 00b8 174B     		ldr	r3, .L474
 6006 00ba 1B68     		ldr	r3, [r3]
4984:Middlewares/Third_Party/FreeRTOS/Source/tasks.c **** 				{
 6007              		.loc 1 4984 7 view .LVU1633
 6008 00bc 0BBB     		cbnz	r3, .L464
4986:Middlewares/Third_Party/FreeRTOS/Source/tasks.c **** 					prvAddTaskToReadyList( pxTCB );
 6009              		.loc 1 4986 6 is_stmt 1 view .LVU1634
4986:Middlewares/Third_Party/FreeRTOS/Source/tasks.c **** 					prvAddTaskToReadyList( pxTCB );
 6010              		.loc 1 4986 29 is_stmt 0 view .LVU1635
 6011 00be 2C1D     		adds	r4, r5, #4
 6012              	.LVL386:
4986:Middlewares/Third_Party/FreeRTOS/Source/tasks.c **** 					prvAddTaskToReadyList( pxTCB );
 6013              		.loc 1 4986 15 view .LVU1636
ARM GAS  C:\Users\subdia\AppData\Local\Temp\ccqYdsij.s 			page 229


 6014 00c0 2046     		mov	r0, r4
 6015 00c2 FFF7FEFF 		bl	uxListRemove
 6016              	.LVL387:
4987:Middlewares/Third_Party/FreeRTOS/Source/tasks.c **** 				}
 6017              		.loc 1 4987 6 is_stmt 1 view .LVU1637
4987:Middlewares/Third_Party/FreeRTOS/Source/tasks.c **** 				}
 6018              		.loc 1 4987 6 view .LVU1638
 6019 00c6 E86A     		ldr	r0, [r5, #44]
 6020 00c8 0123     		movs	r3, #1
 6021 00ca 8340     		lsls	r3, r3, r0
 6022 00cc 134A     		ldr	r2, .L474+4
 6023 00ce 1168     		ldr	r1, [r2]
 6024 00d0 0B43     		orrs	r3, r3, r1
 6025 00d2 1360     		str	r3, [r2]
4987:Middlewares/Third_Party/FreeRTOS/Source/tasks.c **** 				}
 6026              		.loc 1 4987 6 view .LVU1639
 6027 00d4 00EB8000 		add	r0, r0, r0, lsl #2
 6028 00d8 2146     		mov	r1, r4
 6029 00da 114B     		ldr	r3, .L474+8
 6030 00dc 03EB8000 		add	r0, r3, r0, lsl #2
 6031 00e0 FFF7FEFF 		bl	vListInsertEnd
 6032              	.LVL388:
4987:Middlewares/Third_Party/FreeRTOS/Source/tasks.c **** 				}
 6033              		.loc 1 4987 36 discriminator 1 view .LVU1640
 6034              	.L465:
4996:Middlewares/Third_Party/FreeRTOS/Source/tasks.c **** 				{
 6035              		.loc 1 4996 5 view .LVU1641
4996:Middlewares/Third_Party/FreeRTOS/Source/tasks.c **** 				{
 6036              		.loc 1 4996 14 is_stmt 0 view .LVU1642
 6037 00e4 EA6A     		ldr	r2, [r5, #44]
4996:Middlewares/Third_Party/FreeRTOS/Source/tasks.c **** 				{
 6038              		.loc 1 4996 41 view .LVU1643
 6039 00e6 0F4B     		ldr	r3, .L474+12
 6040 00e8 1B68     		ldr	r3, [r3]
 6041 00ea DB6A     		ldr	r3, [r3, #44]
4996:Middlewares/Third_Party/FreeRTOS/Source/tasks.c **** 				{
 6042              		.loc 1 4996 7 view .LVU1644
 6043 00ec 9A42     		cmp	r2, r3
 6044 00ee 10D9     		bls	.L469
5000:Middlewares/Third_Party/FreeRTOS/Source/tasks.c **** 					{
 6045              		.loc 1 5000 6 is_stmt 1 view .LVU1645
5000:Middlewares/Third_Party/FreeRTOS/Source/tasks.c **** 					{
 6046              		.loc 1 5000 8 is_stmt 0 view .LVU1646
 6047 00f0 069B     		ldr	r3, [sp, #24]
 6048 00f2 13B1     		cbz	r3, .L466
5002:Middlewares/Third_Party/FreeRTOS/Source/tasks.c **** 					}
 6049              		.loc 1 5002 7 is_stmt 1 view .LVU1647
5002:Middlewares/Third_Party/FreeRTOS/Source/tasks.c **** 					}
 6050              		.loc 1 5002 34 is_stmt 0 view .LVU1648
 6051 00f4 0123     		movs	r3, #1
 6052 00f6 069A     		ldr	r2, [sp, #24]
 6053 00f8 1360     		str	r3, [r2]
 6054              	.L466:
5008:Middlewares/Third_Party/FreeRTOS/Source/tasks.c **** 				}
 6055              		.loc 1 5008 6 is_stmt 1 view .LVU1649
5008:Middlewares/Third_Party/FreeRTOS/Source/tasks.c **** 				}
 6056              		.loc 1 5008 20 is_stmt 0 view .LVU1650
ARM GAS  C:\Users\subdia\AppData\Local\Temp\ccqYdsij.s 			page 230


 6057 00fa 0120     		movs	r0, #1
 6058 00fc 0A4B     		ldr	r3, .L474+16
 6059 00fe 1860     		str	r0, [r3]
 6060 0100 A7E7     		b	.L460
 6061              	.L464:
4993:Middlewares/Third_Party/FreeRTOS/Source/tasks.c **** 				}
 6062              		.loc 1 4993 6 is_stmt 1 view .LVU1651
 6063 0102 05F11801 		add	r1, r5, #24
 6064 0106 0948     		ldr	r0, .L474+20
 6065 0108 FFF7FEFF 		bl	vListInsertEnd
 6066              	.LVL389:
 6067 010c EAE7     		b	.L465
 6068              	.LVL390:
 6069              	.L467:
4958:Middlewares/Third_Party/FreeRTOS/Source/tasks.c **** 					}
 6070              		.loc 1 4958 15 is_stmt 0 view .LVU1652
 6071 010e 0020     		movs	r0, #0
 6072 0110 9FE7     		b	.L460
 6073              	.LVL391:
 6074              	.L469:
4958:Middlewares/Third_Party/FreeRTOS/Source/tasks.c **** 					}
 6075              		.loc 1 4958 15 view .LVU1653
 6076 0112 0120     		movs	r0, #1
 6077 0114 9DE7     		b	.L460
 6078              	.L475:
 6079 0116 00BF     		.align	2
 6080              	.L474:
 6081 0118 00000000 		.word	uxSchedulerSuspended
 6082 011c 00000000 		.word	uxTopReadyPriority
 6083 0120 00000000 		.word	pxReadyTasksLists
 6084 0124 00000000 		.word	pxCurrentTCB
 6085 0128 00000000 		.word	xYieldPending
 6086 012c 00000000 		.word	xPendingReadyList
 6087              		.cfi_endproc
 6088              	.LFE52:
 6090              		.section	.text.vTaskNotifyGiveFromISR,"ax",%progbits
 6091              		.align	1
 6092              		.global	vTaskNotifyGiveFromISR
 6093              		.syntax unified
 6094              		.thumb
 6095              		.thumb_func
 6097              	vTaskNotifyGiveFromISR:
 6098              	.LVL392:
 6099              	.LFB53:
5027:Middlewares/Third_Party/FreeRTOS/Source/tasks.c **** 	TCB_t * pxTCB;
 6100              		.loc 1 5027 2 is_stmt 1 view -0
 6101              		.cfi_startproc
 6102              		@ args = 0, pretend = 0, frame = 0
 6103              		@ frame_needed = 0, uses_anonymous_args = 0
5027:Middlewares/Third_Party/FreeRTOS/Source/tasks.c **** 	TCB_t * pxTCB;
 6104              		.loc 1 5027 2 is_stmt 0 view .LVU1655
 6105 0000 F8B5     		push	{r3, r4, r5, r6, r7, lr}
 6106              	.LCFI54:
 6107              		.cfi_def_cfa_offset 24
 6108              		.cfi_offset 3, -24
 6109              		.cfi_offset 4, -20
 6110              		.cfi_offset 5, -16
ARM GAS  C:\Users\subdia\AppData\Local\Temp\ccqYdsij.s 			page 231


 6111              		.cfi_offset 6, -12
 6112              		.cfi_offset 7, -8
 6113              		.cfi_offset 14, -4
5028:Middlewares/Third_Party/FreeRTOS/Source/tasks.c **** 	uint8_t ucOriginalNotifyState;
 6114              		.loc 1 5028 2 is_stmt 1 view .LVU1656
5029:Middlewares/Third_Party/FreeRTOS/Source/tasks.c **** 	UBaseType_t uxSavedInterruptStatus;
 6115              		.loc 1 5029 2 view .LVU1657
5030:Middlewares/Third_Party/FreeRTOS/Source/tasks.c **** 
 6116              		.loc 1 5030 2 view .LVU1658
5032:Middlewares/Third_Party/FreeRTOS/Source/tasks.c **** 
 6117              		.loc 1 5032 3 view .LVU1659
 6118 0002 D8B1     		cbz	r0, .L486
 6119 0004 0E46     		mov	r6, r1
 6120 0006 0446     		mov	r4, r0
5032:Middlewares/Third_Party/FreeRTOS/Source/tasks.c **** 
 6121              		.loc 1 5032 32 view .LVU1660
5050:Middlewares/Third_Party/FreeRTOS/Source/tasks.c **** 
 6122              		.loc 1 5050 3 view .LVU1661
 6123 0008 FFF7FEFF 		bl	vPortValidateInterruptPriority
 6124              	.LVL393:
5052:Middlewares/Third_Party/FreeRTOS/Source/tasks.c **** 
 6125              		.loc 1 5052 3 view .LVU1662
5054:Middlewares/Third_Party/FreeRTOS/Source/tasks.c **** 		{
 6126              		.loc 1 5054 3 view .LVU1663
 6127              	.LBB219:
 6128              	.LBI219:
 209:Middlewares/Third_Party/FreeRTOS/Source/portable/GCC/ARM_CM3/portmacro.h **** {
 6129              		.loc 2 209 34 view .LVU1664
 6130              	.LBB220:
 211:Middlewares/Third_Party/FreeRTOS/Source/portable/GCC/ARM_CM3/portmacro.h **** 
 6131              		.loc 2 211 1 view .LVU1665
 213:Middlewares/Third_Party/FreeRTOS/Source/portable/GCC/ARM_CM3/portmacro.h **** 	(
 6132              		.loc 2 213 2 view .LVU1666
 6133              		.syntax unified
 6134              	@ 213 "Middlewares/Third_Party/FreeRTOS/Source/portable/GCC/ARM_CM3/portmacro.h" 1
 6135 000c EFF31183 			mrs r3, basepri											
 6136 0010 4FF05002 		mov r2, #80												
 6137 0014 82F31188 		msr basepri, r2											
 6138 0018 BFF36F8F 		isb														
 6139 001c BFF34F8F 		dsb														
 6140              	
 6141              	@ 0 "" 2
 6142              		.thumb
 6143              		.syntax unified
 6144 0020 1F46     		mov	r7, r3
 225:Middlewares/Third_Party/FreeRTOS/Source/portable/GCC/ARM_CM3/portmacro.h **** }
 6145              		.loc 2 225 2 view .LVU1667
 6146              	.LVL394:
 225:Middlewares/Third_Party/FreeRTOS/Source/portable/GCC/ARM_CM3/portmacro.h **** }
 6147              		.loc 2 225 2 is_stmt 0 view .LVU1668
 6148              	.LBE220:
 6149              	.LBE219:
5056:Middlewares/Third_Party/FreeRTOS/Source/tasks.c **** 			pxTCB->ucNotifyState = taskNOTIFICATION_RECEIVED;
 6150              		.loc 1 5056 4 is_stmt 1 view .LVU1669
5056:Middlewares/Third_Party/FreeRTOS/Source/tasks.c **** 			pxTCB->ucNotifyState = taskNOTIFICATION_RECEIVED;
 6151              		.loc 1 5056 26 is_stmt 0 view .LVU1670
 6152 0022 94F85020 		ldrb	r2, [r4, #80]	@ zero_extendqisi2
ARM GAS  C:\Users\subdia\AppData\Local\Temp\ccqYdsij.s 			page 232


 6153              	.LVL395:
5057:Middlewares/Third_Party/FreeRTOS/Source/tasks.c **** 
 6154              		.loc 1 5057 4 is_stmt 1 view .LVU1671
5057:Middlewares/Third_Party/FreeRTOS/Source/tasks.c **** 
 6155              		.loc 1 5057 25 is_stmt 0 view .LVU1672
 6156 0026 0223     		movs	r3, #2
 6157              	.LVL396:
5057:Middlewares/Third_Party/FreeRTOS/Source/tasks.c **** 
 6158              		.loc 1 5057 25 view .LVU1673
 6159 0028 84F85030 		strb	r3, [r4, #80]
5061:Middlewares/Third_Party/FreeRTOS/Source/tasks.c **** 
 6160              		.loc 1 5061 4 is_stmt 1 view .LVU1674
5061:Middlewares/Third_Party/FreeRTOS/Source/tasks.c **** 
 6161              		.loc 1 5061 11 is_stmt 0 view .LVU1675
 6162 002c E36C     		ldr	r3, [r4, #76]
5061:Middlewares/Third_Party/FreeRTOS/Source/tasks.c **** 
 6163              		.loc 1 5061 30 view .LVU1676
 6164 002e 0133     		adds	r3, r3, #1
 6165 0030 E364     		str	r3, [r4, #76]
5063:Middlewares/Third_Party/FreeRTOS/Source/tasks.c **** 
 6166              		.loc 1 5063 36 is_stmt 1 view .LVU1677
5067:Middlewares/Third_Party/FreeRTOS/Source/tasks.c **** 			{
 6167              		.loc 1 5067 4 view .LVU1678
5067:Middlewares/Third_Party/FreeRTOS/Source/tasks.c **** 			{
 6168              		.loc 1 5067 6 is_stmt 0 view .LVU1679
 6169 0032 012A     		cmp	r2, #1
 6170 0034 0BD0     		beq	.L487
 6171              	.LVL397:
 6172              	.L479:
5100:Middlewares/Third_Party/FreeRTOS/Source/tasks.c **** 				}
 6173              		.loc 1 5100 30 is_stmt 1 view .LVU1680
5104:Middlewares/Third_Party/FreeRTOS/Source/tasks.c **** 	}
 6174              		.loc 1 5104 3 view .LVU1681
 6175              	.LBB221:
 6176              	.LBI221:
 229:Middlewares/Third_Party/FreeRTOS/Source/portable/GCC/ARM_CM3/portmacro.h **** {
 6177              		.loc 2 229 30 view .LVU1682
 6178              	.LBB222:
 6179              		.loc 2 231 2 view .LVU1683
 6180              		.syntax unified
 6181              	@ 231 "Middlewares/Third_Party/FreeRTOS/Source/portable/GCC/ARM_CM3/portmacro.h" 1
 6182 0036 87F31188 			msr basepri, r7	
 6183              	@ 0 "" 2
 6184              		.thumb
 6185              		.syntax unified
 6186              	.LBE222:
 6187              	.LBE221:
5105:Middlewares/Third_Party/FreeRTOS/Source/tasks.c **** 
 6188              		.loc 1 5105 2 is_stmt 0 view .LVU1684
 6189 003a F8BD     		pop	{r3, r4, r5, r6, r7, pc}
 6190              	.LVL398:
 6191              	.L486:
5032:Middlewares/Third_Party/FreeRTOS/Source/tasks.c **** 
 6192              		.loc 1 5032 3 is_stmt 1 discriminator 1 view .LVU1685
 6193              	.LBB223:
 6194              	.LBI223:
 193:Middlewares/Third_Party/FreeRTOS/Source/portable/GCC/ARM_CM3/portmacro.h **** {
ARM GAS  C:\Users\subdia\AppData\Local\Temp\ccqYdsij.s 			page 233


 6195              		.loc 2 193 30 view .LVU1686
 6196              	.LBB224:
 195:Middlewares/Third_Party/FreeRTOS/Source/portable/GCC/ARM_CM3/portmacro.h **** 
 6197              		.loc 2 195 1 view .LVU1687
 197:Middlewares/Third_Party/FreeRTOS/Source/portable/GCC/ARM_CM3/portmacro.h **** 	(
 6198              		.loc 2 197 2 view .LVU1688
 6199              		.syntax unified
 6200              	@ 197 "Middlewares/Third_Party/FreeRTOS/Source/portable/GCC/ARM_CM3/portmacro.h" 1
 6201 003c 4FF05003 			mov r3, #80												
 6202 0040 83F31188 		msr basepri, r3											
 6203 0044 BFF36F8F 		isb														
 6204 0048 BFF34F8F 		dsb														
 6205              	
 6206              	@ 0 "" 2
 6207              		.thumb
 6208              		.syntax unified
 6209              	.L478:
 6210              	.LBE224:
 6211              	.LBE223:
5032:Middlewares/Third_Party/FreeRTOS/Source/tasks.c **** 
 6212              		.loc 1 5032 3 view .LVU1689
 6213 004c FEE7     		b	.L478
 6214              	.LVL399:
 6215              	.L487:
5070:Middlewares/Third_Party/FreeRTOS/Source/tasks.c **** 
 6216              		.loc 1 5070 5 view .LVU1690
 6217 004e A36A     		ldr	r3, [r4, #40]
 6218 0050 43B1     		cbz	r3, .L480
5070:Middlewares/Third_Party/FreeRTOS/Source/tasks.c **** 
 6219              		.loc 1 5070 5 discriminator 1 view .LVU1691
 6220              	.LBB225:
 6221              	.LBI225:
 193:Middlewares/Third_Party/FreeRTOS/Source/portable/GCC/ARM_CM3/portmacro.h **** {
 6222              		.loc 2 193 30 view .LVU1692
 6223              	.LBB226:
 195:Middlewares/Third_Party/FreeRTOS/Source/portable/GCC/ARM_CM3/portmacro.h **** 
 6224              		.loc 2 195 1 view .LVU1693
 197:Middlewares/Third_Party/FreeRTOS/Source/portable/GCC/ARM_CM3/portmacro.h **** 	(
 6225              		.loc 2 197 2 view .LVU1694
 6226              		.syntax unified
 6227              	@ 197 "Middlewares/Third_Party/FreeRTOS/Source/portable/GCC/ARM_CM3/portmacro.h" 1
 6228 0052 4FF05003 			mov r3, #80												
 6229 0056 83F31188 		msr basepri, r3											
 6230 005a BFF36F8F 		isb														
 6231 005e BFF34F8F 		dsb														
 6232              	
 6233              	@ 0 "" 2
 6234              		.thumb
 6235              		.syntax unified
 6236              	.L481:
 6237              	.LBE226:
 6238              	.LBE225:
5070:Middlewares/Third_Party/FreeRTOS/Source/tasks.c **** 
 6239              		.loc 1 5070 5 view .LVU1695
 6240 0062 FEE7     		b	.L481
 6241              	.L480:
5070:Middlewares/Third_Party/FreeRTOS/Source/tasks.c **** 
ARM GAS  C:\Users\subdia\AppData\Local\Temp\ccqYdsij.s 			page 234


 6242              		.loc 1 5070 82 view .LVU1696
5072:Middlewares/Third_Party/FreeRTOS/Source/tasks.c **** 				{
 6243              		.loc 1 5072 5 view .LVU1697
5072:Middlewares/Third_Party/FreeRTOS/Source/tasks.c **** 				{
 6244              		.loc 1 5072 30 is_stmt 0 view .LVU1698
 6245 0064 144B     		ldr	r3, .L488
 6246 0066 1B68     		ldr	r3, [r3]
5072:Middlewares/Third_Party/FreeRTOS/Source/tasks.c **** 				{
 6247              		.loc 1 5072 7 view .LVU1699
 6248 0068 03BB     		cbnz	r3, .L482
5074:Middlewares/Third_Party/FreeRTOS/Source/tasks.c **** 					prvAddTaskToReadyList( pxTCB );
 6249              		.loc 1 5074 6 is_stmt 1 view .LVU1700
5074:Middlewares/Third_Party/FreeRTOS/Source/tasks.c **** 					prvAddTaskToReadyList( pxTCB );
 6250              		.loc 1 5074 29 is_stmt 0 view .LVU1701
 6251 006a 231D     		adds	r3, r4, #4
 6252 006c 1D46     		mov	r5, r3
5074:Middlewares/Third_Party/FreeRTOS/Source/tasks.c **** 					prvAddTaskToReadyList( pxTCB );
 6253              		.loc 1 5074 15 view .LVU1702
 6254 006e 1846     		mov	r0, r3
 6255 0070 FFF7FEFF 		bl	uxListRemove
 6256              	.LVL400:
5075:Middlewares/Third_Party/FreeRTOS/Source/tasks.c **** 				}
 6257              		.loc 1 5075 6 is_stmt 1 view .LVU1703
5075:Middlewares/Third_Party/FreeRTOS/Source/tasks.c **** 				}
 6258              		.loc 1 5075 6 view .LVU1704
 6259 0074 E06A     		ldr	r0, [r4, #44]
 6260 0076 0123     		movs	r3, #1
 6261 0078 8340     		lsls	r3, r3, r0
 6262 007a 104A     		ldr	r2, .L488+4
 6263 007c 1168     		ldr	r1, [r2]
 6264 007e 0B43     		orrs	r3, r3, r1
 6265 0080 1360     		str	r3, [r2]
5075:Middlewares/Third_Party/FreeRTOS/Source/tasks.c **** 				}
 6266              		.loc 1 5075 6 view .LVU1705
 6267 0082 00EB8000 		add	r0, r0, r0, lsl #2
 6268 0086 2946     		mov	r1, r5
 6269 0088 0D4B     		ldr	r3, .L488+8
 6270 008a 03EB8000 		add	r0, r3, r0, lsl #2
 6271 008e FFF7FEFF 		bl	vListInsertEnd
 6272              	.LVL401:
5075:Middlewares/Third_Party/FreeRTOS/Source/tasks.c **** 				}
 6273              		.loc 1 5075 36 discriminator 1 view .LVU1706
 6274              	.L483:
5084:Middlewares/Third_Party/FreeRTOS/Source/tasks.c **** 				{
 6275              		.loc 1 5084 5 view .LVU1707
5084:Middlewares/Third_Party/FreeRTOS/Source/tasks.c **** 				{
 6276              		.loc 1 5084 14 is_stmt 0 view .LVU1708
 6277 0092 E26A     		ldr	r2, [r4, #44]
5084:Middlewares/Third_Party/FreeRTOS/Source/tasks.c **** 				{
 6278              		.loc 1 5084 41 view .LVU1709
 6279 0094 0B4B     		ldr	r3, .L488+12
 6280 0096 1B68     		ldr	r3, [r3]
 6281 0098 DB6A     		ldr	r3, [r3, #44]
5084:Middlewares/Third_Party/FreeRTOS/Source/tasks.c **** 				{
 6282              		.loc 1 5084 7 view .LVU1710
 6283 009a 9A42     		cmp	r2, r3
 6284 009c CBD9     		bls	.L479
ARM GAS  C:\Users\subdia\AppData\Local\Temp\ccqYdsij.s 			page 235


5088:Middlewares/Third_Party/FreeRTOS/Source/tasks.c **** 					{
 6285              		.loc 1 5088 6 is_stmt 1 view .LVU1711
5088:Middlewares/Third_Party/FreeRTOS/Source/tasks.c **** 					{
 6286              		.loc 1 5088 8 is_stmt 0 view .LVU1712
 6287 009e 0EB1     		cbz	r6, .L484
5090:Middlewares/Third_Party/FreeRTOS/Source/tasks.c **** 					}
 6288              		.loc 1 5090 7 is_stmt 1 view .LVU1713
5090:Middlewares/Third_Party/FreeRTOS/Source/tasks.c **** 					}
 6289              		.loc 1 5090 34 is_stmt 0 view .LVU1714
 6290 00a0 0123     		movs	r3, #1
 6291 00a2 3360     		str	r3, [r6]
 6292              	.L484:
5096:Middlewares/Third_Party/FreeRTOS/Source/tasks.c **** 				}
 6293              		.loc 1 5096 6 is_stmt 1 view .LVU1715
5096:Middlewares/Third_Party/FreeRTOS/Source/tasks.c **** 				}
 6294              		.loc 1 5096 20 is_stmt 0 view .LVU1716
 6295 00a4 084B     		ldr	r3, .L488+16
 6296 00a6 0122     		movs	r2, #1
 6297 00a8 1A60     		str	r2, [r3]
 6298 00aa C4E7     		b	.L479
 6299              	.LVL402:
 6300              	.L482:
5081:Middlewares/Third_Party/FreeRTOS/Source/tasks.c **** 				}
 6301              		.loc 1 5081 6 is_stmt 1 view .LVU1717
 6302 00ac 04F11801 		add	r1, r4, #24
 6303 00b0 0648     		ldr	r0, .L488+20
 6304 00b2 FFF7FEFF 		bl	vListInsertEnd
 6305              	.LVL403:
5081:Middlewares/Third_Party/FreeRTOS/Source/tasks.c **** 				}
 6306              		.loc 1 5081 6 is_stmt 0 view .LVU1718
 6307 00b6 ECE7     		b	.L483
 6308              	.L489:
 6309              		.align	2
 6310              	.L488:
 6311 00b8 00000000 		.word	uxSchedulerSuspended
 6312 00bc 00000000 		.word	uxTopReadyPriority
 6313 00c0 00000000 		.word	pxReadyTasksLists
 6314 00c4 00000000 		.word	pxCurrentTCB
 6315 00c8 00000000 		.word	xYieldPending
 6316 00cc 00000000 		.word	xPendingReadyList
 6317              		.cfi_endproc
 6318              	.LFE53:
 6320              		.section	.text.xTaskNotifyStateClear,"ax",%progbits
 6321              		.align	1
 6322              		.global	xTaskNotifyStateClear
 6323              		.syntax unified
 6324              		.thumb
 6325              		.thumb_func
 6327              	xTaskNotifyStateClear:
 6328              	.LVL404:
 6329              	.LFB54:
5113:Middlewares/Third_Party/FreeRTOS/Source/tasks.c **** 	TCB_t *pxTCB;
 6330              		.loc 1 5113 2 is_stmt 1 view -0
 6331              		.cfi_startproc
 6332              		@ args = 0, pretend = 0, frame = 0
 6333              		@ frame_needed = 0, uses_anonymous_args = 0
5113:Middlewares/Third_Party/FreeRTOS/Source/tasks.c **** 	TCB_t *pxTCB;
ARM GAS  C:\Users\subdia\AppData\Local\Temp\ccqYdsij.s 			page 236


 6334              		.loc 1 5113 2 is_stmt 0 view .LVU1720
 6335 0000 10B5     		push	{r4, lr}
 6336              	.LCFI55:
 6337              		.cfi_def_cfa_offset 8
 6338              		.cfi_offset 4, -8
 6339              		.cfi_offset 14, -4
5114:Middlewares/Third_Party/FreeRTOS/Source/tasks.c **** 	BaseType_t xReturn;
 6340              		.loc 1 5114 2 is_stmt 1 view .LVU1721
5115:Middlewares/Third_Party/FreeRTOS/Source/tasks.c **** 
 6341              		.loc 1 5115 2 view .LVU1722
5119:Middlewares/Third_Party/FreeRTOS/Source/tasks.c **** 
 6342              		.loc 1 5119 3 view .LVU1723
5119:Middlewares/Third_Party/FreeRTOS/Source/tasks.c **** 
 6343              		.loc 1 5119 11 is_stmt 0 view .LVU1724
 6344 0002 0446     		mov	r4, r0
 6345 0004 58B1     		cbz	r0, .L495
 6346              	.LVL405:
 6347              	.L491:
5121:Middlewares/Third_Party/FreeRTOS/Source/tasks.c **** 		{
 6348              		.loc 1 5121 3 is_stmt 1 view .LVU1725
 6349 0006 FFF7FEFF 		bl	vPortEnterCritical
 6350              	.LVL406:
5123:Middlewares/Third_Party/FreeRTOS/Source/tasks.c **** 			{
 6351              		.loc 1 5123 4 view .LVU1726
5123:Middlewares/Third_Party/FreeRTOS/Source/tasks.c **** 			{
 6352              		.loc 1 5123 13 is_stmt 0 view .LVU1727
 6353 000a 94F85030 		ldrb	r3, [r4, #80]	@ zero_extendqisi2
5123:Middlewares/Third_Party/FreeRTOS/Source/tasks.c **** 			{
 6354              		.loc 1 5123 6 view .LVU1728
 6355 000e 022B     		cmp	r3, #2
 6356 0010 09D0     		beq	.L496
5130:Middlewares/Third_Party/FreeRTOS/Source/tasks.c **** 			}
 6357              		.loc 1 5130 13 view .LVU1729
 6358 0012 0023     		movs	r3, #0
 6359 0014 1C46     		mov	r4, r3
 6360              	.LVL407:
 6361              	.L492:
5133:Middlewares/Third_Party/FreeRTOS/Source/tasks.c **** 
 6362              		.loc 1 5133 3 is_stmt 1 view .LVU1730
 6363 0016 FFF7FEFF 		bl	vPortExitCritical
 6364              	.LVL408:
5135:Middlewares/Third_Party/FreeRTOS/Source/tasks.c **** 	}
 6365              		.loc 1 5135 3 view .LVU1731
5136:Middlewares/Third_Party/FreeRTOS/Source/tasks.c **** 
 6366              		.loc 1 5136 2 is_stmt 0 view .LVU1732
 6367 001a 2046     		mov	r0, r4
 6368 001c 10BD     		pop	{r4, pc}
 6369              	.LVL409:
 6370              	.L495:
5119:Middlewares/Third_Party/FreeRTOS/Source/tasks.c **** 
 6371              		.loc 1 5119 9 discriminator 1 view .LVU1733
 6372 001e 054B     		ldr	r3, .L497
 6373 0020 1B68     		ldr	r3, [r3]
 6374              	.LVL410:
5119:Middlewares/Third_Party/FreeRTOS/Source/tasks.c **** 
 6375              		.loc 1 5119 9 discriminator 1 view .LVU1734
 6376 0022 1C46     		mov	r4, r3
ARM GAS  C:\Users\subdia\AppData\Local\Temp\ccqYdsij.s 			page 237


 6377 0024 EFE7     		b	.L491
 6378              	.LVL411:
 6379              	.L496:
5125:Middlewares/Third_Party/FreeRTOS/Source/tasks.c **** 				xReturn = pdPASS;
 6380              		.loc 1 5125 5 is_stmt 1 view .LVU1735
5125:Middlewares/Third_Party/FreeRTOS/Source/tasks.c **** 				xReturn = pdPASS;
 6381              		.loc 1 5125 26 is_stmt 0 view .LVU1736
 6382 0026 0023     		movs	r3, #0
 6383 0028 84F85030 		strb	r3, [r4, #80]
5126:Middlewares/Third_Party/FreeRTOS/Source/tasks.c **** 			}
 6384              		.loc 1 5126 5 is_stmt 1 view .LVU1737
 6385              	.LVL412:
5126:Middlewares/Third_Party/FreeRTOS/Source/tasks.c **** 			}
 6386              		.loc 1 5126 13 is_stmt 0 view .LVU1738
 6387 002c 0123     		movs	r3, #1
 6388 002e 1C46     		mov	r4, r3
 6389              	.LVL413:
5126:Middlewares/Third_Party/FreeRTOS/Source/tasks.c **** 			}
 6390              		.loc 1 5126 13 view .LVU1739
 6391 0030 F1E7     		b	.L492
 6392              	.L498:
 6393 0032 00BF     		.align	2
 6394              	.L497:
 6395 0034 00000000 		.word	pxCurrentTCB
 6396              		.cfi_endproc
 6397              	.LFE54:
 6399              		.section	.text.ulTaskNotifyValueClear,"ax",%progbits
 6400              		.align	1
 6401              		.global	ulTaskNotifyValueClear
 6402              		.syntax unified
 6403              		.thumb
 6404              		.thumb_func
 6406              	ulTaskNotifyValueClear:
 6407              	.LVL414:
 6408              	.LFB55:
5144:Middlewares/Third_Party/FreeRTOS/Source/tasks.c **** 	TCB_t *pxTCB;
 6409              		.loc 1 5144 2 is_stmt 1 view -0
 6410              		.cfi_startproc
 6411              		@ args = 0, pretend = 0, frame = 0
 6412              		@ frame_needed = 0, uses_anonymous_args = 0
5144:Middlewares/Third_Party/FreeRTOS/Source/tasks.c **** 	TCB_t *pxTCB;
 6413              		.loc 1 5144 2 is_stmt 0 view .LVU1741
 6414 0000 70B5     		push	{r4, r5, r6, lr}
 6415              	.LCFI56:
 6416              		.cfi_def_cfa_offset 16
 6417              		.cfi_offset 4, -16
 6418              		.cfi_offset 5, -12
 6419              		.cfi_offset 6, -8
 6420              		.cfi_offset 14, -4
 6421 0002 0E46     		mov	r6, r1
5145:Middlewares/Third_Party/FreeRTOS/Source/tasks.c **** 	uint32_t ulReturn;
 6422              		.loc 1 5145 2 is_stmt 1 view .LVU1742
5146:Middlewares/Third_Party/FreeRTOS/Source/tasks.c **** 
 6423              		.loc 1 5146 2 view .LVU1743
5150:Middlewares/Third_Party/FreeRTOS/Source/tasks.c **** 
 6424              		.loc 1 5150 3 view .LVU1744
5150:Middlewares/Third_Party/FreeRTOS/Source/tasks.c **** 
ARM GAS  C:\Users\subdia\AppData\Local\Temp\ccqYdsij.s 			page 238


 6425              		.loc 1 5150 11 is_stmt 0 view .LVU1745
 6426 0004 0446     		mov	r4, r0
 6427 0006 60B1     		cbz	r0, .L502
 6428              	.LVL415:
 6429              	.L500:
5152:Middlewares/Third_Party/FreeRTOS/Source/tasks.c **** 		{
 6430              		.loc 1 5152 3 is_stmt 1 view .LVU1746
 6431 0008 FFF7FEFF 		bl	vPortEnterCritical
 6432              	.LVL416:
5156:Middlewares/Third_Party/FreeRTOS/Source/tasks.c **** 			pxTCB->ulNotifiedValue &= ~ulBitsToClear;
 6433              		.loc 1 5156 4 view .LVU1747
5156:Middlewares/Third_Party/FreeRTOS/Source/tasks.c **** 			pxTCB->ulNotifiedValue &= ~ulBitsToClear;
 6434              		.loc 1 5156 27 is_stmt 0 view .LVU1748
 6435 000c 064B     		ldr	r3, .L503
 6436 000e 1B68     		ldr	r3, [r3]
5156:Middlewares/Third_Party/FreeRTOS/Source/tasks.c **** 			pxTCB->ulNotifiedValue &= ~ulBitsToClear;
 6437              		.loc 1 5156 13 view .LVU1749
 6438 0010 DD6C     		ldr	r5, [r3, #76]
 6439              	.LVL417:
5157:Middlewares/Third_Party/FreeRTOS/Source/tasks.c **** 		}
 6440              		.loc 1 5157 4 is_stmt 1 view .LVU1750
5157:Middlewares/Third_Party/FreeRTOS/Source/tasks.c **** 		}
 6441              		.loc 1 5157 9 is_stmt 0 view .LVU1751
 6442 0012 E36C     		ldr	r3, [r4, #76]
5157:Middlewares/Third_Party/FreeRTOS/Source/tasks.c **** 		}
 6443              		.loc 1 5157 27 view .LVU1752
 6444 0014 23EA0603 		bic	r3, r3, r6
 6445 0018 E364     		str	r3, [r4, #76]
5159:Middlewares/Third_Party/FreeRTOS/Source/tasks.c **** 
 6446              		.loc 1 5159 3 is_stmt 1 view .LVU1753
 6447 001a FFF7FEFF 		bl	vPortExitCritical
 6448              	.LVL418:
5161:Middlewares/Third_Party/FreeRTOS/Source/tasks.c **** 	}
 6449              		.loc 1 5161 3 view .LVU1754
5162:Middlewares/Third_Party/FreeRTOS/Source/tasks.c **** 
 6450              		.loc 1 5162 2 is_stmt 0 view .LVU1755
 6451 001e 2846     		mov	r0, r5
 6452 0020 70BD     		pop	{r4, r5, r6, pc}
 6453              	.LVL419:
 6454              	.L502:
5150:Middlewares/Third_Party/FreeRTOS/Source/tasks.c **** 
 6455              		.loc 1 5150 9 discriminator 1 view .LVU1756
 6456 0022 014B     		ldr	r3, .L503
 6457 0024 1C68     		ldr	r4, [r3]
 6458              	.LVL420:
5150:Middlewares/Third_Party/FreeRTOS/Source/tasks.c **** 
 6459              		.loc 1 5150 9 discriminator 1 view .LVU1757
 6460 0026 EFE7     		b	.L500
 6461              	.L504:
 6462              		.align	2
 6463              	.L503:
 6464 0028 00000000 		.word	pxCurrentTCB
 6465              		.cfi_endproc
 6466              	.LFE55:
 6468              		.section	.bss.uxSchedulerSuspended,"aw",%nobits
 6469              		.align	2
 6472              	uxSchedulerSuspended:
ARM GAS  C:\Users\subdia\AppData\Local\Temp\ccqYdsij.s 			page 239


 6473 0000 00000000 		.space	4
 6474              		.section	.bss.xIdleTaskHandle,"aw",%nobits
 6475              		.align	2
 6478              	xIdleTaskHandle:
 6479 0000 00000000 		.space	4
 6480              		.section	.bss.xNextTaskUnblockTime,"aw",%nobits
 6481              		.align	2
 6484              	xNextTaskUnblockTime:
 6485 0000 00000000 		.space	4
 6486              		.section	.bss.uxTaskNumber,"aw",%nobits
 6487              		.align	2
 6490              	uxTaskNumber:
 6491 0000 00000000 		.space	4
 6492              		.section	.bss.xNumOfOverflows,"aw",%nobits
 6493              		.align	2
 6496              	xNumOfOverflows:
 6497 0000 00000000 		.space	4
 6498              		.section	.bss.xYieldPending,"aw",%nobits
 6499              		.align	2
 6502              	xYieldPending:
 6503 0000 00000000 		.space	4
 6504              		.section	.bss.xPendedTicks,"aw",%nobits
 6505              		.align	2
 6508              	xPendedTicks:
 6509 0000 00000000 		.space	4
 6510              		.section	.bss.xSchedulerRunning,"aw",%nobits
 6511              		.align	2
 6514              	xSchedulerRunning:
 6515 0000 00000000 		.space	4
 6516              		.section	.bss.uxTopReadyPriority,"aw",%nobits
 6517              		.align	2
 6520              	uxTopReadyPriority:
 6521 0000 00000000 		.space	4
 6522              		.section	.bss.xTickCount,"aw",%nobits
 6523              		.align	2
 6526              	xTickCount:
 6527 0000 00000000 		.space	4
 6528              		.section	.bss.uxCurrentNumberOfTasks,"aw",%nobits
 6529              		.align	2
 6532              	uxCurrentNumberOfTasks:
 6533 0000 00000000 		.space	4
 6534              		.section	.bss.xSuspendedTaskList,"aw",%nobits
 6535              		.align	2
 6538              	xSuspendedTaskList:
 6539 0000 00000000 		.space	20
 6539      00000000 
 6539      00000000 
 6539      00000000 
 6539      00000000 
 6540              		.section	.bss.uxDeletedTasksWaitingCleanUp,"aw",%nobits
 6541              		.align	2
 6544              	uxDeletedTasksWaitingCleanUp:
 6545 0000 00000000 		.space	4
 6546              		.section	.bss.xTasksWaitingTermination,"aw",%nobits
 6547              		.align	2
 6550              	xTasksWaitingTermination:
 6551 0000 00000000 		.space	20
ARM GAS  C:\Users\subdia\AppData\Local\Temp\ccqYdsij.s 			page 240


 6551      00000000 
 6551      00000000 
 6551      00000000 
 6551      00000000 
 6552              		.section	.bss.xPendingReadyList,"aw",%nobits
 6553              		.align	2
 6556              	xPendingReadyList:
 6557 0000 00000000 		.space	20
 6557      00000000 
 6557      00000000 
 6557      00000000 
 6557      00000000 
 6558              		.section	.bss.pxOverflowDelayedTaskList,"aw",%nobits
 6559              		.align	2
 6562              	pxOverflowDelayedTaskList:
 6563 0000 00000000 		.space	4
 6564              		.section	.bss.pxDelayedTaskList,"aw",%nobits
 6565              		.align	2
 6568              	pxDelayedTaskList:
 6569 0000 00000000 		.space	4
 6570              		.section	.bss.xDelayedTaskList2,"aw",%nobits
 6571              		.align	2
 6574              	xDelayedTaskList2:
 6575 0000 00000000 		.space	20
 6575      00000000 
 6575      00000000 
 6575      00000000 
 6575      00000000 
 6576              		.section	.bss.xDelayedTaskList1,"aw",%nobits
 6577              		.align	2
 6580              	xDelayedTaskList1:
 6581 0000 00000000 		.space	20
 6581      00000000 
 6581      00000000 
 6581      00000000 
 6581      00000000 
 6582              		.section	.bss.pxReadyTasksLists,"aw",%nobits
 6583              		.align	2
 6586              	pxReadyTasksLists:
 6587 0000 00000000 		.space	140
 6587      00000000 
 6587      00000000 
 6587      00000000 
 6587      00000000 
 6588              		.global	pxCurrentTCB
 6589              		.section	.bss.pxCurrentTCB,"aw",%nobits
 6590              		.align	2
 6593              	pxCurrentTCB:
 6594 0000 00000000 		.space	4
 6595              		.text
 6596              	.Letext0:
 6597              		.file 3 "C:/GNUArmToolchain/arm-none-eabi-gcc-15.2.1/lib/gcc/arm-none-eabi/15.2.1/include/stddef.h
 6598              		.file 4 "C:/GNUArmToolchain/arm-none-eabi-gcc-15.2.1/arm-none-eabi/include/machine/_default_types.
 6599              		.file 5 "C:/GNUArmToolchain/arm-none-eabi-gcc-15.2.1/arm-none-eabi/include/sys/_stdint.h"
 6600              		.file 6 "Middlewares/Third_Party/FreeRTOS/Source/include/projdefs.h"
 6601              		.file 7 "Middlewares/Third_Party/FreeRTOS/Source/include/FreeRTOS.h"
 6602              		.file 8 "Middlewares/Third_Party/FreeRTOS/Source/include/list.h"
ARM GAS  C:\Users\subdia\AppData\Local\Temp\ccqYdsij.s 			page 241


 6603              		.file 9 "Middlewares/Third_Party/FreeRTOS/Source/include/task.h"
 6604              		.file 10 "Middlewares/Third_Party/FreeRTOS/Source/include/portable.h"
ARM GAS  C:\Users\subdia\AppData\Local\Temp\ccqYdsij.s 			page 242


DEFINED SYMBOLS
                            *ABS*:00000000 tasks.c
C:\Users\subdia\AppData\Local\Temp\ccqYdsij.s:19     .text.prvTaskIsTaskSuspended:00000000 $t
C:\Users\subdia\AppData\Local\Temp\ccqYdsij.s:24     .text.prvTaskIsTaskSuspended:00000000 prvTaskIsTaskSuspended
C:\Users\subdia\AppData\Local\Temp\ccqYdsij.s:109    .text.prvTaskIsTaskSuspended:00000038 $d
C:\Users\subdia\AppData\Local\Temp\ccqYdsij.s:6538   .bss.xSuspendedTaskList:00000000 xSuspendedTaskList
C:\Users\subdia\AppData\Local\Temp\ccqYdsij.s:6556   .bss.xPendingReadyList:00000000 xPendingReadyList
C:\Users\subdia\AppData\Local\Temp\ccqYdsij.s:115    .text.prvResetNextTaskUnblockTime:00000000 $t
C:\Users\subdia\AppData\Local\Temp\ccqYdsij.s:120    .text.prvResetNextTaskUnblockTime:00000000 prvResetNextTaskUnblockTime
C:\Users\subdia\AppData\Local\Temp\ccqYdsij.s:163    .text.prvResetNextTaskUnblockTime:00000024 $d
C:\Users\subdia\AppData\Local\Temp\ccqYdsij.s:6568   .bss.pxDelayedTaskList:00000000 pxDelayedTaskList
C:\Users\subdia\AppData\Local\Temp\ccqYdsij.s:6484   .bss.xNextTaskUnblockTime:00000000 xNextTaskUnblockTime
C:\Users\subdia\AppData\Local\Temp\ccqYdsij.s:169    .text.prvInitialiseNewTask:00000000 $t
C:\Users\subdia\AppData\Local\Temp\ccqYdsij.s:174    .text.prvInitialiseNewTask:00000000 prvInitialiseNewTask
C:\Users\subdia\AppData\Local\Temp\ccqYdsij.s:332    .text.prvInitialiseTaskLists:00000000 $t
C:\Users\subdia\AppData\Local\Temp\ccqYdsij.s:337    .text.prvInitialiseTaskLists:00000000 prvInitialiseTaskLists
C:\Users\subdia\AppData\Local\Temp\ccqYdsij.s:411    .text.prvInitialiseTaskLists:00000048 $d
C:\Users\subdia\AppData\Local\Temp\ccqYdsij.s:6586   .bss.pxReadyTasksLists:00000000 pxReadyTasksLists
C:\Users\subdia\AppData\Local\Temp\ccqYdsij.s:6580   .bss.xDelayedTaskList1:00000000 xDelayedTaskList1
C:\Users\subdia\AppData\Local\Temp\ccqYdsij.s:6574   .bss.xDelayedTaskList2:00000000 xDelayedTaskList2
C:\Users\subdia\AppData\Local\Temp\ccqYdsij.s:6550   .bss.xTasksWaitingTermination:00000000 xTasksWaitingTermination
C:\Users\subdia\AppData\Local\Temp\ccqYdsij.s:6562   .bss.pxOverflowDelayedTaskList:00000000 pxOverflowDelayedTaskList
C:\Users\subdia\AppData\Local\Temp\ccqYdsij.s:423    .text.prvAddNewTaskToReadyList:00000000 $t
C:\Users\subdia\AppData\Local\Temp\ccqYdsij.s:428    .text.prvAddNewTaskToReadyList:00000000 prvAddNewTaskToReadyList
C:\Users\subdia\AppData\Local\Temp\ccqYdsij.s:564    .text.prvAddNewTaskToReadyList:00000090 $d
C:\Users\subdia\AppData\Local\Temp\ccqYdsij.s:6532   .bss.uxCurrentNumberOfTasks:00000000 uxCurrentNumberOfTasks
C:\Users\subdia\AppData\Local\Temp\ccqYdsij.s:6593   .bss.pxCurrentTCB:00000000 pxCurrentTCB
C:\Users\subdia\AppData\Local\Temp\ccqYdsij.s:6514   .bss.xSchedulerRunning:00000000 xSchedulerRunning
C:\Users\subdia\AppData\Local\Temp\ccqYdsij.s:6490   .bss.uxTaskNumber:00000000 uxTaskNumber
C:\Users\subdia\AppData\Local\Temp\ccqYdsij.s:6520   .bss.uxTopReadyPriority:00000000 uxTopReadyPriority
C:\Users\subdia\AppData\Local\Temp\ccqYdsij.s:574    .text.prvDeleteTCB:00000000 $t
C:\Users\subdia\AppData\Local\Temp\ccqYdsij.s:579    .text.prvDeleteTCB:00000000 prvDeleteTCB
C:\Users\subdia\AppData\Local\Temp\ccqYdsij.s:653    .text.prvCheckTasksWaitingTermination:00000000 $t
C:\Users\subdia\AppData\Local\Temp\ccqYdsij.s:658    .text.prvCheckTasksWaitingTermination:00000000 prvCheckTasksWaitingTermination
C:\Users\subdia\AppData\Local\Temp\ccqYdsij.s:731    .text.prvCheckTasksWaitingTermination:00000040 $d
C:\Users\subdia\AppData\Local\Temp\ccqYdsij.s:6544   .bss.uxDeletedTasksWaitingCleanUp:00000000 uxDeletedTasksWaitingCleanUp
C:\Users\subdia\AppData\Local\Temp\ccqYdsij.s:738    .text.prvIdleTask:00000000 $t
C:\Users\subdia\AppData\Local\Temp\ccqYdsij.s:743    .text.prvIdleTask:00000000 prvIdleTask
C:\Users\subdia\AppData\Local\Temp\ccqYdsij.s:792    .text.prvIdleTask:00000024 $d
C:\Users\subdia\AppData\Local\Temp\ccqYdsij.s:797    .text.prvAddCurrentTaskToDelayedList:00000000 $t
C:\Users\subdia\AppData\Local\Temp\ccqYdsij.s:802    .text.prvAddCurrentTaskToDelayedList:00000000 prvAddCurrentTaskToDelayedList
C:\Users\subdia\AppData\Local\Temp\ccqYdsij.s:922    .text.prvAddCurrentTaskToDelayedList:0000007c $d
C:\Users\subdia\AppData\Local\Temp\ccqYdsij.s:6526   .bss.xTickCount:00000000 xTickCount
C:\Users\subdia\AppData\Local\Temp\ccqYdsij.s:933    .text.xTaskCreateStatic:00000000 $t
C:\Users\subdia\AppData\Local\Temp\ccqYdsij.s:939    .text.xTaskCreateStatic:00000000 xTaskCreateStatic
C:\Users\subdia\AppData\Local\Temp\ccqYdsij.s:1102   .text.xTaskCreate:00000000 $t
C:\Users\subdia\AppData\Local\Temp\ccqYdsij.s:1108   .text.xTaskCreate:00000000 xTaskCreate
C:\Users\subdia\AppData\Local\Temp\ccqYdsij.s:1226   .text.vTaskDelete:00000000 $t
C:\Users\subdia\AppData\Local\Temp\ccqYdsij.s:1232   .text.vTaskDelete:00000000 vTaskDelete
C:\Users\subdia\AppData\Local\Temp\ccqYdsij.s:1415   .text.vTaskDelete:000000bc $d
C:\Users\subdia\AppData\Local\Temp\ccqYdsij.s:6472   .bss.uxSchedulerSuspended:00000000 uxSchedulerSuspended
C:\Users\subdia\AppData\Local\Temp\ccqYdsij.s:1428   .text.uxTaskPriorityGet:00000000 $t
C:\Users\subdia\AppData\Local\Temp\ccqYdsij.s:1434   .text.uxTaskPriorityGet:00000000 uxTaskPriorityGet
C:\Users\subdia\AppData\Local\Temp\ccqYdsij.s:1480   .text.uxTaskPriorityGet:0000001c $d
C:\Users\subdia\AppData\Local\Temp\ccqYdsij.s:1485   .text.uxTaskPriorityGetFromISR:00000000 $t
C:\Users\subdia\AppData\Local\Temp\ccqYdsij.s:1491   .text.uxTaskPriorityGetFromISR:00000000 uxTaskPriorityGetFromISR
C:\Users\subdia\AppData\Local\Temp\ccqYdsij.s:1570   .text.uxTaskPriorityGetFromISR:0000002c $d
ARM GAS  C:\Users\subdia\AppData\Local\Temp\ccqYdsij.s 			page 243


C:\Users\subdia\AppData\Local\Temp\ccqYdsij.s:1575   .text.vTaskPrioritySet:00000000 $t
C:\Users\subdia\AppData\Local\Temp\ccqYdsij.s:1581   .text.vTaskPrioritySet:00000000 vTaskPrioritySet
C:\Users\subdia\AppData\Local\Temp\ccqYdsij.s:1829   .text.vTaskPrioritySet:000000e4 $d
C:\Users\subdia\AppData\Local\Temp\ccqYdsij.s:1836   .text.vTaskResume:00000000 $t
C:\Users\subdia\AppData\Local\Temp\ccqYdsij.s:1842   .text.vTaskResume:00000000 vTaskResume
C:\Users\subdia\AppData\Local\Temp\ccqYdsij.s:1971   .text.vTaskResume:0000007c $d
C:\Users\subdia\AppData\Local\Temp\ccqYdsij.s:1978   .text.xTaskResumeFromISR:00000000 $t
C:\Users\subdia\AppData\Local\Temp\ccqYdsij.s:1984   .text.xTaskResumeFromISR:00000000 xTaskResumeFromISR
C:\Users\subdia\AppData\Local\Temp\ccqYdsij.s:2157   .text.xTaskResumeFromISR:0000009c $d
C:\Users\subdia\AppData\Local\Temp\ccqYdsij.s:2166   .rodata.vTaskStartScheduler.str1.4:00000000 $d
C:\Users\subdia\AppData\Local\Temp\ccqYdsij.s:2170   .text.vTaskStartScheduler:00000000 $t
C:\Users\subdia\AppData\Local\Temp\ccqYdsij.s:2176   .text.vTaskStartScheduler:00000000 vTaskStartScheduler
C:\Users\subdia\AppData\Local\Temp\ccqYdsij.s:2280   .text.vTaskStartScheduler:0000005c $d
C:\Users\subdia\AppData\Local\Temp\ccqYdsij.s:6478   .bss.xIdleTaskHandle:00000000 xIdleTaskHandle
C:\Users\subdia\AppData\Local\Temp\ccqYdsij.s:2290   .text.vTaskEndScheduler:00000000 $t
C:\Users\subdia\AppData\Local\Temp\ccqYdsij.s:2296   .text.vTaskEndScheduler:00000000 vTaskEndScheduler
C:\Users\subdia\AppData\Local\Temp\ccqYdsij.s:2339   .text.vTaskEndScheduler:00000020 $d
C:\Users\subdia\AppData\Local\Temp\ccqYdsij.s:2344   .text.vTaskSuspendAll:00000000 $t
C:\Users\subdia\AppData\Local\Temp\ccqYdsij.s:2350   .text.vTaskSuspendAll:00000000 vTaskSuspendAll
C:\Users\subdia\AppData\Local\Temp\ccqYdsij.s:2369   .text.vTaskSuspendAll:0000000c $d
C:\Users\subdia\AppData\Local\Temp\ccqYdsij.s:2374   .text.xTaskGetTickCount:00000000 $t
C:\Users\subdia\AppData\Local\Temp\ccqYdsij.s:2380   .text.xTaskGetTickCount:00000000 xTaskGetTickCount
C:\Users\subdia\AppData\Local\Temp\ccqYdsij.s:2401   .text.xTaskGetTickCount:00000008 $d
C:\Users\subdia\AppData\Local\Temp\ccqYdsij.s:2406   .text.xTaskGetTickCountFromISR:00000000 $t
C:\Users\subdia\AppData\Local\Temp\ccqYdsij.s:2412   .text.xTaskGetTickCountFromISR:00000000 xTaskGetTickCountFromISR
C:\Users\subdia\AppData\Local\Temp\ccqYdsij.s:2441   .text.xTaskGetTickCountFromISR:0000000c $d
C:\Users\subdia\AppData\Local\Temp\ccqYdsij.s:2446   .text.uxTaskGetNumberOfTasks:00000000 $t
C:\Users\subdia\AppData\Local\Temp\ccqYdsij.s:2452   .text.uxTaskGetNumberOfTasks:00000000 uxTaskGetNumberOfTasks
C:\Users\subdia\AppData\Local\Temp\ccqYdsij.s:2468   .text.uxTaskGetNumberOfTasks:00000008 $d
C:\Users\subdia\AppData\Local\Temp\ccqYdsij.s:2473   .text.pcTaskGetName:00000000 $t
C:\Users\subdia\AppData\Local\Temp\ccqYdsij.s:2479   .text.pcTaskGetName:00000000 pcTaskGetName
C:\Users\subdia\AppData\Local\Temp\ccqYdsij.s:2535   .text.pcTaskGetName:00000024 $d
C:\Users\subdia\AppData\Local\Temp\ccqYdsij.s:2540   .text.xTaskIncrementTick:00000000 $t
C:\Users\subdia\AppData\Local\Temp\ccqYdsij.s:2546   .text.xTaskIncrementTick:00000000 xTaskIncrementTick
C:\Users\subdia\AppData\Local\Temp\ccqYdsij.s:2819   .text.xTaskIncrementTick:000000f8 $d
C:\Users\subdia\AppData\Local\Temp\ccqYdsij.s:6496   .bss.xNumOfOverflows:00000000 xNumOfOverflows
C:\Users\subdia\AppData\Local\Temp\ccqYdsij.s:6502   .bss.xYieldPending:00000000 xYieldPending
C:\Users\subdia\AppData\Local\Temp\ccqYdsij.s:6508   .bss.xPendedTicks:00000000 xPendedTicks
C:\Users\subdia\AppData\Local\Temp\ccqYdsij.s:2834   .text.xTaskResumeAll:00000000 $t
C:\Users\subdia\AppData\Local\Temp\ccqYdsij.s:2840   .text.xTaskResumeAll:00000000 xTaskResumeAll
C:\Users\subdia\AppData\Local\Temp\ccqYdsij.s:3072   .text.xTaskResumeAll:000000d8 $d
C:\Users\subdia\AppData\Local\Temp\ccqYdsij.s:3084   .text.vTaskDelay:00000000 $t
C:\Users\subdia\AppData\Local\Temp\ccqYdsij.s:3090   .text.vTaskDelay:00000000 vTaskDelay
C:\Users\subdia\AppData\Local\Temp\ccqYdsij.s:3179   .text.vTaskDelay:00000048 $d
C:\Users\subdia\AppData\Local\Temp\ccqYdsij.s:3184   .text.xTaskCatchUpTicks:00000000 $t
C:\Users\subdia\AppData\Local\Temp\ccqYdsij.s:3190   .text.xTaskCatchUpTicks:00000000 xTaskCatchUpTicks
C:\Users\subdia\AppData\Local\Temp\ccqYdsij.s:3254   .text.xTaskCatchUpTicks:00000030 $d
C:\Users\subdia\AppData\Local\Temp\ccqYdsij.s:3260   .text.vTaskSwitchContext:00000000 $t
C:\Users\subdia\AppData\Local\Temp\ccqYdsij.s:3266   .text.vTaskSwitchContext:00000000 vTaskSwitchContext
C:\Users\subdia\AppData\Local\Temp\ccqYdsij.s:3405   .text.vTaskSwitchContext:00000084 $d
C:\Users\subdia\AppData\Local\Temp\ccqYdsij.s:3416   .text.vTaskSuspend:00000000 $t
C:\Users\subdia\AppData\Local\Temp\ccqYdsij.s:3422   .text.vTaskSuspend:00000000 vTaskSuspend
C:\Users\subdia\AppData\Local\Temp\ccqYdsij.s:3623   .text.vTaskSuspend:000000cc $d
C:\Users\subdia\AppData\Local\Temp\ccqYdsij.s:3634   .text.vTaskPlaceOnEventList:00000000 $t
C:\Users\subdia\AppData\Local\Temp\ccqYdsij.s:3640   .text.vTaskPlaceOnEventList:00000000 vTaskPlaceOnEventList
C:\Users\subdia\AppData\Local\Temp\ccqYdsij.s:3704   .text.vTaskPlaceOnEventList:0000002c $d
C:\Users\subdia\AppData\Local\Temp\ccqYdsij.s:3709   .text.vTaskPlaceOnUnorderedEventList:00000000 $t
ARM GAS  C:\Users\subdia\AppData\Local\Temp\ccqYdsij.s 			page 244


C:\Users\subdia\AppData\Local\Temp\ccqYdsij.s:3715   .text.vTaskPlaceOnUnorderedEventList:00000000 vTaskPlaceOnUnorderedEventList
C:\Users\subdia\AppData\Local\Temp\ccqYdsij.s:3824   .text.vTaskPlaceOnUnorderedEventList:00000050 $d
C:\Users\subdia\AppData\Local\Temp\ccqYdsij.s:3830   .text.xTaskRemoveFromEventList:00000000 $t
C:\Users\subdia\AppData\Local\Temp\ccqYdsij.s:3836   .text.xTaskRemoveFromEventList:00000000 xTaskRemoveFromEventList
C:\Users\subdia\AppData\Local\Temp\ccqYdsij.s:3967   .text.xTaskRemoveFromEventList:00000078 $d
C:\Users\subdia\AppData\Local\Temp\ccqYdsij.s:3977   .text.vTaskRemoveFromUnorderedEventList:00000000 $t
C:\Users\subdia\AppData\Local\Temp\ccqYdsij.s:3983   .text.vTaskRemoveFromUnorderedEventList:00000000 vTaskRemoveFromUnorderedEventList
C:\Users\subdia\AppData\Local\Temp\ccqYdsij.s:4113   .text.vTaskRemoveFromUnorderedEventList:00000078 $d
C:\Users\subdia\AppData\Local\Temp\ccqYdsij.s:4122   .text.vTaskSetTimeOutState:00000000 $t
C:\Users\subdia\AppData\Local\Temp\ccqYdsij.s:4128   .text.vTaskSetTimeOutState:00000000 vTaskSetTimeOutState
C:\Users\subdia\AppData\Local\Temp\ccqYdsij.s:4194   .text.vTaskSetTimeOutState:00000030 $d
C:\Users\subdia\AppData\Local\Temp\ccqYdsij.s:4200   .text.vTaskInternalSetTimeOutState:00000000 $t
C:\Users\subdia\AppData\Local\Temp\ccqYdsij.s:4206   .text.vTaskInternalSetTimeOutState:00000000 vTaskInternalSetTimeOutState
C:\Users\subdia\AppData\Local\Temp\ccqYdsij.s:4229   .text.vTaskInternalSetTimeOutState:00000010 $d
C:\Users\subdia\AppData\Local\Temp\ccqYdsij.s:4235   .text.xTaskCheckForTimeOut:00000000 $t
C:\Users\subdia\AppData\Local\Temp\ccqYdsij.s:4241   .text.xTaskCheckForTimeOut:00000000 xTaskCheckForTimeOut
C:\Users\subdia\AppData\Local\Temp\ccqYdsij.s:4421   .text.xTaskCheckForTimeOut:00000080 $d
C:\Users\subdia\AppData\Local\Temp\ccqYdsij.s:4428   .text.vTaskMissedYield:00000000 $t
C:\Users\subdia\AppData\Local\Temp\ccqYdsij.s:4434   .text.vTaskMissedYield:00000000 vTaskMissedYield
C:\Users\subdia\AppData\Local\Temp\ccqYdsij.s:4451   .text.vTaskMissedYield:00000008 $d
C:\Users\subdia\AppData\Local\Temp\ccqYdsij.s:4456   .text.xTaskGetCurrentTaskHandle:00000000 $t
C:\Users\subdia\AppData\Local\Temp\ccqYdsij.s:4462   .text.xTaskGetCurrentTaskHandle:00000000 xTaskGetCurrentTaskHandle
C:\Users\subdia\AppData\Local\Temp\ccqYdsij.s:4481   .text.xTaskGetCurrentTaskHandle:00000008 $d
C:\Users\subdia\AppData\Local\Temp\ccqYdsij.s:4486   .text.xTaskGetSchedulerState:00000000 $t
C:\Users\subdia\AppData\Local\Temp\ccqYdsij.s:4492   .text.xTaskGetSchedulerState:00000000 xTaskGetSchedulerState
C:\Users\subdia\AppData\Local\Temp\ccqYdsij.s:4530   .text.xTaskGetSchedulerState:00000018 $d
C:\Users\subdia\AppData\Local\Temp\ccqYdsij.s:4536   .text.xTaskPriorityInherit:00000000 $t
C:\Users\subdia\AppData\Local\Temp\ccqYdsij.s:4542   .text.xTaskPriorityInherit:00000000 xTaskPriorityInherit
C:\Users\subdia\AppData\Local\Temp\ccqYdsij.s:4701   .text.xTaskPriorityInherit:000000a0 $d
C:\Users\subdia\AppData\Local\Temp\ccqYdsij.s:4708   .text.xTaskPriorityDisinherit:00000000 $t
C:\Users\subdia\AppData\Local\Temp\ccqYdsij.s:4714   .text.xTaskPriorityDisinherit:00000000 xTaskPriorityDisinherit
C:\Users\subdia\AppData\Local\Temp\ccqYdsij.s:4896   .text.xTaskPriorityDisinherit:000000a4 $d
C:\Users\subdia\AppData\Local\Temp\ccqYdsij.s:4903   .text.vTaskPriorityDisinheritAfterTimeout:00000000 $t
C:\Users\subdia\AppData\Local\Temp\ccqYdsij.s:4909   .text.vTaskPriorityDisinheritAfterTimeout:00000000 vTaskPriorityDisinheritAfterTimeout
C:\Users\subdia\AppData\Local\Temp\ccqYdsij.s:5101   .text.vTaskPriorityDisinheritAfterTimeout:000000a8 $d
C:\Users\subdia\AppData\Local\Temp\ccqYdsij.s:5108   .text.uxTaskResetEventItemValue:00000000 $t
C:\Users\subdia\AppData\Local\Temp\ccqYdsij.s:5114   .text.uxTaskResetEventItemValue:00000000 uxTaskResetEventItemValue
C:\Users\subdia\AppData\Local\Temp\ccqYdsij.s:5141   .text.uxTaskResetEventItemValue:00000014 $d
C:\Users\subdia\AppData\Local\Temp\ccqYdsij.s:5146   .text.pvTaskIncrementMutexHeldCount:00000000 $t
C:\Users\subdia\AppData\Local\Temp\ccqYdsij.s:5152   .text.pvTaskIncrementMutexHeldCount:00000000 pvTaskIncrementMutexHeldCount
C:\Users\subdia\AppData\Local\Temp\ccqYdsij.s:5183   .text.pvTaskIncrementMutexHeldCount:00000018 $d
C:\Users\subdia\AppData\Local\Temp\ccqYdsij.s:5188   .text.ulTaskNotifyTake:00000000 $t
C:\Users\subdia\AppData\Local\Temp\ccqYdsij.s:5194   .text.ulTaskNotifyTake:00000000 ulTaskNotifyTake
C:\Users\subdia\AppData\Local\Temp\ccqYdsij.s:5316   .text.ulTaskNotifyTake:00000074 $d
C:\Users\subdia\AppData\Local\Temp\ccqYdsij.s:5321   .text.xTaskNotifyWait:00000000 $t
C:\Users\subdia\AppData\Local\Temp\ccqYdsij.s:5327   .text.xTaskNotifyWait:00000000 xTaskNotifyWait
C:\Users\subdia\AppData\Local\Temp\ccqYdsij.s:5469   .text.xTaskNotifyWait:00000094 $d
C:\Users\subdia\AppData\Local\Temp\ccqYdsij.s:5474   .text.xTaskGenericNotify:00000000 $t
C:\Users\subdia\AppData\Local\Temp\ccqYdsij.s:5480   .text.xTaskGenericNotify:00000000 xTaskGenericNotify
C:\Users\subdia\AppData\Local\Temp\ccqYdsij.s:5742   .text.xTaskGenericNotify:000000f4 $d
C:\Users\subdia\AppData\Local\Temp\ccqYdsij.s:5749   .text.xTaskGenericNotifyFromISR:00000000 $t
C:\Users\subdia\AppData\Local\Temp\ccqYdsij.s:5755   .text.xTaskGenericNotifyFromISR:00000000 xTaskGenericNotifyFromISR
C:\Users\subdia\AppData\Local\Temp\ccqYdsij.s:6081   .text.xTaskGenericNotifyFromISR:00000118 $d
C:\Users\subdia\AppData\Local\Temp\ccqYdsij.s:6091   .text.vTaskNotifyGiveFromISR:00000000 $t
C:\Users\subdia\AppData\Local\Temp\ccqYdsij.s:6097   .text.vTaskNotifyGiveFromISR:00000000 vTaskNotifyGiveFromISR
C:\Users\subdia\AppData\Local\Temp\ccqYdsij.s:6311   .text.vTaskNotifyGiveFromISR:000000b8 $d
C:\Users\subdia\AppData\Local\Temp\ccqYdsij.s:6321   .text.xTaskNotifyStateClear:00000000 $t
ARM GAS  C:\Users\subdia\AppData\Local\Temp\ccqYdsij.s 			page 245


C:\Users\subdia\AppData\Local\Temp\ccqYdsij.s:6327   .text.xTaskNotifyStateClear:00000000 xTaskNotifyStateClear
C:\Users\subdia\AppData\Local\Temp\ccqYdsij.s:6395   .text.xTaskNotifyStateClear:00000034 $d
C:\Users\subdia\AppData\Local\Temp\ccqYdsij.s:6400   .text.ulTaskNotifyValueClear:00000000 $t
C:\Users\subdia\AppData\Local\Temp\ccqYdsij.s:6406   .text.ulTaskNotifyValueClear:00000000 ulTaskNotifyValueClear
C:\Users\subdia\AppData\Local\Temp\ccqYdsij.s:6464   .text.ulTaskNotifyValueClear:00000028 $d
C:\Users\subdia\AppData\Local\Temp\ccqYdsij.s:6469   .bss.uxSchedulerSuspended:00000000 $d
C:\Users\subdia\AppData\Local\Temp\ccqYdsij.s:6475   .bss.xIdleTaskHandle:00000000 $d
C:\Users\subdia\AppData\Local\Temp\ccqYdsij.s:6481   .bss.xNextTaskUnblockTime:00000000 $d
C:\Users\subdia\AppData\Local\Temp\ccqYdsij.s:6487   .bss.uxTaskNumber:00000000 $d
C:\Users\subdia\AppData\Local\Temp\ccqYdsij.s:6493   .bss.xNumOfOverflows:00000000 $d
C:\Users\subdia\AppData\Local\Temp\ccqYdsij.s:6499   .bss.xYieldPending:00000000 $d
C:\Users\subdia\AppData\Local\Temp\ccqYdsij.s:6505   .bss.xPendedTicks:00000000 $d
C:\Users\subdia\AppData\Local\Temp\ccqYdsij.s:6511   .bss.xSchedulerRunning:00000000 $d
C:\Users\subdia\AppData\Local\Temp\ccqYdsij.s:6517   .bss.uxTopReadyPriority:00000000 $d
C:\Users\subdia\AppData\Local\Temp\ccqYdsij.s:6523   .bss.xTickCount:00000000 $d
C:\Users\subdia\AppData\Local\Temp\ccqYdsij.s:6529   .bss.uxCurrentNumberOfTasks:00000000 $d
C:\Users\subdia\AppData\Local\Temp\ccqYdsij.s:6535   .bss.xSuspendedTaskList:00000000 $d
C:\Users\subdia\AppData\Local\Temp\ccqYdsij.s:6541   .bss.uxDeletedTasksWaitingCleanUp:00000000 $d
C:\Users\subdia\AppData\Local\Temp\ccqYdsij.s:6547   .bss.xTasksWaitingTermination:00000000 $d
C:\Users\subdia\AppData\Local\Temp\ccqYdsij.s:6553   .bss.xPendingReadyList:00000000 $d
C:\Users\subdia\AppData\Local\Temp\ccqYdsij.s:6559   .bss.pxOverflowDelayedTaskList:00000000 $d
C:\Users\subdia\AppData\Local\Temp\ccqYdsij.s:6565   .bss.pxDelayedTaskList:00000000 $d
C:\Users\subdia\AppData\Local\Temp\ccqYdsij.s:6571   .bss.xDelayedTaskList2:00000000 $d
C:\Users\subdia\AppData\Local\Temp\ccqYdsij.s:6577   .bss.xDelayedTaskList1:00000000 $d
C:\Users\subdia\AppData\Local\Temp\ccqYdsij.s:6583   .bss.pxReadyTasksLists:00000000 $d
C:\Users\subdia\AppData\Local\Temp\ccqYdsij.s:6590   .bss.pxCurrentTCB:00000000 $d

UNDEFINED SYMBOLS
vListInitialiseItem
pxPortInitialiseStack
vListInitialise
vPortEnterCritical
vListInsertEnd
vPortExitCritical
vPortFree
uxListRemove
vListInsert
pvPortMalloc
vPortValidateInterruptPriority
vApplicationGetIdleTaskMemory
xPortStartScheduler
vPortEndScheduler
