ARM GAS  C:\Users\subdia\AppData\Local\Temp\ccL1bc5n.s 			page 1


   1              		.cpu cortex-m3
   2              		.arch armv7-m
   3              		.fpu softvfp
   4              		.eabi_attribute 20, 1
   5              		.eabi_attribute 21, 1
   6              		.eabi_attribute 23, 3
   7              		.eabi_attribute 24, 1
   8              		.eabi_attribute 25, 1
   9              		.eabi_attribute 26, 1
  10              		.eabi_attribute 30, 1
  11              		.eabi_attribute 34, 1
  12              		.eabi_attribute 18, 4
  13              		.file	"usbd_ctlreq.c"
  14              		.text
  15              	.Ltext0:
  16              		.cfi_sections	.debug_frame
  17              		.file 1 "Middlewares/ST/STM32_USB_Device_Library/Core/Src/usbd_ctlreq.c"
  18              		.section	.text.USBD_GetLen,"ax",%progbits
  19              		.align	1
  20              		.syntax unified
  21              		.thumb
  22              		.thumb_func
  24              	USBD_GetLen:
  25              	.LVL0:
  26              	.LFB81:
   1:Middlewares/ST/STM32_USB_Device_Library/Core/Src/usbd_ctlreq.c **** /**
   2:Middlewares/ST/STM32_USB_Device_Library/Core/Src/usbd_ctlreq.c ****   ******************************************************************************
   3:Middlewares/ST/STM32_USB_Device_Library/Core/Src/usbd_ctlreq.c ****   * @file    usbd_req.c
   4:Middlewares/ST/STM32_USB_Device_Library/Core/Src/usbd_ctlreq.c ****   * @author  MCD Application Team
   5:Middlewares/ST/STM32_USB_Device_Library/Core/Src/usbd_ctlreq.c ****   * @brief   This file provides the standard USB requests following chapter 9.
   6:Middlewares/ST/STM32_USB_Device_Library/Core/Src/usbd_ctlreq.c ****   ******************************************************************************
   7:Middlewares/ST/STM32_USB_Device_Library/Core/Src/usbd_ctlreq.c ****   * @attention
   8:Middlewares/ST/STM32_USB_Device_Library/Core/Src/usbd_ctlreq.c ****   *
   9:Middlewares/ST/STM32_USB_Device_Library/Core/Src/usbd_ctlreq.c ****   * <h2><center>&copy; Copyright (c) 2015 STMicroelectronics.
  10:Middlewares/ST/STM32_USB_Device_Library/Core/Src/usbd_ctlreq.c ****   * All rights reserved.</center></h2>
  11:Middlewares/ST/STM32_USB_Device_Library/Core/Src/usbd_ctlreq.c ****   *
  12:Middlewares/ST/STM32_USB_Device_Library/Core/Src/usbd_ctlreq.c ****   * This software component is licensed by ST under Ultimate Liberty license
  13:Middlewares/ST/STM32_USB_Device_Library/Core/Src/usbd_ctlreq.c ****   * SLA0044, the "License"; You may not use this file except in compliance with
  14:Middlewares/ST/STM32_USB_Device_Library/Core/Src/usbd_ctlreq.c ****   * the License. You may obtain a copy of the License at:
  15:Middlewares/ST/STM32_USB_Device_Library/Core/Src/usbd_ctlreq.c ****   *                      www.st.com/SLA0044
  16:Middlewares/ST/STM32_USB_Device_Library/Core/Src/usbd_ctlreq.c ****   *
  17:Middlewares/ST/STM32_USB_Device_Library/Core/Src/usbd_ctlreq.c ****   ******************************************************************************
  18:Middlewares/ST/STM32_USB_Device_Library/Core/Src/usbd_ctlreq.c ****   */
  19:Middlewares/ST/STM32_USB_Device_Library/Core/Src/usbd_ctlreq.c **** 
  20:Middlewares/ST/STM32_USB_Device_Library/Core/Src/usbd_ctlreq.c **** /* Includes ------------------------------------------------------------------*/
  21:Middlewares/ST/STM32_USB_Device_Library/Core/Src/usbd_ctlreq.c **** #include "usbd_ctlreq.h"
  22:Middlewares/ST/STM32_USB_Device_Library/Core/Src/usbd_ctlreq.c **** #include "usbd_ioreq.h"
  23:Middlewares/ST/STM32_USB_Device_Library/Core/Src/usbd_ctlreq.c **** 
  24:Middlewares/ST/STM32_USB_Device_Library/Core/Src/usbd_ctlreq.c **** 
  25:Middlewares/ST/STM32_USB_Device_Library/Core/Src/usbd_ctlreq.c **** /** @addtogroup STM32_USBD_STATE_DEVICE_LIBRARY
  26:Middlewares/ST/STM32_USB_Device_Library/Core/Src/usbd_ctlreq.c ****   * @{
  27:Middlewares/ST/STM32_USB_Device_Library/Core/Src/usbd_ctlreq.c ****   */
  28:Middlewares/ST/STM32_USB_Device_Library/Core/Src/usbd_ctlreq.c **** 
  29:Middlewares/ST/STM32_USB_Device_Library/Core/Src/usbd_ctlreq.c **** 
  30:Middlewares/ST/STM32_USB_Device_Library/Core/Src/usbd_ctlreq.c **** /** @defgroup USBD_REQ
  31:Middlewares/ST/STM32_USB_Device_Library/Core/Src/usbd_ctlreq.c ****   * @brief USB standard requests module
  32:Middlewares/ST/STM32_USB_Device_Library/Core/Src/usbd_ctlreq.c ****   * @{
ARM GAS  C:\Users\subdia\AppData\Local\Temp\ccL1bc5n.s 			page 2


  33:Middlewares/ST/STM32_USB_Device_Library/Core/Src/usbd_ctlreq.c ****   */
  34:Middlewares/ST/STM32_USB_Device_Library/Core/Src/usbd_ctlreq.c **** 
  35:Middlewares/ST/STM32_USB_Device_Library/Core/Src/usbd_ctlreq.c **** /** @defgroup USBD_REQ_Private_TypesDefinitions
  36:Middlewares/ST/STM32_USB_Device_Library/Core/Src/usbd_ctlreq.c ****   * @{
  37:Middlewares/ST/STM32_USB_Device_Library/Core/Src/usbd_ctlreq.c ****   */
  38:Middlewares/ST/STM32_USB_Device_Library/Core/Src/usbd_ctlreq.c **** 
  39:Middlewares/ST/STM32_USB_Device_Library/Core/Src/usbd_ctlreq.c **** /**
  40:Middlewares/ST/STM32_USB_Device_Library/Core/Src/usbd_ctlreq.c ****   * @}
  41:Middlewares/ST/STM32_USB_Device_Library/Core/Src/usbd_ctlreq.c ****   */
  42:Middlewares/ST/STM32_USB_Device_Library/Core/Src/usbd_ctlreq.c **** 
  43:Middlewares/ST/STM32_USB_Device_Library/Core/Src/usbd_ctlreq.c **** 
  44:Middlewares/ST/STM32_USB_Device_Library/Core/Src/usbd_ctlreq.c **** /** @defgroup USBD_REQ_Private_Defines
  45:Middlewares/ST/STM32_USB_Device_Library/Core/Src/usbd_ctlreq.c ****   * @{
  46:Middlewares/ST/STM32_USB_Device_Library/Core/Src/usbd_ctlreq.c ****   */
  47:Middlewares/ST/STM32_USB_Device_Library/Core/Src/usbd_ctlreq.c **** 
  48:Middlewares/ST/STM32_USB_Device_Library/Core/Src/usbd_ctlreq.c **** /**
  49:Middlewares/ST/STM32_USB_Device_Library/Core/Src/usbd_ctlreq.c ****   * @}
  50:Middlewares/ST/STM32_USB_Device_Library/Core/Src/usbd_ctlreq.c ****   */
  51:Middlewares/ST/STM32_USB_Device_Library/Core/Src/usbd_ctlreq.c **** 
  52:Middlewares/ST/STM32_USB_Device_Library/Core/Src/usbd_ctlreq.c **** 
  53:Middlewares/ST/STM32_USB_Device_Library/Core/Src/usbd_ctlreq.c **** /** @defgroup USBD_REQ_Private_Macros
  54:Middlewares/ST/STM32_USB_Device_Library/Core/Src/usbd_ctlreq.c ****   * @{
  55:Middlewares/ST/STM32_USB_Device_Library/Core/Src/usbd_ctlreq.c ****   */
  56:Middlewares/ST/STM32_USB_Device_Library/Core/Src/usbd_ctlreq.c **** 
  57:Middlewares/ST/STM32_USB_Device_Library/Core/Src/usbd_ctlreq.c **** /**
  58:Middlewares/ST/STM32_USB_Device_Library/Core/Src/usbd_ctlreq.c ****   * @}
  59:Middlewares/ST/STM32_USB_Device_Library/Core/Src/usbd_ctlreq.c ****   */
  60:Middlewares/ST/STM32_USB_Device_Library/Core/Src/usbd_ctlreq.c **** 
  61:Middlewares/ST/STM32_USB_Device_Library/Core/Src/usbd_ctlreq.c **** 
  62:Middlewares/ST/STM32_USB_Device_Library/Core/Src/usbd_ctlreq.c **** /** @defgroup USBD_REQ_Private_Variables
  63:Middlewares/ST/STM32_USB_Device_Library/Core/Src/usbd_ctlreq.c ****   * @{
  64:Middlewares/ST/STM32_USB_Device_Library/Core/Src/usbd_ctlreq.c ****   */
  65:Middlewares/ST/STM32_USB_Device_Library/Core/Src/usbd_ctlreq.c **** 
  66:Middlewares/ST/STM32_USB_Device_Library/Core/Src/usbd_ctlreq.c **** /**
  67:Middlewares/ST/STM32_USB_Device_Library/Core/Src/usbd_ctlreq.c ****   * @}
  68:Middlewares/ST/STM32_USB_Device_Library/Core/Src/usbd_ctlreq.c ****   */
  69:Middlewares/ST/STM32_USB_Device_Library/Core/Src/usbd_ctlreq.c **** 
  70:Middlewares/ST/STM32_USB_Device_Library/Core/Src/usbd_ctlreq.c **** 
  71:Middlewares/ST/STM32_USB_Device_Library/Core/Src/usbd_ctlreq.c **** /** @defgroup USBD_REQ_Private_FunctionPrototypes
  72:Middlewares/ST/STM32_USB_Device_Library/Core/Src/usbd_ctlreq.c ****   * @{
  73:Middlewares/ST/STM32_USB_Device_Library/Core/Src/usbd_ctlreq.c ****   */
  74:Middlewares/ST/STM32_USB_Device_Library/Core/Src/usbd_ctlreq.c **** static void USBD_GetDescriptor(USBD_HandleTypeDef *pdev,
  75:Middlewares/ST/STM32_USB_Device_Library/Core/Src/usbd_ctlreq.c ****                                USBD_SetupReqTypedef *req);
  76:Middlewares/ST/STM32_USB_Device_Library/Core/Src/usbd_ctlreq.c **** 
  77:Middlewares/ST/STM32_USB_Device_Library/Core/Src/usbd_ctlreq.c **** static void USBD_SetAddress(USBD_HandleTypeDef *pdev,
  78:Middlewares/ST/STM32_USB_Device_Library/Core/Src/usbd_ctlreq.c ****                             USBD_SetupReqTypedef *req);
  79:Middlewares/ST/STM32_USB_Device_Library/Core/Src/usbd_ctlreq.c **** 
  80:Middlewares/ST/STM32_USB_Device_Library/Core/Src/usbd_ctlreq.c **** static void USBD_SetConfig(USBD_HandleTypeDef *pdev,
  81:Middlewares/ST/STM32_USB_Device_Library/Core/Src/usbd_ctlreq.c ****                            USBD_SetupReqTypedef *req);
  82:Middlewares/ST/STM32_USB_Device_Library/Core/Src/usbd_ctlreq.c **** 
  83:Middlewares/ST/STM32_USB_Device_Library/Core/Src/usbd_ctlreq.c **** static void USBD_GetConfig(USBD_HandleTypeDef *pdev,
  84:Middlewares/ST/STM32_USB_Device_Library/Core/Src/usbd_ctlreq.c ****                            USBD_SetupReqTypedef *req);
  85:Middlewares/ST/STM32_USB_Device_Library/Core/Src/usbd_ctlreq.c **** 
  86:Middlewares/ST/STM32_USB_Device_Library/Core/Src/usbd_ctlreq.c **** static void USBD_GetStatus(USBD_HandleTypeDef *pdev,
  87:Middlewares/ST/STM32_USB_Device_Library/Core/Src/usbd_ctlreq.c ****                            USBD_SetupReqTypedef *req);
  88:Middlewares/ST/STM32_USB_Device_Library/Core/Src/usbd_ctlreq.c **** 
  89:Middlewares/ST/STM32_USB_Device_Library/Core/Src/usbd_ctlreq.c **** static void USBD_SetFeature(USBD_HandleTypeDef *pdev,
ARM GAS  C:\Users\subdia\AppData\Local\Temp\ccL1bc5n.s 			page 3


  90:Middlewares/ST/STM32_USB_Device_Library/Core/Src/usbd_ctlreq.c ****                             USBD_SetupReqTypedef *req);
  91:Middlewares/ST/STM32_USB_Device_Library/Core/Src/usbd_ctlreq.c **** 
  92:Middlewares/ST/STM32_USB_Device_Library/Core/Src/usbd_ctlreq.c **** static void USBD_ClrFeature(USBD_HandleTypeDef *pdev,
  93:Middlewares/ST/STM32_USB_Device_Library/Core/Src/usbd_ctlreq.c ****                             USBD_SetupReqTypedef *req);
  94:Middlewares/ST/STM32_USB_Device_Library/Core/Src/usbd_ctlreq.c **** 
  95:Middlewares/ST/STM32_USB_Device_Library/Core/Src/usbd_ctlreq.c **** static uint8_t USBD_GetLen(uint8_t *buf);
  96:Middlewares/ST/STM32_USB_Device_Library/Core/Src/usbd_ctlreq.c **** 
  97:Middlewares/ST/STM32_USB_Device_Library/Core/Src/usbd_ctlreq.c **** /**
  98:Middlewares/ST/STM32_USB_Device_Library/Core/Src/usbd_ctlreq.c ****   * @}
  99:Middlewares/ST/STM32_USB_Device_Library/Core/Src/usbd_ctlreq.c ****   */
 100:Middlewares/ST/STM32_USB_Device_Library/Core/Src/usbd_ctlreq.c **** 
 101:Middlewares/ST/STM32_USB_Device_Library/Core/Src/usbd_ctlreq.c **** 
 102:Middlewares/ST/STM32_USB_Device_Library/Core/Src/usbd_ctlreq.c **** /** @defgroup USBD_REQ_Private_Functions
 103:Middlewares/ST/STM32_USB_Device_Library/Core/Src/usbd_ctlreq.c ****   * @{
 104:Middlewares/ST/STM32_USB_Device_Library/Core/Src/usbd_ctlreq.c ****   */
 105:Middlewares/ST/STM32_USB_Device_Library/Core/Src/usbd_ctlreq.c **** 
 106:Middlewares/ST/STM32_USB_Device_Library/Core/Src/usbd_ctlreq.c **** 
 107:Middlewares/ST/STM32_USB_Device_Library/Core/Src/usbd_ctlreq.c **** /**
 108:Middlewares/ST/STM32_USB_Device_Library/Core/Src/usbd_ctlreq.c **** * @brief  USBD_StdDevReq
 109:Middlewares/ST/STM32_USB_Device_Library/Core/Src/usbd_ctlreq.c **** *         Handle standard usb device requests
 110:Middlewares/ST/STM32_USB_Device_Library/Core/Src/usbd_ctlreq.c **** * @param  pdev: device instance
 111:Middlewares/ST/STM32_USB_Device_Library/Core/Src/usbd_ctlreq.c **** * @param  req: usb request
 112:Middlewares/ST/STM32_USB_Device_Library/Core/Src/usbd_ctlreq.c **** * @retval status
 113:Middlewares/ST/STM32_USB_Device_Library/Core/Src/usbd_ctlreq.c **** */
 114:Middlewares/ST/STM32_USB_Device_Library/Core/Src/usbd_ctlreq.c **** USBD_StatusTypeDef  USBD_StdDevReq(USBD_HandleTypeDef *pdev,
 115:Middlewares/ST/STM32_USB_Device_Library/Core/Src/usbd_ctlreq.c ****                                    USBD_SetupReqTypedef *req)
 116:Middlewares/ST/STM32_USB_Device_Library/Core/Src/usbd_ctlreq.c **** {
 117:Middlewares/ST/STM32_USB_Device_Library/Core/Src/usbd_ctlreq.c ****   USBD_StatusTypeDef ret = USBD_OK;
 118:Middlewares/ST/STM32_USB_Device_Library/Core/Src/usbd_ctlreq.c **** 
 119:Middlewares/ST/STM32_USB_Device_Library/Core/Src/usbd_ctlreq.c ****   switch (req->bmRequest & USB_REQ_TYPE_MASK)
 120:Middlewares/ST/STM32_USB_Device_Library/Core/Src/usbd_ctlreq.c ****   {
 121:Middlewares/ST/STM32_USB_Device_Library/Core/Src/usbd_ctlreq.c ****     case USB_REQ_TYPE_CLASS:
 122:Middlewares/ST/STM32_USB_Device_Library/Core/Src/usbd_ctlreq.c ****     case USB_REQ_TYPE_VENDOR:
 123:Middlewares/ST/STM32_USB_Device_Library/Core/Src/usbd_ctlreq.c ****       pdev->pClass->Setup(pdev, req);
 124:Middlewares/ST/STM32_USB_Device_Library/Core/Src/usbd_ctlreq.c ****       break;
 125:Middlewares/ST/STM32_USB_Device_Library/Core/Src/usbd_ctlreq.c **** 
 126:Middlewares/ST/STM32_USB_Device_Library/Core/Src/usbd_ctlreq.c ****     case USB_REQ_TYPE_STANDARD:
 127:Middlewares/ST/STM32_USB_Device_Library/Core/Src/usbd_ctlreq.c ****       switch (req->bRequest)
 128:Middlewares/ST/STM32_USB_Device_Library/Core/Src/usbd_ctlreq.c ****       {
 129:Middlewares/ST/STM32_USB_Device_Library/Core/Src/usbd_ctlreq.c ****         case USB_REQ_GET_DESCRIPTOR:
 130:Middlewares/ST/STM32_USB_Device_Library/Core/Src/usbd_ctlreq.c ****           USBD_GetDescriptor(pdev, req);
 131:Middlewares/ST/STM32_USB_Device_Library/Core/Src/usbd_ctlreq.c ****           break;
 132:Middlewares/ST/STM32_USB_Device_Library/Core/Src/usbd_ctlreq.c **** 
 133:Middlewares/ST/STM32_USB_Device_Library/Core/Src/usbd_ctlreq.c ****         case USB_REQ_SET_ADDRESS:
 134:Middlewares/ST/STM32_USB_Device_Library/Core/Src/usbd_ctlreq.c ****           USBD_SetAddress(pdev, req);
 135:Middlewares/ST/STM32_USB_Device_Library/Core/Src/usbd_ctlreq.c ****           break;
 136:Middlewares/ST/STM32_USB_Device_Library/Core/Src/usbd_ctlreq.c **** 
 137:Middlewares/ST/STM32_USB_Device_Library/Core/Src/usbd_ctlreq.c ****         case USB_REQ_SET_CONFIGURATION:
 138:Middlewares/ST/STM32_USB_Device_Library/Core/Src/usbd_ctlreq.c ****           USBD_SetConfig(pdev, req);
 139:Middlewares/ST/STM32_USB_Device_Library/Core/Src/usbd_ctlreq.c ****           break;
 140:Middlewares/ST/STM32_USB_Device_Library/Core/Src/usbd_ctlreq.c **** 
 141:Middlewares/ST/STM32_USB_Device_Library/Core/Src/usbd_ctlreq.c ****         case USB_REQ_GET_CONFIGURATION:
 142:Middlewares/ST/STM32_USB_Device_Library/Core/Src/usbd_ctlreq.c ****           USBD_GetConfig(pdev, req);
 143:Middlewares/ST/STM32_USB_Device_Library/Core/Src/usbd_ctlreq.c ****           break;
 144:Middlewares/ST/STM32_USB_Device_Library/Core/Src/usbd_ctlreq.c **** 
 145:Middlewares/ST/STM32_USB_Device_Library/Core/Src/usbd_ctlreq.c ****         case USB_REQ_GET_STATUS:
 146:Middlewares/ST/STM32_USB_Device_Library/Core/Src/usbd_ctlreq.c ****           USBD_GetStatus(pdev, req);
ARM GAS  C:\Users\subdia\AppData\Local\Temp\ccL1bc5n.s 			page 4


 147:Middlewares/ST/STM32_USB_Device_Library/Core/Src/usbd_ctlreq.c ****           break;
 148:Middlewares/ST/STM32_USB_Device_Library/Core/Src/usbd_ctlreq.c **** 
 149:Middlewares/ST/STM32_USB_Device_Library/Core/Src/usbd_ctlreq.c ****         case USB_REQ_SET_FEATURE:
 150:Middlewares/ST/STM32_USB_Device_Library/Core/Src/usbd_ctlreq.c ****           USBD_SetFeature(pdev, req);
 151:Middlewares/ST/STM32_USB_Device_Library/Core/Src/usbd_ctlreq.c ****           break;
 152:Middlewares/ST/STM32_USB_Device_Library/Core/Src/usbd_ctlreq.c **** 
 153:Middlewares/ST/STM32_USB_Device_Library/Core/Src/usbd_ctlreq.c ****         case USB_REQ_CLEAR_FEATURE:
 154:Middlewares/ST/STM32_USB_Device_Library/Core/Src/usbd_ctlreq.c ****           USBD_ClrFeature(pdev, req);
 155:Middlewares/ST/STM32_USB_Device_Library/Core/Src/usbd_ctlreq.c ****           break;
 156:Middlewares/ST/STM32_USB_Device_Library/Core/Src/usbd_ctlreq.c **** 
 157:Middlewares/ST/STM32_USB_Device_Library/Core/Src/usbd_ctlreq.c ****         default:
 158:Middlewares/ST/STM32_USB_Device_Library/Core/Src/usbd_ctlreq.c ****           USBD_CtlError(pdev, req);
 159:Middlewares/ST/STM32_USB_Device_Library/Core/Src/usbd_ctlreq.c ****           break;
 160:Middlewares/ST/STM32_USB_Device_Library/Core/Src/usbd_ctlreq.c ****       }
 161:Middlewares/ST/STM32_USB_Device_Library/Core/Src/usbd_ctlreq.c ****       break;
 162:Middlewares/ST/STM32_USB_Device_Library/Core/Src/usbd_ctlreq.c **** 
 163:Middlewares/ST/STM32_USB_Device_Library/Core/Src/usbd_ctlreq.c ****     default:
 164:Middlewares/ST/STM32_USB_Device_Library/Core/Src/usbd_ctlreq.c ****       USBD_CtlError(pdev, req);
 165:Middlewares/ST/STM32_USB_Device_Library/Core/Src/usbd_ctlreq.c ****       break;
 166:Middlewares/ST/STM32_USB_Device_Library/Core/Src/usbd_ctlreq.c ****   }
 167:Middlewares/ST/STM32_USB_Device_Library/Core/Src/usbd_ctlreq.c **** 
 168:Middlewares/ST/STM32_USB_Device_Library/Core/Src/usbd_ctlreq.c ****   return ret;
 169:Middlewares/ST/STM32_USB_Device_Library/Core/Src/usbd_ctlreq.c **** }
 170:Middlewares/ST/STM32_USB_Device_Library/Core/Src/usbd_ctlreq.c **** 
 171:Middlewares/ST/STM32_USB_Device_Library/Core/Src/usbd_ctlreq.c **** /**
 172:Middlewares/ST/STM32_USB_Device_Library/Core/Src/usbd_ctlreq.c **** * @brief  USBD_StdItfReq
 173:Middlewares/ST/STM32_USB_Device_Library/Core/Src/usbd_ctlreq.c **** *         Handle standard usb interface requests
 174:Middlewares/ST/STM32_USB_Device_Library/Core/Src/usbd_ctlreq.c **** * @param  pdev: device instance
 175:Middlewares/ST/STM32_USB_Device_Library/Core/Src/usbd_ctlreq.c **** * @param  req: usb request
 176:Middlewares/ST/STM32_USB_Device_Library/Core/Src/usbd_ctlreq.c **** * @retval status
 177:Middlewares/ST/STM32_USB_Device_Library/Core/Src/usbd_ctlreq.c **** */
 178:Middlewares/ST/STM32_USB_Device_Library/Core/Src/usbd_ctlreq.c **** USBD_StatusTypeDef  USBD_StdItfReq(USBD_HandleTypeDef *pdev,
 179:Middlewares/ST/STM32_USB_Device_Library/Core/Src/usbd_ctlreq.c ****                                    USBD_SetupReqTypedef  *req)
 180:Middlewares/ST/STM32_USB_Device_Library/Core/Src/usbd_ctlreq.c **** {
 181:Middlewares/ST/STM32_USB_Device_Library/Core/Src/usbd_ctlreq.c ****   USBD_StatusTypeDef ret = USBD_OK;
 182:Middlewares/ST/STM32_USB_Device_Library/Core/Src/usbd_ctlreq.c **** 
 183:Middlewares/ST/STM32_USB_Device_Library/Core/Src/usbd_ctlreq.c ****   switch (req->bmRequest & USB_REQ_TYPE_MASK)
 184:Middlewares/ST/STM32_USB_Device_Library/Core/Src/usbd_ctlreq.c ****   {
 185:Middlewares/ST/STM32_USB_Device_Library/Core/Src/usbd_ctlreq.c ****     case USB_REQ_TYPE_CLASS:
 186:Middlewares/ST/STM32_USB_Device_Library/Core/Src/usbd_ctlreq.c ****     case USB_REQ_TYPE_VENDOR:
 187:Middlewares/ST/STM32_USB_Device_Library/Core/Src/usbd_ctlreq.c ****     case USB_REQ_TYPE_STANDARD:
 188:Middlewares/ST/STM32_USB_Device_Library/Core/Src/usbd_ctlreq.c ****       switch (pdev->dev_state)
 189:Middlewares/ST/STM32_USB_Device_Library/Core/Src/usbd_ctlreq.c ****       {
 190:Middlewares/ST/STM32_USB_Device_Library/Core/Src/usbd_ctlreq.c ****         case USBD_STATE_DEFAULT:
 191:Middlewares/ST/STM32_USB_Device_Library/Core/Src/usbd_ctlreq.c ****         case USBD_STATE_ADDRESSED:
 192:Middlewares/ST/STM32_USB_Device_Library/Core/Src/usbd_ctlreq.c ****         case USBD_STATE_CONFIGURED:
 193:Middlewares/ST/STM32_USB_Device_Library/Core/Src/usbd_ctlreq.c **** 
 194:Middlewares/ST/STM32_USB_Device_Library/Core/Src/usbd_ctlreq.c ****           if (LOBYTE(req->wIndex) <= USBD_MAX_NUM_INTERFACES)
 195:Middlewares/ST/STM32_USB_Device_Library/Core/Src/usbd_ctlreq.c ****           {
 196:Middlewares/ST/STM32_USB_Device_Library/Core/Src/usbd_ctlreq.c ****             ret = (USBD_StatusTypeDef)pdev->pClass->Setup(pdev, req);
 197:Middlewares/ST/STM32_USB_Device_Library/Core/Src/usbd_ctlreq.c **** 
 198:Middlewares/ST/STM32_USB_Device_Library/Core/Src/usbd_ctlreq.c ****             if ((req->wLength == 0U) && (ret == USBD_OK))
 199:Middlewares/ST/STM32_USB_Device_Library/Core/Src/usbd_ctlreq.c ****             {
 200:Middlewares/ST/STM32_USB_Device_Library/Core/Src/usbd_ctlreq.c ****               USBD_CtlSendStatus(pdev);
 201:Middlewares/ST/STM32_USB_Device_Library/Core/Src/usbd_ctlreq.c ****             }
 202:Middlewares/ST/STM32_USB_Device_Library/Core/Src/usbd_ctlreq.c ****           }
 203:Middlewares/ST/STM32_USB_Device_Library/Core/Src/usbd_ctlreq.c ****           else
ARM GAS  C:\Users\subdia\AppData\Local\Temp\ccL1bc5n.s 			page 5


 204:Middlewares/ST/STM32_USB_Device_Library/Core/Src/usbd_ctlreq.c ****           {
 205:Middlewares/ST/STM32_USB_Device_Library/Core/Src/usbd_ctlreq.c ****             USBD_CtlError(pdev, req);
 206:Middlewares/ST/STM32_USB_Device_Library/Core/Src/usbd_ctlreq.c ****           }
 207:Middlewares/ST/STM32_USB_Device_Library/Core/Src/usbd_ctlreq.c ****           break;
 208:Middlewares/ST/STM32_USB_Device_Library/Core/Src/usbd_ctlreq.c **** 
 209:Middlewares/ST/STM32_USB_Device_Library/Core/Src/usbd_ctlreq.c ****         default:
 210:Middlewares/ST/STM32_USB_Device_Library/Core/Src/usbd_ctlreq.c ****           USBD_CtlError(pdev, req);
 211:Middlewares/ST/STM32_USB_Device_Library/Core/Src/usbd_ctlreq.c ****           break;
 212:Middlewares/ST/STM32_USB_Device_Library/Core/Src/usbd_ctlreq.c ****       }
 213:Middlewares/ST/STM32_USB_Device_Library/Core/Src/usbd_ctlreq.c ****       break;
 214:Middlewares/ST/STM32_USB_Device_Library/Core/Src/usbd_ctlreq.c **** 
 215:Middlewares/ST/STM32_USB_Device_Library/Core/Src/usbd_ctlreq.c ****     default:
 216:Middlewares/ST/STM32_USB_Device_Library/Core/Src/usbd_ctlreq.c ****       USBD_CtlError(pdev, req);
 217:Middlewares/ST/STM32_USB_Device_Library/Core/Src/usbd_ctlreq.c ****       break;
 218:Middlewares/ST/STM32_USB_Device_Library/Core/Src/usbd_ctlreq.c ****   }
 219:Middlewares/ST/STM32_USB_Device_Library/Core/Src/usbd_ctlreq.c **** 
 220:Middlewares/ST/STM32_USB_Device_Library/Core/Src/usbd_ctlreq.c ****   return USBD_OK;
 221:Middlewares/ST/STM32_USB_Device_Library/Core/Src/usbd_ctlreq.c **** }
 222:Middlewares/ST/STM32_USB_Device_Library/Core/Src/usbd_ctlreq.c **** 
 223:Middlewares/ST/STM32_USB_Device_Library/Core/Src/usbd_ctlreq.c **** /**
 224:Middlewares/ST/STM32_USB_Device_Library/Core/Src/usbd_ctlreq.c **** * @brief  USBD_StdEPReq
 225:Middlewares/ST/STM32_USB_Device_Library/Core/Src/usbd_ctlreq.c **** *         Handle standard usb endpoint requests
 226:Middlewares/ST/STM32_USB_Device_Library/Core/Src/usbd_ctlreq.c **** * @param  pdev: device instance
 227:Middlewares/ST/STM32_USB_Device_Library/Core/Src/usbd_ctlreq.c **** * @param  req: usb request
 228:Middlewares/ST/STM32_USB_Device_Library/Core/Src/usbd_ctlreq.c **** * @retval status
 229:Middlewares/ST/STM32_USB_Device_Library/Core/Src/usbd_ctlreq.c **** */
 230:Middlewares/ST/STM32_USB_Device_Library/Core/Src/usbd_ctlreq.c **** USBD_StatusTypeDef  USBD_StdEPReq(USBD_HandleTypeDef *pdev,
 231:Middlewares/ST/STM32_USB_Device_Library/Core/Src/usbd_ctlreq.c ****                                   USBD_SetupReqTypedef  *req)
 232:Middlewares/ST/STM32_USB_Device_Library/Core/Src/usbd_ctlreq.c **** {
 233:Middlewares/ST/STM32_USB_Device_Library/Core/Src/usbd_ctlreq.c ****   USBD_EndpointTypeDef *pep;
 234:Middlewares/ST/STM32_USB_Device_Library/Core/Src/usbd_ctlreq.c ****   uint8_t   ep_addr;
 235:Middlewares/ST/STM32_USB_Device_Library/Core/Src/usbd_ctlreq.c ****   USBD_StatusTypeDef ret = USBD_OK;
 236:Middlewares/ST/STM32_USB_Device_Library/Core/Src/usbd_ctlreq.c ****   ep_addr  = LOBYTE(req->wIndex);
 237:Middlewares/ST/STM32_USB_Device_Library/Core/Src/usbd_ctlreq.c **** 
 238:Middlewares/ST/STM32_USB_Device_Library/Core/Src/usbd_ctlreq.c ****   switch (req->bmRequest & USB_REQ_TYPE_MASK)
 239:Middlewares/ST/STM32_USB_Device_Library/Core/Src/usbd_ctlreq.c ****   {
 240:Middlewares/ST/STM32_USB_Device_Library/Core/Src/usbd_ctlreq.c ****     case USB_REQ_TYPE_CLASS:
 241:Middlewares/ST/STM32_USB_Device_Library/Core/Src/usbd_ctlreq.c ****     case USB_REQ_TYPE_VENDOR:
 242:Middlewares/ST/STM32_USB_Device_Library/Core/Src/usbd_ctlreq.c ****       pdev->pClass->Setup(pdev, req);
 243:Middlewares/ST/STM32_USB_Device_Library/Core/Src/usbd_ctlreq.c ****       break;
 244:Middlewares/ST/STM32_USB_Device_Library/Core/Src/usbd_ctlreq.c **** 
 245:Middlewares/ST/STM32_USB_Device_Library/Core/Src/usbd_ctlreq.c ****     case USB_REQ_TYPE_STANDARD:
 246:Middlewares/ST/STM32_USB_Device_Library/Core/Src/usbd_ctlreq.c ****       /* Check if it is a class request */
 247:Middlewares/ST/STM32_USB_Device_Library/Core/Src/usbd_ctlreq.c ****       if ((req->bmRequest & 0x60U) == 0x20U)
 248:Middlewares/ST/STM32_USB_Device_Library/Core/Src/usbd_ctlreq.c ****       {
 249:Middlewares/ST/STM32_USB_Device_Library/Core/Src/usbd_ctlreq.c ****         ret = (USBD_StatusTypeDef)pdev->pClass->Setup(pdev, req);
 250:Middlewares/ST/STM32_USB_Device_Library/Core/Src/usbd_ctlreq.c **** 
 251:Middlewares/ST/STM32_USB_Device_Library/Core/Src/usbd_ctlreq.c ****         return ret;
 252:Middlewares/ST/STM32_USB_Device_Library/Core/Src/usbd_ctlreq.c ****       }
 253:Middlewares/ST/STM32_USB_Device_Library/Core/Src/usbd_ctlreq.c **** 
 254:Middlewares/ST/STM32_USB_Device_Library/Core/Src/usbd_ctlreq.c ****       switch (req->bRequest)
 255:Middlewares/ST/STM32_USB_Device_Library/Core/Src/usbd_ctlreq.c ****       {
 256:Middlewares/ST/STM32_USB_Device_Library/Core/Src/usbd_ctlreq.c ****         case USB_REQ_SET_FEATURE:
 257:Middlewares/ST/STM32_USB_Device_Library/Core/Src/usbd_ctlreq.c ****           switch (pdev->dev_state)
 258:Middlewares/ST/STM32_USB_Device_Library/Core/Src/usbd_ctlreq.c ****           {
 259:Middlewares/ST/STM32_USB_Device_Library/Core/Src/usbd_ctlreq.c ****             case USBD_STATE_ADDRESSED:
 260:Middlewares/ST/STM32_USB_Device_Library/Core/Src/usbd_ctlreq.c ****               if ((ep_addr != 0x00U) && (ep_addr != 0x80U))
ARM GAS  C:\Users\subdia\AppData\Local\Temp\ccL1bc5n.s 			page 6


 261:Middlewares/ST/STM32_USB_Device_Library/Core/Src/usbd_ctlreq.c ****               {
 262:Middlewares/ST/STM32_USB_Device_Library/Core/Src/usbd_ctlreq.c ****                 USBD_LL_StallEP(pdev, ep_addr);
 263:Middlewares/ST/STM32_USB_Device_Library/Core/Src/usbd_ctlreq.c ****                 USBD_LL_StallEP(pdev, 0x80U);
 264:Middlewares/ST/STM32_USB_Device_Library/Core/Src/usbd_ctlreq.c ****               }
 265:Middlewares/ST/STM32_USB_Device_Library/Core/Src/usbd_ctlreq.c ****               else
 266:Middlewares/ST/STM32_USB_Device_Library/Core/Src/usbd_ctlreq.c ****               {
 267:Middlewares/ST/STM32_USB_Device_Library/Core/Src/usbd_ctlreq.c ****                 USBD_CtlError(pdev, req);
 268:Middlewares/ST/STM32_USB_Device_Library/Core/Src/usbd_ctlreq.c ****               }
 269:Middlewares/ST/STM32_USB_Device_Library/Core/Src/usbd_ctlreq.c ****               break;
 270:Middlewares/ST/STM32_USB_Device_Library/Core/Src/usbd_ctlreq.c **** 
 271:Middlewares/ST/STM32_USB_Device_Library/Core/Src/usbd_ctlreq.c ****             case USBD_STATE_CONFIGURED:
 272:Middlewares/ST/STM32_USB_Device_Library/Core/Src/usbd_ctlreq.c ****               if (req->wValue == USB_FEATURE_EP_HALT)
 273:Middlewares/ST/STM32_USB_Device_Library/Core/Src/usbd_ctlreq.c ****               {
 274:Middlewares/ST/STM32_USB_Device_Library/Core/Src/usbd_ctlreq.c ****                 if ((ep_addr != 0x00U) &&
 275:Middlewares/ST/STM32_USB_Device_Library/Core/Src/usbd_ctlreq.c ****                     (ep_addr != 0x80U) && (req->wLength == 0x00U))
 276:Middlewares/ST/STM32_USB_Device_Library/Core/Src/usbd_ctlreq.c ****                 {
 277:Middlewares/ST/STM32_USB_Device_Library/Core/Src/usbd_ctlreq.c ****                   USBD_LL_StallEP(pdev, ep_addr);
 278:Middlewares/ST/STM32_USB_Device_Library/Core/Src/usbd_ctlreq.c ****                 }
 279:Middlewares/ST/STM32_USB_Device_Library/Core/Src/usbd_ctlreq.c ****               }
 280:Middlewares/ST/STM32_USB_Device_Library/Core/Src/usbd_ctlreq.c ****               USBD_CtlSendStatus(pdev);
 281:Middlewares/ST/STM32_USB_Device_Library/Core/Src/usbd_ctlreq.c **** 
 282:Middlewares/ST/STM32_USB_Device_Library/Core/Src/usbd_ctlreq.c ****               break;
 283:Middlewares/ST/STM32_USB_Device_Library/Core/Src/usbd_ctlreq.c **** 
 284:Middlewares/ST/STM32_USB_Device_Library/Core/Src/usbd_ctlreq.c ****             default:
 285:Middlewares/ST/STM32_USB_Device_Library/Core/Src/usbd_ctlreq.c ****               USBD_CtlError(pdev, req);
 286:Middlewares/ST/STM32_USB_Device_Library/Core/Src/usbd_ctlreq.c ****               break;
 287:Middlewares/ST/STM32_USB_Device_Library/Core/Src/usbd_ctlreq.c ****           }
 288:Middlewares/ST/STM32_USB_Device_Library/Core/Src/usbd_ctlreq.c ****           break;
 289:Middlewares/ST/STM32_USB_Device_Library/Core/Src/usbd_ctlreq.c **** 
 290:Middlewares/ST/STM32_USB_Device_Library/Core/Src/usbd_ctlreq.c ****         case USB_REQ_CLEAR_FEATURE:
 291:Middlewares/ST/STM32_USB_Device_Library/Core/Src/usbd_ctlreq.c **** 
 292:Middlewares/ST/STM32_USB_Device_Library/Core/Src/usbd_ctlreq.c ****           switch (pdev->dev_state)
 293:Middlewares/ST/STM32_USB_Device_Library/Core/Src/usbd_ctlreq.c ****           {
 294:Middlewares/ST/STM32_USB_Device_Library/Core/Src/usbd_ctlreq.c ****             case USBD_STATE_ADDRESSED:
 295:Middlewares/ST/STM32_USB_Device_Library/Core/Src/usbd_ctlreq.c ****               if ((ep_addr != 0x00U) && (ep_addr != 0x80U))
 296:Middlewares/ST/STM32_USB_Device_Library/Core/Src/usbd_ctlreq.c ****               {
 297:Middlewares/ST/STM32_USB_Device_Library/Core/Src/usbd_ctlreq.c ****                 USBD_LL_StallEP(pdev, ep_addr);
 298:Middlewares/ST/STM32_USB_Device_Library/Core/Src/usbd_ctlreq.c ****                 USBD_LL_StallEP(pdev, 0x80U);
 299:Middlewares/ST/STM32_USB_Device_Library/Core/Src/usbd_ctlreq.c ****               }
 300:Middlewares/ST/STM32_USB_Device_Library/Core/Src/usbd_ctlreq.c ****               else
 301:Middlewares/ST/STM32_USB_Device_Library/Core/Src/usbd_ctlreq.c ****               {
 302:Middlewares/ST/STM32_USB_Device_Library/Core/Src/usbd_ctlreq.c ****                 USBD_CtlError(pdev, req);
 303:Middlewares/ST/STM32_USB_Device_Library/Core/Src/usbd_ctlreq.c ****               }
 304:Middlewares/ST/STM32_USB_Device_Library/Core/Src/usbd_ctlreq.c ****               break;
 305:Middlewares/ST/STM32_USB_Device_Library/Core/Src/usbd_ctlreq.c **** 
 306:Middlewares/ST/STM32_USB_Device_Library/Core/Src/usbd_ctlreq.c ****             case USBD_STATE_CONFIGURED:
 307:Middlewares/ST/STM32_USB_Device_Library/Core/Src/usbd_ctlreq.c ****               if (req->wValue == USB_FEATURE_EP_HALT)
 308:Middlewares/ST/STM32_USB_Device_Library/Core/Src/usbd_ctlreq.c ****               {
 309:Middlewares/ST/STM32_USB_Device_Library/Core/Src/usbd_ctlreq.c ****                 if ((ep_addr & 0x7FU) != 0x00U)
 310:Middlewares/ST/STM32_USB_Device_Library/Core/Src/usbd_ctlreq.c ****                 {
 311:Middlewares/ST/STM32_USB_Device_Library/Core/Src/usbd_ctlreq.c ****                   USBD_LL_ClearStallEP(pdev, ep_addr);
 312:Middlewares/ST/STM32_USB_Device_Library/Core/Src/usbd_ctlreq.c ****                 }
 313:Middlewares/ST/STM32_USB_Device_Library/Core/Src/usbd_ctlreq.c ****                 USBD_CtlSendStatus(pdev);
 314:Middlewares/ST/STM32_USB_Device_Library/Core/Src/usbd_ctlreq.c ****               }
 315:Middlewares/ST/STM32_USB_Device_Library/Core/Src/usbd_ctlreq.c ****               break;
 316:Middlewares/ST/STM32_USB_Device_Library/Core/Src/usbd_ctlreq.c **** 
 317:Middlewares/ST/STM32_USB_Device_Library/Core/Src/usbd_ctlreq.c ****             default:
ARM GAS  C:\Users\subdia\AppData\Local\Temp\ccL1bc5n.s 			page 7


 318:Middlewares/ST/STM32_USB_Device_Library/Core/Src/usbd_ctlreq.c ****               USBD_CtlError(pdev, req);
 319:Middlewares/ST/STM32_USB_Device_Library/Core/Src/usbd_ctlreq.c ****               break;
 320:Middlewares/ST/STM32_USB_Device_Library/Core/Src/usbd_ctlreq.c ****           }
 321:Middlewares/ST/STM32_USB_Device_Library/Core/Src/usbd_ctlreq.c ****           break;
 322:Middlewares/ST/STM32_USB_Device_Library/Core/Src/usbd_ctlreq.c **** 
 323:Middlewares/ST/STM32_USB_Device_Library/Core/Src/usbd_ctlreq.c ****         case USB_REQ_GET_STATUS:
 324:Middlewares/ST/STM32_USB_Device_Library/Core/Src/usbd_ctlreq.c ****           switch (pdev->dev_state)
 325:Middlewares/ST/STM32_USB_Device_Library/Core/Src/usbd_ctlreq.c ****           {
 326:Middlewares/ST/STM32_USB_Device_Library/Core/Src/usbd_ctlreq.c ****             case USBD_STATE_ADDRESSED:
 327:Middlewares/ST/STM32_USB_Device_Library/Core/Src/usbd_ctlreq.c ****               if ((ep_addr != 0x00U) && (ep_addr != 0x80U))
 328:Middlewares/ST/STM32_USB_Device_Library/Core/Src/usbd_ctlreq.c ****               {
 329:Middlewares/ST/STM32_USB_Device_Library/Core/Src/usbd_ctlreq.c ****                 USBD_CtlError(pdev, req);
 330:Middlewares/ST/STM32_USB_Device_Library/Core/Src/usbd_ctlreq.c ****                 break;
 331:Middlewares/ST/STM32_USB_Device_Library/Core/Src/usbd_ctlreq.c ****               }
 332:Middlewares/ST/STM32_USB_Device_Library/Core/Src/usbd_ctlreq.c ****               pep = ((ep_addr & 0x80U) == 0x80U) ? &pdev->ep_in[ep_addr & 0x7FU] : \
 333:Middlewares/ST/STM32_USB_Device_Library/Core/Src/usbd_ctlreq.c ****                     &pdev->ep_out[ep_addr & 0x7FU];
 334:Middlewares/ST/STM32_USB_Device_Library/Core/Src/usbd_ctlreq.c **** 
 335:Middlewares/ST/STM32_USB_Device_Library/Core/Src/usbd_ctlreq.c ****               pep->status = 0x0000U;
 336:Middlewares/ST/STM32_USB_Device_Library/Core/Src/usbd_ctlreq.c **** 
 337:Middlewares/ST/STM32_USB_Device_Library/Core/Src/usbd_ctlreq.c ****               USBD_CtlSendData(pdev, (uint8_t *)(void *)&pep->status, 2U);
 338:Middlewares/ST/STM32_USB_Device_Library/Core/Src/usbd_ctlreq.c ****               break;
 339:Middlewares/ST/STM32_USB_Device_Library/Core/Src/usbd_ctlreq.c **** 
 340:Middlewares/ST/STM32_USB_Device_Library/Core/Src/usbd_ctlreq.c ****             case USBD_STATE_CONFIGURED:
 341:Middlewares/ST/STM32_USB_Device_Library/Core/Src/usbd_ctlreq.c ****               if ((ep_addr & 0x80U) == 0x80U)
 342:Middlewares/ST/STM32_USB_Device_Library/Core/Src/usbd_ctlreq.c ****               {
 343:Middlewares/ST/STM32_USB_Device_Library/Core/Src/usbd_ctlreq.c ****                 if (pdev->ep_in[ep_addr & 0xFU].is_used == 0U)
 344:Middlewares/ST/STM32_USB_Device_Library/Core/Src/usbd_ctlreq.c ****                 {
 345:Middlewares/ST/STM32_USB_Device_Library/Core/Src/usbd_ctlreq.c ****                   USBD_CtlError(pdev, req);
 346:Middlewares/ST/STM32_USB_Device_Library/Core/Src/usbd_ctlreq.c ****                   break;
 347:Middlewares/ST/STM32_USB_Device_Library/Core/Src/usbd_ctlreq.c ****                 }
 348:Middlewares/ST/STM32_USB_Device_Library/Core/Src/usbd_ctlreq.c ****               }
 349:Middlewares/ST/STM32_USB_Device_Library/Core/Src/usbd_ctlreq.c ****               else
 350:Middlewares/ST/STM32_USB_Device_Library/Core/Src/usbd_ctlreq.c ****               {
 351:Middlewares/ST/STM32_USB_Device_Library/Core/Src/usbd_ctlreq.c ****                 if (pdev->ep_out[ep_addr & 0xFU].is_used == 0U)
 352:Middlewares/ST/STM32_USB_Device_Library/Core/Src/usbd_ctlreq.c ****                 {
 353:Middlewares/ST/STM32_USB_Device_Library/Core/Src/usbd_ctlreq.c ****                   USBD_CtlError(pdev, req);
 354:Middlewares/ST/STM32_USB_Device_Library/Core/Src/usbd_ctlreq.c ****                   break;
 355:Middlewares/ST/STM32_USB_Device_Library/Core/Src/usbd_ctlreq.c ****                 }
 356:Middlewares/ST/STM32_USB_Device_Library/Core/Src/usbd_ctlreq.c ****               }
 357:Middlewares/ST/STM32_USB_Device_Library/Core/Src/usbd_ctlreq.c **** 
 358:Middlewares/ST/STM32_USB_Device_Library/Core/Src/usbd_ctlreq.c ****               pep = ((ep_addr & 0x80U) == 0x80U) ? &pdev->ep_in[ep_addr & 0x7FU] : \
 359:Middlewares/ST/STM32_USB_Device_Library/Core/Src/usbd_ctlreq.c ****                     &pdev->ep_out[ep_addr & 0x7FU];
 360:Middlewares/ST/STM32_USB_Device_Library/Core/Src/usbd_ctlreq.c **** 
 361:Middlewares/ST/STM32_USB_Device_Library/Core/Src/usbd_ctlreq.c ****               if ((ep_addr == 0x00U) || (ep_addr == 0x80U))
 362:Middlewares/ST/STM32_USB_Device_Library/Core/Src/usbd_ctlreq.c ****               {
 363:Middlewares/ST/STM32_USB_Device_Library/Core/Src/usbd_ctlreq.c ****                 pep->status = 0x0000U;
 364:Middlewares/ST/STM32_USB_Device_Library/Core/Src/usbd_ctlreq.c ****               }
 365:Middlewares/ST/STM32_USB_Device_Library/Core/Src/usbd_ctlreq.c ****               else if (USBD_LL_IsStallEP(pdev, ep_addr))
 366:Middlewares/ST/STM32_USB_Device_Library/Core/Src/usbd_ctlreq.c ****               {
 367:Middlewares/ST/STM32_USB_Device_Library/Core/Src/usbd_ctlreq.c ****                 pep->status = 0x0001U;
 368:Middlewares/ST/STM32_USB_Device_Library/Core/Src/usbd_ctlreq.c ****               }
 369:Middlewares/ST/STM32_USB_Device_Library/Core/Src/usbd_ctlreq.c ****               else
 370:Middlewares/ST/STM32_USB_Device_Library/Core/Src/usbd_ctlreq.c ****               {
 371:Middlewares/ST/STM32_USB_Device_Library/Core/Src/usbd_ctlreq.c ****                 pep->status = 0x0000U;
 372:Middlewares/ST/STM32_USB_Device_Library/Core/Src/usbd_ctlreq.c ****               }
 373:Middlewares/ST/STM32_USB_Device_Library/Core/Src/usbd_ctlreq.c **** 
 374:Middlewares/ST/STM32_USB_Device_Library/Core/Src/usbd_ctlreq.c ****               USBD_CtlSendData(pdev, (uint8_t *)(void *)&pep->status, 2U);
ARM GAS  C:\Users\subdia\AppData\Local\Temp\ccL1bc5n.s 			page 8


 375:Middlewares/ST/STM32_USB_Device_Library/Core/Src/usbd_ctlreq.c ****               break;
 376:Middlewares/ST/STM32_USB_Device_Library/Core/Src/usbd_ctlreq.c **** 
 377:Middlewares/ST/STM32_USB_Device_Library/Core/Src/usbd_ctlreq.c ****             default:
 378:Middlewares/ST/STM32_USB_Device_Library/Core/Src/usbd_ctlreq.c ****               USBD_CtlError(pdev, req);
 379:Middlewares/ST/STM32_USB_Device_Library/Core/Src/usbd_ctlreq.c ****               break;
 380:Middlewares/ST/STM32_USB_Device_Library/Core/Src/usbd_ctlreq.c ****           }
 381:Middlewares/ST/STM32_USB_Device_Library/Core/Src/usbd_ctlreq.c ****           break;
 382:Middlewares/ST/STM32_USB_Device_Library/Core/Src/usbd_ctlreq.c **** 
 383:Middlewares/ST/STM32_USB_Device_Library/Core/Src/usbd_ctlreq.c ****         default:
 384:Middlewares/ST/STM32_USB_Device_Library/Core/Src/usbd_ctlreq.c ****           USBD_CtlError(pdev, req);
 385:Middlewares/ST/STM32_USB_Device_Library/Core/Src/usbd_ctlreq.c ****           break;
 386:Middlewares/ST/STM32_USB_Device_Library/Core/Src/usbd_ctlreq.c ****       }
 387:Middlewares/ST/STM32_USB_Device_Library/Core/Src/usbd_ctlreq.c ****       break;
 388:Middlewares/ST/STM32_USB_Device_Library/Core/Src/usbd_ctlreq.c **** 
 389:Middlewares/ST/STM32_USB_Device_Library/Core/Src/usbd_ctlreq.c ****     default:
 390:Middlewares/ST/STM32_USB_Device_Library/Core/Src/usbd_ctlreq.c ****       USBD_CtlError(pdev, req);
 391:Middlewares/ST/STM32_USB_Device_Library/Core/Src/usbd_ctlreq.c ****       break;
 392:Middlewares/ST/STM32_USB_Device_Library/Core/Src/usbd_ctlreq.c ****   }
 393:Middlewares/ST/STM32_USB_Device_Library/Core/Src/usbd_ctlreq.c **** 
 394:Middlewares/ST/STM32_USB_Device_Library/Core/Src/usbd_ctlreq.c ****   return ret;
 395:Middlewares/ST/STM32_USB_Device_Library/Core/Src/usbd_ctlreq.c **** }
 396:Middlewares/ST/STM32_USB_Device_Library/Core/Src/usbd_ctlreq.c **** 
 397:Middlewares/ST/STM32_USB_Device_Library/Core/Src/usbd_ctlreq.c **** 
 398:Middlewares/ST/STM32_USB_Device_Library/Core/Src/usbd_ctlreq.c **** /**
 399:Middlewares/ST/STM32_USB_Device_Library/Core/Src/usbd_ctlreq.c **** * @brief  USBD_GetDescriptor
 400:Middlewares/ST/STM32_USB_Device_Library/Core/Src/usbd_ctlreq.c **** *         Handle Get Descriptor requests
 401:Middlewares/ST/STM32_USB_Device_Library/Core/Src/usbd_ctlreq.c **** * @param  pdev: device instance
 402:Middlewares/ST/STM32_USB_Device_Library/Core/Src/usbd_ctlreq.c **** * @param  req: usb request
 403:Middlewares/ST/STM32_USB_Device_Library/Core/Src/usbd_ctlreq.c **** * @retval status
 404:Middlewares/ST/STM32_USB_Device_Library/Core/Src/usbd_ctlreq.c **** */
 405:Middlewares/ST/STM32_USB_Device_Library/Core/Src/usbd_ctlreq.c **** static void USBD_GetDescriptor(USBD_HandleTypeDef *pdev,
 406:Middlewares/ST/STM32_USB_Device_Library/Core/Src/usbd_ctlreq.c ****                                USBD_SetupReqTypedef *req)
 407:Middlewares/ST/STM32_USB_Device_Library/Core/Src/usbd_ctlreq.c **** {
 408:Middlewares/ST/STM32_USB_Device_Library/Core/Src/usbd_ctlreq.c ****   uint16_t len = 0U;
 409:Middlewares/ST/STM32_USB_Device_Library/Core/Src/usbd_ctlreq.c ****   uint8_t *pbuf = NULL;
 410:Middlewares/ST/STM32_USB_Device_Library/Core/Src/usbd_ctlreq.c ****   uint8_t err = 0U;
 411:Middlewares/ST/STM32_USB_Device_Library/Core/Src/usbd_ctlreq.c **** 
 412:Middlewares/ST/STM32_USB_Device_Library/Core/Src/usbd_ctlreq.c ****   switch (req->wValue >> 8)
 413:Middlewares/ST/STM32_USB_Device_Library/Core/Src/usbd_ctlreq.c ****   {
 414:Middlewares/ST/STM32_USB_Device_Library/Core/Src/usbd_ctlreq.c **** #if (USBD_LPM_ENABLED == 1U)
 415:Middlewares/ST/STM32_USB_Device_Library/Core/Src/usbd_ctlreq.c ****     case USB_DESC_TYPE_BOS:
 416:Middlewares/ST/STM32_USB_Device_Library/Core/Src/usbd_ctlreq.c ****       if (pdev->pDesc->GetBOSDescriptor != NULL)
 417:Middlewares/ST/STM32_USB_Device_Library/Core/Src/usbd_ctlreq.c ****       {
 418:Middlewares/ST/STM32_USB_Device_Library/Core/Src/usbd_ctlreq.c ****         pbuf = pdev->pDesc->GetBOSDescriptor(pdev->dev_speed, &len);
 419:Middlewares/ST/STM32_USB_Device_Library/Core/Src/usbd_ctlreq.c ****       }
 420:Middlewares/ST/STM32_USB_Device_Library/Core/Src/usbd_ctlreq.c ****       else
 421:Middlewares/ST/STM32_USB_Device_Library/Core/Src/usbd_ctlreq.c ****       {
 422:Middlewares/ST/STM32_USB_Device_Library/Core/Src/usbd_ctlreq.c ****         USBD_CtlError(pdev, req);
 423:Middlewares/ST/STM32_USB_Device_Library/Core/Src/usbd_ctlreq.c ****         err++;
 424:Middlewares/ST/STM32_USB_Device_Library/Core/Src/usbd_ctlreq.c ****       }
 425:Middlewares/ST/STM32_USB_Device_Library/Core/Src/usbd_ctlreq.c ****       break;
 426:Middlewares/ST/STM32_USB_Device_Library/Core/Src/usbd_ctlreq.c **** #endif
 427:Middlewares/ST/STM32_USB_Device_Library/Core/Src/usbd_ctlreq.c ****     case USB_DESC_TYPE_DEVICE:
 428:Middlewares/ST/STM32_USB_Device_Library/Core/Src/usbd_ctlreq.c ****       pbuf = pdev->pDesc->GetDeviceDescriptor(pdev->dev_speed, &len);
 429:Middlewares/ST/STM32_USB_Device_Library/Core/Src/usbd_ctlreq.c ****       break;
 430:Middlewares/ST/STM32_USB_Device_Library/Core/Src/usbd_ctlreq.c **** 
 431:Middlewares/ST/STM32_USB_Device_Library/Core/Src/usbd_ctlreq.c ****     case USB_DESC_TYPE_CONFIGURATION:
ARM GAS  C:\Users\subdia\AppData\Local\Temp\ccL1bc5n.s 			page 9


 432:Middlewares/ST/STM32_USB_Device_Library/Core/Src/usbd_ctlreq.c ****       if (pdev->dev_speed == USBD_SPEED_HIGH)
 433:Middlewares/ST/STM32_USB_Device_Library/Core/Src/usbd_ctlreq.c ****       {
 434:Middlewares/ST/STM32_USB_Device_Library/Core/Src/usbd_ctlreq.c ****         pbuf = pdev->pClass->GetHSConfigDescriptor(&len);
 435:Middlewares/ST/STM32_USB_Device_Library/Core/Src/usbd_ctlreq.c ****         pbuf[1] = USB_DESC_TYPE_CONFIGURATION;
 436:Middlewares/ST/STM32_USB_Device_Library/Core/Src/usbd_ctlreq.c ****       }
 437:Middlewares/ST/STM32_USB_Device_Library/Core/Src/usbd_ctlreq.c ****       else
 438:Middlewares/ST/STM32_USB_Device_Library/Core/Src/usbd_ctlreq.c ****       {
 439:Middlewares/ST/STM32_USB_Device_Library/Core/Src/usbd_ctlreq.c ****         pbuf = pdev->pClass->GetFSConfigDescriptor(&len);
 440:Middlewares/ST/STM32_USB_Device_Library/Core/Src/usbd_ctlreq.c ****         pbuf[1] = USB_DESC_TYPE_CONFIGURATION;
 441:Middlewares/ST/STM32_USB_Device_Library/Core/Src/usbd_ctlreq.c ****       }
 442:Middlewares/ST/STM32_USB_Device_Library/Core/Src/usbd_ctlreq.c ****       break;
 443:Middlewares/ST/STM32_USB_Device_Library/Core/Src/usbd_ctlreq.c **** 
 444:Middlewares/ST/STM32_USB_Device_Library/Core/Src/usbd_ctlreq.c ****     case USB_DESC_TYPE_STRING:
 445:Middlewares/ST/STM32_USB_Device_Library/Core/Src/usbd_ctlreq.c ****       switch ((uint8_t)(req->wValue))
 446:Middlewares/ST/STM32_USB_Device_Library/Core/Src/usbd_ctlreq.c ****       {
 447:Middlewares/ST/STM32_USB_Device_Library/Core/Src/usbd_ctlreq.c ****         case USBD_IDX_LANGID_STR:
 448:Middlewares/ST/STM32_USB_Device_Library/Core/Src/usbd_ctlreq.c ****           if (pdev->pDesc->GetLangIDStrDescriptor != NULL)
 449:Middlewares/ST/STM32_USB_Device_Library/Core/Src/usbd_ctlreq.c ****           {
 450:Middlewares/ST/STM32_USB_Device_Library/Core/Src/usbd_ctlreq.c ****             pbuf = pdev->pDesc->GetLangIDStrDescriptor(pdev->dev_speed, &len);
 451:Middlewares/ST/STM32_USB_Device_Library/Core/Src/usbd_ctlreq.c ****           }
 452:Middlewares/ST/STM32_USB_Device_Library/Core/Src/usbd_ctlreq.c ****           else
 453:Middlewares/ST/STM32_USB_Device_Library/Core/Src/usbd_ctlreq.c ****           {
 454:Middlewares/ST/STM32_USB_Device_Library/Core/Src/usbd_ctlreq.c ****             USBD_CtlError(pdev, req);
 455:Middlewares/ST/STM32_USB_Device_Library/Core/Src/usbd_ctlreq.c ****             err++;
 456:Middlewares/ST/STM32_USB_Device_Library/Core/Src/usbd_ctlreq.c ****           }
 457:Middlewares/ST/STM32_USB_Device_Library/Core/Src/usbd_ctlreq.c ****           break;
 458:Middlewares/ST/STM32_USB_Device_Library/Core/Src/usbd_ctlreq.c **** 
 459:Middlewares/ST/STM32_USB_Device_Library/Core/Src/usbd_ctlreq.c ****         case USBD_IDX_MFC_STR:
 460:Middlewares/ST/STM32_USB_Device_Library/Core/Src/usbd_ctlreq.c ****           if (pdev->pDesc->GetManufacturerStrDescriptor != NULL)
 461:Middlewares/ST/STM32_USB_Device_Library/Core/Src/usbd_ctlreq.c ****           {
 462:Middlewares/ST/STM32_USB_Device_Library/Core/Src/usbd_ctlreq.c ****             pbuf = pdev->pDesc->GetManufacturerStrDescriptor(pdev->dev_speed, &len);
 463:Middlewares/ST/STM32_USB_Device_Library/Core/Src/usbd_ctlreq.c ****           }
 464:Middlewares/ST/STM32_USB_Device_Library/Core/Src/usbd_ctlreq.c ****           else
 465:Middlewares/ST/STM32_USB_Device_Library/Core/Src/usbd_ctlreq.c ****           {
 466:Middlewares/ST/STM32_USB_Device_Library/Core/Src/usbd_ctlreq.c ****             USBD_CtlError(pdev, req);
 467:Middlewares/ST/STM32_USB_Device_Library/Core/Src/usbd_ctlreq.c ****             err++;
 468:Middlewares/ST/STM32_USB_Device_Library/Core/Src/usbd_ctlreq.c ****           }
 469:Middlewares/ST/STM32_USB_Device_Library/Core/Src/usbd_ctlreq.c ****           break;
 470:Middlewares/ST/STM32_USB_Device_Library/Core/Src/usbd_ctlreq.c **** 
 471:Middlewares/ST/STM32_USB_Device_Library/Core/Src/usbd_ctlreq.c ****         case USBD_IDX_PRODUCT_STR:
 472:Middlewares/ST/STM32_USB_Device_Library/Core/Src/usbd_ctlreq.c ****           if (pdev->pDesc->GetProductStrDescriptor != NULL)
 473:Middlewares/ST/STM32_USB_Device_Library/Core/Src/usbd_ctlreq.c ****           {
 474:Middlewares/ST/STM32_USB_Device_Library/Core/Src/usbd_ctlreq.c ****             pbuf = pdev->pDesc->GetProductStrDescriptor(pdev->dev_speed, &len);
 475:Middlewares/ST/STM32_USB_Device_Library/Core/Src/usbd_ctlreq.c ****           }
 476:Middlewares/ST/STM32_USB_Device_Library/Core/Src/usbd_ctlreq.c ****           else
 477:Middlewares/ST/STM32_USB_Device_Library/Core/Src/usbd_ctlreq.c ****           {
 478:Middlewares/ST/STM32_USB_Device_Library/Core/Src/usbd_ctlreq.c ****             USBD_CtlError(pdev, req);
 479:Middlewares/ST/STM32_USB_Device_Library/Core/Src/usbd_ctlreq.c ****             err++;
 480:Middlewares/ST/STM32_USB_Device_Library/Core/Src/usbd_ctlreq.c ****           }
 481:Middlewares/ST/STM32_USB_Device_Library/Core/Src/usbd_ctlreq.c ****           break;
 482:Middlewares/ST/STM32_USB_Device_Library/Core/Src/usbd_ctlreq.c **** 
 483:Middlewares/ST/STM32_USB_Device_Library/Core/Src/usbd_ctlreq.c ****         case USBD_IDX_SERIAL_STR:
 484:Middlewares/ST/STM32_USB_Device_Library/Core/Src/usbd_ctlreq.c ****           if (pdev->pDesc->GetSerialStrDescriptor != NULL)
 485:Middlewares/ST/STM32_USB_Device_Library/Core/Src/usbd_ctlreq.c ****           {
 486:Middlewares/ST/STM32_USB_Device_Library/Core/Src/usbd_ctlreq.c ****             pbuf = pdev->pDesc->GetSerialStrDescriptor(pdev->dev_speed, &len);
 487:Middlewares/ST/STM32_USB_Device_Library/Core/Src/usbd_ctlreq.c ****           }
 488:Middlewares/ST/STM32_USB_Device_Library/Core/Src/usbd_ctlreq.c ****           else
ARM GAS  C:\Users\subdia\AppData\Local\Temp\ccL1bc5n.s 			page 10


 489:Middlewares/ST/STM32_USB_Device_Library/Core/Src/usbd_ctlreq.c ****           {
 490:Middlewares/ST/STM32_USB_Device_Library/Core/Src/usbd_ctlreq.c ****             USBD_CtlError(pdev, req);
 491:Middlewares/ST/STM32_USB_Device_Library/Core/Src/usbd_ctlreq.c ****             err++;
 492:Middlewares/ST/STM32_USB_Device_Library/Core/Src/usbd_ctlreq.c ****           }
 493:Middlewares/ST/STM32_USB_Device_Library/Core/Src/usbd_ctlreq.c ****           break;
 494:Middlewares/ST/STM32_USB_Device_Library/Core/Src/usbd_ctlreq.c **** 
 495:Middlewares/ST/STM32_USB_Device_Library/Core/Src/usbd_ctlreq.c ****         case USBD_IDX_CONFIG_STR:
 496:Middlewares/ST/STM32_USB_Device_Library/Core/Src/usbd_ctlreq.c ****           if (pdev->pDesc->GetConfigurationStrDescriptor != NULL)
 497:Middlewares/ST/STM32_USB_Device_Library/Core/Src/usbd_ctlreq.c ****           {
 498:Middlewares/ST/STM32_USB_Device_Library/Core/Src/usbd_ctlreq.c ****             pbuf = pdev->pDesc->GetConfigurationStrDescriptor(pdev->dev_speed, &len);
 499:Middlewares/ST/STM32_USB_Device_Library/Core/Src/usbd_ctlreq.c ****           }
 500:Middlewares/ST/STM32_USB_Device_Library/Core/Src/usbd_ctlreq.c ****           else
 501:Middlewares/ST/STM32_USB_Device_Library/Core/Src/usbd_ctlreq.c ****           {
 502:Middlewares/ST/STM32_USB_Device_Library/Core/Src/usbd_ctlreq.c ****             USBD_CtlError(pdev, req);
 503:Middlewares/ST/STM32_USB_Device_Library/Core/Src/usbd_ctlreq.c ****             err++;
 504:Middlewares/ST/STM32_USB_Device_Library/Core/Src/usbd_ctlreq.c ****           }
 505:Middlewares/ST/STM32_USB_Device_Library/Core/Src/usbd_ctlreq.c ****           break;
 506:Middlewares/ST/STM32_USB_Device_Library/Core/Src/usbd_ctlreq.c **** 
 507:Middlewares/ST/STM32_USB_Device_Library/Core/Src/usbd_ctlreq.c ****         case USBD_IDX_INTERFACE_STR:
 508:Middlewares/ST/STM32_USB_Device_Library/Core/Src/usbd_ctlreq.c ****           if (pdev->pDesc->GetInterfaceStrDescriptor != NULL)
 509:Middlewares/ST/STM32_USB_Device_Library/Core/Src/usbd_ctlreq.c ****           {
 510:Middlewares/ST/STM32_USB_Device_Library/Core/Src/usbd_ctlreq.c ****             pbuf = pdev->pDesc->GetInterfaceStrDescriptor(pdev->dev_speed, &len);
 511:Middlewares/ST/STM32_USB_Device_Library/Core/Src/usbd_ctlreq.c ****           }
 512:Middlewares/ST/STM32_USB_Device_Library/Core/Src/usbd_ctlreq.c ****           else
 513:Middlewares/ST/STM32_USB_Device_Library/Core/Src/usbd_ctlreq.c ****           {
 514:Middlewares/ST/STM32_USB_Device_Library/Core/Src/usbd_ctlreq.c ****             USBD_CtlError(pdev, req);
 515:Middlewares/ST/STM32_USB_Device_Library/Core/Src/usbd_ctlreq.c ****             err++;
 516:Middlewares/ST/STM32_USB_Device_Library/Core/Src/usbd_ctlreq.c ****           }
 517:Middlewares/ST/STM32_USB_Device_Library/Core/Src/usbd_ctlreq.c ****           break;
 518:Middlewares/ST/STM32_USB_Device_Library/Core/Src/usbd_ctlreq.c **** 
 519:Middlewares/ST/STM32_USB_Device_Library/Core/Src/usbd_ctlreq.c ****         default:
 520:Middlewares/ST/STM32_USB_Device_Library/Core/Src/usbd_ctlreq.c **** #if (USBD_SUPPORT_USER_STRING_DESC == 1U)
 521:Middlewares/ST/STM32_USB_Device_Library/Core/Src/usbd_ctlreq.c ****           if (pdev->pClass->GetUsrStrDescriptor != NULL)
 522:Middlewares/ST/STM32_USB_Device_Library/Core/Src/usbd_ctlreq.c ****           {
 523:Middlewares/ST/STM32_USB_Device_Library/Core/Src/usbd_ctlreq.c ****             pbuf = pdev->pClass->GetUsrStrDescriptor(pdev, (req->wValue), &len);
 524:Middlewares/ST/STM32_USB_Device_Library/Core/Src/usbd_ctlreq.c ****           }
 525:Middlewares/ST/STM32_USB_Device_Library/Core/Src/usbd_ctlreq.c ****           else
 526:Middlewares/ST/STM32_USB_Device_Library/Core/Src/usbd_ctlreq.c ****           {
 527:Middlewares/ST/STM32_USB_Device_Library/Core/Src/usbd_ctlreq.c ****             USBD_CtlError(pdev, req);
 528:Middlewares/ST/STM32_USB_Device_Library/Core/Src/usbd_ctlreq.c ****             err++;
 529:Middlewares/ST/STM32_USB_Device_Library/Core/Src/usbd_ctlreq.c ****           }
 530:Middlewares/ST/STM32_USB_Device_Library/Core/Src/usbd_ctlreq.c ****           break;
 531:Middlewares/ST/STM32_USB_Device_Library/Core/Src/usbd_ctlreq.c **** #else
 532:Middlewares/ST/STM32_USB_Device_Library/Core/Src/usbd_ctlreq.c ****           USBD_CtlError(pdev, req);
 533:Middlewares/ST/STM32_USB_Device_Library/Core/Src/usbd_ctlreq.c ****           err++;
 534:Middlewares/ST/STM32_USB_Device_Library/Core/Src/usbd_ctlreq.c **** #endif
 535:Middlewares/ST/STM32_USB_Device_Library/Core/Src/usbd_ctlreq.c ****       }
 536:Middlewares/ST/STM32_USB_Device_Library/Core/Src/usbd_ctlreq.c ****       break;
 537:Middlewares/ST/STM32_USB_Device_Library/Core/Src/usbd_ctlreq.c **** 
 538:Middlewares/ST/STM32_USB_Device_Library/Core/Src/usbd_ctlreq.c ****     case USB_DESC_TYPE_DEVICE_QUALIFIER:
 539:Middlewares/ST/STM32_USB_Device_Library/Core/Src/usbd_ctlreq.c ****       if (pdev->dev_speed == USBD_SPEED_HIGH)
 540:Middlewares/ST/STM32_USB_Device_Library/Core/Src/usbd_ctlreq.c ****       {
 541:Middlewares/ST/STM32_USB_Device_Library/Core/Src/usbd_ctlreq.c ****         pbuf = pdev->pClass->GetDeviceQualifierDescriptor(&len);
 542:Middlewares/ST/STM32_USB_Device_Library/Core/Src/usbd_ctlreq.c ****       }
 543:Middlewares/ST/STM32_USB_Device_Library/Core/Src/usbd_ctlreq.c ****       else
 544:Middlewares/ST/STM32_USB_Device_Library/Core/Src/usbd_ctlreq.c ****       {
 545:Middlewares/ST/STM32_USB_Device_Library/Core/Src/usbd_ctlreq.c ****         USBD_CtlError(pdev, req);
ARM GAS  C:\Users\subdia\AppData\Local\Temp\ccL1bc5n.s 			page 11


 546:Middlewares/ST/STM32_USB_Device_Library/Core/Src/usbd_ctlreq.c ****         err++;
 547:Middlewares/ST/STM32_USB_Device_Library/Core/Src/usbd_ctlreq.c ****       }
 548:Middlewares/ST/STM32_USB_Device_Library/Core/Src/usbd_ctlreq.c ****       break;
 549:Middlewares/ST/STM32_USB_Device_Library/Core/Src/usbd_ctlreq.c **** 
 550:Middlewares/ST/STM32_USB_Device_Library/Core/Src/usbd_ctlreq.c ****     case USB_DESC_TYPE_OTHER_SPEED_CONFIGURATION:
 551:Middlewares/ST/STM32_USB_Device_Library/Core/Src/usbd_ctlreq.c ****       if (pdev->dev_speed == USBD_SPEED_HIGH)
 552:Middlewares/ST/STM32_USB_Device_Library/Core/Src/usbd_ctlreq.c ****       {
 553:Middlewares/ST/STM32_USB_Device_Library/Core/Src/usbd_ctlreq.c ****         pbuf = pdev->pClass->GetOtherSpeedConfigDescriptor(&len);
 554:Middlewares/ST/STM32_USB_Device_Library/Core/Src/usbd_ctlreq.c ****         pbuf[1] = USB_DESC_TYPE_OTHER_SPEED_CONFIGURATION;
 555:Middlewares/ST/STM32_USB_Device_Library/Core/Src/usbd_ctlreq.c ****       }
 556:Middlewares/ST/STM32_USB_Device_Library/Core/Src/usbd_ctlreq.c ****       else
 557:Middlewares/ST/STM32_USB_Device_Library/Core/Src/usbd_ctlreq.c ****       {
 558:Middlewares/ST/STM32_USB_Device_Library/Core/Src/usbd_ctlreq.c ****         USBD_CtlError(pdev, req);
 559:Middlewares/ST/STM32_USB_Device_Library/Core/Src/usbd_ctlreq.c ****         err++;
 560:Middlewares/ST/STM32_USB_Device_Library/Core/Src/usbd_ctlreq.c ****       }
 561:Middlewares/ST/STM32_USB_Device_Library/Core/Src/usbd_ctlreq.c ****       break;
 562:Middlewares/ST/STM32_USB_Device_Library/Core/Src/usbd_ctlreq.c **** 
 563:Middlewares/ST/STM32_USB_Device_Library/Core/Src/usbd_ctlreq.c ****     default:
 564:Middlewares/ST/STM32_USB_Device_Library/Core/Src/usbd_ctlreq.c ****       USBD_CtlError(pdev, req);
 565:Middlewares/ST/STM32_USB_Device_Library/Core/Src/usbd_ctlreq.c ****       err++;
 566:Middlewares/ST/STM32_USB_Device_Library/Core/Src/usbd_ctlreq.c ****       break;
 567:Middlewares/ST/STM32_USB_Device_Library/Core/Src/usbd_ctlreq.c ****   }
 568:Middlewares/ST/STM32_USB_Device_Library/Core/Src/usbd_ctlreq.c **** 
 569:Middlewares/ST/STM32_USB_Device_Library/Core/Src/usbd_ctlreq.c ****   if (err != 0U)
 570:Middlewares/ST/STM32_USB_Device_Library/Core/Src/usbd_ctlreq.c ****   {
 571:Middlewares/ST/STM32_USB_Device_Library/Core/Src/usbd_ctlreq.c ****     return;
 572:Middlewares/ST/STM32_USB_Device_Library/Core/Src/usbd_ctlreq.c ****   }
 573:Middlewares/ST/STM32_USB_Device_Library/Core/Src/usbd_ctlreq.c ****   else
 574:Middlewares/ST/STM32_USB_Device_Library/Core/Src/usbd_ctlreq.c ****   {
 575:Middlewares/ST/STM32_USB_Device_Library/Core/Src/usbd_ctlreq.c ****     if ((len != 0U) && (req->wLength != 0U))
 576:Middlewares/ST/STM32_USB_Device_Library/Core/Src/usbd_ctlreq.c ****     {
 577:Middlewares/ST/STM32_USB_Device_Library/Core/Src/usbd_ctlreq.c ****       len = MIN(len, req->wLength);
 578:Middlewares/ST/STM32_USB_Device_Library/Core/Src/usbd_ctlreq.c ****       (void)USBD_CtlSendData(pdev, pbuf, len);
 579:Middlewares/ST/STM32_USB_Device_Library/Core/Src/usbd_ctlreq.c ****     }
 580:Middlewares/ST/STM32_USB_Device_Library/Core/Src/usbd_ctlreq.c **** 
 581:Middlewares/ST/STM32_USB_Device_Library/Core/Src/usbd_ctlreq.c ****     if (req->wLength == 0U)
 582:Middlewares/ST/STM32_USB_Device_Library/Core/Src/usbd_ctlreq.c ****     {
 583:Middlewares/ST/STM32_USB_Device_Library/Core/Src/usbd_ctlreq.c ****       (void)USBD_CtlSendStatus(pdev);
 584:Middlewares/ST/STM32_USB_Device_Library/Core/Src/usbd_ctlreq.c ****     }
 585:Middlewares/ST/STM32_USB_Device_Library/Core/Src/usbd_ctlreq.c ****   }
 586:Middlewares/ST/STM32_USB_Device_Library/Core/Src/usbd_ctlreq.c **** }
 587:Middlewares/ST/STM32_USB_Device_Library/Core/Src/usbd_ctlreq.c **** 
 588:Middlewares/ST/STM32_USB_Device_Library/Core/Src/usbd_ctlreq.c **** /**
 589:Middlewares/ST/STM32_USB_Device_Library/Core/Src/usbd_ctlreq.c **** * @brief  USBD_SetAddress
 590:Middlewares/ST/STM32_USB_Device_Library/Core/Src/usbd_ctlreq.c **** *         Set device address
 591:Middlewares/ST/STM32_USB_Device_Library/Core/Src/usbd_ctlreq.c **** * @param  pdev: device instance
 592:Middlewares/ST/STM32_USB_Device_Library/Core/Src/usbd_ctlreq.c **** * @param  req: usb request
 593:Middlewares/ST/STM32_USB_Device_Library/Core/Src/usbd_ctlreq.c **** * @retval status
 594:Middlewares/ST/STM32_USB_Device_Library/Core/Src/usbd_ctlreq.c **** */
 595:Middlewares/ST/STM32_USB_Device_Library/Core/Src/usbd_ctlreq.c **** static void USBD_SetAddress(USBD_HandleTypeDef *pdev,
 596:Middlewares/ST/STM32_USB_Device_Library/Core/Src/usbd_ctlreq.c ****                             USBD_SetupReqTypedef *req)
 597:Middlewares/ST/STM32_USB_Device_Library/Core/Src/usbd_ctlreq.c **** {
 598:Middlewares/ST/STM32_USB_Device_Library/Core/Src/usbd_ctlreq.c ****   uint8_t  dev_addr;
 599:Middlewares/ST/STM32_USB_Device_Library/Core/Src/usbd_ctlreq.c **** 
 600:Middlewares/ST/STM32_USB_Device_Library/Core/Src/usbd_ctlreq.c ****   if ((req->wIndex == 0U) && (req->wLength == 0U) && (req->wValue < 128U))
 601:Middlewares/ST/STM32_USB_Device_Library/Core/Src/usbd_ctlreq.c ****   {
 602:Middlewares/ST/STM32_USB_Device_Library/Core/Src/usbd_ctlreq.c ****     dev_addr = (uint8_t)(req->wValue) & 0x7FU;
ARM GAS  C:\Users\subdia\AppData\Local\Temp\ccL1bc5n.s 			page 12


 603:Middlewares/ST/STM32_USB_Device_Library/Core/Src/usbd_ctlreq.c **** 
 604:Middlewares/ST/STM32_USB_Device_Library/Core/Src/usbd_ctlreq.c ****     if (pdev->dev_state == USBD_STATE_CONFIGURED)
 605:Middlewares/ST/STM32_USB_Device_Library/Core/Src/usbd_ctlreq.c ****     {
 606:Middlewares/ST/STM32_USB_Device_Library/Core/Src/usbd_ctlreq.c ****       USBD_CtlError(pdev, req);
 607:Middlewares/ST/STM32_USB_Device_Library/Core/Src/usbd_ctlreq.c ****     }
 608:Middlewares/ST/STM32_USB_Device_Library/Core/Src/usbd_ctlreq.c ****     else
 609:Middlewares/ST/STM32_USB_Device_Library/Core/Src/usbd_ctlreq.c ****     {
 610:Middlewares/ST/STM32_USB_Device_Library/Core/Src/usbd_ctlreq.c ****       pdev->dev_address = dev_addr;
 611:Middlewares/ST/STM32_USB_Device_Library/Core/Src/usbd_ctlreq.c ****       USBD_LL_SetUSBAddress(pdev, dev_addr);
 612:Middlewares/ST/STM32_USB_Device_Library/Core/Src/usbd_ctlreq.c ****       USBD_CtlSendStatus(pdev);
 613:Middlewares/ST/STM32_USB_Device_Library/Core/Src/usbd_ctlreq.c **** 
 614:Middlewares/ST/STM32_USB_Device_Library/Core/Src/usbd_ctlreq.c ****       if (dev_addr != 0U)
 615:Middlewares/ST/STM32_USB_Device_Library/Core/Src/usbd_ctlreq.c ****       {
 616:Middlewares/ST/STM32_USB_Device_Library/Core/Src/usbd_ctlreq.c ****         pdev->dev_state = USBD_STATE_ADDRESSED;
 617:Middlewares/ST/STM32_USB_Device_Library/Core/Src/usbd_ctlreq.c ****       }
 618:Middlewares/ST/STM32_USB_Device_Library/Core/Src/usbd_ctlreq.c ****       else
 619:Middlewares/ST/STM32_USB_Device_Library/Core/Src/usbd_ctlreq.c ****       {
 620:Middlewares/ST/STM32_USB_Device_Library/Core/Src/usbd_ctlreq.c ****         pdev->dev_state = USBD_STATE_DEFAULT;
 621:Middlewares/ST/STM32_USB_Device_Library/Core/Src/usbd_ctlreq.c ****       }
 622:Middlewares/ST/STM32_USB_Device_Library/Core/Src/usbd_ctlreq.c ****     }
 623:Middlewares/ST/STM32_USB_Device_Library/Core/Src/usbd_ctlreq.c ****   }
 624:Middlewares/ST/STM32_USB_Device_Library/Core/Src/usbd_ctlreq.c ****   else
 625:Middlewares/ST/STM32_USB_Device_Library/Core/Src/usbd_ctlreq.c ****   {
 626:Middlewares/ST/STM32_USB_Device_Library/Core/Src/usbd_ctlreq.c ****     USBD_CtlError(pdev, req);
 627:Middlewares/ST/STM32_USB_Device_Library/Core/Src/usbd_ctlreq.c ****   }
 628:Middlewares/ST/STM32_USB_Device_Library/Core/Src/usbd_ctlreq.c **** }
 629:Middlewares/ST/STM32_USB_Device_Library/Core/Src/usbd_ctlreq.c **** 
 630:Middlewares/ST/STM32_USB_Device_Library/Core/Src/usbd_ctlreq.c **** /**
 631:Middlewares/ST/STM32_USB_Device_Library/Core/Src/usbd_ctlreq.c **** * @brief  USBD_SetConfig
 632:Middlewares/ST/STM32_USB_Device_Library/Core/Src/usbd_ctlreq.c **** *         Handle Set device configuration request
 633:Middlewares/ST/STM32_USB_Device_Library/Core/Src/usbd_ctlreq.c **** * @param  pdev: device instance
 634:Middlewares/ST/STM32_USB_Device_Library/Core/Src/usbd_ctlreq.c **** * @param  req: usb request
 635:Middlewares/ST/STM32_USB_Device_Library/Core/Src/usbd_ctlreq.c **** * @retval status
 636:Middlewares/ST/STM32_USB_Device_Library/Core/Src/usbd_ctlreq.c **** */
 637:Middlewares/ST/STM32_USB_Device_Library/Core/Src/usbd_ctlreq.c **** static void USBD_SetConfig(USBD_HandleTypeDef *pdev, USBD_SetupReqTypedef *req)
 638:Middlewares/ST/STM32_USB_Device_Library/Core/Src/usbd_ctlreq.c **** {
 639:Middlewares/ST/STM32_USB_Device_Library/Core/Src/usbd_ctlreq.c ****   static uint8_t cfgidx;
 640:Middlewares/ST/STM32_USB_Device_Library/Core/Src/usbd_ctlreq.c **** 
 641:Middlewares/ST/STM32_USB_Device_Library/Core/Src/usbd_ctlreq.c ****   cfgidx = (uint8_t)(req->wValue);
 642:Middlewares/ST/STM32_USB_Device_Library/Core/Src/usbd_ctlreq.c **** 
 643:Middlewares/ST/STM32_USB_Device_Library/Core/Src/usbd_ctlreq.c ****   if (cfgidx > USBD_MAX_NUM_CONFIGURATION)
 644:Middlewares/ST/STM32_USB_Device_Library/Core/Src/usbd_ctlreq.c ****   {
 645:Middlewares/ST/STM32_USB_Device_Library/Core/Src/usbd_ctlreq.c ****     USBD_CtlError(pdev, req);
 646:Middlewares/ST/STM32_USB_Device_Library/Core/Src/usbd_ctlreq.c ****   }
 647:Middlewares/ST/STM32_USB_Device_Library/Core/Src/usbd_ctlreq.c ****   else
 648:Middlewares/ST/STM32_USB_Device_Library/Core/Src/usbd_ctlreq.c ****   {
 649:Middlewares/ST/STM32_USB_Device_Library/Core/Src/usbd_ctlreq.c ****     switch (pdev->dev_state)
 650:Middlewares/ST/STM32_USB_Device_Library/Core/Src/usbd_ctlreq.c ****     {
 651:Middlewares/ST/STM32_USB_Device_Library/Core/Src/usbd_ctlreq.c ****       case USBD_STATE_ADDRESSED:
 652:Middlewares/ST/STM32_USB_Device_Library/Core/Src/usbd_ctlreq.c ****         if (cfgidx)
 653:Middlewares/ST/STM32_USB_Device_Library/Core/Src/usbd_ctlreq.c ****         {
 654:Middlewares/ST/STM32_USB_Device_Library/Core/Src/usbd_ctlreq.c ****           pdev->dev_config = cfgidx;
 655:Middlewares/ST/STM32_USB_Device_Library/Core/Src/usbd_ctlreq.c ****           pdev->dev_state = USBD_STATE_CONFIGURED;
 656:Middlewares/ST/STM32_USB_Device_Library/Core/Src/usbd_ctlreq.c ****           if (USBD_SetClassConfig(pdev, cfgidx) == USBD_FAIL)
 657:Middlewares/ST/STM32_USB_Device_Library/Core/Src/usbd_ctlreq.c ****           {
 658:Middlewares/ST/STM32_USB_Device_Library/Core/Src/usbd_ctlreq.c ****             USBD_CtlError(pdev, req);
 659:Middlewares/ST/STM32_USB_Device_Library/Core/Src/usbd_ctlreq.c ****             return;
ARM GAS  C:\Users\subdia\AppData\Local\Temp\ccL1bc5n.s 			page 13


 660:Middlewares/ST/STM32_USB_Device_Library/Core/Src/usbd_ctlreq.c ****           }
 661:Middlewares/ST/STM32_USB_Device_Library/Core/Src/usbd_ctlreq.c ****           USBD_CtlSendStatus(pdev);
 662:Middlewares/ST/STM32_USB_Device_Library/Core/Src/usbd_ctlreq.c ****         }
 663:Middlewares/ST/STM32_USB_Device_Library/Core/Src/usbd_ctlreq.c ****         else
 664:Middlewares/ST/STM32_USB_Device_Library/Core/Src/usbd_ctlreq.c ****         {
 665:Middlewares/ST/STM32_USB_Device_Library/Core/Src/usbd_ctlreq.c ****           USBD_CtlSendStatus(pdev);
 666:Middlewares/ST/STM32_USB_Device_Library/Core/Src/usbd_ctlreq.c ****         }
 667:Middlewares/ST/STM32_USB_Device_Library/Core/Src/usbd_ctlreq.c ****         break;
 668:Middlewares/ST/STM32_USB_Device_Library/Core/Src/usbd_ctlreq.c **** 
 669:Middlewares/ST/STM32_USB_Device_Library/Core/Src/usbd_ctlreq.c ****       case USBD_STATE_CONFIGURED:
 670:Middlewares/ST/STM32_USB_Device_Library/Core/Src/usbd_ctlreq.c ****         if (cfgidx == 0U)
 671:Middlewares/ST/STM32_USB_Device_Library/Core/Src/usbd_ctlreq.c ****         {
 672:Middlewares/ST/STM32_USB_Device_Library/Core/Src/usbd_ctlreq.c ****           pdev->dev_state = USBD_STATE_ADDRESSED;
 673:Middlewares/ST/STM32_USB_Device_Library/Core/Src/usbd_ctlreq.c ****           pdev->dev_config = cfgidx;
 674:Middlewares/ST/STM32_USB_Device_Library/Core/Src/usbd_ctlreq.c ****           USBD_ClrClassConfig(pdev, cfgidx);
 675:Middlewares/ST/STM32_USB_Device_Library/Core/Src/usbd_ctlreq.c ****           USBD_CtlSendStatus(pdev);
 676:Middlewares/ST/STM32_USB_Device_Library/Core/Src/usbd_ctlreq.c ****         }
 677:Middlewares/ST/STM32_USB_Device_Library/Core/Src/usbd_ctlreq.c ****         else if (cfgidx != pdev->dev_config)
 678:Middlewares/ST/STM32_USB_Device_Library/Core/Src/usbd_ctlreq.c ****         {
 679:Middlewares/ST/STM32_USB_Device_Library/Core/Src/usbd_ctlreq.c ****           /* Clear old configuration */
 680:Middlewares/ST/STM32_USB_Device_Library/Core/Src/usbd_ctlreq.c ****           USBD_ClrClassConfig(pdev, (uint8_t)pdev->dev_config);
 681:Middlewares/ST/STM32_USB_Device_Library/Core/Src/usbd_ctlreq.c **** 
 682:Middlewares/ST/STM32_USB_Device_Library/Core/Src/usbd_ctlreq.c ****           /* set new configuration */
 683:Middlewares/ST/STM32_USB_Device_Library/Core/Src/usbd_ctlreq.c ****           pdev->dev_config = cfgidx;
 684:Middlewares/ST/STM32_USB_Device_Library/Core/Src/usbd_ctlreq.c ****           if (USBD_SetClassConfig(pdev, cfgidx) == USBD_FAIL)
 685:Middlewares/ST/STM32_USB_Device_Library/Core/Src/usbd_ctlreq.c ****           {
 686:Middlewares/ST/STM32_USB_Device_Library/Core/Src/usbd_ctlreq.c ****             USBD_CtlError(pdev, req);
 687:Middlewares/ST/STM32_USB_Device_Library/Core/Src/usbd_ctlreq.c ****             return;
 688:Middlewares/ST/STM32_USB_Device_Library/Core/Src/usbd_ctlreq.c ****           }
 689:Middlewares/ST/STM32_USB_Device_Library/Core/Src/usbd_ctlreq.c ****           USBD_CtlSendStatus(pdev);
 690:Middlewares/ST/STM32_USB_Device_Library/Core/Src/usbd_ctlreq.c ****         }
 691:Middlewares/ST/STM32_USB_Device_Library/Core/Src/usbd_ctlreq.c ****         else
 692:Middlewares/ST/STM32_USB_Device_Library/Core/Src/usbd_ctlreq.c ****         {
 693:Middlewares/ST/STM32_USB_Device_Library/Core/Src/usbd_ctlreq.c ****           USBD_CtlSendStatus(pdev);
 694:Middlewares/ST/STM32_USB_Device_Library/Core/Src/usbd_ctlreq.c ****         }
 695:Middlewares/ST/STM32_USB_Device_Library/Core/Src/usbd_ctlreq.c ****         break;
 696:Middlewares/ST/STM32_USB_Device_Library/Core/Src/usbd_ctlreq.c **** 
 697:Middlewares/ST/STM32_USB_Device_Library/Core/Src/usbd_ctlreq.c ****       default:
 698:Middlewares/ST/STM32_USB_Device_Library/Core/Src/usbd_ctlreq.c ****         USBD_CtlError(pdev, req);
 699:Middlewares/ST/STM32_USB_Device_Library/Core/Src/usbd_ctlreq.c ****         USBD_ClrClassConfig(pdev, cfgidx);
 700:Middlewares/ST/STM32_USB_Device_Library/Core/Src/usbd_ctlreq.c ****         break;
 701:Middlewares/ST/STM32_USB_Device_Library/Core/Src/usbd_ctlreq.c ****     }
 702:Middlewares/ST/STM32_USB_Device_Library/Core/Src/usbd_ctlreq.c ****   }
 703:Middlewares/ST/STM32_USB_Device_Library/Core/Src/usbd_ctlreq.c **** }
 704:Middlewares/ST/STM32_USB_Device_Library/Core/Src/usbd_ctlreq.c **** 
 705:Middlewares/ST/STM32_USB_Device_Library/Core/Src/usbd_ctlreq.c **** /**
 706:Middlewares/ST/STM32_USB_Device_Library/Core/Src/usbd_ctlreq.c **** * @brief  USBD_GetConfig
 707:Middlewares/ST/STM32_USB_Device_Library/Core/Src/usbd_ctlreq.c **** *         Handle Get device configuration request
 708:Middlewares/ST/STM32_USB_Device_Library/Core/Src/usbd_ctlreq.c **** * @param  pdev: device instance
 709:Middlewares/ST/STM32_USB_Device_Library/Core/Src/usbd_ctlreq.c **** * @param  req: usb request
 710:Middlewares/ST/STM32_USB_Device_Library/Core/Src/usbd_ctlreq.c **** * @retval status
 711:Middlewares/ST/STM32_USB_Device_Library/Core/Src/usbd_ctlreq.c **** */
 712:Middlewares/ST/STM32_USB_Device_Library/Core/Src/usbd_ctlreq.c **** static void USBD_GetConfig(USBD_HandleTypeDef *pdev, USBD_SetupReqTypedef *req)
 713:Middlewares/ST/STM32_USB_Device_Library/Core/Src/usbd_ctlreq.c **** {
 714:Middlewares/ST/STM32_USB_Device_Library/Core/Src/usbd_ctlreq.c ****   if (req->wLength != 1U)
 715:Middlewares/ST/STM32_USB_Device_Library/Core/Src/usbd_ctlreq.c ****   {
 716:Middlewares/ST/STM32_USB_Device_Library/Core/Src/usbd_ctlreq.c ****     USBD_CtlError(pdev, req);
ARM GAS  C:\Users\subdia\AppData\Local\Temp\ccL1bc5n.s 			page 14


 717:Middlewares/ST/STM32_USB_Device_Library/Core/Src/usbd_ctlreq.c ****   }
 718:Middlewares/ST/STM32_USB_Device_Library/Core/Src/usbd_ctlreq.c ****   else
 719:Middlewares/ST/STM32_USB_Device_Library/Core/Src/usbd_ctlreq.c ****   {
 720:Middlewares/ST/STM32_USB_Device_Library/Core/Src/usbd_ctlreq.c ****     switch (pdev->dev_state)
 721:Middlewares/ST/STM32_USB_Device_Library/Core/Src/usbd_ctlreq.c ****     {
 722:Middlewares/ST/STM32_USB_Device_Library/Core/Src/usbd_ctlreq.c ****       case USBD_STATE_DEFAULT:
 723:Middlewares/ST/STM32_USB_Device_Library/Core/Src/usbd_ctlreq.c ****       case USBD_STATE_ADDRESSED:
 724:Middlewares/ST/STM32_USB_Device_Library/Core/Src/usbd_ctlreq.c ****         pdev->dev_default_config = 0U;
 725:Middlewares/ST/STM32_USB_Device_Library/Core/Src/usbd_ctlreq.c ****         USBD_CtlSendData(pdev, (uint8_t *)(void *)&pdev->dev_default_config, 1U);
 726:Middlewares/ST/STM32_USB_Device_Library/Core/Src/usbd_ctlreq.c ****         break;
 727:Middlewares/ST/STM32_USB_Device_Library/Core/Src/usbd_ctlreq.c **** 
 728:Middlewares/ST/STM32_USB_Device_Library/Core/Src/usbd_ctlreq.c ****       case USBD_STATE_CONFIGURED:
 729:Middlewares/ST/STM32_USB_Device_Library/Core/Src/usbd_ctlreq.c ****         USBD_CtlSendData(pdev, (uint8_t *)(void *)&pdev->dev_config, 1U);
 730:Middlewares/ST/STM32_USB_Device_Library/Core/Src/usbd_ctlreq.c ****         break;
 731:Middlewares/ST/STM32_USB_Device_Library/Core/Src/usbd_ctlreq.c **** 
 732:Middlewares/ST/STM32_USB_Device_Library/Core/Src/usbd_ctlreq.c ****       default:
 733:Middlewares/ST/STM32_USB_Device_Library/Core/Src/usbd_ctlreq.c ****         USBD_CtlError(pdev, req);
 734:Middlewares/ST/STM32_USB_Device_Library/Core/Src/usbd_ctlreq.c ****         break;
 735:Middlewares/ST/STM32_USB_Device_Library/Core/Src/usbd_ctlreq.c ****     }
 736:Middlewares/ST/STM32_USB_Device_Library/Core/Src/usbd_ctlreq.c ****   }
 737:Middlewares/ST/STM32_USB_Device_Library/Core/Src/usbd_ctlreq.c **** }
 738:Middlewares/ST/STM32_USB_Device_Library/Core/Src/usbd_ctlreq.c **** 
 739:Middlewares/ST/STM32_USB_Device_Library/Core/Src/usbd_ctlreq.c **** /**
 740:Middlewares/ST/STM32_USB_Device_Library/Core/Src/usbd_ctlreq.c **** * @brief  USBD_GetStatus
 741:Middlewares/ST/STM32_USB_Device_Library/Core/Src/usbd_ctlreq.c **** *         Handle Get Status request
 742:Middlewares/ST/STM32_USB_Device_Library/Core/Src/usbd_ctlreq.c **** * @param  pdev: device instance
 743:Middlewares/ST/STM32_USB_Device_Library/Core/Src/usbd_ctlreq.c **** * @param  req: usb request
 744:Middlewares/ST/STM32_USB_Device_Library/Core/Src/usbd_ctlreq.c **** * @retval status
 745:Middlewares/ST/STM32_USB_Device_Library/Core/Src/usbd_ctlreq.c **** */
 746:Middlewares/ST/STM32_USB_Device_Library/Core/Src/usbd_ctlreq.c **** static void USBD_GetStatus(USBD_HandleTypeDef *pdev, USBD_SetupReqTypedef *req)
 747:Middlewares/ST/STM32_USB_Device_Library/Core/Src/usbd_ctlreq.c **** {
 748:Middlewares/ST/STM32_USB_Device_Library/Core/Src/usbd_ctlreq.c ****   switch (pdev->dev_state)
 749:Middlewares/ST/STM32_USB_Device_Library/Core/Src/usbd_ctlreq.c ****   {
 750:Middlewares/ST/STM32_USB_Device_Library/Core/Src/usbd_ctlreq.c ****     case USBD_STATE_DEFAULT:
 751:Middlewares/ST/STM32_USB_Device_Library/Core/Src/usbd_ctlreq.c ****     case USBD_STATE_ADDRESSED:
 752:Middlewares/ST/STM32_USB_Device_Library/Core/Src/usbd_ctlreq.c ****     case USBD_STATE_CONFIGURED:
 753:Middlewares/ST/STM32_USB_Device_Library/Core/Src/usbd_ctlreq.c ****       if (req->wLength != 0x2U)
 754:Middlewares/ST/STM32_USB_Device_Library/Core/Src/usbd_ctlreq.c ****       {
 755:Middlewares/ST/STM32_USB_Device_Library/Core/Src/usbd_ctlreq.c ****         USBD_CtlError(pdev, req);
 756:Middlewares/ST/STM32_USB_Device_Library/Core/Src/usbd_ctlreq.c ****         break;
 757:Middlewares/ST/STM32_USB_Device_Library/Core/Src/usbd_ctlreq.c ****       }
 758:Middlewares/ST/STM32_USB_Device_Library/Core/Src/usbd_ctlreq.c **** 
 759:Middlewares/ST/STM32_USB_Device_Library/Core/Src/usbd_ctlreq.c **** #if (USBD_SELF_POWERED == 1U)
 760:Middlewares/ST/STM32_USB_Device_Library/Core/Src/usbd_ctlreq.c ****       pdev->dev_config_status = USB_CONFIG_SELF_POWERED;
 761:Middlewares/ST/STM32_USB_Device_Library/Core/Src/usbd_ctlreq.c **** #else
 762:Middlewares/ST/STM32_USB_Device_Library/Core/Src/usbd_ctlreq.c ****       pdev->dev_config_status = 0U;
 763:Middlewares/ST/STM32_USB_Device_Library/Core/Src/usbd_ctlreq.c **** #endif
 764:Middlewares/ST/STM32_USB_Device_Library/Core/Src/usbd_ctlreq.c **** 
 765:Middlewares/ST/STM32_USB_Device_Library/Core/Src/usbd_ctlreq.c ****       if (pdev->dev_remote_wakeup)
 766:Middlewares/ST/STM32_USB_Device_Library/Core/Src/usbd_ctlreq.c ****       {
 767:Middlewares/ST/STM32_USB_Device_Library/Core/Src/usbd_ctlreq.c ****         pdev->dev_config_status |= USB_CONFIG_REMOTE_WAKEUP;
 768:Middlewares/ST/STM32_USB_Device_Library/Core/Src/usbd_ctlreq.c ****       }
 769:Middlewares/ST/STM32_USB_Device_Library/Core/Src/usbd_ctlreq.c **** 
 770:Middlewares/ST/STM32_USB_Device_Library/Core/Src/usbd_ctlreq.c ****       USBD_CtlSendData(pdev, (uint8_t *)(void *)&pdev->dev_config_status, 2U);
 771:Middlewares/ST/STM32_USB_Device_Library/Core/Src/usbd_ctlreq.c ****       break;
 772:Middlewares/ST/STM32_USB_Device_Library/Core/Src/usbd_ctlreq.c **** 
 773:Middlewares/ST/STM32_USB_Device_Library/Core/Src/usbd_ctlreq.c ****     default:
ARM GAS  C:\Users\subdia\AppData\Local\Temp\ccL1bc5n.s 			page 15


 774:Middlewares/ST/STM32_USB_Device_Library/Core/Src/usbd_ctlreq.c ****       USBD_CtlError(pdev, req);
 775:Middlewares/ST/STM32_USB_Device_Library/Core/Src/usbd_ctlreq.c ****       break;
 776:Middlewares/ST/STM32_USB_Device_Library/Core/Src/usbd_ctlreq.c ****   }
 777:Middlewares/ST/STM32_USB_Device_Library/Core/Src/usbd_ctlreq.c **** }
 778:Middlewares/ST/STM32_USB_Device_Library/Core/Src/usbd_ctlreq.c **** 
 779:Middlewares/ST/STM32_USB_Device_Library/Core/Src/usbd_ctlreq.c **** 
 780:Middlewares/ST/STM32_USB_Device_Library/Core/Src/usbd_ctlreq.c **** /**
 781:Middlewares/ST/STM32_USB_Device_Library/Core/Src/usbd_ctlreq.c **** * @brief  USBD_SetFeature
 782:Middlewares/ST/STM32_USB_Device_Library/Core/Src/usbd_ctlreq.c **** *         Handle Set device feature request
 783:Middlewares/ST/STM32_USB_Device_Library/Core/Src/usbd_ctlreq.c **** * @param  pdev: device instance
 784:Middlewares/ST/STM32_USB_Device_Library/Core/Src/usbd_ctlreq.c **** * @param  req: usb request
 785:Middlewares/ST/STM32_USB_Device_Library/Core/Src/usbd_ctlreq.c **** * @retval status
 786:Middlewares/ST/STM32_USB_Device_Library/Core/Src/usbd_ctlreq.c **** */
 787:Middlewares/ST/STM32_USB_Device_Library/Core/Src/usbd_ctlreq.c **** static void USBD_SetFeature(USBD_HandleTypeDef *pdev,
 788:Middlewares/ST/STM32_USB_Device_Library/Core/Src/usbd_ctlreq.c ****                             USBD_SetupReqTypedef *req)
 789:Middlewares/ST/STM32_USB_Device_Library/Core/Src/usbd_ctlreq.c **** {
 790:Middlewares/ST/STM32_USB_Device_Library/Core/Src/usbd_ctlreq.c ****   if (req->wValue == USB_FEATURE_REMOTE_WAKEUP)
 791:Middlewares/ST/STM32_USB_Device_Library/Core/Src/usbd_ctlreq.c ****   {
 792:Middlewares/ST/STM32_USB_Device_Library/Core/Src/usbd_ctlreq.c ****     pdev->dev_remote_wakeup = 1U;
 793:Middlewares/ST/STM32_USB_Device_Library/Core/Src/usbd_ctlreq.c ****     USBD_CtlSendStatus(pdev);
 794:Middlewares/ST/STM32_USB_Device_Library/Core/Src/usbd_ctlreq.c ****   }
 795:Middlewares/ST/STM32_USB_Device_Library/Core/Src/usbd_ctlreq.c **** }
 796:Middlewares/ST/STM32_USB_Device_Library/Core/Src/usbd_ctlreq.c **** 
 797:Middlewares/ST/STM32_USB_Device_Library/Core/Src/usbd_ctlreq.c **** 
 798:Middlewares/ST/STM32_USB_Device_Library/Core/Src/usbd_ctlreq.c **** /**
 799:Middlewares/ST/STM32_USB_Device_Library/Core/Src/usbd_ctlreq.c **** * @brief  USBD_ClrFeature
 800:Middlewares/ST/STM32_USB_Device_Library/Core/Src/usbd_ctlreq.c **** *         Handle clear device feature request
 801:Middlewares/ST/STM32_USB_Device_Library/Core/Src/usbd_ctlreq.c **** * @param  pdev: device instance
 802:Middlewares/ST/STM32_USB_Device_Library/Core/Src/usbd_ctlreq.c **** * @param  req: usb request
 803:Middlewares/ST/STM32_USB_Device_Library/Core/Src/usbd_ctlreq.c **** * @retval status
 804:Middlewares/ST/STM32_USB_Device_Library/Core/Src/usbd_ctlreq.c **** */
 805:Middlewares/ST/STM32_USB_Device_Library/Core/Src/usbd_ctlreq.c **** static void USBD_ClrFeature(USBD_HandleTypeDef *pdev,
 806:Middlewares/ST/STM32_USB_Device_Library/Core/Src/usbd_ctlreq.c ****                             USBD_SetupReqTypedef *req)
 807:Middlewares/ST/STM32_USB_Device_Library/Core/Src/usbd_ctlreq.c **** {
 808:Middlewares/ST/STM32_USB_Device_Library/Core/Src/usbd_ctlreq.c ****   switch (pdev->dev_state)
 809:Middlewares/ST/STM32_USB_Device_Library/Core/Src/usbd_ctlreq.c ****   {
 810:Middlewares/ST/STM32_USB_Device_Library/Core/Src/usbd_ctlreq.c ****     case USBD_STATE_DEFAULT:
 811:Middlewares/ST/STM32_USB_Device_Library/Core/Src/usbd_ctlreq.c ****     case USBD_STATE_ADDRESSED:
 812:Middlewares/ST/STM32_USB_Device_Library/Core/Src/usbd_ctlreq.c ****     case USBD_STATE_CONFIGURED:
 813:Middlewares/ST/STM32_USB_Device_Library/Core/Src/usbd_ctlreq.c ****       if (req->wValue == USB_FEATURE_REMOTE_WAKEUP)
 814:Middlewares/ST/STM32_USB_Device_Library/Core/Src/usbd_ctlreq.c ****       {
 815:Middlewares/ST/STM32_USB_Device_Library/Core/Src/usbd_ctlreq.c ****         pdev->dev_remote_wakeup = 0U;
 816:Middlewares/ST/STM32_USB_Device_Library/Core/Src/usbd_ctlreq.c ****         USBD_CtlSendStatus(pdev);
 817:Middlewares/ST/STM32_USB_Device_Library/Core/Src/usbd_ctlreq.c ****       }
 818:Middlewares/ST/STM32_USB_Device_Library/Core/Src/usbd_ctlreq.c ****       break;
 819:Middlewares/ST/STM32_USB_Device_Library/Core/Src/usbd_ctlreq.c **** 
 820:Middlewares/ST/STM32_USB_Device_Library/Core/Src/usbd_ctlreq.c ****     default:
 821:Middlewares/ST/STM32_USB_Device_Library/Core/Src/usbd_ctlreq.c ****       USBD_CtlError(pdev, req);
 822:Middlewares/ST/STM32_USB_Device_Library/Core/Src/usbd_ctlreq.c ****       break;
 823:Middlewares/ST/STM32_USB_Device_Library/Core/Src/usbd_ctlreq.c ****   }
 824:Middlewares/ST/STM32_USB_Device_Library/Core/Src/usbd_ctlreq.c **** }
 825:Middlewares/ST/STM32_USB_Device_Library/Core/Src/usbd_ctlreq.c **** 
 826:Middlewares/ST/STM32_USB_Device_Library/Core/Src/usbd_ctlreq.c **** /**
 827:Middlewares/ST/STM32_USB_Device_Library/Core/Src/usbd_ctlreq.c **** * @brief  USBD_ParseSetupRequest
 828:Middlewares/ST/STM32_USB_Device_Library/Core/Src/usbd_ctlreq.c **** *         Copy buffer into setup structure
 829:Middlewares/ST/STM32_USB_Device_Library/Core/Src/usbd_ctlreq.c **** * @param  pdev: device instance
 830:Middlewares/ST/STM32_USB_Device_Library/Core/Src/usbd_ctlreq.c **** * @param  req: usb request
ARM GAS  C:\Users\subdia\AppData\Local\Temp\ccL1bc5n.s 			page 16


 831:Middlewares/ST/STM32_USB_Device_Library/Core/Src/usbd_ctlreq.c **** * @retval None
 832:Middlewares/ST/STM32_USB_Device_Library/Core/Src/usbd_ctlreq.c **** */
 833:Middlewares/ST/STM32_USB_Device_Library/Core/Src/usbd_ctlreq.c **** 
 834:Middlewares/ST/STM32_USB_Device_Library/Core/Src/usbd_ctlreq.c **** void USBD_ParseSetupRequest(USBD_SetupReqTypedef *req, uint8_t *pdata)
 835:Middlewares/ST/STM32_USB_Device_Library/Core/Src/usbd_ctlreq.c **** {
 836:Middlewares/ST/STM32_USB_Device_Library/Core/Src/usbd_ctlreq.c ****   req->bmRequest = *(uint8_t *)(pdata);
 837:Middlewares/ST/STM32_USB_Device_Library/Core/Src/usbd_ctlreq.c ****   req->bRequest = *(uint8_t *)(pdata + 1U);
 838:Middlewares/ST/STM32_USB_Device_Library/Core/Src/usbd_ctlreq.c ****   req->wValue = SWAPBYTE(pdata + 2U);
 839:Middlewares/ST/STM32_USB_Device_Library/Core/Src/usbd_ctlreq.c ****   req->wIndex = SWAPBYTE(pdata + 4U);
 840:Middlewares/ST/STM32_USB_Device_Library/Core/Src/usbd_ctlreq.c ****   req->wLength = SWAPBYTE(pdata + 6U);
 841:Middlewares/ST/STM32_USB_Device_Library/Core/Src/usbd_ctlreq.c **** 
 842:Middlewares/ST/STM32_USB_Device_Library/Core/Src/usbd_ctlreq.c **** }
 843:Middlewares/ST/STM32_USB_Device_Library/Core/Src/usbd_ctlreq.c **** 
 844:Middlewares/ST/STM32_USB_Device_Library/Core/Src/usbd_ctlreq.c **** /**
 845:Middlewares/ST/STM32_USB_Device_Library/Core/Src/usbd_ctlreq.c **** * @brief  USBD_CtlError
 846:Middlewares/ST/STM32_USB_Device_Library/Core/Src/usbd_ctlreq.c **** *         Handle USB low level Error
 847:Middlewares/ST/STM32_USB_Device_Library/Core/Src/usbd_ctlreq.c **** * @param  pdev: device instance
 848:Middlewares/ST/STM32_USB_Device_Library/Core/Src/usbd_ctlreq.c **** * @param  req: usb request
 849:Middlewares/ST/STM32_USB_Device_Library/Core/Src/usbd_ctlreq.c **** * @retval None
 850:Middlewares/ST/STM32_USB_Device_Library/Core/Src/usbd_ctlreq.c **** */
 851:Middlewares/ST/STM32_USB_Device_Library/Core/Src/usbd_ctlreq.c **** 
 852:Middlewares/ST/STM32_USB_Device_Library/Core/Src/usbd_ctlreq.c **** void USBD_CtlError(USBD_HandleTypeDef *pdev,
 853:Middlewares/ST/STM32_USB_Device_Library/Core/Src/usbd_ctlreq.c ****                    USBD_SetupReqTypedef *req)
 854:Middlewares/ST/STM32_USB_Device_Library/Core/Src/usbd_ctlreq.c **** {
 855:Middlewares/ST/STM32_USB_Device_Library/Core/Src/usbd_ctlreq.c ****   USBD_LL_StallEP(pdev, 0x80U);
 856:Middlewares/ST/STM32_USB_Device_Library/Core/Src/usbd_ctlreq.c ****   USBD_LL_StallEP(pdev, 0U);
 857:Middlewares/ST/STM32_USB_Device_Library/Core/Src/usbd_ctlreq.c **** }
 858:Middlewares/ST/STM32_USB_Device_Library/Core/Src/usbd_ctlreq.c **** 
 859:Middlewares/ST/STM32_USB_Device_Library/Core/Src/usbd_ctlreq.c **** 
 860:Middlewares/ST/STM32_USB_Device_Library/Core/Src/usbd_ctlreq.c **** /**
 861:Middlewares/ST/STM32_USB_Device_Library/Core/Src/usbd_ctlreq.c ****   * @brief  USBD_GetString
 862:Middlewares/ST/STM32_USB_Device_Library/Core/Src/usbd_ctlreq.c ****   *         Convert Ascii string into unicode one
 863:Middlewares/ST/STM32_USB_Device_Library/Core/Src/usbd_ctlreq.c ****   * @param  desc : descriptor buffer
 864:Middlewares/ST/STM32_USB_Device_Library/Core/Src/usbd_ctlreq.c ****   * @param  unicode : Formatted string buffer (unicode)
 865:Middlewares/ST/STM32_USB_Device_Library/Core/Src/usbd_ctlreq.c ****   * @param  len : descriptor length
 866:Middlewares/ST/STM32_USB_Device_Library/Core/Src/usbd_ctlreq.c ****   * @retval None
 867:Middlewares/ST/STM32_USB_Device_Library/Core/Src/usbd_ctlreq.c ****   */
 868:Middlewares/ST/STM32_USB_Device_Library/Core/Src/usbd_ctlreq.c **** void USBD_GetString(uint8_t *desc, uint8_t *unicode, uint16_t *len)
 869:Middlewares/ST/STM32_USB_Device_Library/Core/Src/usbd_ctlreq.c **** {
 870:Middlewares/ST/STM32_USB_Device_Library/Core/Src/usbd_ctlreq.c ****   uint8_t idx = 0U;
 871:Middlewares/ST/STM32_USB_Device_Library/Core/Src/usbd_ctlreq.c **** 
 872:Middlewares/ST/STM32_USB_Device_Library/Core/Src/usbd_ctlreq.c ****   if (desc != NULL)
 873:Middlewares/ST/STM32_USB_Device_Library/Core/Src/usbd_ctlreq.c ****   {
 874:Middlewares/ST/STM32_USB_Device_Library/Core/Src/usbd_ctlreq.c ****     *len = (uint16_t)USBD_GetLen(desc) * 2U + 2U;
 875:Middlewares/ST/STM32_USB_Device_Library/Core/Src/usbd_ctlreq.c ****     unicode[idx++] = *(uint8_t *)(void *)len;
 876:Middlewares/ST/STM32_USB_Device_Library/Core/Src/usbd_ctlreq.c ****     unicode[idx++] = USB_DESC_TYPE_STRING;
 877:Middlewares/ST/STM32_USB_Device_Library/Core/Src/usbd_ctlreq.c **** 
 878:Middlewares/ST/STM32_USB_Device_Library/Core/Src/usbd_ctlreq.c ****     while (*desc != '\0')
 879:Middlewares/ST/STM32_USB_Device_Library/Core/Src/usbd_ctlreq.c ****     {
 880:Middlewares/ST/STM32_USB_Device_Library/Core/Src/usbd_ctlreq.c ****       unicode[idx++] = *desc++;
 881:Middlewares/ST/STM32_USB_Device_Library/Core/Src/usbd_ctlreq.c ****       unicode[idx++] =  0U;
 882:Middlewares/ST/STM32_USB_Device_Library/Core/Src/usbd_ctlreq.c ****     }
 883:Middlewares/ST/STM32_USB_Device_Library/Core/Src/usbd_ctlreq.c ****   }
 884:Middlewares/ST/STM32_USB_Device_Library/Core/Src/usbd_ctlreq.c **** }
 885:Middlewares/ST/STM32_USB_Device_Library/Core/Src/usbd_ctlreq.c **** 
 886:Middlewares/ST/STM32_USB_Device_Library/Core/Src/usbd_ctlreq.c **** /**
 887:Middlewares/ST/STM32_USB_Device_Library/Core/Src/usbd_ctlreq.c ****   * @brief  USBD_GetLen
ARM GAS  C:\Users\subdia\AppData\Local\Temp\ccL1bc5n.s 			page 17


 888:Middlewares/ST/STM32_USB_Device_Library/Core/Src/usbd_ctlreq.c ****   *         return the string length
 889:Middlewares/ST/STM32_USB_Device_Library/Core/Src/usbd_ctlreq.c ****    * @param  buf : pointer to the ascii string buffer
 890:Middlewares/ST/STM32_USB_Device_Library/Core/Src/usbd_ctlreq.c ****   * @retval string length
 891:Middlewares/ST/STM32_USB_Device_Library/Core/Src/usbd_ctlreq.c ****   */
 892:Middlewares/ST/STM32_USB_Device_Library/Core/Src/usbd_ctlreq.c **** static uint8_t USBD_GetLen(uint8_t *buf)
 893:Middlewares/ST/STM32_USB_Device_Library/Core/Src/usbd_ctlreq.c **** {
  27              		.loc 1 893 1 view -0
  28              		.cfi_startproc
  29              		@ args = 0, pretend = 0, frame = 0
  30              		@ frame_needed = 0, uses_anonymous_args = 0
  31              		@ link register save eliminated.
  32              		.loc 1 893 1 is_stmt 0 view .LVU1
  33 0000 0346     		mov	r3, r0
 894:Middlewares/ST/STM32_USB_Device_Library/Core/Src/usbd_ctlreq.c ****   uint8_t  len = 0U;
  34              		.loc 1 894 3 is_stmt 1 view .LVU2
  35              	.LVL1:
 895:Middlewares/ST/STM32_USB_Device_Library/Core/Src/usbd_ctlreq.c **** 
 896:Middlewares/ST/STM32_USB_Device_Library/Core/Src/usbd_ctlreq.c ****   while (*buf != '\0')
  36              		.loc 1 896 3 view .LVU3
 894:Middlewares/ST/STM32_USB_Device_Library/Core/Src/usbd_ctlreq.c ****   uint8_t  len = 0U;
  37              		.loc 1 894 12 is_stmt 0 view .LVU4
  38 0002 0020     		movs	r0, #0
  39              	.LVL2:
  40              		.loc 1 896 9 view .LVU5
  41 0004 02E0     		b	.L2
  42              	.LVL3:
  43              	.L3:
 897:Middlewares/ST/STM32_USB_Device_Library/Core/Src/usbd_ctlreq.c ****   {
 898:Middlewares/ST/STM32_USB_Device_Library/Core/Src/usbd_ctlreq.c ****     len++;
  44              		.loc 1 898 5 is_stmt 1 view .LVU6
  45              		.loc 1 898 8 is_stmt 0 view .LVU7
  46 0006 0130     		adds	r0, r0, #1
  47              	.LVL4:
  48              		.loc 1 898 8 view .LVU8
  49 0008 C0B2     		uxtb	r0, r0
  50              	.LVL5:
 899:Middlewares/ST/STM32_USB_Device_Library/Core/Src/usbd_ctlreq.c ****     buf++;
  51              		.loc 1 899 5 is_stmt 1 view .LVU9
  52              		.loc 1 899 8 is_stmt 0 view .LVU10
  53 000a 0133     		adds	r3, r3, #1
  54              	.LVL6:
  55              	.L2:
 896:Middlewares/ST/STM32_USB_Device_Library/Core/Src/usbd_ctlreq.c ****   {
  56              		.loc 1 896 15 is_stmt 1 view .LVU11
 896:Middlewares/ST/STM32_USB_Device_Library/Core/Src/usbd_ctlreq.c ****   {
  57              		.loc 1 896 10 is_stmt 0 view .LVU12
  58 000c 1A78     		ldrb	r2, [r3]	@ zero_extendqisi2
 896:Middlewares/ST/STM32_USB_Device_Library/Core/Src/usbd_ctlreq.c ****   {
  59              		.loc 1 896 15 view .LVU13
  60 000e 002A     		cmp	r2, #0
  61 0010 F9D1     		bne	.L3
 900:Middlewares/ST/STM32_USB_Device_Library/Core/Src/usbd_ctlreq.c ****   }
 901:Middlewares/ST/STM32_USB_Device_Library/Core/Src/usbd_ctlreq.c **** 
 902:Middlewares/ST/STM32_USB_Device_Library/Core/Src/usbd_ctlreq.c ****   return len;
  62              		.loc 1 902 3 is_stmt 1 view .LVU14
 903:Middlewares/ST/STM32_USB_Device_Library/Core/Src/usbd_ctlreq.c **** }
  63              		.loc 1 903 1 is_stmt 0 view .LVU15
ARM GAS  C:\Users\subdia\AppData\Local\Temp\ccL1bc5n.s 			page 18


  64 0012 7047     		bx	lr
  65              		.cfi_endproc
  66              	.LFE81:
  68              		.section	.text.USBD_SetFeature,"ax",%progbits
  69              		.align	1
  70              		.syntax unified
  71              		.thumb
  72              		.thumb_func
  74              	USBD_SetFeature:
  75              	.LVL7:
  76              	.LFB76:
 789:Middlewares/ST/STM32_USB_Device_Library/Core/Src/usbd_ctlreq.c ****   if (req->wValue == USB_FEATURE_REMOTE_WAKEUP)
  77              		.loc 1 789 1 is_stmt 1 view -0
  78              		.cfi_startproc
  79              		@ args = 0, pretend = 0, frame = 0
  80              		@ frame_needed = 0, uses_anonymous_args = 0
 789:Middlewares/ST/STM32_USB_Device_Library/Core/Src/usbd_ctlreq.c ****   if (req->wValue == USB_FEATURE_REMOTE_WAKEUP)
  81              		.loc 1 789 1 is_stmt 0 view .LVU17
  82 0000 08B5     		push	{r3, lr}
  83              	.LCFI0:
  84              		.cfi_def_cfa_offset 8
  85              		.cfi_offset 3, -8
  86              		.cfi_offset 14, -4
 790:Middlewares/ST/STM32_USB_Device_Library/Core/Src/usbd_ctlreq.c ****   {
  87              		.loc 1 790 3 is_stmt 1 view .LVU18
 790:Middlewares/ST/STM32_USB_Device_Library/Core/Src/usbd_ctlreq.c ****   {
  88              		.loc 1 790 10 is_stmt 0 view .LVU19
  89 0002 4B88     		ldrh	r3, [r1, #2]
 790:Middlewares/ST/STM32_USB_Device_Library/Core/Src/usbd_ctlreq.c ****   {
  90              		.loc 1 790 6 view .LVU20
  91 0004 012B     		cmp	r3, #1
  92 0006 00D0     		beq	.L7
  93              	.LVL8:
  94              	.L4:
 795:Middlewares/ST/STM32_USB_Device_Library/Core/Src/usbd_ctlreq.c **** 
  95              		.loc 1 795 1 view .LVU21
  96 0008 08BD     		pop	{r3, pc}
  97              	.LVL9:
  98              	.L7:
 792:Middlewares/ST/STM32_USB_Device_Library/Core/Src/usbd_ctlreq.c ****     USBD_CtlSendStatus(pdev);
  99              		.loc 1 792 5 is_stmt 1 view .LVU22
 792:Middlewares/ST/STM32_USB_Device_Library/Core/Src/usbd_ctlreq.c ****     USBD_CtlSendStatus(pdev);
 100              		.loc 1 792 29 is_stmt 0 view .LVU23
 101 000a C0F8A432 		str	r3, [r0, #676]
 793:Middlewares/ST/STM32_USB_Device_Library/Core/Src/usbd_ctlreq.c ****   }
 102              		.loc 1 793 5 is_stmt 1 view .LVU24
 103 000e FFF7FEFF 		bl	USBD_CtlSendStatus
 104              	.LVL10:
 795:Middlewares/ST/STM32_USB_Device_Library/Core/Src/usbd_ctlreq.c **** 
 105              		.loc 1 795 1 is_stmt 0 view .LVU25
 106 0012 F9E7     		b	.L4
 107              		.cfi_endproc
 108              	.LFE76:
 110              		.section	.text.USBD_ParseSetupRequest,"ax",%progbits
 111              		.align	1
 112              		.global	USBD_ParseSetupRequest
 113              		.syntax unified
ARM GAS  C:\Users\subdia\AppData\Local\Temp\ccL1bc5n.s 			page 19


 114              		.thumb
 115              		.thumb_func
 117              	USBD_ParseSetupRequest:
 118              	.LVL11:
 119              	.LFB78:
 835:Middlewares/ST/STM32_USB_Device_Library/Core/Src/usbd_ctlreq.c ****   req->bmRequest = *(uint8_t *)(pdata);
 120              		.loc 1 835 1 is_stmt 1 view -0
 121              		.cfi_startproc
 122              		@ args = 0, pretend = 0, frame = 0
 123              		@ frame_needed = 0, uses_anonymous_args = 0
 124              		@ link register save eliminated.
 836:Middlewares/ST/STM32_USB_Device_Library/Core/Src/usbd_ctlreq.c ****   req->bRequest = *(uint8_t *)(pdata + 1U);
 125              		.loc 1 836 3 view .LVU27
 836:Middlewares/ST/STM32_USB_Device_Library/Core/Src/usbd_ctlreq.c ****   req->bRequest = *(uint8_t *)(pdata + 1U);
 126              		.loc 1 836 20 is_stmt 0 view .LVU28
 127 0000 0B78     		ldrb	r3, [r1]	@ zero_extendqisi2
 836:Middlewares/ST/STM32_USB_Device_Library/Core/Src/usbd_ctlreq.c ****   req->bRequest = *(uint8_t *)(pdata + 1U);
 128              		.loc 1 836 18 view .LVU29
 129 0002 0370     		strb	r3, [r0]
 837:Middlewares/ST/STM32_USB_Device_Library/Core/Src/usbd_ctlreq.c ****   req->wValue = SWAPBYTE(pdata + 2U);
 130              		.loc 1 837 3 is_stmt 1 view .LVU30
 837:Middlewares/ST/STM32_USB_Device_Library/Core/Src/usbd_ctlreq.c ****   req->wValue = SWAPBYTE(pdata + 2U);
 131              		.loc 1 837 17 is_stmt 0 view .LVU31
 132 0004 4B78     		ldrb	r3, [r1, #1]	@ zero_extendqisi2
 133 0006 4370     		strb	r3, [r0, #1]
 838:Middlewares/ST/STM32_USB_Device_Library/Core/Src/usbd_ctlreq.c ****   req->wIndex = SWAPBYTE(pdata + 4U);
 134              		.loc 1 838 3 is_stmt 1 view .LVU32
 838:Middlewares/ST/STM32_USB_Device_Library/Core/Src/usbd_ctlreq.c ****   req->wIndex = SWAPBYTE(pdata + 4U);
 135              		.loc 1 838 17 is_stmt 0 view .LVU33
 136 0008 8B78     		ldrb	r3, [r1, #2]	@ zero_extendqisi2
 137 000a CA78     		ldrb	r2, [r1, #3]	@ zero_extendqisi2
 138 000c 03EB0223 		add	r3, r3, r2, lsl #8
 838:Middlewares/ST/STM32_USB_Device_Library/Core/Src/usbd_ctlreq.c ****   req->wIndex = SWAPBYTE(pdata + 4U);
 139              		.loc 1 838 15 view .LVU34
 140 0010 4380     		strh	r3, [r0, #2]	@ movhi
 839:Middlewares/ST/STM32_USB_Device_Library/Core/Src/usbd_ctlreq.c ****   req->wLength = SWAPBYTE(pdata + 6U);
 141              		.loc 1 839 3 is_stmt 1 view .LVU35
 839:Middlewares/ST/STM32_USB_Device_Library/Core/Src/usbd_ctlreq.c ****   req->wLength = SWAPBYTE(pdata + 6U);
 142              		.loc 1 839 17 is_stmt 0 view .LVU36
 143 0012 0B79     		ldrb	r3, [r1, #4]	@ zero_extendqisi2
 144 0014 4A79     		ldrb	r2, [r1, #5]	@ zero_extendqisi2
 145 0016 03EB0223 		add	r3, r3, r2, lsl #8
 839:Middlewares/ST/STM32_USB_Device_Library/Core/Src/usbd_ctlreq.c ****   req->wLength = SWAPBYTE(pdata + 6U);
 146              		.loc 1 839 15 view .LVU37
 147 001a 8380     		strh	r3, [r0, #4]	@ movhi
 840:Middlewares/ST/STM32_USB_Device_Library/Core/Src/usbd_ctlreq.c **** 
 148              		.loc 1 840 3 is_stmt 1 view .LVU38
 840:Middlewares/ST/STM32_USB_Device_Library/Core/Src/usbd_ctlreq.c **** 
 149              		.loc 1 840 18 is_stmt 0 view .LVU39
 150 001c 8B79     		ldrb	r3, [r1, #6]	@ zero_extendqisi2
 151 001e CA79     		ldrb	r2, [r1, #7]	@ zero_extendqisi2
 152 0020 03EB0223 		add	r3, r3, r2, lsl #8
 840:Middlewares/ST/STM32_USB_Device_Library/Core/Src/usbd_ctlreq.c **** 
 153              		.loc 1 840 16 view .LVU40
 154 0024 C380     		strh	r3, [r0, #6]	@ movhi
 842:Middlewares/ST/STM32_USB_Device_Library/Core/Src/usbd_ctlreq.c **** 
 155              		.loc 1 842 1 view .LVU41
ARM GAS  C:\Users\subdia\AppData\Local\Temp\ccL1bc5n.s 			page 20


 156 0026 7047     		bx	lr
 157              		.cfi_endproc
 158              	.LFE78:
 160              		.section	.text.USBD_CtlError,"ax",%progbits
 161              		.align	1
 162              		.global	USBD_CtlError
 163              		.syntax unified
 164              		.thumb
 165              		.thumb_func
 167              	USBD_CtlError:
 168              	.LVL12:
 169              	.LFB79:
 854:Middlewares/ST/STM32_USB_Device_Library/Core/Src/usbd_ctlreq.c ****   USBD_LL_StallEP(pdev, 0x80U);
 170              		.loc 1 854 1 is_stmt 1 view -0
 171              		.cfi_startproc
 172              		@ args = 0, pretend = 0, frame = 0
 173              		@ frame_needed = 0, uses_anonymous_args = 0
 854:Middlewares/ST/STM32_USB_Device_Library/Core/Src/usbd_ctlreq.c ****   USBD_LL_StallEP(pdev, 0x80U);
 174              		.loc 1 854 1 is_stmt 0 view .LVU43
 175 0000 10B5     		push	{r4, lr}
 176              	.LCFI1:
 177              		.cfi_def_cfa_offset 8
 178              		.cfi_offset 4, -8
 179              		.cfi_offset 14, -4
 180 0002 0446     		mov	r4, r0
 855:Middlewares/ST/STM32_USB_Device_Library/Core/Src/usbd_ctlreq.c ****   USBD_LL_StallEP(pdev, 0U);
 181              		.loc 1 855 3 is_stmt 1 view .LVU44
 182 0004 8021     		movs	r1, #128
 183              	.LVL13:
 855:Middlewares/ST/STM32_USB_Device_Library/Core/Src/usbd_ctlreq.c ****   USBD_LL_StallEP(pdev, 0U);
 184              		.loc 1 855 3 is_stmt 0 view .LVU45
 185 0006 FFF7FEFF 		bl	USBD_LL_StallEP
 186              	.LVL14:
 856:Middlewares/ST/STM32_USB_Device_Library/Core/Src/usbd_ctlreq.c **** }
 187              		.loc 1 856 3 is_stmt 1 view .LVU46
 188 000a 0021     		movs	r1, #0
 189 000c 2046     		mov	r0, r4
 190 000e FFF7FEFF 		bl	USBD_LL_StallEP
 191              	.LVL15:
 857:Middlewares/ST/STM32_USB_Device_Library/Core/Src/usbd_ctlreq.c **** 
 192              		.loc 1 857 1 is_stmt 0 view .LVU47
 193 0012 10BD     		pop	{r4, pc}
 857:Middlewares/ST/STM32_USB_Device_Library/Core/Src/usbd_ctlreq.c **** 
 194              		.loc 1 857 1 view .LVU48
 195              		.cfi_endproc
 196              	.LFE79:
 198              		.section	.text.USBD_GetDescriptor,"ax",%progbits
 199              		.align	1
 200              		.syntax unified
 201              		.thumb
 202              		.thumb_func
 204              	USBD_GetDescriptor:
 205              	.LVL16:
 206              	.LFB71:
 407:Middlewares/ST/STM32_USB_Device_Library/Core/Src/usbd_ctlreq.c ****   uint16_t len = 0U;
 207              		.loc 1 407 1 is_stmt 1 view -0
 208              		.cfi_startproc
ARM GAS  C:\Users\subdia\AppData\Local\Temp\ccL1bc5n.s 			page 21


 209              		@ args = 0, pretend = 0, frame = 8
 210              		@ frame_needed = 0, uses_anonymous_args = 0
 407:Middlewares/ST/STM32_USB_Device_Library/Core/Src/usbd_ctlreq.c ****   uint16_t len = 0U;
 211              		.loc 1 407 1 is_stmt 0 view .LVU50
 212 0000 30B5     		push	{r4, r5, lr}
 213              	.LCFI2:
 214              		.cfi_def_cfa_offset 12
 215              		.cfi_offset 4, -12
 216              		.cfi_offset 5, -8
 217              		.cfi_offset 14, -4
 218 0002 83B0     		sub	sp, sp, #12
 219              	.LCFI3:
 220              		.cfi_def_cfa_offset 24
 221 0004 0546     		mov	r5, r0
 222 0006 0C46     		mov	r4, r1
 408:Middlewares/ST/STM32_USB_Device_Library/Core/Src/usbd_ctlreq.c ****   uint8_t *pbuf = NULL;
 223              		.loc 1 408 3 is_stmt 1 view .LVU51
 408:Middlewares/ST/STM32_USB_Device_Library/Core/Src/usbd_ctlreq.c ****   uint8_t *pbuf = NULL;
 224              		.loc 1 408 12 is_stmt 0 view .LVU52
 225 0008 0023     		movs	r3, #0
 226 000a ADF80630 		strh	r3, [sp, #6]	@ movhi
 409:Middlewares/ST/STM32_USB_Device_Library/Core/Src/usbd_ctlreq.c ****   uint8_t err = 0U;
 227              		.loc 1 409 3 is_stmt 1 view .LVU53
 228              	.LVL17:
 410:Middlewares/ST/STM32_USB_Device_Library/Core/Src/usbd_ctlreq.c **** 
 229              		.loc 1 410 3 view .LVU54
 412:Middlewares/ST/STM32_USB_Device_Library/Core/Src/usbd_ctlreq.c ****   {
 230              		.loc 1 412 3 view .LVU55
 412:Middlewares/ST/STM32_USB_Device_Library/Core/Src/usbd_ctlreq.c ****   {
 231              		.loc 1 412 14 is_stmt 0 view .LVU56
 232 000e 4A88     		ldrh	r2, [r1, #2]
 412:Middlewares/ST/STM32_USB_Device_Library/Core/Src/usbd_ctlreq.c ****   {
 233              		.loc 1 412 23 view .LVU57
 234 0010 130A     		lsrs	r3, r2, #8
 412:Middlewares/ST/STM32_USB_Device_Library/Core/Src/usbd_ctlreq.c ****   {
 235              		.loc 1 412 3 view .LVU58
 236 0012 032B     		cmp	r3, #3
 237 0014 3FD0     		beq	.L12
 238 0016 12D9     		bls	.L42
 239 0018 062B     		cmp	r3, #6
 240 001a 00F09880 		beq	.L17
 241 001e 072B     		cmp	r3, #7
 242 0020 40F0A480 		bne	.L16
 551:Middlewares/ST/STM32_USB_Device_Library/Core/Src/usbd_ctlreq.c ****       {
 243              		.loc 1 551 7 is_stmt 1 view .LVU59
 551:Middlewares/ST/STM32_USB_Device_Library/Core/Src/usbd_ctlreq.c ****       {
 244              		.loc 1 551 15 is_stmt 0 view .LVU60
 245 0024 037C     		ldrb	r3, [r0, #16]	@ zero_extendqisi2
 551:Middlewares/ST/STM32_USB_Device_Library/Core/Src/usbd_ctlreq.c ****       {
 246              		.loc 1 551 10 view .LVU61
 247 0026 002B     		cmp	r3, #0
 248 0028 40F09D80 		bne	.L37
 553:Middlewares/ST/STM32_USB_Device_Library/Core/Src/usbd_ctlreq.c ****         pbuf[1] = USB_DESC_TYPE_OTHER_SPEED_CONFIGURATION;
 249              		.loc 1 553 9 is_stmt 1 view .LVU62
 553:Middlewares/ST/STM32_USB_Device_Library/Core/Src/usbd_ctlreq.c ****         pbuf[1] = USB_DESC_TYPE_OTHER_SPEED_CONFIGURATION;
 250              		.loc 1 553 20 is_stmt 0 view .LVU63
 251 002c D0F8B432 		ldr	r3, [r0, #692]
ARM GAS  C:\Users\subdia\AppData\Local\Temp\ccL1bc5n.s 			page 22


 553:Middlewares/ST/STM32_USB_Device_Library/Core/Src/usbd_ctlreq.c ****         pbuf[1] = USB_DESC_TYPE_OTHER_SPEED_CONFIGURATION;
 252              		.loc 1 553 28 view .LVU64
 253 0030 1B6B     		ldr	r3, [r3, #48]
 553:Middlewares/ST/STM32_USB_Device_Library/Core/Src/usbd_ctlreq.c ****         pbuf[1] = USB_DESC_TYPE_OTHER_SPEED_CONFIGURATION;
 254              		.loc 1 553 16 view .LVU65
 255 0032 0DF10600 		add	r0, sp, #6
 256              	.LVL18:
 553:Middlewares/ST/STM32_USB_Device_Library/Core/Src/usbd_ctlreq.c ****         pbuf[1] = USB_DESC_TYPE_OTHER_SPEED_CONFIGURATION;
 257              		.loc 1 553 16 view .LVU66
 258 0036 9847     		blx	r3
 259              	.LVL19:
 554:Middlewares/ST/STM32_USB_Device_Library/Core/Src/usbd_ctlreq.c ****       }
 260              		.loc 1 554 9 is_stmt 1 view .LVU67
 554:Middlewares/ST/STM32_USB_Device_Library/Core/Src/usbd_ctlreq.c ****       }
 261              		.loc 1 554 17 is_stmt 0 view .LVU68
 262 0038 0723     		movs	r3, #7
 263 003a 4370     		strb	r3, [r0, #1]
 569:Middlewares/ST/STM32_USB_Device_Library/Core/Src/usbd_ctlreq.c ****   {
 264              		.loc 1 569 3 is_stmt 1 view .LVU69
 265 003c 16E0     		b	.L19
 266              	.LVL20:
 267              	.L42:
 412:Middlewares/ST/STM32_USB_Device_Library/Core/Src/usbd_ctlreq.c ****   {
 268              		.loc 1 412 3 is_stmt 0 view .LVU70
 269 003e 012B     		cmp	r3, #1
 270 0040 0DD0     		beq	.L14
 271 0042 022B     		cmp	r3, #2
 272 0044 40F09280 		bne	.L16
 432:Middlewares/ST/STM32_USB_Device_Library/Core/Src/usbd_ctlreq.c ****       {
 273              		.loc 1 432 7 is_stmt 1 view .LVU71
 432:Middlewares/ST/STM32_USB_Device_Library/Core/Src/usbd_ctlreq.c ****       {
 274              		.loc 1 432 15 is_stmt 0 view .LVU72
 275 0048 037C     		ldrb	r3, [r0, #16]	@ zero_extendqisi2
 432:Middlewares/ST/STM32_USB_Device_Library/Core/Src/usbd_ctlreq.c ****       {
 276              		.loc 1 432 10 view .LVU73
 277 004a DBB9     		cbnz	r3, .L20
 434:Middlewares/ST/STM32_USB_Device_Library/Core/Src/usbd_ctlreq.c ****         pbuf[1] = USB_DESC_TYPE_CONFIGURATION;
 278              		.loc 1 434 9 is_stmt 1 view .LVU74
 434:Middlewares/ST/STM32_USB_Device_Library/Core/Src/usbd_ctlreq.c ****         pbuf[1] = USB_DESC_TYPE_CONFIGURATION;
 279              		.loc 1 434 20 is_stmt 0 view .LVU75
 280 004c D0F8B432 		ldr	r3, [r0, #692]
 434:Middlewares/ST/STM32_USB_Device_Library/Core/Src/usbd_ctlreq.c ****         pbuf[1] = USB_DESC_TYPE_CONFIGURATION;
 281              		.loc 1 434 28 view .LVU76
 282 0050 9B6A     		ldr	r3, [r3, #40]
 434:Middlewares/ST/STM32_USB_Device_Library/Core/Src/usbd_ctlreq.c ****         pbuf[1] = USB_DESC_TYPE_CONFIGURATION;
 283              		.loc 1 434 16 view .LVU77
 284 0052 0DF10600 		add	r0, sp, #6
 285              	.LVL21:
 434:Middlewares/ST/STM32_USB_Device_Library/Core/Src/usbd_ctlreq.c ****         pbuf[1] = USB_DESC_TYPE_CONFIGURATION;
 286              		.loc 1 434 16 view .LVU78
 287 0056 9847     		blx	r3
 288              	.LVL22:
 435:Middlewares/ST/STM32_USB_Device_Library/Core/Src/usbd_ctlreq.c ****       }
 289              		.loc 1 435 9 is_stmt 1 view .LVU79
 435:Middlewares/ST/STM32_USB_Device_Library/Core/Src/usbd_ctlreq.c ****       }
 290              		.loc 1 435 17 is_stmt 0 view .LVU80
 291 0058 0223     		movs	r3, #2
ARM GAS  C:\Users\subdia\AppData\Local\Temp\ccL1bc5n.s 			page 23


 292 005a 4370     		strb	r3, [r0, #1]
 569:Middlewares/ST/STM32_USB_Device_Library/Core/Src/usbd_ctlreq.c ****   {
 293              		.loc 1 569 3 is_stmt 1 view .LVU81
 294 005c 06E0     		b	.L19
 295              	.LVL23:
 296              	.L14:
 428:Middlewares/ST/STM32_USB_Device_Library/Core/Src/usbd_ctlreq.c ****       break;
 297              		.loc 1 428 7 view .LVU82
 428:Middlewares/ST/STM32_USB_Device_Library/Core/Src/usbd_ctlreq.c ****       break;
 298              		.loc 1 428 18 is_stmt 0 view .LVU83
 299 005e D0F8B032 		ldr	r3, [r0, #688]
 428:Middlewares/ST/STM32_USB_Device_Library/Core/Src/usbd_ctlreq.c ****       break;
 300              		.loc 1 428 25 view .LVU84
 301 0062 1B68     		ldr	r3, [r3]
 428:Middlewares/ST/STM32_USB_Device_Library/Core/Src/usbd_ctlreq.c ****       break;
 302              		.loc 1 428 14 view .LVU85
 303 0064 0DF10601 		add	r1, sp, #6
 304              	.LVL24:
 428:Middlewares/ST/STM32_USB_Device_Library/Core/Src/usbd_ctlreq.c ****       break;
 305              		.loc 1 428 14 view .LVU86
 306 0068 007C     		ldrb	r0, [r0, #16]	@ zero_extendqisi2
 307              	.LVL25:
 428:Middlewares/ST/STM32_USB_Device_Library/Core/Src/usbd_ctlreq.c ****       break;
 308              		.loc 1 428 14 view .LVU87
 309 006a 9847     		blx	r3
 310              	.LVL26:
 429:Middlewares/ST/STM32_USB_Device_Library/Core/Src/usbd_ctlreq.c **** 
 311              		.loc 1 429 7 is_stmt 1 view .LVU88
 569:Middlewares/ST/STM32_USB_Device_Library/Core/Src/usbd_ctlreq.c ****   {
 312              		.loc 1 569 3 view .LVU89
 313              	.L19:
 575:Middlewares/ST/STM32_USB_Device_Library/Core/Src/usbd_ctlreq.c ****     {
 314              		.loc 1 575 5 view .LVU90
 575:Middlewares/ST/STM32_USB_Device_Library/Core/Src/usbd_ctlreq.c ****     {
 315              		.loc 1 575 14 is_stmt 0 view .LVU91
 316 006c BDF80620 		ldrh	r2, [sp, #6]
 575:Middlewares/ST/STM32_USB_Device_Library/Core/Src/usbd_ctlreq.c ****     {
 317              		.loc 1 575 8 view .LVU92
 318 0070 12B1     		cbz	r2, .L39
 575:Middlewares/ST/STM32_USB_Device_Library/Core/Src/usbd_ctlreq.c ****     {
 319              		.loc 1 575 28 discriminator 1 view .LVU93
 320 0072 E388     		ldrh	r3, [r4, #6]
 575:Middlewares/ST/STM32_USB_Device_Library/Core/Src/usbd_ctlreq.c ****     {
 321              		.loc 1 575 21 discriminator 1 view .LVU94
 322 0074 002B     		cmp	r3, #0
 323 0076 7ED1     		bne	.L43
 324              	.LVL27:
 325              	.L39:
 581:Middlewares/ST/STM32_USB_Device_Library/Core/Src/usbd_ctlreq.c ****     {
 326              		.loc 1 581 5 is_stmt 1 view .LVU95
 581:Middlewares/ST/STM32_USB_Device_Library/Core/Src/usbd_ctlreq.c ****     {
 327              		.loc 1 581 12 is_stmt 0 view .LVU96
 328 0078 E388     		ldrh	r3, [r4, #6]
 581:Middlewares/ST/STM32_USB_Device_Library/Core/Src/usbd_ctlreq.c ****     {
 329              		.loc 1 581 8 view .LVU97
 330 007a 002B     		cmp	r3, #0
 331 007c 00F08580 		beq	.L44
ARM GAS  C:\Users\subdia\AppData\Local\Temp\ccL1bc5n.s 			page 24


 332              	.LVL28:
 333              	.L11:
 586:Middlewares/ST/STM32_USB_Device_Library/Core/Src/usbd_ctlreq.c **** 
 334              		.loc 1 586 1 view .LVU98
 335 0080 03B0     		add	sp, sp, #12
 336              	.LCFI4:
 337              		.cfi_remember_state
 338              		.cfi_def_cfa_offset 12
 339              		@ sp needed
 340 0082 30BD     		pop	{r4, r5, pc}
 341              	.LVL29:
 342              	.L20:
 343              	.LCFI5:
 344              		.cfi_restore_state
 439:Middlewares/ST/STM32_USB_Device_Library/Core/Src/usbd_ctlreq.c ****         pbuf[1] = USB_DESC_TYPE_CONFIGURATION;
 345              		.loc 1 439 9 is_stmt 1 view .LVU99
 439:Middlewares/ST/STM32_USB_Device_Library/Core/Src/usbd_ctlreq.c ****         pbuf[1] = USB_DESC_TYPE_CONFIGURATION;
 346              		.loc 1 439 20 is_stmt 0 view .LVU100
 347 0084 D0F8B432 		ldr	r3, [r0, #692]
 439:Middlewares/ST/STM32_USB_Device_Library/Core/Src/usbd_ctlreq.c ****         pbuf[1] = USB_DESC_TYPE_CONFIGURATION;
 348              		.loc 1 439 28 view .LVU101
 349 0088 DB6A     		ldr	r3, [r3, #44]
 439:Middlewares/ST/STM32_USB_Device_Library/Core/Src/usbd_ctlreq.c ****         pbuf[1] = USB_DESC_TYPE_CONFIGURATION;
 350              		.loc 1 439 16 view .LVU102
 351 008a 0DF10600 		add	r0, sp, #6
 352              	.LVL30:
 439:Middlewares/ST/STM32_USB_Device_Library/Core/Src/usbd_ctlreq.c ****         pbuf[1] = USB_DESC_TYPE_CONFIGURATION;
 353              		.loc 1 439 16 view .LVU103
 354 008e 9847     		blx	r3
 355              	.LVL31:
 440:Middlewares/ST/STM32_USB_Device_Library/Core/Src/usbd_ctlreq.c ****       }
 356              		.loc 1 440 9 is_stmt 1 view .LVU104
 440:Middlewares/ST/STM32_USB_Device_Library/Core/Src/usbd_ctlreq.c ****       }
 357              		.loc 1 440 17 is_stmt 0 view .LVU105
 358 0090 0223     		movs	r3, #2
 359 0092 4370     		strb	r3, [r0, #1]
 569:Middlewares/ST/STM32_USB_Device_Library/Core/Src/usbd_ctlreq.c ****   {
 360              		.loc 1 569 3 is_stmt 1 view .LVU106
 361 0094 EAE7     		b	.L19
 362              	.LVL32:
 363              	.L12:
 445:Middlewares/ST/STM32_USB_Device_Library/Core/Src/usbd_ctlreq.c ****       {
 364              		.loc 1 445 7 view .LVU107
 365 0096 D2B2     		uxtb	r2, r2
 366 0098 032A     		cmp	r2, #3
 367 009a 38D0     		beq	.L21
 368 009c 0ED8     		bhi	.L22
 369 009e 012A     		cmp	r2, #1
 370 00a0 1DD0     		beq	.L23
 371 00a2 022A     		cmp	r2, #2
 372 00a4 27D0     		beq	.L24
 373 00a6 002A     		cmp	r2, #0
 374 00a8 4CD1     		bne	.L26
 448:Middlewares/ST/STM32_USB_Device_Library/Core/Src/usbd_ctlreq.c ****           {
 375              		.loc 1 448 11 view .LVU108
 448:Middlewares/ST/STM32_USB_Device_Library/Core/Src/usbd_ctlreq.c ****           {
 376              		.loc 1 448 19 is_stmt 0 view .LVU109
ARM GAS  C:\Users\subdia\AppData\Local\Temp\ccL1bc5n.s 			page 25


 377 00aa D0F8B032 		ldr	r3, [r0, #688]
 448:Middlewares/ST/STM32_USB_Device_Library/Core/Src/usbd_ctlreq.c ****           {
 378              		.loc 1 448 26 view .LVU110
 379 00ae 5B68     		ldr	r3, [r3, #4]
 448:Middlewares/ST/STM32_USB_Device_Library/Core/Src/usbd_ctlreq.c ****           {
 380              		.loc 1 448 14 view .LVU111
 381 00b0 93B1     		cbz	r3, .L29
 450:Middlewares/ST/STM32_USB_Device_Library/Core/Src/usbd_ctlreq.c ****           }
 382              		.loc 1 450 13 is_stmt 1 view .LVU112
 450:Middlewares/ST/STM32_USB_Device_Library/Core/Src/usbd_ctlreq.c ****           }
 383              		.loc 1 450 20 is_stmt 0 view .LVU113
 384 00b2 0DF10601 		add	r1, sp, #6
 385              	.LVL33:
 450:Middlewares/ST/STM32_USB_Device_Library/Core/Src/usbd_ctlreq.c ****           }
 386              		.loc 1 450 20 view .LVU114
 387 00b6 007C     		ldrb	r0, [r0, #16]	@ zero_extendqisi2
 388              	.LVL34:
 450:Middlewares/ST/STM32_USB_Device_Library/Core/Src/usbd_ctlreq.c ****           }
 389              		.loc 1 450 20 view .LVU115
 390 00b8 9847     		blx	r3
 391              	.LVL35:
 569:Middlewares/ST/STM32_USB_Device_Library/Core/Src/usbd_ctlreq.c ****   {
 392              		.loc 1 569 3 is_stmt 1 view .LVU116
 393 00ba D7E7     		b	.L19
 394              	.LVL36:
 395              	.L22:
 445:Middlewares/ST/STM32_USB_Device_Library/Core/Src/usbd_ctlreq.c ****       {
 396              		.loc 1 445 7 is_stmt 0 view .LVU117
 397 00bc 042A     		cmp	r2, #4
 398 00be 32D0     		beq	.L27
 399 00c0 052A     		cmp	r2, #5
 400 00c2 3FD1     		bne	.L26
 508:Middlewares/ST/STM32_USB_Device_Library/Core/Src/usbd_ctlreq.c ****           {
 401              		.loc 1 508 11 is_stmt 1 view .LVU118
 508:Middlewares/ST/STM32_USB_Device_Library/Core/Src/usbd_ctlreq.c ****           {
 402              		.loc 1 508 19 is_stmt 0 view .LVU119
 403 00c4 D0F8B032 		ldr	r3, [r0, #688]
 508:Middlewares/ST/STM32_USB_Device_Library/Core/Src/usbd_ctlreq.c ****           {
 404              		.loc 1 508 26 view .LVU120
 405 00c8 9B69     		ldr	r3, [r3, #24]
 508:Middlewares/ST/STM32_USB_Device_Library/Core/Src/usbd_ctlreq.c ****           {
 406              		.loc 1 508 14 view .LVU121
 407 00ca 002B     		cmp	r3, #0
 408 00cc 37D0     		beq	.L35
 510:Middlewares/ST/STM32_USB_Device_Library/Core/Src/usbd_ctlreq.c ****           }
 409              		.loc 1 510 13 is_stmt 1 view .LVU122
 510:Middlewares/ST/STM32_USB_Device_Library/Core/Src/usbd_ctlreq.c ****           }
 410              		.loc 1 510 20 is_stmt 0 view .LVU123
 411 00ce 0DF10601 		add	r1, sp, #6
 412              	.LVL37:
 510:Middlewares/ST/STM32_USB_Device_Library/Core/Src/usbd_ctlreq.c ****           }
 413              		.loc 1 510 20 view .LVU124
 414 00d2 007C     		ldrb	r0, [r0, #16]	@ zero_extendqisi2
 415              	.LVL38:
 510:Middlewares/ST/STM32_USB_Device_Library/Core/Src/usbd_ctlreq.c ****           }
 416              		.loc 1 510 20 view .LVU125
 417 00d4 9847     		blx	r3
ARM GAS  C:\Users\subdia\AppData\Local\Temp\ccL1bc5n.s 			page 26


 418              	.LVL39:
 569:Middlewares/ST/STM32_USB_Device_Library/Core/Src/usbd_ctlreq.c ****   {
 419              		.loc 1 569 3 is_stmt 1 view .LVU126
 420 00d6 C9E7     		b	.L19
 421              	.LVL40:
 422              	.L29:
 454:Middlewares/ST/STM32_USB_Device_Library/Core/Src/usbd_ctlreq.c ****             err++;
 423              		.loc 1 454 13 view .LVU127
 424 00d8 FFF7FEFF 		bl	USBD_CtlError
 425              	.LVL41:
 455:Middlewares/ST/STM32_USB_Device_Library/Core/Src/usbd_ctlreq.c ****           }
 426              		.loc 1 455 13 view .LVU128
 569:Middlewares/ST/STM32_USB_Device_Library/Core/Src/usbd_ctlreq.c ****   {
 427              		.loc 1 569 3 view .LVU129
 428 00dc D0E7     		b	.L11
 429              	.LVL42:
 430              	.L23:
 460:Middlewares/ST/STM32_USB_Device_Library/Core/Src/usbd_ctlreq.c ****           {
 431              		.loc 1 460 11 view .LVU130
 460:Middlewares/ST/STM32_USB_Device_Library/Core/Src/usbd_ctlreq.c ****           {
 432              		.loc 1 460 19 is_stmt 0 view .LVU131
 433 00de D0F8B032 		ldr	r3, [r0, #688]
 460:Middlewares/ST/STM32_USB_Device_Library/Core/Src/usbd_ctlreq.c ****           {
 434              		.loc 1 460 26 view .LVU132
 435 00e2 9B68     		ldr	r3, [r3, #8]
 460:Middlewares/ST/STM32_USB_Device_Library/Core/Src/usbd_ctlreq.c ****           {
 436              		.loc 1 460 14 view .LVU133
 437 00e4 23B1     		cbz	r3, .L31
 462:Middlewares/ST/STM32_USB_Device_Library/Core/Src/usbd_ctlreq.c ****           }
 438              		.loc 1 462 13 is_stmt 1 view .LVU134
 462:Middlewares/ST/STM32_USB_Device_Library/Core/Src/usbd_ctlreq.c ****           }
 439              		.loc 1 462 20 is_stmt 0 view .LVU135
 440 00e6 0DF10601 		add	r1, sp, #6
 441              	.LVL43:
 462:Middlewares/ST/STM32_USB_Device_Library/Core/Src/usbd_ctlreq.c ****           }
 442              		.loc 1 462 20 view .LVU136
 443 00ea 007C     		ldrb	r0, [r0, #16]	@ zero_extendqisi2
 444              	.LVL44:
 462:Middlewares/ST/STM32_USB_Device_Library/Core/Src/usbd_ctlreq.c ****           }
 445              		.loc 1 462 20 view .LVU137
 446 00ec 9847     		blx	r3
 447              	.LVL45:
 569:Middlewares/ST/STM32_USB_Device_Library/Core/Src/usbd_ctlreq.c ****   {
 448              		.loc 1 569 3 is_stmt 1 view .LVU138
 449 00ee BDE7     		b	.L19
 450              	.LVL46:
 451              	.L31:
 466:Middlewares/ST/STM32_USB_Device_Library/Core/Src/usbd_ctlreq.c ****             err++;
 452              		.loc 1 466 13 view .LVU139
 453 00f0 FFF7FEFF 		bl	USBD_CtlError
 454              	.LVL47:
 467:Middlewares/ST/STM32_USB_Device_Library/Core/Src/usbd_ctlreq.c ****           }
 455              		.loc 1 467 13 view .LVU140
 569:Middlewares/ST/STM32_USB_Device_Library/Core/Src/usbd_ctlreq.c ****   {
 456              		.loc 1 569 3 view .LVU141
 457 00f4 C4E7     		b	.L11
 458              	.LVL48:
ARM GAS  C:\Users\subdia\AppData\Local\Temp\ccL1bc5n.s 			page 27


 459              	.L24:
 472:Middlewares/ST/STM32_USB_Device_Library/Core/Src/usbd_ctlreq.c ****           {
 460              		.loc 1 472 11 view .LVU142
 472:Middlewares/ST/STM32_USB_Device_Library/Core/Src/usbd_ctlreq.c ****           {
 461              		.loc 1 472 19 is_stmt 0 view .LVU143
 462 00f6 D0F8B032 		ldr	r3, [r0, #688]
 472:Middlewares/ST/STM32_USB_Device_Library/Core/Src/usbd_ctlreq.c ****           {
 463              		.loc 1 472 26 view .LVU144
 464 00fa DB68     		ldr	r3, [r3, #12]
 472:Middlewares/ST/STM32_USB_Device_Library/Core/Src/usbd_ctlreq.c ****           {
 465              		.loc 1 472 14 view .LVU145
 466 00fc 23B1     		cbz	r3, .L32
 474:Middlewares/ST/STM32_USB_Device_Library/Core/Src/usbd_ctlreq.c ****           }
 467              		.loc 1 474 13 is_stmt 1 view .LVU146
 474:Middlewares/ST/STM32_USB_Device_Library/Core/Src/usbd_ctlreq.c ****           }
 468              		.loc 1 474 20 is_stmt 0 view .LVU147
 469 00fe 0DF10601 		add	r1, sp, #6
 470              	.LVL49:
 474:Middlewares/ST/STM32_USB_Device_Library/Core/Src/usbd_ctlreq.c ****           }
 471              		.loc 1 474 20 view .LVU148
 472 0102 007C     		ldrb	r0, [r0, #16]	@ zero_extendqisi2
 473              	.LVL50:
 474:Middlewares/ST/STM32_USB_Device_Library/Core/Src/usbd_ctlreq.c ****           }
 474              		.loc 1 474 20 view .LVU149
 475 0104 9847     		blx	r3
 476              	.LVL51:
 569:Middlewares/ST/STM32_USB_Device_Library/Core/Src/usbd_ctlreq.c ****   {
 477              		.loc 1 569 3 is_stmt 1 view .LVU150
 478 0106 B1E7     		b	.L19
 479              	.LVL52:
 480              	.L32:
 478:Middlewares/ST/STM32_USB_Device_Library/Core/Src/usbd_ctlreq.c ****             err++;
 481              		.loc 1 478 13 view .LVU151
 482 0108 FFF7FEFF 		bl	USBD_CtlError
 483              	.LVL53:
 479:Middlewares/ST/STM32_USB_Device_Library/Core/Src/usbd_ctlreq.c ****           }
 484              		.loc 1 479 13 view .LVU152
 569:Middlewares/ST/STM32_USB_Device_Library/Core/Src/usbd_ctlreq.c ****   {
 485              		.loc 1 569 3 view .LVU153
 486 010c B8E7     		b	.L11
 487              	.LVL54:
 488              	.L21:
 484:Middlewares/ST/STM32_USB_Device_Library/Core/Src/usbd_ctlreq.c ****           {
 489              		.loc 1 484 11 view .LVU154
 484:Middlewares/ST/STM32_USB_Device_Library/Core/Src/usbd_ctlreq.c ****           {
 490              		.loc 1 484 19 is_stmt 0 view .LVU155
 491 010e D0F8B032 		ldr	r3, [r0, #688]
 484:Middlewares/ST/STM32_USB_Device_Library/Core/Src/usbd_ctlreq.c ****           {
 492              		.loc 1 484 26 view .LVU156
 493 0112 1B69     		ldr	r3, [r3, #16]
 484:Middlewares/ST/STM32_USB_Device_Library/Core/Src/usbd_ctlreq.c ****           {
 494              		.loc 1 484 14 view .LVU157
 495 0114 23B1     		cbz	r3, .L33
 486:Middlewares/ST/STM32_USB_Device_Library/Core/Src/usbd_ctlreq.c ****           }
 496              		.loc 1 486 13 is_stmt 1 view .LVU158
 486:Middlewares/ST/STM32_USB_Device_Library/Core/Src/usbd_ctlreq.c ****           }
 497              		.loc 1 486 20 is_stmt 0 view .LVU159
ARM GAS  C:\Users\subdia\AppData\Local\Temp\ccL1bc5n.s 			page 28


 498 0116 0DF10601 		add	r1, sp, #6
 499              	.LVL55:
 486:Middlewares/ST/STM32_USB_Device_Library/Core/Src/usbd_ctlreq.c ****           }
 500              		.loc 1 486 20 view .LVU160
 501 011a 007C     		ldrb	r0, [r0, #16]	@ zero_extendqisi2
 502              	.LVL56:
 486:Middlewares/ST/STM32_USB_Device_Library/Core/Src/usbd_ctlreq.c ****           }
 503              		.loc 1 486 20 view .LVU161
 504 011c 9847     		blx	r3
 505              	.LVL57:
 569:Middlewares/ST/STM32_USB_Device_Library/Core/Src/usbd_ctlreq.c ****   {
 506              		.loc 1 569 3 is_stmt 1 view .LVU162
 507 011e A5E7     		b	.L19
 508              	.LVL58:
 509              	.L33:
 490:Middlewares/ST/STM32_USB_Device_Library/Core/Src/usbd_ctlreq.c ****             err++;
 510              		.loc 1 490 13 view .LVU163
 511 0120 FFF7FEFF 		bl	USBD_CtlError
 512              	.LVL59:
 491:Middlewares/ST/STM32_USB_Device_Library/Core/Src/usbd_ctlreq.c ****           }
 513              		.loc 1 491 13 view .LVU164
 569:Middlewares/ST/STM32_USB_Device_Library/Core/Src/usbd_ctlreq.c ****   {
 514              		.loc 1 569 3 view .LVU165
 515 0124 ACE7     		b	.L11
 516              	.LVL60:
 517              	.L27:
 496:Middlewares/ST/STM32_USB_Device_Library/Core/Src/usbd_ctlreq.c ****           {
 518              		.loc 1 496 11 view .LVU166
 496:Middlewares/ST/STM32_USB_Device_Library/Core/Src/usbd_ctlreq.c ****           {
 519              		.loc 1 496 19 is_stmt 0 view .LVU167
 520 0126 D0F8B032 		ldr	r3, [r0, #688]
 496:Middlewares/ST/STM32_USB_Device_Library/Core/Src/usbd_ctlreq.c ****           {
 521              		.loc 1 496 26 view .LVU168
 522 012a 5B69     		ldr	r3, [r3, #20]
 496:Middlewares/ST/STM32_USB_Device_Library/Core/Src/usbd_ctlreq.c ****           {
 523              		.loc 1 496 14 view .LVU169
 524 012c 23B1     		cbz	r3, .L34
 498:Middlewares/ST/STM32_USB_Device_Library/Core/Src/usbd_ctlreq.c ****           }
 525              		.loc 1 498 13 is_stmt 1 view .LVU170
 498:Middlewares/ST/STM32_USB_Device_Library/Core/Src/usbd_ctlreq.c ****           }
 526              		.loc 1 498 20 is_stmt 0 view .LVU171
 527 012e 0DF10601 		add	r1, sp, #6
 528              	.LVL61:
 498:Middlewares/ST/STM32_USB_Device_Library/Core/Src/usbd_ctlreq.c ****           }
 529              		.loc 1 498 20 view .LVU172
 530 0132 007C     		ldrb	r0, [r0, #16]	@ zero_extendqisi2
 531              	.LVL62:
 498:Middlewares/ST/STM32_USB_Device_Library/Core/Src/usbd_ctlreq.c ****           }
 532              		.loc 1 498 20 view .LVU173
 533 0134 9847     		blx	r3
 534              	.LVL63:
 569:Middlewares/ST/STM32_USB_Device_Library/Core/Src/usbd_ctlreq.c ****   {
 535              		.loc 1 569 3 is_stmt 1 view .LVU174
 536 0136 99E7     		b	.L19
 537              	.LVL64:
 538              	.L34:
 502:Middlewares/ST/STM32_USB_Device_Library/Core/Src/usbd_ctlreq.c ****             err++;
ARM GAS  C:\Users\subdia\AppData\Local\Temp\ccL1bc5n.s 			page 29


 539              		.loc 1 502 13 view .LVU175
 540 0138 FFF7FEFF 		bl	USBD_CtlError
 541              	.LVL65:
 503:Middlewares/ST/STM32_USB_Device_Library/Core/Src/usbd_ctlreq.c ****           }
 542              		.loc 1 503 13 view .LVU176
 569:Middlewares/ST/STM32_USB_Device_Library/Core/Src/usbd_ctlreq.c ****   {
 543              		.loc 1 569 3 view .LVU177
 544 013c A0E7     		b	.L11
 545              	.LVL66:
 546              	.L35:
 514:Middlewares/ST/STM32_USB_Device_Library/Core/Src/usbd_ctlreq.c ****             err++;
 547              		.loc 1 514 13 view .LVU178
 548 013e FFF7FEFF 		bl	USBD_CtlError
 549              	.LVL67:
 515:Middlewares/ST/STM32_USB_Device_Library/Core/Src/usbd_ctlreq.c ****           }
 550              		.loc 1 515 13 view .LVU179
 569:Middlewares/ST/STM32_USB_Device_Library/Core/Src/usbd_ctlreq.c ****   {
 551              		.loc 1 569 3 view .LVU180
 552 0142 9DE7     		b	.L11
 553              	.LVL68:
 554              	.L26:
 532:Middlewares/ST/STM32_USB_Device_Library/Core/Src/usbd_ctlreq.c ****           err++;
 555              		.loc 1 532 11 view .LVU181
 556 0144 2146     		mov	r1, r4
 557              	.LVL69:
 532:Middlewares/ST/STM32_USB_Device_Library/Core/Src/usbd_ctlreq.c ****           err++;
 558              		.loc 1 532 11 is_stmt 0 view .LVU182
 559 0146 2846     		mov	r0, r5
 560              	.LVL70:
 532:Middlewares/ST/STM32_USB_Device_Library/Core/Src/usbd_ctlreq.c ****           err++;
 561              		.loc 1 532 11 view .LVU183
 562 0148 FFF7FEFF 		bl	USBD_CtlError
 563              	.LVL71:
 533:Middlewares/ST/STM32_USB_Device_Library/Core/Src/usbd_ctlreq.c **** #endif
 564              		.loc 1 533 11 is_stmt 1 view .LVU184
 569:Middlewares/ST/STM32_USB_Device_Library/Core/Src/usbd_ctlreq.c ****   {
 565              		.loc 1 569 3 view .LVU185
 566 014c 98E7     		b	.L11
 567              	.LVL72:
 568              	.L17:
 539:Middlewares/ST/STM32_USB_Device_Library/Core/Src/usbd_ctlreq.c ****       {
 569              		.loc 1 539 7 view .LVU186
 539:Middlewares/ST/STM32_USB_Device_Library/Core/Src/usbd_ctlreq.c ****       {
 570              		.loc 1 539 15 is_stmt 0 view .LVU187
 571 014e 037C     		ldrb	r3, [r0, #16]	@ zero_extendqisi2
 539:Middlewares/ST/STM32_USB_Device_Library/Core/Src/usbd_ctlreq.c ****       {
 572              		.loc 1 539 10 view .LVU188
 573 0150 33B9     		cbnz	r3, .L36
 541:Middlewares/ST/STM32_USB_Device_Library/Core/Src/usbd_ctlreq.c ****       }
 574              		.loc 1 541 9 is_stmt 1 view .LVU189
 541:Middlewares/ST/STM32_USB_Device_Library/Core/Src/usbd_ctlreq.c ****       }
 575              		.loc 1 541 20 is_stmt 0 view .LVU190
 576 0152 D0F8B432 		ldr	r3, [r0, #692]
 541:Middlewares/ST/STM32_USB_Device_Library/Core/Src/usbd_ctlreq.c ****       }
 577              		.loc 1 541 28 view .LVU191
 578 0156 5B6B     		ldr	r3, [r3, #52]
 541:Middlewares/ST/STM32_USB_Device_Library/Core/Src/usbd_ctlreq.c ****       }
ARM GAS  C:\Users\subdia\AppData\Local\Temp\ccL1bc5n.s 			page 30


 579              		.loc 1 541 16 view .LVU192
 580 0158 0DF10600 		add	r0, sp, #6
 581              	.LVL73:
 541:Middlewares/ST/STM32_USB_Device_Library/Core/Src/usbd_ctlreq.c ****       }
 582              		.loc 1 541 16 view .LVU193
 583 015c 9847     		blx	r3
 584              	.LVL74:
 569:Middlewares/ST/STM32_USB_Device_Library/Core/Src/usbd_ctlreq.c ****   {
 585              		.loc 1 569 3 is_stmt 1 view .LVU194
 586 015e 85E7     		b	.L19
 587              	.LVL75:
 588              	.L36:
 545:Middlewares/ST/STM32_USB_Device_Library/Core/Src/usbd_ctlreq.c ****         err++;
 589              		.loc 1 545 9 view .LVU195
 590 0160 FFF7FEFF 		bl	USBD_CtlError
 591              	.LVL76:
 546:Middlewares/ST/STM32_USB_Device_Library/Core/Src/usbd_ctlreq.c ****       }
 592              		.loc 1 546 9 view .LVU196
 569:Middlewares/ST/STM32_USB_Device_Library/Core/Src/usbd_ctlreq.c ****   {
 593              		.loc 1 569 3 view .LVU197
 594 0164 8CE7     		b	.L11
 595              	.LVL77:
 596              	.L37:
 558:Middlewares/ST/STM32_USB_Device_Library/Core/Src/usbd_ctlreq.c ****         err++;
 597              		.loc 1 558 9 view .LVU198
 598 0166 FFF7FEFF 		bl	USBD_CtlError
 599              	.LVL78:
 559:Middlewares/ST/STM32_USB_Device_Library/Core/Src/usbd_ctlreq.c ****       }
 600              		.loc 1 559 9 view .LVU199
 569:Middlewares/ST/STM32_USB_Device_Library/Core/Src/usbd_ctlreq.c ****   {
 601              		.loc 1 569 3 view .LVU200
 602 016a 89E7     		b	.L11
 603              	.LVL79:
 604              	.L16:
 564:Middlewares/ST/STM32_USB_Device_Library/Core/Src/usbd_ctlreq.c ****       err++;
 605              		.loc 1 564 7 view .LVU201
 606 016c 2146     		mov	r1, r4
 607              	.LVL80:
 564:Middlewares/ST/STM32_USB_Device_Library/Core/Src/usbd_ctlreq.c ****       err++;
 608              		.loc 1 564 7 is_stmt 0 view .LVU202
 609 016e 2846     		mov	r0, r5
 610              	.LVL81:
 564:Middlewares/ST/STM32_USB_Device_Library/Core/Src/usbd_ctlreq.c ****       err++;
 611              		.loc 1 564 7 view .LVU203
 612 0170 FFF7FEFF 		bl	USBD_CtlError
 613              	.LVL82:
 565:Middlewares/ST/STM32_USB_Device_Library/Core/Src/usbd_ctlreq.c ****       break;
 614              		.loc 1 565 7 is_stmt 1 view .LVU204
 566:Middlewares/ST/STM32_USB_Device_Library/Core/Src/usbd_ctlreq.c ****   }
 615              		.loc 1 566 7 view .LVU205
 569:Middlewares/ST/STM32_USB_Device_Library/Core/Src/usbd_ctlreq.c ****   {
 616              		.loc 1 569 3 view .LVU206
 571:Middlewares/ST/STM32_USB_Device_Library/Core/Src/usbd_ctlreq.c ****   }
 617              		.loc 1 571 5 view .LVU207
 618 0174 84E7     		b	.L11
 619              	.LVL83:
 620              	.L43:
ARM GAS  C:\Users\subdia\AppData\Local\Temp\ccL1bc5n.s 			page 31


 577:Middlewares/ST/STM32_USB_Device_Library/Core/Src/usbd_ctlreq.c ****       (void)USBD_CtlSendData(pdev, pbuf, len);
 621              		.loc 1 577 7 view .LVU208
 577:Middlewares/ST/STM32_USB_Device_Library/Core/Src/usbd_ctlreq.c ****       (void)USBD_CtlSendData(pdev, pbuf, len);
 622              		.loc 1 577 13 is_stmt 0 view .LVU209
 623 0176 9A42     		cmp	r2, r3
 624 0178 28BF     		it	cs
 625 017a 1A46     		movcs	r2, r3
 577:Middlewares/ST/STM32_USB_Device_Library/Core/Src/usbd_ctlreq.c ****       (void)USBD_CtlSendData(pdev, pbuf, len);
 626              		.loc 1 577 11 view .LVU210
 627 017c ADF80620 		strh	r2, [sp, #6]	@ movhi
 578:Middlewares/ST/STM32_USB_Device_Library/Core/Src/usbd_ctlreq.c ****     }
 628              		.loc 1 578 7 is_stmt 1 view .LVU211
 578:Middlewares/ST/STM32_USB_Device_Library/Core/Src/usbd_ctlreq.c ****     }
 629              		.loc 1 578 13 is_stmt 0 view .LVU212
 630 0180 0146     		mov	r1, r0
 631 0182 2846     		mov	r0, r5
 632              	.LVL84:
 578:Middlewares/ST/STM32_USB_Device_Library/Core/Src/usbd_ctlreq.c ****     }
 633              		.loc 1 578 13 view .LVU213
 634 0184 FFF7FEFF 		bl	USBD_CtlSendData
 635              	.LVL85:
 578:Middlewares/ST/STM32_USB_Device_Library/Core/Src/usbd_ctlreq.c ****     }
 636              		.loc 1 578 13 view .LVU214
 637 0188 76E7     		b	.L39
 638              	.L44:
 583:Middlewares/ST/STM32_USB_Device_Library/Core/Src/usbd_ctlreq.c ****     }
 639              		.loc 1 583 7 is_stmt 1 view .LVU215
 583:Middlewares/ST/STM32_USB_Device_Library/Core/Src/usbd_ctlreq.c ****     }
 640              		.loc 1 583 13 is_stmt 0 view .LVU216
 641 018a 2846     		mov	r0, r5
 642 018c FFF7FEFF 		bl	USBD_CtlSendStatus
 643              	.LVL86:
 644 0190 76E7     		b	.L11
 645              		.cfi_endproc
 646              	.LFE71:
 648              		.section	.text.USBD_SetAddress,"ax",%progbits
 649              		.align	1
 650              		.syntax unified
 651              		.thumb
 652              		.thumb_func
 654              	USBD_SetAddress:
 655              	.LVL87:
 656              	.LFB72:
 597:Middlewares/ST/STM32_USB_Device_Library/Core/Src/usbd_ctlreq.c ****   uint8_t  dev_addr;
 657              		.loc 1 597 1 is_stmt 1 view -0
 658              		.cfi_startproc
 659              		@ args = 0, pretend = 0, frame = 0
 660              		@ frame_needed = 0, uses_anonymous_args = 0
 597:Middlewares/ST/STM32_USB_Device_Library/Core/Src/usbd_ctlreq.c ****   uint8_t  dev_addr;
 661              		.loc 1 597 1 is_stmt 0 view .LVU218
 662 0000 38B5     		push	{r3, r4, r5, lr}
 663              	.LCFI6:
 664              		.cfi_def_cfa_offset 16
 665              		.cfi_offset 3, -16
 666              		.cfi_offset 4, -12
 667              		.cfi_offset 5, -8
 668              		.cfi_offset 14, -4
ARM GAS  C:\Users\subdia\AppData\Local\Temp\ccL1bc5n.s 			page 32


 669 0002 0446     		mov	r4, r0
 598:Middlewares/ST/STM32_USB_Device_Library/Core/Src/usbd_ctlreq.c **** 
 670              		.loc 1 598 3 is_stmt 1 view .LVU219
 600:Middlewares/ST/STM32_USB_Device_Library/Core/Src/usbd_ctlreq.c ****   {
 671              		.loc 1 600 3 view .LVU220
 600:Middlewares/ST/STM32_USB_Device_Library/Core/Src/usbd_ctlreq.c ****   {
 672              		.loc 1 600 11 is_stmt 0 view .LVU221
 673 0004 8B88     		ldrh	r3, [r1, #4]
 600:Middlewares/ST/STM32_USB_Device_Library/Core/Src/usbd_ctlreq.c ****   {
 674              		.loc 1 600 6 view .LVU222
 675 0006 03BB     		cbnz	r3, .L46
 600:Middlewares/ST/STM32_USB_Device_Library/Core/Src/usbd_ctlreq.c ****   {
 676              		.loc 1 600 34 discriminator 1 view .LVU223
 677 0008 CB88     		ldrh	r3, [r1, #6]
 600:Middlewares/ST/STM32_USB_Device_Library/Core/Src/usbd_ctlreq.c ****   {
 678              		.loc 1 600 27 discriminator 1 view .LVU224
 679 000a F3B9     		cbnz	r3, .L46
 600:Middlewares/ST/STM32_USB_Device_Library/Core/Src/usbd_ctlreq.c ****   {
 680              		.loc 1 600 58 discriminator 2 view .LVU225
 681 000c 4B88     		ldrh	r3, [r1, #2]
 600:Middlewares/ST/STM32_USB_Device_Library/Core/Src/usbd_ctlreq.c ****   {
 682              		.loc 1 600 51 discriminator 2 view .LVU226
 683 000e 7F2B     		cmp	r3, #127
 684 0010 1BD8     		bhi	.L46
 602:Middlewares/ST/STM32_USB_Device_Library/Core/Src/usbd_ctlreq.c **** 
 685              		.loc 1 602 5 is_stmt 1 view .LVU227
 602:Middlewares/ST/STM32_USB_Device_Library/Core/Src/usbd_ctlreq.c **** 
 686              		.loc 1 602 14 is_stmt 0 view .LVU228
 687 0012 03F07F03 		and	r3, r3, #127
 688 0016 1A46     		mov	r2, r3
 689              	.LVL88:
 604:Middlewares/ST/STM32_USB_Device_Library/Core/Src/usbd_ctlreq.c ****     {
 690              		.loc 1 604 5 is_stmt 1 view .LVU229
 604:Middlewares/ST/STM32_USB_Device_Library/Core/Src/usbd_ctlreq.c ****     {
 691              		.loc 1 604 13 is_stmt 0 view .LVU230
 692 0018 90F89C32 		ldrb	r3, [r0, #668]	@ zero_extendqisi2
 604:Middlewares/ST/STM32_USB_Device_Library/Core/Src/usbd_ctlreq.c ****     {
 693              		.loc 1 604 8 view .LVU231
 694 001c 032B     		cmp	r3, #3
 695 001e 0DD0     		beq	.L51
 610:Middlewares/ST/STM32_USB_Device_Library/Core/Src/usbd_ctlreq.c ****       USBD_LL_SetUSBAddress(pdev, dev_addr);
 696              		.loc 1 610 7 is_stmt 1 view .LVU232
 610:Middlewares/ST/STM32_USB_Device_Library/Core/Src/usbd_ctlreq.c ****       USBD_LL_SetUSBAddress(pdev, dev_addr);
 697              		.loc 1 610 25 is_stmt 0 view .LVU233
 698 0020 1546     		mov	r5, r2
 699 0022 84F89E22 		strb	r2, [r4, #670]
 611:Middlewares/ST/STM32_USB_Device_Library/Core/Src/usbd_ctlreq.c ****       USBD_CtlSendStatus(pdev);
 700              		.loc 1 611 7 is_stmt 1 view .LVU234
 701 0026 1146     		mov	r1, r2
 702              	.LVL89:
 611:Middlewares/ST/STM32_USB_Device_Library/Core/Src/usbd_ctlreq.c ****       USBD_CtlSendStatus(pdev);
 703              		.loc 1 611 7 is_stmt 0 view .LVU235
 704 0028 FFF7FEFF 		bl	USBD_LL_SetUSBAddress
 705              	.LVL90:
 612:Middlewares/ST/STM32_USB_Device_Library/Core/Src/usbd_ctlreq.c **** 
 706              		.loc 1 612 7 is_stmt 1 view .LVU236
 707 002c 2046     		mov	r0, r4
ARM GAS  C:\Users\subdia\AppData\Local\Temp\ccL1bc5n.s 			page 33


 708 002e FFF7FEFF 		bl	USBD_CtlSendStatus
 709              	.LVL91:
 614:Middlewares/ST/STM32_USB_Device_Library/Core/Src/usbd_ctlreq.c ****       {
 710              		.loc 1 614 7 view .LVU237
 614:Middlewares/ST/STM32_USB_Device_Library/Core/Src/usbd_ctlreq.c ****       {
 711              		.loc 1 614 10 is_stmt 0 view .LVU238
 712 0032 35B1     		cbz	r5, .L49
 616:Middlewares/ST/STM32_USB_Device_Library/Core/Src/usbd_ctlreq.c ****       }
 713              		.loc 1 616 9 is_stmt 1 view .LVU239
 616:Middlewares/ST/STM32_USB_Device_Library/Core/Src/usbd_ctlreq.c ****       }
 714              		.loc 1 616 25 is_stmt 0 view .LVU240
 715 0034 0223     		movs	r3, #2
 716 0036 84F89C32 		strb	r3, [r4, #668]
 717 003a 09E0     		b	.L45
 718              	.LVL92:
 719              	.L51:
 606:Middlewares/ST/STM32_USB_Device_Library/Core/Src/usbd_ctlreq.c ****     }
 720              		.loc 1 606 7 is_stmt 1 view .LVU241
 721 003c FFF7FEFF 		bl	USBD_CtlError
 722              	.LVL93:
 606:Middlewares/ST/STM32_USB_Device_Library/Core/Src/usbd_ctlreq.c ****     }
 723              		.loc 1 606 7 is_stmt 0 view .LVU242
 724 0040 06E0     		b	.L45
 725              	.LVL94:
 726              	.L49:
 620:Middlewares/ST/STM32_USB_Device_Library/Core/Src/usbd_ctlreq.c ****       }
 727              		.loc 1 620 9 is_stmt 1 view .LVU243
 620:Middlewares/ST/STM32_USB_Device_Library/Core/Src/usbd_ctlreq.c ****       }
 728              		.loc 1 620 25 is_stmt 0 view .LVU244
 729 0042 0123     		movs	r3, #1
 730 0044 84F89C32 		strb	r3, [r4, #668]
 731 0048 02E0     		b	.L45
 732              	.LVL95:
 733              	.L46:
 626:Middlewares/ST/STM32_USB_Device_Library/Core/Src/usbd_ctlreq.c ****   }
 734              		.loc 1 626 5 is_stmt 1 view .LVU245
 735 004a 2046     		mov	r0, r4
 736              	.LVL96:
 626:Middlewares/ST/STM32_USB_Device_Library/Core/Src/usbd_ctlreq.c ****   }
 737              		.loc 1 626 5 is_stmt 0 view .LVU246
 738 004c FFF7FEFF 		bl	USBD_CtlError
 739              	.LVL97:
 740              	.L45:
 628:Middlewares/ST/STM32_USB_Device_Library/Core/Src/usbd_ctlreq.c **** 
 741              		.loc 1 628 1 view .LVU247
 742 0050 38BD     		pop	{r3, r4, r5, pc}
 628:Middlewares/ST/STM32_USB_Device_Library/Core/Src/usbd_ctlreq.c **** 
 743              		.loc 1 628 1 view .LVU248
 744              		.cfi_endproc
 745              	.LFE72:
 747              		.section	.text.USBD_SetConfig,"ax",%progbits
 748              		.align	1
 749              		.syntax unified
 750              		.thumb
 751              		.thumb_func
 753              	USBD_SetConfig:
 754              	.LVL98:
ARM GAS  C:\Users\subdia\AppData\Local\Temp\ccL1bc5n.s 			page 34


 755              	.LFB73:
 638:Middlewares/ST/STM32_USB_Device_Library/Core/Src/usbd_ctlreq.c ****   static uint8_t cfgidx;
 756              		.loc 1 638 1 is_stmt 1 view -0
 757              		.cfi_startproc
 758              		@ args = 0, pretend = 0, frame = 0
 759              		@ frame_needed = 0, uses_anonymous_args = 0
 638:Middlewares/ST/STM32_USB_Device_Library/Core/Src/usbd_ctlreq.c ****   static uint8_t cfgidx;
 760              		.loc 1 638 1 is_stmt 0 view .LVU250
 761 0000 38B5     		push	{r3, r4, r5, lr}
 762              	.LCFI7:
 763              		.cfi_def_cfa_offset 16
 764              		.cfi_offset 3, -16
 765              		.cfi_offset 4, -12
 766              		.cfi_offset 5, -8
 767              		.cfi_offset 14, -4
 768 0002 0446     		mov	r4, r0
 769 0004 0846     		mov	r0, r1
 770              	.LVL99:
 638:Middlewares/ST/STM32_USB_Device_Library/Core/Src/usbd_ctlreq.c ****   static uint8_t cfgidx;
 771              		.loc 1 638 1 view .LVU251
 772 0006 0D46     		mov	r5, r1
 639:Middlewares/ST/STM32_USB_Device_Library/Core/Src/usbd_ctlreq.c **** 
 773              		.loc 1 639 3 is_stmt 1 view .LVU252
 641:Middlewares/ST/STM32_USB_Device_Library/Core/Src/usbd_ctlreq.c **** 
 774              		.loc 1 641 3 view .LVU253
 641:Middlewares/ST/STM32_USB_Device_Library/Core/Src/usbd_ctlreq.c **** 
 775              		.loc 1 641 25 is_stmt 0 view .LVU254
 776 0008 4B88     		ldrh	r3, [r1, #2]
 641:Middlewares/ST/STM32_USB_Device_Library/Core/Src/usbd_ctlreq.c **** 
 777              		.loc 1 641 12 view .LVU255
 778 000a D9B2     		uxtb	r1, r3
 779              	.LVL100:
 641:Middlewares/ST/STM32_USB_Device_Library/Core/Src/usbd_ctlreq.c **** 
 780              		.loc 1 641 10 view .LVU256
 781 000c 2D4A     		ldr	r2, .L69
 782 000e 1170     		strb	r1, [r2]
 643:Middlewares/ST/STM32_USB_Device_Library/Core/Src/usbd_ctlreq.c ****   {
 783              		.loc 1 643 3 is_stmt 1 view .LVU257
 643:Middlewares/ST/STM32_USB_Device_Library/Core/Src/usbd_ctlreq.c ****   {
 784              		.loc 1 643 6 is_stmt 0 view .LVU258
 785 0010 0129     		cmp	r1, #1
 786 0012 0FD8     		bhi	.L65
 649:Middlewares/ST/STM32_USB_Device_Library/Core/Src/usbd_ctlreq.c ****     {
 787              		.loc 1 649 5 is_stmt 1 view .LVU259
 649:Middlewares/ST/STM32_USB_Device_Library/Core/Src/usbd_ctlreq.c ****     {
 788              		.loc 1 649 17 is_stmt 0 view .LVU260
 789 0014 94F89C22 		ldrb	r2, [r4, #668]	@ zero_extendqisi2
 649:Middlewares/ST/STM32_USB_Device_Library/Core/Src/usbd_ctlreq.c ****     {
 790              		.loc 1 649 5 view .LVU261
 791 0018 022A     		cmp	r2, #2
 792 001a 10D0     		beq	.L55
 793 001c 032A     		cmp	r2, #3
 794 001e 26D0     		beq	.L56
 698:Middlewares/ST/STM32_USB_Device_Library/Core/Src/usbd_ctlreq.c ****         USBD_ClrClassConfig(pdev, cfgidx);
 795              		.loc 1 698 9 is_stmt 1 view .LVU262
 796 0020 0146     		mov	r1, r0
 797 0022 2046     		mov	r0, r4
ARM GAS  C:\Users\subdia\AppData\Local\Temp\ccL1bc5n.s 			page 35


 798              	.LVL101:
 698:Middlewares/ST/STM32_USB_Device_Library/Core/Src/usbd_ctlreq.c ****         USBD_ClrClassConfig(pdev, cfgidx);
 799              		.loc 1 698 9 is_stmt 0 view .LVU263
 800 0024 FFF7FEFF 		bl	USBD_CtlError
 801              	.LVL102:
 699:Middlewares/ST/STM32_USB_Device_Library/Core/Src/usbd_ctlreq.c ****         break;
 802              		.loc 1 699 9 is_stmt 1 view .LVU264
 803 0028 264B     		ldr	r3, .L69
 804 002a 1978     		ldrb	r1, [r3]	@ zero_extendqisi2
 805 002c 2046     		mov	r0, r4
 806 002e FFF7FEFF 		bl	USBD_ClrClassConfig
 807              	.LVL103:
 700:Middlewares/ST/STM32_USB_Device_Library/Core/Src/usbd_ctlreq.c ****     }
 808              		.loc 1 700 9 view .LVU265
 809 0032 03E0     		b	.L52
 810              	.LVL104:
 811              	.L65:
 645:Middlewares/ST/STM32_USB_Device_Library/Core/Src/usbd_ctlreq.c ****   }
 812              		.loc 1 645 5 view .LVU266
 813 0034 0146     		mov	r1, r0
 814 0036 2046     		mov	r0, r4
 815              	.LVL105:
 645:Middlewares/ST/STM32_USB_Device_Library/Core/Src/usbd_ctlreq.c ****   }
 816              		.loc 1 645 5 is_stmt 0 view .LVU267
 817 0038 FFF7FEFF 		bl	USBD_CtlError
 818              	.LVL106:
 819              	.L52:
 703:Middlewares/ST/STM32_USB_Device_Library/Core/Src/usbd_ctlreq.c **** 
 820              		.loc 1 703 1 view .LVU268
 821 003c 38BD     		pop	{r3, r4, r5, pc}
 822              	.LVL107:
 823              	.L55:
 652:Middlewares/ST/STM32_USB_Device_Library/Core/Src/usbd_ctlreq.c ****         {
 824              		.loc 1 652 9 is_stmt 1 view .LVU269
 652:Middlewares/ST/STM32_USB_Device_Library/Core/Src/usbd_ctlreq.c ****         {
 825              		.loc 1 652 12 is_stmt 0 view .LVU270
 826 003e 91B1     		cbz	r1, .L58
 654:Middlewares/ST/STM32_USB_Device_Library/Core/Src/usbd_ctlreq.c ****           pdev->dev_state = USBD_STATE_CONFIGURED;
 827              		.loc 1 654 11 is_stmt 1 view .LVU271
 654:Middlewares/ST/STM32_USB_Device_Library/Core/Src/usbd_ctlreq.c ****           pdev->dev_state = USBD_STATE_CONFIGURED;
 828              		.loc 1 654 28 is_stmt 0 view .LVU272
 829 0040 DBB2     		uxtb	r3, r3
 830 0042 6360     		str	r3, [r4, #4]
 655:Middlewares/ST/STM32_USB_Device_Library/Core/Src/usbd_ctlreq.c ****           if (USBD_SetClassConfig(pdev, cfgidx) == USBD_FAIL)
 831              		.loc 1 655 11 is_stmt 1 view .LVU273
 655:Middlewares/ST/STM32_USB_Device_Library/Core/Src/usbd_ctlreq.c ****           if (USBD_SetClassConfig(pdev, cfgidx) == USBD_FAIL)
 832              		.loc 1 655 27 is_stmt 0 view .LVU274
 833 0044 0323     		movs	r3, #3
 834 0046 84F89C32 		strb	r3, [r4, #668]
 656:Middlewares/ST/STM32_USB_Device_Library/Core/Src/usbd_ctlreq.c ****           {
 835              		.loc 1 656 11 is_stmt 1 view .LVU275
 656:Middlewares/ST/STM32_USB_Device_Library/Core/Src/usbd_ctlreq.c ****           {
 836              		.loc 1 656 15 is_stmt 0 view .LVU276
 837 004a 2046     		mov	r0, r4
 838              	.LVL108:
 656:Middlewares/ST/STM32_USB_Device_Library/Core/Src/usbd_ctlreq.c ****           {
 839              		.loc 1 656 15 view .LVU277
ARM GAS  C:\Users\subdia\AppData\Local\Temp\ccL1bc5n.s 			page 36


 840 004c FFF7FEFF 		bl	USBD_SetClassConfig
 841              	.LVL109:
 656:Middlewares/ST/STM32_USB_Device_Library/Core/Src/usbd_ctlreq.c ****           {
 842              		.loc 1 656 14 discriminator 1 view .LVU278
 843 0050 0228     		cmp	r0, #2
 844 0052 03D0     		beq	.L66
 661:Middlewares/ST/STM32_USB_Device_Library/Core/Src/usbd_ctlreq.c ****         }
 845              		.loc 1 661 11 is_stmt 1 view .LVU279
 846 0054 2046     		mov	r0, r4
 847 0056 FFF7FEFF 		bl	USBD_CtlSendStatus
 848              	.LVL110:
 849 005a EFE7     		b	.L52
 850              	.L66:
 658:Middlewares/ST/STM32_USB_Device_Library/Core/Src/usbd_ctlreq.c ****             return;
 851              		.loc 1 658 13 view .LVU280
 852 005c 2946     		mov	r1, r5
 853 005e 2046     		mov	r0, r4
 854 0060 FFF7FEFF 		bl	USBD_CtlError
 855              	.LVL111:
 659:Middlewares/ST/STM32_USB_Device_Library/Core/Src/usbd_ctlreq.c ****           }
 856              		.loc 1 659 13 view .LVU281
 857 0064 EAE7     		b	.L52
 858              	.LVL112:
 859              	.L58:
 665:Middlewares/ST/STM32_USB_Device_Library/Core/Src/usbd_ctlreq.c ****         }
 860              		.loc 1 665 11 view .LVU282
 861 0066 2046     		mov	r0, r4
 862              	.LVL113:
 665:Middlewares/ST/STM32_USB_Device_Library/Core/Src/usbd_ctlreq.c ****         }
 863              		.loc 1 665 11 is_stmt 0 view .LVU283
 864 0068 FFF7FEFF 		bl	USBD_CtlSendStatus
 865              	.LVL114:
 866 006c E6E7     		b	.L52
 867              	.LVL115:
 868              	.L56:
 670:Middlewares/ST/STM32_USB_Device_Library/Core/Src/usbd_ctlreq.c ****         {
 869              		.loc 1 670 9 is_stmt 1 view .LVU284
 670:Middlewares/ST/STM32_USB_Device_Library/Core/Src/usbd_ctlreq.c ****         {
 870              		.loc 1 670 12 is_stmt 0 view .LVU285
 871 006e 99B1     		cbz	r1, .L67
 677:Middlewares/ST/STM32_USB_Device_Library/Core/Src/usbd_ctlreq.c ****         {
 872              		.loc 1 677 14 is_stmt 1 view .LVU286
 677:Middlewares/ST/STM32_USB_Device_Library/Core/Src/usbd_ctlreq.c ****         {
 873              		.loc 1 677 25 is_stmt 0 view .LVU287
 874 0070 DBB2     		uxtb	r3, r3
 677:Middlewares/ST/STM32_USB_Device_Library/Core/Src/usbd_ctlreq.c ****         {
 875              		.loc 1 677 32 view .LVU288
 876 0072 6168     		ldr	r1, [r4, #4]
 677:Middlewares/ST/STM32_USB_Device_Library/Core/Src/usbd_ctlreq.c ****         {
 877              		.loc 1 677 17 view .LVU289
 878 0074 8B42     		cmp	r3, r1
 879 0076 20D0     		beq	.L61
 680:Middlewares/ST/STM32_USB_Device_Library/Core/Src/usbd_ctlreq.c **** 
 880              		.loc 1 680 11 is_stmt 1 view .LVU290
 881 0078 C9B2     		uxtb	r1, r1
 882 007a 2046     		mov	r0, r4
 883              	.LVL116:
ARM GAS  C:\Users\subdia\AppData\Local\Temp\ccL1bc5n.s 			page 37


 680:Middlewares/ST/STM32_USB_Device_Library/Core/Src/usbd_ctlreq.c **** 
 884              		.loc 1 680 11 is_stmt 0 view .LVU291
 885 007c FFF7FEFF 		bl	USBD_ClrClassConfig
 886              	.LVL117:
 683:Middlewares/ST/STM32_USB_Device_Library/Core/Src/usbd_ctlreq.c ****           if (USBD_SetClassConfig(pdev, cfgidx) == USBD_FAIL)
 887              		.loc 1 683 11 is_stmt 1 view .LVU292
 683:Middlewares/ST/STM32_USB_Device_Library/Core/Src/usbd_ctlreq.c ****           if (USBD_SetClassConfig(pdev, cfgidx) == USBD_FAIL)
 888              		.loc 1 683 28 is_stmt 0 view .LVU293
 889 0080 104B     		ldr	r3, .L69
 890 0082 1978     		ldrb	r1, [r3]	@ zero_extendqisi2
 891 0084 6160     		str	r1, [r4, #4]
 684:Middlewares/ST/STM32_USB_Device_Library/Core/Src/usbd_ctlreq.c ****           {
 892              		.loc 1 684 11 is_stmt 1 view .LVU294
 684:Middlewares/ST/STM32_USB_Device_Library/Core/Src/usbd_ctlreq.c ****           {
 893              		.loc 1 684 15 is_stmt 0 view .LVU295
 894 0086 2046     		mov	r0, r4
 895 0088 FFF7FEFF 		bl	USBD_SetClassConfig
 896              	.LVL118:
 684:Middlewares/ST/STM32_USB_Device_Library/Core/Src/usbd_ctlreq.c ****           {
 897              		.loc 1 684 14 discriminator 1 view .LVU296
 898 008c 0228     		cmp	r0, #2
 899 008e 0FD0     		beq	.L68
 689:Middlewares/ST/STM32_USB_Device_Library/Core/Src/usbd_ctlreq.c ****         }
 900              		.loc 1 689 11 is_stmt 1 view .LVU297
 901 0090 2046     		mov	r0, r4
 902 0092 FFF7FEFF 		bl	USBD_CtlSendStatus
 903              	.LVL119:
 904 0096 D1E7     		b	.L52
 905              	.LVL120:
 906              	.L67:
 672:Middlewares/ST/STM32_USB_Device_Library/Core/Src/usbd_ctlreq.c ****           pdev->dev_config = cfgidx;
 907              		.loc 1 672 11 view .LVU298
 672:Middlewares/ST/STM32_USB_Device_Library/Core/Src/usbd_ctlreq.c ****           pdev->dev_config = cfgidx;
 908              		.loc 1 672 27 is_stmt 0 view .LVU299
 909 0098 0222     		movs	r2, #2
 910 009a 84F89C22 		strb	r2, [r4, #668]
 673:Middlewares/ST/STM32_USB_Device_Library/Core/Src/usbd_ctlreq.c ****           USBD_ClrClassConfig(pdev, cfgidx);
 911              		.loc 1 673 11 is_stmt 1 view .LVU300
 673:Middlewares/ST/STM32_USB_Device_Library/Core/Src/usbd_ctlreq.c ****           USBD_ClrClassConfig(pdev, cfgidx);
 912              		.loc 1 673 28 is_stmt 0 view .LVU301
 913 009e DBB2     		uxtb	r3, r3
 914 00a0 6360     		str	r3, [r4, #4]
 674:Middlewares/ST/STM32_USB_Device_Library/Core/Src/usbd_ctlreq.c ****           USBD_CtlSendStatus(pdev);
 915              		.loc 1 674 11 is_stmt 1 view .LVU302
 916 00a2 2046     		mov	r0, r4
 917              	.LVL121:
 674:Middlewares/ST/STM32_USB_Device_Library/Core/Src/usbd_ctlreq.c ****           USBD_CtlSendStatus(pdev);
 918              		.loc 1 674 11 is_stmt 0 view .LVU303
 919 00a4 FFF7FEFF 		bl	USBD_ClrClassConfig
 920              	.LVL122:
 675:Middlewares/ST/STM32_USB_Device_Library/Core/Src/usbd_ctlreq.c ****         }
 921              		.loc 1 675 11 is_stmt 1 view .LVU304
 922 00a8 2046     		mov	r0, r4
 923 00aa FFF7FEFF 		bl	USBD_CtlSendStatus
 924              	.LVL123:
 925 00ae C5E7     		b	.L52
 926              	.L68:
ARM GAS  C:\Users\subdia\AppData\Local\Temp\ccL1bc5n.s 			page 38


 686:Middlewares/ST/STM32_USB_Device_Library/Core/Src/usbd_ctlreq.c ****             return;
 927              		.loc 1 686 13 view .LVU305
 928 00b0 2946     		mov	r1, r5
 929 00b2 2046     		mov	r0, r4
 930 00b4 FFF7FEFF 		bl	USBD_CtlError
 931              	.LVL124:
 687:Middlewares/ST/STM32_USB_Device_Library/Core/Src/usbd_ctlreq.c ****           }
 932              		.loc 1 687 13 view .LVU306
 933 00b8 C0E7     		b	.L52
 934              	.LVL125:
 935              	.L61:
 693:Middlewares/ST/STM32_USB_Device_Library/Core/Src/usbd_ctlreq.c ****         }
 936              		.loc 1 693 11 view .LVU307
 937 00ba 2046     		mov	r0, r4
 938              	.LVL126:
 693:Middlewares/ST/STM32_USB_Device_Library/Core/Src/usbd_ctlreq.c ****         }
 939              		.loc 1 693 11 is_stmt 0 view .LVU308
 940 00bc FFF7FEFF 		bl	USBD_CtlSendStatus
 941              	.LVL127:
 942 00c0 BCE7     		b	.L52
 943              	.L70:
 944 00c2 00BF     		.align	2
 945              	.L69:
 946 00c4 00000000 		.word	cfgidx.0
 947              		.cfi_endproc
 948              	.LFE73:
 950              		.section	.text.USBD_GetConfig,"ax",%progbits
 951              		.align	1
 952              		.syntax unified
 953              		.thumb
 954              		.thumb_func
 956              	USBD_GetConfig:
 957              	.LVL128:
 958              	.LFB74:
 713:Middlewares/ST/STM32_USB_Device_Library/Core/Src/usbd_ctlreq.c ****   if (req->wLength != 1U)
 959              		.loc 1 713 1 is_stmt 1 view -0
 960              		.cfi_startproc
 961              		@ args = 0, pretend = 0, frame = 0
 962              		@ frame_needed = 0, uses_anonymous_args = 0
 713:Middlewares/ST/STM32_USB_Device_Library/Core/Src/usbd_ctlreq.c ****   if (req->wLength != 1U)
 963              		.loc 1 713 1 is_stmt 0 view .LVU310
 964 0000 08B5     		push	{r3, lr}
 965              	.LCFI8:
 966              		.cfi_def_cfa_offset 8
 967              		.cfi_offset 3, -8
 968              		.cfi_offset 14, -4
 714:Middlewares/ST/STM32_USB_Device_Library/Core/Src/usbd_ctlreq.c ****   {
 969              		.loc 1 714 3 is_stmt 1 view .LVU311
 714:Middlewares/ST/STM32_USB_Device_Library/Core/Src/usbd_ctlreq.c ****   {
 970              		.loc 1 714 10 is_stmt 0 view .LVU312
 971 0002 CB88     		ldrh	r3, [r1, #6]
 714:Middlewares/ST/STM32_USB_Device_Library/Core/Src/usbd_ctlreq.c ****   {
 972              		.loc 1 714 6 view .LVU313
 973 0004 012B     		cmp	r3, #1
 974 0006 0AD1     		bne	.L79
 720:Middlewares/ST/STM32_USB_Device_Library/Core/Src/usbd_ctlreq.c ****     {
 975              		.loc 1 720 5 is_stmt 1 view .LVU314
ARM GAS  C:\Users\subdia\AppData\Local\Temp\ccL1bc5n.s 			page 39


 720:Middlewares/ST/STM32_USB_Device_Library/Core/Src/usbd_ctlreq.c ****     {
 976              		.loc 1 720 17 is_stmt 0 view .LVU315
 977 0008 90F89C32 		ldrb	r3, [r0, #668]	@ zero_extendqisi2
 720:Middlewares/ST/STM32_USB_Device_Library/Core/Src/usbd_ctlreq.c ****     {
 978              		.loc 1 720 5 view .LVU316
 979 000c 022B     		cmp	r3, #2
 980 000e 09D9     		bls	.L80
 981 0010 032B     		cmp	r3, #3
 982 0012 11D1     		bne	.L76
 729:Middlewares/ST/STM32_USB_Device_Library/Core/Src/usbd_ctlreq.c ****         break;
 983              		.loc 1 729 9 is_stmt 1 view .LVU317
 984 0014 0122     		movs	r2, #1
 985 0016 011D     		adds	r1, r0, #4
 986              	.LVL129:
 729:Middlewares/ST/STM32_USB_Device_Library/Core/Src/usbd_ctlreq.c ****         break;
 987              		.loc 1 729 9 is_stmt 0 view .LVU318
 988 0018 FFF7FEFF 		bl	USBD_CtlSendData
 989              	.LVL130:
 730:Middlewares/ST/STM32_USB_Device_Library/Core/Src/usbd_ctlreq.c **** 
 990              		.loc 1 730 9 is_stmt 1 view .LVU319
 991 001c 01E0     		b	.L71
 992              	.LVL131:
 993              	.L79:
 716:Middlewares/ST/STM32_USB_Device_Library/Core/Src/usbd_ctlreq.c ****   }
 994              		.loc 1 716 5 view .LVU320
 995 001e FFF7FEFF 		bl	USBD_CtlError
 996              	.LVL132:
 997              	.L71:
 737:Middlewares/ST/STM32_USB_Device_Library/Core/Src/usbd_ctlreq.c **** 
 998              		.loc 1 737 1 is_stmt 0 view .LVU321
 999 0022 08BD     		pop	{r3, pc}
 1000              	.LVL133:
 1001              	.L80:
 720:Middlewares/ST/STM32_USB_Device_Library/Core/Src/usbd_ctlreq.c ****     {
 1002              		.loc 1 720 5 view .LVU322
 1003 0024 5BB2     		sxtb	r3, r3
 1004 0026 3BB1     		cbz	r3, .L76
 724:Middlewares/ST/STM32_USB_Device_Library/Core/Src/usbd_ctlreq.c ****         USBD_CtlSendData(pdev, (uint8_t *)(void *)&pdev->dev_default_config, 1U);
 1005              		.loc 1 724 9 is_stmt 1 view .LVU323
 724:Middlewares/ST/STM32_USB_Device_Library/Core/Src/usbd_ctlreq.c ****         USBD_CtlSendData(pdev, (uint8_t *)(void *)&pdev->dev_default_config, 1U);
 1006              		.loc 1 724 34 is_stmt 0 view .LVU324
 1007 0028 0146     		mov	r1, r0
 1008              	.LVL134:
 724:Middlewares/ST/STM32_USB_Device_Library/Core/Src/usbd_ctlreq.c ****         USBD_CtlSendData(pdev, (uint8_t *)(void *)&pdev->dev_default_config, 1U);
 1009              		.loc 1 724 34 view .LVU325
 1010 002a 0023     		movs	r3, #0
 1011 002c 41F8083F 		str	r3, [r1, #8]!
 725:Middlewares/ST/STM32_USB_Device_Library/Core/Src/usbd_ctlreq.c ****         break;
 1012              		.loc 1 725 9 is_stmt 1 view .LVU326
 1013 0030 0122     		movs	r2, #1
 1014 0032 FFF7FEFF 		bl	USBD_CtlSendData
 1015              	.LVL135:
 726:Middlewares/ST/STM32_USB_Device_Library/Core/Src/usbd_ctlreq.c **** 
 1016              		.loc 1 726 9 view .LVU327
 1017 0036 F4E7     		b	.L71
 1018              	.LVL136:
 1019              	.L76:
ARM GAS  C:\Users\subdia\AppData\Local\Temp\ccL1bc5n.s 			page 40


 733:Middlewares/ST/STM32_USB_Device_Library/Core/Src/usbd_ctlreq.c ****         break;
 1020              		.loc 1 733 9 view .LVU328
 1021 0038 FFF7FEFF 		bl	USBD_CtlError
 1022              	.LVL137:
 734:Middlewares/ST/STM32_USB_Device_Library/Core/Src/usbd_ctlreq.c ****     }
 1023              		.loc 1 734 9 view .LVU329
 737:Middlewares/ST/STM32_USB_Device_Library/Core/Src/usbd_ctlreq.c **** 
 1024              		.loc 1 737 1 is_stmt 0 view .LVU330
 1025 003c F1E7     		b	.L71
 1026              		.cfi_endproc
 1027              	.LFE74:
 1029              		.section	.text.USBD_GetStatus,"ax",%progbits
 1030              		.align	1
 1031              		.syntax unified
 1032              		.thumb
 1033              		.thumb_func
 1035              	USBD_GetStatus:
 1036              	.LVL138:
 1037              	.LFB75:
 747:Middlewares/ST/STM32_USB_Device_Library/Core/Src/usbd_ctlreq.c ****   switch (pdev->dev_state)
 1038              		.loc 1 747 1 is_stmt 1 view -0
 1039              		.cfi_startproc
 1040              		@ args = 0, pretend = 0, frame = 0
 1041              		@ frame_needed = 0, uses_anonymous_args = 0
 747:Middlewares/ST/STM32_USB_Device_Library/Core/Src/usbd_ctlreq.c ****   switch (pdev->dev_state)
 1042              		.loc 1 747 1 is_stmt 0 view .LVU332
 1043 0000 08B5     		push	{r3, lr}
 1044              	.LCFI9:
 1045              		.cfi_def_cfa_offset 8
 1046              		.cfi_offset 3, -8
 1047              		.cfi_offset 14, -4
 748:Middlewares/ST/STM32_USB_Device_Library/Core/Src/usbd_ctlreq.c ****   {
 1048              		.loc 1 748 3 is_stmt 1 view .LVU333
 748:Middlewares/ST/STM32_USB_Device_Library/Core/Src/usbd_ctlreq.c ****   {
 1049              		.loc 1 748 15 is_stmt 0 view .LVU334
 1050 0002 90F89C32 		ldrb	r3, [r0, #668]	@ zero_extendqisi2
 748:Middlewares/ST/STM32_USB_Device_Library/Core/Src/usbd_ctlreq.c ****   {
 1051              		.loc 1 748 3 view .LVU335
 1052 0006 013B     		subs	r3, r3, #1
 1053 0008 022B     		cmp	r3, #2
 1054 000a 12D8     		bhi	.L82
 753:Middlewares/ST/STM32_USB_Device_Library/Core/Src/usbd_ctlreq.c ****       {
 1055              		.loc 1 753 7 is_stmt 1 view .LVU336
 753:Middlewares/ST/STM32_USB_Device_Library/Core/Src/usbd_ctlreq.c ****       {
 1056              		.loc 1 753 14 is_stmt 0 view .LVU337
 1057 000c CB88     		ldrh	r3, [r1, #6]
 753:Middlewares/ST/STM32_USB_Device_Library/Core/Src/usbd_ctlreq.c ****       {
 1058              		.loc 1 753 10 view .LVU338
 1059 000e 022B     		cmp	r3, #2
 1060 0010 0CD1     		bne	.L87
 760:Middlewares/ST/STM32_USB_Device_Library/Core/Src/usbd_ctlreq.c **** #else
 1061              		.loc 1 760 7 is_stmt 1 view .LVU339
 760:Middlewares/ST/STM32_USB_Device_Library/Core/Src/usbd_ctlreq.c **** #else
 1062              		.loc 1 760 31 is_stmt 0 view .LVU340
 1063 0012 0123     		movs	r3, #1
 1064 0014 C360     		str	r3, [r0, #12]
 765:Middlewares/ST/STM32_USB_Device_Library/Core/Src/usbd_ctlreq.c ****       {
ARM GAS  C:\Users\subdia\AppData\Local\Temp\ccL1bc5n.s 			page 41


 1065              		.loc 1 765 7 is_stmt 1 view .LVU341
 765:Middlewares/ST/STM32_USB_Device_Library/Core/Src/usbd_ctlreq.c ****       {
 1066              		.loc 1 765 15 is_stmt 0 view .LVU342
 1067 0016 D0F8A432 		ldr	r3, [r0, #676]
 765:Middlewares/ST/STM32_USB_Device_Library/Core/Src/usbd_ctlreq.c ****       {
 1068              		.loc 1 765 10 view .LVU343
 1069 001a 0BB1     		cbz	r3, .L85
 767:Middlewares/ST/STM32_USB_Device_Library/Core/Src/usbd_ctlreq.c ****       }
 1070              		.loc 1 767 9 is_stmt 1 view .LVU344
 767:Middlewares/ST/STM32_USB_Device_Library/Core/Src/usbd_ctlreq.c ****       }
 1071              		.loc 1 767 33 is_stmt 0 view .LVU345
 1072 001c 0323     		movs	r3, #3
 1073 001e C360     		str	r3, [r0, #12]
 1074              	.L85:
 770:Middlewares/ST/STM32_USB_Device_Library/Core/Src/usbd_ctlreq.c ****       break;
 1075              		.loc 1 770 7 is_stmt 1 view .LVU346
 1076 0020 0222     		movs	r2, #2
 1077 0022 00F10C01 		add	r1, r0, #12
 1078              	.LVL139:
 770:Middlewares/ST/STM32_USB_Device_Library/Core/Src/usbd_ctlreq.c ****       break;
 1079              		.loc 1 770 7 is_stmt 0 view .LVU347
 1080 0026 FFF7FEFF 		bl	USBD_CtlSendData
 1081              	.LVL140:
 771:Middlewares/ST/STM32_USB_Device_Library/Core/Src/usbd_ctlreq.c **** 
 1082              		.loc 1 771 7 is_stmt 1 view .LVU348
 1083              	.L81:
 777:Middlewares/ST/STM32_USB_Device_Library/Core/Src/usbd_ctlreq.c **** 
 1084              		.loc 1 777 1 is_stmt 0 view .LVU349
 1085 002a 08BD     		pop	{r3, pc}
 1086              	.LVL141:
 1087              	.L87:
 755:Middlewares/ST/STM32_USB_Device_Library/Core/Src/usbd_ctlreq.c ****         break;
 1088              		.loc 1 755 9 is_stmt 1 view .LVU350
 1089 002c FFF7FEFF 		bl	USBD_CtlError
 1090              	.LVL142:
 756:Middlewares/ST/STM32_USB_Device_Library/Core/Src/usbd_ctlreq.c ****       }
 1091              		.loc 1 756 9 view .LVU351
 1092 0030 FBE7     		b	.L81
 1093              	.LVL143:
 1094              	.L82:
 774:Middlewares/ST/STM32_USB_Device_Library/Core/Src/usbd_ctlreq.c ****       break;
 1095              		.loc 1 774 7 view .LVU352
 1096 0032 FFF7FEFF 		bl	USBD_CtlError
 1097              	.LVL144:
 775:Middlewares/ST/STM32_USB_Device_Library/Core/Src/usbd_ctlreq.c ****   }
 1098              		.loc 1 775 7 view .LVU353
 777:Middlewares/ST/STM32_USB_Device_Library/Core/Src/usbd_ctlreq.c **** 
 1099              		.loc 1 777 1 is_stmt 0 view .LVU354
 1100 0036 F8E7     		b	.L81
 1101              		.cfi_endproc
 1102              	.LFE75:
 1104              		.section	.text.USBD_ClrFeature,"ax",%progbits
 1105              		.align	1
 1106              		.syntax unified
 1107              		.thumb
 1108              		.thumb_func
 1110              	USBD_ClrFeature:
ARM GAS  C:\Users\subdia\AppData\Local\Temp\ccL1bc5n.s 			page 42


 1111              	.LVL145:
 1112              	.LFB77:
 807:Middlewares/ST/STM32_USB_Device_Library/Core/Src/usbd_ctlreq.c ****   switch (pdev->dev_state)
 1113              		.loc 1 807 1 is_stmt 1 view -0
 1114              		.cfi_startproc
 1115              		@ args = 0, pretend = 0, frame = 0
 1116              		@ frame_needed = 0, uses_anonymous_args = 0
 807:Middlewares/ST/STM32_USB_Device_Library/Core/Src/usbd_ctlreq.c ****   switch (pdev->dev_state)
 1117              		.loc 1 807 1 is_stmt 0 view .LVU356
 1118 0000 08B5     		push	{r3, lr}
 1119              	.LCFI10:
 1120              		.cfi_def_cfa_offset 8
 1121              		.cfi_offset 3, -8
 1122              		.cfi_offset 14, -4
 808:Middlewares/ST/STM32_USB_Device_Library/Core/Src/usbd_ctlreq.c ****   {
 1123              		.loc 1 808 3 is_stmt 1 view .LVU357
 808:Middlewares/ST/STM32_USB_Device_Library/Core/Src/usbd_ctlreq.c ****   {
 1124              		.loc 1 808 15 is_stmt 0 view .LVU358
 1125 0002 90F89C32 		ldrb	r3, [r0, #668]	@ zero_extendqisi2
 808:Middlewares/ST/STM32_USB_Device_Library/Core/Src/usbd_ctlreq.c ****   {
 1126              		.loc 1 808 3 view .LVU359
 1127 0006 013B     		subs	r3, r3, #1
 1128 0008 022B     		cmp	r3, #2
 1129 000a 09D8     		bhi	.L89
 813:Middlewares/ST/STM32_USB_Device_Library/Core/Src/usbd_ctlreq.c ****       {
 1130              		.loc 1 813 7 is_stmt 1 view .LVU360
 813:Middlewares/ST/STM32_USB_Device_Library/Core/Src/usbd_ctlreq.c ****       {
 1131              		.loc 1 813 14 is_stmt 0 view .LVU361
 1132 000c 4B88     		ldrh	r3, [r1, #2]
 813:Middlewares/ST/STM32_USB_Device_Library/Core/Src/usbd_ctlreq.c ****       {
 1133              		.loc 1 813 10 view .LVU362
 1134 000e 012B     		cmp	r3, #1
 1135 0010 00D0     		beq	.L92
 1136              	.LVL146:
 1137              	.L88:
 824:Middlewares/ST/STM32_USB_Device_Library/Core/Src/usbd_ctlreq.c **** 
 1138              		.loc 1 824 1 view .LVU363
 1139 0012 08BD     		pop	{r3, pc}
 1140              	.LVL147:
 1141              	.L92:
 815:Middlewares/ST/STM32_USB_Device_Library/Core/Src/usbd_ctlreq.c ****         USBD_CtlSendStatus(pdev);
 1142              		.loc 1 815 9 is_stmt 1 view .LVU364
 815:Middlewares/ST/STM32_USB_Device_Library/Core/Src/usbd_ctlreq.c ****         USBD_CtlSendStatus(pdev);
 1143              		.loc 1 815 33 is_stmt 0 view .LVU365
 1144 0014 0023     		movs	r3, #0
 1145 0016 C0F8A432 		str	r3, [r0, #676]
 816:Middlewares/ST/STM32_USB_Device_Library/Core/Src/usbd_ctlreq.c ****       }
 1146              		.loc 1 816 9 is_stmt 1 view .LVU366
 1147 001a FFF7FEFF 		bl	USBD_CtlSendStatus
 1148              	.LVL148:
 816:Middlewares/ST/STM32_USB_Device_Library/Core/Src/usbd_ctlreq.c ****       }
 1149              		.loc 1 816 9 is_stmt 0 view .LVU367
 1150 001e F8E7     		b	.L88
 1151              	.LVL149:
 1152              	.L89:
 821:Middlewares/ST/STM32_USB_Device_Library/Core/Src/usbd_ctlreq.c ****       break;
 1153              		.loc 1 821 7 is_stmt 1 view .LVU368
ARM GAS  C:\Users\subdia\AppData\Local\Temp\ccL1bc5n.s 			page 43


 1154 0020 FFF7FEFF 		bl	USBD_CtlError
 1155              	.LVL150:
 822:Middlewares/ST/STM32_USB_Device_Library/Core/Src/usbd_ctlreq.c ****   }
 1156              		.loc 1 822 7 view .LVU369
 824:Middlewares/ST/STM32_USB_Device_Library/Core/Src/usbd_ctlreq.c **** 
 1157              		.loc 1 824 1 is_stmt 0 view .LVU370
 1158 0024 F5E7     		b	.L88
 1159              		.cfi_endproc
 1160              	.LFE77:
 1162              		.section	.text.USBD_StdDevReq,"ax",%progbits
 1163              		.align	1
 1164              		.global	USBD_StdDevReq
 1165              		.syntax unified
 1166              		.thumb
 1167              		.thumb_func
 1169              	USBD_StdDevReq:
 1170              	.LVL151:
 1171              	.LFB68:
 116:Middlewares/ST/STM32_USB_Device_Library/Core/Src/usbd_ctlreq.c ****   USBD_StatusTypeDef ret = USBD_OK;
 1172              		.loc 1 116 1 is_stmt 1 view -0
 1173              		.cfi_startproc
 1174              		@ args = 0, pretend = 0, frame = 0
 1175              		@ frame_needed = 0, uses_anonymous_args = 0
 116:Middlewares/ST/STM32_USB_Device_Library/Core/Src/usbd_ctlreq.c ****   USBD_StatusTypeDef ret = USBD_OK;
 1176              		.loc 1 116 1 is_stmt 0 view .LVU372
 1177 0000 08B5     		push	{r3, lr}
 1178              	.LCFI11:
 1179              		.cfi_def_cfa_offset 8
 1180              		.cfi_offset 3, -8
 1181              		.cfi_offset 14, -4
 117:Middlewares/ST/STM32_USB_Device_Library/Core/Src/usbd_ctlreq.c **** 
 1182              		.loc 1 117 3 is_stmt 1 view .LVU373
 1183              	.LVL152:
 119:Middlewares/ST/STM32_USB_Device_Library/Core/Src/usbd_ctlreq.c ****   {
 1184              		.loc 1 119 3 view .LVU374
 119:Middlewares/ST/STM32_USB_Device_Library/Core/Src/usbd_ctlreq.c ****   {
 1185              		.loc 1 119 14 is_stmt 0 view .LVU375
 1186 0002 0B78     		ldrb	r3, [r1]	@ zero_extendqisi2
 1187 0004 03F06003 		and	r3, r3, #96
 119:Middlewares/ST/STM32_USB_Device_Library/Core/Src/usbd_ctlreq.c ****   {
 1188              		.loc 1 119 3 view .LVU376
 1189 0008 202B     		cmp	r3, #32
 1190 000a 05D0     		beq	.L94
 1191 000c 402B     		cmp	r3, #64
 1192 000e 03D0     		beq	.L94
 1193 0010 43B1     		cbz	r3, .L95
 164:Middlewares/ST/STM32_USB_Device_Library/Core/Src/usbd_ctlreq.c ****       break;
 1194              		.loc 1 164 7 is_stmt 1 view .LVU377
 1195 0012 FFF7FEFF 		bl	USBD_CtlError
 1196              	.LVL153:
 165:Middlewares/ST/STM32_USB_Device_Library/Core/Src/usbd_ctlreq.c ****   }
 1197              		.loc 1 165 7 view .LVU378
 1198 0016 03E0     		b	.L97
 1199              	.LVL154:
 1200              	.L94:
 123:Middlewares/ST/STM32_USB_Device_Library/Core/Src/usbd_ctlreq.c ****       break;
 1201              		.loc 1 123 7 view .LVU379
ARM GAS  C:\Users\subdia\AppData\Local\Temp\ccL1bc5n.s 			page 44


 123:Middlewares/ST/STM32_USB_Device_Library/Core/Src/usbd_ctlreq.c ****       break;
 1202              		.loc 1 123 11 is_stmt 0 view .LVU380
 1203 0018 D0F8B432 		ldr	r3, [r0, #692]
 123:Middlewares/ST/STM32_USB_Device_Library/Core/Src/usbd_ctlreq.c ****       break;
 1204              		.loc 1 123 19 view .LVU381
 1205 001c 9B68     		ldr	r3, [r3, #8]
 123:Middlewares/ST/STM32_USB_Device_Library/Core/Src/usbd_ctlreq.c ****       break;
 1206              		.loc 1 123 7 view .LVU382
 1207 001e 9847     		blx	r3
 1208              	.LVL155:
 124:Middlewares/ST/STM32_USB_Device_Library/Core/Src/usbd_ctlreq.c **** 
 1209              		.loc 1 124 7 is_stmt 1 view .LVU383
 1210              	.L97:
 168:Middlewares/ST/STM32_USB_Device_Library/Core/Src/usbd_ctlreq.c **** }
 1211              		.loc 1 168 3 view .LVU384
 169:Middlewares/ST/STM32_USB_Device_Library/Core/Src/usbd_ctlreq.c **** 
 1212              		.loc 1 169 1 is_stmt 0 view .LVU385
 1213 0020 0020     		movs	r0, #0
 1214 0022 08BD     		pop	{r3, pc}
 1215              	.LVL156:
 1216              	.L95:
 127:Middlewares/ST/STM32_USB_Device_Library/Core/Src/usbd_ctlreq.c ****       {
 1217              		.loc 1 127 7 is_stmt 1 view .LVU386
 127:Middlewares/ST/STM32_USB_Device_Library/Core/Src/usbd_ctlreq.c ****       {
 1218              		.loc 1 127 18 is_stmt 0 view .LVU387
 1219 0024 4B78     		ldrb	r3, [r1, #1]	@ zero_extendqisi2
 127:Middlewares/ST/STM32_USB_Device_Library/Core/Src/usbd_ctlreq.c ****       {
 1220              		.loc 1 127 7 view .LVU388
 1221 0026 052B     		cmp	r3, #5
 1222 0028 11D0     		beq	.L98
 1223 002a 07D8     		bhi	.L99
 1224 002c 012B     		cmp	r3, #1
 1225 002e 1AD0     		beq	.L100
 1226 0030 032B     		cmp	r3, #3
 1227 0032 15D0     		beq	.L101
 1228 0034 D3B9     		cbnz	r3, .L103
 146:Middlewares/ST/STM32_USB_Device_Library/Core/Src/usbd_ctlreq.c ****           break;
 1229              		.loc 1 146 11 is_stmt 1 view .LVU389
 1230 0036 FFF7FEFF 		bl	USBD_GetStatus
 1231              	.LVL157:
 147:Middlewares/ST/STM32_USB_Device_Library/Core/Src/usbd_ctlreq.c **** 
 1232              		.loc 1 147 11 view .LVU390
 1233 003a F1E7     		b	.L97
 1234              	.LVL158:
 1235              	.L99:
 127:Middlewares/ST/STM32_USB_Device_Library/Core/Src/usbd_ctlreq.c ****       {
 1236              		.loc 1 127 7 is_stmt 0 view .LVU391
 1237 003c 082B     		cmp	r3, #8
 1238 003e 0CD0     		beq	.L104
 1239 0040 092B     		cmp	r3, #9
 1240 0042 07D0     		beq	.L105
 1241 0044 062B     		cmp	r3, #6
 1242 0046 11D1     		bne	.L103
 130:Middlewares/ST/STM32_USB_Device_Library/Core/Src/usbd_ctlreq.c ****           break;
 1243              		.loc 1 130 11 is_stmt 1 view .LVU392
 1244 0048 FFF7FEFF 		bl	USBD_GetDescriptor
 1245              	.LVL159:
ARM GAS  C:\Users\subdia\AppData\Local\Temp\ccL1bc5n.s 			page 45


 131:Middlewares/ST/STM32_USB_Device_Library/Core/Src/usbd_ctlreq.c **** 
 1246              		.loc 1 131 11 view .LVU393
 1247 004c E8E7     		b	.L97
 1248              	.LVL160:
 1249              	.L98:
 134:Middlewares/ST/STM32_USB_Device_Library/Core/Src/usbd_ctlreq.c ****           break;
 1250              		.loc 1 134 11 view .LVU394
 1251 004e FFF7FEFF 		bl	USBD_SetAddress
 1252              	.LVL161:
 135:Middlewares/ST/STM32_USB_Device_Library/Core/Src/usbd_ctlreq.c **** 
 1253              		.loc 1 135 11 view .LVU395
 1254 0052 E5E7     		b	.L97
 1255              	.LVL162:
 1256              	.L105:
 138:Middlewares/ST/STM32_USB_Device_Library/Core/Src/usbd_ctlreq.c ****           break;
 1257              		.loc 1 138 11 view .LVU396
 1258 0054 FFF7FEFF 		bl	USBD_SetConfig
 1259              	.LVL163:
 139:Middlewares/ST/STM32_USB_Device_Library/Core/Src/usbd_ctlreq.c **** 
 1260              		.loc 1 139 11 view .LVU397
 1261 0058 E2E7     		b	.L97
 1262              	.LVL164:
 1263              	.L104:
 142:Middlewares/ST/STM32_USB_Device_Library/Core/Src/usbd_ctlreq.c ****           break;
 1264              		.loc 1 142 11 view .LVU398
 1265 005a FFF7FEFF 		bl	USBD_GetConfig
 1266              	.LVL165:
 143:Middlewares/ST/STM32_USB_Device_Library/Core/Src/usbd_ctlreq.c **** 
 1267              		.loc 1 143 11 view .LVU399
 1268 005e DFE7     		b	.L97
 1269              	.LVL166:
 1270              	.L101:
 150:Middlewares/ST/STM32_USB_Device_Library/Core/Src/usbd_ctlreq.c ****           break;
 1271              		.loc 1 150 11 view .LVU400
 1272 0060 FFF7FEFF 		bl	USBD_SetFeature
 1273              	.LVL167:
 151:Middlewares/ST/STM32_USB_Device_Library/Core/Src/usbd_ctlreq.c **** 
 1274              		.loc 1 151 11 view .LVU401
 1275 0064 DCE7     		b	.L97
 1276              	.LVL168:
 1277              	.L100:
 154:Middlewares/ST/STM32_USB_Device_Library/Core/Src/usbd_ctlreq.c ****           break;
 1278              		.loc 1 154 11 view .LVU402
 1279 0066 FFF7FEFF 		bl	USBD_ClrFeature
 1280              	.LVL169:
 155:Middlewares/ST/STM32_USB_Device_Library/Core/Src/usbd_ctlreq.c **** 
 1281              		.loc 1 155 11 view .LVU403
 1282 006a D9E7     		b	.L97
 1283              	.LVL170:
 1284              	.L103:
 158:Middlewares/ST/STM32_USB_Device_Library/Core/Src/usbd_ctlreq.c ****           break;
 1285              		.loc 1 158 11 view .LVU404
 1286 006c FFF7FEFF 		bl	USBD_CtlError
 1287              	.LVL171:
 159:Middlewares/ST/STM32_USB_Device_Library/Core/Src/usbd_ctlreq.c ****       }
 1288              		.loc 1 159 11 view .LVU405
 1289 0070 D6E7     		b	.L97
ARM GAS  C:\Users\subdia\AppData\Local\Temp\ccL1bc5n.s 			page 46


 1290              		.cfi_endproc
 1291              	.LFE68:
 1293              		.section	.text.USBD_StdItfReq,"ax",%progbits
 1294              		.align	1
 1295              		.global	USBD_StdItfReq
 1296              		.syntax unified
 1297              		.thumb
 1298              		.thumb_func
 1300              	USBD_StdItfReq:
 1301              	.LVL172:
 1302              	.LFB69:
 180:Middlewares/ST/STM32_USB_Device_Library/Core/Src/usbd_ctlreq.c ****   USBD_StatusTypeDef ret = USBD_OK;
 1303              		.loc 1 180 1 view -0
 1304              		.cfi_startproc
 1305              		@ args = 0, pretend = 0, frame = 0
 1306              		@ frame_needed = 0, uses_anonymous_args = 0
 180:Middlewares/ST/STM32_USB_Device_Library/Core/Src/usbd_ctlreq.c ****   USBD_StatusTypeDef ret = USBD_OK;
 1307              		.loc 1 180 1 is_stmt 0 view .LVU407
 1308 0000 38B5     		push	{r3, r4, r5, lr}
 1309              	.LCFI12:
 1310              		.cfi_def_cfa_offset 16
 1311              		.cfi_offset 3, -16
 1312              		.cfi_offset 4, -12
 1313              		.cfi_offset 5, -8
 1314              		.cfi_offset 14, -4
 1315 0002 0546     		mov	r5, r0
 1316 0004 0C46     		mov	r4, r1
 181:Middlewares/ST/STM32_USB_Device_Library/Core/Src/usbd_ctlreq.c **** 
 1317              		.loc 1 181 3 is_stmt 1 view .LVU408
 1318              	.LVL173:
 183:Middlewares/ST/STM32_USB_Device_Library/Core/Src/usbd_ctlreq.c ****   {
 1319              		.loc 1 183 3 view .LVU409
 183:Middlewares/ST/STM32_USB_Device_Library/Core/Src/usbd_ctlreq.c ****   {
 1320              		.loc 1 183 14 is_stmt 0 view .LVU410
 1321 0006 0B78     		ldrb	r3, [r1]	@ zero_extendqisi2
 1322 0008 03F06003 		and	r3, r3, #96
 183:Middlewares/ST/STM32_USB_Device_Library/Core/Src/usbd_ctlreq.c ****   {
 1323              		.loc 1 183 3 view .LVU411
 1324 000c 202B     		cmp	r3, #32
 1325 000e 06D0     		beq	.L109
 1326 0010 402B     		cmp	r3, #64
 1327 0012 04D0     		beq	.L109
 1328 0014 1BB1     		cbz	r3, .L109
 216:Middlewares/ST/STM32_USB_Device_Library/Core/Src/usbd_ctlreq.c ****       break;
 1329              		.loc 1 216 7 is_stmt 1 view .LVU412
 1330 0016 FFF7FEFF 		bl	USBD_CtlError
 1331              	.LVL174:
 217:Middlewares/ST/STM32_USB_Device_Library/Core/Src/usbd_ctlreq.c ****   }
 1332              		.loc 1 217 7 view .LVU413
 1333              	.L113:
 220:Middlewares/ST/STM32_USB_Device_Library/Core/Src/usbd_ctlreq.c **** }
 1334              		.loc 1 220 3 view .LVU414
 221:Middlewares/ST/STM32_USB_Device_Library/Core/Src/usbd_ctlreq.c **** 
 1335              		.loc 1 221 1 is_stmt 0 view .LVU415
 1336 001a 0020     		movs	r0, #0
 1337 001c 38BD     		pop	{r3, r4, r5, pc}
 1338              	.LVL175:
ARM GAS  C:\Users\subdia\AppData\Local\Temp\ccL1bc5n.s 			page 47


 1339              	.L109:
 188:Middlewares/ST/STM32_USB_Device_Library/Core/Src/usbd_ctlreq.c ****       {
 1340              		.loc 1 188 7 is_stmt 1 view .LVU416
 188:Middlewares/ST/STM32_USB_Device_Library/Core/Src/usbd_ctlreq.c ****       {
 1341              		.loc 1 188 19 is_stmt 0 view .LVU417
 1342 001e 95F89C32 		ldrb	r3, [r5, #668]	@ zero_extendqisi2
 188:Middlewares/ST/STM32_USB_Device_Library/Core/Src/usbd_ctlreq.c ****       {
 1343              		.loc 1 188 7 view .LVU418
 1344 0022 013B     		subs	r3, r3, #1
 1345 0024 022B     		cmp	r3, #2
 1346 0026 16D8     		bhi	.L111
 194:Middlewares/ST/STM32_USB_Device_Library/Core/Src/usbd_ctlreq.c ****           {
 1347              		.loc 1 194 11 is_stmt 1 view .LVU419
 194:Middlewares/ST/STM32_USB_Device_Library/Core/Src/usbd_ctlreq.c ****           {
 1348              		.loc 1 194 15 is_stmt 0 view .LVU420
 1349 0028 2379     		ldrb	r3, [r4, #4]	@ zero_extendqisi2
 194:Middlewares/ST/STM32_USB_Device_Library/Core/Src/usbd_ctlreq.c ****           {
 1350              		.loc 1 194 14 view .LVU421
 1351 002a 012B     		cmp	r3, #1
 1352 002c 0ED8     		bhi	.L112
 196:Middlewares/ST/STM32_USB_Device_Library/Core/Src/usbd_ctlreq.c **** 
 1353              		.loc 1 196 13 is_stmt 1 view .LVU422
 196:Middlewares/ST/STM32_USB_Device_Library/Core/Src/usbd_ctlreq.c **** 
 1354              		.loc 1 196 43 is_stmt 0 view .LVU423
 1355 002e D5F8B432 		ldr	r3, [r5, #692]
 196:Middlewares/ST/STM32_USB_Device_Library/Core/Src/usbd_ctlreq.c **** 
 1356              		.loc 1 196 51 view .LVU424
 1357 0032 9B68     		ldr	r3, [r3, #8]
 196:Middlewares/ST/STM32_USB_Device_Library/Core/Src/usbd_ctlreq.c **** 
 1358              		.loc 1 196 39 view .LVU425
 1359 0034 2146     		mov	r1, r4
 1360              	.LVL176:
 196:Middlewares/ST/STM32_USB_Device_Library/Core/Src/usbd_ctlreq.c **** 
 1361              		.loc 1 196 39 view .LVU426
 1362 0036 2846     		mov	r0, r5
 1363              	.LVL177:
 196:Middlewares/ST/STM32_USB_Device_Library/Core/Src/usbd_ctlreq.c **** 
 1364              		.loc 1 196 39 view .LVU427
 1365 0038 9847     		blx	r3
 1366              	.LVL178:
 198:Middlewares/ST/STM32_USB_Device_Library/Core/Src/usbd_ctlreq.c ****             {
 1367              		.loc 1 198 13 is_stmt 1 view .LVU428
 198:Middlewares/ST/STM32_USB_Device_Library/Core/Src/usbd_ctlreq.c ****             {
 1368              		.loc 1 198 21 is_stmt 0 view .LVU429
 1369 003a E388     		ldrh	r3, [r4, #6]
 198:Middlewares/ST/STM32_USB_Device_Library/Core/Src/usbd_ctlreq.c ****             {
 1370              		.loc 1 198 16 view .LVU430
 1371 003c 002B     		cmp	r3, #0
 1372 003e ECD1     		bne	.L113
 198:Middlewares/ST/STM32_USB_Device_Library/Core/Src/usbd_ctlreq.c ****             {
 1373              		.loc 1 198 38 discriminator 1 view .LVU431
 1374 0040 0028     		cmp	r0, #0
 1375 0042 EAD1     		bne	.L113
 200:Middlewares/ST/STM32_USB_Device_Library/Core/Src/usbd_ctlreq.c ****             }
 1376              		.loc 1 200 15 is_stmt 1 view .LVU432
 1377 0044 2846     		mov	r0, r5
 1378              	.LVL179:
ARM GAS  C:\Users\subdia\AppData\Local\Temp\ccL1bc5n.s 			page 48


 200:Middlewares/ST/STM32_USB_Device_Library/Core/Src/usbd_ctlreq.c ****             }
 1379              		.loc 1 200 15 is_stmt 0 view .LVU433
 1380 0046 FFF7FEFF 		bl	USBD_CtlSendStatus
 1381              	.LVL180:
 1382 004a E6E7     		b	.L113
 1383              	.LVL181:
 1384              	.L112:
 205:Middlewares/ST/STM32_USB_Device_Library/Core/Src/usbd_ctlreq.c ****           }
 1385              		.loc 1 205 13 is_stmt 1 view .LVU434
 1386 004c 2146     		mov	r1, r4
 1387              	.LVL182:
 205:Middlewares/ST/STM32_USB_Device_Library/Core/Src/usbd_ctlreq.c ****           }
 1388              		.loc 1 205 13 is_stmt 0 view .LVU435
 1389 004e 2846     		mov	r0, r5
 1390              	.LVL183:
 205:Middlewares/ST/STM32_USB_Device_Library/Core/Src/usbd_ctlreq.c ****           }
 1391              		.loc 1 205 13 view .LVU436
 1392 0050 FFF7FEFF 		bl	USBD_CtlError
 1393              	.LVL184:
 1394 0054 E1E7     		b	.L113
 1395              	.LVL185:
 1396              	.L111:
 210:Middlewares/ST/STM32_USB_Device_Library/Core/Src/usbd_ctlreq.c ****           break;
 1397              		.loc 1 210 11 is_stmt 1 view .LVU437
 1398 0056 2146     		mov	r1, r4
 1399              	.LVL186:
 210:Middlewares/ST/STM32_USB_Device_Library/Core/Src/usbd_ctlreq.c ****           break;
 1400              		.loc 1 210 11 is_stmt 0 view .LVU438
 1401 0058 2846     		mov	r0, r5
 1402              	.LVL187:
 210:Middlewares/ST/STM32_USB_Device_Library/Core/Src/usbd_ctlreq.c ****           break;
 1403              		.loc 1 210 11 view .LVU439
 1404 005a FFF7FEFF 		bl	USBD_CtlError
 1405              	.LVL188:
 211:Middlewares/ST/STM32_USB_Device_Library/Core/Src/usbd_ctlreq.c ****       }
 1406              		.loc 1 211 11 is_stmt 1 view .LVU440
 1407 005e DCE7     		b	.L113
 1408              		.cfi_endproc
 1409              	.LFE69:
 1411              		.section	.text.USBD_StdEPReq,"ax",%progbits
 1412              		.align	1
 1413              		.global	USBD_StdEPReq
 1414              		.syntax unified
 1415              		.thumb
 1416              		.thumb_func
 1418              	USBD_StdEPReq:
 1419              	.LVL189:
 1420              	.LFB70:
 232:Middlewares/ST/STM32_USB_Device_Library/Core/Src/usbd_ctlreq.c ****   USBD_EndpointTypeDef *pep;
 1421              		.loc 1 232 1 view -0
 1422              		.cfi_startproc
 1423              		@ args = 0, pretend = 0, frame = 0
 1424              		@ frame_needed = 0, uses_anonymous_args = 0
 232:Middlewares/ST/STM32_USB_Device_Library/Core/Src/usbd_ctlreq.c ****   USBD_EndpointTypeDef *pep;
 1425              		.loc 1 232 1 is_stmt 0 view .LVU442
 1426 0000 70B5     		push	{r4, r5, r6, lr}
 1427              	.LCFI13:
ARM GAS  C:\Users\subdia\AppData\Local\Temp\ccL1bc5n.s 			page 49


 1428              		.cfi_def_cfa_offset 16
 1429              		.cfi_offset 4, -16
 1430              		.cfi_offset 5, -12
 1431              		.cfi_offset 6, -8
 1432              		.cfi_offset 14, -4
 1433 0002 0546     		mov	r5, r0
 233:Middlewares/ST/STM32_USB_Device_Library/Core/Src/usbd_ctlreq.c ****   uint8_t   ep_addr;
 1434              		.loc 1 233 3 is_stmt 1 view .LVU443
 234:Middlewares/ST/STM32_USB_Device_Library/Core/Src/usbd_ctlreq.c ****   USBD_StatusTypeDef ret = USBD_OK;
 1435              		.loc 1 234 3 view .LVU444
 235:Middlewares/ST/STM32_USB_Device_Library/Core/Src/usbd_ctlreq.c ****   ep_addr  = LOBYTE(req->wIndex);
 1436              		.loc 1 235 3 view .LVU445
 1437              	.LVL190:
 236:Middlewares/ST/STM32_USB_Device_Library/Core/Src/usbd_ctlreq.c **** 
 1438              		.loc 1 236 3 view .LVU446
 236:Middlewares/ST/STM32_USB_Device_Library/Core/Src/usbd_ctlreq.c **** 
 1439              		.loc 1 236 14 is_stmt 0 view .LVU447
 1440 0004 8B88     		ldrh	r3, [r1, #4]
 1441              	.LVL191:
 238:Middlewares/ST/STM32_USB_Device_Library/Core/Src/usbd_ctlreq.c ****   {
 1442              		.loc 1 238 3 is_stmt 1 view .LVU448
 238:Middlewares/ST/STM32_USB_Device_Library/Core/Src/usbd_ctlreq.c ****   {
 1443              		.loc 1 238 14 is_stmt 0 view .LVU449
 1444 0006 0C78     		ldrb	r4, [r1]	@ zero_extendqisi2
 1445 0008 04F06004 		and	r4, r4, #96
 238:Middlewares/ST/STM32_USB_Device_Library/Core/Src/usbd_ctlreq.c ****   {
 1446              		.loc 1 238 3 view .LVU450
 1447 000c 202C     		cmp	r4, #32
 1448 000e 07D0     		beq	.L116
 1449 0010 DAB2     		uxtb	r2, r3
 1450 0012 402C     		cmp	r4, #64
 1451 0014 04D0     		beq	.L116
 1452 0016 5CB1     		cbz	r4, .L117
 390:Middlewares/ST/STM32_USB_Device_Library/Core/Src/usbd_ctlreq.c ****       break;
 1453              		.loc 1 390 7 is_stmt 1 view .LVU451
 1454 0018 FFF7FEFF 		bl	USBD_CtlError
 1455              	.LVL192:
 391:Middlewares/ST/STM32_USB_Device_Library/Core/Src/usbd_ctlreq.c ****   }
 1456              		.loc 1 391 7 view .LVU452
 394:Middlewares/ST/STM32_USB_Device_Library/Core/Src/usbd_ctlreq.c **** }
 1457              		.loc 1 394 10 is_stmt 0 view .LVU453
 1458 001c 0024     		movs	r4, #0
 391:Middlewares/ST/STM32_USB_Device_Library/Core/Src/usbd_ctlreq.c ****   }
 1459              		.loc 1 391 7 view .LVU454
 1460 001e 05E0     		b	.L119
 1461              	.LVL193:
 1462              	.L116:
 242:Middlewares/ST/STM32_USB_Device_Library/Core/Src/usbd_ctlreq.c ****       break;
 1463              		.loc 1 242 7 is_stmt 1 view .LVU455
 242:Middlewares/ST/STM32_USB_Device_Library/Core/Src/usbd_ctlreq.c ****       break;
 1464              		.loc 1 242 11 is_stmt 0 view .LVU456
 1465 0020 D5F8B432 		ldr	r3, [r5, #692]
 1466              	.LVL194:
 242:Middlewares/ST/STM32_USB_Device_Library/Core/Src/usbd_ctlreq.c ****       break;
 1467              		.loc 1 242 19 view .LVU457
 1468 0024 9B68     		ldr	r3, [r3, #8]
 242:Middlewares/ST/STM32_USB_Device_Library/Core/Src/usbd_ctlreq.c ****       break;
ARM GAS  C:\Users\subdia\AppData\Local\Temp\ccL1bc5n.s 			page 50


 1469              		.loc 1 242 7 view .LVU458
 1470 0026 2846     		mov	r0, r5
 1471              	.LVL195:
 242:Middlewares/ST/STM32_USB_Device_Library/Core/Src/usbd_ctlreq.c ****       break;
 1472              		.loc 1 242 7 view .LVU459
 1473 0028 9847     		blx	r3
 1474              	.LVL196:
 243:Middlewares/ST/STM32_USB_Device_Library/Core/Src/usbd_ctlreq.c **** 
 1475              		.loc 1 243 7 is_stmt 1 view .LVU460
 394:Middlewares/ST/STM32_USB_Device_Library/Core/Src/usbd_ctlreq.c **** }
 1476              		.loc 1 394 10 is_stmt 0 view .LVU461
 1477 002a 0024     		movs	r4, #0
 1478              	.LVL197:
 1479              	.L119:
 395:Middlewares/ST/STM32_USB_Device_Library/Core/Src/usbd_ctlreq.c **** 
 1480              		.loc 1 395 1 view .LVU462
 1481 002c 2046     		mov	r0, r4
 1482 002e 70BD     		pop	{r4, r5, r6, pc}
 1483              	.LVL198:
 1484              	.L117:
 247:Middlewares/ST/STM32_USB_Device_Library/Core/Src/usbd_ctlreq.c ****       {
 1485              		.loc 1 247 7 is_stmt 1 view .LVU463
 247:Middlewares/ST/STM32_USB_Device_Library/Core/Src/usbd_ctlreq.c ****       {
 1486              		.loc 1 247 10 is_stmt 0 view .LVU464
 1487 0030 202C     		cmp	r4, #32
 1488 0032 0BD0     		beq	.L155
 254:Middlewares/ST/STM32_USB_Device_Library/Core/Src/usbd_ctlreq.c ****       {
 1489              		.loc 1 254 7 is_stmt 1 view .LVU465
 254:Middlewares/ST/STM32_USB_Device_Library/Core/Src/usbd_ctlreq.c ****       {
 1490              		.loc 1 254 18 is_stmt 0 view .LVU466
 1491 0034 4878     		ldrb	r0, [r1, #1]	@ zero_extendqisi2
 1492              	.LVL199:
 254:Middlewares/ST/STM32_USB_Device_Library/Core/Src/usbd_ctlreq.c ****       {
 1493              		.loc 1 254 18 view .LVU467
 1494 0036 0646     		mov	r6, r0
 254:Middlewares/ST/STM32_USB_Device_Library/Core/Src/usbd_ctlreq.c ****       {
 1495              		.loc 1 254 7 view .LVU468
 1496 0038 0128     		cmp	r0, #1
 1497 003a 37D0     		beq	.L121
 1498 003c 0328     		cmp	r0, #3
 1499 003e 0BD0     		beq	.L122
 1500 0040 0028     		cmp	r0, #0
 1501 0042 5CD0     		beq	.L123
 384:Middlewares/ST/STM32_USB_Device_Library/Core/Src/usbd_ctlreq.c ****           break;
 1502              		.loc 1 384 11 is_stmt 1 view .LVU469
 1503 0044 2846     		mov	r0, r5
 1504 0046 FFF7FEFF 		bl	USBD_CtlError
 1505              	.LVL200:
 385:Middlewares/ST/STM32_USB_Device_Library/Core/Src/usbd_ctlreq.c ****       }
 1506              		.loc 1 385 11 view .LVU470
 1507 004a EFE7     		b	.L119
 1508              	.LVL201:
 1509              	.L155:
 249:Middlewares/ST/STM32_USB_Device_Library/Core/Src/usbd_ctlreq.c **** 
 1510              		.loc 1 249 9 view .LVU471
 249:Middlewares/ST/STM32_USB_Device_Library/Core/Src/usbd_ctlreq.c **** 
 1511              		.loc 1 249 39 is_stmt 0 view .LVU472
ARM GAS  C:\Users\subdia\AppData\Local\Temp\ccL1bc5n.s 			page 51


 1512 004c D0F8B432 		ldr	r3, [r0, #692]
 1513              	.LVL202:
 249:Middlewares/ST/STM32_USB_Device_Library/Core/Src/usbd_ctlreq.c **** 
 1514              		.loc 1 249 47 view .LVU473
 1515 0050 9B68     		ldr	r3, [r3, #8]
 249:Middlewares/ST/STM32_USB_Device_Library/Core/Src/usbd_ctlreq.c **** 
 1516              		.loc 1 249 35 view .LVU474
 1517 0052 9847     		blx	r3
 1518              	.LVL203:
 249:Middlewares/ST/STM32_USB_Device_Library/Core/Src/usbd_ctlreq.c **** 
 1519              		.loc 1 249 35 view .LVU475
 1520 0054 0446     		mov	r4, r0
 1521              	.LVL204:
 251:Middlewares/ST/STM32_USB_Device_Library/Core/Src/usbd_ctlreq.c ****       }
 1522              		.loc 1 251 9 is_stmt 1 view .LVU476
 251:Middlewares/ST/STM32_USB_Device_Library/Core/Src/usbd_ctlreq.c ****       }
 1523              		.loc 1 251 16 is_stmt 0 view .LVU477
 1524 0056 E9E7     		b	.L119
 1525              	.LVL205:
 1526              	.L122:
 257:Middlewares/ST/STM32_USB_Device_Library/Core/Src/usbd_ctlreq.c ****           {
 1527              		.loc 1 257 11 is_stmt 1 view .LVU478
 257:Middlewares/ST/STM32_USB_Device_Library/Core/Src/usbd_ctlreq.c ****           {
 1528              		.loc 1 257 23 is_stmt 0 view .LVU479
 1529 0058 95F89C32 		ldrb	r3, [r5, #668]	@ zero_extendqisi2
 1530              	.LVL206:
 257:Middlewares/ST/STM32_USB_Device_Library/Core/Src/usbd_ctlreq.c ****           {
 1531              		.loc 1 257 11 view .LVU480
 1532 005c 022B     		cmp	r3, #2
 1533 005e 05D0     		beq	.L125
 1534 0060 032B     		cmp	r3, #3
 1535 0062 13D0     		beq	.L126
 285:Middlewares/ST/STM32_USB_Device_Library/Core/Src/usbd_ctlreq.c ****               break;
 1536              		.loc 1 285 15 is_stmt 1 view .LVU481
 1537 0064 2846     		mov	r0, r5
 1538 0066 FFF7FEFF 		bl	USBD_CtlError
 1539              	.LVL207:
 286:Middlewares/ST/STM32_USB_Device_Library/Core/Src/usbd_ctlreq.c ****           }
 1540              		.loc 1 286 15 view .LVU482
 1541 006a DFE7     		b	.L119
 1542              	.LVL208:
 1543              	.L125:
 260:Middlewares/ST/STM32_USB_Device_Library/Core/Src/usbd_ctlreq.c ****               {
 1544              		.loc 1 260 15 view .LVU483
 260:Middlewares/ST/STM32_USB_Device_Library/Core/Src/usbd_ctlreq.c ****               {
 1545              		.loc 1 260 18 is_stmt 0 view .LVU484
 1546 006c 0AB1     		cbz	r2, .L128
 260:Middlewares/ST/STM32_USB_Device_Library/Core/Src/usbd_ctlreq.c ****               {
 1547              		.loc 1 260 38 discriminator 1 view .LVU485
 1548 006e 802A     		cmp	r2, #128
 1549 0070 03D1     		bne	.L156
 1550              	.L128:
 267:Middlewares/ST/STM32_USB_Device_Library/Core/Src/usbd_ctlreq.c ****               }
 1551              		.loc 1 267 17 is_stmt 1 view .LVU486
 1552 0072 2846     		mov	r0, r5
 1553 0074 FFF7FEFF 		bl	USBD_CtlError
 1554              	.LVL209:
ARM GAS  C:\Users\subdia\AppData\Local\Temp\ccL1bc5n.s 			page 52


 267:Middlewares/ST/STM32_USB_Device_Library/Core/Src/usbd_ctlreq.c ****               }
 1555              		.loc 1 267 17 is_stmt 0 view .LVU487
 1556 0078 D8E7     		b	.L119
 1557              	.LVL210:
 1558              	.L156:
 262:Middlewares/ST/STM32_USB_Device_Library/Core/Src/usbd_ctlreq.c ****                 USBD_LL_StallEP(pdev, 0x80U);
 1559              		.loc 1 262 17 is_stmt 1 view .LVU488
 1560 007a 1146     		mov	r1, r2
 1561              	.LVL211:
 262:Middlewares/ST/STM32_USB_Device_Library/Core/Src/usbd_ctlreq.c ****                 USBD_LL_StallEP(pdev, 0x80U);
 1562              		.loc 1 262 17 is_stmt 0 view .LVU489
 1563 007c 2846     		mov	r0, r5
 1564 007e FFF7FEFF 		bl	USBD_LL_StallEP
 1565              	.LVL212:
 263:Middlewares/ST/STM32_USB_Device_Library/Core/Src/usbd_ctlreq.c ****               }
 1566              		.loc 1 263 17 is_stmt 1 view .LVU490
 1567 0082 8021     		movs	r1, #128
 1568 0084 2846     		mov	r0, r5
 1569 0086 FFF7FEFF 		bl	USBD_LL_StallEP
 1570              	.LVL213:
 1571 008a CFE7     		b	.L119
 1572              	.LVL214:
 1573              	.L126:
 272:Middlewares/ST/STM32_USB_Device_Library/Core/Src/usbd_ctlreq.c ****               {
 1574              		.loc 1 272 15 view .LVU491
 272:Middlewares/ST/STM32_USB_Device_Library/Core/Src/usbd_ctlreq.c ****               {
 1575              		.loc 1 272 22 is_stmt 0 view .LVU492
 1576 008c 4B88     		ldrh	r3, [r1, #2]
 272:Middlewares/ST/STM32_USB_Device_Library/Core/Src/usbd_ctlreq.c ****               {
 1577              		.loc 1 272 18 view .LVU493
 1578 008e 23B9     		cbnz	r3, .L129
 274:Middlewares/ST/STM32_USB_Device_Library/Core/Src/usbd_ctlreq.c ****                     (ep_addr != 0x80U) && (req->wLength == 0x00U))
 1579              		.loc 1 274 17 is_stmt 1 view .LVU494
 274:Middlewares/ST/STM32_USB_Device_Library/Core/Src/usbd_ctlreq.c ****                     (ep_addr != 0x80U) && (req->wLength == 0x00U))
 1580              		.loc 1 274 20 is_stmt 0 view .LVU495
 1581 0090 1AB1     		cbz	r2, .L129
 274:Middlewares/ST/STM32_USB_Device_Library/Core/Src/usbd_ctlreq.c ****                     (ep_addr != 0x80U) && (req->wLength == 0x00U))
 1582              		.loc 1 274 40 discriminator 1 view .LVU496
 1583 0092 802A     		cmp	r2, #128
 1584 0094 01D0     		beq	.L129
 275:Middlewares/ST/STM32_USB_Device_Library/Core/Src/usbd_ctlreq.c ****                 {
 1585              		.loc 1 275 47 view .LVU497
 1586 0096 CB88     		ldrh	r3, [r1, #6]
 275:Middlewares/ST/STM32_USB_Device_Library/Core/Src/usbd_ctlreq.c ****                 {
 1587              		.loc 1 275 40 view .LVU498
 1588 0098 1BB1     		cbz	r3, .L157
 1589              	.LVL215:
 1590              	.L129:
 280:Middlewares/ST/STM32_USB_Device_Library/Core/Src/usbd_ctlreq.c **** 
 1591              		.loc 1 280 15 is_stmt 1 view .LVU499
 1592 009a 2846     		mov	r0, r5
 1593 009c FFF7FEFF 		bl	USBD_CtlSendStatus
 1594              	.LVL216:
 282:Middlewares/ST/STM32_USB_Device_Library/Core/Src/usbd_ctlreq.c **** 
 1595              		.loc 1 282 15 view .LVU500
 1596 00a0 C4E7     		b	.L119
 1597              	.LVL217:
ARM GAS  C:\Users\subdia\AppData\Local\Temp\ccL1bc5n.s 			page 53


 1598              	.L157:
 277:Middlewares/ST/STM32_USB_Device_Library/Core/Src/usbd_ctlreq.c ****                 }
 1599              		.loc 1 277 19 view .LVU501
 1600 00a2 1146     		mov	r1, r2
 1601              	.LVL218:
 277:Middlewares/ST/STM32_USB_Device_Library/Core/Src/usbd_ctlreq.c ****                 }
 1602              		.loc 1 277 19 is_stmt 0 view .LVU502
 1603 00a4 2846     		mov	r0, r5
 1604 00a6 FFF7FEFF 		bl	USBD_LL_StallEP
 1605              	.LVL219:
 277:Middlewares/ST/STM32_USB_Device_Library/Core/Src/usbd_ctlreq.c ****                 }
 1606              		.loc 1 277 19 view .LVU503
 1607 00aa F6E7     		b	.L129
 1608              	.LVL220:
 1609              	.L121:
 292:Middlewares/ST/STM32_USB_Device_Library/Core/Src/usbd_ctlreq.c ****           {
 1610              		.loc 1 292 11 is_stmt 1 view .LVU504
 292:Middlewares/ST/STM32_USB_Device_Library/Core/Src/usbd_ctlreq.c ****           {
 1611              		.loc 1 292 23 is_stmt 0 view .LVU505
 1612 00ac 95F89C02 		ldrb	r0, [r5, #668]	@ zero_extendqisi2
 292:Middlewares/ST/STM32_USB_Device_Library/Core/Src/usbd_ctlreq.c ****           {
 1613              		.loc 1 292 11 view .LVU506
 1614 00b0 0228     		cmp	r0, #2
 1615 00b2 05D0     		beq	.L130
 1616 00b4 0328     		cmp	r0, #3
 1617 00b6 13D0     		beq	.L131
 318:Middlewares/ST/STM32_USB_Device_Library/Core/Src/usbd_ctlreq.c ****               break;
 1618              		.loc 1 318 15 is_stmt 1 view .LVU507
 1619 00b8 2846     		mov	r0, r5
 1620 00ba FFF7FEFF 		bl	USBD_CtlError
 1621              	.LVL221:
 319:Middlewares/ST/STM32_USB_Device_Library/Core/Src/usbd_ctlreq.c ****           }
 1622              		.loc 1 319 15 view .LVU508
 1623 00be B5E7     		b	.L119
 1624              	.LVL222:
 1625              	.L130:
 295:Middlewares/ST/STM32_USB_Device_Library/Core/Src/usbd_ctlreq.c ****               {
 1626              		.loc 1 295 15 view .LVU509
 295:Middlewares/ST/STM32_USB_Device_Library/Core/Src/usbd_ctlreq.c ****               {
 1627              		.loc 1 295 18 is_stmt 0 view .LVU510
 1628 00c0 0AB1     		cbz	r2, .L133
 295:Middlewares/ST/STM32_USB_Device_Library/Core/Src/usbd_ctlreq.c ****               {
 1629              		.loc 1 295 38 discriminator 1 view .LVU511
 1630 00c2 802A     		cmp	r2, #128
 1631 00c4 03D1     		bne	.L158
 1632              	.L133:
 302:Middlewares/ST/STM32_USB_Device_Library/Core/Src/usbd_ctlreq.c ****               }
 1633              		.loc 1 302 17 is_stmt 1 view .LVU512
 1634 00c6 2846     		mov	r0, r5
 1635 00c8 FFF7FEFF 		bl	USBD_CtlError
 1636              	.LVL223:
 302:Middlewares/ST/STM32_USB_Device_Library/Core/Src/usbd_ctlreq.c ****               }
 1637              		.loc 1 302 17 is_stmt 0 view .LVU513
 1638 00cc AEE7     		b	.L119
 1639              	.LVL224:
 1640              	.L158:
 297:Middlewares/ST/STM32_USB_Device_Library/Core/Src/usbd_ctlreq.c ****                 USBD_LL_StallEP(pdev, 0x80U);
ARM GAS  C:\Users\subdia\AppData\Local\Temp\ccL1bc5n.s 			page 54


 1641              		.loc 1 297 17 is_stmt 1 view .LVU514
 1642 00ce 1146     		mov	r1, r2
 1643              	.LVL225:
 297:Middlewares/ST/STM32_USB_Device_Library/Core/Src/usbd_ctlreq.c ****                 USBD_LL_StallEP(pdev, 0x80U);
 1644              		.loc 1 297 17 is_stmt 0 view .LVU515
 1645 00d0 2846     		mov	r0, r5
 1646 00d2 FFF7FEFF 		bl	USBD_LL_StallEP
 1647              	.LVL226:
 298:Middlewares/ST/STM32_USB_Device_Library/Core/Src/usbd_ctlreq.c ****               }
 1648              		.loc 1 298 17 is_stmt 1 view .LVU516
 1649 00d6 8021     		movs	r1, #128
 1650 00d8 2846     		mov	r0, r5
 1651 00da FFF7FEFF 		bl	USBD_LL_StallEP
 1652              	.LVL227:
 1653 00de A5E7     		b	.L119
 1654              	.LVL228:
 1655              	.L131:
 307:Middlewares/ST/STM32_USB_Device_Library/Core/Src/usbd_ctlreq.c ****               {
 1656              		.loc 1 307 15 view .LVU517
 307:Middlewares/ST/STM32_USB_Device_Library/Core/Src/usbd_ctlreq.c ****               {
 1657              		.loc 1 307 22 is_stmt 0 view .LVU518
 1658 00e0 4988     		ldrh	r1, [r1, #2]
 1659              	.LVL229:
 307:Middlewares/ST/STM32_USB_Device_Library/Core/Src/usbd_ctlreq.c ****               {
 1660              		.loc 1 307 18 view .LVU519
 1661 00e2 0029     		cmp	r1, #0
 1662 00e4 A2D1     		bne	.L119
 309:Middlewares/ST/STM32_USB_Device_Library/Core/Src/usbd_ctlreq.c ****                 {
 1663              		.loc 1 309 17 is_stmt 1 view .LVU520
 309:Middlewares/ST/STM32_USB_Device_Library/Core/Src/usbd_ctlreq.c ****                 {
 1664              		.loc 1 309 20 is_stmt 0 view .LVU521
 1665 00e6 13F07F0F 		tst	r3, #127
 1666 00ea 03D1     		bne	.L159
 1667              	.LVL230:
 1668              	.L134:
 313:Middlewares/ST/STM32_USB_Device_Library/Core/Src/usbd_ctlreq.c ****               }
 1669              		.loc 1 313 17 is_stmt 1 view .LVU522
 1670 00ec 2846     		mov	r0, r5
 1671 00ee FFF7FEFF 		bl	USBD_CtlSendStatus
 1672              	.LVL231:
 1673 00f2 9BE7     		b	.L119
 1674              	.LVL232:
 1675              	.L159:
 311:Middlewares/ST/STM32_USB_Device_Library/Core/Src/usbd_ctlreq.c ****                 }
 1676              		.loc 1 311 19 view .LVU523
 1677 00f4 1146     		mov	r1, r2
 1678 00f6 2846     		mov	r0, r5
 1679 00f8 FFF7FEFF 		bl	USBD_LL_ClearStallEP
 1680              	.LVL233:
 311:Middlewares/ST/STM32_USB_Device_Library/Core/Src/usbd_ctlreq.c ****                 }
 1681              		.loc 1 311 19 is_stmt 0 view .LVU524
 1682 00fc F6E7     		b	.L134
 1683              	.LVL234:
 1684              	.L123:
 324:Middlewares/ST/STM32_USB_Device_Library/Core/Src/usbd_ctlreq.c ****           {
 1685              		.loc 1 324 11 is_stmt 1 view .LVU525
 324:Middlewares/ST/STM32_USB_Device_Library/Core/Src/usbd_ctlreq.c ****           {
ARM GAS  C:\Users\subdia\AppData\Local\Temp\ccL1bc5n.s 			page 55


 1686              		.loc 1 324 23 is_stmt 0 view .LVU526
 1687 00fe 95F89C02 		ldrb	r0, [r5, #668]	@ zero_extendqisi2
 324:Middlewares/ST/STM32_USB_Device_Library/Core/Src/usbd_ctlreq.c ****           {
 1688              		.loc 1 324 11 view .LVU527
 1689 0102 0228     		cmp	r0, #2
 1690 0104 06D0     		beq	.L135
 1691 0106 0328     		cmp	r0, #3
 1692 0108 29D0     		beq	.L136
 378:Middlewares/ST/STM32_USB_Device_Library/Core/Src/usbd_ctlreq.c ****               break;
 1693              		.loc 1 378 15 is_stmt 1 view .LVU528
 1694 010a 2846     		mov	r0, r5
 1695 010c FFF7FEFF 		bl	USBD_CtlError
 1696              	.LVL235:
 379:Middlewares/ST/STM32_USB_Device_Library/Core/Src/usbd_ctlreq.c ****           }
 1697              		.loc 1 379 15 view .LVU529
 394:Middlewares/ST/STM32_USB_Device_Library/Core/Src/usbd_ctlreq.c **** }
 1698              		.loc 1 394 10 is_stmt 0 view .LVU530
 1699 0110 3446     		mov	r4, r6
 379:Middlewares/ST/STM32_USB_Device_Library/Core/Src/usbd_ctlreq.c ****           }
 1700              		.loc 1 379 15 view .LVU531
 1701 0112 8BE7     		b	.L119
 1702              	.LVL236:
 1703              	.L135:
 327:Middlewares/ST/STM32_USB_Device_Library/Core/Src/usbd_ctlreq.c ****               {
 1704              		.loc 1 327 15 is_stmt 1 view .LVU532
 327:Middlewares/ST/STM32_USB_Device_Library/Core/Src/usbd_ctlreq.c ****               {
 1705              		.loc 1 327 18 is_stmt 0 view .LVU533
 1706 0114 0AB1     		cbz	r2, .L138
 327:Middlewares/ST/STM32_USB_Device_Library/Core/Src/usbd_ctlreq.c ****               {
 1707              		.loc 1 327 38 discriminator 1 view .LVU534
 1708 0116 802A     		cmp	r2, #128
 1709 0118 13D1     		bne	.L160
 1710              	.L138:
 332:Middlewares/ST/STM32_USB_Device_Library/Core/Src/usbd_ctlreq.c ****                     &pdev->ep_out[ep_addr & 0x7FU];
 1711              		.loc 1 332 15 is_stmt 1 view .LVU535
 332:Middlewares/ST/STM32_USB_Device_Library/Core/Src/usbd_ctlreq.c ****                     &pdev->ep_out[ep_addr & 0x7FU];
 1712              		.loc 1 332 82 is_stmt 0 view .LVU536
 1713 011a 13F0800F 		tst	r3, #128
 1714 011e 15D1     		bne	.L161
 333:Middlewares/ST/STM32_USB_Device_Library/Core/Src/usbd_ctlreq.c **** 
 1715              		.loc 1 333 43 view .LVU537
 1716 0120 03F07F03 		and	r3, r3, #127
 1717              	.LVL237:
 332:Middlewares/ST/STM32_USB_Device_Library/Core/Src/usbd_ctlreq.c ****                     &pdev->ep_out[ep_addr & 0x7FU];
 1718              		.loc 1 332 19 discriminator 2 view .LVU538
 1719 0124 03EB8303 		add	r3, r3, r3, lsl #2
 1720 0128 9900     		lsls	r1, r3, #2
 1721              	.LVL238:
 332:Middlewares/ST/STM32_USB_Device_Library/Core/Src/usbd_ctlreq.c ****                     &pdev->ep_out[ep_addr & 0x7FU];
 1722              		.loc 1 332 19 discriminator 2 view .LVU539
 1723 012a 01F5A871 		add	r1, r1, #336
 1724 012e 2944     		add	r1, r1, r5
 1725 0130 0431     		adds	r1, r1, #4
 1726              	.L140:
 1727              	.LVL239:
 335:Middlewares/ST/STM32_USB_Device_Library/Core/Src/usbd_ctlreq.c **** 
 1728              		.loc 1 335 15 is_stmt 1 view .LVU540
ARM GAS  C:\Users\subdia\AppData\Local\Temp\ccL1bc5n.s 			page 56


 335:Middlewares/ST/STM32_USB_Device_Library/Core/Src/usbd_ctlreq.c **** 
 1729              		.loc 1 335 27 is_stmt 0 view .LVU541
 1730 0132 0023     		movs	r3, #0
 1731 0134 0B60     		str	r3, [r1]
 337:Middlewares/ST/STM32_USB_Device_Library/Core/Src/usbd_ctlreq.c ****               break;
 1732              		.loc 1 337 15 is_stmt 1 view .LVU542
 1733 0136 0222     		movs	r2, #2
 1734              	.LVL240:
 337:Middlewares/ST/STM32_USB_Device_Library/Core/Src/usbd_ctlreq.c ****               break;
 1735              		.loc 1 337 15 is_stmt 0 view .LVU543
 1736 0138 2846     		mov	r0, r5
 1737 013a FFF7FEFF 		bl	USBD_CtlSendData
 1738              	.LVL241:
 338:Middlewares/ST/STM32_USB_Device_Library/Core/Src/usbd_ctlreq.c **** 
 1739              		.loc 1 338 15 is_stmt 1 view .LVU544
 394:Middlewares/ST/STM32_USB_Device_Library/Core/Src/usbd_ctlreq.c **** }
 1740              		.loc 1 394 10 is_stmt 0 view .LVU545
 1741 013e 3446     		mov	r4, r6
 338:Middlewares/ST/STM32_USB_Device_Library/Core/Src/usbd_ctlreq.c **** 
 1742              		.loc 1 338 15 view .LVU546
 1743 0140 74E7     		b	.L119
 1744              	.LVL242:
 1745              	.L160:
 329:Middlewares/ST/STM32_USB_Device_Library/Core/Src/usbd_ctlreq.c ****                 break;
 1746              		.loc 1 329 17 is_stmt 1 view .LVU547
 1747 0142 2846     		mov	r0, r5
 1748 0144 FFF7FEFF 		bl	USBD_CtlError
 1749              	.LVL243:
 330:Middlewares/ST/STM32_USB_Device_Library/Core/Src/usbd_ctlreq.c ****               }
 1750              		.loc 1 330 17 view .LVU548
 394:Middlewares/ST/STM32_USB_Device_Library/Core/Src/usbd_ctlreq.c **** }
 1751              		.loc 1 394 10 is_stmt 0 view .LVU549
 1752 0148 3446     		mov	r4, r6
 330:Middlewares/ST/STM32_USB_Device_Library/Core/Src/usbd_ctlreq.c ****               }
 1753              		.loc 1 330 17 view .LVU550
 1754 014a 6FE7     		b	.L119
 1755              	.LVL244:
 1756              	.L161:
 332:Middlewares/ST/STM32_USB_Device_Library/Core/Src/usbd_ctlreq.c ****                     &pdev->ep_out[ep_addr & 0x7FU];
 1757              		.loc 1 332 73 discriminator 1 view .LVU551
 1758 014c 03F07F03 		and	r3, r3, #127
 1759              	.LVL245:
 332:Middlewares/ST/STM32_USB_Device_Library/Core/Src/usbd_ctlreq.c ****                     &pdev->ep_out[ep_addr & 0x7FU];
 1760              		.loc 1 332 19 discriminator 1 view .LVU552
 1761 0150 03EB8303 		add	r3, r3, r3, lsl #2
 1762 0154 9900     		lsls	r1, r3, #2
 1763              	.LVL246:
 332:Middlewares/ST/STM32_USB_Device_Library/Core/Src/usbd_ctlreq.c ****                     &pdev->ep_out[ep_addr & 0x7FU];
 1764              		.loc 1 332 19 discriminator 1 view .LVU553
 1765 0156 1031     		adds	r1, r1, #16
 1766 0158 2944     		add	r1, r1, r5
 1767 015a 0431     		adds	r1, r1, #4
 1768              	.LVL247:
 332:Middlewares/ST/STM32_USB_Device_Library/Core/Src/usbd_ctlreq.c ****                     &pdev->ep_out[ep_addr & 0x7FU];
 1769              		.loc 1 332 19 discriminator 1 view .LVU554
 1770 015c E9E7     		b	.L140
 1771              	.LVL248:
ARM GAS  C:\Users\subdia\AppData\Local\Temp\ccL1bc5n.s 			page 57


 1772              	.L136:
 341:Middlewares/ST/STM32_USB_Device_Library/Core/Src/usbd_ctlreq.c ****               {
 1773              		.loc 1 341 15 is_stmt 1 view .LVU555
 341:Middlewares/ST/STM32_USB_Device_Library/Core/Src/usbd_ctlreq.c ****               {
 1774              		.loc 1 341 37 is_stmt 0 view .LVU556
 1775 015e 5CB2     		sxtb	r4, r3
 341:Middlewares/ST/STM32_USB_Device_Library/Core/Src/usbd_ctlreq.c ****               {
 1776              		.loc 1 341 18 view .LVU557
 1777 0160 002C     		cmp	r4, #0
 1778 0162 1FDB     		blt	.L162
 351:Middlewares/ST/STM32_USB_Device_Library/Core/Src/usbd_ctlreq.c ****                 {
 1779              		.loc 1 351 17 is_stmt 1 view .LVU558
 351:Middlewares/ST/STM32_USB_Device_Library/Core/Src/usbd_ctlreq.c ****                 {
 1780              		.loc 1 351 42 is_stmt 0 view .LVU559
 1781 0164 03F00F00 		and	r0, r3, #15
 351:Middlewares/ST/STM32_USB_Device_Library/Core/Src/usbd_ctlreq.c ****                 {
 1782              		.loc 1 351 49 view .LVU560
 1783 0168 00EB8000 		add	r0, r0, r0, lsl #2
 1784 016c 05EB8000 		add	r0, r5, r0, lsl #2
 1785 0170 D0F85801 		ldr	r0, [r0, #344]
 351:Middlewares/ST/STM32_USB_Device_Library/Core/Src/usbd_ctlreq.c ****                 {
 1786              		.loc 1 351 20 view .LVU561
 1787 0174 20B3     		cbz	r0, .L163
 1788              	.L142:
 358:Middlewares/ST/STM32_USB_Device_Library/Core/Src/usbd_ctlreq.c ****                     &pdev->ep_out[ep_addr & 0x7FU];
 1789              		.loc 1 358 15 is_stmt 1 view .LVU562
 358:Middlewares/ST/STM32_USB_Device_Library/Core/Src/usbd_ctlreq.c ****                     &pdev->ep_out[ep_addr & 0x7FU];
 1790              		.loc 1 358 82 is_stmt 0 view .LVU563
 1791 0176 002C     		cmp	r4, #0
 1792 0178 27DB     		blt	.L164
 359:Middlewares/ST/STM32_USB_Device_Library/Core/Src/usbd_ctlreq.c **** 
 1793              		.loc 1 359 43 view .LVU564
 1794 017a 03F07F03 		and	r3, r3, #127
 1795              	.LVL249:
 358:Middlewares/ST/STM32_USB_Device_Library/Core/Src/usbd_ctlreq.c ****                     &pdev->ep_out[ep_addr & 0x7FU];
 1796              		.loc 1 358 19 discriminator 2 view .LVU565
 1797 017e 03EB8303 		add	r3, r3, r3, lsl #2
 1798 0182 9C00     		lsls	r4, r3, #2
 1799              	.LVL250:
 358:Middlewares/ST/STM32_USB_Device_Library/Core/Src/usbd_ctlreq.c ****                     &pdev->ep_out[ep_addr & 0x7FU];
 1800              		.loc 1 358 19 discriminator 2 view .LVU566
 1801 0184 04F5A874 		add	r4, r4, #336
 1802 0188 2C44     		add	r4, r4, r5
 1803 018a 0434     		adds	r4, r4, #4
 1804              	.L144:
 1805              	.LVL251:
 361:Middlewares/ST/STM32_USB_Device_Library/Core/Src/usbd_ctlreq.c ****               {
 1806              		.loc 1 361 15 is_stmt 1 view .LVU567
 361:Middlewares/ST/STM32_USB_Device_Library/Core/Src/usbd_ctlreq.c ****               {
 1807              		.loc 1 361 18 is_stmt 0 view .LVU568
 1808 018c 0AB1     		cbz	r2, .L145
 361:Middlewares/ST/STM32_USB_Device_Library/Core/Src/usbd_ctlreq.c ****               {
 1809              		.loc 1 361 38 discriminator 1 view .LVU569
 1810 018e 802A     		cmp	r2, #128
 1811 0190 24D1     		bne	.L146
 1812              	.L145:
 363:Middlewares/ST/STM32_USB_Device_Library/Core/Src/usbd_ctlreq.c ****               }
ARM GAS  C:\Users\subdia\AppData\Local\Temp\ccL1bc5n.s 			page 58


 1813              		.loc 1 363 17 is_stmt 1 view .LVU570
 363:Middlewares/ST/STM32_USB_Device_Library/Core/Src/usbd_ctlreq.c ****               }
 1814              		.loc 1 363 29 is_stmt 0 view .LVU571
 1815 0192 0023     		movs	r3, #0
 1816 0194 2360     		str	r3, [r4]
 1817              	.LVL252:
 1818              	.L147:
 374:Middlewares/ST/STM32_USB_Device_Library/Core/Src/usbd_ctlreq.c ****               break;
 1819              		.loc 1 374 15 is_stmt 1 view .LVU572
 1820 0196 0222     		movs	r2, #2
 1821 0198 2146     		mov	r1, r4
 1822 019a 2846     		mov	r0, r5
 1823 019c FFF7FEFF 		bl	USBD_CtlSendData
 1824              	.LVL253:
 375:Middlewares/ST/STM32_USB_Device_Library/Core/Src/usbd_ctlreq.c **** 
 1825              		.loc 1 375 15 view .LVU573
 394:Middlewares/ST/STM32_USB_Device_Library/Core/Src/usbd_ctlreq.c **** }
 1826              		.loc 1 394 10 is_stmt 0 view .LVU574
 1827 01a0 3446     		mov	r4, r6
 1828              	.LVL254:
 375:Middlewares/ST/STM32_USB_Device_Library/Core/Src/usbd_ctlreq.c **** 
 1829              		.loc 1 375 15 view .LVU575
 1830 01a2 43E7     		b	.L119
 1831              	.LVL255:
 1832              	.L162:
 343:Middlewares/ST/STM32_USB_Device_Library/Core/Src/usbd_ctlreq.c ****                 {
 1833              		.loc 1 343 17 is_stmt 1 view .LVU576
 343:Middlewares/ST/STM32_USB_Device_Library/Core/Src/usbd_ctlreq.c ****                 {
 1834              		.loc 1 343 41 is_stmt 0 view .LVU577
 1835 01a4 03F00F00 		and	r0, r3, #15
 343:Middlewares/ST/STM32_USB_Device_Library/Core/Src/usbd_ctlreq.c ****                 {
 1836              		.loc 1 343 48 view .LVU578
 1837 01a8 00EB8000 		add	r0, r0, r0, lsl #2
 1838 01ac 05EB8000 		add	r0, r5, r0, lsl #2
 1839 01b0 8069     		ldr	r0, [r0, #24]
 343:Middlewares/ST/STM32_USB_Device_Library/Core/Src/usbd_ctlreq.c ****                 {
 1840              		.loc 1 343 20 view .LVU579
 1841 01b2 0028     		cmp	r0, #0
 1842 01b4 DFD1     		bne	.L142
 345:Middlewares/ST/STM32_USB_Device_Library/Core/Src/usbd_ctlreq.c ****                   break;
 1843              		.loc 1 345 19 is_stmt 1 view .LVU580
 1844 01b6 2846     		mov	r0, r5
 1845 01b8 FFF7FEFF 		bl	USBD_CtlError
 1846              	.LVL256:
 346:Middlewares/ST/STM32_USB_Device_Library/Core/Src/usbd_ctlreq.c ****                 }
 1847              		.loc 1 346 19 view .LVU581
 394:Middlewares/ST/STM32_USB_Device_Library/Core/Src/usbd_ctlreq.c **** }
 1848              		.loc 1 394 10 is_stmt 0 view .LVU582
 1849 01bc 3446     		mov	r4, r6
 1850              	.LVL257:
 346:Middlewares/ST/STM32_USB_Device_Library/Core/Src/usbd_ctlreq.c ****                 }
 1851              		.loc 1 346 19 view .LVU583
 1852 01be 35E7     		b	.L119
 1853              	.LVL258:
 1854              	.L163:
 353:Middlewares/ST/STM32_USB_Device_Library/Core/Src/usbd_ctlreq.c ****                   break;
 1855              		.loc 1 353 19 is_stmt 1 view .LVU584
ARM GAS  C:\Users\subdia\AppData\Local\Temp\ccL1bc5n.s 			page 59


 1856 01c0 2846     		mov	r0, r5
 1857 01c2 FFF7FEFF 		bl	USBD_CtlError
 1858              	.LVL259:
 354:Middlewares/ST/STM32_USB_Device_Library/Core/Src/usbd_ctlreq.c ****                 }
 1859              		.loc 1 354 19 view .LVU585
 394:Middlewares/ST/STM32_USB_Device_Library/Core/Src/usbd_ctlreq.c **** }
 1860              		.loc 1 394 10 is_stmt 0 view .LVU586
 1861 01c6 3446     		mov	r4, r6
 1862              	.LVL260:
 354:Middlewares/ST/STM32_USB_Device_Library/Core/Src/usbd_ctlreq.c ****                 }
 1863              		.loc 1 354 19 view .LVU587
 1864 01c8 30E7     		b	.L119
 1865              	.LVL261:
 1866              	.L164:
 358:Middlewares/ST/STM32_USB_Device_Library/Core/Src/usbd_ctlreq.c ****                     &pdev->ep_out[ep_addr & 0x7FU];
 1867              		.loc 1 358 73 discriminator 1 view .LVU588
 1868 01ca 03F07F03 		and	r3, r3, #127
 1869              	.LVL262:
 358:Middlewares/ST/STM32_USB_Device_Library/Core/Src/usbd_ctlreq.c ****                     &pdev->ep_out[ep_addr & 0x7FU];
 1870              		.loc 1 358 19 discriminator 1 view .LVU589
 1871 01ce 03EB8303 		add	r3, r3, r3, lsl #2
 1872 01d2 9C00     		lsls	r4, r3, #2
 1873              	.LVL263:
 358:Middlewares/ST/STM32_USB_Device_Library/Core/Src/usbd_ctlreq.c ****                     &pdev->ep_out[ep_addr & 0x7FU];
 1874              		.loc 1 358 19 discriminator 1 view .LVU590
 1875 01d4 1034     		adds	r4, r4, #16
 1876 01d6 2C44     		add	r4, r4, r5
 1877 01d8 0434     		adds	r4, r4, #4
 1878              	.LVL264:
 358:Middlewares/ST/STM32_USB_Device_Library/Core/Src/usbd_ctlreq.c ****                     &pdev->ep_out[ep_addr & 0x7FU];
 1879              		.loc 1 358 19 discriminator 1 view .LVU591
 1880 01da D7E7     		b	.L144
 1881              	.L146:
 365:Middlewares/ST/STM32_USB_Device_Library/Core/Src/usbd_ctlreq.c ****               {
 1882              		.loc 1 365 20 is_stmt 1 view .LVU592
 365:Middlewares/ST/STM32_USB_Device_Library/Core/Src/usbd_ctlreq.c ****               {
 1883              		.loc 1 365 24 is_stmt 0 view .LVU593
 1884 01dc 1146     		mov	r1, r2
 1885              	.LVL265:
 365:Middlewares/ST/STM32_USB_Device_Library/Core/Src/usbd_ctlreq.c ****               {
 1886              		.loc 1 365 24 view .LVU594
 1887 01de 2846     		mov	r0, r5
 1888 01e0 FFF7FEFF 		bl	USBD_LL_IsStallEP
 1889              	.LVL266:
 365:Middlewares/ST/STM32_USB_Device_Library/Core/Src/usbd_ctlreq.c ****               {
 1890              		.loc 1 365 23 discriminator 1 view .LVU595
 1891 01e4 10B1     		cbz	r0, .L148
 367:Middlewares/ST/STM32_USB_Device_Library/Core/Src/usbd_ctlreq.c ****               }
 1892              		.loc 1 367 17 is_stmt 1 view .LVU596
 367:Middlewares/ST/STM32_USB_Device_Library/Core/Src/usbd_ctlreq.c ****               }
 1893              		.loc 1 367 29 is_stmt 0 view .LVU597
 1894 01e6 0123     		movs	r3, #1
 1895 01e8 2360     		str	r3, [r4]
 1896 01ea D4E7     		b	.L147
 1897              	.L148:
 371:Middlewares/ST/STM32_USB_Device_Library/Core/Src/usbd_ctlreq.c ****               }
 1898              		.loc 1 371 17 is_stmt 1 view .LVU598
ARM GAS  C:\Users\subdia\AppData\Local\Temp\ccL1bc5n.s 			page 60


 371:Middlewares/ST/STM32_USB_Device_Library/Core/Src/usbd_ctlreq.c ****               }
 1899              		.loc 1 371 29 is_stmt 0 view .LVU599
 1900 01ec 2060     		str	r0, [r4]
 1901 01ee D2E7     		b	.L147
 1902              		.cfi_endproc
 1903              	.LFE70:
 1905              		.section	.text.USBD_GetString,"ax",%progbits
 1906              		.align	1
 1907              		.global	USBD_GetString
 1908              		.syntax unified
 1909              		.thumb
 1910              		.thumb_func
 1912              	USBD_GetString:
 1913              	.LVL267:
 1914              	.LFB80:
 869:Middlewares/ST/STM32_USB_Device_Library/Core/Src/usbd_ctlreq.c ****   uint8_t idx = 0U;
 1915              		.loc 1 869 1 is_stmt 1 view -0
 1916              		.cfi_startproc
 1917              		@ args = 0, pretend = 0, frame = 0
 1918              		@ frame_needed = 0, uses_anonymous_args = 0
 870:Middlewares/ST/STM32_USB_Device_Library/Core/Src/usbd_ctlreq.c **** 
 1919              		.loc 1 870 3 view .LVU601
 872:Middlewares/ST/STM32_USB_Device_Library/Core/Src/usbd_ctlreq.c ****   {
 1920              		.loc 1 872 3 view .LVU602
 872:Middlewares/ST/STM32_USB_Device_Library/Core/Src/usbd_ctlreq.c ****   {
 1921              		.loc 1 872 6 is_stmt 0 view .LVU603
 1922 0000 D0B1     		cbz	r0, .L170
 869:Middlewares/ST/STM32_USB_Device_Library/Core/Src/usbd_ctlreq.c ****   uint8_t idx = 0U;
 1923              		.loc 1 869 1 view .LVU604
 1924 0002 70B5     		push	{r4, r5, r6, lr}
 1925              	.LCFI14:
 1926              		.cfi_def_cfa_offset 16
 1927              		.cfi_offset 4, -16
 1928              		.cfi_offset 5, -12
 1929              		.cfi_offset 6, -8
 1930              		.cfi_offset 14, -4
 1931 0004 0D46     		mov	r5, r1
 1932 0006 1646     		mov	r6, r2
 1933 0008 0446     		mov	r4, r0
 874:Middlewares/ST/STM32_USB_Device_Library/Core/Src/usbd_ctlreq.c ****     unicode[idx++] = *(uint8_t *)(void *)len;
 1934              		.loc 1 874 5 is_stmt 1 view .LVU605
 874:Middlewares/ST/STM32_USB_Device_Library/Core/Src/usbd_ctlreq.c ****     unicode[idx++] = *(uint8_t *)(void *)len;
 1935              		.loc 1 874 22 is_stmt 0 view .LVU606
 1936 000a FFF7FEFF 		bl	USBD_GetLen
 1937              	.LVL268:
 874:Middlewares/ST/STM32_USB_Device_Library/Core/Src/usbd_ctlreq.c ****     unicode[idx++] = *(uint8_t *)(void *)len;
 1938              		.loc 1 874 45 discriminator 1 view .LVU607
 1939 000e 431C     		adds	r3, r0, #1
 874:Middlewares/ST/STM32_USB_Device_Library/Core/Src/usbd_ctlreq.c ****     unicode[idx++] = *(uint8_t *)(void *)len;
 1940              		.loc 1 874 10 discriminator 1 view .LVU608
 1941 0010 5B00     		lsls	r3, r3, #1
 1942 0012 9BB2     		uxth	r3, r3
 1943 0014 3380     		strh	r3, [r6]	@ movhi
 875:Middlewares/ST/STM32_USB_Device_Library/Core/Src/usbd_ctlreq.c ****     unicode[idx++] = USB_DESC_TYPE_STRING;
 1944              		.loc 1 875 5 is_stmt 1 view .LVU609
 1945              	.LVL269:
 875:Middlewares/ST/STM32_USB_Device_Library/Core/Src/usbd_ctlreq.c ****     unicode[idx++] = USB_DESC_TYPE_STRING;
ARM GAS  C:\Users\subdia\AppData\Local\Temp\ccL1bc5n.s 			page 61


 1946              		.loc 1 875 20 is_stmt 0 view .LVU610
 1947 0016 2B70     		strb	r3, [r5]
 876:Middlewares/ST/STM32_USB_Device_Library/Core/Src/usbd_ctlreq.c **** 
 1948              		.loc 1 876 5 is_stmt 1 view .LVU611
 1949              	.LVL270:
 876:Middlewares/ST/STM32_USB_Device_Library/Core/Src/usbd_ctlreq.c **** 
 1950              		.loc 1 876 20 is_stmt 0 view .LVU612
 1951 0018 0323     		movs	r3, #3
 1952 001a 6B70     		strb	r3, [r5, #1]
 878:Middlewares/ST/STM32_USB_Device_Library/Core/Src/usbd_ctlreq.c ****     {
 1953              		.loc 1 878 5 is_stmt 1 view .LVU613
 876:Middlewares/ST/STM32_USB_Device_Library/Core/Src/usbd_ctlreq.c **** 
 1954              		.loc 1 876 16 is_stmt 0 view .LVU614
 1955 001c 0223     		movs	r3, #2
 878:Middlewares/ST/STM32_USB_Device_Library/Core/Src/usbd_ctlreq.c ****     {
 1956              		.loc 1 878 11 view .LVU615
 1957 001e 07E0     		b	.L167
 1958              	.LVL271:
 1959              	.L168:
 880:Middlewares/ST/STM32_USB_Device_Library/Core/Src/usbd_ctlreq.c ****       unicode[idx++] =  0U;
 1960              		.loc 1 880 7 is_stmt 1 view .LVU616
 880:Middlewares/ST/STM32_USB_Device_Library/Core/Src/usbd_ctlreq.c ****       unicode[idx++] =  0U;
 1961              		.loc 1 880 29 is_stmt 0 view .LVU617
 1962 0020 0134     		adds	r4, r4, #1
 1963              	.LVL272:
 880:Middlewares/ST/STM32_USB_Device_Library/Core/Src/usbd_ctlreq.c ****       unicode[idx++] =  0U;
 1964              		.loc 1 880 18 view .LVU618
 1965 0022 5A1C     		adds	r2, r3, #1
 1966 0024 D2B2     		uxtb	r2, r2
 1967              	.LVL273:
 880:Middlewares/ST/STM32_USB_Device_Library/Core/Src/usbd_ctlreq.c ****       unicode[idx++] =  0U;
 1968              		.loc 1 880 22 view .LVU619
 1969 0026 E854     		strb	r0, [r5, r3]
 881:Middlewares/ST/STM32_USB_Device_Library/Core/Src/usbd_ctlreq.c ****     }
 1970              		.loc 1 881 7 is_stmt 1 view .LVU620
 881:Middlewares/ST/STM32_USB_Device_Library/Core/Src/usbd_ctlreq.c ****     }
 1971              		.loc 1 881 18 is_stmt 0 view .LVU621
 1972 0028 0233     		adds	r3, r3, #2
 1973 002a DBB2     		uxtb	r3, r3
 1974              	.LVL274:
 881:Middlewares/ST/STM32_USB_Device_Library/Core/Src/usbd_ctlreq.c ****     }
 1975              		.loc 1 881 22 view .LVU622
 1976 002c 0021     		movs	r1, #0
 1977 002e A954     		strb	r1, [r5, r2]
 1978              	.LVL275:
 1979              	.L167:
 878:Middlewares/ST/STM32_USB_Device_Library/Core/Src/usbd_ctlreq.c ****     {
 1980              		.loc 1 878 18 is_stmt 1 view .LVU623
 878:Middlewares/ST/STM32_USB_Device_Library/Core/Src/usbd_ctlreq.c ****     {
 1981              		.loc 1 878 12 is_stmt 0 view .LVU624
 1982 0030 2078     		ldrb	r0, [r4]	@ zero_extendqisi2
 878:Middlewares/ST/STM32_USB_Device_Library/Core/Src/usbd_ctlreq.c ****     {
 1983              		.loc 1 878 18 view .LVU625
 1984 0032 0028     		cmp	r0, #0
 1985 0034 F4D1     		bne	.L168
 884:Middlewares/ST/STM32_USB_Device_Library/Core/Src/usbd_ctlreq.c **** 
 1986              		.loc 1 884 1 view .LVU626
ARM GAS  C:\Users\subdia\AppData\Local\Temp\ccL1bc5n.s 			page 62


 1987 0036 70BD     		pop	{r4, r5, r6, pc}
 1988              	.LVL276:
 1989              	.L170:
 1990              	.LCFI15:
 1991              		.cfi_def_cfa_offset 0
 1992              		.cfi_restore 4
 1993              		.cfi_restore 5
 1994              		.cfi_restore 6
 1995              		.cfi_restore 14
 884:Middlewares/ST/STM32_USB_Device_Library/Core/Src/usbd_ctlreq.c **** 
 1996              		.loc 1 884 1 view .LVU627
 1997 0038 7047     		bx	lr
 1998              		.cfi_endproc
 1999              	.LFE80:
 2001              		.section	.bss.cfgidx.0,"aw",%nobits
 2004              	cfgidx.0:
 2005 0000 00       		.space	1
 2006              		.text
 2007              	.Letext0:
 2008              		.file 2 "C:/GNUArmToolchain/arm-none-eabi-gcc-15.2.1/arm-none-eabi/include/machine/_default_types.
 2009              		.file 3 "C:/GNUArmToolchain/arm-none-eabi-gcc-15.2.1/arm-none-eabi/include/sys/_stdint.h"
 2010              		.file 4 "Middlewares/ST/STM32_USB_Device_Library/Core/Inc/usbd_def.h"
 2011              		.file 5 "Middlewares/ST/STM32_USB_Device_Library/Core/Inc/usbd_core.h"
 2012              		.file 6 "Middlewares/ST/STM32_USB_Device_Library/Core/Inc/usbd_ioreq.h"
ARM GAS  C:\Users\subdia\AppData\Local\Temp\ccL1bc5n.s 			page 63


DEFINED SYMBOLS
                            *ABS*:00000000 usbd_ctlreq.c
C:\Users\subdia\AppData\Local\Temp\ccL1bc5n.s:19     .text.USBD_GetLen:00000000 $t
C:\Users\subdia\AppData\Local\Temp\ccL1bc5n.s:24     .text.USBD_GetLen:00000000 USBD_GetLen
C:\Users\subdia\AppData\Local\Temp\ccL1bc5n.s:69     .text.USBD_SetFeature:00000000 $t
C:\Users\subdia\AppData\Local\Temp\ccL1bc5n.s:74     .text.USBD_SetFeature:00000000 USBD_SetFeature
C:\Users\subdia\AppData\Local\Temp\ccL1bc5n.s:111    .text.USBD_ParseSetupRequest:00000000 $t
C:\Users\subdia\AppData\Local\Temp\ccL1bc5n.s:117    .text.USBD_ParseSetupRequest:00000000 USBD_ParseSetupRequest
C:\Users\subdia\AppData\Local\Temp\ccL1bc5n.s:161    .text.USBD_CtlError:00000000 $t
C:\Users\subdia\AppData\Local\Temp\ccL1bc5n.s:167    .text.USBD_CtlError:00000000 USBD_CtlError
C:\Users\subdia\AppData\Local\Temp\ccL1bc5n.s:199    .text.USBD_GetDescriptor:00000000 $t
C:\Users\subdia\AppData\Local\Temp\ccL1bc5n.s:204    .text.USBD_GetDescriptor:00000000 USBD_GetDescriptor
C:\Users\subdia\AppData\Local\Temp\ccL1bc5n.s:649    .text.USBD_SetAddress:00000000 $t
C:\Users\subdia\AppData\Local\Temp\ccL1bc5n.s:654    .text.USBD_SetAddress:00000000 USBD_SetAddress
C:\Users\subdia\AppData\Local\Temp\ccL1bc5n.s:748    .text.USBD_SetConfig:00000000 $t
C:\Users\subdia\AppData\Local\Temp\ccL1bc5n.s:753    .text.USBD_SetConfig:00000000 USBD_SetConfig
C:\Users\subdia\AppData\Local\Temp\ccL1bc5n.s:946    .text.USBD_SetConfig:000000c4 $d
C:\Users\subdia\AppData\Local\Temp\ccL1bc5n.s:2004   .bss.cfgidx.0:00000000 cfgidx.0
C:\Users\subdia\AppData\Local\Temp\ccL1bc5n.s:951    .text.USBD_GetConfig:00000000 $t
C:\Users\subdia\AppData\Local\Temp\ccL1bc5n.s:956    .text.USBD_GetConfig:00000000 USBD_GetConfig
C:\Users\subdia\AppData\Local\Temp\ccL1bc5n.s:1030   .text.USBD_GetStatus:00000000 $t
C:\Users\subdia\AppData\Local\Temp\ccL1bc5n.s:1035   .text.USBD_GetStatus:00000000 USBD_GetStatus
C:\Users\subdia\AppData\Local\Temp\ccL1bc5n.s:1105   .text.USBD_ClrFeature:00000000 $t
C:\Users\subdia\AppData\Local\Temp\ccL1bc5n.s:1110   .text.USBD_ClrFeature:00000000 USBD_ClrFeature
C:\Users\subdia\AppData\Local\Temp\ccL1bc5n.s:1163   .text.USBD_StdDevReq:00000000 $t
C:\Users\subdia\AppData\Local\Temp\ccL1bc5n.s:1169   .text.USBD_StdDevReq:00000000 USBD_StdDevReq
C:\Users\subdia\AppData\Local\Temp\ccL1bc5n.s:1294   .text.USBD_StdItfReq:00000000 $t
C:\Users\subdia\AppData\Local\Temp\ccL1bc5n.s:1300   .text.USBD_StdItfReq:00000000 USBD_StdItfReq
C:\Users\subdia\AppData\Local\Temp\ccL1bc5n.s:1412   .text.USBD_StdEPReq:00000000 $t
C:\Users\subdia\AppData\Local\Temp\ccL1bc5n.s:1418   .text.USBD_StdEPReq:00000000 USBD_StdEPReq
C:\Users\subdia\AppData\Local\Temp\ccL1bc5n.s:1906   .text.USBD_GetString:00000000 $t
C:\Users\subdia\AppData\Local\Temp\ccL1bc5n.s:1912   .text.USBD_GetString:00000000 USBD_GetString
C:\Users\subdia\AppData\Local\Temp\ccL1bc5n.s:2005   .bss.cfgidx.0:00000000 $d

UNDEFINED SYMBOLS
USBD_CtlSendStatus
USBD_LL_StallEP
USBD_CtlSendData
USBD_LL_SetUSBAddress
USBD_ClrClassConfig
USBD_SetClassConfig
USBD_LL_ClearStallEP
USBD_LL_IsStallEP
